step,fair_price,submission_spot,normalizer_spot,internal_price_estimate,p_low,p_high,bid_fee_bps,ask_fee_bps,lambda_hat,arb_hat,stale_hat,inventory_signed
0,100.0,100.0,100.02961315488068,100.0,99.7,100.29999999999998,37.0,37.0,0.8,0.5,0.0,0.0
1,99.83181263869632,100.0,100.02961315488068,100.0,99.7,100.29999999999998,37.0,37.0,0.8,0.5,0.0,0.0
2,99.67839436360673,99.72938884301101,99.65936820891862,99.99996399984447,99.7,100.29999999999998,35.51143059611657,35.47891757951899,0.8160000000000001,0.45,0.00016256518243644455,0.0013547090248989804
3,99.8426241003642,99.72938884301101,99.65936820891862,99.99996399984447,99.7,100.29999999999998,35.51143059611657,35.47891757951899,0.8160000000000001,0.45,0.00016256518243644455,0.0013547090248989804
4,99.81775621291175,99.42099551995197,99.36603544807583,99.99993087971286,99.3895673283506,100.61327631061688,35.65316636241414,35.58349238744516,0.7907200000000001,0.405,0.0005011821250140693,0.0029030822903742446
5,99.83778655022516,99.48252883845625,99.53827319057449,99.72385470231649,99.12784212337314,99.83778655022518,35.48757025446508,35.45849578089802,0.8074624,0.4645,0.00061648363646369,0.001211436398627557
6,99.88589919778433,99.32390318304087,99.27111673028624,99.75309221847289,99.17850493782437,99.88589919778431,34.79360757983605,32.26965329432213,1.05983501824,0.393718,0.0008102845874904247,0.002155894680680747
7,99.90120370558397,99.57882598485752,99.6015000944672,99.7938858011859,99.23235532539972,99.90120370558398,31.793607579836046,32.01439201566743,1.0550482167808002,0.45434620000000003,0.0008911094390602932,0.0010786823051250013
8,100.04203460294946,99.72175611156706,99.74190849914062,99.93978789868318,99.40470467346873,100.04203460294944,31.251068795527136,31.224860629519373,1.0506443594383361,0.50891158,0.0009686837548433422,0.0010920069169901294
9,100.0454739906732,99.63684013523863,99.63173659737754,99.90643720055135,99.08371714928246,100.3661266528407,29.065252700678705,29.032827005090788,1.2343423923329502,0.34809552072000005,0.00104396132926397,0.0013510706494965277
10,100.06520297664015,99.668142820057,99.67156186802971,99.95627341164193,99.48468775947559,100.06520297664015,32.65798591883643,26.63426692635928,1.366164100738125,0.31409733617248004,0.0011205254002577963,0.001443363477393948
11,99.91246127540013,99.63810474145077,99.6115413834385,99.94172121658957,99.1615256949747,100.39131007666705,29.65798591883643,29.63426692635928,1.3368709726790753,0.28268760255523206,0.0012358474231654103,0.0015212783841320264
12,99.99262688241636,99.7838335125258,99.73087087180174,99.84048716434049,99.40062689870902,99.99262688241635,20.657985918836424,20.859307783634463,2.7049252368501127,0.11824183794519134,0.001106645161643604,0.0002838013505698566
13,99.95253665671771,99.7838335125258,99.73087087180174,99.84048716434049,99.40062689870902,99.99262688241635,20.657985918836424,20.859307783634463,2.7049252368501127,0.11824183794519134,0.001106645161643604,0.0002838013505698566
14,100.03152588873687,99.82286705007888,99.73143131107066,99.96503032164581,99.61665311188905,100.03152588873687,18.008538851858624,17.859307783634463,2.528531217902104,0.2064176541506722,0.0011256349849429123,0.000711570988218712
15,100.05654516501023,100.09086335800052,99.93909334268619,99.98932486374629,99.69798568522332,100.05654516501023,20.759915062552153,11.859307783634463,2.29487400196655,0.21718967543905981,0.0010934807600526024,-0.0005074889980696797
16,99.97388834514528,100.09086335800052,99.93909334268619,99.98932486374629,99.69798568522332,100.05654516501023,20.759915062552153,11.859307783634463,2.29487400196655,0.21718967543905981,0.0010934807600526024,-0.0005074889980696797
17,100.07719565982246,99.90243458690941,100.02207567804479,99.9720796264679,99.30859249786378,100.44887110638156,19.903172981736006,13.894810330019343,1.9860015838111964,0.1485577380003169,0.001270913343678228,0.00034844382152761865
18,100.13557486812107,99.52557308593488,99.64514646754827,100.04875234483094,99.79741374503743,100.13557486812105,15.021705600667715,17.968542290732028,2.925979211335913,0.07796806061195617,0.0014338727641119383,0.002621475772331003
19,100.11344546636744,99.97574230649299,99.82523891060512,100.05158532331421,99.78343895240995,100.11344546636742,15.007621122384572,17.968542290732028,2.580082682054652,0.129330153458578,0.001361358332062421,0.0003791632759378704
20,100.0115430175656,99.97574230649299,99.82523891060512,100.05158532331421,99.78343895240995,100.11344546636742,15.007621122384572,17.968542290732028,2.580082682054652,0.129330153458578,0.001361358332062421,0.0003791632759378704
21,99.98132429804349,99.8850739593338,99.82523891060512,99.78785004541987,99.73517022475748,100.06487595487499,18.00762112238457,14.968542290732028,2.4136760674902797,0.2163971381127202,0.0013381067401987863,-0.0004869158620204741
22,99.88417390966177,100.86692377672784,100.7150787970265,99.79680838175673,99.43753425630933,100.36438967959894,15.007621122384572,17.968542290732028,2.3005819820910576,0.19475742430144818,0.0018977718775131328,-0.005332878958545126
23,99.92738125027716,100.0775738814432,100.22806544661702,99.98016259623226,99.92738125027716,100.25772239392396,18.00762112238457,14.968542290732028,2.1965354235237733,0.27528168187130336,0.001842335472922482,-0.00048691586202066983
24,99.75791687241569,99.93788122249855,100.05809114585325,99.810608726574,99.75791687241569,100.08769791640292,20.818863074696566,11.968542290732026,2.1008125896418717,0.34775351368417307,0.0018082550043004152,-0.0006371637450525929
25,100.03476597428987,99.9672854161138,100.05809114585325,99.82781337174079,99.37199593584737,100.47639835212529,18.546197641772423,12.562951451476769,1.9879431143270072,0.23786340335997438,0.0017137484230102128,-0.0006980754043476262
26,100.12666195291955,100.8251179270409,100.69650123073907,100.05335389107823,99.81540971752584,100.12666195291953,17.953896660265627,14.26561055789793,2.4546671503269013,0.13787229281801333,0.0018166704741730082,-0.003841944977864302
27,99.99357893239292,100.17342927211853,100.29446231935097,100.04518225630184,99.99357893239294,100.31653693696451,14.953896660265626,17.26561055789793,2.3382937783007494,0.224085063536212,0.001784534448731707,-0.0006405349374750455
28,100.0667984022594,100.18744873749507,100.29446231935097,100.05395746941551,99.62056120542539,100.692160664965,17.953896660265627,14.26561055789793,2.2312302760366896,0.2016765571825908,0.0017574605941958392,-0.0006666516711415038
29,100.06716708468291,100.28343069469688,100.29446231935097,100.37489539895351,100.10338285955392,100.42669550746947,20.294217960968304,11.265610557897931,2.1327318539537545,0.2815089014643317,0.0017067117367340248,0.00045582312001327303
30,99.9609806902627,100.16425621501526,100.26176598822738,100.01151261784877,99.96098069026269,100.2772246310673,22.139690193736893,10.158003331003055,2.042113305637454,0.35335801131789857,0.0016958747366319124,-0.0007630473860901223
31,99.9593766071862,100.16425621501526,100.26015707842146,100.01151261784877,99.96098069026269,100.2772246310673,22.139690193736893,10.158003331003055,2.042113305637454,0.35335801131789857,0.0016958747366319124,-0.0007630473860901223
32,99.93533851370407,100.25383012274312,100.23604665366506,100.02801176801309,99.46298274588077,100.77929937642439,24.13143207343878,12.158492142700958,1.8046205081254372,0.24169687974144263,0.0016433121183678627,-0.001127502885924149
33,99.76435864217486,99.98234813715986,100.03634046069008,99.84130015189234,99.76435864217487,100.12742653858004,21.6160149703826,15.640235496389291,2.0008086277720345,0.18340370596479155,0.0015614544078641933,-0.0007058623264824598
34,99.71639940972189,100.29578780398495,100.13130269760929,99.79534854005203,99.71639940972189,100.08895494686453,16.567547393465116,16.622339204769204,2.1106206116055857,0.15310058250873723,0.0016588341722418576,-0.002501056633875357
35,99.78298073759346,100.0217768072107,100.0832304288801,99.8450481624214,99.78298073759348,100.11498553119709,15.54510682067402,15.566328388963742,1.9949813508881684,0.18072079843597627,0.0015823428337765726,-0.0008842320120717352
36,99.81760794956308,100.46699019963056,100.3411256144375,99.87580455168055,99.8176079495631,100.12888097677123,16.442453037307168,16.51327392990983,1.9119986173973498,0.1996130261302078,0.0016348566737850768,-0.002950870525111006
37,99.79267885731696,99.95703273897286,100.09295773050849,99.8453560011168,99.79267885731696,100.1223675471546,18.30215729631854,18.31557175910573,1.839038728005562,0.27965172351718703,0.0016038375942785984,-0.0005589359494662649
38,99.7554356748064,99.91508728192241,100.02473891914929,99.86255583936273,99.46686789157667,100.45032564972902,18.506680727447065,18.512991516791335,1.8000941912167914,0.19128177888575595,0.001480370274427373,-0.00026294955601113867
39,99.81790572786922,99.91508728192241,100.02473891914929,99.86255583936273,99.46686789157667,100.45032564972902,18.506680727447065,18.512991516791335,1.8000941912167914,0.19128177888575595,0.001480370274427373,-0.00026294955601113867
40,99.67022798737001,99.61536784775919,99.63653458400061,99.7571464346503,99.67022798737003,100.04023089139378,21.190889985412056,21.096483458624967,2.0909485147398863,0.11946889915133822,0.0013196579735171552,0.0007111240353335376
41,99.77042467088437,99.44133240447628,99.5291949558452,99.325457728064,99.40322450500945,99.65156215774499,23.071979563705682,18.096483458624967,2.0036726335606954,0.2075220092362044,0.001310434662006102,-0.000582967991458953
42,99.79749882275844,98.92587561783625,98.97658431061907,99.7205367856485,99.38706453496803,99.79749882275844,21.889449662315776,18.096483458624967,1.918235481843155,0.21794505431756384,0.0014628915159406442,0.0040003801639173575
43,99.6365310168946,99.45622393335236,99.33762142384391,99.57274210703666,99.23851973261307,99.63653101689458,22.204360855471705,16.190310457562013,1.844776643295703,0.2961505488858075,0.0014453700225585558,0.0005854332462372794
44,99.80715628048948,99.64556539588274,99.50773481164799,99.74580176184159,99.42430878671298,99.8071562804895,23.85018720815764,17.838122128223116,1.777194511832047,0.36653549399722674,0.001418973225959466,0.000502711663938545
45,99.86164820811699,99.68351378045078,99.56206326349263,99.79499048567844,99.44576673392773,99.861648208117,25.320819511937827,19.30740733534614,1.7150189508854834,0.42988194459750406,0.0014008957223414509,0.0005588406913203813
46,99.90521017802705,99.88060956656345,99.78671086247438,99.82168530393302,99.45983935569049,99.90521017802705,28.142601599974736,17.61828903190809,1.711097599155423,0.37003925010469285,0.0013242157969975004,-0.0002950605183011838
47,99.81547889023129,99.74705817829113,99.76564092917054,99.53928530374422,99.46634400638301,99.92310559382291,29.217959502866282,17.242981533488134,1.6542097912229892,0.4330353250942236,0.001369873047617833,-0.0010425846092441148
48,99.95381959097979,100.27182484645948,100.15666078871833,99.86681489060531,99.48992831121936,99.95381959097979,27.54788074185557,21.536102874857626,1.6674609461816172,0.37219616236444897,0.0013871947893425761,-0.002023646989837969
49,100.06466462591301,100.27182484645948,100.15666078871833,99.86681489060531,99.48992831121936,99.95381959097979,27.54788074185557,21.536102874857626,1.6674609461816172,0.37219616236444897,0.0013871947893425761,-0.002023646989837969
50,100.05896070943422,100.27182484645948,100.15666078871833,99.86681489060531,99.48992831121936,99.95381959097979,27.54788074185557,21.536102874857626,1.6674609461816172,0.37219616236444897,0.0013871947893425761,-0.002023646989837969
51,100.19671398514092,100.27881685232704,100.30258889473137,99.84449679223299,99.00924154301697,100.43909225603498,27.54788074185557,21.53610287485763,1.488703308313262,0.2545821750572831,0.00165593530254578,-0.002170262185771439
52,100.2171072035316,100.20577475936417,100.26057253612872,99.82561065112236,98.6799733256683,100.77423017454778,25.54293839374428,19.35232288215977,1.5486934940455968,0.17413420773918165,0.001838255097505242,-0.0019005222978468273
53,100.09681750002837,100.3278313035558,100.26057253612872,99.81728614516457,98.31616461098932,101.14713470451628,22.542938393744283,22.35232288215977,1.504798014521949,0.15672078696526348,0.0020340654447548374,-0.0025508749096616753
54,100.14701855631931,100.1553261611067,100.2302373383763,100.00143497034226,99.92954662636117,100.37969810338876,25.542938393744286,19.35232288215977,1.4644141733601932,0.24104870826873714,0.002004283934918054,-0.0007688533222385769
55,100.22188389555184,99.94726004983131,99.99194120283218,99.76368434432509,99.69196537922367,100.14105625527257,24.659616544264857,18.68167751315925,1.4272610394913778,0.31694383744186344,0.0019943317743620096,-0.0009192070372663874
56,100.2127152930151,99.98279749948405,99.99194120283218,100.12047955237969,99.77884207978143,100.2127152930151,24.14040520290695,20.00241297261416,1.78958996711243,0.22252008445577834,0.0017972346994257456,0.0006880549630377165
57,100.1848701987326,99.98447628400034,99.99194120283218,100.11047891588363,99.41966408179917,100.57475838362237,21.14040520290695,20.053219303962962,1.7264227697434358,0.2002680760102005,0.0017649663297966,0.0006297141862343334
58,100.22345094528544,99.78292829472866,99.88610222360732,100.14611426251291,99.81101910524757,100.22345094528544,18.39765552552205,18.3540577414516,1.7192809795678896,0.21298336399097714,0.001744521050321654,0.0018165743362686772
59,100.29814045087936,100.22434105975744,100.12386260632948,100.22909642228056,99.92986627934074,100.29814045087934,19.18072388204085,19.180154529367286,1.7141560309379176,0.22168062096982835,0.0016132989265478406,2.3723028065134004e-05
60,100.16703963150626,100.22434105975744,100.12386260632948,100.22909642228056,99.92986627934074,100.29814045087934,19.18072388204085,19.180154529367286,1.7141560309379176,0.22168062096982835,0.0016132989265478406,2.3723028065134004e-05
61,100.25082283968338,100.22434105975744,100.12386260632948,100.22909642228056,99.92986627934074,100.29814045087934,19.18072388204085,19.180154529367286,1.7141560309379176,0.22168062096982835,0.0016132989265478406,2.3723028065134004e-05
62,100.16206413652532,100.40618296571726,100.29733625765071,100.53734821100609,100.21359663856576,100.59913365862656,21.38452288325409,21.368856960253243,1.603690215129551,0.29951255887284556,0.001594830617084036,0.0006527467917017667
63,100.17462476823738,100.38930250189597,100.29733625765071,100.52684845938741,99.89364759106546,100.92134230521833,21.732627917747234,21.716197665803822,1.555394997919187,0.269561302985561,0.0015812920526099678,0.0006845938309755165
64,100.30290861472479,100.18165526370917,100.26472838506135,100.0335270561983,99.96393419990616,100.39968520465807,23.00963306340191,23.027389344114834,1.5109633980856523,0.34260517268700497,0.0015751959492167702,-0.0007398450297051381
65,100.14014292516185,100.29475948205314,100.26472838506135,100.4521402906494,100.06398492066671,100.52624518076107,24.178011526379716,24.159196095553202,1.4700863262388002,0.40834465541830445,0.001574761365670196,0.0007839762844380398
66,100.21016621821643,100.29475948205314,100.26472838506135,100.4521402906494,100.06398492066671,100.52624518076107,24.178011526379716,24.159196095553202,1.4700863262388002,0.40834465541830445,0.001574761365670196,0.0007839762844380398
67,100.10242964423365,100.29475948205314,100.26472838506135,100.4521402906494,100.06398492066671,100.52624518076107,24.178011526379716,24.159196095553202,1.4700863262388002,0.40834465541830445,0.001574761365670196,0.0007839762844380398
68,100.12568855280581,100.00375444329944,100.02375889372311,100.4856625126934,100.1144442940513,100.60012960238305,25.005631170204712,23.29736569653582,1.8529690671194667,0.20522575311121502,0.0016180838256898945,0.002403658391104621
69,100.02448641706145,99.88826076535447,99.93829876094412,100.47536289439464,99.79045555736936,100.92674710019753,22.00563117020471,22.631982130556917,1.7847315417499094,0.18470317780009352,0.0018726217895479165,0.0029301832254598685
70,100.04979316535132,99.95417645724915,99.92106034128591,100.45717222792548,99.41692307583786,101.30595234142673,18.963217936997292,20.914101590290755,1.761123354359735,0.12633697361526397,0.002157134018379006,0.0025098168041695367
71,100.1065932140623,99.95417645724915,99.92106034128591,100.45717222792548,99.41692307583786,101.30595234142673,18.963217936997292,20.914101590290755,1.761123354359735,0.12633697361526397,0.002157134018379006,0.0025098168041695367
72,99.97857251437262,99.81413313463601,99.92106034128591,100.4491542217392,98.81158668601063,101.92656963455083,20.811187177524165,17.914101590290755,1.6602334860109564,0.11370327625373758,0.0024082189852287703,0.0031709311051763855
73,99.99031442271404,99.47936118257958,99.57104595987202,100.44177822126045,98.33640695056962,102.4190977011671,17.811187177524165,19.06954244039484,1.60741480713008,0.10233294862836383,0.002841408311998223,0.004813983361393285
74,99.998971447244,99.3762889037924,99.4977812793632,99.92066083319467,99.6305075921387,99.99897144724399,18.032777537044336,16.06954244039484,1.8904270751653054,0.11095676001496867,0.0026179575990099672,0.0027314614203613617
75,99.98228289548332,99.8216159416557,99.68233604679686,99.92769703867673,99.64160984228926,99.98228289548332,15.032777537044336,19.06954244039484,1.819192909152081,0.1998610840134718,0.002524608686859301,0.0005310711483222523
76,99.90901844802292,100.08525784508558,99.94561009386376,100.01585054968972,99.73876753756917,100.0797758947712,20.650602333691143,13.06954244039484,1.7858528316075335,0.2127049814652147,0.0023284102336362275,-0.00034686112412197015
77,99.78002056570897,99.83219919267597,99.944754598025,99.8515142995305,99.78002056570895,100.11734750028226,15.759364209100006,15.774350102926704,1.9903038337300218,0.16833255756487722,0.0020559266048206203,9.672850387617951e-05
78,99.68988414871204,99.83219919267597,99.944754598025,99.8515142995305,99.78002056570895,100.11734750028226,15.759364209100006,15.774350102926704,1.9903038337300218,0.16833255756487722,0.0020559266048206203,9.672850387617951e-05
79,99.67504948404012,100.24366005094244,100.11101375806076,100.04281655253388,99.79440794383274,100.10984259466271,19.79955135061756,13.789829706188431,1.8846047842460378,0.14526599672452578,0.0018475580486477234,-0.0010027811253887
80,99.58957139687402,99.70791653108724,99.80776482111865,99.65226670288595,99.589571396874,99.92494025891361,19.703292844440256,13.709992255802975,1.832792393174957,0.17536194175957565,0.001730693629874932,-0.0002791421401132246
81,99.61749865442795,100.44852104250997,100.28466567836509,99.66065050142102,99.24528800775796,100.27158137185862,18.44038861396526,12.534881499225063,1.7661690017209606,0.1578257475836181,0.0020993188797178985,-0.003937203552491807
82,99.54824823535807,99.26171840275005,99.36405606744097,99.6137623487747,99.54824823535805,99.85732818839685,16.721047213496732,16.713594774607074,1.9792862429952698,0.13980413662386804,0.0019389421237443196,0.001770172696474782
83,99.49061039623103,99.29882071738344,99.36405606744097,99.42916822593509,99.1628334128153,99.49061039623105,15.429460332521527,15.413718512650686,1.9007358079734058,0.17162602945072575,0.0018171682352480566,0.0006559091612849281
84,99.43383804117872,99.57459006530594,99.42912354734182,99.67906763647085,99.42095184655197,99.72830847276013,17.351505610170012,17.338921340767488,1.8286769433355334,0.2544634265056532,0.0017710594939122758,0.000524344558438616
85,99.4773369390157,99.62254319289993,99.49619122665973,99.74015404318618,99.44968308118884,99.79557796054137,19.070716479964833,19.05655806193577,1.7623827878686908,0.3290170838550879,0.001735588022635258,0.0005899340845442908
86,99.49035064426421,99.62254319289993,99.49619122665973,99.74015404318618,99.44968308118884,99.79557796054137,19.070716479964833,19.05655806193577,1.7623827878686908,0.3290170838550879,0.001735588022635258,0.0005899340845442908
87,99.42576441344465,99.64802110010349,99.54931193464377,99.72207034051532,98.96254387808281,100.28681774092831,20.50369783361428,20.49478384979132,1.6038858885745726,0.22504768535688013,0.001620921069794225,0.00037141599262328754
88,99.67132778902716,99.64802110010349,99.54931193464377,99.72207034051532,98.96254387808281,100.28681774092831,20.50369783361428,20.49478384979132,1.6038858885745726,0.22504768535688013,0.001620921069794225,0.00037141599262328754
89,99.51823155850371,99.98644876941839,99.89121430768303,100.1260204364909,99.78143957611596,100.19178967671319,22.410089785038554,22.393350598205103,1.515575017488607,0.30254291682119216,0.0016073617533453625,0.0006974661180603718
90,99.54637857434544,99.76996395936338,99.84591632331538,99.61784458848737,99.54637857434544,99.99388376905505,23.609423248629255,23.627733620399795,1.4743290160895184,0.372288625139073,0.001602471924760398,-0.0007629321571057745
91,99.47737264894643,99.78077185261539,99.77670275721808,99.56548149990621,99.47737264894643,99.9489454983238,27.690631386763307,21.709915926046737,1.5383785019458385,0.330645419595126,0.0015713804882338737,-0.0010799819363972083
92,99.70900155017213,99.69779646196979,99.7508889746422,99.58810778355085,99.16516205044884,100.26362375274302,21.690631386763304,27.20596544927403,1.5843404129963337,0.2261614670030662,0.001530033833634611,-0.0005504086143684486
93,99.6566020307155,99.74512624963951,99.71709116927649,99.4535184936316,99.35024095086085,99.83782478003802,23.496512411474953,24.196972475409567,1.877511690685612,0.17532777700687394,0.0014618116437121558,-0.0014639043171390176
94,99.51950075643003,99.74512624963951,99.71709116927649,99.4535184936316,99.35024095086085,99.83782478003802,23.496512411474953,24.196972475409567,1.877511690685612,0.17532777700687394,0.0014618116437121558,-0.0014639043171390176
95,99.48324643001028,99.71754789017461,99.71709116927649,99.55928139564698,99.48324643001028,99.95941942221634,20.496512411474953,25.632714033404078,1.7673107554307632,0.25779499930618655,0.001469407468974668,-0.0007942041987262086
96,99.34611993915667,99.55016305441758,99.64505510447006,99.41955696594776,99.34611993915665,99.80599290190503,23.496512411474953,22.632714033404078,1.7059258949963023,0.3320154993755679,0.001460012458043908,-0.0006564118824535427
97,99.37388032449554,99.55016305441758,99.64505510447006,99.41955696594776,99.34611993915665,99.80599290190503,23.496512411474953,22.632714033404078,1.7059258949963023,0.3320154993755679,0.001460012458043908,-0.0006564118824535427
98,99.43433311412235,99.55016305441758,99.64505510447006,99.41955696594776,99.34611993915665,99.80599290190503,23.496512411474953,22.632714033404078,1.7059258949963023,0.3320154993755679,0.001460012458043908,-0.0006564118824535427
99,99.41507997406693,99.55016305441758,99.64505510447006,99.41955696594776,99.34611993915665,99.80599290190503,23.496512411474953,22.632714033404078,1.7059258949963023,0.3320154993755679,0.001460012458043908,-0.0006564118824535427
100,99.35069861072829,99.59108635983917,99.64505510447006,99.74326974677753,99.35708204016655,99.8169993199673,23.203745732434452,23.185422743071967,1.5894518233965982,0.3988139494380111,0.0014640266751735451,0.0007634578901038169
101,99.31230012895084,99.54327781974108,99.61113352953946,99.38612541395342,99.31230012895085,99.77460946969906,24.31737755040836,24.336337330499155,1.5422956775248704,0.45893255449421,0.001470983994837979,-0.0007899908371164625
102,99.27529267715619,99.20790968000237,99.25444580412788,99.36586381978417,99.2752926771562,99.7600721116384,22.32330477450855,28.343168266545387,1.5871513781918472,0.3899098672740397,0.0014408464883417559,0.0007954431091171582
103,99.35915560828562,99.31427445459288,99.37146006628353,99.5821204840015,99.18493284345352,99.68939309026962,21.259228578300185,24.345919313257653,1.8790850666125665,0.2604507454037368,0.0014586814817493798,0.0013466610568347388
104,99.30831015373661,99.31427445459288,99.37146006628353,99.5821204840015,99.18493284345352,99.68939309026962,21.259228578300185,24.345919313257653,1.8790850666125665,0.2604507454037368,0.0014586814817493798,0.0013466610568347388
105,99.39625841518132,99.2701728664344,99.35720374808116,99.13152319227389,99.05913213683692,99.51244506224945,18.259228578300185,26.452240672443143,1.7687582612835613,0.33440567086336315,0.0014550205796200338,-0.0006988331093675924
106,99.66757437725408,99.4881836364289,99.43525069940817,99.5840911977279,99.22242740044898,99.66757437725408,17.53940227217758,23.527839730517307,1.7496609282970836,0.3047334788705404,0.001423556529558592,0.0004817725691782133
107,99.62942520424441,99.4881836364289,99.43525069940817,99.5840911977279,99.22242740044898,99.66757437725408,17.53940227217758,23.527839730517307,1.7496609282970836,0.3047334788705404,0.001423556529558592,0.0004817725691782133
108,99.72559156345892,99.49095878992533,99.43525069940817,99.57293686565689,98.8236855243274,100.06972124502992,18.613480032582597,24.603596402951627,1.649688054033317,0.2742601309834864,0.0013875612887335903,0.0004118179012903204
109,99.88784049439312,99.92494459262097,99.87049311369245,99.79616741310701,99.45661189553678,99.88784049439312,21.569646682619744,21.564147747826357,1.9140885951079603,0.20033138649045554,0.0012979953882998434,-0.0006447850115629171
110,99.88725576174753,99.93985545546191,99.87049311369245,99.7862277682506,99.19873980546818,100.14750393619934,18.569646682619744,24.564147747826357,1.8409615074993235,0.18029824784141,0.001312418712273357,-0.0007691919088967503
111,99.80944283212469,99.88114634381985,99.89448462898916,99.70181887746678,99.61049295333903,100.04155379784956,13.427129021397311,22.46199190012502,2.0211497026695815,0.1514862411578786,0.0012819712420034423,-0.000898510883202065
112,99.82918781193709,99.88114634381985,99.89448462898916,99.70181887746678,99.61049295333903,100.04155379784956,13.427129021397311,22.46199190012502,2.0211497026695815,0.1514862411578786,0.0012819712420034423,-0.000898510883202065
113,99.75052490525316,99.70679226443474,99.84517693838887,99.61260699218688,99.5456414075737,99.9038863632111,13.893248826333743,25.904589651874954,1.7895770266356918,0.17961658895198898,0.0012044644661574483,-0.0004725343975505645
114,99.86101415861818,98.90846876449868,99.06825754036207,99.62156204378307,99.30611886578704,100.14485069722582,12.726609424914473,24.640404639506713,1.7264108645048366,0.16165493005679007,0.0015632223788598547,0.0035918660586570007
115,99.97615891568682,99.66823189189223,99.67623043893977,99.90617696860542,99.60289137609885,99.97615891568684,13.057819091824651,25.029204792658128,1.7192724363686709,0.1865719721588444,0.0015581877085845996,0.0011922624652717922
116,100.08885045006282,99.83833601652516,99.78858389871264,100.02781177687051,99.70796892351191,100.08885045006281,14.457465848370857,26.43471352988925,1.6617306414591773,0.26791477494296,0.0015784580725578838,0.0009480132700670954
117,99.91991129381049,99.83833601652516,99.78858389871264,100.02781177687051,99.70796892351191,100.08885045006281,14.457465848370857,26.43471352988925,1.6617306414591773,0.26791477494296,0.0015784580725578838,0.0009480132700670954
118,99.91024124390898,99.83833601652516,99.78858389871264,100.02781177687051,99.70796892351191,100.08885045006281,14.457465848370857,26.43471352988925,1.6617306414591773,0.26791477494296,0.0015784580725578838,0.0009480132700670954
119,99.8443945457941,99.0782642894332,98.98854902790269,99.99911889219207,99.16424242043544,100.63764666252641,17.457465848370862,20.93494602525125,1.627314501815996,0.13927281660634833,0.0024949001565690524,0.004625611347918595
120,99.82590754429455,99.36796787508592,99.46307542042459,99.75411837886006,99.44301664333236,99.82590754429457,17.457465848370862,20.93494602525125,1.6481608865031587,0.17126260655874226,0.0024043678067307453,0.0019392650561206885
121,99.84317580879421,99.41640286976778,99.54364628136783,99.77137422499733,99.4602186739102,99.84317580879421,17.457465848370862,20.23200912063915,1.6631202521546669,0.19314362288617973,0.0023149431302324427,0.001782094064238949
122,99.65481826702141,99.45319654781201,99.54364628136783,99.59468440990806,99.27957646958755,99.65481826702143,17.719248165940538,17.702188407886513,1.6100706319822937,0.27382926059756174,0.002261345347054913,0.0007108232522509501
123,99.6716606114058,99.77386997345496,99.65440260483533,99.5966964204879,99.31892191051936,99.6716606114058,15.065139186083393,20.727916327419464,1.8919136146981854,0.20010740282903652,0.0020361716597980624,-0.0008886645414698788
124,99.60074664081897,99.80085724781704,99.69795445533153,99.66756741673365,99.60074664081898,99.95821549798951,13.204484750358297,19.22052215553348,1.838037209907418,0.21287346353506098,0.001891956932703141,-0.0006682252156326513
125,99.64789407745049,99.77964796144079,99.69795445533153,99.69964825086501,99.64789407745049,99.97179897916153,15.126294660684414,21.135919684886296,1.7709942331148247,0.2915861171815549,0.0018265646403304598,-0.0004010426750785475
126,99.6283652598802,99.77929436063361,99.69795445533153,99.7084491331366,99.28452735762903,100.33768101170482,15.91030182937777,21.918825087148644,1.709314694465639,0.26242750546339944,0.0017595870525566244,-0.0003551357404532282
127,99.54901074079291,99.67016602473069,99.69795445533153,99.61960095250309,99.54901074079294,99.92667615282927,16.539758127428787,22.545847560679018,1.7070042247485426,0.25550041373696525,0.001625630119266647,-0.0002537263854263524
128,99.60619697747717,99.53866728844136,99.68868252217723,99.95246663924793,99.6448720007701,100.03549375190767,17.97416209107303,22.470908187241363,1.9461700607100525,0.19057933507702401,0.0016570616428475623,0.00207427439335007
129,99.64435532732557,99.53866728844136,99.68868252217723,99.95246663924793,99.6448720007701,100.03549375190767,17.97416209107303,22.470908187241363,1.9461700607100525,0.19057933507702401,0.0016570616428475623,0.00207427439335007
130,99.65386536988849,99.53866728844136,99.68868252217723,99.95246663924793,99.6448720007701,100.03549375190767,17.97416209107303,22.470908187241363,1.9461700607100525,0.19057933507702401,0.0016570616428475623,0.00207427439335007
131,99.7646940709429,99.69434112956444,99.68868252217723,99.9275637032618,99.07452105497163,100.6113768131355,20.97416209107303,19.470908187241363,1.7865232090744498,0.09907076154644016,0.0017417696688424688,0.0011683215521497128
132,99.74926972292187,99.80045376524117,99.69516795013233,99.93039980139628,99.5911306758377,99.99515341036341,17.97416209107303,22.470908187241363,1.723601352348494,0.18916368539179615,0.0017153361863464457,0.0006506057218232195
133,99.61085816163744,99.68241665644886,99.69516795013233,99.90927330177757,99.25004927945997,100.33879542166538,15.01630843106304,20.989029943221045,1.7172563304452795,0.12938796080798856,0.0016568268911188971,0.0011366036600831608
134,99.60477825900712,99.68241665644886,99.69516795013233,99.90927330177757,99.25004927945997,100.33879542166538,15.01630843106304,20.989029943221045,1.7172563304452795,0.12938796080798856,0.0016568268911188971,0.0011366036600831608
135,99.56218257284499,99.68241665644886,99.69516795013233,99.90927330177757,99.25004927945997,100.33879542166538,15.01630843106304,20.989029943221045,1.7172563304452795,0.12938796080798856,0.0016568268911188971,0.0011366036600831608
136,99.6222561789081,101.47256943832792,101.57011850648837,99.51879514982916,99.44270955586282,99.80173452519621,17.415496375593865,20.02758884825345,1.6583937846608088,0.1250210375464248,0.00260770887277133,-0.00972068771462978
137,99.62126554758497,99.79506360443547,99.92102863348543,99.68102171259756,99.62126554758495,99.99533014031503,20.415496375593865,17.02758884825345,1.6057222818879442,0.21251893379178233,0.0025198511984248864,-0.0005717070878780539
138,99.64450138955708,99.36519037895953,99.46071355120897,99.22181247697256,99.16233141055534,99.5346739293409,17.415496375593865,20.02758884825345,1.5572644993369087,0.2912670404126041,0.002455298984956983,-0.0007219903615292429
139,99.73642579158624,98.72868708858931,98.83646480256832,99.66647578406014,99.36332971358209,99.73642579158626,16.116194694188646,22.099333335078732,1.5978930047241657,0.2752266556422212,0.002532365063195095,0.004726872782038432
140,99.76152763617776,99.54106131085291,99.46224305326923,99.7004875004553,99.38063899843772,99.76152763617776,15.103687985746017,21.0844840166277,1.5500615643462325,0.3477039900779991,0.0024764430254876684,0.0008001653799297406
141,99.71391709072148,99.54106131085291,99.46224305326923,99.7004875004553,99.38063899843772,99.76152763617776,15.103687985746017,21.0844840166277,1.5500615643462325,0.3477039900779991,0.0024764430254876684,0.0008001653799297406
142,99.85406002283241,99.64352288957772,99.55449784276395,99.7962064106034,99.49302442162526,99.85406002283241,17.047223348065035,23.02884985489257,1.4660566391985341,0.4129335910701992,0.002419723927768156,0.0007655622155195772
143,99.86875698332976,99.64352288957772,99.56915071237978,99.7962064106034,99.49302442162526,99.85406002283241,17.047223348065035,23.02884985489257,1.4660566391985341,0.4129335910701992,0.002419723927768156,0.0007655622155195772
144,99.84992239922177,99.3895537939965,99.51867823650696,99.28382954543406,99.22012220179744,99.61896481233282,18.95275809267577,24.965529717756336,1.3887721080626514,0.4716402319631793,0.0023383986235327838,-0.000532151045023537
145,99.95864162970148,98.9187997475936,99.03500451907124,99.30463247582186,98.75717214231935,100.08595475022365,21.28775142249766,21.337731471723753,1.4769828647457588,0.3226019186628146,0.0024179029627209524,0.0019464536755341396
146,100.07792017308684,99.88844616923568,99.80083782589118,99.33000799246346,98.28075354486022,100.57112410910219,18.28775142249766,18.56613474344429,1.8174206649184144,0.16770138139767757,0.0025870937658575384,-0.002803144814681396
147,99.91384352712527,99.88844616923568,99.80083782589118,99.33000799246346,98.28075354486022,100.57112410910219,18.28775142249766,18.56613474344429,1.8174206649184144,0.16770138139767757,0.0025870937658575384,-0.002803144814681396
148,100.099172194197,99.9551245540119,99.81062574526776,99.34372470674654,97.56421704354347,101.30974410305414,15.63591549072801,18.56613474344429,1.6433810691454545,0.11470774487601147,0.0027962078051119933,-0.0030677540263437143
149,100.03978066385694,99.9551245540119,99.81062574526776,99.34372470674654,97.56421704354347,101.30974410305414,15.63591549072801,18.56613474344429,1.6433810691454545,0.11470774487601147,0.0027962078051119933,-0.0030677540263437143
150,100.13217445642728,100.02075086013728,99.90617575964247,99.34977209316939,96.79563667740874,102.11416755527277,18.63591549072801,15.566134743444291,1.5519105836138183,0.10323697038841033,0.0030322952195957755,-0.0033654863167762567
151,100.13574039475061,100.02075086013728,99.90617575964247,99.34977209316939,96.79563667740874,102.11416755527277,18.63591549072801,15.566134743444291,1.5519105836138183,0.10323697038841033,0.0030322952195957755,-0.0033654863167762567
152,100.1668597922917,100.02075086013728,99.90617575964247,99.34977209316939,96.79563667740874,102.11416755527277,18.63591549072801,15.566134743444291,1.5519105836138183,0.10323697038841033,0.0030322952195957755,-0.0033654863167762567
153,100.11706000105177,101.0663838249938,100.94589739670577,99.36949808719737,95.78419837054527,103.19244750641174,17.8984082657292,15.100064281850425,1.8886925429064298,0.04078669708190054,0.003979808070026849,-0.008465977855900132
154,100.27984002479009,99.80730150288684,99.95847995016828,99.3771527180542,95.0248186229956,104.01709790692813,17.8984082657292,15.06522413933001,1.8357257687896542,0.027898100804019967,0.004259244558592578,-0.0021595499835319588
155,100.26397999552418,100.1129300623508,99.9631880555376,99.38052732175127,94.21878826382526,104.90695162220847,14.898408265729199,18.044055744997554,1.768867707286482,0.02510829072361797,0.004444249314424526,-0.003671312083129416
156,100.26736719480742,100.1129300623508,99.966565093223,99.38052732175127,94.21878826382526,104.90695162220847,14.898408265729199,18.044055744997554,1.768867707286482,0.02510829072361797,0.004444249314424526,-0.003671312083129416
157,100.28217593040114,100.32968515156611,100.179406553781,99.47221101010932,94.14110432586676,106.2339803863201,14.898408265729199,18.044055744997554,1.6085394667487796,0.017174070854954693,0.004616628935357394,-0.004291621640882521
158,100.42349504596429,100.40977801627032,100.28951163608154,99.53378798850474,94.24457242381888,106.62676262211275,17.8984082657292,15.044055744997554,1.5598563094088773,0.015456663769459224,0.004865376928483534,-0.004381186378083643
159,100.36697535698228,100.40977801627032,100.28951163608154,99.53378798850474,94.24457242381888,106.62676262211275,17.8984082657292,15.044055744997554,1.5598563094088773,0.015456663769459224,0.004865376928483534,-0.004381186378083643
160,100.24699791117203,100.40977801627032,100.28951163608154,99.53378798850474,94.24457242381888,106.62676262211275,17.8984082657292,15.044055744997554,1.5598563094088773,0.015456663769459224,0.004865376928483534,-0.004381186378083643
161,100.26083888659991,100.40977801627032,100.28951163608154,99.53378798850474,94.24457242381888,106.62676262211275,17.8984082657292,15.044055744997554,1.5598563094088773,0.015456663769459224,0.004865376928483534,-0.004381186378083643
162,100.22370982298413,100.40341595598954,100.28951163608154,99.58757357384357,94.2102872336051,106.58797245328228,14.898408265729199,18.044055744997554,1.4550678046561671,0.013910997392513303,0.005062984511938684,-0.004079395697096073
163,100.21073085125988,100.36025165153546,100.28951163608154,99.63604969736096,94.1980870001843,106.57416977667032,17.8984082657292,15.044055744997554,1.418662380283674,0.012519897653261973,0.005193736548812514,-0.0036210767363698934
164,100.1416271335197,100.29536596817637,100.28951163608154,100.20345314115737,100.14162713351972,100.4723372323659,17.8984082657292,15.007583562502534,1.4984321240915646,0.08456360999483119,0.004687976360861907,-0.0004584207898445624
165,100.17377936535269,100.25807985061579,100.28951163608154,100.13138245916771,100.07863384610535,100.40876914995839,14.898408265729199,18.007583562502532,1.4585575541642395,0.17610724899534808,0.004482568480315945,-0.0006322557583003946
166,100.21313575019522,100.24712759327542,100.36880761440553,100.14860562408076,99.18542478050875,101.31299497818475,14.898408265729199,18.00589964472474,1.5270609008682583,0.12045735831281809,0.004243031515868799,-0.0004916370603948799
167,100.26775819357985,98.86660535216784,98.98660969460768,100.00445725945299,99.94282546746629,100.27249618617195,14.898408265729199,17.93134132885845,1.5762189024630622,0.15839283308596758,0.004146811909129534,0.0057215559284624845
168,100.16906076525746,99.98944420334016,99.86855358296167,100.1164146002166,99.84047584713969,100.16906076525746,17.8984082657292,14.93134132885845,1.5301213902660173,0.24255354977737084,0.00397414514145458,0.0006345161387858345
169,100.04872089662577,98.58986113825677,98.70952956841056,100.10746750428262,99.05005996158428,100.96840623663557,14.898408265729199,17.90834664704993,1.487711679044736,0.21829819479963375,0.004652247785292319,0.007637779412505646
170,100.18475324240903,100.00533891342761,99.88419898268178,100.13213573605829,99.85634687663912,100.18475324240903,17.8984082657292,14.908346647049932,1.4486947447211573,0.2964683753196704,0.004449138763799633,0.0006335486287749934
171,100.28563164665509,100.13612235062439,99.9847747517151,100.23296116328643,99.95689463062655,100.28563164665508,14.898408265729199,17.90834664704993,1.4127991651434648,0.36682153778770343,0.0042401867027667935,0.00048330216899613286
172,100.26627448265552,99.97559022238586,99.9847747517151,99.87909948196167,99.82664250641183,100.15495118080227,17.8984082657292,14.908346647049932,1.3797752319319878,0.43013938400893315,0.004043712043234394,-0.00048280448443284175
173,100.42599042743493,100.27627187966837,100.12471245615262,100.37324622697734,100.09679331432162,100.42599042743493,14.898408265729199,17.90834664704993,1.349393213377429,0.48712544560803983,0.0038590855854354757,0.00048330216899615823
174,100.31717323088672,100.27627187966837,100.12471245615262,100.37324622697734,100.09679331432162,100.42599042743493,14.898408265729199,17.90834664704993,1.349393213377429,0.48712544560803983,0.0038590855854354757,0.00048330216899615823
175,100.16732368424691,102.24138398060387,102.11753545102198,100.36428246821418,99.01016351711175,101.52815882849916,17.888822368379483,14.908346647049932,1.2814417563072347,0.43841290104723585,0.0047393485785073245,-0.00926480263504308
176,100.22551098805019,100.477148929354,100.5270922648447,100.28711559645315,100.22551098805022,100.55503486242095,17.888822368379483,14.908346647049932,1.3999626043260718,0.3758744243163093,0.004315844045545802,-0.0009465495931245577
177,100.17229384420065,100.31454090088064,100.46658411518227,100.23386574215608,100.17229384420067,100.50164274995062,17.888822368379483,14.908346647049932,1.4850131648643892,0.3330981062323556,0.003908978813877237,-0.00040227274838520294
178,100.20075002631874,100.31454090088064,100.46658411518227,100.23386574215608,100.17229384420067,100.50164274995062,17.888822368379483,14.908346647049932,1.4850131648643892,0.3330981062323556,0.003908978813877237,-0.00040227274838520294
179,100.2525855452654,100.31454090088064,100.43785612607739,100.23386574215608,100.17229384420067,100.50164274995062,17.888822368379483,14.908346647049932,1.4850131648643892,0.3330981062323556,0.003908978813877237,-0.00040227274838520294
180,100.31798366808589,100.31454090088064,100.43785612607739,100.23386574215608,100.17229384420067,100.50164274995062,17.888822368379483,14.908346647049932,1.4850131648643892,0.3330981062323556,0.003908978813877237,-0.00040227274838520294
181,100.34060822270138,100.31454090088064,100.43785612607739,100.23386574215608,100.17229384420067,100.50164274995062,17.888822368379483,14.908346647049932,1.4850131648643892,0.3330981062323556,0.003908978813877237,-0.00040227274838520294
182,100.41587768697653,100.31454090088064,100.43785612607739,100.23386574215608,100.17229384420067,100.50164274995062,17.888822368379483,14.908346647049932,1.4850131648643892,0.3330981062323556,0.003908978813877237,-0.00040227274838520294
183,100.44936701401198,100.48380037271917,100.43785612607739,100.58099086916293,100.30404668714245,100.6338287730961,14.888822368379483,17.90834664704993,1.3795454450085716,0.39978829560912,0.003732445568797264,0.0004833789936241801
184,100.39512189757481,100.41813808640089,100.43785612607739,100.32130112471854,100.2686273043477,100.59829299670955,16.170189170683084,16.181766801314662,1.349181809407886,0.45980946604820805,0.0035663869923177154,-0.00048240127631571004
185,100.41426880267512,100.41813808640089,100.43785612607739,100.32130112471854,100.2686273043477,100.59829299670955,16.170189170683084,16.181766801314662,1.349181809407886,0.45980946604820805,0.0035663869923177154,-0.00048240127631571004
186,100.59707731360491,100.43429346900666,100.43785612607739,100.33025842566087,99.26227509460038,101.61819017675668,17.284164224661403,17.296600887492247,1.2812472646552553,0.4138285194433873,0.0034145870924987966,-0.0005181942846183602
187,100.55503724543313,100.43429346900666,100.43785612607739,100.33025842566087,99.26227509460038,101.61819017675668,17.284164224661403,17.296600887492247,1.2812472646552553,0.4138285194433873,0.0034145870924987966,-0.0005181942846183602
188,100.44123448471208,100.46745114514947,100.43785612607739,100.58580983435549,100.29380155266688,100.64152677728693,19.30477589128285,19.29064725428833,1.218747483482835,0.4724456674990486,0.0032803550600821753,0.0005886932081050774
189,100.56416477206665,100.46745114514947,100.43785612607739,100.58580983435549,100.29380155266688,100.64152677728693,19.30477589128285,19.29064725428833,1.218747483482835,0.4724456674990486,0.0032803550600821753,0.0005886932081050774
190,100.65707584653464,100.8043757206585,100.71460122361414,100.2257092668204,100.15325180128254,100.54091931771939,18.097218694145777,24.112989331658003,1.2137731941472825,0.39915283656934925,0.003145354619260396,-0.002878506736313401
191,100.64333897814059,100.91190172483327,100.85235118648198,100.23539900519293,99.52519427875454,101.1753866117245,21.097218694145777,21.112989331658003,1.1966713386155,0.3592375529124143,0.0033602213204072355,-0.0033632204716897273
192,100.56638483406408,100.77900049538692,100.85235118648198,100.63439844381108,100.56638483406408,100.99222527286356,24.097218694145777,18.112989331658003,1.18093763152626,0.42331379762117294,0.0032447604484297974,-0.0007179366037087705
193,100.42508879953922,100.97679228797449,100.88219733115531,100.51518716111715,100.42508879953922,100.85033999845321,17.630517833391124,19.636014115636268,1.6517158586189304,0.2778154445553906,0.002989808250476324,-0.002290935490928394
194,100.45953384422421,101.01533690447197,100.88011519579698,100.52970743930102,100.45953384422421,100.8349616926974,17.630517833391124,19.636014115636268,1.6656713001449446,0.2660257640758872,0.0028522299383685937,-0.0024095331480471216
195,100.48532115218657,100.66279487220189,100.78768420480098,100.54531093601081,100.48532115218656,100.86084537054299,20.630517833391124,16.636014115636268,1.6124175961333491,0.3394231876682985,0.0027511632692751764,-0.0005838926603835603
196,100.74371043048824,100.66279487220189,100.78768420480098,100.54531093601081,100.48532115218656,100.86084537054299,20.630517833391124,16.636014115636268,1.6124175961333491,0.3394231876682985,0.0027511632692751764,-0.0005838926603835603
197,100.8877239782026,100.71988701818302,100.78768420480098,100.82752941248728,100.51209667565244,100.8877239782026,21.12921213711265,15.116394223050278,1.5234241884426813,0.4054808689014686,0.002650183049524209,0.0005340797525989812
198,100.8601946462896,100.69768251765429,100.78727808233823,100.54326169478475,100.48491624809117,100.85013155225332,22.545250461820697,16.563666692987635,1.4815502533672669,0.4649327820113218,0.0025832532404603706,-0.0007673429652890473
199,100.83770365136854,102.05083047877652,101.91348408553156,100.55318378931224,99.96709904349572,101.37252275599074,19.545250461820697,19.56366669298763,1.4430262330978856,0.41843950381018963,0.003315312909377973,-0.0073919892203249266
200,100.8078007716699,101.15045054158249,101.2565190095951,100.89158645414759,100.80780077166992,101.2032085841462,16.545250461820697,18.015374865030115,1.7984141873994135,0.27528159166068905,0.0030609508650346075,-0.0012812387525095734
201,100.80843644938443,100.97550294806281,101.11177176467845,100.86424423971147,100.80843644938442,101.15774241306997,19.539224128818695,15.015374865030115,1.7345410524074605,0.34775343249462015,0.0029434405782786627,-0.0005512229870553491
202,100.8340520938769,100.63908502338518,100.74467809382756,100.49804026704118,100.44244405954606,100.79042562574283,16.539224128818695,18.015374865030115,1.6757777682148638,0.4129780892451581,0.0028509825747136714,-0.0007012368111572135
203,100.76967670925168,100.47434396963114,100.60415032399105,100.50869698127858,100.44364644299475,100.79162755113276,16.03389841028485,16.029796212031513,1.6829381264709864,0.3584770130436882,0.0025915330603253723,0.00017092492722226664
204,100.85848632028897,100.48262096941494,100.60415032399105,100.7979174076519,100.53535597635131,100.85848632028899,14.785745332430187,20.772655313950846,1.68807639955558,0.32119827692188274,0.002445388942571898,0.0015664526773387906
205,101.11385342474547,101.67175165438283,101.5794340021307,101.0465074898739,100.75461929391956,101.11385342474547,17.957161570374932,17.939041923245473,1.6917636243210843,0.2956996214145678,0.002430966684555443,-0.0030843011732061363
206,101.10849701326339,101.2903857955891,101.41273521892016,101.16663647677642,101.1084970132634,101.47241759091074,17.824605383280325,17.83927508264748,1.6364225343753978,0.36612965927311103,0.0023584571894524876,-0.000611237473631354
207,101.09515386128358,101.27567375324128,101.39935191703469,101.17652350979623,100.6326999018934,101.95218493512941,18.484588517044717,18.49634243167173,1.585508731625366,0.3295166933457999,0.0022757193359190767,-0.0004897464427923215
208,100.99226174670318,101.17928749628483,101.28036946491855,101.05209138208713,100.99226174670316,101.36677896177208,20.020827378493276,20.03592249754788,1.5386680330953368,0.39656502401121996,0.0022146517809895163,-0.0006289632939416251
209,100.8069251774055,101.37416542231357,101.2869259904411,100.88262070130739,100.80692517740552,101.21194132193007,18.396389854615926,24.412740319016812,1.5845481805492139,0.34725047642367446,0.0021795318112682836,-0.0024303002654543597
210,100.90678972965523,101.00676893758612,101.13164027809236,100.98777597735784,100.90678972965523,101.34016302769744,16.341133919326623,22.343390569602356,1.6174717743621159,0.3135193258737934,0.0019966539443856115,-9.402709482206952e-05
211,100.8065234827154,101.13673018202937,101.10985304184092,100.87962386602702,100.8065234827154,101.19763222181764,14.909651568219896,25.337064940633013,1.6410977452822544,0.29044721889767466,0.0018979013422055593,-0.0012727005059262855
212,100.70058751335023,100.85095276996253,101.00359830827504,100.76552406031766,100.70058751335021,101.1071285581865,14.956853578276604,26.96702283162192,1.5898099256596743,0.36140249700790716,0.001834873531442744,-0.0004237188893881241
213,100.57146840192148,100.64200973495024,100.77864175714828,100.65051910660377,100.57146840192148,100.99446901269738,19.464685424087406,25.474588555768534,1.6212476026533822,0.3231993079534085,0.0016703753934464104,4.2273658652474704e-05
214,100.44260425743187,100.63849392000256,100.74483877375312,100.66109093348122,100.23604477634461,101.33243058166228,18.7334495732189,24.730755437888796,1.5715477944411118,0.29087937715806766,0.0015836235465466974,0.000112255638754112
215,100.46331869919999,100.63849392000256,100.74483877375312,100.66109093348122,100.23604477634461,101.33243058166228,18.7334495732189,24.730755437888796,1.5715477944411118,0.29087937715806766,0.0015836235465466974,0.000112255638754112
216,100.51832882813585,100.63849392000256,100.74483877375312,100.66109093348122,100.23604477634461,101.33243058166228,18.7334495732189,24.730755437888796,1.5715477944411118,0.29087937715806766,0.0015836235465466974,0.000112255638754112
217,100.5548612863554,100.63849392000256,100.74483877375312,100.66109093348122,100.23604477634461,101.33243058166228,18.7334495732189,24.730755437888796,1.5715477944411118,0.29087937715806766,0.0015836235465466974,0.000112255638754112
218,100.40675287124307,100.43422920666319,100.52237297883725,100.49951507220382,100.40675287124309,100.84459869712542,18.25006070622533,28.203162107784102,1.5401473038869349,0.2089707354218499,0.0014001757301929077,0.000324912402219666
219,100.28999366609379,100.44960964393918,100.52237297883725,100.50958307591013,100.12597199347981,101.12739480263248,16.761204153764794,28.754041692830203,1.4969355195759801,0.18807366187966493,0.0013519774921174781,0.00029843587227463224
220,100.1124388816469,100.28052111034451,100.41367992141112,100.18546064659533,100.11243888164687,100.56969964400442,18.161991727617366,30.17337246718218,1.457180678009902,0.26926629569169847,0.0013277625446796774,-0.00047419748186719294
221,100.17292061833143,100.61604019301735,100.57564002800179,100.21982031822135,99.84694045734307,100.83711992414408,22.924117198510395,22.995157027162712,1.8063368265411266,0.13997539115237254,0.0015546655797023532,-0.0019728542192982866
222,100.21745932912037,100.35702958705232,100.45845242240081,100.30374331097346,100.21745932912039,100.6792403696095,22.924117198510395,22.192401609056155,1.7766273067259126,0.17174316754822283,0.0014775909956247651,-0.00026555402587795477
223,100.1904325763522,100.0701330305824,100.14115454846144,99.92587574220558,99.92173566754397,100.29270663298824,19.924117198510395,25.192401609056155,1.7144971221878398,0.2545688507934005,0.0014754916512496829,-0.0007213008362617941
224,100.27792803051052,100.0701330305824,100.14115454846144,99.92587574220558,99.92173566754397,100.29270663298824,19.924117198510395,25.192401609056155,1.7144971221878398,0.2545688507934005,0.0014754916512496829,-0.0007213008362617941
225,100.38606027404671,100.13316367940922,100.14115454846144,100.3135383924399,99.9336571905486,100.3860602740467,19.019140659961536,24.997543930915903,1.6173373524128127,0.3291119657140605,0.001494945826549627,0.0008998637102346684
226,100.5138134175968,100.29218819746923,100.25367774331559,100.43093203348938,100.07186281001053,100.51381341759681,17.191796925576813,27.591792011488472,1.6410012840914345,0.3011125845484174,0.001463804756969485,0.000691220004255164
227,100.70096646227155,100.30369105953629,100.39886356288476,100.6164796107369,100.2504690710473,100.70096646227155,19.75206784008877,25.72752054732452,1.6579825214640134,0.2819610078311175,0.001502197089246425,0.0015567802384257514
228,100.69314746435305,101.45766048687189,101.39696354050753,100.59589425672681,100.23571086845254,100.69314746435305,21.02713753783397,21.03188681275142,1.9187312407740094,0.20433461031092814,0.0016127152951285805,-0.004265038698470981
229,100.64602856892373,100.85810429199903,100.94887519450727,100.70552369090848,100.64602856892373,101.01845056421399,18.02713753783397,24.03188681275142,1.8452327415120888,0.28390114927983534,0.0016067905698636331,-0.0007569847924322981
230,100.6707572674443,101.52206283380194,101.4393688889791,100.73351569069469,100.32311352210034,101.34360372731616,19.82612572727954,18.872399849157084,2.0235404319410786,0.1475831734416296,0.0017840871267218333,-0.0038987658528871977
231,100.68735716500092,100.70408312246849,100.80684648058659,100.77016341891068,100.68735716500093,101.07813644926259,16.82612572727954,19.523635557985564,2.123344238889516,0.13447963688189674,0.0015874188276229842,0.00032798383702412504
232,100.5102748320133,100.67967972694005,100.80684648058659,100.56880173735786,100.5102748320133,100.87662757825571,13.826125727279539,21.62376880601584,2.0334766997783547,0.2210316731937071,0.0015582877873705017,-0.0005509506892944224
233,100.62996777935454,101.20863043846316,101.1236720376435,100.57875469998494,100.19751458654788,101.19150763224992,16.82612572727954,18.62376880601584,1.9507985637960865,0.1989285058743364,0.0018393696052308576,-0.003121482237584099
234,100.77534397713528,100.94519563246294,101.07857971628412,100.83257067274222,100.77534397713528,101.13354440742062,16.906907241634453,16.920303162715317,1.8747346786923997,0.2790356552869028,0.001795987041277069,-0.0005581633783692491
235,100.82776059737272,100.90027169342571,101.03277887663793,100.78425994414214,100.72968054000806,101.0712873757701,18.661079996026846,18.674885130016047,1.8047559043970078,0.35113208975821253,0.0017572534963593174,-0.0005752139162166946
236,100.93288051739614,100.90027169342571,101.03277887663793,100.78425994414214,100.72968054000806,101.0712873757701,18.661079996026846,18.674885130016047,1.8047559043970078,0.35113208975821253,0.0017572534963593174,-0.0005752139162166946
237,100.80508017703818,101.12009435707648,101.12124470407164,100.80208106256505,100.23026961828792,101.57488878261063,18.899796940539108,18.93759526086927,1.634292836995293,0.24017434939461738,0.0018943066698596939,-0.001574930013756736
238,100.82698076375628,100.81222375946432,100.90866494709594,100.89849111416471,100.82698076375627,101.20956913398713,19.309957207344613,19.299692921116158,1.6531685398278224,0.2402792549859183,0.001771989001538986,0.0004276785928523472
239,100.67510410861782,100.81222375946432,100.90866494709594,100.89849111416471,100.82698076375627,101.20956913398713,19.309957207344613,19.299692921116158,1.6531685398278224,0.2402792549859183,0.001771989001538986,0.0004276785928523472
240,100.57974159439725,100.77433640675854,100.88238876067926,100.64195445644401,100.57974159439725,100.96920386967598,21.300943929654295,21.316718059909263,1.5609150566415968,0.3162513294873265,0.0017445403240784647,-0.0006572554272904039
241,100.59165868675147,100.87235168272034,100.82670369722807,100.60453971285537,100.52422358613643,100.95400756518471,19.6107948398489,25.628191910471166,1.6005126446460098,0.29231590936933133,0.0017029967697801093,-0.0013292441034299328
242,100.64230346243835,100.7035293296973,100.81243292748074,100.72766923249974,100.64230346243833,101.09915769451774,17.904738356342335,23.90186215011711,1.6289278737979767,0.27594408200862264,0.0015818012162561563,0.00011984192605085207
243,100.71381270001031,100.7035293296973,100.81243292748074,100.72766923249974,100.64230346243833,101.09915769451774,17.904738356342335,23.90186215011711,1.6289278737979767,0.27594408200862264,0.0015818012162561563,0.00011984192605085207
244,100.76432432067185,100.79706690494592,100.75518492999385,100.49021443407742,100.4115156481564,100.83263108082996,19.36947387266499,25.406060681587313,1.5081186422374282,0.2647457520938979,0.0015524533073927379,-0.0015244503717633422
245,100.87582616240792,100.79706690494592,100.75518492999385,100.49021443407742,100.4115156481564,100.83263108082996,19.36947387266499,25.406060681587313,1.5081186422374282,0.2647457520938979,0.0015524533073927379,-0.0015244503717633422
246,101.09325245337195,100.26115761180425,100.35146780104607,101.00845514838639,100.64109949347524,101.09325245337193,19.67058078314157,25.581470754896323,1.4214259376695786,0.2570860944322262,0.001697544784653675,0.003712917843552101
247,101.09381415682131,100.69188691734466,100.78537964647307,101.00811338278616,100.63685261446714,101.0938141568213,17.742824094902467,27.606667921720874,1.5004152528716896,0.25184688859164267,0.0016976008516092751,0.0015678059740751385
248,101.3103908651965,101.03070663343297,101.00645969260093,101.23682016716087,100.8514496278349,101.3103908651965,16.76413289148074,28.73967654454401,1.4603820326419545,0.32666219973247845,0.001718026577521791,0.0010190144556970527
249,101.22002965897377,100.79123835409251,100.91161905785772,100.77143312136415,100.68552490439481,101.1452871780029,21.092262421438342,27.103648884186438,1.5283701466238666,0.29943694461701525,0.0015774601689708275,-9.825843537094041e-05
250,100.98153161438384,100.79123835409251,100.91161905785772,100.77143312136415,100.68552490439481,101.1452871780029,21.092262421438342,27.103648884186438,1.5283701466238666,0.29943694461701525,0.0015774601689708275,-9.825843537094041e-05
251,100.93887849684579,100.79123835409251,100.91161905785772,100.77143312136415,100.68552490439481,101.1452871780029,21.092262421438342,27.103648884186438,1.5283701466238666,0.29943694461701525,0.0015774601689708275,-9.825843537094041e-05
252,101.00526893093885,100.76263844781195,100.85266524229708,100.62776992418719,100.55010724657018,101.03648418700168,21.277814829529248,27.293887315767098,1.4327672015606239,0.36949325015531376,0.0015631750020354965,-0.0006696869265771378
253,100.9745566121089,101.0187283316696,100.99131670848584,100.64097854360944,100.23624329789837,101.35285388366522,20.65436461787229,26.69932151607432,1.3981458254357741,0.33254392513978237,0.001694169255839046,-0.0018732040917514548
254,100.94219092961616,100.93792213546304,100.99131670848584,100.80588079634703,100.72944127070743,101.20814100513708,21.834215793964113,27.84992379635493,1.3662941594009124,0.39928953262580413,0.0016710591236575151,-0.0006545000996172402
255,100.85314463167401,100.93792213546304,100.99131670848584,100.80588079634703,100.72944127070743,101.20814100513708,21.834215793964113,27.84992379635493,1.3662941594009124,0.39928953262580413,0.0016710591236575151,-0.0006545000996172402
256,100.80706584904324,100.93792213546304,100.99131670848584,100.80588079634703,100.72944127070743,101.20814100513708,21.834215793964113,27.84992379635493,1.3662941594009124,0.39928953262580413,0.0016710591236575151,-0.0006545000996172402
257,100.80147601351455,101.2440415695761,101.22221253542843,100.8188812832797,100.14803131179495,101.79570543683523,21.64803026752618,27.69852863074418,1.2836572933155062,0.35936057936322374,0.0018232877649421966,-0.0021040984674166215
258,100.70055687577947,99.60111935116048,99.67392734757199,100.79374055633477,100.70055687577947,101.19933395511217,25.711972225298894,25.72849159433102,1.4015524736832075,0.32180263628444505,0.002045783707640719,0.005951356265948236
259,100.7687690830438,100.55732085050627,100.54449806470556,100.67885260019344,100.28937552002391,100.76876908304378,25.711972225298894,25.728491594331025,1.4861540551150698,0.2961130032185604,0.0019461528489471993,0.0006039259622322652
260,100.8604532743752,100.38858707444626,100.4619707064284,100.73831712927725,100.34228964704607,100.8604532743752,19.711972225298894,19.467291625749617,2.2355921488299293,0.1608854515307837,0.001865665887710233,0.0017388526722250297
261,100.85553848220306,100.65920006423255,100.55297186675647,100.79227319186741,100.46078092864384,100.85553848220304,16.711972225298894,19.23413217452315,2.136744776923535,0.24479690637770535,0.0018329945413272978,0.0006605716279160724
262,100.9437291955929,100.74957269263916,100.64089800800615,100.88563688355065,100.58120028658415,100.9437291955929,13.711972225298892,21.225455533560524,2.0458051947696525,0.3203172157399348,0.0018039913283758582,0.0006748037269754606
263,100.92208679436858,100.88604460397801,100.79733340196856,101.04408428068142,100.74770993982501,101.10063530789225,13.99821078546281,19.979427297026323,1.9621407791880805,0.3882854941659414,0.0017896693100315768,0.0007826453515199993
264,100.941298737457,100.88604460397801,100.79733340196856,101.04408428068142,100.74770993982501,101.10063530789225,13.99821078546281,19.979427297026323,1.9621407791880805,0.3882854941659414,0.0017896693100315768,0.0007826453515199993
265,100.97698608142423,100.88604460397801,100.79733340196856,101.04408428068142,100.74770993982501,101.10063530789225,13.99821078546281,19.979427297026323,1.9621407791880805,0.3882854941659414,0.0017896693100315768,0.0007826453515199993
266,100.92791519659998,100.83880993008498,100.79733340196856,100.75246004254483,100.69765363840932,101.04068342894602,16.438944533367383,22.449224727054563,1.8318361835197008,0.4494569447493473,0.001733690123009219,-0.0004283414036325726
267,100.88907118365368,101.03487333129218,100.95841252037394,101.19914952624373,100.86878266342929,101.26219911772715,17.835660595339178,23.81616521754306,1.7652892888381249,0.5045112502744126,0.0017271456260491021,0.0008123074081717544
268,100.99146756775899,100.71228774666585,100.83516622714436,101.18843500047379,100.5209536070132,101.6125930794422,17.187526118986078,23.1309263508629,1.704066145731075,0.4540601252469713,0.0019065162537544656,0.0023583236717991322
269,101.04984240042936,100.81610475419627,100.83516622714436,100.98460946508561,100.64282681082855,101.04984240042934,18.46204112182757,24.442000989279034,1.6477408540725893,0.5086541127222742,0.0018923259645596746,0.0008350055228557195
270,101.03272451430622,100.91111255066686,100.8548887420556,101.08887002863698,100.7248100397109,101.15836383355624,19.615463112550312,25.594343410376045,1.5959215857467823,0.5577887014500468,0.0018843849448151808,0.0008799875905945512
271,100.88156523604364,101.01368959863872,100.9690722407184,101.19957664114919,100.81554656842026,101.27289091345878,20.643988348071208,26.62192605164916,1.5482478588870399,0.602009831305042,0.0018816333613091505,0.000919262350918311
272,100.8611408162402,100.87245098471713,100.9671113484856,100.74045819587838,100.66421001444016,101.14170969634449,21.721088526816544,27.736800947935834,1.5043880301760768,0.6418088481745379,0.0018472974764512534,-0.0006546842133036742
273,100.89664193913613,100.75540514172563,100.8380424334374,100.7653581021472,100.29298272158839,101.51607849130995,18.8228327581298,28.81485329346504,1.5599488504543528,0.4389972521513839,0.001691028070306625,4.9389255287390786e-05
274,100.94256805277375,100.75540514172563,100.8380424334374,100.7653581021472,100.29298272158839,101.51607849130995,18.8228327581298,28.81485329346504,1.5599488504543528,0.4389972521513839,0.001691028070306625,4.9389255287390786e-05
275,101.02521020505264,100.79788519895328,100.8380424334374,101.01205516226551,100.60815502540598,101.08917216550397,18.277295226355076,30.251825325762997,1.4751529424180048,0.49509752693624554,0.0017169159368574723,0.0010612458580032983
276,101.12272697275172,101.27438857539259,101.2763018930652,100.98689690933742,100.26327600300262,101.43689205120728,21.210013824387406,27.188353808734544,1.5389697514791603,0.33864670842439193,0.0017041523313785715,-0.0014213875154910286
277,101.21941151785603,101.3348631270682,101.30629367323095,100.97580830289793,99.92212990697914,101.78320972626324,18.210013824387406,27.644512734399264,1.4958521713608275,0.30478203758195277,0.0018148757639959135,-0.001774769574103156
278,101.19469795335971,100.17002329573047,100.28847898177534,100.9475923161376,99.56009484933429,102.15332880114248,20.476531973316987,21.790141469203583,1.8279823441714536,0.15843789441660233,0.0021636907447576577,0.003866240249724044
279,101.34719968998294,101.1263627081077,101.043158090913,101.27861257085756,100.91929098817393,101.34719968998294,22.273373343355942,18.790141469203583,1.7617437566377374,0.2425941049749421,0.0021241338153124463,0.0007522041518002109
280,101.399776768199,101.209245153157,101.09557743789442,101.33310841409559,100.98381802284746,101.39977676819902,19.273373343355942,21.790141469203583,1.7008042561067185,0.3183346944774479,0.0020700708977235724,0.0006115425181798542
281,101.36759773369698,101.209245153157,101.09557743789442,101.33310841409559,100.98381802284746,101.39977676819902,19.273373343355942,21.790141469203583,1.7008042561067185,0.3183346944774479,0.0020700708977235724,0.0006115425181798542
282,101.277789191103,101.22210270782605,101.16923636789171,101.31135735320808,100.39428082407044,101.99521845931781,16.49993103300379,22.48935445228215,1.5596971341821815,0.21774093102257436,0.0019132801914793186,0.000440690863401633
283,101.43958602354276,101.32487600824652,101.24860295218079,101.48986741533099,101.15769066164015,101.55326274040198,17.909852332901348,23.890328141991038,1.514921363447607,0.29596683792031697,0.001896104356077139,0.0008135079545962255
284,101.27364044980153,103.10660749525192,103.16627735270391,101.46918374916243,100.77480603382715,101.93910504303565,17.909852332901348,19.309412524956223,1.567507570410003,0.20244131713749683,0.0031201915498934576,-0.008003995664048106
285,101.24031058404022,101.9657117238857,101.82588662778723,101.31093966252065,101.24031058404023,101.61817453443781,17.909852332901348,19.309412524956223,1.6052434325262184,0.21446986092204784,0.0030177513560368124,-0.003221088388161266
286,101.21459216174358,101.33488558356322,101.42727766719241,101.28520329807766,101.21459216174358,101.5923601220697,17.909852332901348,19.309412524956223,1.6323226871808143,0.22269738487068075,0.0027486811818732376,-0.0002451992088236012
287,101.35675698090881,101.29287331321386,101.41570639204855,101.17174612135841,101.11145927287238,101.48884230548957,14.909852332901348,22.309412524956223,1.5817368722063494,0.3004276463836127,0.002655551939529819,-0.000598263500031433
288,101.19107800179623,101.22543478660569,101.37864509338564,101.13477611912397,101.0745091581055,101.45176772035164,15.12619970409984,21.136951857449667,1.5351979224298415,0.3703848817452514,0.002549979593503933,-0.00044800638957609776
289,101.35843575323828,100.90705333316039,101.0411122234775,100.85874752701449,100.79023936942238,101.15674217661338,19.754472632864193,19.76566879480317,1.5820580291356543,0.32934325911375195,0.0023201488479817805,-0.00023941523261111064
290,101.40232889929653,101.20190041449204,101.09812191259863,101.33816682366319,101.00198139727884,101.40232889929656,19.83787004131229,19.821723143245638,1.5354933868048022,0.3964089332023768,0.002261674419617436,0.0006727874194439041
291,101.22469666006187,100.97831816249136,101.08124241446504,100.84203154102173,100.77799868722158,101.1788721216054,21.212688042967855,21.228894926565445,1.4926539158604182,0.4567680398821391,0.002207008384745944,-0.0006752868165665445
292,101.27745960156392,101.62463293217549,101.54780284050777,101.19694053489452,100.84807810570781,101.2774596015639,19.47413812706252,25.45679382024678,1.5515284500214361,0.38842933927938317,0.0021581538054927835,-0.002108712549507897
293,101.17153319361103,101.60857425490536,101.55257433865202,101.25676259447202,101.17153319361103,101.62765188650977,21.48741117290564,21.502166304673498,1.5937768157353827,0.3416856680670981,0.0020803467018849476,-0.0017342127832047332
294,101.40383239289172,100.2125504196452,100.30407124745801,101.02175459489183,100.94040110807205,101.37574276067154,17.894726763542256,23.912276513592584,1.6240942429717107,0.3097129969578951,0.0021619517211270266,0.004021203915446714
295,101.39090369360525,101.14845496109679,101.08673098252446,101.32303236375685,100.96745256468846,101.39090369360524,16.82925087579956,22.808557306945985,1.574166703533974,0.3787416972621056,0.0021357024877681195,0.0008622320355654274
296,101.27607852844801,101.10577333397791,101.08673098252446,100.99971907123617,100.93561989153497,101.3369082017808,18.31092794684406,24.32352187625939,1.5282333672512562,0.4408675275358951,0.00207052999135843,-0.0005247470589720492
297,101.33012773130395,101.10577333397791,101.08673098252446,100.99971907123617,100.93561989153497,101.3369082017808,18.31092794684406,24.32352187625939,1.5282333672512562,0.4408675275358951,0.00207052999135843,-0.0005247470589720492
298,101.33253952849763,100.70754288757763,100.807212466896,100.74804614235369,100.6675820347783,101.09815819274382,19.615440499468036,25.61061522696353,1.4358602643395018,0.3775533888345523,0.0019064365706111435,0.00020105302102108914
299,101.2272268407036,100.96797768499262,100.92354516018148,101.15391925963132,100.76992454912947,101.2272268407036,20.68490189478341,26.662823149932958,1.4009914431923418,0.43979804995109706,0.001902444131768938,0.0009199477021020103
300,101.24759616104261,100.97764148596286,100.94385337255947,101.14146225155837,100.38723475352869,101.61311880041355,20.71316598840755,26.69371360463191,1.3689121277369547,0.3958182449559874,0.0018855594240393373,0.0008105159906519133
301,101.20483637181476,100.86512500754871,100.94385337255947,100.77374624156481,100.6842458089086,101.16326996156717,24.82534881143195,24.841117288029878,1.4627313428640387,0.34673967954989543,0.0017673829781583662,-0.0004531803090238976
302,101.3004436832002,101.03500545067251,101.06179477473783,101.19359239504807,100.7979448870949,101.30044368320021,23.808087256864358,23.787788656230948,1.809443689078603,0.23800915501721767,0.001627387065606655,0.0007841964295106995
303,101.30093948565062,101.05996695173437,101.06179477473783,101.22373287157889,100.81936250059809,101.3009394856506,20.808087256864358,25.66163851928143,1.744688193952315,0.3142082395154959,0.0016268941048500542,0.0008095853496231819
304,101.33398199017759,101.07394238862247,101.06179477473783,101.21061360036731,100.49185076344246,101.63108811376715,23.808087256864358,22.66163851928143,1.6851131384361298,0.2827874155639463,0.0016103570777045231,0.0006756383900721503
305,101.2572446073641,101.41654600676418,101.37243464611467,100.83853849454137,100.75075381519352,101.22057694489749,23.808087256864358,22.66163851928143,1.6896371881417669,0.2694265922457393,0.0016868354585348273,-0.00285781449523511
306,101.08868527491933,101.43631772045245,101.39219776005048,101.17676439578472,101.08868527491934,101.56008425403407,23.808087256864358,22.66163851928143,1.6928836462105321,0.2602877890960857,0.001659804228221359,-0.0012810294476387875
307,101.06346360797608,101.3046506040869,101.36756630689676,101.13872136261591,101.06346360797609,101.53474497285914,20.808087256864358,25.66163851928143,1.6374529545136898,0.33425901018647713,0.0016585719406529427,-0.0008196328674978668
308,101.06077426457547,100.75063498808491,100.85809605081687,101.14883012424889,101.06077426457546,101.5320487606268,22.365954908731595,22.382017943401564,1.655436240159024,0.3046331629675504,0.001659345272301884,0.0019722446314675342
309,101.01692376235668,100.703937963013,100.78692844422889,100.94839562185449,100.72594074032754,101.01692376235667,18.783686770760983,18.76233686529248,2.3094986923487495,0.16425158261215905,0.0015092545181993526,0.0012122728980897444
310,101.11359079381276,100.92387806859948,100.81025002143133,101.05280936972511,100.73430581726636,101.11359079381275,15.783686770760985,20.13723375986664,2.2047387969608496,0.24782642435094315,0.0014953009501693741,0.0006383474388103313
311,101.1191163129108,100.80317613192467,100.81575896397209,100.70198462819107,100.64407155616824,101.00657543400447,12.783686770760985,22.20692621394383,2.108359693203982,0.3230437819158488,0.0014658442850906922,-0.0005021782238820604
312,101.15108828357016,100.92646280817284,100.84763501871946,101.09442154436407,100.79744157943078,101.15108828357016,11.892775722995502,23.872822292529595,2.0196909177476634,0.39073940372426397,0.0014776608033016262,0.0008313929360794914
313,101.33164075393043,101.08973352869752,101.02764583166865,101.27361263911303,100.96950977582209,101.33164075393042,13.379969964469527,25.358162168079797,1.9381156443278504,0.45166546335183755,0.0014980401670619025,0.0009086581829054802
314,101.2495980911355,101.08973352869752,101.02764583166865,101.27361263911303,100.96950977582209,101.33164075393042,13.379969964469527,25.358162168079797,1.9381156443278504,0.45166546335183755,0.0014980401670619025,0.0009086581829054802
315,101.2548775332308,100.84412270673124,101.01223026423304,100.77169987162677,100.70919357344029,101.10049498143246,15.527565881158331,27.536186970615887,1.8230663927816224,0.5064989170166538,0.0014512632061799927,-0.00035921206073154976
316,101.25068948797951,100.79387867380878,100.92891389138973,101.16900399859264,100.8150989386911,101.2506894879795,19.6430269675495,25.618215823905683,1.7886324434600922,0.42244525923939125,0.0015103925553151278,0.0018573973584658956
317,101.14332849204332,100.88421733019759,100.92891389138973,101.07002464814019,100.68605019003587,101.14332849204332,19.05567257842441,25.033591459518767,1.725541847983285,0.4802007333154521,0.0015301746276767027,0.0009200466210684893
318,101.02836489991923,100.88421733019759,100.92891389138973,101.07002464814019,100.68605019003587,101.14332849204332,19.05567257842441,25.033591459518767,1.725541847983285,0.4802007333154521,0.0015301746276767027,0.0009200466210684893
319,100.98399831078208,100.50715934149531,100.61748865544168,101.05756827922835,100.25122387135113,101.58202419559059,18.59435944759257,24.52882310767079,1.6274985001446223,0.4321806599839069,0.0017660466640943857,0.0027306808300742724
320,101.09074999784211,100.84278628539023,100.7874777478486,101.02094769581228,100.65527558380148,101.09074999784211,19.742664496235854,25.721482514877444,1.5772986201330526,0.4889625939855162,0.0017659937985403777,0.0008825825566005687
321,101.15279945129807,100.85635020456394,100.84934105294417,101.06664644425175,100.69343054145156,101.15279945129807,23.784040939660986,23.761874628263893,1.6122694898074785,0.41045041428609313,0.0017271018865219498,0.0010414675058214081
322,101.07396909278012,100.73201161283923,100.79481462790959,100.56899842680203,100.49243018402582,100.97193987045667,22.92162311887574,22.941058274537017,1.5632879306228804,0.46940537285748385,0.0017206515728787788,-0.0008097981525532829
323,101.14551278474461,100.43382324659305,100.44100839178012,101.04700117752488,100.68216421195083,101.14551278474462,22.8443933637598,24.040885903980975,1.8657280268316834,0.3017756890262345,0.001884229495960045,0.0030433562731561805
324,101.07875455311324,100.83575227256046,100.7755182894539,101.00286828852609,100.60539911355596,101.07875455311326,24.415619573967422,21.040885903980975,1.796469784685149,0.37159812012361104,0.0018705319665625027,0.0008279684804674962
325,101.12507442184261,100.80050373347908,100.82169919857711,101.03896067204991,100.66591467796972,101.12507442184263,24.415619573967422,21.040885903980975,1.769546717490063,0.33017311416455,0.0018014159304883765,0.0011814188036672851
326,101.3081508740114,101.09498954964305,101.00422642138938,101.23441156749156,100.84815986907522,101.30815087401139,21.415619573967422,24.040885903980975,1.7079829800908581,0.39715580274809503,0.0017760211061849797,0.0006890843203149222
327,101.31444922010142,100.90567758270863,100.99255950081461,100.76292409190724,100.68958182231218,101.14884837501894,21.577759458971038,21.594748141149545,1.6513443416835896,0.45744022247328553,0.0017544032648938986,-0.0007078617574377715
328,101.32208686132071,101.10328436663012,101.01812060073676,101.25204617468378,100.88512613157263,101.32208686132073,22.84815601221361,22.83051237819747,1.5992367943489025,0.511696200225957,0.0017373572549734396,0.0007351514173395258
329,101.28319370279858,100.55681874493989,100.64265996484637,101.22919537691794,100.53518744057428,101.6747645590316,18.48902110121319,24.410038070017475,1.6280123236247726,0.3500002009545546,0.002106278819035232,0.0033321270302312206
330,101.22310044478398,100.97601447124174,100.91943114344963,101.15357027760338,100.78931970501422,101.22310044478398,17.400720904559574,23.379638689613284,1.5777713377347908,0.4150001808590992,0.002085313191737415,0.0008784256227620173
331,101.11267439445265,100.97601447124174,100.91943114344963,101.15357027760338,100.78931970501422,101.22310044478398,17.400720904559574,23.379638689613284,1.5777713377347908,0.4150001808590992,0.002085313191737415,0.0008784256227620173
332,100.91289033393517,100.97601447124174,100.91943114344963,101.15357027760338,100.78931970501422,101.22310044478398,17.400720904559574,23.379638689613284,1.5777713377347908,0.4150001808590992,0.002085313191737415,0.0008784256227620173
333,100.85562711049131,100.7767068363254,100.90406028223818,100.66707896909094,100.60134810139145,101.01287127967733,19.462377066551554,25.47543812377458,1.4782162973826742,0.4735001627731893,0.002025499692795346,-0.0005442107176260394
334,100.69271371791321,100.58804482727119,100.68201158090662,100.48653948891672,100.4019454133183,100.85466418924489,23.686283490706685,23.701023155360787,1.5411680150018072,0.39987411133686146,0.0018892968255380903,-0.0005048143637827778
335,100.76352575605688,100.75782918765451,100.69421128341546,100.92056535509174,100.51917133704981,100.99720289209172,22.87021427669235,22.850848454055033,1.4978745738016628,0.45988670020317535,0.0018727681502076214,0.0008069092765548167
336,100.88370152353487,100.75782918765451,100.69421128341546,100.92056535509174,100.51917133704981,100.99720289209172,22.87021427669235,22.850848454055033,1.4978745738016628,0.45988670020317535,0.0018727681502076214,0.0008069092765548167
337,100.85251700414751,100.79341479386636,100.72119101668821,100.95030330550881,100.56289809446484,101.02426380811252,24.46316909355418,24.444505195045263,1.41804460789753,0.5138980301828578,0.0018537215725517007,0.000777662437871689
338,100.91625610222562,100.7658020389589,100.72119101668821,100.59808278605654,100.51929695354622,101.01272264129597,25.387633545649567,25.407623535776917,1.3846010392657278,0.562508227164572,0.0018424482519487503,-0.0008329162553061262
339,100.8546897592763,100.81025845991529,100.7638446676689,100.9848351496722,100.55432506997302,101.06704580508415,26.248381917948958,26.227619071443527,1.3538329561244697,0.6062574044481148,0.0018357156152582535,0.0008651186043931765
340,100.69366684787514,100.81025845991529,100.7638446676689,100.9848351496722,100.55432506997302,101.06704580508415,26.248381917948958,26.227619071443527,1.3538329561244697,0.6062574044481148,0.0018357156152582535,0.0008651186043931765
341,100.78481763465507,101.059598932278,101.05929114410776,101.12985024839988,100.7121019646037,101.24268610661566,27.477203957235822,26.969635171364033,1.5283542128656373,0.37291684912830797,0.001675461766167272,0.0003474529279670895
342,100.6914246984561,100.96885889136482,100.99440792222276,100.77929992392757,100.69142469845607,101.24190461451558,24.477203957235822,29.696076365061373,1.4860858758363864,0.43562516421547715,0.001687683950554925,-0.0009395821431549659
343,100.81343153493322,100.96885889136482,100.99440792222276,100.77929992392757,100.69142469845607,101.24190461451558,24.477203957235822,29.696076365061373,1.4860858758363864,0.43562516421547715,0.001687683950554925,-0.0009395821431549659
344,100.88266312703445,102.61440332123067,102.6112753381026,100.79424633726698,100.21192044759663,101.72633723900711,25.225634881279152,26.696076365061373,1.4071990057694757,0.39206264779392946,0.002660244840182376,-0.008948277209546173
345,100.8379058018919,101.09291910854341,101.1413297912657,100.92182053877644,100.83790580189192,101.36351993542617,26.611595913564738,23.696076365061373,1.3746230853079178,0.45285638301453657,0.0026022654726064708,-0.0008469608211048243
346,100.66952865873661,101.28786911926028,101.21491876419391,100.78888915456113,100.6695286587366,101.17789306928407,19.695492125965988,18.269629959101835,2.18689908362872,0.22281137523117034,0.002436185587186343,-0.0024692595475181572
347,100.57855144774581,100.777036781186,100.88119503284436,100.63972381780368,100.5785514477458,100.96148968685586,16.695492125965988,18.008180826440103,2.0919471569384225,0.3005302377080533,0.0023718227290300056,-0.0006817355366751457
348,100.56585163598817,100.55777359208648,100.6919633303564,100.64000966079915,100.56585163598817,100.91576299071293,18.004904789747666,15.008180826440102,2.1616333982588296,0.21398763877015445,0.002094882965700805,0.0004087324789722905
349,100.63788622578282,100.55777359208648,100.6919633303564,100.64000966079915,100.56585163598817,100.91576299071293,18.004904789747666,15.008180826440102,2.1616333982588296,0.21398763877015445,0.002094882965700805,0.0004087324789722905
350,100.4953131737545,100.55777359208648,100.6919633303564,100.64000966079915,100.56585163598817,100.91576299071293,18.004904789747666,15.008180826440102,2.1616333982588296,0.21398763877015445,0.002094882965700805,0.0004087324789722905
351,100.57533666056004,100.57087935800261,100.6919633303564,100.64805761763,99.83869819432594,101.6507609995395,15.004904789747666,18.008180826440103,2.0153693930647902,0.192588874893139,0.0020152164291496384,0.00038355365944874894
352,100.62975901385911,100.57087935800261,100.6919633303564,100.64805761763,99.83869819432594,101.6507609995395,15.004904789747666,18.008180826440103,2.0153693930647902,0.192588874893139,0.0020152164291496384,0.00038355365944874894
353,100.84205552224287,100.66045732516741,100.6919633303564,100.7887595172234,100.50941726734176,100.84205552224286,15.757609682314282,15.74232417930956,1.8941398416196071,0.2733299874038251,0.0019707309687582095,0.0006368959585300939
354,100.97019307184227,100.81124252066382,100.6919633303564,100.91927692637913,100.65238809954086,100.97019307184227,17.611333970884377,17.598481053317546,1.8226086542900388,0.3459969886634426,0.0019167517046106,0.0005355382319513603
355,101.04417915015478,100.86635674292255,100.7410466127043,100.98722109401287,100.68871763341996,101.04417915015476,19.271562129268922,19.257191591687906,1.756799961946836,0.41139728979709833,0.001873599298826107,0.0005987723992088451
356,101.14612020626116,100.95134118470436,100.84268184564236,101.0837267786348,100.75679218033694,101.14612020626116,20.75629411017834,20.740567858857915,1.6962559649910893,0.47025756081738856,0.0018398146087525381,0.0006552604716842861
357,101.25810710357855,100.96796637882537,100.9543327822678,101.17939654530417,100.83835364765018,101.25810710357855,25.083521634197133,19.066582784066284,1.6976332804776058,0.3976561715990938,0.0017680280783797626,0.0010459209728012318
358,101.2951471830346,101.10201195209567,100.99126174148549,101.22353687720965,100.84841250168954,101.29514718303462,24.81412548387966,18.79971011113207,1.6418226180393973,0.45789055443918436,0.0017340232660826417,0.0006006405311496643
359,101.34791018405711,101.25283960147172,101.15263399083258,101.26510635012532,100.90636586113528,101.3479101840571,23.137540041027513,23.123342332710084,1.6585719107050716,0.3891971392364021,0.0016025464649085087,6.057116862387624e-05
360,101.27983764799365,101.25283960147172,101.15263399083258,101.26510635012532,100.90636586113528,101.3479101840571,23.137540041027513,23.123342332710084,1.6585719107050716,0.3891971392364021,0.0016025464649085087,6.057116862387624e-05
361,101.44234733749418,101.25283960147172,101.15263399083258,101.26510635012532,100.90636586113528,101.3479101840571,23.137540041027513,23.123342332710084,1.6585719107050716,0.3891971392364021,0.0016025464649085087,6.057116862387624e-05
362,101.5830572346097,101.38957717091009,101.32309757225737,101.49502220043233,101.11366853530876,101.58305723460971,23.560619263683773,23.54814576536811,1.4823245364552928,0.34221084323769907,0.0015359662960775073,0.0005197290964863283
363,101.54158889674797,101.41029023663233,101.34470736006877,101.57297745258393,101.17136131286384,101.64965632905596,24.66472223170188,24.645486689643228,1.4437385735388695,0.4079897589139292,0.0015399860492000615,0.0008014809191104618
364,101.55045814445347,101.41029023663233,101.34470736006877,101.57297745258393,101.17136131286384,101.64965632905596,24.66472223170188,24.645486689643228,1.4437385735388695,0.4079897589139292,0.0015399860492000615,0.0008014809191104618
365,101.47924696034352,101.41029023663233,101.34470736006877,101.57297745258393,101.17136131286384,101.64965632905596,24.66472223170188,24.645486689643228,1.4437385735388695,0.4079897589139292,0.0015399860492000615,0.0008014809191104618
366,101.5052381428791,105.02454504100923,104.95361174452204,101.63047957428815,101.23597212524865,101.73702106865736,24.52414594450949,20.676637900971023,1.5052982376230977,0.269849396273817,0.003151072616333309,-0.01642382261471442
367,101.55712045823832,101.80679292301697,101.8627085839903,101.63067819380758,101.5571204582383,102.0177312919572,21.524145944509492,22.13108214569596,1.46487437861325,0.3428644566464353,0.003065891642628357,-0.0008656946443669093
368,101.5936754953425,101.80679292301697,101.8627085839903,101.63067819380758,101.5571204582383,102.0177312919572,21.524145944509492,22.13108214569596,1.46487437861325,0.3428644566464353,0.003065891642628357,-0.0008656946443669093
369,101.59198549154502,101.70587040428225,101.79233420710409,101.5579464938264,101.48695720448274,101.93145574631745,24.17849718384142,19.13108214569596,1.3876844283241903,0.4085780109817918,0.002969267372948032,-0.0007277434455046069
370,101.50937397750853,102.03641288291551,101.95594317964182,101.58112814523061,100.88605937513503,102.53858016845847,21.657997332083134,19.13108214569596,1.476202345765439,0.2794673595115456,0.0029990832709073543,-0.002235979942523621
371,101.33711391595804,101.26535009070065,101.35007986207717,101.4249635695125,101.33711391595804,101.75172824996383,18.657997332083134,18.718530447069156,1.8169837865905976,0.20303831216848187,0.0026197195080048565,0.0007874746253509408
372,101.26882261674662,101.26535009070065,101.35007986207717,101.4249635695125,101.33711391595804,101.75172824996383,18.657997332083134,18.718530447069156,1.8169837865905976,0.20303831216848187,0.0026197195080048565,0.0007874746253509408
373,101.17067015679872,102.06337241459562,101.94801399775537,101.43449808611156,100.58901277046792,102.50847674925664,18.683878001520174,15.718530447069156,1.7116250836633498,0.1827344809516337,0.0028333763834981814,-0.0030903238787546596
374,101.23101467328136,101.65561707250697,101.54071952629648,101.29628635859866,101.23101467328136,101.58017662210771,18.683878001520174,15.718530447069156,1.70866216003682,0.20099038497091745,0.002684206748958577,-0.0017705215266941036
375,101.18780200659998,101.37721395636946,101.49227884312937,101.2435633460984,101.1878020066,101.5368149080325,21.56583036401225,12.718530447069156,1.6519691872338744,0.28089134647382574,0.0026023075077391297,-0.000659609601988453
376,101.22305688848581,101.37721395636946,101.49227884312937,101.2435633460984,101.1878020066,101.5368149080325,21.56583036401225,12.718530447069156,1.6519691872338744,0.28089134647382574,0.0026023075077391297,-0.000659609601988453
377,101.302569064968,101.23962286464995,101.32526701240563,101.07677237241333,101.02129121136838,101.36854876203046,20.686819872961472,14.70613818776784,1.5598116522551646,0.3528022118264432,0.0025427606521675602,-0.0008049297835986051
378,101.26381713946078,101.0688329928283,101.16324344888568,100.91693756865752,100.859753718539,101.2176851192693,22.18369367760876,16.201741930067165,1.5150267200747516,0.4175219906437989,0.0024804362923406017,-0.0007520105191002361
379,101.37480793639126,101.21056308875168,101.16324344888568,101.3125047497486,100.98604067590178,101.37480793639125,23.717777664090775,17.705697065618523,1.4738245824687717,0.475769791579419,0.002392013112262856,0.0005033582696771744
380,101.39053960688615,101.21102058892623,101.16324344888568,101.30191701665238,100.50407459740237,101.86094960612408,24.14452365585439,18.13375143413255,1.43591861587127,0.4281928124214771,0.0023023534377532126,0.00044884257174317366
381,101.46282658975863,101.27883642204029,101.16324344888568,101.39414095712132,101.03430349585736,101.46282658975862,25.48560814662843,19.471954087376282,1.4010451266015684,0.48537353117932946,0.0022324825351144233,0.0005689191355062477
382,101.53223535739465,101.33453225486787,101.22763865132248,101.45914372557124,101.07627503679095,101.53223535739467,26.68684482410522,20.672097444620025,1.368961516473443,0.5368361780613965,0.002172270489714006,0.0006144741452163055
383,101.48663848887014,101.33453225486787,101.22763865132248,101.45914372557124,101.07627503679095,101.53223535739467,26.68684482410522,20.672097444620025,1.368961516473443,0.5368361780613965,0.002172270489714006,0.0006144741452163055
384,101.51067691241947,101.33453225486787,101.22763865132248,101.45914372557124,101.07627503679095,101.53223535739467,26.68684482410522,20.672097444620025,1.368961516473443,0.5368361780613965,0.002172270489714006,0.0006144741452163055
385,101.55499448971001,101.28938444614496,101.2379338890513,101.41511937352618,100.31853409574254,102.29914380816047,24.07037156462792,20.755082842234753,1.8088192048535983,0.21209237829061164,0.001873176743727091,0.0006202867968491941
386,101.45687583820889,100.9517822234891,101.0421996663321,101.39804331327205,99.94340852092502,102.68311135231663,21.734645662893822,19.620644024293934,1.7784086614029422,0.14507118675077835,0.0020003253991396383,0.0022053939932944965
387,101.57880858955515,101.3795044251804,101.27407216378649,101.51154796214372,101.1591596645643,101.57880858955517,23.52780331544131,16.620644024293934,1.716135968490707,0.2305640680757005,0.0019584030928174443,0.0006508100550005516
388,101.73732128421148,101.58653871600566,101.44665219115414,101.66080731224756,101.32925957659556,101.73732128421149,21.34905041135693,15.340280573301786,1.7118991709889313,0.23370582256377914,0.0018099205362882515,0.0003654099189642884
389,101.66487009418775,101.66850698182266,101.51923481544277,101.76489605942143,101.45145437374244,101.82470894226958,23.0587578753625,17.047386400335352,1.6549472373098169,0.31033524030740123,0.0017581826835014573,0.00047381145946434383
390,101.8881875553925,101.49496067488946,101.55007362772241,101.81164146253961,101.47995383424515,101.8881875553925,25.950554523455576,15.573407150339545,1.6679901374935246,0.28826930437026244,0.0017069897371204045,0.001557651273105667
391,101.98785561248526,101.82902577250093,101.68189204564779,101.92004427987222,101.56477380396296,101.98785561248526,27.5342902790882,15.52356903174043,1.6145509264940427,0.3594423739332362,0.001658176593197907,0.0004467186394906709
392,102.07399411362766,101.91553884423081,101.76777213128678,102.00361526318183,101.63492164118213,102.07399411362765,29.002941159177638,16.992575119439604,1.5653868523745194,0.42349813653991264,0.0016105161995192548,0.0004319183224182767
393,102.25119671919943,102.32612703621106,102.20623965312834,102.16308440866852,101.78139099021276,102.25119671919941,27.316808717241578,21.30524228861809,1.6037216052639551,0.36567272539330026,0.0015252533342931776,-0.000797316525358508
394,102.23767650786455,102.32612703621106,102.20623965312834,102.16308440866852,101.78139099021276,102.25119671919941,27.316808717241578,21.30524228861809,1.6037216052639551,0.36567272539330026,0.0015252533342931776,-0.000797316525358508
395,102.19704143978713,102.10582507952813,102.13330446365774,101.90624990227607,101.82690455026678,102.32382847528463,26.938587053376263,20.96206509630327,1.5154238768428387,0.4291054528539703,0.001551128386317175,-0.0009782517886250913
396,102.20958354530747,102.07013191275055,102.10147382080487,101.87331129368572,101.79516939934241,102.28454143433974,27.890740278127517,21.91390206643161,1.4741899666954117,0.4861949075685733,0.001573869660612247,-0.0009650745126706414
397,102.37785686457752,102.15350703166739,102.10147382080487,102.29620394434936,101.86859333835538,102.37785686457754,28.93311130556308,22.916360360364784,1.436254769359779,0.537575416811716,0.0015631922205671764,0.0006979560499291441
398,102.20370004739607,102.11492128732252,102.10147382080487,101.90408592359836,101.81947104896601,102.34946901879516,29.64247527575999,23.667277125345247,1.4013543878109966,0.5838178751305444,0.0015934099794041726,-0.0010334103993858632
399,102.2193585262966,102.11492128732252,102.10147382080487,101.90408592359836,101.81947104896601,102.34946901879516,29.64247527575999,23.667277125345247,1.4013543878109966,0.5838178751305444,0.0015934099794041726,-0.0010334103993858632
400,102.19885143175809,102.37305160770165,102.30806779213805,101.91847744374074,101.36161908478222,102.81178311604954,29.052602901889916,23.10600589899762,1.329246036786117,0.5254360876174899,0.0017648208068595456,-0.002225124879487519
401,102.16169376722355,102.37305160770165,102.30806779213805,101.91847744374074,101.36161908478222,102.81178311604954,29.052602901889916,23.10600589899762,1.329246036786117,0.5254360876174899,0.0017648208068595456,-0.002225124879487519
402,102.06488405347912,102.67229297115993,102.59655641088115,101.9439035909743,100.85691633363716,103.32626830630807,25.58958667323649,24.666335848306407,1.2930669559977177,0.35939828393036316,0.002010712184437526,-0.00355978359691794
403,102.00108828620067,102.26277449935037,102.3080123231702,102.08324314997449,102.00108828620067,102.51564302741228,24.61109590799286,24.632181478607766,1.2696215995179003,0.42345845553732686,0.00199549733357163,-0.0008785654422879513
404,102.06811780730358,101.04057297088731,101.08574195030295,101.86516250520523,101.77118730214909,102.27419896532021,28.09974317883082,22.563134113963663,1.3914804598140453,0.3656455835875316,0.0021015427986887914,0.004063904514000702
405,102.13608597893192,101.90563495835013,101.82967772099512,102.05322118576251,101.61928274126959,102.13608597893192,25.09974317883082,25.563134113963663,1.3601620230289218,0.42908102522877845,0.002062283186763593,0.0007236078403386486
406,102.19072162947931,101.9294901172576,101.8841494645909,102.10781375901,101.67364971482836,102.19072162947931,24.27891168066264,24.257936264301268,1.3313490611866081,0.4861729227059006,0.002043423304067551,0.0008739756817240285
407,102.22511889390151,101.6098222062849,101.6584571492459,102.13216554803459,101.72955244998043,102.22511889390151,28.224263734651615,22.208103737034644,1.43577608630751,0.4085422791308361,0.0020525222020805894,0.0025637491196933066
408,101.99712842576369,101.67484830753858,101.68093705448987,101.90075576452294,101.48337208510644,101.99712842576372,26.402951584248594,22.208103737034644,1.5107129195342692,0.3554429189254919,0.0019600150582314594,0.0011096980800527892
409,101.87340299317404,101.67484830753858,101.68093705448987,101.90075576452294,101.48337208510644,101.99712842576372,26.402951584248594,22.208103737034644,1.5107129195342692,0.3554429189254919,0.0019600150582314594,0.0011096980800527892
410,101.81745840412619,101.67484830753858,101.68093705448987,101.90075576452294,101.48337208510644,101.99712842576372,26.402951584248594,22.208103737034644,1.5107129195342692,0.3554429189254919,0.0019600150582314594,0.0011096980800527892
411,101.91024090474355,101.68391758455567,101.68093705448987,101.8878800300082,100.79666521556169,102.69201380331087,27.99951631043571,19.208103737034644,1.4165225526381944,0.3198986270329427,0.0019626444711711333,0.0010019189683568742
412,101.84968419466502,101.90083246612464,101.7906505061646,102.01976013353551,101.61551506405641,102.09694133015499,26.313324611816693,20.29932767319723,1.383200748427139,0.3879087643296485,0.0019148705039327715,0.0005832057758108605
413,101.65203250242827,101.90083246612464,101.7906505061646,102.01976013353551,101.61551506405641,102.09694133015499,26.313324611816693,20.29932767319723,1.383200748427139,0.3879087643296485,0.0019148705039327715,0.0005832057758108605
414,101.59269322958076,100.55967613382357,100.50711047147,101.69336110501914,101.59269322958075,102.06791365805034,23.503649980599505,21.78564599851329,1.5447921885156257,0.2594104920491245,0.002444042408331398,0.005605280329396336
415,101.5724710112695,101.35797283463769,101.30498987783325,101.48629507075172,101.11297653488684,101.57247101126949,23.503649980599505,21.78564599851329,1.588942874478813,0.25343677656160113,0.002279602358877318,0.0006326145542050678
416,101.44840692247345,101.35797283463769,101.30498987783325,101.48629507075172,101.11297653488684,101.57247101126949,23.503649980599505,21.78564599851329,1.588942874478813,0.25343677656160113,0.002279602358877318,0.0006326145542050678
417,101.38192292598356,101.35797283463769,101.30498987783325,101.48629507075172,101.11297653488684,101.57247101126949,23.503649980599505,21.78564599851329,1.588942874478813,0.25343677656160113,0.002279602358877318,0.0006326145542050678
418,101.19176089001964,101.38342230601339,101.30498987783325,101.1747449040217,101.08890640160126,101.54829149446391,22.806800541948792,21.78564599851329,1.4323587400593296,0.24935075516813518,0.0021678703945863112,-0.0010302097657475151
419,101.05624010043184,101.47380756739118,101.38656261927586,101.14072841085833,101.05624010043184,101.50838647469466,24.401808814797707,18.42063691441891,1.508260631866575,0.24655591653500447,0.002102656787793441,-0.0016439055318745377
420,101.05284515254482,101.63145088980541,101.50732775001478,101.13397386550172,101.0528451525448,101.48698104555599,20.78759896796581,20.808686021564064,1.5627278294274543,0.24464424690994305,0.002104224659390242,-0.0024534608151464904
421,101.09264747527212,101.30323257255982,101.39683798923986,101.16002123674785,101.09264747527212,101.51447084761114,20.266531979540012,20.283508255455853,1.517709603073258,0.32017982221894875,0.002062852573562492,-0.0007073448298269841
422,101.17659661635942,101.30323257255982,101.39683798923986,101.16002123674785,101.09264747527212,101.51447084761114,20.266531979540012,20.283508255455853,1.517709603073258,0.32017982221894875,0.002062852573562492,-0.0007073448298269841
423,101.22170650629313,101.30323257255982,101.39683798923986,101.16002123674785,101.09264747527212,101.51447084761114,20.266531979540012,20.283508255455853,1.517709603073258,0.32017982221894875,0.002062852573562492,-0.0007073448298269841
424,101.2861339695189,101.22816964021231,101.32699623519358,101.0886468890971,101.02301524648794,101.43391320179349,22.288646670742516,22.30519767270176,1.422959501494064,0.3881618399970539,0.002021836442063927,-0.0006896250816352346
425,101.29752990776439,101.22816964021231,101.32699623519358,101.0886468890971,101.02301524648794,101.43391320179349,22.288646670742516,22.30519767270176,1.422959501494064,0.3881618399970539,0.002021836442063927,-0.0006896250816352346
426,101.15934860778107,101.22816964021231,101.32699623519358,101.0886468890971,101.02301524648794,101.43391320179349,22.288646670742516,22.30519767270176,1.422959501494064,0.3881618399970539,0.002021836442063927,-0.0006896250816352346
427,101.18266649268911,101.22816964021231,101.32699623519358,101.0886468890971,101.02301524648794,101.43391320179349,22.288646670742516,22.30519767270176,1.422959501494064,0.3881618399970539,0.002021836442063927,-0.0006896250816352346
428,101.10570610472992,101.22816964021231,101.32699623519358,101.0886468890971,101.02301524648794,101.43391320179349,22.288646670742516,22.30519767270176,1.422959501494064,0.3881618399970539,0.002021836442063927,-0.0006896250816352346
429,101.03745419257183,101.1677447105789,101.24599347938407,101.01438412173485,100.94225549894588,101.39390582179513,24.2251338192701,24.243338465514125,1.3251227413745388,0.44934565599734855,0.0019915495042173814,-0.0007585269268345303
430,101.08496592133602,101.1677447105789,101.24599347938407,101.01438412173485,100.94225549894588,101.39390582179513,24.2251338192701,24.243338465514125,1.3251227413745388,0.44934565599734855,0.0019915495042173814,-0.0007585269268345303
431,101.33427940017495,101.1677447105789,101.24599347938407,101.01438412173485,100.94225549894588,101.39390582179513,24.2251338192701,24.243338465514125,1.3251227413745388,0.44934565599734855,0.0019915495042173814,-0.0007585269268345303
432,101.49854712052426,101.27402085742781,101.22019332384627,101.39407105447314,101.00719526777615,101.49854712052426,27.74076043841355,21.698088472411857,1.4389056351174212,0.29134784581366163,0.0018774902726174578,0.0005923487802781927
433,101.5532313802643,101.33288028034947,101.24857168612351,101.47283148456903,101.0517751647103,101.5532313802643,24.74076043841355,24.698088472411857,1.4037931843080276,0.36221306123229546,0.0018476499005718777,0.0006900752597233362
434,101.43925068513555,101.33288028034947,101.24857168612351,101.47283148456903,101.0517751647103,101.5532313802643,24.74076043841355,24.698088472411857,1.4037931843080276,0.36221306123229546,0.0018476499005718777,0.0006900752597233362
435,101.51813143975555,101.24298797308319,101.24857168612351,101.07252295751373,100.99250512193207,101.49365790732156,24.682433196548587,24.702654880762758,1.3314897295633854,0.42599175510906595,0.0018378993515348727,-0.000842570175590394
436,101.46595694709781,100.95885842411434,101.01270551278742,100.78937422422396,100.70966739624903,101.20887120574103,25.622024532240964,25.642186398067363,1.3049705511983147,0.4833925795981594,0.0018284347432895305,-0.0008400777427666357
437,101.47875287771359,101.21853916804022,101.17431661908046,100.80293065731989,100.34205784627804,101.57965638192321,24.730976775198375,24.780350756418837,1.2805729071024496,0.4350533216383435,0.0019655989130690863,-0.0020572492175193573
438,101.55071945022854,101.1046236196423,101.16835812985296,100.82688119591869,99.94836771052297,101.97977205791682,26.71509388936295,20.772526966959195,1.399339118136718,0.2975764720006269,0.002089264964474331,-0.0013754288810816824
439,101.62116709906604,101.41007425566812,101.31630359776885,100.83744119884327,99.53160180549688,102.40678911807757,23.71509388936295,23.772526966959195,1.3673919886857808,0.26781882480056424,0.002303671709853435,-0.0028313477944981297
440,101.68541368421985,101.58456041991357,101.51640505840136,100.86432232527312,99.07408032350064,102.87970096112261,19.32240640467376,20.30641235881492,1.7560795830431148,0.13922293788432533,0.0025854216529824637,-0.0035576293871030767
441,101.59438698305662,101.42616515388933,101.51640505840136,101.29445562598816,101.23018539557225,101.63254438943409,20.956783761811156,17.30641235881492,1.6955932163996659,0.22530064409589282,0.002508261513495914,-0.0006497095726842433
442,101.55907244422005,101.97392936079427,101.8442634546846,101.30538562246899,100.72363346651933,102.14366734680969,17.956783761811156,20.225709741548314,1.6399457590876927,0.20277057968630355,0.0027524224942253733,-0.003288793738705397
443,101.45245237628455,102.0067109105008,101.90680452266567,101.53477398175883,101.45245237628455,101.84093659149276,17.97217646737764,17.225709741548314,1.908635559842636,0.16316825814412803,0.0026105746697262927,-0.0023186277185300213
444,101.49731314538566,101.68005433335482,101.8027213093136,101.55453950554937,101.49731314538566,101.8555076744326,14.97217646737764,19.404336214716892,1.8359447150552253,0.24685143232971524,0.0025280505118410335,-0.0006175859406343262
445,101.34514727119318,101.72634892200499,101.65009756388481,101.4104438183224,101.34514727119318,101.69444185026389,14.97217646737764,19.404336214716892,1.7978739275236297,0.24484637971352524,0.0023805514506716977,-0.0015551348400307567
446,101.2075631787765,101.39991941629796,101.51209947720811,101.27277108065317,101.20756317877648,101.55638356269388,12.807795975961445,18.822852568184068,1.7705543303909568,0.24347492372405125,0.0021945546000952548,-0.000627358009275993
447,101.29544792035617,101.28832332967787,101.4629842644759,101.20984567645786,101.15859531168252,101.47933638843355,14.732768821841852,20.74206996113869,1.7089099839596804,0.3191274313516461,0.002109387022902005,-0.00038754747070150015
448,101.21111757140332,101.08299908386232,101.2377892057475,100.99143438290254,100.93407583813023,101.29310194457383,16.454349971028,22.46522493816429,1.652197185242906,0.38721468821648153,0.002037198640930759,-0.0004531236306786492
449,101.16466182051171,101.08299908386232,101.2377892057475,100.99143438290254,100.93407583813023,101.29310194457383,16.454349971028,22.46522493816429,1.652197185242906,0.38721468821648153,0.002037198640930759,-0.0004531236306786492
450,100.91513838804468,101.09220836081566,101.21879477236176,101.01016326692742,100.35415920429458,101.87844444732838,17.599709216855217,23.609452211147953,1.5248167001303097,0.26485484674007337,0.0018692334703670878,-0.00040595809553069646
451,100.9599670881122,101.61872084498677,101.56659272510709,101.31765032126869,100.97850015012129,101.39592292589519,21.90343350663585,21.88298916744266,1.5746084640135103,0.2571607151702102,0.001836757439718546,-0.0014835710424300646
452,101.03459952370717,101.62837464922102,101.5417997128857,101.11754056283911,101.03459952370717,101.47845095930882,24.481642196509945,18.499538931714042,1.610339033776095,0.2518979291764238,0.0018582485265818045,-0.0025195776982613817
453,100.84974318276117,101.09724584273863,101.15320279113458,100.91919742522444,100.84974318276117,101.28461771559998,23.855780306028713,17.876932851589924,1.5615119110740074,0.3267081362587814,0.0018525163701780824,-0.0008813560650506943
454,100.91595394895411,101.09724584273863,101.15320279113458,100.91919742522444,100.84974318276117,101.28461771559998,23.855780306028713,17.876932851589924,1.5615119110740074,0.3267081362587814,0.0018525163701780824,-0.0008813560650506943
455,101.11890651632672,101.09724584273863,101.15320279113458,100.91919742522444,100.84974318276117,101.28461771559998,23.855780306028713,17.876932851589924,1.5615119110740074,0.3267081362587814,0.0018525163701780824,-0.0008813560650506943
456,101.05622610533418,101.09724584273863,101.15320279113458,100.91919742522444,100.84974318276117,101.28461771559998,23.855780306028713,17.876932851589924,1.5615119110740074,0.3267081362587814,0.0018525163701780824,-0.0008813560650506943
457,101.27606904019501,101.09724584273863,101.15320279113458,100.91919742522444,100.84974318276117,101.28461771559998,23.855780306028713,17.876932851589924,1.5615119110740074,0.3267081362587814,0.0018525163701780824,-0.0008813560650506943
458,101.32913915460477,101.17069470910911,101.15320279113458,101.24992371523828,100.90669730125825,101.32913915460476,26.481207632114625,20.47181384524696,1.3750209473867079,0.2994683652010065,0.001723584308937756,0.0003914077861527695
459,101.54714105586575,101.19571642317754,101.11110777268304,101.43490505295881,101.07089705205834,101.54714105586575,22.69817819830902,18.75556674364191,2.1870727853743164,0.16221108257422934,0.0016415011307279925,0.0011804169973857412
460,101.47695843030095,101.28663264362282,101.17252755501005,101.4096047116054,101.05673043993765,101.47695843030095,19.69817819830902,20.868271723370356,2.092106962544371,0.24598997431680641,0.0016158128581268384,0.0006066815525887523
461,101.49299163425125,100.77815202919022,100.85195986345511,100.91285126104431,100.83616890465204,101.24647371444401,19.69817819830902,20.868271723370356,1.9816959563218408,0.24425714243269556,0.0015423661350691133,0.0006678494809223318
462,101.53500472205964,101.32311871526227,101.23039970789345,100.92310620904426,100.52559558447979,101.55927418396027,22.500824916030098,17.868271723370356,1.9031602798160936,0.219831428189426,0.0016871663638659013,-0.001977849061794508
463,101.58355398222017,103.27071886890731,103.14520937510844,100.9492106557106,100.18696043247411,101.90254780063069,16.674287695437478,18.136412242542676,2.0559640971009023,0.11427716962999122,0.0027838171152498566,-0.0113676868785564
464,101.6120326392673,101.78174645151495,101.91778599725906,100.95655976936892,99.63070602957042,102.47148626488668,17.951157527305355,15.136412242542676,1.9714869693328303,0.10284945266699211,0.0031052155124834894,-0.00407020605788718
465,101.69269628918595,101.78174645151495,101.91778599725906,100.95655976936892,99.63070602957042,102.47148626488668,17.951157527305355,15.136412242542676,1.9714869693328303,0.10284945266699211,0.0031052155124834894,-0.00407020605788718
466,101.69721914280827,101.78174645151495,101.91778599725906,100.95655976936892,99.63070602957042,102.47148626488668,17.951157527305355,15.136412242542676,1.9714869693328303,0.10284945266699211,0.0031052155124834894,-0.00407020605788718
467,101.58512850166196,100.59202286180323,100.74385771697445,100.96954255095629,98.5647436778502,103.57969942922256,17.951157527305355,15.04761925181036,1.7068723825265726,0.0703490256242226,0.003303770349914991,0.001872974584117649
468,101.7291930286007,101.57611481225186,101.42400544951492,100.97526632405041,97.91562003956459,104.26637262108775,14.951157527305355,18.035596804218113,1.6503225919244469,0.06331412306180034,0.0034615132152240225,-0.002966400351509418
469,101.7657022256013,101.5821617082174,101.46040511892451,100.98053248186837,97.24008867291666,104.99071590535878,17.951157527305355,15.035596804218114,1.5982967845704912,0.05698271075562031,0.00361023414827443,-0.002970088982843297
470,101.68264535605854,102.05714029416903,101.93481439455982,100.98983529408439,96.54049841955771,105.7515414940289,17.936922675337023,15.035596804218116,1.6273377726077844,0.0389761741568443,0.004028702346064908,-0.005256443721914655
471,101.64690510818588,101.82955599538118,101.93481439455982,100.99393655597382,95.76575794483524,106.60706648770055,14.936922675337023,18.035596804218116,1.5771507507991618,0.035078556741159866,0.004281375104139894,-0.004119934179694563
472,101.60118505161252,101.93227928769204,101.90690576891929,101.67236520156806,101.60118505161252,101.93702248298126,17.936922675337023,15.018430366012877,1.8734874354433133,0.07599523693632454,0.003770514617130303,-0.0012765626578704668
473,101.55689257592448,102.02024820780771,101.86706553620354,101.62800455109756,101.5568925759245,101.89240812183643,14.936922675337023,18.00760547233877,2.039355375265815,0.09726536396897895,0.0033732413015102607,-0.0019260840758330458
474,101.4304550920778,101.58218762024534,101.73566207831276,101.48397893176441,101.43045509207782,101.7654428147379,17.936922675337023,15.00760547233877,1.9562069452445499,0.18753882757208107,0.003228882308782101,-0.00048362900698070303
475,101.38748029596287,101.7858029818897,101.69255796987248,101.50145522624891,100.7775515058662,102.42474661378175,17.936922675337023,15.004525747474766,1.884174103907489,0.12827655805930346,0.0029795074034590753,-0.0013987485401060092
476,101.45131880084425,101.47502823400056,101.62834079135372,101.51395148175574,101.45131880084422,101.78634381765093,17.936922675337023,15.004525747474766,1.8324833369640143,0.16374116571256359,0.002715701790564607,0.0001917505463088074
477,101.39003933712192,101.47502823400056,101.62834079135372,101.51395148175574,101.45131880084422,101.78634381765093,17.936922675337023,15.004525747474766,1.8324833369640143,0.16374116571256359,0.002715701790564607,0.0001917505463088074
478,101.39093320135734,101.47502823400056,101.62834079135372,101.51395148175574,101.45131880084422,101.78634381765093,17.936922675337023,15.004525747474766,1.8324833369640143,0.16374116571256359,0.002715701790564607,0.0001917505463088074
479,101.41688464721436,101.47502823400056,101.62834079135372,101.51395148175574,101.45131880084422,101.78634381765093,17.936922675337023,15.004525747474766,1.8324833369640143,0.16374116571256359,0.002715701790564607,0.0001917505463088074
480,101.58551239311525,101.47502823400056,101.62834079135372,101.51395148175574,101.45131880084422,101.78634381765093,17.936922675337023,15.004525747474766,1.8324833369640143,0.16374116571256359,0.002715701790564607,0.0001917505463088074
481,101.60463814687535,101.16023558466024,101.31307254060738,101.87754869887479,101.60491228789336,101.94044451999493,17.936922675337023,15.004525747474766,1.5694700426053767,0.18799895734739352,0.002666507269489281,0.0035329045613147424
482,101.51047905418099,101.65302222433617,101.52242171641363,101.44784851570859,101.17636203341335,101.51047905418099,15.99558890168207,16.019833844547748,1.6066517025736184,0.20459128682561717,0.0024716762128515687,-0.0010102059527365907
483,101.40925351940864,101.29056973857699,101.41457677806777,101.47009793999753,101.40925351940864,101.73470077293979,16.677671510873065,16.656421448504343,1.6333332617668288,0.21594044018872216,0.0022984717561993144,0.0008854192653632677
484,101.39692105641969,101.20363875543447,101.32123114281681,101.4415558795521,101.16685394656221,101.50492945110413,17.19492246814004,17.16674508653912,1.6524799486438764,0.22370326108908595,0.0021652878899649525,0.001174057566705052
485,101.30942999647337,101.20363875543447,101.32123114281681,101.4415558795521,101.16685394656221,101.50492945110413,17.19492246814004,17.16674508653912,1.6524799486438764,0.22370326108908595,0.0021652878899649525,0.001174057566705052
486,101.22123140149472,101.52593617463378,101.39542130115176,101.64457658352289,101.35136311453097,101.70052286976107,19.369737923068453,19.355723242617618,1.5602815527523664,0.3013329349801773,0.0021054440267860687,0.0005839450187849143
487,101.07756937910219,101.12640967604912,101.21944804170214,101.15094226643724,101.0775693791022,101.47013673601305,23.82739604290896,17.84321977021523,1.600058042255098,0.28211172752644126,0.001942018787835358,0.00012128194359140489
488,101.19766637642388,101.12640967604912,101.21944804170214,101.15094226643724,101.0775693791022,101.47013673601305,23.82739604290896,17.84321977021523,1.600058042255098,0.28211172752644126,0.001942018787835358,0.00012128194359140489
489,101.1527202204988,100.86057265697461,100.76802394589515,101.16978247601348,100.5238866238909,102.02903141036909,23.827396042908955,17.84321977021523,1.4874016511222585,0.19296442162808583,0.002128605469430322,0.001530511683926507
490,101.13634610677623,100.74865864904808,100.8131045655923,101.05739910379744,100.71533471316481,101.13634610677623,20.62248791634355,20.609066205787762,1.5477594248453328,0.20798766439361072,0.0020357111277600594,0.0015298869527864737
491,101.0712694011319,100.69809000116915,100.79460256249467,100.99320670406657,100.6549664129046,101.0712694011319,23.444404294022625,17.42757252807302,1.5910721632690108,0.2182635624452297,0.0019656563223185404,0.0014632099040382369
492,101.05766490403906,100.88154592557576,100.79460256249467,100.99153063968411,100.64503515072725,101.05766490403906,23.479995818271068,17.46692011157698,1.54378639020749,0.29643720620070674,0.0019130954829186318,0.0005448211122536017
493,101.02459706740312,100.88154592557576,100.79460256249467,100.99153063968411,100.64503515072725,101.05766490403906,23.479995818271068,17.46692011157698,1.54378639020749,0.29643720620070674,0.0019130954829186318,0.0005448211122536017
494,100.91631879841975,100.88154592557576,100.79460256249467,100.99153063968411,100.64503515072725,101.05766490403906,23.479995818271068,17.46692011157698,1.54378639020749,0.29643720620070674,0.0019130954829186318,0.0005448211122536017
495,101.01838537729704,100.88154592557576,100.79460256249467,100.99153063968411,100.64503515072725,101.05766490403906,23.479995818271068,17.46692011157698,1.54378639020749,0.29643720620070674,0.0019130954829186318,0.0005448211122536017
496,100.97784906606472,100.88154592557576,100.79460256249467,100.99153063968411,100.64503515072725,101.05766490403906,23.479995818271068,17.46692011157698,1.54378639020749,0.29643720620070674,0.0019130954829186318,0.0005448211122536017
497,100.86756673364758,100.55754187859038,100.62330272047132,100.98029211968505,99.78762722326509,101.9259854106052,23.80758062012206,17.757237686564686,1.436283478990891,0.2667934855806361,0.002050024790914459,0.002097622231557159
498,100.81326110914799,98.98458753305994,99.06180288735541,100.72427799981871,100.39465881604237,100.81326110914799,20.428093790508473,19.209318367265027,1.7946400791286137,0.19644992554423787,0.002341051622011593,0.008711132888952118
499,100.77779110687653,100.58420383950435,100.47545773355588,100.71383479848673,100.37872948451667,100.77779110687653,17.428093790508473,22.198167313603882,1.7310688727983248,0.2768049329898141,0.002277865567892487,0.0006439752709935253
500,100.93146174520913,100.61362106536836,100.62866735997349,100.85654289274295,100.53189857483981,100.93146174520915,22.723389872694966,16.198167313603882,1.7226150231200779,0.26533457416503287,0.002174608908501121,0.0012057459159317608
501,100.75464906047691,100.61362106536836,100.62866735997349,100.85654289274295,100.53189857483981,100.93146174520915,22.723389872694966,16.198167313603882,1.7226150231200779,0.26533457416503287,0.002174608908501121,0.0012057459159317608
502,100.79124188502068,100.62797854504072,100.62866735997349,100.84653231375026,99.91545246986432,101.55417629960786,19.723389872694966,19.198167313603882,1.6248058212704717,0.23880111674852958,0.002174304982032145,0.0010847713081815677
503,100.81914199302514,100.62797854504072,100.62866735997349,100.84653231375026,99.91545246986432,101.55417629960786,19.723389872694966,19.198167313603882,1.6248058212704717,0.23880111674852958,0.002174304982032145,0.0010847713081815677
504,100.9035215282927,100.70980525940948,100.62866735997349,100.84064273957789,100.51117138409603,100.90352152829269,19.73041717628117,19.71483745638862,1.5348213555688341,0.3149210050736766,0.002121745293515173,0.0006491549955227917
505,100.84661361366456,100.70980525940948,100.62866735997349,100.84064273957789,100.51117138409603,100.90352152829269,19.73041717628117,19.71483745638862,1.5348213555688341,0.3149210050736766,0.002121745293515173,0.0006491549955227917
506,100.80389006773261,100.70980525940948,100.62866735997349,100.84064273957789,100.51117138409603,100.90352152829269,19.73041717628117,19.71483745638862,1.5348213555688341,0.3149210050736766,0.002121745293515173,0.0006491549955227917
507,100.78591296549851,101.00250103905319,100.9193676075014,100.94471800752753,100.62127781802084,101.01935830203857,21.950308503215705,21.957175608210584,1.393521138089529,0.2914059674703948,0.0019676127923832915,-0.0002861293747863784
508,100.70892976474227,100.93047527170128,100.9193676075014,100.77978246385591,100.70892976474227,101.15257776301785,23.173189880003083,23.191119693929704,1.3620394470423667,0.3622653707233554,0.001939205111151752,-0.0007470755802757539
509,100.62776370013825,100.86149195059343,100.9193676075014,100.70252670790934,100.62776370013827,101.09594476615771,24.26654951802243,24.28547732988989,1.3330762912789775,0.4260388336510199,0.0019174918834412619,-0.0007886588278109822
510,100.68914314945431,100.86149195059343,100.9193676075014,100.70252670790934,100.62776370013827,101.09594476615771,24.26654951802243,24.28547732988989,1.3330762912789775,0.4260388336510199,0.0019174918834412619,-0.0007886588278109822
511,100.56948124782268,100.81412233700338,100.872097540444,100.64773229197559,100.56948124782268,101.05955027872966,25.71951628239746,25.739338203961825,1.2664301879766595,0.483434950285918,0.0019015520007919253,-0.0008259133985151337
512,100.55045075811246,100.80972850347939,100.85300978747487,100.66104102324434,100.18773142850755,101.44462202862253,25.620568558929495,25.638280803410535,1.245115772938527,0.4350914552573262,0.001876020119228185,-0.0007380101867100648
513,100.50713522188728,100.7653016538256,100.80956391362815,100.58970501446295,100.50713522188728,101.0243106181856,26.458740456396242,26.479670253049605,1.2255065111034449,0.49158230973159356,0.0018681079218703348,-0.0008720748605567528
514,100.59537507488446,100.69719243043691,100.73295922017692,100.51597557291598,100.43076034251642,100.96454321158616,27.20336131308811,27.224976223402678,1.2074659902151694,0.5424240787584342,0.0018640960273513842,-0.0009006212631069567
515,100.63238550511343,103.67474230264844,103.64589377510855,100.53046935111828,100.05703227764411,101.34166096629308,24.20336131308811,24.37561381309055,1.1908687109979559,0.48818167088259085,0.0036001099454787055,-0.01539761363613634
516,100.60384482506947,100.84793071554805,100.90656451862537,100.68216612503954,100.60384482506949,101.09435440972555,25.46253913214673,21.375613813090546,1.1755992141181195,0.5393635037943317,0.0034828069948000208,-0.0008225301982542637
517,100.54454206063,100.80120752975941,100.84708331056169,100.62000854167293,100.54454206062998,101.01713786250465,22.462539132146727,24.375613813090546,1.16155127698867,0.5854271534148986,0.0033817908795421856,-0.0008996022942399534
518,100.55970955882434,100.58881759604765,100.69513161100875,100.64465306054116,99.86679541109461,101.70269131848707,22.462539132146727,23.743498920041308,1.3139291963670696,0.4004321729357907,0.0030906265694012184,0.0002774660910600475
519,100.37081467216235,100.58881759604765,100.67283317167738,100.64465306054116,99.86679541109461,101.70269131848707,22.462539132146727,23.743498920041308,1.3139291963670696,0.4004321729357907,0.0030906265694012184,0.0002774660910600475
520,100.47081109444444,100.58881759604765,100.67283317167738,100.64465306054116,99.86679541109461,101.70269131848707,22.462539132146727,23.743498920041308,1.3139291963670696,0.4004321729357907,0.0030906265694012184,0.0002774660910600475
521,100.40138222630539,100.7402940592135,100.67711587624395,100.90534304778032,100.5140057794646,100.98005604437704,19.462539132146727,26.35123806761981,1.2354815273243707,0.4603889556422116,0.0030034102079660873,0.0008185100899517816
522,100.37611791125106,101.04346550765656,101.14414179402023,100.4844837490946,100.37611791125107,100.83757577664066,17.966715380534154,19.429906874237417,2.1261515713744483,0.2257873319727959,0.0028475934015314164,-0.0027737182888206333
523,100.40187702916349,100.4671829091266,100.58817881535994,100.4722553970765,100.40187702916351,100.77840240483667,14.992803717434874,17.999697073626205,2.0061263676183043,0.2304385350693924,0.0025852932256836595,2.524386448298951e-05
524,100.30784037459061,99.15627518201593,99.30552871103345,100.49829374793255,99.88408025420526,101.30083532525666,17.992803717434874,14.948875799437904,2.113597099494258,0.11979116807047296,0.002803144677100932,0.006721702253593167
525,100.37169379124987,100.2462647075771,100.19068991523979,100.30149000615744,100.04132254624714,100.37169379124987,14.992803717434874,17.948875799437904,2.1737514773057223,0.12003224080975468,0.0023966858710327784,0.0002753723104962111
526,100.33893025549713,100.46190355121436,100.32207741875848,100.56186526216207,100.29274786075611,100.62394926655816,14.992803717434874,17.948875799437904,2.0402840601145864,0.1581020527138722,0.002219118767349315,0.000497263142253116
527,100.3898015177715,100.16795164628954,100.28858717855032,100.54593718267647,99.84861114391447,101.0715347657543,14.992803717434874,17.948875799437904,1.9445078415382273,0.10814180405628859,0.002121000095991714,0.0018832056844309054
528,100.25305286507268,100.16795164628954,100.28858717855032,100.54593718267647,99.84861114391447,101.0715347657543,14.992803717434874,17.948875799437904,1.9445078415382273,0.10814180405628859,0.002121000095991714,0.0018832056844309054
529,100.2109860164367,100.16795164628954,100.28858717855032,100.54593718267647,99.84861114391447,101.0715347657543,14.992803717434874,17.948875799437904,1.9445078415382273,0.10814180405628859,0.002121000095991714,0.0018832056844309054
530,100.0154327507636,99.45862406522642,99.60833270046624,100.52651596428814,99.11767597656146,101.81687850440392,17.992803717434874,14.948875799437904,1.7855928184618424,0.05621643542062107,0.0024940172308863216,0.005339856245839636
531,99.9960773962218,99.71970743181386,99.69608916403313,99.93438075796757,99.66694248440606,99.99607739622179,17.992803717434874,14.948875799437904,1.7617414065282182,0.11445204182770481,0.002322850679259936,0.0010752262981445111
532,99.85563160739649,99.66478374013757,99.69608916403313,99.57881145438058,99.51737226528375,99.84601324421006,15.451266491581379,15.461622331909162,1.7446256333246495,0.15428519661015008,0.002150179990892088,-0.000431493346990909
533,99.88229997733706,99.11339797387903,99.23912727515444,99.82447119236797,99.5737735543334,99.88229997733704,14.352657064121658,20.340028626279384,1.7323433544737685,0.18153107448134267,0.002173714509793765,0.003574348219718248
534,99.98789374919261,99.78451808707861,99.687930067945,99.93235796878922,99.64130079023738,99.98789374919261,14.49698533723984,20.479219401625755,1.6737558861158672,0.2633779670332084,0.002132121333501775,0.0007402473172534248
535,100.04585018814306,99.39518309678495,99.53402594141626,99.98030716455797,99.69622479726424,100.04585018814306,19.07313636490768,19.055257589171685,1.6814872238767464,0.2561505294507146,0.0021440602380850583,0.0029347843458894466
536,99.95378498395824,99.76332047197003,99.65392362900637,99.8927681806485,99.57304053041224,99.95378498395823,18.923420826701214,18.90786034452785,1.6269682459666068,0.33053547650564313,0.0020932190455685232,0.0006483534238902479
537,99.88084941730257,100.36491127354321,100.25337421960377,99.8823990289971,99.15705551599534,100.37311244856683,18.340293570503206,18.398123530124693,1.5768107862892784,0.29748192885507885,0.0022567762605530998,-0.0024095816508952097
538,99.88505004483798,99.89938700815182,100.0003805158986,99.95383214825677,99.88505004483798,100.25302551075634,16.920806299309827,22.935774593687615,1.6119194202411862,0.2794776393368739,0.0020807840350171095,0.0002724256348472014
539,100.01820248442701,100.35226528351407,100.28121121330055,99.96303019880328,99.47023534836454,100.67110462962185,19.920806299309827,19.935774593687615,1.5629658666218915,0.25152987540318655,0.0021891107445166464,-0.001943112151139441
540,100.0360702940463,100.23574798603592,100.28121121330055,100.0999478607622,100.0360702940463,100.43597488166975,19.944953086834385,19.96122179517811,1.5179285972921404,0.3263768878628679,0.0021391076540233497,-0.000677862847655261
541,100.193785756607,100.23574798603592,100.28121121330055,100.0999478607622,100.0360702940463,100.43597488166975,19.944953086834385,19.96122179517811,1.5179285972921404,0.3263768878628679,0.0021391076540233497,-0.000677862847655261
542,100.14562919445858,100.23574798603592,100.28121121330055,100.0999478607622,100.0360702940463,100.43597488166975,19.944953086834385,19.96122179517811,1.5179285972921404,0.3263768878628679,0.0021391076540233497,-0.000677862847655261
543,100.1936959783551,100.23574798603592,100.28121121330055,100.0999478607622,100.0360702940463,100.43597488166975,19.944953086834385,19.96122179517811,1.5179285972921404,0.3263768878628679,0.0021391076540233497,-0.000677862847655261
544,100.1918303340588,100.43458557704473,100.33355986450911,100.57116699892374,100.23426926728175,100.63546626329902,22.0861140525452,22.069806289791703,1.4164943095087692,0.39373919907658117,0.0020923000210984265,0.0006794901147289231
545,100.26312447899777,100.43458557704473,100.33355986450911,100.57116699892374,100.23426926728175,100.63546626329902,22.0861140525452,22.069806289791703,1.4164943095087692,0.39373919907658117,0.0020923000210984265,0.0006794901147289231
546,100.03923922642697,100.38171038058587,100.33355986450911,100.12205722462929,100.039239226427,100.48243889535276,22.713171948806014,22.744252041800713,1.355676316503493,0.3453176121683816,0.0020112696656677076,-0.0012950038747791652
547,100.02376242507167,100.25146530202414,100.32473663497659,100.09662090918607,100.02376242507167,100.47999954550643,23.855223837223903,23.873772881032565,1.3272222111832137,0.4107858509515434,0.001983338723237726,-0.0007728768253609287
548,99.89636940328089,100.13524426988623,100.19696028413328,99.9727770380534,99.89636940328091,100.37487697146406,24.86596598031068,24.88545152386112,1.3010444342885568,0.4697072658563891,0.0019617661390030614,-0.0008118976479349693
549,100.00593691591234,100.19662996203604,100.19696028413328,100.3665703621941,99.94748136283826,100.44659585121526,25.785312080066515,25.764976497082202,1.2769608795454723,0.5227365392707503,0.0019457381099174961,0.0008473159576798628
550,100.02648508545548,100.19662996203604,100.19696028413328,100.3665703621941,99.94748136283826,100.44659585121526,25.785312080066515,25.764976497082202,1.2769608795454723,0.5227365392707503,0.0019457381099174961,0.0008473159576798628
551,99.98844901960375,100.24751687899956,100.20495215207148,100.42350061165656,99.98902552820189,100.50647156677182,27.06634940912011,27.045301977176106,1.2148040091818346,0.5704628853436753,0.0019342310100213251,0.000876976331000093
552,99.96018438191376,100.23147439268415,100.20495215207148,100.40940236265986,99.60296898450792,100.8960300450736,26.750406473792356,26.729123316798262,1.197619688447288,0.5134165968093077,0.0019245929622860626,0.0008867982080873499
553,99.97532127122385,100.18961083541019,100.21194013367466,100.38450405126657,99.22031556278631,101.28514603322466,23.549112040959393,29.530976165007495,1.339811888429774,0.3511769522175665,0.0018441096015432879,0.0009716768086773849
554,100.12416174478834,100.10735686483339,100.17212931648943,99.95658234961867,99.87161292853996,100.40385926230839,23.88053154331888,26.530976165007495,1.3126269373553923,0.4160592569958099,0.0018238988397317078,-0.0007536316429974545
555,100.21904182606082,99.91698942987671,99.95871688544716,99.84121576391338,99.7469205486596,100.2516691595977,22.83631638211781,27.52402929700225,1.4223410902462297,0.360584531785134,0.001723654972201795,-0.0003793269262197227
556,100.29803467296408,100.02197406848705,99.99714056894518,100.21714780146775,99.79356072398787,100.29803467296409,21.508311054488416,27.484918175275837,1.3885538030265314,0.4245260786066206,0.0017372001069731408,0.0009747033005241037
557,100.30980445009085,100.034103773342,100.00887503674058,100.20340352212806,99.44743958511958,100.6471162594995,21.469109221760313,27.44881734924479,1.357469498784409,0.38207347074595854,0.0017344274873088252,0.0008454946881467027
558,100.07639182352872,99.60866971109739,99.69390047156587,100.19076044993737,99.10306847164357,100.996852751305,20.22731911639076,26.157398107502498,1.3288719388816563,0.3438661236713627,0.001979967871637424,0.0029133753703442823
559,100.14939670787251,100.6053442123094,100.54372507646164,100.04004620015435,99.68538644771658,100.14939670787254,18.206616135937306,20.889794873470073,2.1669246894329546,0.17975167795428412,0.0019122020604964824,-0.0028173984510333483
560,100.08999893007771,100.12327163822668,100.22388155857487,100.16335217807678,100.08999893007768,100.48246714610035,16.981540859993448,20.31701665753281,2.0353851571370885,0.19895014772073036,0.0017690923086235131,0.00020011590932232773
561,100.11633170170647,100.12327163822668,100.22388155857487,100.16335217807678,100.08999893007768,100.48246714610035,16.981540859993448,20.31701665753281,2.0353851571370885,0.19895014772073036,0.0017690923086235131,0.00020011590932232773
562,100.09442420618248,100.3470946211743,100.24973088253611,100.49133975428886,100.1766897924252,100.5513850376491,13.981540859993448,22.685617821190274,1.9125543445661215,0.27905513294865736,0.0017491325592147795,0.000718214785746041
563,100.07810278599992,99.96233034448059,100.11273366901062,100.15608595442026,100.07810278599993,100.44609146867363,17.999137771231453,17.992571853177573,2.061222218175306,0.20282402031203006,0.0015693668389102082,0.0009682047935572521
564,100.06295081780611,99.46530670630243,99.59480117534444,99.73007698443796,99.764476726189,99.99904155828838,16.62773509257685,16.595834319790278,1.9595330637625998,0.2147316298934286,0.0015242269655199054,0.0013291988661072469
565,100.07307954460099,99.6611476621888,99.77286030596719,100.01080720107186,99.74087720694561,100.073079544601,17.63329908668394,17.591271006481385,1.8865609265560417,0.22287643484710518,0.0015155496366431773,0.0017511700084396889
566,100.21186604505041,100.03558063568404,99.91123044691525,100.15535347273283,99.85918490441814,100.21186604505041,19.343375658022723,19.32901662572202,1.8156360524315585,0.3005887913623947,0.001496411828514574,0.0005982930125293471
567,100.38193253084088,100.1879041265598,100.08078673324836,100.31977950055675,99.9941068999688,100.38193253084087,20.880809540245213,20.865024564234954,1.750385168237034,0.3705299122261553,0.0014855520102354117,0.0006577073337607588
568,100.32881498910665,99.93085973222998,100.02226279569085,99.7888956954158,99.72219600730381,100.1398016744094,22.23340292082593,22.250462509529335,1.6903543547780713,0.43347692100353974,0.0014817168475041822,-0.0007108161959751589
569,100.44287513342888,100.23228498790056,100.14874607523193,99.81067612934814,99.42711333643018,100.43699948240422,18.633248226835864,24.683540813572673,1.6933982849887441,0.29649821396642123,0.0016720761915662572,-0.0021075915703192257
570,100.47936390080791,100.2642369738242,100.21080000007896,99.82027918034235,99.09516926355336,100.77343835145794,21.633248226835864,21.683540813572673,1.6379264221896448,0.2668483925697791,0.0018380142158572962,-0.0022188513235065067
571,100.42212587416958,99.98024987011901,100.06415257151143,99.83320238749317,99.76396011379688,100.19751355758345,20.869875549189704,20.887537721296464,1.5868923084144733,0.34016355331280124,0.0018160442393822507,-0.0007359238377816973
572,100.32984336435432,100.06849645888106,100.06415257151143,100.25136437047702,99.91132924924848,100.32984336435433,25.22866933461356,19.211603883050056,1.6191539205182262,0.30867187046595607,0.0017396371161517866,0.0009128795858726879
573,100.49560081446086,100.30253264697721,100.19411401201747,100.42408847050004,100.04948270401972,100.49560081446087,25.010212618033737,18.995678722388472,1.569621606876768,0.37780468341936047,0.001707928376292257,0.0006055789852193591
574,100.45107671232249,100.27235678935136,100.19411401201747,100.09210200825075,100.02157349305006,100.46319344396002,26.13377977840543,20.15537100657222,1.5240518783266268,0.4400242150774244,0.0017134088436731802,-0.0008996345069496207
575,100.40751127797174,100.27235678935136,100.19411401201747,100.09210200825075,100.02157349305006,100.46319344396002,26.13377977840543,20.15537100657222,1.5240518783266268,0.4400242150774244,0.0017134088436731802,-0.0008996345069496207
576,100.4484086069722,100.27235678935136,100.19411401201747,100.09210200825075,100.02157349305006,100.46319344396002,26.13377977840543,20.15537100657222,1.5240518783266268,0.4400242150774244,0.0017134088436731802,-0.0008996345069496207
577,100.44023872514875,100.27235678935136,100.19411401201747,100.09210200825075,100.02157349305006,100.46319344396002,26.13377977840543,20.15537100657222,1.5240518783266268,0.4400242150774244,0.0017134088436731802,-0.0008996345069496207
578,100.36988738828475,100.06635272600028,100.10515699444667,99.87887417524212,99.80484152346332,100.2684475019658,27.86782194812161,21.89032553716911,1.4221277280604967,0.496021793569682,0.001723122291265099,-0.0009376495436460191
579,100.28285108303692,100.71758984111011,100.64570011059348,100.2262153238035,99.82117447298543,100.31973490329429,25.895308444821065,25.878576904298324,1.5009188576562125,0.41527890680166246,0.0017479093820227244,-0.002445332996970703
580,100.11473434033184,100.37465761222303,100.41598228719343,100.19780957970065,100.11473434033185,100.63508689577333,28.895308444821065,22.878576904298324,1.4608453490437157,0.4737510161214963,0.0017488408138085906,-0.0008817163940710448
581,100.10511696850168,100.37465761222303,100.40633597643097,100.19780957970065,100.11473434033185,100.63508689577333,28.895308444821065,22.878576904298324,1.4608453490437157,0.4737510161214963,0.0017488408138085906,-0.0008817163940710448
582,100.04175911610285,99.53746496942675,99.55339080037207,100.13889485144188,100.04175911610284,100.56174152661634,25.40481637166715,25.429587276576367,1.3875026224737705,0.4000456950271034,0.0018424209921662446,0.003012023469151094
583,99.9968897924165,99.74260182878025,99.69689912303926,99.94512503897417,99.67379939498798,99.9968897924165,24.6666540739319,24.642313283834806,1.3565024126758691,0.46004112552439314,0.00185357972485003,0.0010141995873789453
584,99.95740071176493,99.74260182878025,99.69689912303926,99.94512503897417,99.67379939498798,99.9968897924165,24.6666540739319,24.642313283834806,1.3565024126758691,0.46004112552439314,0.00185357972485003,0.0010141995873789453
585,99.98568639433353,99.75155862571464,99.69798284253467,99.93632769620558,99.15260548409317,100.52252166879305,25.028688502659477,25.006481558745847,1.2879822196617996,0.41403701297195383,0.001853399692615056,0.000925289329734742
586,99.95033023078125,100.18387661750316,100.13372420041325,100.35455626001979,99.93312951341831,100.43502928827809,25.9355798800504,25.915153314620415,1.2649436420888558,0.4726333116747584,0.001844328562869181,0.000851106892916085
587,100.03212682758857,100.18387661750316,100.13372420041325,100.35455626001979,99.93312951341831,100.43502928827809,25.9355798800504,25.915153314620415,1.2649436420888558,0.4726333116747584,0.001844328562869181,0.000851106892916085
588,100.14774415316015,100.28713161430223,100.24605941936325,100.46421333876006,100.02703112300983,100.5477025269441,27.22170585080712,27.20053557477245,1.2037481507217473,0.5253699805072826,0.0018395202567244144,0.0008820948347780134
589,100.17973778054066,100.23632728435263,100.24605941936325,100.05066733212813,99.96346690266265,100.50971910336078,27.86589948883987,27.88814675887315,1.1874482986640076,0.5728329824565543,0.0018403854233481876,-0.0009269695847202486
590,100.20755260874981,100.18153717165413,100.20298125086043,99.99165601449631,99.90237230710785,100.46170625241555,28.45572234584458,28.47848837010213,1.1724524347708871,0.615549684210899,0.0018437924533769988,-0.0009485843440647133
591,100.18212025749492,100.18153717165413,100.20298125086043,99.99165601449631,99.90237230710785,100.46170625241555,28.45572234584458,28.47848837010213,1.1724524347708871,0.615549684210899,0.0018437924533769988,-0.0009485843440647133
592,100.24906239593547,100.18153717165413,100.20298125086043,99.99165601449631,99.90237230710785,100.46170625241555,28.45572234584458,28.47848837010213,1.1724524347708871,0.615549684210899,0.0018437924533769988,-0.0009485843440647133
593,100.27463979225966,100.18153717165413,100.20298125086043,99.99165601449631,99.90237230710785,100.46170625241555,28.45572234584458,28.47848837010213,1.1724524347708871,0.615549684210899,0.0018437924533769988,-0.0009485843440647133
594,100.32835226827659,100.16818249690604,100.18369779137818,100.006842178275,99.16828568077025,101.20536733834331,28.796977939272587,28.816321849200556,1.0986562399892161,0.5539947157898091,0.0018298844767581854,-0.000805996246998598
595,100.31302352879196,100.16818249690604,100.18369779137818,100.006842178275,99.16828568077025,101.20536733834331,28.796977939272587,28.816321849200556,1.0986562399892161,0.5539947157898091,0.0018298844767581854,-0.000805996246998598
596,100.28504117279599,100.16818249690604,100.18369779137818,100.006842178275,99.16828568077025,101.20536733834331,28.796977939272587,28.816321849200556,1.0986562399892161,0.5539947157898091,0.0018298844767581854,-0.000805996246998598
597,100.20410666792716,99.88770423786553,99.85571869861361,100.04550270705185,98.54165543561774,101.84893623177854,23.83185470520038,29.46028528471666,1.3121459932300172,0.28798861305617435,0.0018528755711849619,0.0007892559300056608
598,100.10977552930751,100.01119290457629,100.00577920441074,100.22109148480021,99.7728476827567,100.30669930231774,26.83185470520038,26.46028528471666,1.287174313771616,0.3591897517505569,0.0018674961323172138,0.0010482754110509374
599,100.04395075101436,99.81730926544087,99.84902799549991,100.20654542364416,99.4008919267804,100.68204456779046,23.83185470520038,29.46028528471666,1.2642003686698868,0.32327077657550124,0.001988960502050447,0.0019459486910114803
600,100.16381567032069,99.86873021183536,99.86332422330975,100.07832979835585,99.6307245050352,100.16381567032069,26.83185470520038,26.46028528471666,1.243064339176296,0.3909436989179511,0.0019954159673307163,0.001048275411050418
601,100.09787284202055,99.91226801798861,99.87680809749325,100.09184397286093,99.64418487211604,100.17734011784684,25.528665341685794,25.507116670140817,1.2236191920421926,0.45184932902615604,0.001983434395968389,0.0008978613143739999
602,100.23615400489639,99.98048047741948,99.93544554288171,100.1542328013217,99.72524365473858,100.23615400489638,26.36525830444211,26.344422060167755,1.2057296566788174,0.5066643961235404,0.001968609579756934,0.0008681768447647035
603,100.05557759909415,99.98048047741948,99.93544554288171,100.1542328013217,99.72524365473858,100.23615400489638,26.36525830444211,26.344422060167755,1.2057296566788174,0.5066643961235404,0.001968609579756934,0.0008681768447647035
604,99.889783832769,99.98048047741948,99.93544554288171,100.1542328013217,99.72524365473858,100.23615400489638,26.36525830444211,26.344422060167755,1.2057296566788174,0.5066643961235404,0.001968609579756934,0.0008681768447647035
605,99.83965515807782,99.98048047741948,99.93544554288171,100.1542328013217,99.72524365473858,100.23615400489638,26.36525830444211,26.344422060167755,1.2057296566788174,0.5066643961235404,0.001968609579756934,0.0008681768447647035
606,99.90671444983408,99.8760710182813,99.91248262507352,99.69690049773385,99.61274517719833,100.13988375454991,27.806824071132926,27.828370538374823,1.129271284144512,0.5559979565111864,0.001958225370124769,-0.0008977694684125372
607,99.70918272126303,100.18866962712008,100.17252549007141,100.11285661437718,99.66053746989334,100.21732299641879,29.369836971685363,25.39320167293388,1.290765073502102,0.45630260225365155,0.001859893247124319,-0.00037849443369444066
608,99.6137704172033,99.85651580560284,99.86529327423568,99.71608419206095,99.61377041720331,100.16153843828573,26.123628923327722,26.148395574473703,1.4066530167451086,0.3881109799414976,0.001802024689411138,-0.0007036617929692576
609,99.66555157885018,99.85651580560284,99.86529327423568,99.71608419206095,99.61377041720331,100.16153843828573,26.123628923327722,26.148395574473703,1.4066530167451086,0.3881109799414976,0.001802024689411138,-0.0007036617929692576
610,99.6686414009739,99.99563406816887,99.95701873259088,100.17386664349375,99.7344091843339,100.2577921089176,25.09047328073944,25.069103482680354,1.3341207754055,0.4492998819473478,0.001800752226579516,0.0008904082524620849
611,99.66735811683075,100.45129940169959,100.49191692396258,99.78518135474351,99.66735811683075,100.16917238623624,22.968626594441478,21.194718161238857,2.169216267633413,0.2214062784799471,0.0019887912293572617,-0.0033266567832177336
612,99.85338580115612,99.99366721837255,100.0942764274055,99.93606400780939,99.85338580115612,100.29583751237362,16.968626594441474,20.111631820568547,2.0370295936537373,0.22744189448028385,0.001864377881552424,-0.00028811728105616625
613,99.74772971977387,99.91727561379632,100.04787333979326,99.80698137909584,99.74772971977389,100.11863051733073,19.968626594441474,17.111631820568547,1.9540672261614385,0.30469770503225546,0.001818783120773454,-0.0005522325448150739
614,99.76531053435367,99.99584437554185,100.04787333979326,100.10778141399345,99.79616640780874,100.16724688045169,17.932171998063854,17.91874650958388,1.8777418480685235,0.3742279345290299,0.00177678358292883,0.0005593953533322679
615,99.79740497082167,99.9766848817312,100.04787333979326,100.09767579609348,99.44216338686378,100.5238311178387,18.571317442115845,18.556803928565902,1.8075225002230417,0.3368051410761269,0.0017427441445487786,0.0006047297312477626
616,99.88755763149273,100.02112432451727,100.04787333979326,100.1475110119041,99.83537191944248,100.20707663184847,20.15403651757829,20.138882892275376,1.7429207002051985,0.40312462696851425,0.0017139476324591852,0.0006314010542880686
617,99.9285563630804,100.25822246370477,100.356004108186,100.53346741773373,100.23289978891138,100.55116540855674,22.693743322073438,17.26395601754098,1.9662735176844555,0.2673203060833124,0.0016001254217896503,0.0013707985335024626
618,99.92176654277714,100.14904220856039,100.22243384431009,100.52213520044063,99.91264209261826,100.87346981287308,19.69374332207344,20.26395601754098,1.888971636269699,0.24058827547498118,0.001727225226547932,0.001859225608268648
619,99.82758369772041,100.02456951751832,100.12796760052198,100.51171068871395,99.568094275184,101.22253478307316,22.40472115928423,17.26395601754098,1.8178539053681233,0.21652944792748308,0.0019150953524365326,0.0024291922174613702
620,99.68139083911545,100.09095346338233,99.99330659969067,100.49329947246657,99.18745890435697,101.61097982934012,20.943946545857543,17.26395601754098,1.7848919624921653,0.14810614238239844,0.002148496354493292,0.0020058703671665128
621,99.64292463546333,100.19647530713233,100.06836062812006,100.4708511656439,98.76216551231418,102.04854089390612,15.712943970726771,17.983592195301483,1.9897660083818147,0.076991497056066,0.002493581748358245,0.0013673170582097314
622,99.61458391868753,99.77135408835493,99.91432689938569,100.46453330666588,98.27084860282022,102.55874482969388,18.041541757214187,14.983592195301483,1.9105847277112697,0.0692923473504594,0.0027593860750860593,0.0034618131011823075
623,99.71434862524131,99.71262659752854,99.83222632485506,100.458721227287,97.73000794125859,103.12630785942332,15.041541757214187,17.9552726418921,1.8377379494943684,0.06236311261541346,0.00304109856294372,0.003727279842324956
624,99.6193628176056,99.71262659752854,99.83222632485506,100.458721227287,97.73000794125859,103.12630785942332,15.041541757214187,17.9552726418921,1.8377379494943684,0.06236311261541346,0.00304109856294372,0.003727279842324956
625,99.57835020742998,99.67016064260375,99.81970045564528,100.45337441122666,96.89298576430356,104.01717736896454,18.041541757214187,14.955272641892101,1.730718913534819,0.056126801353872116,0.003328273224239306,0.003913651477384832
626,99.65603207227085,99.67016064260375,99.81970045564528,100.45337441122666,96.89298576430356,104.01717736896454,18.041541757214187,14.955272641892101,1.730718913534819,0.056126801353872116,0.003328273224239306,0.003913651477384832
627,99.5821300426476,99.90213910069659,99.81970045564528,99.99891697479829,99.72190023927456,100.05176924943949,15.041541757214187,17.9552726418921,1.6322614004520337,0.1505141212184849,0.003186672300751519,0.0004841288785645781
628,99.54897718859793,99.6989397651607,99.81970045564528,99.60159161587151,99.54897718859795,99.87827392910057,18.041541757214187,14.955272641892101,1.581680488415871,0.2354627090966364,0.003054085849798346,-0.0004884490202542169
629,99.62969401004698,99.6989397651607,99.81970045564528,99.60159161587151,99.54897718859795,99.87827392910057,18.041541757214187,14.955272641892101,1.581680488415871,0.2354627090966364,0.003054085849798346,-0.0004884490202542169
630,99.32387286866123,99.41202936368617,99.52138932154342,99.38529535623053,99.32387286866124,99.65242524833229,19.384863940589373,13.388091429590244,1.4742139184872292,0.23705649302209933,0.002778704044656887,-0.00013447870836957046
631,99.32271468392639,99.41202936368617,99.52138932154342,99.38529535623053,99.32387286866124,99.65242524833229,19.384863940589373,13.388091429590244,1.4742139184872292,0.23705649302209933,0.002778704044656887,-0.00013447870836957046
632,99.46228841375539,99.20686825112936,99.29159591506469,99.2332601888169,99.17234671091967,99.49817340660795,21.50251116069084,15.499319233183641,1.3970959079064358,0.23814664122711596,0.0025430800640913374,0.00013299697946683788
633,99.47978375860411,99.74608843585928,99.61733119408112,99.41083507248119,99.11202189051643,99.47978375860411,20.125093232035564,20.113590726220284,1.4829560235136585,0.23889230259934732,0.0024021291916090657,-0.0016833628350563519
634,99.46180734723916,99.59531036594822,99.61733119408112,99.54686580399068,99.46180734723916,99.86323964685967,15.35845887158527,21.0692186865668,1.820764009129253,0.1819457745832447,0.0021007980288410113,-0.00024326620753714043
635,99.29381004537908,99.35852107217583,99.52433944572483,99.37067382768385,99.29381004537909,99.65651309871518,16.361173591920874,16.380352091261628,2.009844597301899,0.15234269145935392,0.0018441859860441868,6.115234107466147e-05
636,99.22466516563995,99.94586457012892,99.80385189597966,99.59533730698139,99.33042683908158,99.65645018032455,15.319902314807551,15.362062300997883,1.9226644830238426,0.1802024009581981,0.0017978135810786313,-0.0017566660912637702
637,99.24439065906994,98.88403864551844,99.01527451256413,99.30908383613298,99.24439065906994,99.54959408611204,13.768121403940064,19.659293098424143,2.0668811457539693,0.15143641611410968,0.001725352420068096,0.002144601110736733
638,99.16275404355343,98.64569468895957,98.81765221742926,99.11398576960559,98.90251775035043,99.16275404355345,12.09173935646735,18.034907822812745,1.9635939101930484,0.17958250862205102,0.0017538749148527765,0.0023679805689418745
639,99.28481234450881,99.1905023101852,99.0904200208217,99.22879055600096,98.98591700710303,99.2848123445088,13.737445141318403,19.732813949027047,1.8894749899545316,0.19883443589748293,0.001635902986869545,0.0001929663454732536
640,99.15125107099522,99.55028498445186,99.44787276659144,99.67175570276888,99.4135283265742,99.61018497444458,15.522443474570291,21.5078100673953,1.818316990758169,0.2789509923077347,0.0016109158525993046,0.0006097252989579423
641,99.11316484668953,99.26725187730368,99.411399043821,99.17196110534267,99.11316484668953,99.48121418329649,17.211151615760002,23.222676447433585,1.7528516314975158,0.3510558930769613,0.0015718850642405262,-0.0004802013197327582
642,99.27465887051753,99.26725187730368,99.411399043821,99.17196110534267,99.11316484668953,99.48121418329649,17.211151615760002,23.222676447433585,1.7528516314975158,0.3510558930769613,0.0015718850642405262,-0.0004802013197327582
643,98.96121209601424,99.08426395556678,99.19148550141364,99.03622385723753,98.96121209601424,99.36257588565071,19.27327817166628,25.279097672580246,1.5970463307626175,0.3161222308646415,0.0014640956834743488,-0.00024247920474851023
644,98.95625983466267,99.18005448446922,99.19148550141364,99.36047443504056,98.98890200655319,99.43140811220827,20.438124844850705,26.41631529877325,1.5492826243016082,0.38451000777817734,0.0014852977028701,0.0009087310865606218
645,99.07366687749187,99.18005448446922,99.19148550141364,99.36047443504056,98.98890200655319,99.43140811220827,20.438124844850705,26.41631529877325,1.5492826243016082,0.38451000777817734,0.0014852977028701,0.0009087310865606218
646,99.1657729255758,99.05862546931874,99.15362910119224,98.93039403748135,98.85616821388862,99.32099494113402,22.099236959771943,28.11478102565885,1.4653400143574797,0.4460590070003596,0.0014739001809996883,-0.00064766941195435
647,99.14890019925684,99.80459615961665,99.7639149360952,99.36291352692825,98.97013669402595,99.46899245566476,22.958615794083837,25.3508442680332,1.8109038355562834,0.28963931419906697,0.0014882629150544517,-0.0022176439991820483
648,99.23791302822005,99.4069243379284,99.44721938045377,99.32780866518499,99.23791302822005,99.71907008637245,22.958615794083837,25.350844268033207,1.779904592395189,0.27411329091216186,0.0014249030650508067,-0.00039809685779579123
649,99.42891402627305,99.13105212290792,99.05505537821121,99.35089408594351,98.95550680795026,100.00365541750077,22.306455443324886,24.348170464351668,1.7576595355027878,0.1874934909839187,0.0016043117232695117,0.0011076169255426738
650,99.30034028885662,99.13105212290792,99.05505537821121,99.35089408594351,98.95550680795026,100.00365541750077,22.306455443324886,24.348170464351668,1.7576595355027878,0.1874934909839187,0.0016043117232695117,0.0011076169255426738
651,99.24393550630892,99.13105212290792,99.05505537821121,99.35089408594351,98.95550680795026,100.00365541750077,22.306455443324886,24.348170464351668,1.7576595355027878,0.1874934909839187,0.0016043117232695117,0.0011076169255426738
652,99.2151070237745,99.19376389666535,99.13756443680816,99.36158664388743,98.97249776920368,99.43587205296706,25.306455443324886,21.348170464351668,1.6437134393292314,0.26874414188552687,0.001609479319429088,0.0008452189616910361
653,99.17044758432998,99.19376389666535,99.13756443680816,99.36158664388743,98.97249776920368,99.43587205296706,25.306455443324886,21.348170464351668,1.6437134393292314,0.26874414188552687,0.001609479319429088,0.0008452189616910361
654,99.14410306268753,99.90441805033134,99.81779753188907,99.34896364459111,98.52296973447116,99.88956536191169,22.306455443324886,24.348170464351668,1.552216364182893,0.24186972769697418,0.001847432869413029,-0.0027876786883882535
655,99.11439195661355,99.33597530732476,99.41262984615199,99.18849255626036,99.11439195661355,99.57843056752783,25.306455443324886,21.348170464351668,1.5080390550482616,0.31768275492727677,0.001825734263182377,-0.000742894579451717
656,99.07376181677587,99.51269952416293,99.45631936736181,99.21269098224244,98.75313882747868,99.9427027320785,25.306455443324886,21.348170464351668,1.5625688259026327,0.21729500437025734,0.0017742671338961563,-0.001509663869100871
657,99.1631713161492,99.55897684535556,99.5025704695629,99.2499177338949,99.16317131614919,99.6274411822101,25.306455443324886,21.348170464351668,1.6016993894677292,0.22462978298925604,0.0017617743794117542,-0.0015545537442614465
658,99.06244053229682,99.04201828466738,98.99418078742698,99.1811641912113,99.0624405322968,99.52623878912108,16.306455443324886,17.991576409692996,2.7951095126860874,0.10080942119436431,0.0016134829884981803,0.0007019658589169199
659,98.88350404275502,98.92408909813498,98.99418078742698,98.81703841322823,98.76277897301995,99.1023899201982,17.993503586051887,14.991576409692996,2.651500751671201,0.1907284790749279,0.0015816381550159905,-0.0005413678290095938
660,99.0303536626688,98.82242648282654,98.94143461815084,98.69672821799591,98.64461031429643,98.97079931284924,14.993503586051887,17.991576409692996,2.519380691537505,0.27165563116743513,0.0015631060988470326,-0.0006363851901909726
661,98.9892801056064,98.78759991857537,98.93629156992147,98.69159788886843,98.63948269521171,98.96565473248084,17.993503586051887,14.991576409692996,2.3978302362145048,0.3444900680506916,0.001527656229115621,-0.00048613743003217283
662,99.00324160795506,98.85482014181777,98.93629156992147,98.95096184645519,98.67694568574574,99.00324160795506,14.993503586051887,17.991576409692996,2.2860038173173445,0.41004106124562245,0.0014943217705911229,0.0004860409219136023
663,99.01132495621256,98.85482014181777,98.93629156992147,98.95096184645519,98.67694568574574,99.00324160795506,14.993503586051887,17.991576409692996,2.2860038173173445,0.41004106124562245,0.0014943217705911229,0.0004860409219136023
664,99.23959415968257,99.06104648556348,98.94187537720353,99.18718959051282,98.91251926999155,99.23959415968257,14.175437301255442,20.16016637335865,2.143123511931957,0.46903695512106025,0.0014810171141440144,0.0006362886623663247
665,99.30179263941235,99.10159857333404,99.00388726149411,99.24720594693234,98.96111772363098,99.30179263941235,15.8088191429758,21.7912008015151,2.0516736309774006,0.5221332596089543,0.001480247810423057,0.0007340975608624077
666,98.99034117256348,98.8323800252598,98.95851452640366,99.52195325380686,99.24017484695914,99.59621075840305,18.04171766054096,18.2328867960435,2.482491118933381,0.2501811727930903,0.0017049834422337411,0.00347647171174674
667,98.73824344399716,99.23041427568725,99.08365604444657,99.22909948702267,98.93669843865669,99.29656616618237,15.105760946569802,18.2328867960435,2.2618356269465947,0.24712392219047383,0.0015770842857211187,-6.624971711686583e-06
668,98.79750263871992,98.94696956558444,99.08365604444657,98.85026148341443,98.79750263871992,99.12770799340394,18.105760946569802,15.232886796043498,2.160888776790867,0.3224115299714264,0.0015411302763148243,-0.0004889253588492725
669,98.85684510325575,99.21990664560957,99.08365604444657,99.31824092488584,99.04026145452293,99.37127778814207,17.150947882772545,17.139060884069725,2.068017674647598,0.3901703769742838,0.0015080974581101055,0.0004952916126174972
670,98.87883798286552,98.93227670351098,99.04747051190574,98.95088171090313,98.87883798286553,99.21876756914531,15.39122773715685,21.39681439936125,2.1482393969951508,0.2605861687663117,0.0013332653459135146,9.402016594663446e-05
671,99.00693443390722,98.93227670351098,99.04747051190574,98.95088171090313,98.87883798286553,99.21876756914531,15.39122773715685,21.39681439936125,2.1482393969951508,0.2605861687663117,0.0013332653459135146,9.402016594663446e-05
672,98.93009867523321,98.93227670351098,99.04747051190574,98.95088171090313,98.87883798286553,99.21876756914531,15.39122773715685,21.39681439936125,2.1482393969951508,0.2605861687663117,0.0013332653459135146,9.402016594663446e-05
673,98.97191549848006,98.93227670351098,99.04747051190574,98.95088171090313,98.87883798286553,99.21876756914531,15.39122773715685,21.39681439936125,2.1482393969951508,0.2605861687663117,0.0013332653459135146,9.402016594663446e-05
674,98.84758741025998,98.93227670351098,99.04747051190574,98.95088171090313,98.87883798286553,99.21876756914531,15.39122773715685,21.39681439936125,2.1482393969951508,0.2605861687663117,0.0013332653459135146,9.402016594663446e-05
675,98.84688556274656,99.0849640709027,99.04747051190574,99.23894358118545,98.93246014616835,99.29742893663177,15.313839700648199,21.295206000402285,1.9923802452355388,0.33452755188968053,0.0013464379451090197,0.0007764041769129014
676,98.90946179145254,99.1396482686367,99.0705712454539,98.97733360849561,98.90946179145253,99.27256544083667,16.255557403231503,22.275220290312035,1.9101320639810229,0.30481684549254145,0.001292238968076275,-0.000819286961688902
677,98.92883127575688,99.08990744360993,99.0705712454539,98.98989925703319,98.92883127575688,99.31112516263758,17.912978777791036,23.925096098167206,1.8373214988625413,0.37433516094328734,0.0012752912370206512,-0.0005048883490071729
678,98.90398142775061,99.08146584725004,99.0705712454539,99.00028456215489,98.67682664843784,99.56474968559077,18.4802978601168,24.49013395475074,1.770335778953538,0.3369016448489586,0.001247954238722673,-0.00040983727641420253
679,98.85220154445803,98.90546597510576,99.00559345828394,98.93183818029544,98.85220154445801,99.27835560657039,18.77550756748279,24.772308307731173,1.750792954977059,0.3064407250766877,0.0011761967706870379,0.00013330248965070227
680,98.87487274600848,98.90546597510576,99.00559345828394,98.93183818029544,98.85220154445801,99.27835560657039,18.77550756748279,24.772308307731173,1.750792954977059,0.3064407250766877,0.0011761967706870379,0.00013330248965070227
681,98.8357683565303,98.60470289881015,98.71571470838869,98.50493846367922,98.52388775803666,98.84957611637446,20.71133175781356,26.723479040039795,1.6507295185788944,0.37579665256901895,0.0011663613807633554,-0.0005061367594263926
682,98.8755812699682,98.98541623392984,98.95605816044984,98.53281955210565,98.29432669776281,99.08043393150218,18.03093395409085,28.115064772895728,1.6649635025322147,0.257044910357209,0.0012206638613261756,-0.002291417195091174
683,98.84922565123037,98.98541623392984,98.95605816044984,98.53281955210565,98.29432669776281,99.08043393150218,18.03093395409085,28.115064772895728,1.6649635025322147,0.257044910357209,0.0012206638613261756,-0.002291417195091174
684,98.77941172547891,98.95784195673505,98.95605816044984,98.85245942004272,98.77941172547891,99.23684699484684,17.989046735498324,30.00183262613704,1.5717664223296377,0.3313404193214881,0.0012113534888883088,-0.0005327454432799759
685,98.57331783430108,98.39129003894757,98.49727330770166,98.66202804560626,98.5733178343011,99.04812392387129,22.26070398040438,28.273084257492304,1.608299584663748,0.30263684681589786,0.0012109752669586945,0.001373932747189358
686,98.53473339797955,98.39129003894757,98.49727330770166,98.66202804560626,98.5733178343011,99.04812392387129,22.26070398040438,28.273084257492304,1.608299584663748,0.30263684681589786,0.0012109752669586945,0.001373932747189358
687,98.62005902629865,98.56175726504145,98.54468822056518,98.76122453487574,98.3423518548149,98.84121185613355,21.80213051136607,27.777869705897007,1.5196356178906483,0.37237316213430804,0.0012596208196047516,0.001010866894544184
688,98.52188551452264,98.4376629101341,98.51860364366502,98.30109535384311,98.22304783273404,98.71186343823545,22.869539327758922,28.88619909210788,1.4780647684593966,0.4351358459208773,0.0012673424055525235,-0.0006941568478731066
689,98.57041220110492,98.7471896208238,98.72991253866716,98.32658348688112,97.97439862210389,98.9623842607048,25.213415433526567,25.255315894922592,1.5410592778464631,0.29763291860988006,0.0014448117491173825,-0.002134257274877508
690,98.57705836348678,98.67303239522444,98.72040519502288,98.50385415329131,98.42424397943776,98.92286521625115,23.98968902393039,24.01028108153647,1.4977745356187462,0.3678696267488921,0.0014610833574661088,-0.0008580024002534006
691,98.55088635742399,98.57285973864896,98.62162595533594,98.92428810826158,98.5386309987041,99.01332434362492,22.06761616069662,28.047996253861715,1.5552030067600122,0.32762282469624227,0.0014899915408200723,0.0017794098468957677
692,98.43915328766836,98.83517880356146,98.81583187537703,99.0336282849596,98.61707312466038,99.1131713895457,20.82647821393128,26.802407782499287,1.5107867662192114,0.39486054222661804,0.001520944245884073,0.001002934642999874
693,98.41872159875153,97.93545284222763,98.03183499983201,99.00767923685127,98.31754677866492,99.4151216216153,23.188128165764887,23.140042808581022,1.5645405834389061,0.2700846108830068,0.0018965717560375348,0.005444345193987875
694,98.4044535067651,98.17674518009494,98.10924014624479,98.99624219090899,97.94532061390636,99.79293353961484,20.188128165764887,24.34071683216804,1.5193773367637937,0.2430761497947061,0.0022815283640917157,0.004156233679576377
695,98.44003111022123,98.20042101800087,98.14471101689054,98.36984253687226,98.0021727494565,98.44003111022123,23.188128165764887,21.34071683216804,1.4778271498226903,0.3187685348152355,0.0022480632280507114,0.0008618878349527333
696,98.57175468520344,98.39022524157448,98.30338244490547,98.48952979294829,98.13331383023518,98.57175468520347,18.209418016752945,24.192340881297763,1.5408887627127628,0.2940376778136211,0.0020969147343440795,0.0005043918881166822
697,98.63959442009279,98.40779252059647,98.34367563683251,98.46843731051506,97.72262123613108,98.9860158780059,16.002385799267543,21.994992956773075,1.5861417761226786,0.20112177162451683,0.0019157654049505438,0.00030803510393619007
698,98.65999238853195,98.4640143781118,98.39934342603652,98.58977104603852,98.28545753455292,98.65999238853195,16.21530951337955,22.19999308581768,1.6186153385456343,0.21356729179116954,0.001820927511153094,0.0006381844817446439
699,98.67157977946943,98.14391358782098,98.27960902131684,98.58038798095438,97.92816714221426,99.01995284135484,15.829628670158897,21.776379603563335,1.5691261114619837,0.19221056261205258,0.0019779176303431215,0.002218711108148482
700,98.69858761016651,98.6146384956753,98.53609383266816,98.61977275652315,98.32776184581746,98.69858761016653,19.065198684127527,19.05275691655366,1.8689958201163934,0.1576787388682494,0.0017572720070432176,2.603126308060549e-05
701,98.78013127576918,98.6146384956753,98.53609383266816,98.61977275652315,98.32776184581746,98.69858761016653,19.065198684127527,19.05275691655366,1.8689958201163934,0.1576787388682494,0.0017572720070432176,2.603126308060549e-05
702,98.72244814320443,97.67655663768728,97.7633901073996,98.60336497921372,97.84025435324152,99.19037190983629,18.136770962934648,19.05275691655366,1.680391400515524,0.1078522573858826,0.0023174436235550927,0.004721870346654144
703,98.72186300208756,98.53377063627475,98.4256974130813,98.66308308007476,98.3550621932603,98.72186300208755,21.136770962934648,16.05275691655366,1.6259600884742822,0.19706703164729433,0.0022570873867832513,0.0006557530780182229
704,98.68731831791992,98.53377063627475,98.4256974130813,98.66308308007476,98.3550621932603,98.72186300208755,21.136770962934648,16.05275691655366,1.6259600884742822,0.19706703164729433,0.0022570873867832513,0.0006557530780182229
705,98.64014615202463,98.48346639525919,98.4256974130813,98.33385403255397,98.27530414797592,98.64181370097414,21.869476089035818,15.88771989347905,1.5358832813963397,0.2773603284825649,0.002212881183362427,-0.0007601585184677631
706,98.73657020568142,98.57970030861435,98.44036049506437,98.67688220441083,98.36411166873799,98.73657020568142,23.48986148849308,17.478037469900638,1.4930126188846327,0.3496242956343084,0.002139228410106126,0.0004926674413517693
707,98.69821532366896,98.57970030861435,98.44036049506437,98.67688220441083,98.36411166873799,98.73657020568142,23.48986148849308,17.478037469900638,1.4930126188846327,0.3496242956343084,0.002139228410106126,0.0004926674413517693
708,98.9306834425965,98.74086679500073,98.63389139226872,98.85476126806688,98.52579138480912,98.93068344259652,24.89901401289652,18.885180370014933,1.4105858553116126,0.315143018213867,0.001986460545388718,0.0005764017867328818
709,98.95172489371564,98.34378596222578,98.38109646603166,98.87056280403539,98.51893803113518,98.95172489371565,23.2174964152041,23.203228729459877,1.4926364097716134,0.29155782445828504,0.001982560318207533,0.0026710878042344715
710,98.88397241847666,98.76638839145411,98.68704259559294,98.79798017914281,98.42547855659781,98.88397241847665,25.00293027286257,18.9839771875847,1.5515158876521098,0.27542555192946694,0.0018504641947254398,0.0001599063025244431
711,98.86992557089052,98.76638839145411,98.68704259559294,98.79798017914281,98.42547855659781,98.88397241847665,25.00293027286257,18.9839771875847,1.5515158876521098,0.27542555192946694,0.0018504641947254398,0.0001599063025244431
712,98.71580834997654,98.55705569526137,98.60645353672686,98.37992630558334,98.31063417611665,98.7445120516802,25.222466643543353,19.244052763677225,1.4673946166399412,0.34788299673652023,0.0018473669728151236,-0.0008994216722447667
713,98.64916435065288,98.83258162927011,98.75766358192341,98.41253044556494,97.94807273528667,99.11002156670932,22.390146316377677,19.436709163056786,1.8120538539826412,0.1808434970235127,0.0018496174656331557,-0.0021295898249981174
714,98.71754931269966,98.83258162927011,98.75766358192341,98.41253044556494,97.94807273528667,99.11002156670932,22.390146316377677,19.436709163056786,1.8120538539826412,0.1808434970235127,0.0018496174656331557,-0.0021295898249981174
715,98.65341414789376,98.83258162927011,98.75766358192341,98.41253044556494,97.94807273528667,99.11002156670932,22.390146316377677,19.436709163056786,1.8120538539826412,0.1808434970235127,0.0018496174656331557,-0.0021295898249981174
716,98.79660035876161,98.83258162927011,98.75766358192341,98.41253044556494,97.94807273528667,99.11002156670932,22.390146316377677,19.436709163056786,1.8120538539826412,0.1808434970235127,0.0018496174656331557,-0.0021295898249981174
717,98.56684968451809,98.83556096370994,98.76064065793875,98.64413890895175,98.56684968451809,98.98042291531853,19.852583182641204,19.875846988071125,1.5689298456179435,0.19969695196408271,0.001781119257373869,-0.000969325226246595
718,98.62380314950327,98.81998634941421,98.76064065793875,98.65447515365852,98.21635569851658,99.3336435445811,20.232084917766024,20.252200271761176,1.5234154579685082,0.17972725676767445,0.0017748288954582095,-0.0008381397497979708
719,98.68572000793115,98.67082670469509,98.76064065793875,98.53506497395153,98.47119505021553,98.87106236029534,21.676025859370917,21.692548091592833,1.4815422213310276,0.261754531090907,0.0017509503358909737,-0.0006884263425799529
720,98.72167891293114,98.62211494115542,98.69159682561265,98.89458292995455,98.54621626961188,98.97499130402021,25.9758717053281,19.95814818321539,1.5435546980271455,0.2550400992661804,0.0017132084258454441,0.0013794681246490537
721,98.75421954579605,98.62211494115542,98.69159682561265,98.89458292995455,98.54621626961188,98.97499130402021,25.9758717053281,19.95814818321539,1.5435546980271455,0.2550400992661804,0.0017132084258454441,0.0013794681246490537
722,98.62878192947292,98.62211494115542,98.69159682561265,98.89458292995455,98.54621626961188,98.97499130402021,25.9758717053281,19.95814818321539,1.5435546980271455,0.2550400992661804,0.0017132084258454441,0.0013794681246490537
723,98.59677950053823,98.62211494115542,98.69159682561265,98.89458292995455,98.54621626961188,98.97499130402021,25.9758717053281,19.95814818321539,1.5435546980271455,0.2550400992661804,0.0017132084258454441,0.0013794681246490537
724,98.61475610462769,98.62211494115542,98.69159682561265,98.89458292995455,98.54621626961188,98.97499130402021,25.9758717053281,19.95814818321539,1.5435546980271455,0.2550400992661804,0.0017132084258454441,0.0013794681246490537
725,98.4708745865231,98.4483004035625,98.48803647088612,98.88383927432012,97.79406966645078,99.73622052539453,27.312639303379914,16.95814818321539,1.436070322184974,0.22953608933956235,0.0018752726711752292,0.0022071360066766945
726,98.58670588932635,98.4483004035625,98.48803647088612,98.88383927432012,97.79406966645078,99.73622052539453,27.312639303379914,16.95814818321539,1.436070322184974,0.22953608933956235,0.0018752726711752292,0.0022071360066766945
727,98.60116516058842,98.4483004035625,98.48803647088612,98.88383927432012,97.79406966645078,99.73622052539453,27.312639303379914,16.95814818321539,1.436070322184974,0.22953608933956235,0.0018752726711752292,0.0022071360066766945
728,98.66172941456333,98.49441739182087,98.48803647088612,98.5917871870377,98.22540314225894,98.66172941456331,29.387327390308425,17.375470268749883,1.3478513630768427,0.3065824804056061,0.0018220419235209593,0.0004940467316059818
729,98.76460591303716,98.76751842534469,98.655232056965,98.67807741134388,98.3032592952993,98.76460591303716,27.66432990249457,21.652450869515484,1.4476181381439426,0.28570241659743456,0.0016929671456243024,-0.0004529906763522204
730,98.63731855768823,98.76751842534469,98.655232056965,98.67807741134388,98.3032592952993,98.76460591303716,27.66432990249457,21.652450869515484,1.4476181381439426,0.28570241659743456,0.0016929671456243024,-0.0004529906763522204
731,98.62843791496773,98.76751842534469,98.655232056965,98.67807741134388,98.3032592952993,98.76460591303716,27.66432990249457,21.652450869515484,1.4476181381439426,0.28570241659743456,0.0016929671456243024,-0.0004529906763522204
732,98.73068971687954,98.76751842534469,98.655232056965,98.67807741134388,98.3032592952993,98.76460591303716,27.66432990249457,21.652450869515484,1.4476181381439426,0.28570241659743456,0.0016929671456243024,-0.0004529906763522204
733,98.70556195352096,98.60236099143837,98.62546054872136,98.40730088696269,98.32958416707517,98.8163225483468,27.386727921733836,21.410490423850643,1.3518086870924273,0.3571321749376911,0.0017102016662951095,-0.0009901042548668424
734,98.74350078269873,98.58518197473622,98.61102248661035,98.42051883671824,97.9938318611858,99.15489292083835,27.3807461858219,21.400806089145266,1.3236639921250333,0.321418957443922,0.0017078891062910467,-0.000835829305140607
735,98.76959310177658,98.6999057062683,98.61484971677939,98.83431797019671,98.4296579995975,98.91158447018995,28.49233637943552,22.47600556711226,1.2977708727550308,0.3892770616995298,0.0016870698341322078,0.0006804505134693741
736,98.60942860407316,98.6999057062683,98.61484971677939,98.83431797019671,98.4296579995975,98.91158447018995,28.49233637943552,22.47600556711226,1.2977708727550308,0.3892770616995298,0.0016870698341322078,0.0006804505134693741
737,98.70786836475257,98.6999057062683,98.61484971677939,98.83431797019671,98.4296579995975,98.91158447018995,28.49233637943552,22.47600556711226,1.2977708727550308,0.3892770616995298,0.0016870698341322078,0.0006804505134693741
738,98.63641907387112,98.6999057062683,98.61484971677939,98.83431797019671,98.4296579995975,98.91158447018995,28.49233637943552,22.47600556711226,1.2977708727550308,0.3892770616995298,0.0016870698341322078,0.0006804505134693741
739,98.74494600524902,98.54177463651497,98.55667612585547,98.34127378082594,98.26100609747795,98.76375610973008,29.983628935846767,24.00806994575198,1.2139492029346284,0.4503493555295769,0.0017080507358561705,-0.0010183754127171477
740,98.64738861410767,98.43725499804074,98.43741663521388,98.22703891295443,98.14210438530829,98.67415259377165,30.60913445118037,24.634788249039353,1.1968332666998582,0.5053144199766192,0.0017338367298516066,-0.0010689082441241288
741,98.7558087836544,98.51252593987962,98.45954135730344,98.66843472921575,98.2109876247177,98.75580878365442,31.3608327355876,25.341856202907316,1.1810866053638698,0.5547829779789573,0.0017246892092351363,0.0007906888616785654
742,98.55217275054694,98.48384326934234,98.45954135730344,98.26422677268731,98.17498973574958,98.73405368843258,31.804677117675528,25.831466686277622,1.1665996769347604,0.5993046801810615,0.0017551557553233833,-0.0011162320250872712
743,98.69961699741117,98.48384326934234,98.45954135730344,98.26422677268731,98.17498973574958,98.73405368843258,31.804677117675528,25.831466686277622,1.1665996769347604,0.5993046801810615,0.0017551557553233833,-0.0011162320250872712
744,98.58458710106008,98.16622175917263,98.14845261833636,97.94441952559674,97.85400726048135,98.42045623281524,32.69307392150194,26.720218055909676,1.1132717027799797,0.6393742121629554,0.0017855671399127978,-0.0011310056003222945
745,98.63847954322813,98.37491537501829,98.34256410459842,97.95979791624485,97.50518068472172,98.77255722366826,31.417707522514565,25.468451575074347,1.1042099665575813,0.5754367909466599,0.0019321537523962332,-0.002114335523324347
746,98.5213759444757,98.34897281066795,98.33498784792113,98.12938605365633,98.03998288437741,98.60009197745049,31.863351050762212,25.89017376140954,1.0958731692329748,0.6178931118519939,0.0019503381363276738,-0.0011176129436384539
747,98.53948422910203,98.34897281066795,98.33498784792113,98.12938605365633,98.03998288437741,98.60009197745049,31.863351050762212,25.89017376140954,1.0958731692329748,0.6178931118519939,0.0019503381363276738,-0.0011176129436384539
748,98.39199155502692,98.34897281066795,98.33498784792113,98.12938605365633,98.03998288437741,98.60009197745049,31.863351050762212,25.89017376140954,1.0958731692329748,0.6178931118519939,0.0019503381363276738,-0.0011176129436384539
749,98.39534246764225,98.34897281066795,98.33498784792113,98.12938605365633,98.03998288437741,98.60009197745049,31.863351050762212,25.89017376140954,1.0958731692329748,0.6178931118519939,0.0019503381363276738,-0.0011176129436384539
750,98.39700550090147,98.39552638054109,98.35498256027805,98.55968527787466,98.08200526065231,98.6509353663772,33.16592062894314,27.14591702760235,1.0282033156943369,0.6561038006667945,0.00193333587801263,0.0008334833891995688
751,98.4568370070445,98.48795411059447,98.4597683183955,98.66063858518616,98.16130974370057,98.75603642767854,33.591855608269945,27.570833762090217,1.02594705043879,0.6904934206001151,0.0019224449831111178,0.0008759102574887061
752,98.52348309673788,98.51959623616452,98.49559802339607,98.6951936851114,98.1886506310295,98.7919739452318,33.96894633870796,27.947577055114127,1.0238712864036867,0.7214440785401036,0.0019139447303291512,0.0008903868164095223
753,98.37572018134173,98.51959623616452,98.49559802339607,98.6951936851114,98.1886506310295,98.7919739452318,33.96894633870796,27.947577055114127,1.0238712864036867,0.7214440785401036,0.0019139447303291512,0.0008903868164095223
754,98.39618726176684,98.23121826818196,98.19211351049968,98.67875047225351,97.65854710688173,99.32822986032919,32.97752297687615,26.922976358609837,0.9819615834913918,0.6492996706860933,0.0020718416074442473,0.0022727757610965685
755,98.49169057741143,98.26465825959045,98.23434036714251,98.4354005109323,97.9406057570334,98.52993015761534,33.3947817381172,27.373948932790057,0.9834046568120804,0.684369703617484,0.0020516951637952483,0.0008680335552977259
756,98.27697296742669,98.26465825959045,98.23434036714251,98.4354005109323,97.9406057570334,98.52993015761534,33.3947817381172,27.373948932790057,0.9834046568120804,0.684369703617484,0.0020516951637952483,0.0008680335552977259
757,98.36197823953569,98.26465825959045,98.23434036714251,98.4354005109323,97.9406057570334,98.52993015761534,33.3947817381172,27.373948932790057,0.9834046568120804,0.684369703617484,0.0020516951637952483,0.0008680335552977259
758,98.30277111370803,98.35389136600789,98.3279922357223,98.52787120566336,98.02544069248165,98.62386382720392,32.419970573836736,26.398762331401326,0.9313989509337807,0.7159327332557356,0.0020346346937465914,0.0008836767681422382
759,98.26370637660602,97.86045847951316,97.82720293874044,98.49655944340643,97.62735926707276,99.02600855985271,30.388066504648513,27.896759169063976,1.148771887190081,0.4896979895469232,0.002155216786637587,0.0032395122446959063
760,98.27733979748619,97.96883429533337,97.96206802565557,98.1700119952064,97.70536516079905,98.27733979748616,27.688583355850323,25.686244370366154,1.3047587062476023,0.41095342485009545,0.002070775424062247,0.0010256902376952484
761,98.25748239011949,97.91175203141873,97.93437225479795,98.1592235357621,97.73373359324027,98.2574823901195,28.174262884081866,19.68624437036615,1.4166948476032795,0.35709214259746536,0.002002293240526712,0.001262152665010715
762,98.14382224534762,97.50312908752429,97.53277314932419,98.04406360817732,97.67464528391149,98.14382224534764,23.96880193578385,20.434361855727804,1.7836757736592888,0.24339077940786644,0.0020267924113710855,0.002766260733258408
763,98.20990661233745,98.45685021744508,98.36247711182557,98.11729947018607,97.774304574936,98.20990661233743,20.472203576380576,20.210014620837345,1.9890852734387665,0.18428426276738533,0.001876906565455068,-0.0017273418086691016
764,98.05387425532174,97.33893785018654,97.41616572828516,98.12865380990125,98.05387425532174,98.45399961774855,19.08988754501995,20.210014620837345,1.907767592219659,0.20205043573289158,0.001979676769366119,0.0040401375645329205
765,98.15471637909955,98.09169803604175,97.99547193398976,98.0728051856891,97.76934799169268,98.15471637909955,19.674150797123946,17.210014620837345,2.0585429388579253,0.1627938985113864,0.0017700234373164295,-9.631125938871718e-05
766,98.10956979247821,98.16876574543282,98.01353682733219,97.7612382860564,97.6936976727274,98.05503347328305,18.637851217667098,17.21001462083734,1.9576104129244474,0.18735102658178832,0.0017665471316991438,-0.0020799645332060623
767,98.22046473527311,97.95233444344919,98.04231052864617,97.77858054625426,97.34914565570026,98.40208386941465,17.84185614859653,17.21001462083734,1.8851812323145836,0.12814810218194322,0.0019034668814034358,-0.0008877182084601283
768,98.11929645485407,97.95233444344919,98.04231052864617,97.77858054625426,97.34914565570026,98.40208386941465,17.84185614859653,17.21001462083734,1.8851812323145836,0.12814810218194322,0.0019034668814034358,-0.0008877182084601283
769,98.0483471778357,97.95233444344919,98.04231052864617,97.77858054625426,97.34914565570026,98.40208386941465,17.84185614859653,17.21001462083734,1.8851812323145836,0.12814810218194322,0.0019034668814034358,-0.0008877182084601283
770,98.15643337190043,97.98750600655448,98.04231052864617,98.10135145532702,97.81267810790162,98.15643337190045,17.333256153671186,17.319322211651702,1.7610334003960835,0.2153332919637489,0.001858928586444609,0.0005805809174785248
771,97.98530402618321,97.95882178193492,98.06638249290184,98.30307633558336,98.02634975886733,98.3669212056892,17.853213175956412,17.81111580827165,1.7441175681242296,0.22328797170320425,0.0018142608814854509,0.0017540569868651121
772,98.14960401870944,98.04898991789966,98.06638249290184,98.28669682402436,97.67130355141778,98.72449606178992,17.060599886033867,17.031542683842748,1.7319787668859472,0.15272897264499172,0.0018594946477760491,0.0012107167579633957
773,98.1524412959749,98.58885425802461,98.47125286446858,98.60255735003868,98.33787067641188,98.67398471654668,21.100064466028336,15.093114897528743,1.9601490112315374,0.1371546291397725,0.001626395334904127,6.94913226815094e-05
774,98.24199402683384,98.24818430560764,98.3465918493744,98.3175535956025,98.24199402683382,98.59853948677043,17.013828568035187,17.011939856492752,2.087862285758606,0.12905846241201935,0.0014577234173915343,0.0003529063138650398
775,98.26924873772579,98.08108239410997,98.20883542823255,97.97426226486533,97.95599183098464,98.24822167792918,16.566780184738263,16.57985650819341,2.0008333028979175,0.21615261617081744,0.0014356416360934657,-0.0005448468106311417
776,98.27712700532527,98.03024971839996,98.14722001040775,98.20796084298415,97.95164132545786,98.27712700532526,21.10373517697181,15.097114348234406,2.110634422964446,0.17012477599023773,0.0013221478206267624,0.0009055887947398868
777,98.24346719545292,98.09514790963121,98.14722001040775,98.18652676668333,97.88813050726813,98.2434671954529,20.38188100670914,14.370707816074468,2.02178366912729,0.25311229839121396,0.0012986849085985714,0.00046554960977794634
778,98.3851324186459,98.2900576236106,98.15443262397116,98.32108966365715,98.04350678540018,98.38513241864588,21.88485703385159,15.881069003664118,1.9312319609657436,0.24912881209959034,0.0012067083141298262,0.00015783459114455755
779,98.46252877764175,98.30615975626247,98.16714119130881,98.3125318940787,97.80717225738371,98.62286348986845,22.870773122771624,16.86999531621465,1.8567334040884842,0.22421593088963132,0.001138194848068273,3.2408606540644755e-05
780,98.4142940841858,98.30615975626247,98.16714119130881,98.3125318940787,97.80717225738371,98.62286348986845,22.870773122771624,16.86999531621465,1.8567334040884842,0.22421593088963132,0.001138194848068273,3.2408606540644755e-05
781,98.2210610822246,98.30615975626247,98.16714119130881,98.3125318940787,97.80717225738371,98.62286348986845,22.870773122771624,16.86999531621465,1.8567334040884842,0.22421593088963132,0.001138194848068273,3.2408606540644755e-05
782,98.3211161602754,98.30615975626247,98.16714119130881,98.3125318940787,97.80717225738371,98.62286348986845,22.870773122771624,16.86999531621465,1.8567334040884842,0.22421593088963132,0.001138194848068273,3.2408606540644755e-05
783,98.45091325977366,98.30615975626247,98.16714119130881,98.3125318940787,97.80717225738371,98.62286348986845,22.870773122771624,16.86999531621465,1.8567334040884842,0.22421593088963132,0.001138194848068273,3.2408606540644755e-05
784,98.43852545279373,98.36878566146348,98.23940914168789,98.47231666973013,98.1438086435409,98.53501418424061,25.268824921518707,19.2562018251787,1.7241947317614055,0.3017943378006682,0.001133018644704223,0.0005259623475002811
785,98.48214967338956,98.14037930618265,98.18695095279914,97.96691915058736,97.92166290375354,98.32972500920181,26.45452729029537,20.47575568805031,1.6662591532204931,0.3716149040206014,0.0011711795424774513,-0.0008845165731225593
786,98.65228000873844,99.22755826381722,99.09512180675043,98.0019888833911,97.69256362817069,98.56031849483917,22.888210074189253,19.67551487013849,1.9233639033138004,0.1931802917060694,0.001891550334582123,-0.006213923816959197
787,98.70723340556037,99.14461440647152,99.02868479987274,98.02930595724085,97.32368102529676,98.93388828220684,17.93212235489318,15.328450689561414,2.067272630874027,0.10042284284048313,0.0026552702951515616,-0.005656470425568185
788,98.65566746534907,98.83289582340845,98.95252504047049,98.03699655745527,96.80820959422952,99.46067824338505,14.932122354893181,18.048513213858833,1.9818908204041048,0.09038055855643481,0.0029810888590520238,-0.004042767821569398
789,98.5112330702899,98.35448769205533,98.47353783481509,98.572123121467,98.5112330702899,98.83693720282866,14.932122354893181,17.986738079012525,1.9026048527219857,0.1378203020526014,0.0027548933462027986,0.001105160082289525
790,98.4427911047974,98.25879128468968,98.40729193109226,98.16380243166986,98.11207005529899,98.43584526131983,17.93212235489318,14.986738079012525,1.830396464504227,0.22403827184734126,0.002647631069807781,-0.0004835943321112195
791,98.56739923279481,98.41967885325167,98.40729193109226,98.51545418660557,98.2431914809191,98.56739923279481,20.7189397752396,11.986738079012525,1.763964747343889,0.30163444466260714,0.002547132731068933,0.00048632934040522004
792,98.63922857888765,98.52099231915855,98.40729193109226,98.58757983152968,98.31686726851281,98.63922857888765,19.71037630894013,13.702268593078413,1.7028475675563781,0.3714710001963465,0.002434843348055532,0.00033782149423836267
793,98.7899219802551,98.65455737572881,98.49355221431433,98.73707720163839,98.46010553068207,98.7899219802551,21.494223951600535,15.484190720830295,1.6466197621518681,0.43432390017671185,0.0023389189039458567,0.00041805128209330847
794,98.68344902480791,98.65455737572881,98.49355221431433,98.73707720163839,98.46010553068207,98.7899219802551,21.494223951600535,15.484190720830295,1.6466197621518681,0.43432390017671185,0.0023389189039458567,0.00041805128209330847
795,98.79006619685138,98.68314979155431,98.5396810636957,98.77767451184934,98.47103801936743,98.83618963259345,23.57583779081085,17.56434896362154,1.5548901811797187,0.49089151015904064,0.002256027910043518,0.0004787011328878686
796,98.8277576920897,98.68314979155431,98.5396810636957,98.77767451184934,98.47103801936743,98.83618963259345,23.57583779081085,17.56434896362154,1.5548901811797187,0.49089151015904064,0.002256027910043518,0.0004787011328878686
797,98.70780867952834,98.47346166571104,98.53691296872417,98.3060582380775,98.24130222981799,98.64672822157137,25.24806668056089,19.268483857435648,1.4704989666853412,0.5418023591431366,0.0022227521444418,-0.0008507157031147786
798,98.59667075953354,99.10623690172471,98.99967555605384,98.3170710036405,97.80553940979945,99.08623887439158,22.24806668056089,22.268483857435648,1.432859049350514,0.4876221232288229,0.002569069041021277,-0.003997328919554385
799,98.65380391815486,98.87377896088294,98.95065588581232,98.72417495534741,98.65380391815486,99.09444727082413,21.67185738856194,21.690028103701913,1.398230325402473,0.5388599109059407,0.002505778491619561,-0.0007571131308321509
800,98.58498290420823,98.79909890236127,98.88162778757093,98.65347823302805,98.58498290420823,99.01386024349503,22.82476929409959,22.842469220404432,1.3663718993702754,0.5849739198153466,0.0024439314296916302,-0.0007374969293683476
801,98.61268642449214,97.86239956883917,97.9328293877298,98.66512717079377,98.10428876831433,99.49901112312344,25.82476929409959,19.842469220404436,1.3370621474206534,0.5264765278338119,0.002787444936889533,0.0040845555595785885
802,98.55324782829479,98.3576938496344,98.2575880848099,98.48117996083485,98.10368737443777,98.5532478282948,25.14725184940387,19.132195541615477,1.3100971756270012,0.5738288750504308,0.0026954797894941243,0.0006273461578495868
803,98.5800093456944,98.3914041441648,98.28426931765733,98.51011418208111,98.14397680218184,98.58000934569442,26.317732438604164,20.303263068666293,1.2852894015768412,0.6164459875453877,0.0026060978605793117,0.0006028904140780135
804,98.74762541096561,98.5471355093531,98.4513825347327,98.67390611931431,98.28778179486049,98.7476254109656,27.371801666329144,21.356374840601305,1.262466249450694,0.6548013887908489,0.0025268661282069876,0.0006427844053267486
805,98.61888908340416,98.5471355093531,98.4513825347327,98.67390611931431,98.28778179486049,98.7476254109656,27.371801666329144,21.356374840601305,1.262466249450694,0.6548013887908489,0.0025268661282069876,0.0006427844053267486
806,98.71530184712503,98.5471355093531,98.4513825347327,98.67390611931431,98.28778179486049,98.7476254109656,27.371801666329144,21.356374840601305,1.262466249450694,0.6548013887908489,0.0025268661282069876,0.0006427844053267486
807,98.71211080760071,98.5471355093531,98.4513825347327,98.67390611931431,98.28778179486049,98.7476254109656,27.371801666329144,21.356374840601305,1.262466249450694,0.6548013887908489,0.0025268661282069876,0.0006427844053267486
808,98.74876919294728,98.5471355093531,98.45252288536844,98.67390611931431,98.28778179486049,98.7476254109656,27.371801666329144,21.356374840601305,1.262466249450694,0.6548013887908489,0.0025268661282069876,0.0006427844053267486
809,98.56146503656437,98.5471355093531,98.45252288536844,98.67390611931431,98.28778179486049,98.7476254109656,27.371801666329144,21.356374840601305,1.262466249450694,0.6548013887908489,0.0025268661282069876,0.0006427844053267486
810,98.72341872487948,98.5471355093531,98.45252288536844,98.67390611931431,98.28778179486049,98.7476254109656,27.371801666329144,21.356374840601305,1.262466249450694,0.6548013887908489,0.0025268661282069876,0.0006427844053267486
811,98.818038358347,98.60699885152762,98.52158424327197,98.74092944863284,98.33709372998003,98.818038358347,29.14312391498022,23.12683626322623,1.1728975209232098,0.689321249911764,0.0024566924317871797,0.00067865215641643
812,98.8570880806474,98.62846291169734,98.56051681640544,98.77433697333663,98.34102876007938,98.85708808064739,29.914135789671636,23.89640059300076,1.1590657192493532,0.7203891249205876,0.002397966885375487,0.0007389665279532244
813,98.75278315322805,98.62846291169734,98.56051681640544,98.77433697333663,98.34102876007938,98.85708808064739,29.914135789671636,23.89640059300076,1.1590657192493532,0.7203891249205876,0.002397966885375487,0.0007389665279532244
814,98.79750571262153,98.26413890548226,98.26221540060173,98.74734200931569,97.67629006698066,99.52986272728079,30.84766869890296,21.181209693087208,1.170945560133336,0.49274616144568195,0.002331575634059789,0.0024526646954265217
815,98.7383861969135,98.5292463506341,98.44217103832274,98.65611372277756,98.22530659577642,98.7383861969135,31.810756770923472,19.79531537643907,1.1572699153226693,0.5434715453011137,0.0022688880790915677,0.0006433914368502061
816,98.8057659991805,98.61017686928407,98.50934870118294,98.72410495148026,98.29649043413141,98.80576599918051,32.75173677044572,20.73788071894022,1.1446883220968558,0.5891243907710024,0.002202035059570959,0.0005773354793956239
817,98.83227031233177,98.62731312903985,98.53577350139479,98.71022928691337,97.86453767109566,99.24187313914011,32.70813317527522,20.69804899278971,1.1331132563291075,0.5302119516939022,0.0021203338713914536,0.00042017427022952825
818,99.00732834803816,98.80240249475885,98.71030636299406,98.92264402994881,98.47923828087528,99.00732834803814,33.579190500808245,21.564595501867636,1.122464195822779,0.577190756524512,0.002066088842806766,0.0006081249558585456
819,98.98633147356313,98.80240249475885,98.71030636299406,98.92264402994881,98.47923828087528,99.00732834803814,33.579190500808245,21.564595501867636,1.122464195822779,0.577190756524512,0.002066088842806766,0.0006081249558585456
820,98.9542854372814,98.69231742663807,98.65688727568158,98.4478644851731,98.36091661385453,98.9056033595698,34.453216888933056,22.482976781301343,1.0726670601569568,0.6194716808720608,0.0020909230503439844,-0.0012399955153451238
821,98.88795319117075,98.37510738876381,98.35765494933368,98.39983773687534,98.28083391439007,98.84284178526835,28.768748474460345,26.161476404273415,1.591113788247533,0.37978615858453213,0.0019728872527253138,0.0001256783382444518
822,98.85102040929469,98.53070690393118,98.478231224318,98.73569314351737,98.30877351657278,98.85102040929469,22.770365949321885,22.09398496443216,1.881302938468215,0.2551880366785832,0.0018939581063494464,0.0010391340823215972
823,98.98166841004532,98.7629784606847,98.68472340481519,98.91056215988615,98.53809154450525,98.98166841004532,23.826502021116568,19.09398496443216,1.810798703390758,0.3296692330107249,0.001869913021355115,0.0007466032061656695
824,98.82069330482258,98.797943768828,98.68998845308784,98.91892166282477,98.56254282813899,98.98694930099082,25.467432001650508,16.09398496443216,1.7459348071194976,0.3967023097096525,0.001831143180630274,0.0006118744282772195
825,98.71378805196639,98.75423836179728,98.68998845308784,98.56833275154122,98.5027366767619,98.91342948649088,26.752237338751073,14.774848713724401,1.6862600225499378,0.45703207873868723,0.0018343314981099758,-0.0009421406238887392
826,98.75411418879659,98.87090914046973,98.72015394700462,98.95136302618758,98.60640733774734,99.01720556369567,28.276481690294574,16.266720942750425,1.6313592207459429,0.5113288708648185,0.0017730753486348751,0.00040669781433950335
827,98.91819949590847,98.91610908336573,98.78004349634242,99.00660454204973,98.63640912862863,99.07727532230933,29.629450852374934,17.618477422551585,1.5808504830862675,0.5601959837783367,0.0017215579806569797,0.0004572262426397182
828,98.94536497832598,98.11007447973908,98.11372087938526,98.99459552354301,98.29737653319876,99.41899782788707,26.62945085237493,20.61847742255159,1.5343824444393663,0.504176385400503,0.002156776540993683,0.004487570202112445
829,98.98355847841692,98.74335946645564,98.6118227956644,98.88423677150381,98.51642514914867,98.98355847841694,23.399897551536153,19.701182772917843,1.8495488168611578,0.31985105218659754,0.0020079786353622755,0.0007128422737001552
830,99.01629804034015,98.859755286649,98.72806356422929,98.9363519659866,98.58998356955028,99.01629804034013,21.285322737351542,19.701182772917843,1.8076362309795668,0.29477811969563267,0.0018697725392557976,0.000387250691641543
831,98.96473297289923,98.89460176769072,98.79062579466321,98.90680433011934,98.22199037411437,99.38726714590717,21.138309824828898,16.701182772917843,2.002496612293731,0.15323745774257766,0.001592969139364493,6.169097919645981e-05
832,98.98948430399729,98.89460176769072,98.79062579466321,98.90680433011934,98.22199037411437,99.38726714590717,21.138309824828898,16.701182772917843,2.002496612293731,0.15323745774257766,0.001592969139364493,6.169097919645981e-05
833,99.04106338104305,98.8504917412006,98.79062579466321,98.7013347043854,98.6415385091244,99.01585993862588,23.442542725774445,13.701182772917841,1.8822968833102327,0.2379137119683199,0.0015879942931388024,-0.0007550273743294878
834,99.0045474369127,98.65714429221397,98.71602624868498,98.72086002805854,98.32875107626626,99.33083309046042,23.695674715471966,11.68792725817278,1.831136243463423,0.16273297898633082,0.0015123787762959722,0.00032281072079940186
835,99.07051562477136,98.43958429518294,98.52134256767536,98.98800369239608,98.72024283463685,99.07051562477136,18.71948985171571,17.966666093459178,2.3862071772794105,0.10818988496515322,0.0015956743449843632,0.002777825545068388
836,99.1727706181623,98.99459021263633,98.87525230630781,99.11452196967367,98.80927738995031,99.17277061816232,15.71948985171571,18.399818272332563,2.275310603097058,0.19737089646863792,0.0015725797734323756,0.0006053823356038725
837,99.20079029465289,99.11776006844804,98.97282313726399,99.13739523907144,98.86261098578804,99.2007902946529,21.010607108995462,12.399818272332562,2.113162888782449,0.21100169318454834,0.0014685287272505198,9.903989933052338e-05
838,99.20421228768534,99.02639974275186,98.97282313726399,98.87122552832605,98.81833926491053,99.14934312641073,19.827734324134664,13.846553049933506,2.024109857679853,0.2899015238660935,0.0014745106518937224,-0.0007841135749519289
839,99.2151140290159,98.5640486344254,98.65619361488669,99.14417375363398,98.88128659375339,99.21511402901588,17.679304797974464,17.619659437086213,2.123662962419429,0.20846240816655007,0.0015857977806225177,0.002934248824866339
840,99.26410565456278,99.08920568096677,98.96631333759909,99.20800925703327,98.91402285402448,99.2641056545628,20.679304797974464,14.619659437086211,2.0337699254258745,0.28761616734989504,0.0015625441702838616,0.000599118732472606
841,99.40809919860682,99.26276794304967,99.10987490101098,99.35191996278351,99.05749943971117,99.40809919860683,21.167832810574147,15.157059949331247,1.9510683313918047,0.35885455061490557,0.0015226558298989403,0.00044886921845437293
842,99.38675906713823,97.89633643912865,97.80484144148443,99.33358993373835,98.75629734158474,99.71128926197885,18.087446374150698,15.157059949331249,1.8804866346067592,0.24545651262059542,0.002712333139597633,0.007287197845891564
843,99.41296279140329,99.33291642729111,99.15546156706665,99.35106181292817,99.08274184751959,99.41296279140329,17.051128080547823,15.157059949331249,1.8298372089938104,0.24389225463248726,0.0024576229062410367,9.132787554273453e-05
844,99.44328625394397,99.33291642729111,99.15546156706665,99.35106181292817,99.08274184751959,99.41296279140329,17.051128080547823,15.157059949331249,1.8298372089938104,0.24389225463248726,0.0024576229062410367,9.132787554273453e-05
845,99.60655974147545,99.63733719298854,99.50017725450391,99.54647278655385,99.28600248910313,99.60655974147545,16.91830906997582,16.92925747865751,1.6522911811739585,0.2428223021686213,0.00225538911465641,-0.00045618369507048216
846,99.64685592792739,99.35547150831093,99.48583635991363,99.24115495114665,99.18737885083385,99.52395817964276,18.631496631242342,18.64531155559859,1.600107886680042,0.31854007195175915,0.002189140397187324,-0.0005756218481768057
847,99.61813551425236,99.5042293612901,99.48583635991363,99.5485792334125,99.24713696480299,99.61813551425237,23.179539594293782,17.1643081630113,1.6286374194815982,0.29388140921500333,0.0020192804650188785,0.00022280455340223712
848,99.72909155631332,99.55791347028435,99.48583635991363,99.66467062198566,99.32714281056336,99.7290915563133,23.499066546455403,17.48620569710689,1.5783464259230706,0.36449326829350304,0.001962427890015407,0.000535868722854604
849,99.80339295782281,99.62887469196983,99.50398277894934,99.737898348875,99.39475613633633,99.8033929578228,24.950536142280278,18.937411749856135,1.5320787118492252,0.4280439414641527,0.0019103041852765238,0.0005468496843395146
850,99.92002302649966,99.71158668658678,99.62026295742015,99.82689599693128,99.48196667078906,99.92002302649965,24.2468385178104,20.234898578577496,1.8482593532259433,0.28027436253072513,0.001744710034584936,0.0005778800599952118
851,100.18691274186709,99.71372554330034,99.76201701920316,100.10342842204639,99.74175549993141,100.18691274186709,22.171517139417453,20.234898578577496,1.806710911874937,0.26770766397101603,0.001732698840621882,0.0019502974144734112
852,100.12052090055383,99.91792804194813,99.82015933785215,100.05253967986263,99.69639483653641,100.12052090055383,25.171517139417453,17.234898578577496,1.742174038924942,0.34093689757391443,0.0017095158330610026,0.0006731575889584113
853,100.01822885154809,99.91792804194813,99.82015933785215,100.05253967986263,99.69639483653641,100.12052090055383,25.171517139417453,17.234898578577496,1.742174038924942,0.34093689757391443,0.0017095158330610026,0.0006731575889584113
854,100.0470141463774,99.74237409280187,99.79883070973261,99.59982688797919,99.52070430761022,99.94409781764638,24.32446721990103,18.341629330577604,1.5893840903325387,0.3092008379405575,0.0016572702040351594,-0.0007150879448572358
855,100.12159224205078,99.6270292623879,99.65433210326287,100.030876819985,99.69485918275771,100.12159224205077,24.267716145521312,19.734188765255077,1.8803347781136512,0.2184949635950194,0.0015803283666204597,0.002022697550631875
856,100.24545800036536,100.15281841227853,100.01973486939721,100.1628263848213,99.80483896849715,100.24545800036535,22.046472435925597,19.734188765255077,1.8297282367743561,0.22545055509899328,0.0014710350676123169,4.9961013044684004e-05
857,100.40838993128207,100.30853998980177,100.20958980818938,100.32980549037057,99.98931388516223,100.40838993128207,19.483226357298477,19.480682616158518,1.793412982709278,0.2302081796877114,0.0013798343035274555,0.00010598921416497196
858,100.40980595917334,100.30853998980177,100.20958980818938,100.32980549037057,99.98931388516223,100.40838993128207,19.483226357298477,19.480682616158518,1.793412982709278,0.2302081796877114,0.0013798343035274555,0.00010598921416497196
859,100.5790990090487,100.38316405848724,100.27736171202156,100.51635415213983,100.1875852677059,100.57909900904869,21.517547404010003,21.5016361550626,1.6899399440925358,0.30718736171894023,0.0013766005017085347,0.000662968706141751
860,100.41051086813454,100.40603519174813,100.33405038754339,100.03948728505787,99.95886930541216,100.39027560666504,25.829429318075192,19.847009612897708,1.6931009038808036,0.2861161554157551,0.001408711684525004,-0.0018286659744802792
861,100.48883918365617,99.913393730467,99.94738071980977,100.54365094461687,100.18209747095199,100.64127505199201,23.608559962826106,19.51823654089295,1.9383879827273947,0.20649462223132617,0.001579247442896756,0.0031441010974268494
862,100.43297517149682,100.28311027946243,100.1476872673546,100.35183670919776,100.00030271584473,100.43297517149682,21.304877858994605,19.51823654089295,1.8713872164051786,0.21724232160622714,0.001487206125734546,0.0003425446601742224
863,100.43115331318079,100.28311027946243,100.1476872673546,100.35183670919776,100.00030271584473,100.43297517149682,21.304877858994605,19.51823654089295,1.8713872164051786,0.21724232160622714,0.001487206125734546,0.0003425446601742224
864,100.62417844467231,100.37429087989536,100.3223059093383,100.54723126946395,100.21381763905765,100.6241784446723,20.47570955123421,20.455051886961883,1.6821074664923563,0.22459374797865936,0.001439053432556054,0.0008607360113469715
865,100.71484622134689,100.50900487143055,100.4141623541264,100.62730879195495,100.30303451265371,100.71484622134687,23.36077171496001,17.583201857644877,1.9322346480048336,0.17451281394922627,0.001360919756487086,0.0005881778300977261
866,100.60095418451716,100.81679336506787,100.67688151798782,100.64063932360563,100.30592240288007,100.71788775037408,21.55330243307081,15.574287992842274,1.8669715834082687,0.19536676474127077,0.0013172426867113884,-0.000874398323810991
867,100.5353508130361,100.64953711320845,100.67688151798782,100.61467310123152,100.53535081303612,100.90966535468684,19.37621935166345,19.392993638953044,2.0357082704379437,0.1593194589831022,0.0012267603633942348,-0.0001732250952108413
868,100.41966585178014,100.54658762430347,100.6632661109512,100.49264362916706,100.41966585178012,100.81011994593064,18.2796661458702,18.28610596299048,1.9412242548662686,0.18497450994444192,0.0011744335973237715,-0.0002683257133449132
869,100.26695728712556,100.42197925731776,100.45221242568303,100.35332258269037,100.26695728712555,100.63459908361351,19.456216598888336,18.437506315641734,2.434270264387674,0.11697703342963423,0.0010250248678501678,-0.000341957770692922
870,100.09262140627119,100.35834839333104,100.39380281471533,100.16371679374066,100.0926214062712,100.47299055186025,17.590596326766896,18.437506315641734,2.227232341724595,0.15601229086586982,0.001039561647724408,-0.0009706243520323112
871,100.07655089254405,100.25290172502724,100.3776839443772,100.13430869717277,100.07655089254403,100.43808450676968,17.20733233953078,17.22153600383905,2.1290537543866277,0.24041106177928284,0.0010482062786936772,-0.000591819346177823
872,100.01971224525566,100.65621860669854,100.54060637260089,100.09288269553186,100.01971224525566,100.36496002655595,21.298721290622368,15.535438411000847,2.1824029998353183,0.1827352863553424,0.0011812243093059565,-0.0028061690314547106
873,99.97252124534032,100.24726159717385,100.27334126914776,100.04154477809536,99.9725212453403,100.34178978038818,20.077984292922576,14.102634715216437,2.0464923926818246,0.20099093586705422,0.001192338228483828,-0.0010271009289109475
874,99.97970868736395,100.0608435298715,100.14309871522524,100.04375873474041,99.97970868736392,100.32233256493396,21.64042467230223,15.642473776013516,1.9489629409884774,0.21347780013306508,0.0011411546970622106,-8.537932130369002e-05
875,99.95476244226549,100.41465714665253,100.27026066751314,100.50867836475295,100.19735556425479,100.55156065219299,23.406170143274842,17.394939445612636,1.8730459057093993,0.2921300201197586,0.0011288389076482116,0.0004679457359251834
876,99.9152581008919,100.14967012276054,100.21590581834694,99.9895600050835,99.97139738380938,100.32418343233414,24.79560428626717,18.81480413440186,1.8032022332526476,0.36291701810778276,0.0011571078343423074,-0.0007999936722787893
877,99.99927748642375,100.14967012276054,100.21590581834694,99.9895600050835,99.97139738380938,100.32418343233414,24.79560428626717,18.81480413440186,1.8032022332526476,0.36291701810778276,0.0011571078343423074,-0.0007999936722787893
878,99.95237493407534,100.45469592564551,100.34212357802359,100.00219682273126,99.64474629844098,100.65306181904526,24.6590000977957,18.713176226743155,1.698946054592436,0.3266253162970045,0.0013585624691182777,-0.0022573387061439643
879,100.07656825271948,100.70655751569198,100.60480638262536,100.1579460987465,100.07656825271947,100.5120470644751,22.89510763220372,22.916398299940486,1.699563688775532,0.2994117163471511,0.0014643674419380184,-0.002731251202046858
880,100.1006775557189,100.33038505217391,100.40188320533491,100.17416087974492,100.10067755571892,100.56083426531373,22.212152229732247,22.230851956069476,1.6435985936734896,0.369470544712436,0.0014700040460283244,-0.0007791552640508938
881,100.13447917900265,100.33038505217391,100.40188320533491,100.17416087974492,100.10067755571892,100.56083426531373,22.212152229732247,22.230851956069476,1.6435985936734896,0.369470544712436,0.0014700040460283244,-0.0007791552640508938
882,100.08528799279473,100.3621630564478,100.38644733479913,100.1686836337798,100.08528799279476,100.53158413423901,23.44158602821345,23.46474209732039,1.5186463508200962,0.3287178525833062,0.0014420516506449977,-0.000964836212789138
883,100.04000889829703,100.27506956526693,100.34103199427989,100.11520547847299,100.04000889829702,100.51091583707519,24.566730717652906,24.585877046396742,1.4771546427544886,0.3958460673249756,0.0014512602156342132,-0.0007977636976598125
884,100.1433154116977,100.27506956526693,100.34103199427989,100.11520547847299,100.04000889829702,100.51091583707519,24.566730717652906,24.585877046396742,1.4771546427544886,0.3958460673249756,0.0014512602156342132,-0.0007977636976598125
885,100.18031964575886,100.27506956526693,100.34103199427989,100.11520547847299,100.04000889829702,100.51091583707519,24.566730717652906,24.585877046396742,1.4771546427544886,0.3958460673249756,0.0014512602156342132,-0.0007977636976598125
886,100.27403360521879,100.65108337170977,100.59516420392721,100.13976187554864,99.53833855882131,101.01748793782612,23.670931308994223,23.73204821844672,1.3521395049739544,0.27075871005028335,0.0016760846554189825,-0.0025465378938540725
887,100.36532613120423,100.40007996388876,100.45265877373517,100.45453402831113,100.36532613120423,100.84278448192629,21.778781706570932,27.798108316926257,1.4506953087693097,0.2611989576743938,0.0015880902007659123,0.0002711118422427607
888,100.30106478125963,100.03663722324046,100.11912699575325,100.46646491951182,100.0470534626235,101.163588553744,24.778781706570932,24.798108316926257,1.414639684067765,0.2350790619069544,0.0017500546866766541,0.002143745865664157
889,100.27909057597135,100.03663722324046,100.11912699575325,100.46646491951182,100.0470534626235,101.163588553744,24.778781706570932,24.798108316926257,1.414639684067765,0.2350790619069544,0.0017500546866766541,0.002143745865664157
890,100.27576373855256,99.92207342382163,99.974401905033,100.47744259092526,99.55305397124543,101.66557979658387,27.763297926675204,21.798108316926257,1.341468509342344,0.21157115571625898,0.001977609447488748,0.002771309922039841
891,100.25016374843631,100.03163735561851,99.974401905033,100.17059861761089,99.7539165406188,100.25016374843631,24.763297926675204,24.798108316926257,1.3141510285949565,0.2904140401446331,0.0019422454274782709,0.0006941044455215836
892,100.14560487639888,100.15718334549669,100.10495314256922,100.13320192658976,99.36717499736848,100.64034192387699,22.92314948794312,21.798108316926257,1.726279126933398,0.15096883462878607,0.0018939505072271803,-0.00011973325067176767
893,100.1063805626046,100.15718334549669,100.10495314256922,100.13320192658976,99.36717499736848,100.64034192387699,22.92314948794312,21.798108316926257,1.726279126933398,0.15096883462878607,0.0018939505072271803,-0.00011973325067176767
894,100.13809707036373,100.15718334549669,100.10495314256922,100.13320192658976,99.36717499736848,100.64034192387699,22.92314948794312,21.798108316926257,1.726279126933398,0.15096883462878607,0.0018939505072271803,-0.00011973325067176767
895,100.1447901500963,100.15718334549669,100.10495314256922,100.13320192658976,99.36717499736848,100.64034192387699,22.92314948794312,21.798108316926257,1.726279126933398,0.15096883462878607,0.0018939505072271803,-0.00011973325067176767
896,100.27412796726092,100.38603109082939,100.33368154784284,100.42313293665735,100.05835562003337,100.50733484697773,22.92314948794312,21.798108316926257,1.5073779014874065,0.17926268288608968,0.0017672542127764703,0.00018476171646664895
897,100.23228185988397,100.87633430487931,100.82496279523666,100.86945195034286,100.54172262142251,100.8632074156349,21.935290750277034,21.920167219126707,1.834433618043743,0.15094791307150487,0.001585261460645308,-3.411399397321325e-05
898,100.1150965044848,100.39431872451121,100.41634554110811,100.84376503660056,100.2234575852071,101.1835040122041,21.935290750277034,19.71117242583934,1.7967895643081901,0.10324837254090932,0.00182678353762005,0.0022334058429162823
899,99.93630744847108,100.15600255210767,100.23701850398304,100.83244346630187,99.85795256554006,101.553860880874,18.935290750277034,21.0870587715087,1.733046399163535,0.09292353528681839,0.0021210465875338455,0.0033655711439862976
900,99.95698888298824,100.58880988031984,100.46876189078077,100.81244814998561,99.43524304696788,101.98557686332323,17.398420485988634,19.934474288228184,1.7240340960397527,0.06355969813618378,0.0023198777205714286,0.0011104114832893586
901,100.01731120266058,100.19162881138423,100.31826600066256,100.80363480734663,98.97495647129946,102.45986443682268,19.484881842751854,16.934474288228184,1.6661113683565727,0.05720372832256541,0.002546071510518557,0.0030448776998212726
902,99.91687890101771,99.95482405030118,100.09032066589064,100.7880688013939,98.47224286850522,102.98293536617712,18.049809668830964,15.71210928934391,1.6760015179326766,0.03912735017263474,0.002882558499988322,0.004150805735913725
903,100.0472026299787,99.95482405030118,100.09032066589064,100.7880688013939,98.47224286850522,102.98293536617712,18.049809668830964,15.71210928934391,1.6760015179326766,0.03912735017263474,0.002882558499988322,0.004150805735913725
904,100.10784996835436,99.95482405030118,100.09032066589064,100.7880688013939,98.47224286850522,102.98293536617712,18.049809668830964,15.71210928934391,1.6760015179326766,0.03912735017263474,0.002882558499988322,0.004150805735913725
905,100.2134675233477,99.84897393239221,99.99869922473533,100.15009656265251,99.8754118324209,100.21346752334769,18.049809668830964,15.71210928934391,1.4948320226018221,0.10276310751808215,0.0026955593308687935,0.001505620148708345
906,100.18655568076986,99.96694196858344,99.99869922473533,100.12320173804,99.84859077306575,100.18655568076987,16.000941459816264,15.982198735174837,1.5530914594190677,0.1462899655423682,0.0024868464089798643,0.0007809468600595104
907,100.170855681223,99.84982930107931,99.97198641906142,100.11085092093508,99.8507339963085,100.170855681223,16.55237438017705,16.521045626596184,1.594898431279123,0.17606233643097985,0.0023370264371147414,0.0013053647325361572
908,100.22363979995889,100.20253564594591,100.08497302110545,100.16155576828585,99.89244002069115,100.22363979995889,17.359753798720888,17.36466244805471,1.6248991142858988,0.19642663811879024,0.002140653777273864,-0.00020452705557578093
909,100.20885229316701,100.20253564594591,100.08497302110545,100.16155576828585,99.89244002069115,100.22363979995889,17.359753798720888,17.36466244805471,1.6248991142858988,0.19642663811879024,0.002140653777273864,-0.00020452705557578093
910,100.24918356739505,100.12241020295582,100.08497302110545,100.00419439088705,99.94860016387004,100.29657181438122,19.526369187120267,19.540546110250546,1.534907185143027,0.27678397430691126,0.0020830991745334764,-0.00059070513042825
911,100.25635081146203,100.23501107371041,100.12996546120051,100.36844086895776,100.03928849054039,100.43125923891728,21.004010728541193,20.988047318864414,1.492114610331585,0.3491055768762201,0.0020379302842160755,0.0006651420698656568
912,100.42628607979631,100.26342229291068,100.21628247868706,99.97768545610178,99.88853422350037,100.30931146977517,22.29314314753705,22.310303513708146,1.8258903266116775,0.2392390430833343,0.0019214028626936407,-0.0014269639237466216
913,100.37667937230846,100.26342229291068,100.21628247868706,99.97768545610178,99.88853422350037,100.30931146977517,22.29314314753705,22.310303513708146,1.8258903266116775,0.2392390430833343,0.0019214028626936407,-0.0014269639237466216
914,100.1877555866738,100.4055952423753,100.33807272732459,99.99626404380946,99.34715759323572,100.8559312054904,22.29314314753705,20.29068760484058,1.64945889837654,0.16363950546900066,0.001972631108197946,-0.0020425519005854327
915,100.19113636718389,100.4055952423753,100.33807272732459,99.99626404380946,99.34715759323572,100.8559312054904,22.29314314753705,20.29068760484058,1.64945889837654,0.16363950546900066,0.001972631108197946,-0.0020425519005854327
916,100.25590816642392,100.4055952423753,100.33807272732459,99.99626404380946,99.34715759323572,100.8559312054904,22.29314314753705,20.29068760484058,1.64945889837654,0.16363950546900066,0.001972631108197946,-0.0020425519005854327
917,100.18516260471321,100.4055952423753,100.33807272732459,99.99626404380946,99.34715759323572,100.8559312054904,22.29314314753705,20.29068760484058,1.64945889837654,0.16363950546900066,0.001972631108197946,-0.0020425519005854327
918,100.12010992818156,100.3438078153412,100.33807272732459,100.18842207434831,100.12010992818156,100.5478262685573,19.877144608163874,19.89574140821881,1.537502186506417,0.2472755549221006,0.001947257260590532,-0.0007748666689557044
919,100.06460175590439,100.2511012241961,100.33807272732459,100.13920667364964,100.06460175590439,100.46377788994967,18.325422729599453,24.34165504093337,1.583711569037005,0.2451364795667168,0.0018303913766123544,-0.0005583830461676154
920,99.90917299624769,100.092596911298,100.20980240345808,99.97747596191927,99.9091729962477,100.33683336987693,18.407066360317224,24.42087603582447,1.5370146435140446,0.3206228316100451,0.0017896162791722129,-0.0005754031461351495
921,99.89766703739407,100.22361812310035,100.19826182286268,99.99978015643757,99.55221403203618,100.69660570101213,15.861911276264273,26.302634957383887,1.5833617081856786,0.21930601682127088,0.0017007000011666617,-0.001117941102718983
922,100.03885715401574,99.88796630839376,100.04389472392624,100.12851567024792,100.03885715401573,100.46203161398272,17.436500608501923,23.415399432962424,1.8769638821993535,0.17176403978436947,0.0015826747497872356,0.0012026476992023924
923,100.06220988504148,99.88796630839376,100.04389472392624,100.12851567024792,100.03885715401573,100.46203161398272,17.436500608501923,23.415399432962424,1.8769638821993535,0.17176403978436947,0.0015826747497872356,0.0012026476992023924
924,100.06796062570557,99.86861129508043,99.99445876120237,100.13824666473626,99.59203603064374,100.91275598523846,14.436500608501923,23.6805673443998,1.7668067716234053,0.15458763580593252,0.0016494900373449693,0.0013481306211510738
925,100.02998403015268,99.7944825356504,99.95026501992508,99.7112683102666,99.65041422486529,100.03136247721979,13.517872417920675,25.527882863237377,1.705462229893533,0.23912887222533927,0.0016005728645903947,-0.0004171018881959745
926,99.85460284223674,99.63181759906094,99.79652615762689,99.559381613053,99.49713657915397,99.88680747113152,15.218610231860218,27.227337844681806,1.6490252515020505,0.31521598500280534,0.001548176558746488,-0.000363650534232663
927,99.84025118384172,99.8315108237165,99.80375534774743,100.03602844801483,99.67958113850811,100.10406755039865,16.393594737549527,28.36903635752921,1.5971032313818865,0.38369438650252485,0.0015780779081806479,0.0010232658341797086
928,100.00996505097648,99.84202034498236,99.83974428720916,99.69722303264535,99.61361582770724,100.06105006038018,20.007873496527626,26.772712799288215,1.6264812788396419,0.33844696036772703,0.0014900225722442198,-0.0007256583210700871
929,100.02160433324744,99.84202034498236,99.83974428720916,99.69722303264535,99.61361582770724,100.06105006038018,20.007873496527626,26.772712799288215,1.6264812788396419,0.33844696036772703,0.0014900225722442198,-0.0007256583210700871
930,100.01773432348145,99.84202034498236,99.83974428720916,99.69722303264535,99.61361582770724,100.06105006038018,20.007873496527626,26.772712799288215,1.6264812788396419,0.33844696036772703,0.0014900225722442198,-0.0007256583210700871
931,100.13785531724305,99.86975911316853,99.83974428720916,100.06284167028691,99.66994096252202,100.13785531724305,20.79870897270331,26.775531255049053,1.5230294431991371,0.40460226433095436,0.0015165098422087434,0.000965738235594329
932,99.93527674869169,99.86975911316853,99.83974428720916,100.06284167028691,99.66994096252202,100.13785531724305,20.79870897270331,26.775531255049053,1.5230294431991371,0.40460226433095436,0.0015165098422087434,0.000965738235594329
933,99.7968300839585,99.86975911316853,99.83974428720916,100.06284167028691,99.66994096252202,100.13785531724305,20.79870897270331,26.775531255049053,1.5230294431991371,0.40460226433095436,0.0015165098422087434,0.000965738235594329
934,99.70519790691759,99.86975911316853,99.83974428720916,100.06284167028691,99.66994096252202,100.13785531724305,20.79870897270331,26.775531255049053,1.5230294431991371,0.40460226433095436,0.0015165098422087434,0.000965738235594329
935,99.75828791609877,99.86975911316853,99.83974428720916,100.06284167028691,99.66994096252202,100.13785531724305,20.79870897270331,26.775531255049053,1.5230294431991371,0.40460226433095436,0.0015165098422087434,0.000965738235594329
936,99.84898195559988,99.86975911316853,99.83974428720916,100.06284167028691,99.66994096252202,100.13785531724305,20.79870897270331,26.775531255049053,1.5230294431991371,0.40460226433095436,0.0015165098422087434,0.000965738235594329
937,99.79696201539073,99.86975911316853,99.83974428720916,100.06284167028691,99.66994096252202,100.13785531724305,20.79870897270331,26.775531255049053,1.5230294431991371,0.40460226433095436,0.0015165098422087434,0.000965738235594329
938,99.66837365171929,99.86975911316853,99.83974428720916,100.06284167028691,99.66994096252202,100.13785531724305,20.79870897270331,26.775531255049053,1.5230294431991371,0.40460226433095436,0.0015165098422087434,0.000965738235594329
939,99.7805015638545,99.86975911316853,99.83974428720916,100.06284167028691,99.66994096252202,100.13785531724305,20.79870897270331,26.775531255049053,1.5230294431991371,0.40460226433095436,0.0015165098422087434,0.000965738235594329
940,99.89778045807242,99.86975911316853,99.83974428720916,100.06284167028691,99.66994096252202,100.13785531724305,20.79870897270331,26.775531255049053,1.5230294431991371,0.40460226433095436,0.0015165098422087434,0.000965738235594329
941,99.79023993965912,99.86975911316853,99.83974428720916,100.06284167028691,99.66994096252202,100.13785531724305,20.79870897270331,26.775531255049053,1.5230294431991371,0.40460226433095436,0.0015165098422087434,0.000965738235594329
942,99.76447637152147,99.86975911316853,99.83974428720916,100.06284167028691,99.66994096252202,100.13785531724305,20.79870897270331,26.775531255049053,1.5230294431991371,0.40460226433095436,0.0015165098422087434,0.000965738235594329
943,99.82559272827825,99.86975911316853,99.83974428720916,100.06284167028691,99.66994096252202,100.13785531724305,20.79870897270331,26.775531255049053,1.5230294431991371,0.40460226433095436,0.0015165098422087434,0.000965738235594329
944,99.73356698667406,99.86975911316853,99.83974428720916,100.06284167028691,99.66994096252202,100.13785531724305,20.79870897270331,26.775531255049053,1.5230294431991371,0.40460226433095436,0.0015165098422087434,0.000965738235594329
945,99.89278813609172,99.86975911316853,99.83974428720916,100.06284167028691,99.66994096252202,100.13785531724305,20.79870897270331,26.775531255049053,1.5230294431991371,0.40460226433095436,0.0015165098422087434,0.000965738235594329
946,99.94972319242288,99.92064802314995,99.88834242253547,100.11258337236328,99.7128259752902,100.18890914998542,22.671382709443595,28.648354293869925,1.4065204210765396,0.4641420378978589,0.0015406613648806708,0.0009595173155696092
947,99.86384080070421,99.55716841546841,99.63034959759959,100.09961377404619,99.40605145653637,100.49809962620503,21.450649607064847,27.385444265863313,1.3739987873904165,0.417727834108073,0.00177424919118633,0.0027168892167304627
948,99.89547553283698,99.42903357936648,99.50567066366297,99.7806342568462,99.40821187233213,99.895475532837,19.31540624573998,22.744531514641146,2.1866265227494015,0.20893284433488293,0.0017422228021059794,0.0017649779817353179
949,99.82494495750265,99.59789779684934,99.52547012263013,99.75771830049814,99.40552041113256,99.82494495750267,20.720200450116298,19.744531514641142,2.0916964009294494,0.2880395599013946,0.0017338917127112897,0.0008016854843495604
950,99.89065646751682,99.69342704605268,99.59098449811428,99.82593911220857,99.48686026685735,99.89065646751679,17.720200450116298,22.584272940974053,2.0043606888550936,0.3592356039112552,0.0017095569909890364,0.0006641564110162002
951,99.70242381797057,99.69342704605268,99.59098449811428,99.82593911220857,99.48686026685735,99.89065646751679,17.720200450116298,22.584272940974053,2.0043606888550936,0.3592356039112552,0.0017095569909890364,0.0006641564110162002
952,99.83064716407355,99.79196296209516,99.71779245740181,99.9533021369557,99.61512960339525,100.01784599538796,15.71511837146895,21.69573297980656,1.8840118337466862,0.42331204352012974,0.0017039105509206623,0.000807724652599593
953,99.81612725965373,99.79196296209516,99.71779245740181,99.9533021369557,99.61512960339525,100.01784599538796,15.71511837146895,21.69573297980656,1.8840118337466862,0.42331204352012974,0.0017039105509206623,0.000807724652599593
954,99.79544488307961,99.79196296209516,99.71779245740181,99.9533021369557,99.61512960339525,100.01784599538796,15.71511837146895,21.69573297980656,1.8840118337466862,0.42331204352012974,0.0017039105509206623,0.000807724652599593
955,99.714761470365,99.77549607050861,99.71779245740181,99.94233382401993,99.0288812523477,100.60994899148976,16.790742041742124,22.770693225437714,1.759957553713618,0.38098083916811676,0.0017019200227055664,0.0008353673460172001
956,99.7042938901601,99.06385729180472,99.20972526932255,99.43839217247093,99.3548553652092,99.74909572702907,18.31953251559476,22.73861225298519,1.975809521625016,0.2558090794331538,0.0016788133001584499,0.0018868042134384672
957,99.71339613480586,99.5361948194278,99.43385486557062,99.63670539009523,99.30440679628624,99.71339613480588,18.31953251559476,22.7386122529852,1.8982409127181115,0.2509734103322772,0.0016049802277487055,0.0005046397906627447
958,99.75740986322289,98.99612938730932,99.11210943448992,99.62645820872717,98.98615463910164,100.03398645913765,21.31953251559476,19.7386122529852,1.8263816397006627,0.2258760692990495,0.001889502716491668,0.003173500199784991
959,99.67822086155122,99.33682819820216,99.3915746056285,99.59131450752443,99.26938004319166,99.67822086155121,18.31953251559476,20.354555345866075,2.0129889424263725,0.17517941586441788,0.0017652040104553153,0.0012792876154216642
960,99.68649967008454,99.52136256724839,99.444189148389,99.61428485212306,99.30134294234014,99.68649967008453,18.31953251559476,19.262805975719104,1.924920865085165,0.19582272045126184,0.0016677152593633285,0.0004666280803004271
961,99.75978678460169,99.28834948434861,99.40861986710772,99.6895603091903,99.38521821504823,99.75978678460169,17.036066878798806,16.98767427176925,1.8617232127851144,0.2099427407886631,0.0016693756558362454,0.0020163586262313617
962,99.55623928645187,99.38711638997984,99.40861986710772,99.50201149761477,99.21779983380877,99.55623928645187,18.790316464694897,18.776452043785994,1.7927853557623055,0.2889484667097968,0.0016385352287419715,0.0005776842045376941
963,99.69499679478375,99.5078049621515,99.40861986710772,99.63503498336486,99.32082664755688,99.69499679478375,20.371403952460497,20.356070634376067,1.7293625273013211,0.36005362003881713,0.001616889715870807,0.0006388882535178362
964,99.67016307036839,99.5078049621515,99.40861986710772,99.63503498336486,99.32082664755688,99.69499679478375,20.371403952460497,20.356070634376067,1.7293625273013211,0.36005362003881713,0.001616889715870807,0.0006388882535178362
965,99.70376375580264,99.44415995849607,99.40861986710772,99.30633503854762,99.24157824317331,99.64700209982085,22.24454287000106,22.26118583775222,1.6310135251172155,0.4240482580349354,0.001603091185013225,-0.0006934569896316695
966,99.70475504601033,99.48280043791168,99.40861986710772,99.63370233689454,99.26150549599478,99.70475504601035,23.469896244768577,23.451707669110007,1.5805324431078385,0.4816434322314419,0.0015978486096162134,0.0007578573191070113
967,99.76449800665371,99.53053322235299,99.46520451263378,99.68954042036862,99.29693609356147,99.76449800665374,24.54651284784298,24.527357284437162,1.5340898476592115,0.5334790890082978,0.0015977555304064735,0.0007981484752424965
968,99.85711580829721,99.61219269261487,99.55754446087234,99.77864430546693,99.36767949584174,99.85711580829721,25.50464595452604,25.484610737418805,1.4913626598464746,0.580131180107468,0.0016020663073889124,0.0008348007128014105
969,99.88829315415401,99.57604267954225,99.58862827469157,99.79287175151097,99.37961942204477,99.88829315415401,29.35678104691802,23.335962923077897,1.5506018447058303,0.4728097271935081,0.0015786856493862924,0.0010875771310060252
970,99.83672877055021,99.60375015045511,99.58862827469157,99.75248106784937,99.31134560199324,99.83672877055021,27.918139601403666,21.90023425680697,1.506553697129364,0.5255287544741574,0.0015734912500167777,0.0007460560248623577
971,99.83500184601698,99.675970536244,99.59573519704044,99.72499800996134,98.99930578477483,100.15140809431207,29.089482684660556,18.968066400870043,1.5615029330600319,0.35946166806032365,0.001474009856962741,0.0002458737992838732
972,99.88696588372909,99.69749962358266,99.59573519704044,99.8100937770799,99.40748475468226,99.88696588372908,30.376472446164573,18.362927800380053,1.5165826984152295,0.42351550125429127,0.001453292501657569,0.0005643602410216125
973,99.93820111469805,99.75468531754115,99.63838651135397,99.86019581108107,99.45166577254874,99.93820111469806,31.567292409026177,19.55460672231464,1.4752560825420113,0.4811639511288621,0.0014295233910228146,0.0005285702796473565
974,99.92094939879964,99.75468531754115,99.63838651135397,99.86019581108107,99.45166577254874,99.93820111469806,31.567292409026177,19.55460672231464,1.4752560825420113,0.4811639511288621,0.0014295233910228146,0.0005285702796473565
975,99.94729493597096,99.59080064333227,99.48340987223347,99.83474806216945,99.05036441851435,100.3430995283741,30.33645319847858,18.307095184472367,1.3978437648321473,0.3291161425721417,0.0015590524112520357,0.0012232505835922036
976,99.90234270138944,99.489595671462,99.5042377360361,99.79913025556279,99.41693708728756,99.90234270138943,25.53269698384866,22.50923080713652,1.7731242948019683,0.2288477355547022,0.0014647614053760602,0.0015531966630874345
977,99.73815886871364,99.51365594488816,99.5042377360361,99.66142998940599,99.25957074258858,99.73815886871363,26.803703662890207,19.50923080713652,1.711274351217811,0.305962961999232,0.001465907381377431,0.0007419303665648897
978,99.75866592060922,99.41943592921615,99.4667482479497,99.67211211971092,99.29717592250732,99.75866592060922,26.76848261754133,16.24088518486096,1.7084104744339013,0.28527866600747465,0.0014397216196463652,0.0012691457421018927
979,99.91066291334447,99.73965629076415,99.61093092460442,99.8301619313556,99.48138782394757,99.91066291334448,27.079657127402314,15.068773039850672,1.7063553564537677,0.27113060754911267,0.001352165342883883,0.0004535036479851275
980,99.91092815702069,99.76037464696081,99.61119537254962,99.8434966162345,99.4902269729267,99.91092815702069,28.64197162953249,16.63197719781158,1.6498469279374663,0.3440175467942014,0.0013210075838040762,0.000416434655037849
981,99.98357532891548,99.81728287441287,99.68362460292873,99.91108730360781,99.53138649599026,99.98357532891548,30.036952083708005,18.02568024336468,1.5978591737024692,0.4096157921147813,0.0012981063346363681,0.0004696600143052283
982,99.86030782507379,99.81728287441287,99.68362460292873,99.91108730360781,99.53138649599026,99.98357532891548,30.036952083708005,18.02568024336468,1.5978591737024692,0.4096157921147813,0.0012981063346363681,0.0004696600143052283
983,99.9012321962283,99.8365575917287,99.71679422371048,99.89876956682657,99.16661719328353,100.35134968773797,30.8819314974368,18.87445616784143,1.5100304398062718,0.36865421290330314,0.0012575966037437303,0.0003114720664736829
984,99.84281735751726,99.41246142688408,99.40895283727689,99.87701522687182,98.91750740226307,100.6040704083246,27.351873778013168,19.087515252585256,1.5639978436049808,0.2521594816258593,0.0014476265672947065,0.0023310503283364547
985,99.9155809779195,99.849005467039,99.72379617145316,99.81703913435736,99.452100762968,99.9155809779195,25.027148982540297,20.482058195573934,1.8661253850053288,0.18884258492838674,0.0012934773699107113,-0.000160098993023337
986,99.95346453912394,99.82263264357387,99.72379617145316,99.6454186297092,99.57280505367386,100.0275095707926,26.114494194062708,17.482058195573934,1.7968353542049027,0.26995832643554807,0.0013224807245903053,-0.000888433073534575
987,99.84665701413603,99.82263264357387,99.72379617145316,99.6454186297092,99.57280505367386,100.0275095707926,26.114494194062708,17.482058195573934,1.7968353542049027,0.26995832643554807,0.0013224807245903053,-0.000888433073534575
988,99.67925871202324,99.82263264357387,99.72379617145316,99.6454186297092,99.57280505367386,100.0275095707926,26.114494194062708,17.482058195573934,1.7968353542049027,0.26995832643554807,0.0013224807245903053,-0.000888433073534575
989,99.70628327998182,99.82263264357387,99.72379617145316,99.6454186297092,99.57280505367386,100.0275095707926,26.114494194062708,17.482058195573934,1.7968353542049027,0.26995832643554807,0.0013224807245903053,-0.000888433073534575
990,99.95424812376828,99.82263264357387,99.72379617145316,99.6454186297092,99.57280505367386,100.0275095707926,26.114494194062708,17.482058195573934,1.7968353542049027,0.26995832643554807,0.0013224807245903053,-0.000888433073534575
991,100.023307510844,99.84844618256218,99.72379617145316,99.95348200338378,99.58769701575011,100.02330751084402,25.475791748328543,19.46317495467392,1.6690885258685106,0.3429624937919933,0.001306215855199315,0.0005256997356093883
992,100.13390822416451,99.97376721946313,99.88144781200339,100.04960884807298,99.68441329117395,100.13390822416451,25.34174800737263,19.33264807554255,1.6781379261632434,0.3105863457537234,0.001246202060424145,0.00037916382625321425
993,100.20603610777576,100.01231130466408,99.90541799945241,100.13435388282836,99.75886262559233,100.20603610777577,26.69294242613361,20.678308048522577,1.623886892070184,0.37952771117835105,0.001244601833922642,0.000609765733792951
994,100.2124628286244,100.01231130466408,99.91182544013851,100.13435388282836,99.75886262559233,100.20603610777577,26.69294242613361,20.678308048522577,1.623886892070184,0.37952771117835105,0.001244601833922642,0.000609765733792951
995,100.19731398183865,100.07013030536693,100.06450556085095,100.27653144281528,99.89071194195651,100.36560236795482,27.736865053512616,21.712139773562676,1.5045012337495642,0.3355969544459922,0.0012354904651855016,0.0010302199979142913
996,100.19029604205195,100.16169770629733,100.07850446089682,100.30015629742196,99.8838805570163,100.37964339107006,28.83774332397965,22.821166573238187,1.4641411350495992,0.402037259001393,0.0012442448041619632,0.0006906979475609396
997,100.32551474025483,100.16169770629733,100.07850446089682,100.30015629742196,99.8838805570163,100.37964339107006,28.83774332397965,22.821166573238187,1.4641411350495992,0.402037259001393,0.0012442448041619632,0.0006906979475609396
998,100.23630971014096,100.16169770629733,100.07850446089682,100.30015629742196,99.8838805570163,100.37964339107006,28.83774332397965,22.821166573238187,1.4641411350495992,0.402037259001393,0.0012442448041619632,0.0006906979475609396
999,100.31268074707914,100.16169770629733,100.07850446089682,100.30015629742196,99.8838805570163,100.37964339107006,28.83774332397965,22.821166573238187,1.4641411350495992,0.402037259001393,0.0012442448041619632,0.0006906979475609396
1000,100.35694666762421,100.16169770629733,100.07850446089682,100.30015629742196,99.8838805570163,100.37964339107006,28.83774332397965,22.821166573238187,1.4641411350495992,0.402037259001393,0.0012442448041619632,0.0006906979475609396
1001,100.39997064008371,100.17084619469115,100.09877072816346,100.28664975255721,99.32962698643962,100.93975599242222,29.67458114537109,23.660716433674214,1.3630098442456313,0.3618335331012537,0.0012389136821084619,0.000577696320703028
1002,100.27080671573482,100.17084619469115,100.09877072816346,100.28664975255721,99.32962698643962,100.93975599242222,29.67458114537109,23.660716433674214,1.3630098442456313,0.3618335331012537,0.0012389136821084619,0.000577696320703028
1003,100.27311716920093,99.76258089861543,99.76583712979003,100.27422533765883,98.98216752109816,101.29408722730196,29.0020175892641,22.940631553523566,1.293969056705981,0.32565017979112837,0.0014715097092091363,0.0025577514891888457
1004,100.13559693985921,99.90587955638026,99.83519014903962,100.05230093772063,99.61613234876376,100.13559693985921,29.938768628242585,23.92119438775147,1.2704515321695027,0.3930851618120156,0.0014710903448178197,0.0007322600204631308
1005,100.2785959195246,100.10469349270181,100.05219920486373,100.17740217140519,99.73921393910003,100.2785959195246,31.30792236082057,21.769050016842904,1.3920760194848352,0.3448702506794186,0.0014080448576607371,0.00036303134567419786
1006,100.26426330116229,100.10469349270181,100.05219920486373,100.17740217140519,99.73921393910003,100.2785959195246,31.30792236082057,21.769050016842904,1.3920760194848352,0.3448702506794186,0.0014080448576607371,0.00036303134567419786
1007,100.20602191623854,100.10469349270181,100.05219920486373,100.17740217140519,99.73921393910003,100.2785959195246,31.30792236082057,21.769050016842904,1.3920760194848352,0.3448702506794186,0.0014080448576607371,0.00036303134567419786
1008,100.26407253111759,100.10469349270181,100.05219920486373,100.17740217140519,99.73921393910003,100.2785959195246,31.30792236082057,21.769050016842904,1.3920760194848352,0.3448702506794186,0.0014080448576607371,0.00036303134567419786
1009,100.23710729546497,100.10469349270181,100.05219920486373,100.17740217140519,99.73921393910003,100.2785959195246,31.30792236082057,21.769050016842904,1.3920760194848352,0.3448702506794186,0.0014080448576607371,0.00036303134567419786
1010,100.21797783627382,99.81435757934484,99.78606317822081,99.78782021539857,99.68858425270102,100.21983776676677,32.7710281096469,20.774218940236757,1.253433751582318,0.31189125146472235,0.0013810167941435156,-0.0001329512745775543
1011,100.20024137455853,99.99208319934056,99.89964065043486,100.11431337472638,99.66439886241376,100.20024137455852,33.75916802199505,21.744508199723086,1.2331590514557327,0.3807021263182502,0.0013714549069709274,0.0006108259279986862
1012,100.1285696047204,99.99208319934056,99.89964065043486,100.11431337472638,99.66439886241376,100.20024137455852,33.75916802199505,21.744508199723086,1.2331590514557327,0.3807021263182502,0.0013714549069709274,0.0006108259279986862
1013,100.30524899606039,100.07393822536118,100.0043332490722,100.20093153731695,99.74925430696581,100.3052489960604,33.66985045183269,21.65463216962609,1.224114935324634,0.33640025440168314,0.001322476401878368,0.0006340950919416772
1014,100.42933279259289,100.21185676652644,100.12804479421511,100.34034401118821,99.87444494344348,100.42933279259289,34.56102186729146,22.54564585117234,1.2061857404986633,0.40276022896151487,0.0013200079088798574,0.000640667338296599
1015,100.55034287711136,100.23722255142037,100.18343472418869,100.44274787789182,99.97691686397934,100.55034287711135,32.34995507507518,23.43359034595858,1.3459588873818409,0.3514879966096762,0.0013034986470508297,0.0010241446918283126
1016,100.5634248591485,100.58325575186142,100.52652088719785,100.45831417722825,100.00320876809728,100.56342485914848,27.390587994360292,27.373160478412757,1.4462600975852091,0.3164177896810185,0.0012709690293156103,-0.0006214713438480614
1017,100.66031589881075,100.58325575186142,100.52652088719785,100.45831417722825,100.00320876809728,100.56342485914848,27.390587994360292,27.373160478412757,1.4462600975852091,0.3164177896810185,0.0012709690293156103,-0.0006214713438480614
1018,100.66955766694927,100.58325575186142,100.52652088719785,100.45831417722825,100.00320876809728,100.56342485914848,27.390587994360292,27.373160478412757,1.4462600975852091,0.3164177896810185,0.0012709690293156103,-0.0006214713438480614
1019,100.68329202719397,100.58325575186142,100.52652088719785,100.45831417722825,100.00320876809728,100.56342485914848,27.390587994360292,27.373160478412757,1.4462600975852091,0.3164177896810185,0.0012709690293156103,-0.0006214713438480614
1020,100.41861402305328,100.58325575186142,100.52652088719785,100.45831417722825,100.00320876809728,100.56342485914848,27.390587994360292,27.373160478412757,1.4462600975852091,0.3164177896810185,0.0012709690293156103,-0.0006214713438480614
1021,100.44358214569348,100.58325575186142,100.52652088719785,100.45831417722825,100.00320876809728,100.56342485914848,27.390587994360292,27.373160478412757,1.4462600975852091,0.3164177896810185,0.0012709690293156103,-0.0006214713438480614
1022,100.29300224850958,100.56846518802863,100.52652088719785,100.44427181147344,99.38247814858273,101.19153152519476,25.96937707829459,25.984205198551127,1.3438926231117259,0.2847760107129167,0.0012688514982731197,-0.0006178383440223617
1023,100.45229705343715,100.29502250309855,100.33556928510797,100.11785989199689,100.03456257725264,100.55631008261813,26.861806615661802,26.883022331017155,1.316381213262788,0.35629840964162507,0.0012987990127846637,-0.0008839881398062587
1024,100.43141375819123,100.29502250309855,100.33556928510797,100.11785989199689,100.03456257725264,100.55631008261813,26.861806615661802,26.883022331017155,1.316381213262788,0.35629840964162507,0.0012987990127846637,-0.0008839881398062587
1025,100.52672492340506,100.29502250309855,100.33556928510797,100.11785989199689,100.03456257725264,100.55631008261813,26.861806615661802,26.883022331017155,1.316381213262788,0.35629840964162507,0.0012987990127846637,-0.0008839881398062587
1026,100.60328726073492,100.25099173707338,100.26797294211745,100.5019847674488,100.06332309724931,100.60328726073492,27.341391672580844,27.311385478730593,1.23676849197071,0.3197081121948716,0.0013258941285288945,0.001250258077093921
1027,100.73046671005667,100.45535784947961,100.4282753099265,100.64230155071279,100.18069892102243,100.73046671005669,28.08513179472836,28.06282099885446,1.2178270126130533,0.3877373009753845,0.0013578944923211596,0.000929616494745732
1028,100.66840402480398,100.63559517849293,100.62265733387,100.77614952678194,100.31664086421847,100.88227910702787,25.741006017404143,29.004677166940468,1.3543126642511272,0.34121231386716305,0.0013494639701261066,0.0006978458405922125
1029,100.63576204016034,102.13626070999005,102.10468645004669,100.41214279428634,100.29538787372249,100.84672724037435,23.96120469467947,23.916935132165342,1.7487587189359548,0.23513580924070607,0.001780580647149482,-0.008512127895727027
1030,100.57904643495861,100.82062479778112,100.88169150948708,100.6562169983793,100.57904643495863,101.06233492866053,25.58179668504204,20.916935132165342,1.6888580214210787,0.31162222831663544,0.0017716674360935068,-0.0008160133836531292
1031,100.60439391212725,101.07619612510067,100.98419552343917,100.66934188135615,100.22329184335426,101.42106780430109,22.581796685042043,23.916935132165342,1.6337493797073925,0.2804600054849719,0.0019073681594037907,-0.002016670345053722
1032,100.51627973184932,100.74377728143457,100.81873593966834,100.591176833136,100.51627973184932,100.98530317597076,25.581796685042047,20.916935132165342,1.5830494293308013,0.3524140049364747,0.001883879264643635,-0.0007579431448934482
1033,100.62564449606023,100.74377728143457,100.81873593966834,100.591176833136,100.51627973184932,100.98530317597076,25.581796685042047,20.916935132165342,1.5830494293308013,0.3524140049364747,0.001883879264643635,-0.0007579431448934482
1034,100.63356503595084,100.48099430387884,100.52552243448302,100.29862594872186,100.22394586717957,100.69161029196188,25.404747361796147,19.426546588820592,1.4964054749843372,0.4171726044428272,0.00187984267386157,-0.0009083011260184189
1035,100.68589565866995,100.49029773438492,100.52552243448302,100.3113270954908,99.84784282398735,101.07089160624615,25.493512419291925,19.514903159217944,1.4566930369855904,0.3754553439985445,0.001874005841380685,-0.0008912808302509701
1036,100.52005401414337,100.49029773438492,100.52552243448302,100.3113270954908,99.84784282398735,101.07089160624615,25.493512419291925,19.514903159217944,1.4566930369855904,0.3754553439985445,0.001874005841380685,-0.0008912808302509701
1037,100.54849022735095,100.4708985856392,100.51631191128601,100.3230135710419,99.32000058285098,101.60803906522736,26.158640524105646,20.176316559759385,1.3801575940267432,0.3379098095986901,0.0018499456851466937,-0.0007365014855724985
1038,100.5151140288741,100.4708985856392,100.51631191128601,100.3230135710419,99.32000058285098,101.60803906522736,26.158640524105646,20.176316559759385,1.3801575940267432,0.3379098095986901,0.0018499456851466937,-0.0007365014855724985
1039,100.50561553803095,100.4708985856392,100.51631191128601,100.3230135710419,99.32000058285098,101.60803906522736,26.158640524105646,20.176316559759385,1.3801575940267432,0.3379098095986901,0.0018499456851466937,-0.0007365014855724985
1040,100.55581680961626,100.4708985856392,100.51631191128601,100.3230135710419,99.32000058285098,101.60803906522736,26.158640524105646,20.176316559759385,1.3801575940267432,0.3379098095986901,0.0018499456851466937,-0.0007365014855724985
1041,100.52430636674099,100.4708985856392,100.51631191128601,100.3230135710419,99.32000058285098,101.60803906522736,26.158640524105646,20.176316559759385,1.3801575940267432,0.3379098095986901,0.0018499456851466937,-0.0007365014855724985
1042,100.42585780107596,100.4708985856392,100.51631191128601,100.3230135710419,99.32000058285098,101.60803906522736,26.158640524105646,20.176316559759385,1.3801575940267432,0.3379098095986901,0.0018499456851466937,-0.0007365014855724985
1043,100.45927232563456,100.4708985856392,100.51631191128601,100.3230135710419,99.32000058285098,101.60803906522736,26.158640524105646,20.176316559759385,1.3801575940267432,0.3379098095986901,0.0018499456851466937,-0.0007365014855724985
1044,100.47764194289172,100.22242663423562,100.24255172728115,100.17032574164588,100.08337423482885,100.54873568897067,28.142867358275325,22.14910721179961,1.228743946616448,0.30713030976550404,0.0017560776906440396,-0.0002599938968451686
1045,100.52226235196352,100.26726759990255,100.24255172728115,100.42754784554738,100.01734264062367,100.52226235196349,26.17024413193639,26.1533041209588,1.3621466560919633,0.2860771318796048,0.0016792059266928616,0.0007986267372631226
1046,100.52204903473515,100.39162793892511,100.35290907014176,100.57053270438568,100.12890059772869,100.65487369121541,24.76086536806008,24.7394995827933,1.3331749236046064,0.3574694186916444,0.0016852825256468964,0.0008902410527826714
1047,100.34426798884371,100.39162793892511,100.35290907014176,100.57053270438568,100.12890059772869,100.65487369121541,24.76086536806008,24.7394995827933,1.3331749236046064,0.3574694186916444,0.0016852825256468964,0.0008902410527826714
1048,100.3857405361045,100.5310002061431,100.47798471160993,100.70043982113174,100.28207675000104,100.78032568867599,26.203041608127428,26.182833281043074,1.266520929716238,0.42172247682248,0.001685207233408939,0.0008420136285148174
1049,100.29064078786527,100.86998222947516,100.83137739717553,101.04766552500509,100.60567219533817,101.12057021679823,27.01520942520648,26.994089928519866,1.2451992553389393,0.47955022914023204,0.0016896923100943749,0.0008799790286086346
1050,100.40732998040562,100.74715349882298,100.70945835547201,101.01924703875827,100.26626075792655,101.46287357816551,29.236795088050357,23.19472968964487,1.373954985631223,0.3280123567319187,0.001771633183522062,0.0013485572385210293
1051,100.39320270480371,100.74395139381578,100.70551491377661,100.99519987729877,99.91161935394895,101.82302123836796,27.169231129021725,23.19472968964487,1.4663500976889656,0.2243604520046324,0.0018186234340220558,0.001245412612772153
1052,100.24292822507644,100.51602252990494,100.54456191080887,100.98460090498506,99.54887622244313,102.19405105793977,24.169231129021725,26.19472968964487,1.4290420898738485,0.20192440680416915,0.0019885597867655242,0.0023254437981008458
1053,100.18640224044404,100.60538125095006,100.53675739837009,100.96588159791283,99.15374470178024,102.60129831742225,22.741230185067096,24.03893746617556,1.5058806036934738,0.1381162942540517,0.0021700393637663655,0.001788451100954122
1054,100.0474519302677,100.27549073193323,100.34849742253529,100.957630605419,98.72434213813966,103.0475637427082,23.065730054588407,21.038937466175565,1.465410155397996,0.12430466482864654,0.0024466144638615947,0.003389799198821655
1055,100.00886670926005,100.34087021678805,100.30979609755269,100.94305769969195,98.24244131837457,103.55303474664505,20.40548050243096,18.921882882774135,1.5319783275136019,0.08502439074279423,0.00273938485074933,0.0029917315760738315
1056,100.00221657273994,100.2066931450584,100.30312595059169,100.93663414515554,97.70566538603141,104.12193498956833,17.40548050243096,19.396137174637573,1.489420061312514,0.07652195166851482,0.00301049881832029,0.003628959557996974
1057,100.14503522225887,100.2066931450584,100.30312595059169,100.93663414515554,97.70566538603141,104.12193498956833,17.40548050243096,19.396137174637573,1.489420061312514,0.07652195166851482,0.00301049881832029,0.003628959557996974
1058,100.2233234790218,100.2066931450584,100.30312595059169,100.93663414515554,97.70566538603141,104.12193498956833,17.40548050243096,19.396137174637573,1.489420061312514,0.07652195166851482,0.00301049881832029,0.003628959557996974
1059,100.24060189579198,100.58497257277168,100.47810636847042,100.72106825089259,100.40989959487639,100.78044771160526,20.40548050243096,16.396137174637573,1.3969331230741795,0.16886975650166336,0.002910996528490375,0.0006760635575765515
1060,100.07912928705542,100.28376312436991,100.38027009734746,100.71097722251189,99.8270122859578,101.36890210499084,17.40548050243096,19.396137174637573,1.3651784732282453,0.15198278085149702,0.0029913969880619165,0.0021254988931783667
1061,99.9693100718998,100.14361484546336,100.2701204331994,100.70169436931796,99.23155087582006,101.97718917557275,20.40548050243096,16.396137174637573,1.3359641953699857,0.13678450276634732,0.003145352448393763,0.0027786535121803206
1062,99.8900425485655,100.01565812953157,100.14200207701148,100.68529922793527,98.60927380562723,102.6207195866349,18.72728332173185,16.396137174637573,1.4390879065975017,0.09356059989218157,0.0033158611877554907,0.0033365117297921767
1063,99.92722043920193,100.11449186950547,100.14200207701148,100.22252243258909,99.92700462412031,100.27891054681034,15.72728332173185,19.396137174637573,1.4039608740697018,0.18420453990296343,0.0031816188208178757,0.0005392441504630078
1064,99.98734435074202,100.11449186950547,100.14200207701148,100.22252243258909,99.92700462412031,100.27891054681034,15.72728332173185,19.396137174637573,1.4039608740697018,0.18420453990296343,0.0031816188208178757,0.0005392441504630078
1065,99.90142410096306,100.13383241910904,100.14200207701148,99.96719034457689,99.90142410096304,100.2532419572463,13.858307974355023,19.878294927612608,1.346682323232418,0.20199590529362701,0.0029182939446326882,-0.0008327897190658233
1066,99.69103214705541,99.82937877465017,99.99100516254303,99.7449053734373,99.69103214705541,100.02821781613342,15.615568749345067,21.625727180516513,1.3189477373738248,0.2817963147642643,0.0027939884668451917,-0.0004232679654768462
1067,99.65874917328826,99.81461537214156,99.95862504843356,99.75406671679681,99.13551451430585,100.58873781788675,16.297558693077566,22.304840235016226,1.293431918383919,0.2536166832878379,0.0026627568696448918,-0.0003033975807775547
1068,99.65807449618146,99.81461537214156,99.95794834120508,99.75406671679681,99.13551451430585,100.58873781788675,16.297558693077566,22.304840235016226,1.293431918383919,0.2536166832878379,0.0026627568696448918,-0.0003033975807775547
1069,99.69602988688034,99.66656300860576,99.80354146696968,99.56566826238407,99.50413084256876,99.88936464055425,18.298176769954505,24.310330796910254,1.2299573649132054,0.32825501495905407,0.002563761597439939,-0.0005064177898227526
1070,99.74931276570487,99.5536888872412,99.67053539368628,99.43936580093158,99.37152378750521,99.79629698644591,19.614287431931213,25.628075622055388,1.2115607757201492,0.3954295134631487,0.0024788768597992783,-0.0005745079218405937
1071,99.66880363443877,99.5536888872412,99.67053539368628,99.43936580093158,99.37152378750521,99.79629698644591,19.614287431931213,25.628075622055388,1.2115607757201492,0.3954295134631487,0.0024788768597992783,-0.0005745079218405937
1072,99.66871524690211,99.25311890168274,99.3565105129563,99.13025587403632,99.0584409814174,99.5081391131028,21.273488800667895,27.288352509216296,1.1546359136625373,0.45588656211683387,0.002404462800455159,-0.0006193211895165841
1073,99.74588396649078,99.27364364906062,99.36650269833136,99.17356133453916,98.58321987588648,99.98781879832903,17.993948074127037,19.792265677696054,2.090855359532354,0.18011093354261937,0.0022006541167800234,-0.0005043271560802542
1074,99.63586633571299,99.43866438195859,99.36650269833136,99.57558967645237,99.25973496561363,99.63586633571298,19.430326514011725,16.792265677696054,2.0035869307697656,0.2620998401883574,0.002151176985786653,0.000688017524883374
1075,99.60033457635737,99.40023629803554,99.45289257374289,99.68446970937033,99.3911463499014,99.7521490208053,19.430326514011725,16.792265677696054,1.9181739815203838,0.2552762906888365,0.002048513021029512,0.0014277008868990295
1076,99.68984881246449,99.55633221671825,99.45289257374289,99.62221177014582,99.32907160579201,99.6898488124645,16.36756707582789,16.359628925208785,1.8568816491390274,0.2506089828311642,0.0018919824076249962,0.0003307562757960654
1077,99.81440816566193,99.65111549776397,99.51496494116495,99.76211272876914,99.4880108660549,99.81440816566194,18.175898000707612,18.162539139974974,1.7883311172079053,0.32554808454804773,0.0018452577737288643,0.0005566191971932567
1078,99.80105729637836,99.65111549776397,99.51496494116495,99.76211272876914,99.4880108660549,99.81440816566194,18.175898000707612,18.162539139974974,1.7883311172079053,0.32554808454804773,0.0018452577737288643,0.0005566191971932567
1079,99.89931737901053,98.38891933259313,98.48493317088915,99.83132165426275,99.53662866059803,99.89931737901054,17.27067301577576,23.25584147996129,1.622506409708393,0.29867488983086465,0.002136791666095983,0.0072767660582415345
1080,99.90517977318336,99.67284187080014,99.60546423386383,99.84035271571531,99.50070016474977,99.90517977318336,16.878998773166757,22.858848425284776,1.5727058969317216,0.3688074008477782,0.002109335929214272,0.0008395978284159528
1081,100.05085216726081,99.82214744080962,99.75069961075904,99.9871948226469,99.65365765039078,100.05085216726081,18.19701220835103,24.177187623978636,1.526889425177184,0.43192666076300035,0.0020818987178677934,0.000826024348849867
1082,100.16070649849702,99.91854607914058,99.86022437900154,100.09274840771188,99.73672417885629,100.160706498497,19.373430661791986,25.352527562812313,1.4847382711630095,0.4887339946867003,0.0020615003161217477,0.0008709624574863647
1083,100.13714407740248,100.56989111929127,100.50336433803882,100.44305463949802,100.08937396231082,100.5385484434767,20.422363926143817,23.605240185225682,1.8217615830415292,0.31182347979793434,0.0018518854911459,-0.0006309866228489497
1084,100.20417732832966,100.40923672572556,100.50336433803882,100.27486846705021,100.20417732832965,100.64681595216848,23.422363926143817,20.605240185225682,1.756020656398207,0.38064113181814097,0.001821118502867744,-0.0006695510765353019
1085,100.17232231759093,100.40750041916415,100.47374354823563,100.28689091929087,99.8398738081505,101.01406390579325,20.422363926143817,23.605240185225682,1.6955390038863507,0.3425770186363269,0.0017839667200379918,-0.0006009609888393812
1086,100.27192160515541,100.48562612278641,100.45555750831608,100.23686316537565,100.15419083579108,100.5966086509485,21.21003366177152,21.226102887608363,1.6971187891888453,0.31032268074724756,0.0017261986693657082,-0.0012393377458250329
1087,100.27939543262217,100.61782383407527,100.52935500583092,100.76333848194365,100.40441309102576,100.8318505575034,21.15869994171356,21.1413579445343,1.6413492860537378,0.37929041267252284,0.0017093367501912894,0.0007225832158027153
1088,100.22286333086706,100.4297148012851,100.50568264675714,100.30234105596146,100.22286333086706,100.64815538777029,19.45841312150862,25.475700245974103,1.6582322476721623,0.3354346422680056,0.001629692223256261,-0.0006345461106332293
1089,100.36719500501471,100.4297148012851,100.50568264675714,100.30234105596146,100.22286333086706,100.64815538777029,19.45841312150862,25.475700245974103,1.6582322476721623,0.3354346422680056,0.001629692223256261,-0.0006345461106332293
1090,100.46195711340175,100.4297148012851,100.50568264675714,100.30234105596146,100.22286333086706,100.64815538777029,19.45841312150862,25.475700245974103,1.6582322476721623,0.3354346422680056,0.001629692223256261,-0.0006345461106332293
1091,100.48153985513196,100.4297148012851,100.50568264675714,100.30234105596146,100.22286333086706,100.64815538777029,19.45841312150862,25.475700245974103,1.6582322476721623,0.3354346422680056,0.001629692223256261,-0.0006345461106332293
1092,100.5206836445648,101.31395990944687,101.26800536463621,100.3129700324148,99.5716584800204,101.30640059547098,22.45841312150862,22.475700245974103,1.5455736678583893,0.3018911780412051,0.0021276633115218757,-0.004964564392865048
1093,100.45824250942903,100.6539415524055,100.73007900926405,100.55419403741578,100.45824250942907,100.91116853025383,19.45841312150862,21.661088844338675,1.8558128579630409,0.2146951099929401,0.001964411375090287,-0.0004957429514334059
1094,100.45169385958964,100.71481847629428,100.73007900926405,100.58300690200181,100.06433418549287,101.30841046051552,16.45841312150862,19.716871206030422,2.029462419361937,0.11160710597872997,0.001730701705245516,-0.0006548087344946275
1095,100.51726879791444,100.68297700089285,100.73007900926405,100.57551863056385,100.51726879791444,100.88188451328986,13.45841312150862,21.79094872674535,1.947105425812982,0.20044639538085698,0.0016909314604909172,-0.0005339320955960065
1096,100.4963360200846,101.07311008229938,100.97963170210538,100.56273405095449,100.4963360200846,100.85153547788389,13.718485462008482,19.779233712424627,1.877642853563396,0.21310533444050617,0.001690095902885551,-0.0025311771006727058
1097,100.54819672328637,100.68632310926613,100.85074897019695,100.60214801930935,100.54819672328638,100.88586762466905,15.629393145937595,21.639429498976767,1.8074314252783246,0.29179480099645555,0.0016388719168334961,-0.00041818137663240257
1098,100.56699289921123,100.97504101759631,100.90550195608365,101.09836554104524,100.79228849413465,101.16899124852542,16.168046415605133,22.15339931971468,1.7774127907797257,0.27558764388157564,0.001573240016359828,0.0006102956621020819
1099,100.54436756592497,100.7071914204521,100.84690829079736,100.60609517789057,100.54436756592497,100.93078742419824,17.79608708413339,23.808139491912698,1.7152197675173477,0.3480288794934181,0.0015391076593405935,-0.0005021836574713233
1100,100.59286771064801,100.93712391347194,100.88730704522304,100.9006577392996,100.55966758882617,100.97935655059324,17.865198025602556,23.86953412250656,1.7112417051704487,0.314051753573498,0.0014676501999270075,-0.00018067070433353284
1101,100.40369504222281,100.94527514896473,100.89818822556411,100.4822522333202,100.40369504222281,100.82405157288136,22.333788624982457,22.347224419388336,1.7083870476303142,0.29081139944427264,0.001497886634325241,-0.002298707240573746
1102,100.39867464352523,100.66790220823532,100.70077697444857,100.48278011497449,100.39867464352524,100.84877384710092,18.891467141288377,24.909709305159602,1.7063385453795135,0.2749149972198825,0.001464489763126431,-0.0009203155123449909
1103,100.42834196080115,100.55461038158677,100.66525857588452,100.51081484492614,100.42834196080115,100.86968838918166,17.90852983381377,23.913757450042024,1.7048685401643389,0.26404185809839964,0.0013741704914168066,-0.00021781734284392367
1104,100.66069551151595,100.42952869462917,100.55132815802085,100.31685109070949,100.24967417354682,100.67026913448044,19.39251517671528,25.405986216626253,1.6484790569511918,0.3376376722885597,0.0013590754685601056,-0.0005612933296240848
1105,100.74640088276503,100.49044471554478,100.55132815802085,100.67413175114238,100.29556846811867,100.74640088276502,20.554961906834308,26.533047070078382,1.5966007323950966,0.4038739050597038,0.0013871051546799065,0.0009131181981635282
1106,100.76048188373348,99.91400176903618,99.97778020093992,100.6401623711124,100.01771306096238,101.02628062986291,23.367956366216667,20.615687399101102,1.8843741347420426,0.20994981080623645,0.0015525002741990721,0.0036207705045145475
1107,100.872206084756,100.72729778147959,100.63257686281213,100.77798802020612,100.42901931523637,100.872206084756,20.367956366216664,21.641423304777256,2.0454489656908943,0.16690030964951397,0.0014158347018184345,0.0002515578612484689
1108,100.91918662884837,100.6954624566222,100.63257686281213,100.5580048409398,100.49036637806293,100.91385440066232,17.367956366216664,23.504314668065042,1.9618130484356229,0.2502102786845626,0.0014128455253689172,-0.0006830074409557656
1109,100.9737343376289,100.70126354805873,100.670813134616,100.89642518732408,100.56144395081829,100.9737343376289,15.41332341477215,21.39008961992187,1.8881970435574031,0.2471438306202408,0.0014022734532333125,0.0009680747854283623
1110,101.00087476903086,100.78483299273087,100.69787214472376,100.94136124151406,100.62949007010877,101.00087476903086,16.971658664495934,22.953036006268242,1.817141280072811,0.32242944755821673,0.00141125035586527,0.0007759440928203734
1111,101.01967585366002,100.78780502793896,100.71661682609904,100.93124742987938,100.34586371884662,101.28635250098093,17.42962179894173,23.412555400876585,1.7517699776669864,0.29018650280239505,0.001411907339222191,0.0007110999193812525
1112,101.02129754876562,100.81976859402987,100.75319827188336,100.99028222539768,100.64404355038477,101.05636737400538,18.779359571570957,24.759081457888257,1.6916283794536275,0.36116785252215555,0.0014285834914096838,0.0008449214034458366
1113,101.2172536082694,100.96664898556635,100.91360184744458,101.14669044088858,100.77704008496268,101.21725360826942,19.976803634360163,25.955424565863275,1.6362981090973374,0.42505106726994,0.001449763852683926,0.0008907945207037762
1114,101.07798250038452,101.05773981935712,101.02952097545801,100.77591810175204,100.68920177738518,101.15329692279307,24.20008400393439,24.215250839972445,1.6546075230882493,0.366734930012639,0.0014360739440975867,-0.0013963068425150587
1115,101.01910233704106,101.05773981935712,101.02952097545801,100.77591810175204,100.68920177738518,101.15329692279307,24.20008400393439,24.215250839972445,1.6546075230882493,0.366734930012639,0.0014360739440975867,-0.0013963068425150587
1116,101.06457717626886,101.05773981935712,101.02952097545801,100.77591810175204,100.68920177738518,101.15329692279307,24.20008400393439,24.215250839972445,1.6546075230882493,0.366734930012639,0.0014360739440975867,-0.0013963068425150587
1117,101.13267334610595,100.86377960797309,100.92245578137047,100.69775775465891,100.61968841402636,101.10861665942214,24.06010858037857,24.079876858253783,1.5489055879078562,0.4300614370113751,0.0014487509191806604,-0.0008236782448006387
1118,101.22200170847871,100.67901784238065,100.75859741337231,101.1185169300721,100.73530558394246,101.22200170847869,24.603813632567824,25.09975059176003,1.8576778269084886,0.2813231374159933,0.0015086837741257074,0.002177920994857731
1119,101.32886626697909,101.36352531028182,101.43400633233418,101.22190509389571,100.82585144174507,101.32886626697908,21.943020063012483,21.97247062805996,2.0305062946998347,0.20400301975433,0.0014645091656111393,-0.0006990641730925751
1120,101.3625859114098,101.72243999877186,101.64060219340682,101.21030872604317,100.53096275262362,101.62609545613108,18.943020063012483,21.692135071404245,1.9480657911238481,0.183602717778897,0.0016794772830694407,-0.002523650204054339
1121,101.32611206952518,101.33929404491649,101.42118859445992,101.40329799156953,101.32611206952518,101.73911247055702,18.943020063012483,21.692135071404245,1.8783320117104736,0.20158425896076557,0.0015731608850186433,0.00031569067954655556
1122,101.40042650282271,101.5060479368033,101.42153475610077,101.66052995811839,101.31376482654491,101.72671490080316,21.943020063012483,18.692135071404245,1.8080654507736358,0.28142583306468905,0.0015700157974485635,0.0007603712328853963
1123,101.21222353692468,101.43480212674014,101.42153475610077,101.2781167372258,101.21222353692468,101.6247605017299,23.35967489377632,17.378225508948837,1.743420214711745,0.3532832497582201,0.0015685679439357363,-0.000772942298855106
1124,101.28902758365754,101.43480212674014,101.42153475610077,101.2781167372258,101.21222353692468,101.6247605017299,23.35967489377632,17.378225508948837,1.743420214711745,0.3532832497582201,0.0015685679439357363,-0.000772942298855106
1125,101.36085475378088,101.47241943289507,101.42153475610077,101.5827645642506,101.23538316003135,101.64906747462992,25.360387191077102,19.34734500667973,1.6439465975348055,0.41795492478239815,0.0015396647957055807,0.0005434243498903661
1126,101.44188322182366,101.47241943289507,101.42153475610077,101.5827645642506,101.23538316003135,101.64906747462992,25.360387191077102,19.34734500667973,1.6439465975348055,0.41795492478239815,0.0015396647957055807,0.0005434243498903661
1127,101.47753095136453,101.50631137767823,101.4143569537727,101.09484914365835,101.0101790084126,101.46330057949854,26.042058640778052,20.09080018594525,1.5188960783909766,0.36188116855116037,0.0015851258662916462,-0.0020308977152998613
1128,101.49538954318359,101.50631137767823,101.4143569537727,101.09484914365835,101.0101790084126,101.46330057949854,26.042058640778052,20.09080018594525,1.5188960783909766,0.36188116855116037,0.0015851258662916462,-0.0020308977152998613
1129,101.45569176161743,101.54453776375459,101.44371268663411,101.10617281858126,100.55832234599542,101.91922374217756,25.834373212646803,19.886288938251354,1.4373843921196985,0.32569305169604434,0.001749597347214997,-0.0021631552335230043
1130,101.51795033837962,101.78835620801637,101.70616112041378,101.19133910785645,101.1046666821518,101.56852288606214,23.91196048563339,23.93421325423327,1.5118670397850957,0.29877404736009433,0.0018270086751604733,-0.0029412651311298303
1131,101.63319334231478,101.78835620801637,101.70616112041378,101.19133910785645,101.1046666821518,101.56852288606214,23.91196048563339,23.93421325423327,1.5118670397850957,0.29877404736009433,0.0018270086751604733,-0.0029412651311298303
1132,101.55131169808399,101.78835620801637,101.70616112041378,101.19133910785645,101.1046666821518,101.56852288606214,23.91196048563339,23.93421325423327,1.5118670397850957,0.29877404736009433,0.0018270086751604733,-0.0029412651311298303
1133,101.61811280448282,101.78835620801637,101.70616112041378,101.19133910785645,101.1046666821518,101.56852288606214,23.91196048563339,23.93421325423327,1.5118670397850957,0.29877404736009433,0.0018270086751604733,-0.0029412651311298303
1134,101.57249052381029,101.57150324644847,101.6335264485847,101.40631956759377,101.32862586923893,101.81518989319086,23.272966841086532,23.29249807970931,1.4109176766022882,0.36889664262408495,0.0018150443693230938,-0.0008138016092824006
1135,101.51743290233196,101.6020341457609,101.59955590460393,101.38319797287859,101.29475723689012,101.7680934252208,27.368097665458077,21.38710677656689,1.492874524729802,0.3283253035548741,0.001757801418661609,-0.0010780891328802738
1136,101.53360013724657,101.54195223998082,101.568757505894,101.34317441879256,101.26405123337629,101.75958655429841,26.2523157497005,20.275829881993406,1.453444562751418,0.3954927731993867,0.0017699040326259808,-0.0009797555122045933
1137,101.42761478359881,101.50514666480325,101.5433020549216,101.31415669543524,101.23867214875683,101.71137491829396,27.25855245826203,21.281152670317237,1.4171689977313047,0.45594349587944805,0.0017767108843458389,-0.000941675502300513
1138,101.41971733625373,101.50514666480325,101.5433020549216,101.31415669543524,101.23867214875683,101.71137491829396,27.25855245826203,21.281152670317237,1.4171689977313047,0.45594349587944805,0.0017767108843458389,-0.000941675502300513
1139,101.31966990013697,101.50514666480325,101.5433020549216,101.31415669543524,101.23867214875683,101.71137491829396,27.25855245826203,21.281152670317237,1.4171689977313047,0.45594349587944805,0.0017767108843458389,-0.000941675502300513
1140,101.21599859517295,101.34496234515663,101.36643550709209,101.33880703271507,100.61749133399738,102.33930902700992,27.689882269489942,21.69061112656148,1.3090938061053177,0.31186535118154246,0.0016638562281051806,-3.036904464747952e-05
1141,101.27112953288501,101.34496234515663,101.36643550709209,101.33880703271507,100.61749133399738,102.33930902700992,27.689882269489942,21.69061112656148,1.3090938061053177,0.31186535118154246,0.0016638562281051806,-3.036904464747952e-05
1142,101.08789823123176,101.01587055443787,101.03927662802172,100.81588062153344,100.73615879813761,101.23545644623738,29.04785288852545,23.071633876213166,1.2443663016168924,0.38067881606338827,0.0016829298317723733,-0.0009908744869881537
1143,101.0950985738589,100.90978951999264,100.91942652747616,100.70071972380111,100.61666824789377,101.14314327707044,29.783891858776165,23.808779822838243,1.2248169974875411,0.44261093445704947,0.0017063939067825595,-0.0010369985025865719
1144,101.09371929188141,100.90978951999264,100.91942652747616,100.70071972380111,100.61666824789377,101.14314327707044,29.783891858776165,23.808779822838243,1.2248169974875411,0.44261093445704947,0.0017063939067825595,-0.0010369985025865719
1145,100.97321329311413,100.90978951999264,100.91942652747616,100.70071972380111,100.61666824789377,101.14314327707044,29.783891858776165,23.808779822838243,1.2248169974875411,0.44261093445704947,0.0017063939067825595,-0.0010369985025865719
1146,101.13325053746485,100.90978951999264,100.91942652747616,100.70071972380111,100.61666824789377,101.14314327707044,29.783891858776165,23.808779822838243,1.2248169974875411,0.44261093445704947,0.0017063939067825595,-0.0010369985025865719
1147,101.03194800480985,100.92876918568486,100.91507144915626,101.18036884830181,100.73998811364726,101.2820675635672,30.289674157406733,24.259797270287496,1.1475286773970597,0.37874587916862185,0.0016684757898148784,0.0012448702966347844
1148,101.13737926285653,100.81958448878123,100.81665521815064,101.16678199068215,100.40438391008769,101.62060544703229,29.527436755357538,23.486182782671865,1.135726383205295,0.3408712912517597,0.0017746373090078715,0.0017189155285696907
1149,101.07695890060599,100.95486285178782,100.8827686179993,101.14278662298112,100.04865284579577,101.98192571573576,25.91249439790096,24.37758721986498,1.2953972525881199,0.23315596321620363,0.0017996093973934879,0.0009298661893479813
1150,101.13767679412506,100.95486285178782,100.8827686179993,101.14278662298112,100.04865284579577,101.98192571573576,25.91249439790096,24.37758721986498,1.2953972525881199,0.23315596321620363,0.0017996093973934879,0.0009298661893479813
1151,101.2423954030259,101.28663558283857,101.2354463877595,101.14700756020378,100.73388610233266,101.2423954030259,24.102494150644485,24.119048081558375,1.268777068457235,0.2354786788398833,0.0017237381701621164,-0.0006897471214118079
1152,101.24711167248134,101.49950160099942,101.43966591415249,101.6418793506423,101.25486248663628,101.59202849543743,25.238322311443135,25.221501189250198,1.2472749029806565,0.311930810955895,0.0017044195046888818,0.0007008800913722982
1153,101.26658808725918,101.53711778919804,101.48847560665124,101.7116025784997,101.28085513866418,101.79385717818585,26.16190482918031,26.141301329509243,1.2274929107422041,0.3807377298603055,0.0017051718580703666,0.000858479152960834
1154,101.19010720069785,101.455534203721,101.48847560665124,101.2749347295838,101.19010720069787,101.72144730428654,26.955618707848163,26.976998756945363,1.209293477882828,0.44266395687427496,0.001709761820350411,-0.0008908353790501296
1155,101.05282272097047,101.32595309665876,101.35689340117396,101.1401789347995,101.05282272097048,101.60003951061712,27.6759501876889,27.697971549187173,1.1925499996522018,0.4983975611868475,0.0017172829495208037,-0.0009175567290949124
1156,101.12746235083571,101.32595309665876,101.35689340117396,101.1401789347995,101.05282272097048,101.60003951061712,27.6759501876889,27.697971549187173,1.1925499996522018,0.4983975611868475,0.0017172829495208037,-0.0009175567290949124
1157,101.11448764236394,101.32595309665876,101.35689340117396,101.1401789347995,101.05282272097048,101.60003951061712,27.6759501876889,27.697971549187173,1.1925499996522018,0.4983975611868475,0.0017172829495208037,-0.0009175567290949124
1158,101.02364851060877,101.26171454537496,101.27235845402866,101.1285692909966,101.02364851060878,101.5853879218962,27.6705929930267,27.68638172578852,1.1479072130837533,0.4169039318518037,0.0016631330804210778,-0.0006578638650757525
1159,101.00630791972365,101.0841651064916,101.10778257514689,100.89390635741844,100.80445922742143,101.36480758211957,28.32602402978668,28.348631483876424,1.1360746360370533,0.4752135386666233,0.0016763823994780074,-0.0009419772537394164
1160,100.77781651470015,101.29659480107051,101.27787964925153,100.93599970532648,100.46705152534663,101.70523030059567,26.32643797518732,25.157642475516994,1.6266047838797482,0.24703500594045746,0.0016406515648801677,-0.0017830711049529916
1161,100.75535917800795,101.02131230927617,101.05853478235501,100.8384972763679,100.75535917800794,101.27609909851972,23.32643797518732,27.66201150750276,1.5764764011693684,0.32233150534641175,0.0016508909146650832,-0.0009056534497061466
1162,100.91046563199983,101.02131230927617,101.05853478235501,100.8384972763679,100.75535917800794,101.27609909851972,23.32643797518732,27.66201150750276,1.5764764011693684,0.32233150534641175,0.0016508909146650832,-0.0009056534497061466
1163,100.86964058099636,100.46449663775941,100.53174398476072,100.85263757392633,100.28598632436066,101.75010601994927,26.32643797518732,24.662011507502765,1.490358289075819,0.2900983548117706,0.0017831986414086024,0.001928007457918509
1164,100.87430880890842,100.62553247244277,100.5716858824817,100.79194246762361,100.36062128850718,100.87430880890844,23.32643797518732,27.66201150750277,1.4511296259497535,0.3610885193305936,0.0017753500766538735,0.0008261944264287745
1165,100.64671937104454,100.66966479452991,100.70675769900731,100.92490614318187,100.50696869791395,101.02140935376156,23.32643797518732,27.66201150750277,1.5217306195815432,0.322984547222126,0.0017548248726503264,0.0012661122145537374
1166,100.63842059137927,100.66966479452991,100.70675769900731,100.92490614318187,100.50696869791395,101.02140935376156,23.32643797518732,27.66201150750277,1.5217306195815432,0.322984547222126,0.0017548248726503264,0.0012661122145537374
1167,100.7661690533177,100.66966479452991,100.70675769900731,100.92490614318187,100.50696869791395,101.02140935376156,23.32643797518732,27.66201150750277,1.5217306195815432,0.322984547222126,0.0017548248726503264,0.0012661122145537374
1168,100.80964625829922,100.49400484087094,100.56127193960988,100.91201304302793,99.89785097859217,101.63737786424954,26.32643797518732,24.66201150750277,1.4266588366816864,0.2906860924999134,0.0018985897869508864,0.00207545040882511
1169,100.76842833924823,100.51991312531867,100.56127193960988,100.68614845195755,100.25527999950218,100.76842833924822,23.32643797518732,27.66201150750277,1.3925261297471516,0.36161748324992204,0.001883817753463647,0.0008261944264289846
1170,100.79836572091186,100.51991312531867,100.56127193960988,100.68614845195755,100.25527999950218,100.76842833924822,23.32643797518732,27.66201150750277,1.3925261297471516,0.36161748324992204,0.001883817753463647,0.0008261944264289846
1171,100.83971031180863,100.56076738910276,100.56127193960988,100.75737157180652,100.32619493877887,100.83971031180863,21.572893538090963,27.54945550906266,1.3211240393673795,0.42545573492492983,0.0018879788706527864,0.000976584542845973
1172,100.8814178732488,100.60349505990978,100.57877361962906,100.80206160690973,100.38646421106105,100.88141787324881,22.4306797750459,28.407018078681272,1.2954341162179892,0.4829101614324368,0.0018930086585689822,0.0009859040151927588
1173,101.03439757860053,100.74738898274214,100.73129438586471,100.95214330408612,100.52140574069774,101.03439757860053,23.190552500631675,29.166189014724985,1.2717993869205502,0.5346191452891932,0.0019012456104333995,0.0010151452461119816
1174,101.06200963244689,100.62883115203961,100.69971738363094,100.92531000734105,100.13989977408478,101.41931134021144,25.976806737442537,25.956470172224677,1.393043240054187,0.36567949537780814,0.00186378039538668,0.0014709638491971738
1175,101.01073365782932,100.74854544830293,100.70770145685584,100.92672635378996,100.48683289888403,101.01073365782933,27.27264975118411,22.95647017222468,1.3615997808498521,0.4291115458400273,0.0018579740769577558,0.0008835039809038828
1176,101.04659751216455,100.55938032650316,100.57654355090632,100.95150886842295,100.53968198208314,101.04659751216454,28.61515768133789,19.280422031026582,1.457484002737854,0.36951229735457863,0.00184270171313734,0.0019459421944213336
1177,101.09531860658986,100.83823536193118,100.79203265077008,101.00460388673527,100.6116744728272,101.09531860658984,26.872478980210722,20.858527542875144,1.5262905203646842,0.32874641139053185,0.0017432378783497418,0.000824247842645175
1178,101.02130238460174,100.81134146315651,100.79203265077008,100.61734136522848,100.54043639771295,101.02205860233599,25.965822391981263,19.988937284482645,1.4841872787355095,0.3958717702514787,0.0017542181038913442,-0.0009631205208908702
1179,100.85002673195244,100.81134146315651,100.79203265077008,100.61734136522848,100.54043639771295,101.02205860233599,25.965822391981263,19.988937284482645,1.4841872787355095,0.3958717702514787,0.0017542181038913442,-0.0009631205208908702
1180,100.89344996936678,100.45728897037978,100.4826575739523,100.50095328388821,100.41443111277806,100.87748759910413,26.87841904588428,20.87320431314952,1.4042527912206018,0.34677629085201145,0.001668183546871199,0.00021728053061480153
1181,101.06261509554618,98.56516606084396,98.6143185809078,100.96012543287635,100.58059170278862,101.06261509554616,22.028156045167428,22.012261472553753,1.7767116063243251,0.23802818703650966,0.0028198839181687047,0.012003287172783022
1182,100.98842873189322,100.83848553976019,100.72747579386726,100.9051127570828,100.54416115763016,100.98842873189321,17.473423876363626,19.939905994131703,1.7553682486983357,0.2388112799329726,0.0025959649475803506,0.00033025690968686773
1183,100.7861587501754,100.93502660595954,100.83328214284249,101.07611165920662,100.75865855557373,101.13669221950097,20.473423876363626,16.939905994131703,1.694938788802469,0.31493015193967533,0.002524015346088365,0.0006984023478045946
1184,100.89560006952973,100.9740597262351,100.9247983560685,101.15754353042942,100.85010542027027,101.22848380749096,20.47342387636363,16.939905994131703,1.6966880748446518,0.29141222392673793,0.0023465130254077004,0.0009077442677844812
1185,101.00114166281226,100.9740597262351,100.9247983560685,101.15754353042942,100.85010542027027,101.22848380749096,20.47342387636363,16.939905994131703,1.6966880748446518,0.29141222392673793,0.0023465130254077004,0.0009077442677844812
1186,100.75494966011841,100.961652731281,100.9247983560685,101.1480643414712,100.1829854784175,101.90256573776088,23.440332965955648,13.939905994131703,1.6009530288570797,0.26227100153406413,0.0023164017297088273,0.0009223287870077411
1187,100.72846807573559,100.87507528730947,100.9247983560685,100.6988890874393,100.63862075203944,101.01589048904256,24.903909265920237,12.924886522630949,1.5528767865485134,0.33604390138065776,0.002282303936189764,-0.0008740523629461975
1188,100.85194425723353,100.87507528730947,100.9247983560685,100.6988890874393,100.63862075203944,101.01589048904256,24.903909265920237,12.924886522630949,1.5528767865485134,0.33604390138065776,0.002282303936189764,-0.0008740523629461975
1189,100.78330255596583,100.89716344902249,100.9247983560685,100.96654735029303,100.64589006865019,101.02774065738595,27.07170154050742,15.063452342947839,1.4686466436246324,0.40243951124259203,0.0021866116894405404,0.00034371656498233266
1190,100.81128733729152,100.89716344902249,100.9247983560685,100.96654735029303,100.64589006865019,101.02774065738595,27.07170154050742,15.063452342947839,1.4686466436246324,0.40243951124259203,0.0021866116894405404,0.00034371656498233266
1191,100.79296687744622,101.37348796332388,101.24144009955505,101.23135762594633,100.88486485139615,101.31132855246992,28.281374196959394,16.298210556855626,1.3931008314650364,0.35126862568993295,0.0020211367804822762,-0.0007015149956763426
1192,100.81153807887502,103.05414425882341,102.95397370398683,100.90707384993914,100.81153807887503,101.26249532305441,23.274128390588892,20.42271543974914,1.7704695421942618,0.24036348237865476,0.0024923214303680255,-0.010526856177821722
1193,100.93328262956072,101.16874406340534,101.2369936103919,101.00395234392141,100.93328262956072,101.37578093605931,20.274128390588892,22.064095769738202,1.708831978818721,0.3163271341407893,0.002440594614127397,-0.0008151037326619686
1194,100.88556154929354,101.09051375478704,101.18912893610184,100.9539983675992,100.88556154929353,101.3140540539337,23.274128390588892,19.064095769738202,1.6521254205132234,0.38469442072671034,0.002375239332799503,-0.00067566985984333
1195,100.72510629839722,101.06372170496859,101.02819087101027,100.80505532201269,100.72510629839724,101.1529209869937,23.274128390588892,19.064095769738202,1.6659652017602893,0.3391309837770699,0.0022688152242873816,-0.0012813590430645102
1196,100.68125616536707,100.81941159949409,100.91776231694176,100.76117038360532,100.68125616536707,101.1088846071409,23.274128390588892,19.064095769738202,1.6758966287831836,0.3079655929035158,0.002115232662766902,-0.0002889227489861422
1197,100.61954854284761,100.81941159949409,100.91776231694176,100.76117038360532,100.68125616536707,101.1088846071409,23.274128390588892,19.064095769738202,1.6758966287831836,0.3079655929035158,0.002115232662766902,-0.0002889227489861422
1198,100.60859362983011,100.81941159949409,100.91132761266813,100.76117038360532,100.68125616536707,101.1088846071409,23.274128390588892,19.064095769738202,1.6758966287831836,0.3079655929035158,0.002115232662766902,-0.0002889227489861422
1199,100.55955743472366,100.79414702661538,100.86214386632264,100.62777369153568,100.55955743472366,100.98666897950461,23.10268948593254,17.122513346352882,1.5684915651471956,0.37716903361316423,0.0020874380276445165,-0.0008259941841807445
1200,100.50367015907229,100.89072299178706,100.81526499665081,100.59891798197319,100.50367015907227,100.9091802106247,17.982621140715505,19.537675603657043,2.271539704485834,0.19290893832943512,0.0018125456569876499,-0.0014482382737078616
1201,100.47992657110002,100.66094132825738,100.78227339127385,100.54032205095724,100.4799265711,100.85799440593124,19.41252615352202,16.537675603657043,2.1698165281269675,0.27361804449649163,0.0017757324012819507,-0.0005994956257943516
1202,100.51624567577646,100.63657434480265,100.74344366264361,100.49905641135726,100.44121333165572,100.80327953848187,16.41252615352202,19.537675603657043,2.07623120587681,0.34625624004684247,0.0017512333665169891,-0.0006837074710651592
1203,100.42965037936831,100.53129245315534,100.68982886240259,100.49732237438627,100.42965037936831,100.79167528434147,13.9942202480521,19.998275799502604,1.970303513337199,0.3128392681920403,0.0016177004996193317,-0.00016898131043788619
1204,100.38564570680545,100.81215433275268,100.72165487601995,100.51469817798497,100.10524526148346,101.11830487519877,14.3443912794981,20.379850770496915,1.894289801170774,0.21398205944335558,0.0015292443910773527,-0.0014774787916174196
1205,100.28637012809949,100.43043146863499,100.58813453169458,100.34215341927626,100.2863701280995,100.6355251671467,16.196339123520666,22.206891725539467,1.8227466170771123,0.29258385349902005,0.0014902527411069567,-0.00043969175078368346
1206,100.27199713858694,100.43043146863499,100.57371829346734,100.34215341927626,100.2863701280995,100.6355251671467,16.196339123520666,22.206891725539467,1.8227466170771123,0.29258385349902005,0.0014902527411069567,-0.00043969175078368346
1207,100.25671585065105,100.41935844905177,100.55839102372222,100.35163966412551,99.86454556487094,101.06060632291417,17.419520417702845,23.427615465560873,1.7169268877109434,0.26332546814911806,0.0014413128174656,-0.00033729366075109377
1208,100.40347750696995,100.41935844905177,100.55839102372222,100.35163966412551,99.86454556487094,101.06060632291417,17.419520417702845,23.427615465560873,1.7169268877109434,0.26332546814911806,0.0014413128174656,-0.00033729366075109377
1209,100.40146458066639,100.63026043885048,100.56396705251366,100.80059769704158,100.45496735121516,100.86656675277203,19.263651828768186,25.24335655606559,1.619572736694068,0.3369929213342063,0.0014563104361192721,0.0008456363626082031
1210,100.14460264083647,100.337890058769,100.44594046222315,100.78938724914228,100.16280580104512,101.1607810798083,18.62823004259524,24.57435404569419,1.5700069177585427,0.3032936292007857,0.0016383122469521255,0.002244833204210602
1211,100.23921047510078,100.25745059328091,100.37180412032833,100.7790747382165,99.83514699876054,101.49279061115296,17.81102721805557,23.748755054040544,1.5244063643378594,0.27296426628070714,0.001851375030940941,0.002594673500626061
1212,100.26798266342821,100.25745059328091,100.37180412032833,100.7790747382165,99.83514699876054,101.49279061115296,17.81102721805557,23.748755054040544,1.5244063643378594,0.27296426628070714,0.001851375030940941,0.002594673500626061
1213,100.35655674146423,100.08780194458153,100.21016578547493,100.76958816007544,99.31372870208358,102.02564944846642,17.0498664971691,22.96840138820135,1.4424538551908308,0.24566783965263642,0.002147619638310234,0.003394379540322947
1214,100.1371489980747,99.96362180227088,100.12354488282988,100.75283325023429,98.8880672870905,102.46481651382875,17.0498664971691,21.501206579008826,1.51550488648494,0.1680368023224033,0.0025632470730566994,0.003931971834381733
1215,100.10568460894201,99.96362180227088,100.12354488282988,100.75283325023429,98.8880672870905,102.46481651382875,17.0498664971691,21.501206579008826,1.51550488648494,0.1680368023224033,0.0025632470730566994,0.003931971834381733
1216,99.9100206149932,99.96362180227088,100.12354488282988,100.75283325023429,98.8880672870905,102.46481651382875,17.0498664971691,21.501206579008826,1.51550488648494,0.1680368023224033,0.0025632470730566994,0.003931971834381733
1217,99.7889614672534,99.95939089424192,100.08922915471756,100.74544801224104,98.01389248718574,103.37868860073687,14.049866497169099,21.61699633315761,1.4209311622328116,0.15123312209016299,0.002879432628650404,0.003916483141521881
1218,99.83431891326357,100.19457164860002,100.09711778268051,100.27940035065174,99.98884063431548,100.34644013779976,13.101334141699116,19.091178764275615,1.5000602020182656,0.17944345550967147,0.0026594911355780327,0.00042314072597927866
1219,99.87356743151335,99.69527076058516,99.84575061831428,99.93382396644954,99.87356743151335,100.19587251358693,13.587161807079676,19.558482235354056,1.5568432009683075,0.19873932356861532,0.0024664905605699208,0.001194982155234249
1220,99.87996555792853,100.13811612846766,100.0402642216041,100.07074647336054,99.8095659328563,100.1412243509288,17.248021911085587,17.248091415782433,1.862120731191589,0.161072649963909,0.0021446334546790283,-0.0003364968674792329
1221,99.76329356888154,99.93566281908178,100.0402642216041,99.81841946901896,99.76329356888154,100.10833058281916,16.092857372706256,16.10694389534087,1.793151072696262,0.2449653849675181,0.002086388068659295,-0.0005869384431088707
1222,99.79217023216604,99.93566281908178,100.0402642216041,99.81841946901896,99.76329356888154,100.10833058281916,16.092857372706256,16.10694389534087,1.793151072696262,0.2449653849675181,0.002086388068659295,-0.0005869384431088707
1223,99.80127501629563,100.10957969599738,100.0402642216041,100.23809355375772,99.98394512628488,100.30667061057514,15.62988883283646,21.599284686250616,1.7742528636181336,0.1851028057215146,0.0019014533214754994,0.0006414542064590403
1224,99.70220353695044,100.24151663697667,100.14800108891004,99.78108397885978,99.70220353695045,100.07443454007678,17.672029289660898,17.69027834717342,1.9838110068472505,0.15398384252627217,0.0018116346193952054,-0.0023019031684385176
1225,99.80331559841733,99.98000054822415,100.1036264778509,99.85984999361261,99.80331559841733,100.15718138994983,14.672029289660898,20.69027834717342,1.9051061262994706,0.23858545827364497,0.0017750846560916033,-0.0006012342097222994
1226,99.72437558543312,99.87090647192721,100.02444893222983,99.78086671513007,99.72437558543312,100.07797057869656,15.135997375487614,21.14682099167011,1.8326976361955132,0.3147269124462805,0.0017226976613075565,-0.00045098400760402687
1227,99.94118369546709,100.15968024022645,100.07081916945236,100.31362911541132,100.00807857450188,100.37193497437552,16.691340109793067,22.672909860817224,1.7660818252998722,0.3832542212016524,0.0017114870646225827,0.0007679270406603597
1228,100.0341096559344,100.61866986422943,100.55914300422295,100.72887023472877,100.426770087159,100.71609419912079,16.875276445872814,22.86214090475478,1.7477403178351885,0.3381458873019303,0.0016279732767366497,0.0005473142132512793
1229,100.03362023846559,100.29797043250164,100.33462411079798,100.70465573089332,100.10031763548331,101.04455485390345,14.881314286714966,20.832755482545583,1.7345784520785315,0.23129178691452035,0.0018481883119145098,0.0020232835070576626
1230,100.10809659364492,100.15862553604337,100.29319468437241,100.17510951580981,100.10809659364492,100.46659221673045,15.79276482354075,21.79079004123915,1.7251334972115542,0.23420358224953192,0.0016897312847133437,8.228259590012023e-05
1231,100.18724811134217,100.15862553604337,100.29319468437241,100.17510951580981,100.10809659364492,100.46659221673045,15.79276482354075,21.79079004123915,1.7251334972115542,0.23420358224953192,0.0016897312847133437,8.228259590012023e-05
1232,100.22073118929335,100.06589038738689,100.2084841324095,99.96801302481508,99.90785868001227,100.28441805721616,17.941167402534475,23.952910695354603,1.62712281743463,0.3107832240245787,0.0016470638764171364,-0.0004893038675054607
1233,100.18005716581443,100.06589038738689,100.2084841324095,99.96801302481508,99.90785868001227,100.28441805721616,17.941167402534475,23.952910695354603,1.62712281743463,0.3107832240245787,0.0016470638764171364,-0.0004893038675054607
1234,100.20582958828025,100.10612470602159,100.2084841324095,100.27917155101473,99.92652263188462,100.34648374238903,19.704633267197366,25.683907573459297,1.5369529920398597,0.3797049016221209,0.001651868538282912,0.0008635705724195481
1235,100.07026221266884,100.02807705758532,100.03307074975541,99.81784607153645,99.73297153750615,100.18719957810065,23.944523569664515,23.9594677788645,1.5833174670878034,0.33571815270953065,0.0015929467769004789,-0.0010519653478896702
1236,99.91709214552782,99.97930908140422,100.03307074975541,99.81648150250356,99.73991338912639,100.2194295005978,23.196026927484226,23.21558620789847,1.5366520697207793,0.40214633743857764,0.0015951663940090162,-0.0008149700172600433
1237,99.96641718434566,99.97930908140422,100.03307074975541,99.81648150250356,99.73991338912639,100.2194295005978,23.196026927484226,23.21558620789847,1.5366520697207793,0.40214633743857764,0.0015951663940090162,-0.0008149700172600433
1238,99.93412076014832,100.4727962066165,100.39893972124153,99.84148605645629,99.29091931133286,100.6726223065232,21.4712679943118,21.546906353357745,1.4419015252316314,0.2750680948079871,0.0019077550942931043,-0.0031515982935809623
1239,100.17360546911779,100.21282802821804,100.28536233725357,100.25439473807835,100.17360546911777,100.60592836312708,19.78368772428508,25.801212558378577,1.5151085345062187,0.2641465768486632,0.0017805000858581949,0.00020734915806544318
1240,100.1741896093957,100.21282802821804,100.28536233725357,100.25439473807835,100.17360546911777,100.60592836312708,19.78368772428508,25.801212558378577,1.5151085345062187,0.2641465768486632,0.0017805000858581949,0.00020734915806544318
1241,100.23640826941252,100.21282802821804,100.28536233725357,100.25439473807835,100.17360546911777,100.60592836312708,19.78368772428508,25.801212558378577,1.5151085345062187,0.2641465768486632,0.0017805000858581949,0.00020734915806544318
1242,100.14921138463114,100.21282802821804,100.28536233725357,100.25439473807835,100.17360546911777,100.60592836312708,19.78368772428508,25.801212558378577,1.5151085345062187,0.2641465768486632,0.0017805000858581949,0.00020734915806544318
1243,100.22161169288061,100.21282802821804,100.28536233725357,100.25439473807835,100.17360546911777,100.60592836312708,19.78368772428508,25.801212558378577,1.5151085345062187,0.2641465768486632,0.0017805000858581949,0.00020734915806544318
1244,100.31040343519494,100.55334948371724,100.51102005455478,100.73987277163064,100.35441787713555,100.81346043586237,20.14531503702271,26.123076042287735,1.4098998517457213,0.3377319191637969,0.0017848650862068174,0.000926624780623818
1245,100.25004326063498,100.2902493374566,100.37741076351966,100.33701424364155,100.250043260635,100.71550768736788,24.335155475335483,24.350460239132687,1.4921441336127297,0.3070086327080371,0.0016630247985641453,0.00023309347568328706
1246,100.31083177717161,100.3148892546388,100.37741076351966,100.48135895065126,100.07077141198853,100.55975689082149,23.62610966169001,23.60621251351115,1.4527726029237114,0.37630776943723343,0.0016627290743374433,0.0008290478407856637
1247,100.41619330722372,100.3148892546388,100.37741076351966,100.48135895065126,100.07077141198853,100.55975689082149,23.62610966169001,23.60621251351115,1.4527726029237114,0.37630776943723343,0.0016627290743374433,0.0008290478407856637
1248,100.36919352634808,100.28464211828866,100.34326589606884,100.45578309590314,99.60125269609318,101.03379398019615,23.540078200103093,23.51961703261097,1.3817096198580554,0.25739451429506766,0.0016127164176593964,0.0008525486455051455
1249,100.38402562806826,99.32789478498935,99.3908909165499,100.03393120636959,99.92311848217314,100.39501853904753,20.67678703935401,21.65144475620542,2.1899929784410492,0.14558861287647248,0.00184956049355121,0.003541482517374391
1250,100.42584360835188,100.33570627306683,100.22162696812492,100.34621494094475,100.0012083584388,100.42584360835187,16.641921240170184,20.124817291021408,2.0519389613292973,0.17558261120750718,0.0017214225815098678,5.2364796063140885e-05
1251,100.34617490497813,100.33570627306683,100.22162696812492,100.34621494094475,100.0012083584388,100.42584360835187,16.641921240170184,20.124817291021408,2.0519389613292973,0.17558261120750718,0.0017214225815098678,5.2364796063140885e-05
1252,100.32373256521299,100.33570627306683,100.22162696812492,100.34621494094475,100.0012083584388,100.42584360835187,16.641921240170184,20.124817291021408,2.0519389613292973,0.17558261120750718,0.0017214225815098678,5.2364796063140885e-05
1253,100.19133400186375,100.33570627306683,100.22162696812492,100.34621494094475,100.0012083584388,100.42584360835187,16.641921240170184,20.124817291021408,2.0519389613292973,0.17558261120750718,0.0017214225815098678,5.2364796063140885e-05
1254,100.00144821891469,100.16814726066325,100.22162696812492,100.06034781714405,100.00144821891467,100.37014033423331,19.641921240170184,17.124817291021408,1.9077838444229536,0.2580243500867565,0.0016827430883729969,-0.0005383821292634029
1255,100.08433605816799,100.06912654626058,100.09929093907537,99.86776925189177,99.79899306625819,100.1669372997452,17.79480075924937,17.81897126087469,1.8494256867579115,0.25248865545934146,0.0016249784606872893,-0.0010071042343884687
1256,100.09936500211668,105.72614245726824,105.59712724746178,99.87696651385275,99.47517711695703,100.49300509706283,14.79480075924937,18.341386429768647,1.7814716318172787,0.22723978991340732,0.004942265488438343,-0.028448869147387458
1257,100.12199479466841,100.45647019878486,100.42326458843371,100.18417280824062,100.12199479466842,100.45459041514616,14.79480075924937,18.01628567690753,1.7587840429920794,0.23143201630077062,0.004501991504775883,-0.0013571397422939017
1258,100.06393719749242,100.02787283454512,100.1503262064181,100.12546869218184,100.06393719749242,100.39307017272009,14.79480075924937,17.99414873475153,1.7425034292511161,0.23429949914972711,0.004061087212047533,0.00048760543737252595
1259,100.18056845669338,99.983326288181,100.13581038015342,99.88783607168867,99.83540294901293,100.16356209158884,17.79480075924937,14.99414873475153,1.683103154911027,0.3108695492347544,0.003874753045575685,-0.00047775884907501305
1260,100.29519185821312,100.38645214853585,100.26571238988198,100.23359778584803,99.96660206569409,100.29519185821312,17.79480075924937,14.994147100876877,1.688194823964153,0.2886347716765721,0.0035244636382245564,-0.0007619097031319204
1261,100.23786245897212,100.57916210381075,100.42800784977409,100.67732324886624,100.40018348879379,100.7301984451094,14.79480075924937,17.994147100876877,1.633139238047021,0.3597712945089149,0.0033715248075564365,0.00048774152486807834
1262,100.3891631332872,100.5379069635149,100.42800784977409,100.44188708579085,100.38916313328718,100.71914247006295,17.79480075924937,14.994147100876877,1.5824880990032595,0.42379416505802336,0.0032265643869253875,-0.00047775886216942987
1263,100.3989501277726,100.47617983017027,100.42800784977409,100.35006012446892,100.29738447005742,100.62706152645593,16.434287684202843,16.449359783035725,1.5358890510829988,0.481414748552221,0.0031083310277813885,-0.000628004118036707
1264,100.33188008133138,100.50100201969437,100.42800784977409,100.6135979275994,100.33583578172014,100.66659211888394,18.07816439486222,18.0647277682303,1.493017926996359,0.533273273696999,0.002989014306293484,0.0005598594429968879
1265,100.34299505060453,99.6653731718455,99.78455012214438,100.60459168992922,99.73781455948522,101.27018222884423,21.07816439486222,15.064727768230297,1.4535764928366504,0.4799459463272991,0.0033724490420531774,0.004689762235350423
1266,100.25524546230622,100.13210636528318,99.97945278713146,100.18737318729485,99.89321235706014,100.25524546230622,17.788455835467165,17.77731041983933,1.5234864912595802,0.4042830272878726,0.003048833035108303,0.00027589339856069826
1267,100.13487902334126,100.2019228688202,100.07923105591975,100.323215923549,100.02367912086211,100.38037217243705,17.774073366460367,17.759556317221442,1.481607571958814,0.4638547245590854,0.0029384883080488373,0.0006048770516218936
1268,100.1786988339426,100.1231252523142,100.07923105591975,100.00205502948135,99.9451656749228,100.30125583247869,19.276606688332265,19.291126027397425,1.443078966202109,0.5174692521031768,0.002834775713748323,-0.000604972461048404
1269,100.31243485585033,100.3875916840904,100.27988008952006,100.51951694225332,100.19407847196209,100.5816249644133,20.656076526039726,20.640316973191858,1.4076326489059405,0.5657223268928592,0.002743486946488302,0.0006566480353279588
1270,100.14528915219064,100.10976805226188,100.19143719569092,100.2228183526065,100.14528915219063,100.56013751701273,18.866514368883884,24.88339018893104,1.490517188854903,0.4629540715947157,0.002537320222050048,0.0005643130874181824
1271,100.15511301255664,100.19701840110949,100.19143719569092,100.37659796137459,100.0079815523711,100.44696450220971,17.899417698162956,23.877929780038308,1.4512758137465107,0.5166586644352441,0.002492520628058736,0.0008953299218605063
1272,100.16846143398863,100.28726025856677,100.2257167404393,100.46005319220603,100.10775190244955,100.52729863634836,19.046875843528667,25.026217881356942,1.41517374864679,0.5649927979917198,0.002446259226742582,0.0008607484238219932
1273,100.0110522805245,100.20190560606088,100.2257167404393,100.08168120897341,100.01105228052451,100.45330222890912,20.236632833250177,26.251039333433155,1.3819598487550468,0.6084935181925478,0.0023715161827046506,-0.0006002708409575815
1274,100.05336251979436,100.02907498361334,100.12703091003414,99.9010167202808,99.82664981730403,100.29235283352088,21.321483517793162,27.336855882672243,1.3514030608546432,0.647644166373293,0.002306087046648901,-0.0006405152032952649
1275,99.92250644640714,99.84302959848279,99.92993926528361,99.70784108324442,99.63014944748774,100.11671722550679,22.296090604598536,28.31234973869621,1.323290815986272,0.6828797497359638,0.0022490175067754014,-0.0006774639207362595
1276,99.86138756743267,99.81388007089994,99.89100716101727,99.67211312698079,99.59133413953423,100.09727898795985,23.17148016605175,29.188536033481427,1.2974275507073703,0.7145917747623673,0.0021993558078737285,-0.000710661142903072
1277,99.98453658809113,99.81388007089994,99.89100716101727,99.67211312698079,99.59133413953423,100.09727898795985,23.17148016605175,29.188536033481427,1.2974275507073703,0.7145917747623673,0.0021993558078737285,-0.000710661142903072
1278,100.06164186766887,99.81388007089994,99.89100716101727,99.67211312698079,99.59133413953423,100.09727898795985,23.17148016605175,29.188536033481427,1.2974275507073703,0.7145917747623673,0.0021993558078737285,-0.000710661142903072
1279,99.99091481857074,99.81388007089994,99.89100716101727,99.67211312698079,99.59133413953423,100.09727898795985,23.17148016605175,29.188536033481427,1.2974275507073703,0.7145917747623673,0.0021993558078737285,-0.000710661142903072
1280,99.97080430234455,99.90052084727598,99.90748882119392,99.54659779186532,99.44894254562327,99.9717184752049,27.6775787188678,27.695350276356997,1.199634010387609,0.5647807739374593,0.002133348485520843,-0.001774520774356331
1281,100.00054993874558,100.00727665641786,99.98416447216313,99.55965914179974,99.02552797686408,100.39917877691803,24.6775787188678,30.695350276356997,1.1836632895566004,0.5083026965437134,0.0022745013398351877,-0.0022429442674347165
1282,100.10929104658733,100.00727665641786,99.98416447216313,99.55965914179974,99.02552797686408,100.39917877691803,24.6775787188678,30.695350276356997,1.1836632895566004,0.5083026965437134,0.0022745013398351877,-0.0022429442674347165
1283,100.10892248927071,100.00727665641786,99.98416447216313,99.55965914179974,99.02552797686408,100.39917877691803,24.6775787188678,30.695350276356997,1.1836632895566004,0.5083026965437134,0.0022745013398351877,-0.0022429442674347165
1284,100.02887732371435,100.00727665641786,99.98416447216313,99.55965914179974,99.02552797686408,100.39917877691803,24.6775787188678,30.695350276356997,1.1836632895566004,0.5083026965437134,0.0022745013398351877,-0.0022429442674347165
1285,100.05939725538482,100.10735944113037,100.11434184185929,99.57167709732592,98.12867914663391,101.31677887940792,25.535098595775985,27.695350276356997,1.1089702263920724,0.4574724268893421,0.0024599580705072844,-0.002682716989678939
1286,100.00790624177063,99.59453917293013,99.63914095806614,99.42497944409368,99.34022353519195,99.87113578172736,25.4310085585896,25.45145596756915,1.1002526082807067,0.5117251842004079,0.0024145976559112447,-0.0008519753741477594
1287,99.98028270682448,99.43182264586775,99.46931593957558,99.88497362292941,99.47220551658309,99.98028270682448,28.8096654951904,23.219759528072984,1.2699412717022354,0.42602002599307903,0.002367704351926081,0.0022735212764033053
1288,99.79858705870372,99.57409973688785,99.53635937839732,99.70130347420321,99.28000835456983,99.79858705870373,27.508609003709424,23.219759528072984,1.3917098565735242,0.36739769777926606,0.002214501934282138,0.0006383313508121623
1289,99.80497484433103,99.57409973688785,99.53635937839732,99.70130347420321,99.28000835456983,99.79858705870373,27.508609003709424,23.219759528072984,1.3917098565735242,0.36739769777926606,0.002214501934282138,0.0006383313508121623
1290,99.80405265155859,99.57409973688785,99.53635937839732,99.70130347420321,99.28000835456983,99.79858705870373,27.508609003709424,23.219759528072984,1.3917098565735242,0.36739769777926606,0.002214501934282138,0.0006383313508121623
1291,99.88282827550303,99.49574844420356,99.43848978034151,99.77521707420061,99.37677697808687,99.88282827550302,23.3694202107739,23.834852812788725,1.476176307933519,0.2487480192135737,0.002104336444009357,0.001402455341499527
1292,99.84502438050494,99.60704523448506,99.54548930736344,99.7695539887625,99.37426934488123,99.84502438050492,26.3694202107739,20.834852812788725,1.4380822032988376,0.32387321729221635,0.0020758864061418136,0.0008150843926045455
1293,99.85427769345894,99.69929063426632,99.59455095886689,99.76597339987859,99.38347143716383,99.85427769345895,26.784417709436433,16.51494279879232,1.5123677890872458,0.297529280627876,0.0019292946639423748,0.00033430765970791064
1294,99.75994215843167,99.47306496904534,99.5051475995471,99.27546407317007,99.20663215674846,99.637615921801,27.94507188721331,15.968933304069374,1.4713783659602662,0.36777635256508845,0.0019328441076972695,-0.0009942257023361051
1295,99.86443493914658,99.7049620890474,99.56484163432917,99.7942095846221,99.42633585573837,99.86443493914658,29.358556346515062,17.347819761115616,1.433668096683445,0.43099871730857964,0.001870556391813824,0.0004473577249767747
1296,99.8543117970632,99.74053959619852,99.61412676909507,99.83913738779671,99.44771577102183,99.91386837421769,30.609189601489543,18.597332948376778,1.3989746489487696,0.4878988455777217,0.0018176062786917648,0.0004940272130318105
1297,99.72524627611901,99.74053959619852,99.61412676909507,99.83913738779671,99.44771577102183,99.91386837421769,30.609189601489543,18.597332948376778,1.3989746489487696,0.4878988455777217,0.0018176062786917648,0.0004940272130318105
1298,99.66843302390342,99.74053959619852,99.61412676909507,99.83913738779671,99.44771577102183,99.91386837421769,30.609189601489543,18.597332948376778,1.3989746489487696,0.4878988455777217,0.0018176062786917648,0.0004940272130318105
1299,99.86996415822017,99.74053959619852,99.61412676909507,99.83913738779671,99.44771577102183,99.91386837421769,30.609189601489543,18.597332948376778,1.3989746489487696,0.4878988455777217,0.0018176062786917648,0.0004940272130318105
1300,99.84314012252949,99.62866716569965,99.61412676909507,99.40204286729329,99.3237118893978,99.81429513366048,32.066812090692984,20.094139447164004,1.307056677032868,0.5391089610199495,0.0018451867433753166,-0.0011386398529593007
1301,99.8031528150295,99.62866716569965,99.61412676909507,99.40204286729329,99.3237118893978,99.81429513366048,32.066812090692984,20.094139447164004,1.307056677032868,0.5391089610199495,0.0018451867433753166,-0.0011386398529593007
1302,99.92213539244686,99.72135046020345,99.62236898626952,99.83866304396533,99.40157587953969,99.92213539244686,33.524037776590255,21.50992922868606,1.2424921428702387,0.5851980649179546,0.0018050182864197048,0.0005878561626747199
1303,99.96748536184037,99.83373282480076,99.75685906957247,99.86439971097272,99.41804549795705,99.96748536184036,31.33226403141757,22.517561559027673,1.3720123617236835,0.4762754764038809,0.0016758404139515985,0.00015356621407802023
1304,99.92932368671866,98.80264989553756,98.78944716568155,99.85062777162577,99.08538573700383,100.30310659938422,28.33226403141757,22.67443138820644,1.342251372785789,0.42864792876349284,0.002208345296505594,0.005275411955920824
1305,99.96750021877575,99.82035558805597,99.71708221051007,99.87196896041935,99.45824124441613,99.96750021877575,26.873013868282158,22.67443138820644,1.4435995851110823,0.3691951832742292,0.002048742808413246,0.0002584644776913462
1306,100.06236646479098,99.79831878638342,99.7621793653966,99.8474649762061,99.05154631376976,100.37795595703932,25.326467946137136,19.73421376105506,1.5163270622757126,0.25252950535957275,0.0018384405084126633,0.0002461669307332232
1307,100.11318793605074,99.91562243094766,99.81284837224258,100.04095262198001,99.6625714500661,100.11318793605075,25.163293558798284,19.148250669691087,1.4750208972936556,0.3272765548236155,0.0018033485332935209,0.0006267870461332541
1308,100.25557480057398,99.97643409849347,99.96753201408927,100.17235217956059,99.81180993137775,100.25557480057398,27.54262674180763,17.456216469440058,1.5388749958979273,0.299857163499353,0.0017202382577597999,0.0009788621990189986
1309,100.31587642019495,100.1407628547837,100.01492879093436,100.24359142725808,99.86494888948879,100.31587642019495,28.962678543087485,16.950362782467217,1.4957649962260933,0.36987144714941766,0.001678602770800742,0.000513156692511276
1310,100.25243333238997,100.1407628547837,100.01492879093436,100.24359142725808,99.86494888948879,100.31587642019495,28.962678543087485,16.950362782467217,1.4957649962260933,0.36987144714941766,0.001678602770800742,0.000513156692511276
1311,100.4249746231613,100.28088998676255,100.15813187864985,100.32704960253625,99.96438603638967,100.42497462316129,26.816631362139667,20.780339799408544,1.607797549807639,0.2500339730861533,0.0015442581926108534,0.00023009864847923386
1312,100.30229866402533,100.35929740757008,100.2665768691338,100.49163025923924,100.09016757933585,100.56828171427661,25.49479695220316,19.47898428717366,1.559173745823028,0.325030575777538,0.001530666037642127,0.0006588610428959479
1313,100.12874303196095,100.10818529179299,100.14235287087459,100.12258876290575,100.03823356984061,100.4896745894853,28.092135515383802,17.619161675033364,1.5992630800026049,0.29832091383183607,0.0014601559750270264,7.193435265263246e-05
1314,100.05282472996932,100.1470990951974,100.01941575387237,99.80991634864603,99.74651688007057,100.17678274047259,26.182866685042562,20.207314678853464,1.6280311862098693,0.28005150506097587,0.0015062760952048399,-0.0016862761519166613
1315,100.02386121865756,99.98263408143286,99.87799953405698,99.62977273706812,99.54318730705178,100.00659057418787,26.75542378039407,16.555192913316173,1.6486751792242023,0.2675552294617075,0.0015429627146412482,-0.0017677325271948966
1316,100.09270413137814,100.15589980257262,100.02101882937556,99.64135276822792,99.23647793854673,100.31568012350004,23.75542378039407,19.555192913316173,1.5967811648862662,0.24079970651553675,0.0017594271424577112,-0.0025753458955215668
1317,100.2815292221432,100.15589980257262,100.02101882937556,99.64135276822792,99.23647793854673,100.31568012350004,23.75542378039407,19.555192913316173,1.5967811648862662,0.24079970651553675,0.0017594271424577112,-0.0025753458955215668
1318,100.20932975797811,100.15589980257262,100.02101882937556,99.64135276822792,99.23647793854673,100.31568012350004,23.75542378039407,19.555192913316173,1.5967811648862662,0.24079970651553675,0.0017594271424577112,-0.0025753458955215668
1319,100.19561096160841,98.63482957318864,98.68395975133842,99.75849568955671,99.67755834229766,100.11067880994192,23.87184912378089,17.735917197859905,1.4379834972557182,0.2407069992566271,0.001989476972935451,0.005663830246707754
1320,100.0633738449044,99.88590227359923,99.76318372336966,99.99671054343946,99.64745615473242,100.0633738449044,25.254515741293442,19.241210939846802,1.4029448174752608,0.3166362993309644,0.0019366323686072799,0.0005543667269432244
1321,99.99615913565842,99.95949955232228,99.87558044910428,100.09260624313325,99.7308546830509,100.17610877543059,23.542352593661295,23.52779377169023,1.4871532010202473,0.2925792287423797,0.001819556444957821,0.0006653601084662614
1322,100.15326655878675,99.95949955232228,99.87558044910428,100.09260624313325,99.7308546830509,100.17610877543059,23.542352593661295,23.52779377169023,1.4871532010202473,0.2925792287423797,0.001819556444957821,0.0006653601084662614
1323,100.17922565697297,99.95949955232228,99.87868798000207,100.09260624313325,99.7308546830509,100.17610877543059,23.542352593661295,23.52779377169023,1.4871532010202473,0.2925792287423797,0.001819556444957821,0.0006653601084662614
1324,100.01154007729292,100.10161757616505,100.03667695393435,100.26206292030065,99.86595481854766,100.33769002400632,23.472273214127647,23.45305471978919,1.3948476116052941,0.3633213058681417,0.0018064755504918954,0.0008007705974358051
1325,99.88502516580677,100.35735587545183,100.29149800689402,100.51769155093562,100.12179434783621,100.59327784041523,24.551005490848993,24.531849023876553,1.3632598026768707,0.4269891752813275,0.0017938693726656104,0.000798186123851744
1326,99.6820128338276,99.84862498326089,99.88560877636536,100.48216386465207,99.76322711439963,100.95482842754885,23.30712573845344,22.101376958549576,1.7537666828327199,0.22196605287824528,0.0021270267619647077,0.003162463868058492
1327,99.74895512178945,99.75076194147286,99.81772476064717,100.47216577427524,99.339730433975,101.38521045622085,20.30712573845344,21.07403725349694,1.6934653482061024,0.19976944759042076,0.002431767401304238,0.0036030031177375016
1328,99.84736285055406,99.75076194147286,99.81772476064717,100.47216577427524,99.339730433975,101.38521045622085,20.30712573845344,21.07403725349694,1.6934653482061024,0.19976944759042076,0.002431767401304238,0.0036030031177375016
1329,100.10444468623008,99.73477527810397,99.80172736540986,100.0268479683122,99.69062925215073,100.10444468623007,20.30712573845344,21.07403725349694,1.5544307338726993,0.21264230215184782,0.0023180380318492113,0.0014621061115824533
1330,100.12055812264713,99.90956368547536,99.82019644827919,100.05422172929987,99.70667607825187,100.12055812264713,23.30712573845344,18.07403725349694,1.5100762751628833,0.29137807193666304,0.0022657663104161813,0.0007234212111180029
1331,100.24784256624407,100.06665424213156,99.94709903854533,100.18142076037489,99.83342763286682,100.24784256624407,23.60506331026522,17.591308389336238,1.4692701731498528,0.36224026474299675,0.002198594943966201,0.0005731217053741438
1332,100.44909091390166,100.27238782033214,100.14774364115993,100.38283282326597,100.03569421405513,100.44909091390166,25.022375396763003,19.009165274136194,1.4317285592978646,0.42601623826869706,0.0021327298671326,0.0005504217761170653
1333,100.57284586350028,100.38166527858931,100.27112732590977,100.50193726352627,100.13048650743401,100.57284586350028,26.29198813179899,20.277618976716354,1.3971902745540354,0.4834146144418273,0.0020766118591024354,0.000598714795109975
1334,100.65665287895204,100.56733766598947,100.48079341924745,100.56883641121823,100.18843544099845,100.65665287895203,24.428231051174407,24.412825171295058,1.4830237410199758,0.4066555962782099,0.0019077489678248898,7.451395730503132e-06
1335,100.51075779770512,100.62552328293506,100.56916445603512,100.7928873076131,100.37971292969497,100.87177979542136,23.472312841403593,23.452370589945566,1.4443818417383778,0.46599003665038896,0.0018929953099937557,0.0008309271440844175
1336,100.45175042144075,100.62552328293506,100.56916445603512,100.7928873076131,100.37971292969497,100.87177979542136,23.472312841403593,23.452370589945566,1.4443818417383778,0.46599003665038896,0.0018929953099937557,0.0008309271440844175
1337,100.4761921338351,100.66792798307154,100.60185940800977,100.82875397127903,100.43163707320006,100.90457312739191,25.001540419394804,24.982384651272255,1.3688312943993077,0.51939103298535,0.0018751944523456565,0.0007981570051060936
1338,100.52529021391157,100.66792798307154,100.60185940800977,100.82875397127903,100.43163707320006,100.90457312739191,25.001540419394804,24.982384651272255,1.3688312943993077,0.51939103298535,0.0018751944523456565,0.0007981570051060936
1339,100.44291418265671,100.56569823857743,100.60185940800977,100.39462670173812,100.31426850164577,100.81756455631243,26.348230392354946,26.368660877254705,1.2993247908473633,0.567451929686815,0.0018648352343789924,-0.0008512702041564646
1340,100.62618222121021,100.55222729130165,100.58905713760086,100.40829399614104,99.9408261781186,101.19428293057481,26.19946524806806,26.2166546893659,1.2753788075795744,0.5107067367181335,0.0018388923415018927,-0.0007162267207434439
1341,100.72222104092099,100.55222729130165,100.58905713760086,100.40829399614104,99.9408261781186,101.19428293057481,26.19946524806806,26.2166546893659,1.2753788075795744,0.5107067367181335,0.0018388923415018927,-0.0007162267207434439
1342,100.77018982384946,100.76416548759381,100.7259427169782,100.42086955027384,99.42236612258826,101.72198304065718,25.949085675965712,25.99003853557641,1.2133485029732085,0.45963606304632015,0.0019333232978027285,-0.0017063691504457603
1343,100.69594894229317,99.0070732022789,99.02217402787667,100.44308685742656,99.03867724178852,102.1160674015611,25.47934873397843,24.08324974777347,1.3510988857335746,0.314391067123683,0.0028722151898091276,0.007199862134569358
1344,100.76148497318223,100.51881857242567,100.45920051826269,100.68151346009593,100.26270316915223,100.76148497318225,22.479348733978426,25.55910013073143,1.3230109748748888,0.38295196041131474,0.0027969168636941245,0.0008086213677021202
1345,100.81724083678395,100.31944509107089,100.25909864695944,100.7143869054928,100.33350969732017,100.81724083678394,19.86894543844446,20.999008011134524,1.7312382869447718,0.2568337471002179,0.002709621447392014,0.0019645539783008253
1346,100.72324171170597,100.63929160664507,100.51829669457229,100.64613421954164,100.31202668206191,100.72324171170598,18.677831964709092,20.999008011134524,1.7227365947115685,0.25167428301654904,0.0024779031143168056,3.3994576946966446e-05
1347,100.78317510579289,100.63929160664507,100.51829669457229,100.64613421954164,100.31202668206191,100.72324171170598,18.677831964709092,20.999008011134524,1.7227365947115685,0.25167428301654904,0.0024779031143168056,3.3994576946966446e-05
1348,100.8070102204867,100.5512701621492,100.51829669457229,100.42725963790552,100.36346218935651,100.76286217715747,21.677831964709092,17.999008011134524,1.624917667134643,0.32650685471489416,0.002403272979887817,-0.0006170336919422331
1349,100.7439892826617,100.48993313769523,100.51829669457229,100.44809190246731,99.8822180831286,101.24834932872487,20.964859564199728,17.999008011134524,1.64644091793582,0.22333068862498762,0.0022059227183847097,-0.00020822955346338362
1350,100.98529407510097,100.80353056339452,100.68233819287569,100.92229552960558,100.59219737721081,100.98529407510097,21.75924989324317,15.745120025767742,1.5947256445009546,0.30099761976248884,0.0021442167008215956,0.0005887444781428325
1351,100.98391805860281,100.82491766755234,100.68233819287569,100.92328050548863,100.60553020965295,100.98391805860284,23.378708076853034,17.367006816906976,1.5471475929408782,0.37089785778623996,0.0020740700031383705,0.00048755249775231515
1352,101.05529820022478,100.87979539495201,100.7521323056241,100.98936992194452,100.64395146621287,101.05529820022478,24.830276010218455,18.81724881686928,1.503375785505608,0.43380807200761595,0.002014761776092999,0.0005427997228823867
1353,101.02260086598456,100.87979539495201,100.7521323056241,100.98936992194452,100.64395146621287,101.05529820022478,24.830276010218455,18.81724881686928,1.503375785505608,0.43380807200761595,0.002014761776092999,0.0005427997228823867
1354,101.1008848418386,100.91064079127115,100.79758218731311,101.03022606670007,100.66007688494963,101.1008848418386,26.609421942315254,20.5952096302907,1.4231057226651596,0.4904272648068544,0.00196493763795673,0.0005921796676897121
1355,100.94447029318651,100.17673981436668,100.21080772368514,101.01821898701331,100.26527161337731,101.4989804302104,23.609421942315254,23.5952096302907,1.389257264851947,0.441384538326169,0.002348933127411169,0.004182406843887841
1356,101.0203133498202,100.78195380277954,100.71725240977074,100.94395401444498,100.54401343562947,101.0203133498202,22.762869133842802,22.7435954316097,1.3581166836637915,0.4972460844935521,0.002304365671648754,0.0008030709263790669
1357,101.04421654771491,101.17108914748592,101.10838972337564,100.9580775588505,100.58492315722224,101.04421654771492,26.83597097501771,20.81739477712845,1.4549845321971369,0.41611632179358965,0.0021866760153401834,-0.0010538389491551818
1358,100.91735207719032,101.4297546245866,101.33642138964983,100.94656847661321,100.14599038264036,101.48708618388588,23.83597097501771,23.81739477712845,1.418585769621366,0.37450468961423067,0.002341983515461242,-0.0023875626385986086
1359,100.89248296370221,100.71513655550609,100.74709900438447,100.98263386965483,100.89248296370221,101.37499341089956,23.83597097501771,23.81739477712845,1.4983771482802921,0.33216120769613383,0.002240492027382007,0.0013262284138534609
1360,100.92559652319571,101.8592261540544,101.92575970438043,101.00578466500907,100.44139676611358,101.83027242712808,20.487683720006615,21.265620227346016,1.5556354416059377,0.22719826606415555,0.0027978440894350413,-0.004206942762576818
1361,101.14361104126279,101.35125628961147,101.44795490598075,101.21127359632216,101.14361104126279,101.56724533629742,22.937773622328987,18.265620227346016,1.5111846062774628,0.30447843945774,0.0027129005573815405,-0.0006910591675969578
1362,101.0197394970294,101.30718865875686,101.32371062891615,101.09777033488454,101.01973949702942,101.437270483273,22.894829759840754,18.265620227346016,1.5648260734647073,0.2842632525890942,0.002551494816502858,-0.0010346501632842676
1363,101.0531106342387,102.02629562089369,101.90635501197116,101.14151366192368,101.05311063423872,101.47034279414825,19.490199414008686,18.21256516021512,1.8665889684482537,0.20553140922591476,0.0026191880985190056,-0.004354931827503992
1364,101.05707476442035,101.5040978422591,101.40254128377997,101.14683112894507,101.05707476442036,101.4391683977982,17.978844407072135,15.009286111103767,2.4016854059026516,0.12509862030671964,0.002361887198743445,-0.001762966077322009
1365,100.9893982115462,101.05579429621653,101.20804853991667,101.05183418223103,100.98939821154622,101.32337165167189,17.978844407072135,15.007627518061796,2.203849447275743,0.16156745628979624,0.002159837853327083,-1.959408467316582e-05
1366,101.03317801032078,101.00287553430668,101.12465800994674,100.8745542064868,100.82128403591688,101.15468471730111,14.978844407072135,18.007627518061796,2.107541491493684,0.24541071066081663,0.002106524367660263,-0.0006356397938325014
1367,100.94653203920603,99.40943148528775,99.52929269324054,100.89194768214985,100.3974125752452,101.58175333256817,14.978844407072135,17.91118286635723,1.9927717742958675,0.16786092609199857,0.0031255057430789237,0.007401427803564055
1368,100.96385720124246,100.78301899032003,100.66096562963872,100.91069585405315,100.63205767428693,100.96385720124245,17.978844407072135,14.91118286635723,1.9133500323521981,0.2510748334827987,0.003013938230089095,0.0006330235120694269
1369,100.90824416035693,100.80798876882372,100.66096562963872,100.9053713038887,100.62674765431726,100.95852987891801,14.978844407072135,17.91118286635723,1.8402820297640223,0.32596735013451883,0.002891035159504457,0.0004827768226650288
1370,100.96050878035422,100.97853961466602,100.85624946856665,101.1064641735005,100.82728543133187,101.15972865453026,17.978844407072135,14.91118286635723,1.7730594673829008,0.39337061512106697,0.002793535881529057,0.0006330235120691099
1371,100.91729384055571,101.03588266013338,100.8649275318058,100.76689026579774,100.70481557138629,101.0368551981967,16.086655867363554,16.101929767523558,1.7527474737939697,0.3450655007428098,0.0026201325108180878,-0.0013329469681488788
1372,100.88488523630734,100.66937883370397,100.80321045438427,100.58679056373636,100.52614940902835,100.85051171303691,15.849752925842443,15.859601659847256,1.7381715871945527,0.31202480250808184,0.002401502337180268,-0.0004103639168671887
1373,100.82188983944995,100.66937883370397,100.80321045438427,100.58679056373636,100.52614940902835,100.85051171303691,15.849752925842443,15.859601659847256,1.7381715871945527,0.31202480250808184,0.002401502337180268,-0.0004103639168671887
1374,100.77897830479323,100.66937883370397,100.80321045438427,100.58679056373636,100.52614940902835,100.85051171303691,15.849752925842443,15.859601659847256,1.7381715871945527,0.31202480250808184,0.002401502337180268,-0.0004103639168671887
1375,100.64281445647818,100.66937883370397,100.80321045438427,100.58679056373636,100.52614940902835,100.85051171303691,15.849752925842443,15.859601659847256,1.7381715871945527,0.31202480250808184,0.002401502337180268,-0.0004103639168671887
1376,100.61862163098905,100.8162799925175,100.80321045438427,100.92516658284039,100.65648867963911,100.97642457960433,18.37438466366598,18.36143106284617,1.6191178602189886,0.38082232225727364,0.0023221802073377595,0.0005397333674923136
1377,100.57420457061859,100.4601643689969,100.56198136700993,100.6434563242465,100.57420457061859,100.9446925658845,22.895343327722856,16.91035310703124,1.6422789764931462,0.33648246842397517,0.002177110242830263,0.0009114304089491169
1378,100.51991117219075,100.36336177188251,100.43488105251093,100.19802157261717,100.1372343315165,100.53336724579906,22.80063921146401,16.820424499719387,1.5908966583736948,0.40283422158157767,0.0021454100919479488,-0.0008243870106407398
1379,100.38527179197494,100.51380311067358,100.43488105251093,100.6192851898235,100.28462521462373,100.6831564538261,24.31021116574822,18.297624624563035,1.5436249257037993,0.4625507994234199,0.0020796181981265964,0.000524439216049438
1380,100.11753481855217,100.36151578271138,100.41879119212855,100.185885062843,100.11753481855217,100.54549014635045,25.451169279903695,19.47218743949624,1.5001349316474955,0.516295719481078,0.0020599319310681736,-0.0008757566496892709
1381,100.12335972090312,100.82861204257476,100.72225446828057,100.1975092441032,99.70591270064581,100.96057834402066,22.451169279903695,22.47218743949624,1.4601241371156959,0.4646661475329702,0.00231306608459089,-0.003139406930960755
1382,100.14777041481454,100.37311980520444,100.44911776811888,100.21986089834353,100.14777041481456,100.59918818652329,22.36322825937208,22.381564961642315,1.4233142061464403,0.5181995327796732,0.0022659656487064514,-0.0007640292612601256
1383,100.28212811025,100.37311980520444,100.44911776811888,100.21986089834353,100.14777041481456,100.59918818652329,22.36322825937208,22.381564961642315,1.4233142061464403,0.5181995327796732,0.0022659656487064514,-0.0007640292612601256
1384,100.40180260127086,100.34607282999063,100.42293542309712,100.19345141192429,100.12166661682775,100.57116684038124,23.954603240558605,23.972868537873133,1.3494490696547252,0.5663795795017059,0.002221334213988898,-0.0007610540547718964
1385,100.40834268453085,100.317712210652,100.37854073345173,100.15427002652235,100.07740511125131,100.558780453065,24.900271979843687,24.919838865826144,1.3214931440823474,0.6097416215515353,0.0021858886127384533,-0.0008152869159355693
1386,100.58412472127743,100.16162880689883,100.21429521312051,100.17937151219532,99.64084396016207,100.99936340280668,21.757632475780998,27.777518013580146,1.4287034801934926,0.4170632691412502,0.00203022697890728,8.856252723226537e-05
1387,100.4488440893901,100.16982213177647,100.21429521312051,100.19043908166633,99.23707719387752,101.41030039844469,24.757632475780998,24.777518013580146,1.3944072017780134,0.3753569422271252,0.0019207612877535467,0.0001028993961426923
1388,100.33955772221726,100.16982213177647,100.21429521312051,100.19043908166633,99.23707719387752,101.41030039844469,24.757632475780998,24.777518013580146,1.3944072017780134,0.3753569422271252,0.0019207612877535467,0.0001028993961426923
1389,100.34264404431504,100.16982213177647,100.21429521312051,100.19043908166633,99.23707719387752,101.41030039844469,24.757632475780998,24.777518013580146,1.3944072017780134,0.3753569422271252,0.0019207612877535467,0.0001028993961426923
1390,100.22267579466696,100.33747707940557,100.28494585340471,100.50691750309203,100.08906524129767,100.5867059713187,24.740318308205186,24.720070941197868,1.3095212923024389,0.4378212480044127,0.0019067524695426674,0.0008436402919716224
1391,100.35274449153799,100.36234942077517,100.27305852003454,100.46941582845668,99.70810196101696,100.97102620915099,24.16270808819056,23.917463892447497,1.7236877338978598,0.2275969975626139,0.00185357117950612,0.0005331149061436291
1392,100.50700583021126,100.4278607683706,100.38217302586057,100.16346532493384,100.07324423011063,100.5561387499075,24.16270808819056,22.462274036368477,1.7173183178451044,0.2316763463328279,0.0018099031453710078,-0.0013180801412807379
1393,100.62129511190615,100.4278607683706,100.38217302586057,100.16346532493384,100.07324423011063,100.5561387499075,24.16270808819056,22.462274036368477,1.7173183178451044,0.2316763463328279,0.0018099031453710078,-0.0013180801412807379
1394,100.63986289647991,100.5472982262842,100.47133780386042,100.17553181067957,99.56226038963574,101.07222347679767,21.16270808819056,24.6502895885856,1.619932852417496,0.20850871169954513,0.0019235657914939918,-0.0018521381725046123
1395,100.55578254863458,100.5472982262842,100.47133780386042,100.17553181067957,99.56226038963574,101.07222347679767,21.16270808819056,24.6502895885856,1.619932852417496,0.20850871169954513,0.0019235657914939918,-0.0018521381725046123
1396,100.60249301291479,99.60121652626945,99.58230885457989,100.19684960282864,99.02204631306601,101.62362228045139,21.03250046901867,23.62176601064801,1.5016638148947952,0.14261995880248887,0.0022697387388057352,0.002981175384221729
1397,100.78931623393069,100.55123406948559,100.4869482852289,100.71725046141135,100.3397496817129,100.78931623393069,24.032500469018675,20.62176601064801,1.4615307097032118,0.22835796292224,0.002232536486090263,0.0008248504097037168
1398,100.69044732055588,100.76928748970123,100.67458840776844,100.90532042930998,100.52711369481534,100.9775209706805,21.032500469018675,23.62176601064801,1.424608252926955,0.305522166630016,0.0021795263421190447,0.0006745169409892284
1399,100.77528763179293,100.52960061137979,100.61924960333403,100.88176534948734,100.08986439874411,101.41864805411376,24.10908185899235,18.096462728733897,1.502698882300383,0.20897716197493094,0.002090048596284594,0.0017484849299714454
1400,100.73737351851325,100.55507450598644,100.61924960333403,100.66929637864435,100.31264545372625,100.73737351851327,23.774001337799948,17.760378112483163,1.4624829717163526,0.2880794457774378,0.0020327618144073186,0.00056763438819942
1401,100.93143034903444,101.30923722407728,101.33277220788007,100.84240823943355,100.51264408445708,100.93143034903444,19.205888271099333,21.73958819886372,1.8093046687928505,0.2075152190929433,0.00205032391556336,-0.0023093009387746832
1402,100.8755969292725,101.35883184604945,101.24448334303686,100.95302726877641,100.87559692927249,101.28991037964158,19.205888271099333,21.73958819886372,1.7787570303257496,0.21794040985957322,0.0020034547285624747,-0.0020058368256243497
1403,100.88541042731822,101.18529850217824,101.18897735939643,100.96284829949127,100.88541042731825,101.29976418341398,19.205888271099333,21.73958819886372,1.7568360449617582,0.22507124034394807,0.0019077166648754744,-0.0011004315706402373
1404,100.91168609369554,101.07773885840142,101.15675703191869,100.98914413460943,100.91168609369554,101.32614776847853,19.205888271099333,21.73958819886372,1.7411055458645577,0.22994872839526048,0.001783403146886786,-0.0004384425714878311
1405,100.87950064628475,101.08519132125515,101.15675703191869,101.0090338235616,100.55239479875907,101.68820381811834,19.205888271099333,21.739588198863718,1.7298173397124066,0.15728493022235818,0.001639799569497624,-0.0003768415333936006
1406,100.88899432457376,101.08313346130882,101.15675703191869,101.01780310545028,100.22316341992114,102.02224782962413,19.053490239221443,19.06124838506302,1.6714319525354142,0.14155643720012237,0.0015802023258868043,-0.0003232560767324979
1407,100.94391250982532,101.08313346130882,101.15675703191869,101.01780310545028,100.22316341992114,102.02224782962413,19.053490239221443,19.06124838506302,1.6714319525354142,0.14155643720012237,0.0015802023258868043,-0.0003232560767324979
1408,100.93230530248343,100.36091696177164,100.45032934728319,100.91813020319977,100.8460813511993,101.23155512148512,20.72050380347597,20.654063118354316,1.5386195691394136,0.1728246030448837,0.0016355055479721466,0.0027683618800690775
1409,101.10982057876511,100.90098771715316,100.80649111702881,101.04283944415182,100.69191578717638,101.10982057876508,22.109155454512933,22.092297095949448,1.4955300036082606,0.25554214274039533,0.001621667021774727,0.0007024316068118978
1410,101.01351063461789,101.33764640977374,101.25733418153263,101.47034556412521,101.11359743198692,101.43828587539164,23.422659120704786,23.406955697612638,1.4558876033196,0.32998792846635583,0.0016028841271339299,0.0006543092955062868
1411,101.11088894340003,100.50938611179559,100.58140542170788,101.41513641549521,100.78996968620025,101.76399530755562,19.856065014393977,20.594279948105523,2.222378184016081,0.1303711027978023,0.0019322501604010483,0.00448558843850786
1412,100.93414836670247,100.95338307849819,100.84480512401183,100.84745058937922,100.52627899600336,100.93414836670249,17.993700769980368,16.265463849152944,2.2346392961829533,0.12553211407840958,0.001738237007478708,-0.0005249358349694123
1413,101.00951466974708,101.24996550297233,101.1106768123088,101.33861624994576,101.0677793447492,101.28565395672523,14.993700769980368,19.265463849152944,2.1358681524883174,0.21297890267056863,0.0016864535959994567,0.0004375900468149724
1414,100.83324750136462,100.77939244661651,100.96140487355865,100.89799213650853,100.83324750136461,101.17958804970846,9.77104503140569,21.75693143823662,2.0130989862256166,0.2216775694266689,0.0015791199249476262,0.0005880663820445932
1415,100.7709697219155,100.77939244661651,100.96140487355865,100.89799213650853,100.83324750136461,101.17958804970846,9.77104503140569,21.75693143823662,2.0130989862256166,0.2216775694266689,0.0015791199249476262,0.0005880663820445932
1416,100.78023950267954,100.82883311023011,100.96140487355865,100.99767710379122,100.7303128033517,101.0486840392868,11.976712595162166,23.956634678533824,1.8920510673275674,0.299509812484002,0.0015847623360122427,0.0008365798595142592
1417,100.83536205025072,100.82883311023011,100.96140487355865,100.99767710379122,100.7303128033517,101.0486840392868,11.976712595162166,23.956634678533824,1.8920510673275674,0.299509812484002,0.0015847623360122427,0.0008365798595142592
1418,100.79334396391233,101.64618074626318,101.58460473047347,100.98900848566073,100.27981119766471,101.50263976445788,11.494159169547736,23.571994289470595,1.7806869819413622,0.2695588312356018,0.0018788535599101011,-0.003243129996785913
1419,100.76798004248685,100.88393764618245,101.0711936233569,100.8245881856606,100.76798004248687,101.12230308125942,13.39656239498217,25.403624005524662,1.7182320233860533,0.3426029481120416,0.0018014304000468731,-0.00029423377260377016
1420,100.90640548550861,100.8761891409256,101.04418227154079,100.83421473207804,100.40558026727318,101.48728976634393,14.160069543370293,26.165063761779454,1.6607734615151692,0.3083426533008375,0.001718315668450295,-0.00020809243371499025
1421,100.73802205934383,100.86075004248504,101.02099349950377,100.84307196655118,100.06111554188496,101.83666415828867,14.950423258094771,26.95252670768827,1.6079115845939558,0.2775083879707537,0.0016257339763377098,-8.764373306256403e-05
1422,100.70725776126845,100.76475408264734,100.9090328481943,100.85871928648089,99.73629838384653,102.16832170295413,14.551516834960939,26.540331803504426,1.6342373531046228,0.18981573737199556,0.0014682769634463597,0.00046604297735471935
1423,100.75428715755804,101.4553080825891,101.58198458155299,100.8719650752203,99.44384697499942,102.46878543731756,20.55151683496094,20.540331803504426,1.6531287245878774,0.12983396436244496,0.0020552606465610457,-0.002883165468818498
1424,100.73324968849325,100.94069813419702,101.03635876478761,100.79956868726411,100.73324968849325,101.14846042805762,17.55151683496094,23.540331803504426,1.6008784266208473,0.21685056792620047,0.0020158922368527818,-0.0006995601282603818
1425,100.56905427209361,100.90554042008856,100.87166927993343,100.6465270541712,100.56905427209361,100.98359730920889,20.107112536077917,20.120294936039237,1.62919035894312,0.22432578846152115,0.001920305352942667,-0.001285094066080121
1426,100.60317010032122,100.6013707732748,100.74039040497014,100.69851532641356,100.60317010032124,101.00909485860879,18.005791034760385,19.06307446194768,2.2980400597598014,0.13252387358411624,0.0016182376095774233,0.00048258623003221996
1427,100.68247083564866,100.46448544393238,100.58534723249804,100.34314248181028,100.28359119080056,100.65636742666476,15.005791034760385,19.50132229026351,2.1941968549790176,0.21927148622570464,0.0015936563216453984,-0.0006042746651386164
1428,100.50134500958774,100.46448544393238,100.58534723249804,100.34314248181028,100.28359119080056,100.65636742666476,15.005791034760385,19.50132229026351,2.1941968549790176,0.21927148622570464,0.0015936563216453984,-0.0006042746651386164
1429,100.39925176128118,100.24825692814778,100.4182978954314,100.29405321107441,100.22922999533357,100.57599440067413,14.520558797645911,20.515078104871026,1.913755663132943,0.22598169657838196,0.0014753861113860078,0.00022836219895360104
1430,100.48782124836471,100.41236177409613,100.4182978954314,100.42187674705528,100.13605511009693,100.4878212483647,15.708385596371265,21.707248542486923,1.8537110638642,0.23057148045961326,0.0013906729937593282,4.737724518090465e-05
1431,100.49083058877092,100.41236177409613,100.4182978954314,100.42187674705528,100.13605511009693,100.4878212483647,15.708385596371265,21.707248542486923,1.8537110638642,0.23057148045961326,0.0013906729937593282,4.737724518090465e-05
1432,100.4967865437037,100.41236177409613,100.4182978954314,100.42187674705528,100.13605511009693,100.4878212483647,15.708385596371265,21.707248542486923,1.8537110638642,0.23057148045961326,0.0013906729937593282,4.737724518090465e-05
1433,100.56561721912489,100.41236177409613,100.4182978954314,100.42187674705528,100.13605511009693,100.4878212483647,15.708385596371265,21.707248542486923,1.8537110638642,0.23057148045961326,0.0013906729937593282,4.737724518090465e-05
1434,100.54470995729463,100.55285706973557,100.46928968272941,100.71123769317,100.39490476456876,100.77160449621805,17.971295552664383,23.952409248244784,1.725414178755064,0.30751433241365195,0.0014016641557242332,0.0007869293508164583
1435,100.63613363027861,100.2585454910479,100.37950641502299,100.70097893360644,100.11385900154255,101.05449672272366,17.476689201938818,23.423850688054962,1.667381044454659,0.27676289917228675,0.001581757302654013,0.0022016047451606188
1436,100.78034105761486,100.3886483154568,100.47800003444203,100.703126683826,100.36855658751062,100.78034105761486,21.791848322401833,21.77156784908686,1.6769126375006635,0.26530582303384415,0.0015867903735743997,0.0015638549531441608
1437,100.79419618305711,100.60441829757994,100.51976094805072,100.7119417247251,100.35558044216795,100.79419618305712,20.387545513005527,20.374727070176547,1.683752508670476,0.25746918295514937,0.0015177050867829494,0.0005341017845407304
1438,100.66765648319385,100.62856130795645,100.53150582334298,100.76819865034132,100.42340437059903,100.83400784688368,21.827694391209207,21.811054122428658,1.6290523079768382,0.33172226465963445,0.00150984413881107,0.0006933445325227182
1439,100.71850263263231,100.85389136524013,100.78404243394513,100.98004004006002,100.62211265426964,101.0626562943132,20.108051076416928,26.090237023712596,1.6494079362041791,0.30289802902718993,0.001455325082603727,0.0006250122263465181
1440,100.77839447395074,100.85389136524013,100.78404243394513,100.98004004006002,100.62211265426964,101.0626562943132,20.108051076416928,26.090237023712596,1.6494079362041791,0.30289802902718993,0.001455325082603727,0.0006250122263465181
1441,100.7388045859331,100.85389136524013,100.78404243394513,100.98004004006002,100.62211265426964,101.0626562943132,20.108051076416928,26.090237023712596,1.6494079362041791,0.30289802902718993,0.001455325082603727,0.0006250122263465181
1442,100.80165971356382,94.2311179540741,94.34067850676517,100.8497399793146,100.11611348463869,100.1161556076068,18.407130997598983,20.090237023712596,1.4757484683534525,0.20718225185459793,0.007159880502933682,0.03392758313324865
1443,100.81994776866796,100.94049474277207,100.80995986939564,100.74724585631661,100.43219034117523,100.81994776866796,15.008366949989345,18.01149790577542,1.5393971008904375,0.21771266026854502,0.006462609301507438,-0.0009581588146183211
1444,100.88606027339483,100.98124558426896,100.85996575371111,101.10997926844098,100.8296892253894,101.16345612207735,18.00764409345923,15.011497905775421,1.4962453328192027,0.2959413942416905,0.006151293688348663,0.0006370077882691146
1445,100.78523514228608,100.93277096581605,100.85996575371111,101.092530543454,99.59682243907876,102.4157156017168,18.007644093459227,14.99205190128496,1.55410565083106,0.20242391366131632,0.00555744264863092,0.0007907899478156629
1446,100.6290133169472,100.81054936633271,100.85996575371111,100.68220324769685,100.62901331694721,100.9619119887916,15.007644093459227,17.99205190128496,1.5097771987645754,0.2821815222951847,0.005300433262363178,-0.0006369763526021707
1447,100.5883973695713,100.73343783799454,100.85474070780108,100.65060725598096,100.58839736957131,100.92116162927505,14.994159259048335,17.99205190128496,1.5638161178334593,0.26901216124990635,0.00476304419584656,-0.00041130657582599025
1448,100.62286712266585,100.73343783799454,100.85474070780108,100.65060725598096,100.58839736957131,100.92116162927505,14.994159259048335,17.99205190128496,1.5638161178334593,0.26901216124990635,0.00476304419584656,-0.00041130657582599025
1449,100.84059117349557,100.73343783799454,100.85474070780108,100.65060725598096,100.58839736957131,100.92116162927505,14.994159259048335,17.99205190128496,1.5638161178334593,0.26901216124990635,0.00476304419584656,-0.00041130657582599025
1450,100.95815070131803,100.77650627259044,100.85474070780108,100.90483680007902,100.62540037412826,100.95815070131803,17.994159259048335,14.99205190128496,1.4653774950734493,0.3421109451249157,0.004553617964289926,0.0006363034157420417
1451,100.93940879323831,100.78807990768698,100.85474070780108,100.89577623718918,99.71314149628084,101.88179996044573,14.994159259048335,17.99205190128496,1.4281472954675736,0.30789985061242414,0.0043444791969906365,0.0005339858705638465
1452,100.8494055865632,100.60423320704841,100.7556525752902,100.50646099085439,100.45338561756431,100.78556712250527,17.994159259048335,14.99205190128496,1.393895511830168,0.37710986555118176,0.004142149793630141,-0.0004861611988560329
1453,100.82206112826485,100.67090817094189,100.7556525752902,100.76881909207839,100.4897593355038,100.82206112826485,14.994159259048335,17.99205190128496,1.3623838708837546,0.43939887899606356,0.003951947490729775,0.0004860556677018061
1454,100.90143214994464,101.36581738824523,101.24406986368702,100.82309912771342,100.56886876275325,100.90143214994464,15.605572309996179,15.010924279515649,2.1815555914399773,0.21749460607555837,0.0033850073552185614,-0.0026842137041125608
1455,101.02490474379343,101.07791582546805,101.23965321112503,101.09774905117246,101.02490474379344,101.3349193839981,15.605572309996179,15.006429219887245,2.539196003506703,0.12982502097696189,0.002742736432554811,9.809897603899055e-05
1456,100.94292729060768,101.07791582546805,101.23965321112503,101.09774905117246,101.02490474379344,101.3349193839981,15.605572309996179,15.006429219887245,2.539196003506703,0.12982502097696189,0.002742736432554811,9.809897603899055e-05
1457,101.02994684891485,101.3067074796853,101.23965321112503,101.40924146398253,101.14861256477911,101.45896115160978,12.605572309996179,17.993930384767562,2.376060323226167,0.2168425188792657,0.0026388684041019697,0.0005058012693698631
1458,101.03062434106204,101.72597691134696,101.60362383402385,101.09630625535844,101.03062434106204,101.34049134050441,15.605572309996179,14.993930384767562,2.320659492598736,0.1704834150141975,0.002594459102342003,-0.003104543771805255
1459,101.1131397912243,101.27117926231396,101.41739196712567,101.16269404284321,101.11313979122431,101.42325258117386,12.605572309996179,17.993930384767562,2.215006733190837,0.2534350735127778,0.002503100099876464,-0.0005359044793220611
1460,101.10208985807844,100.17650679750446,100.35128242475882,101.16781823345531,101.10208985807846,101.41217604655847,15.605572309996179,14.993930384767562,2.2305132887554406,0.18950568861488243,0.002440616490688325,0.004923463503619667
1461,100.98179619899764,100.83038479676401,100.67885081040066,100.93233055966171,100.67303321066494,100.98179619899766,12.605572309996179,17.993930384767562,2.1320722256550058,0.2705551197533942,0.00235481256998422,0.0005052755298104045
1462,101.056683783547,100.87484309025534,100.75351373219635,101.00718029923567,100.74768457737197,101.056683783547,15.605572309996179,14.993930384767562,2.0415064476026052,0.34349960777805477,0.0022921859328258244,0.0006555175481128269
1463,101.01459564241803,100.87484309025534,100.75351373219635,101.00718029923567,100.74768457737197,101.056683783547,15.605572309996179,14.993930384767562,2.0415064476026052,0.34349960777805477,0.0022921859328258244,0.0006555175481128269
1464,101.02056674769806,100.87484309025534,100.75351373219635,101.00718029923567,100.74768457737197,101.056683783547,15.605572309996179,14.993930384767562,2.0415064476026052,0.34349960777805477,0.0022921859328258244,0.0006555175481128269
1465,101.19934086270081,101.04760327551283,100.89574284011273,101.14976865974369,100.88991270754603,101.1993408627008,15.76288936686008,15.750762754144628,1.9048525984610636,0.40914964700024936,0.0022152878455934757,0.0005052755298104905
1466,101.2694472029785,101.10994009926475,100.96563886136957,101.2183579012247,100.95056161929728,101.26944720297848,17.56584089771708,17.552980475953277,1.8324643905841786,0.46823468230022447,0.002146672689831384,0.0005358509068252917
1467,101.30125455342373,101.02336830830893,100.99735078976347,101.20168793301879,100.51807506340147,101.70516659385085,17.279875402475824,17.25871249085359,1.7953764466832067,0.32027252269335355,0.00199778278401407,0.000881787984259764
1468,101.39917779598305,101.54441243239167,101.43201916155343,101.3335814556293,101.0492617556683,101.39917779598306,17.843939952304325,17.868880771884243,1.7687621381398693,0.2950664055222539,0.001893821607089965,-0.0010392008158298638
1469,101.39605309304929,101.24523843579402,101.35190647832638,101.36191227193444,101.2941094865764,101.65683056906639,18.5071691352207,18.49334843808544,1.7496637103291703,0.27782542137722166,0.0017764061806338203,0.0005758623806359
1470,101.47594926301036,100.29496492740033,100.39450505248075,101.40562126306673,101.10083030971732,101.47594926301034,23.10503620226361,17.089934319435507,1.7359586785322128,0.26603258822201964,0.001971002336600047,0.005506460623855685
1471,101.56299383019312,101.46416644623794,101.32472245038679,101.48652295107887,101.15516271112722,101.56299383019314,21.425759760833504,15.423115985058335,1.726123947714716,0.2579662903438614,0.0018083475315832217,0.00011015732396531319
1472,101.50672315676923,101.37197100590488,101.32472245038679,101.21448698075498,101.15477385617942,101.52855968108061,22.930306139778565,16.948962947549234,1.6680340318975388,0.3321696613094753,0.0017931307373320769,-0.0007773669904444882
1473,101.36071304972161,101.71056703365396,101.59300738298724,101.54878048071734,101.21981954818352,101.62469645054126,21.4757780829646,21.463086709020267,1.677381221289674,0.30320404833568104,0.0016918174643300123,-0.0007959611939873701
1474,101.30482073709368,101.52284895454346,101.59300738298724,101.37451814517303,101.30482073709365,101.74121701080188,21.45159488018955,21.4691403982797,1.6231907235865002,0.372883643502113,0.0016780360225497012,-0.0007310632537559702
1475,101.27124780549552,101.50658598030131,101.40243662262802,101.36363510152198,101.2712478054955,101.70731466807685,22.74239975242132,22.759919676614132,1.8992572973316246,0.25159983323813845,0.001562826940357898,-0.0007046420022467401
1476,101.52289412412077,101.50658598030131,101.40243662262802,101.36363510152198,101.2712478054955,101.70731466807685,22.74239975242132,22.759919676614132,1.8992572973316246,0.25159983323813845,0.001562826940357898,-0.0007046420022467401
1477,101.47247499183214,101.50658598030131,101.40243662262802,101.36363510152198,101.2712478054955,101.70731466807685,22.74239975242132,22.759919676614132,1.8992572973316246,0.25159983323813845,0.001562826940357898,-0.0007046420022467401
1478,101.44248204628921,101.50658598030131,101.40243662262802,101.36363510152198,101.2712478054955,101.70731466807685,22.74239975242132,22.759919676614132,1.8992572973316246,0.25159983323813845,0.001562826940357898,-0.0007046420022467401
1479,101.42810424091905,101.52532669490873,101.45165386412471,101.37366235035047,100.64014473307704,102.34510984359748,24.85384922578533,19.759919676614132,1.7673167135450947,0.22643984991432461,0.0015587557735060819,-0.0007474869405309671
1480,101.41585061971473,101.79187477220596,101.68743269811293,101.38288829534378,100.32688646662,102.66466976236988,21.85384922578533,22.759919676614132,1.7059313764614872,0.20379586492289214,0.0017067882011643275,-0.002012978731645884
1481,101.46457029390943,100.60600243135569,100.69110241757224,101.57123455853797,101.46457029390942,101.91876136492908,18.057290255315767,16.759919676614135,2.3315442548375476,0.12441294424035235,0.0021830244344929538,0.004774187942980496
1482,101.19920867136848,101.06983430626985,100.94824698293579,101.16611218754753,101.02253669386955,101.1992086713685,18.005712805242403,14.991613030728384,2.153516157271424,0.161098453860401,0.002036321942677964,0.00047606710353345557
1483,101.15089739262623,101.06983430626985,100.94824698293579,101.16611218754753,101.02253669386955,101.1992086713685,18.005712805242403,14.991613030728384,2.153516157271424,0.161098453860401,0.002036321942677964,0.00047606710353345557
1484,100.97059586031021,101.06983430626985,100.94824698293579,101.16611218754753,101.02253669386955,101.1992086713685,18.005712805242403,14.991613030728384,2.153516157271424,0.161098453860401,0.002036321942677964,0.00047606710353345557
1485,100.7687401100547,100.9505086967684,100.94824698293579,100.82200006671509,100.7687401100547,101.10207701829452,15.005712805242403,17.991613030728384,2.007901531356377,0.2449886084743609,0.0019905704694643893,-0.000636898608442017
1486,100.8863611467626,100.25968137271184,100.41046597216595,100.83105705843876,100.36836306098277,101.50538090825667,18.005712805242403,14.991613030728384,1.927269408847867,0.22048974762692483,0.0022121030473367252,0.002841382403707939
1487,100.98028383547233,100.82889810157286,100.67734298396591,100.92694026425698,100.64734848340427,100.98028383547232,15.66473367740854,15.653071006709752,1.853087856140038,0.2984407728642323,0.002137690222580545,0.00048594461244950917
1488,100.78155748579967,100.82889810157286,100.67734298396591,100.92694026425698,100.64734848340427,100.98028383547232,15.66473367740854,15.653071006709752,1.853087856140038,0.2984407728642323,0.002137690222580545,0.00048594461244950917
1489,100.85577867508748,100.88554530421011,100.74057861132351,100.99305128588465,100.72751078430107,101.04370974054514,17.987606552428666,17.974825883235553,1.744840827648835,0.36859669557780905,0.002073332161231993,0.0005325278830464926
1490,100.91571318856262,100.88554530421011,100.74057861132351,100.99305128588465,100.72751078430107,101.04370974054514,17.987606552428666,17.974825883235553,1.744840827648835,0.36859669557780905,0.002073332161231993,0.0005325278830464926
1491,100.85557014180992,100.88554530421011,100.74057861132351,100.99305128588465,100.72751078430107,101.04370974054514,17.987606552428666,17.974825883235553,1.744840827648835,0.36859669557780905,0.002073332161231993,0.0005325278830464926
1492,101.06936349326473,100.88769307217262,100.76615540278493,100.9844418747453,100.00665408253265,101.77204163012026,19.307862735497473,19.29636054742999,1.631920228103595,0.33173702602002814,0.0020064431762986815,0.00047925783614516073
1493,101.09149298865202,100.89642319895331,100.78821850968605,100.97652186470663,99.60614288561509,102.18126179491303,19.945645736972676,19.93612307420341,1.5813666098553074,0.29856332341802533,0.0019336699020657047,0.0003967776153859605
1494,101.24137947479554,101.03954341465437,100.93765533637115,101.17673266100125,100.83801352081696,101.24137947479554,21.381618089768434,21.365335810338593,1.534857281066883,0.36870699107622285,0.0018990611175812237,0.000678428309576577
1495,101.2815170752661,101.06512571289674,100.97767252404027,101.21219505389138,100.849032120878,101.28151707526611,22.66043529896192,22.642985670054,1.4920686985815326,0.4318362919686006,0.001872365610439933,0.0007270678711637213
1496,101.35847217190397,100.97381066015582,101.0365940867759,101.27245109319091,100.89980368877721,101.35847217190395,26.800860249703184,20.78236598500571,1.551108498102108,0.37137602370652284,0.0018299424479349053,0.0014766178145695138
1497,101.27375213526433,101.67815406365115,101.54426295477884,101.17141077427532,100.79242302921374,101.27375213526435,24.088144363534248,19.854064261105098,1.858910857425697,0.25081611216359884,0.001781984106087245,-0.0024981236207270636
1498,101.29655666281172,101.54115045190419,101.54426295477884,101.35068481753306,101.29655666281171,101.63533251636544,21.088144363534248,22.8540642611051,1.7901979888316413,0.325734500947239,0.0017877156393186575,-0.0009387545542095503
1499,101.17140116364511,101.6597196559749,101.5563711689383,101.25475059317307,101.17140116364514,101.61744089736685,21.088144363534248,22.8540642611051,1.7650460767855858,0.29880239864791147,0.0017787370135480395,-0.0019957623638402495
