step,event_index,event_type,amm,trade_side,amount_x,amount_y,fair_price,edge,submission_spot,internal_price_estimate,bid_fee_bps,ask_fee_bps,probable_arb
0,0,retail,normalizer,sell,0.014803289730622282,1.4850031523508331,100.0,0.0,100.0,100.0,37.0,37.0,False
2,0,arb,normalizer,buy,0.025717527865206848,2.5641392682955484,99.67839436360673,0.0,100.0,100.0,37.0,37.0,False
2,1,retail,submission,buy,0.13608432524148836,13.53972405582499,99.67839436360673,0.024942982301407568,99.72938884301101,99.99996399984447,35.51143059611657,35.47891757951899,False
2,2,retail,normalizer,buy,0.16039635040739855,15.962526935714777,99.67839436360673,0.0,99.72938884301101,99.99996399984447,35.51143059611657,35.47891757951899,False
4,0,retail,submission,buy,0.15573774379888944,15.452527479030323,99.81775621291175,0.09286466463613152,99.42099551995197,99.99993087971286,35.65316636241414,35.58349238744516,False
4,1,retail,normalizer,buy,0.14818977165906183,14.702508298878456,99.81775621291175,0.0,99.42099551995197,99.99993087971286,35.65316636241414,35.58349238744516,False
5,0,arb,submission,sell,0.03102141784218304,3.0961517111552292,99.83778655022516,-0.0009579818579874555,99.48252883845625,99.72385470231649,35.48757025446508,35.45849578089802,True
5,1,arb,normalizer,sell,0.0868314872498388,8.661559911833335,99.83778655022516,0.0,99.48252883845625,99.72385470231649,35.48757025446508,35.45849578089802,True
6,0,arb,submission,sell,0.0247779548844278,2.4743566461284283,99.88589919778433,-0.0006116577847747884,99.53171882425674,99.77237798908854,35.298633230250765,35.26965329432213,True
6,1,arb,normalizer,sell,0.024142505134889802,2.410914984410571,99.88589919778433,0.0,99.53171882425674,99.77237798908854,35.298633230250765,35.26965329432213,True
6,2,retail,submission,buy,0.105177399168124,10.420639123478395,99.88589919778433,0.08509996771396366,99.32390318304087,99.75309221847289,34.79360757983605,32.26965329432213,False
6,3,retail,normalizer,buy,0.15940082480549583,15.801446579554977,99.88589919778433,0.0,99.32390318304087,99.75309221847289,34.79360757983605,32.26965329432213,False
7,0,arb,submission,sell,0.1285177203827459,12.82263035150439,99.90120370558397,-0.01644461222958782,99.57882598485752,99.7938858011859,31.793607579836046,32.01439201566743,True
7,1,arb,normalizer,sell,0.16659863377277873,16.61577760188031,99.90120370558397,0.0,99.57882598485752,99.7938858011859,31.793607579836046,32.01439201566743,True
8,0,arb,submission,sell,0.071841611480707,7.182028479941788,100.04203460294946,-0.005152501742752058,99.72175611156706,99.93978789868318,31.251068795527136,31.224860629519373,True
8,1,arb,normalizer,sell,0.07055136445003996,7.053132388030143,100.04203460294946,0.0,99.72175611156706,99.93978789868318,31.251068795527136,31.224860629519373,True
9,0,arb,submission,sell,0.005686876566954879,0.5689139514395427,100.0454739906732,-3.2310227910614664e-05,99.7330833924759,99.92241635441887,30.51067729974255,30.487918141630747,False
9,1,arb,normalizer,sell,0.001721149482662554,0.17219025592725778,100.0454739906732,0.0,99.7330833924759,99.92241635441887,30.51067729974255,30.487918141630747,False
9,2,retail,submission,buy,0.04849790716349893,4.819761036014825,100.0454739906732,0.032235073713090756,99.63684013523863,99.90643720055135,29.065252700678705,29.032827005090788,False
9,3,retail,normalizer,buy,0.057238618695024224,5.68891513642302,100.0454739906732,0.0,99.63684013523863,99.90643720055135,29.065252700678705,29.032827005090788,False
10,0,arb,submission,sell,0.06922797175751327,6.922524124477778,100.06520297664015,-0.004786921098899555,99.77468540391516,99.9720934182576,29.65798591883643,29.63426692635928,True
10,1,arb,normalizer,sell,0.06693803106550433,6.693692307256925,100.06520297664015,0.0,99.77468540391516,99.9720934182576,29.65798591883643,29.63426692635928,True
10,2,retail,submission,buy,0.05365381505746802,5.334565238326832,100.06520297664015,0.0343146558698173,99.668142820057,99.95627341164193,32.65798591883643,26.63426692635928,False
10,3,retail,normalizer,buy,0.04706207782972519,4.67887030912425,100.06520297664015,0.0,99.668142820057,99.95627341164193,32.65798591883643,26.63426692635928,False
11,0,retail,submission,buy,0.015146992974225124,1.5045156047835917,99.91246127540013,0.008857744192433792,99.63810474145077,99.94172121658957,29.65798591883643,29.63426692635928,False
11,1,retail,normalizer,buy,0.03026311620509562,3.006417327782401,99.91246127540013,0.0,99.63810474145077,99.94172121658957,29.65798591883643,29.63426692635928,False
12,0,arb,submission,sell,0.029246537056891952,2.9235843197124924,99.99262688241636,-0.0008537478200678628,99.6963060628462,99.89767049699702,32.65798591883643,26.63426692635928,True
12,1,arb,normalizer,sell,0.04076637046432552,4.074677927556305,99.99262688241636,0.0,99.6963060628462,99.89767049699702,32.65798591883643,26.63426692635928,True
12,2,retail,submission,sell,0.030247235048349808,3.024504153837285,99.99262688241636,3.6654228958710178e-06,99.7838335125258,99.84048716434049,20.657985918836424,20.859307783634463,False
12,3,retail,normalizer,sell,0.015185716619868117,1.5186899651804855,99.99262688241636,0.0,99.7838335125258,99.84048716434049,20.657985918836424,20.859307783634463,False
12,4,retail,submission,sell,0.03082525421599769,3.084231509986713,99.99262688241636,0.0019333666108241054,99.7838335125258,99.84048716434049,20.657985918836424,20.859307783634463,False
12,5,retail,normalizer,sell,0.03162416215498354,3.164141434062103,99.99262688241636,0.0,99.7838335125258,99.84048716434049,20.657985918836424,20.859307783634463,False
12,6,retail,submission,buy,0.060658818117817426,6.035053592664553,99.99262688241636,0.030380974518721793,99.7838335125258,99.84048716434049,20.657985918836424,20.859307783634463,False
12,7,retail,normalizer,buy,0.027699113889415206,2.7549291575505777,99.99262688241636,0.0,99.7838335125258,99.84048716434049,20.657985918836424,20.859307783634463,False
12,8,retail,submission,sell,0.04335954359596883,4.335051466127516,99.99262688241636,-0.0005831984560611403,99.7838335125258,99.84048716434049,20.657985918836424,20.859307783634463,False
14,0,arb,submission,sell,0.019574480588943288,1.95768229519433,100.03152588873687,-0.00038286659712771787,99.82286705007888,99.96503032164581,18.008538851858624,17.859307783634463,True
14,1,arb,normalizer,sell,0.00028135349521107855,0.028144140362881667,100.03152588873687,0.0,99.82286705007888,99.96503032164581,18.008538851858624,17.859307783634463,True
15,0,arb,submission,sell,0.02755385158890533,2.7561842250279938,100.05654516501023,-0.000758970947301485,99.87785110142335,99.9990891111884,19.93563056711555,14.859307783634463,True
15,1,arb,normalizer,sell,0.012520174144825091,1.2525687371555922,100.05654516501023,0.0,99.87785110142335,99.9990891111884,19.93563056711555,14.859307783634463,True
15,2,retail,submission,sell,0.10653119949083134,10.667298329753002,100.05654516501023,0.008154556415920666,100.09086335800052,99.98932486374629,20.759915062552153,11.859307783634463,False
15,3,retail,normalizer,sell,0.09156801458709651,9.170366074388383,100.05654516501023,0.0,100.09086335800052,99.98932486374629,20.759915062552153,11.859307783634463,False
17,0,retail,submission,sell,0.19607960840734506,19.68770084180259,100.07719565982246,0.06460350631935086,99.90243458690941,99.9720796264679,19.903172981736006,13.894810330019343,False
17,1,retail,normalizer,sell,0.1812321429924708,18.19964965241351,100.07719565982246,0.0,99.90243458690941,99.9720796264679,19.903172981736006,13.894810330019343,False
17,2,retail,submission,buy,0.2908240142176777,29.085950052880435,100.07719565982246,0.01890172055708561,99.90243458690941,99.9720796264679,19.903172981736006,13.894810330019343,False
17,3,retail,normalizer,buy,0.14014933233961346,13.995531001868585,100.07719565982246,0.0,99.90243458690941,99.9720796264679,19.903172981736006,13.894810330019343,False
18,0,arb,submission,sell,0.04703757736567127,4.707920397651813,100.13557486812107,-0.0022144522633986696,99.99643838611306,100.08139218795822,21.82860240734155,15.818411916778786,True
18,1,retail,submission,sell,0.18737556462950522,18.801804204058097,100.13557486812107,0.03884432364381851,99.52557308593488,100.04875234483094,15.021705600667715,17.968542290732028,False
18,2,retail,normalizer,sell,0.10359461763728461,10.403706336913501,100.13557486812107,0.0,99.52557308593488,100.04875234483094,15.021705600667715,17.968542290732028,False
18,3,retail,submission,buy,0.3952227307017484,39.42953971508905,100.13557486812107,0.14631562467912573,99.52557308593488,100.04875234483094,15.021705600667715,17.968542290732028,False
18,4,retail,normalizer,buy,0.28000615255365247,27.902741208268708,100.13557486812107,0.0,99.52557308593488,100.04875234483094,15.021705600667715,17.968542290732028,False
18,5,retail,submission,sell,0.05574603823338009,5.5646289639704305,100.13557486812107,-0.017532621149340955,99.52557308593488,100.04875234483094,15.021705600667715,17.968542290732028,False
18,6,retail,submission,buy,0.08516977048090409,8.468476476404248,100.13557486812107,0.060047452087010456,99.52557308593488,100.04875234483094,15.021705600667715,17.968542290732028,False
18,7,retail,normalizer,buy,0.013405081431837149,1.3319217422176735,100.13557486812107,0.0,99.52557308593488,100.04875234483094,15.021705600667715,17.968542290732028,False
19,0,arb,submission,sell,0.2048223959759241,20.46357571069007,100.11344546636744,-0.04190005913632788,99.9335561984941,100.06057117523667,18.00762112238457,14.968542290732028,True
19,1,arb,normalizer,sell,0.08432174509376011,8.434634847083762,100.11344546636744,0.0,99.9335561984941,100.06057117523667,18.00762112238457,14.968542290732028,True
19,2,retail,submission,sell,0.02110741151182083,2.1129466404300024,100.11344546636744,-0.00018905089484855253,99.97574230649299,100.05158532331421,15.007621122384572,17.968542290732028,False
19,3,retail,normalizer,sell,0.006083383560067546,0.6090655054437053,100.11344546636744,0.0,99.97574230649299,100.05158532331421,15.007621122384572,17.968542290732028,False
21,0,retail,submission,buy,0.045449753231295256,4.534995743324544,99.98132429804349,0.009130773759637556,99.8850739593338,99.78785004541987,18.00762112238457,14.968542290732028,True
22,0,retail,submission,sell,0.48817635548165583,49.07405994925486,99.88417390966177,0.31296795974028413,100.86692377672784,99.79680838175673,15.007621122384572,17.968542290732028,False
22,1,retail,normalizer,sell,0.44312847975615455,44.56582311195608,99.88417390966177,0.0,100.86692377672784,99.79680838175673,15.007621122384572,17.968542290732028,False
23,0,arb,submission,buy,0.39248840050731504,39.374707102628236,99.92738125027716,-0.15436906882229096,100.0775738814432,99.98016259623226,18.00762112238457,14.968542290732028,True
23,1,arb,normalizer,buy,0.24252276456207064,24.29347215011512,99.92738125027716,0.0,100.0775738814432,99.98016259623226,18.00762112238457,14.968542290732028,True
24,0,arb,submission,buy,0.06996424438855908,6.98436351815144,99.75791687241569,-0.004876242396187003,99.93788122249855,99.810608726574,20.818863074696566,11.968542290732026,True
24,1,arb,normalizer,buy,0.08506029786918101,8.49264241092169,99.75791687241569,0.0,99.93788122249855,99.810608726574,20.818863074696566,11.968542290732026,True
25,0,retail,submission,sell,0.00645632557346687,0.6460463696183018,100.03476597428987,0.00018935182272061812,99.9672854161138,99.82781337174079,18.546197641772423,12.562951451476769,False
25,1,retail,submission,sell,0.008256234503846827,0.8263339913044643,100.03476597428987,0.00042350488328979363,99.9672854161138,99.82781337174079,18.546197641772423,12.562951451476769,False
26,0,arb,submission,sell,0.016797960396658596,1.681641219475137,100.12666195291955,-0.0002824826596286023,100.00087331360824,100.07679645138597,20.556133675180092,14.54702643543262,True
26,1,retail,submission,sell,0.05197616011476214,5.207940369097163,100.12666195291955,0.003740955675554325,100.8251179270409,100.05335389107823,17.953896660265627,14.26561055789793,False
26,2,retail,submission,sell,0.33283060142029797,33.477055111105045,100.12666195291955,0.15183799510796803,100.8251179270409,100.05335389107823,17.953896660265627,14.26561055789793,False
26,3,retail,normalizer,sell,0.27763679685521936,27.940995132115972,100.12666195291955,0.0,100.8251179270409,100.05335389107823,17.953896660265627,14.26561055789793,False
26,4,retail,submission,sell,0.024779903646361845,2.5021352922020563,100.12666195291955,0.02100625657686539,100.8251179270409,100.05335389107823,17.953896660265627,14.26561055789793,False
26,5,retail,normalizer,sell,0.03977221165632727,4.015370926699335,100.12666195291955,0.0,100.8251179270409,100.05335389107823,17.953896660265627,14.26561055789793,False
27,0,arb,submission,buy,0.3240030234037007,32.50343605185844,99.99357893239292,-0.10521415680654655,100.17342927211853,100.04518225630184,14.953896660265626,17.26561055789793,True
27,1,arb,normalizer,buy,0.20013553920668245,20.05233916441466,99.99357893239292,0.0,100.17342927211853,100.04518225630184,14.953896660265626,17.26561055789793,True
28,0,retail,submission,sell,0.006990802974002008,0.7015529832773514,100.0667984022594,0.0020057114079770066,100.18744873749507,100.05395746941551,17.953896660265627,14.26561055789793,False
29,0,retail,submission,sell,0.04782199814323462,4.800306392736593,100.06716708468291,0.014894514214138788,100.28343069469688,100.37489539895351,20.294217960968304,11.265610557897931,True
30,0,arb,submission,buy,0.05950850597080835,5.9520663156818046,99.9609806902627,-0.0035376994274489704,100.16425621501526,100.01151261784877,22.139690193736893,10.158003331003055,True
30,1,arb,normalizer,buy,0.016329189883302033,1.6325479643601284,99.9609806902627,0.0,100.16425621501526,100.01151261784877,22.139690193736893,10.158003331003055,True
31,0,arb,normalizer,buy,0.0008037273491034535,0.08034072939881298,99.9593766071862,0.0,100.16425621501526,100.01151261784877,22.139690193736893,10.158003331003055,True
32,0,arb,submission,buy,0.003585823603027157,0.3583633275120519,99.93533851370407,-1.2831893102971392e-05,100.15708319296411,100.02010558560609,23.36589941884944,11.382322182085613,False
32,1,arb,normalizer,buy,0.012046627291656916,1.204028556610865,99.93533851370407,0.0,100.15708319296411,100.02010558560609,23.36589941884944,11.382322182085613,False
32,2,retail,submission,sell,0.048224774109328905,4.837891592856168,99.93533851370407,0.018532467493471927,100.25383012274312,100.02801176801309,24.13143207343878,12.158492142700958,False
33,0,arb,submission,buy,0.12413028237884031,12.399132383319738,99.76435864217486,-0.015354373722676229,100.00568668569622,99.82236091215317,25.607234808542664,13.629252831627635,True
33,1,arb,normalizer,buy,0.08581169780558179,8.568281891601146,99.76435864217486,0.0,100.00568668569622,99.82236091215317,25.607234808542664,13.629252831627635,True
33,2,retail,submission,sell,0.014116108137457672,1.4138173246357069,99.76435864217486,0.0055328497786566455,99.98234813715986,99.84130015189234,21.6160149703826,15.640235496389291,False
33,3,retail,submission,buy,0.025850062322403906,2.578852733862732,99.76435864217486,6.215459214287122e-05,99.98234813715986,99.84130015189234,21.6160149703826,15.640235496389291,False
33,4,retail,normalizer,buy,0.014137665200110162,1.4102362608828116,99.76435864217486,0.0,99.98234813715986,99.84130015189234,21.6160149703826,15.640235496389291,False
34,0,arb,submission,buy,0.025037428187701806,2.497265878093458,99.71639940972189,-0.0006236887363555432,99.93241346426889,99.77591497216044,20.383285497791796,14.402092744540136,True
34,1,arb,normalizer,buy,0.009971831451525554,0.9944540037795377,99.71639940972189,0.0,99.93241346426889,99.77591497216044,20.383285497791796,14.402092744540136,True
34,2,retail,submission,sell,0.15494005651584075,15.529919414378847,99.71639940972189,0.07985485428038785,100.29578780398495,99.79534854005203,16.567547393465116,16.622339204769204,False
34,3,retail,normalizer,sell,0.034807363694241644,3.4930001813028486,99.71639940972189,0.0,100.29578780398495,99.79534854005203,16.567547393465116,16.622339204769204,False
34,4,retail,submission,sell,0.02643697029512282,2.6544308878703196,99.71639940972189,0.01823139873889934,100.29578780398495,99.79534854005203,16.567547393465116,16.622339204769204,False
34,5,retail,normalizer,sell,0.022556040748099804,2.264850633386279,99.71639940972189,0.0,100.29578780398495,99.79534854005203,16.567547393465116,16.622339204769204,False
35,0,arb,submission,buy,0.173578616346277,17.35025042817506,99.78298073759346,-0.030058696836373855,99.94857100629908,99.83602742193524,15.575378373519714,15.588898164564577,True
35,1,arb,normalizer,buy,0.024069722083256015,2.402325353190463,99.78298073759346,0.0,99.94857100629908,99.83602742193524,15.575378373519714,15.588898164564577,True
35,2,retail,submission,sell,0.03661104520145386,3.666276797649923,99.78298073759346,0.01311757953008863,100.0217768072107,99.8450481624214,15.54510682067402,15.566328388963742,False
36,0,arb,submission,buy,0.024418779469111078,2.438018484357599,99.81760794956308,-0.0005943287030292232,99.97301707252083,99.86734652874415,17.481271560036813,17.493962154694163,True
36,1,retail,submission,sell,0.2461746646243057,24.714786816816016,99.81760794956308,0.14222065623189195,100.46699019963056,99.87580455168055,16.442453037307168,16.51327392990983,False
36,2,retail,normalizer,sell,0.1285384138951713,12.919863342181777,99.81760794956308,0.0,100.46699019963056,99.87580455168055,16.442453037307168,16.51327392990983,False
37,0,arb,submission,buy,0.25458963397590706,25.47090734039557,99.79267885731696,-0.06472575663600821,99.95703273897286,99.8453560011168,18.30215729631854,18.31557175910573,True
37,1,arb,normalizer,buy,0.12405334291533135,12.394952758575528,99.79267885731696,0.0,99.95703273897286,99.8453560011168,18.30215729631854,18.31557175910573,True
38,0,arb,submission,buy,0.009368650723024115,0.9346612124936655,99.7554356748064,-8.737793330482191e-05,99.93834440472929,99.85431388051184,19.058440993329093,19.06853512090379,False
38,1,arb,normalizer,buy,0.01871297211755849,1.8670691191564401,99.7554356748064,0.0,99.93834440472929,99.85431388051184,19.058440993329093,19.06853512090379,False
38,2,retail,submission,buy,0.011663585036199664,1.1632824713087757,99.7554356748064,0.00022353550747444828,99.91508728192241,99.86255583936273,18.506680727447065,18.512991516791335,False
38,3,retail,normalizer,buy,0.015468894549730267,1.5428683003956394,99.7554356748064,0.0,99.91508728192241,99.86255583936273,18.506680727447065,18.512991516791335,False
40,0,arb,submission,buy,0.030138021021808223,3.004766672172991,99.67022798737001,-0.0009032458412154831,99.85502649681075,99.7293363589893,20.625343018105657,20.640457244814364,True
40,1,arb,normalizer,buy,0.027383458845984848,2.7300608172936336,99.67022798737001,0.0,99.85502649681075,99.7293363589893,20.625343018105657,20.640457244814364,True
40,2,retail,submission,buy,0.054691668774649274,5.447003287030384,99.67022798737001,0.00412780874863472,99.61536784775919,99.7571464346503,21.190889985412056,21.096483458624967,False
40,3,retail,normalizer,buy,0.06536554770160904,6.510756651134216,99.67022798737001,0.0,99.61536784775919,99.7571464346503,21.190889985412056,21.096483458624967,False
40,4,retail,submission,buy,0.09954485004774961,9.898359191531199,99.67022798737001,0.023298707696564946,99.61536784775919,99.7571464346503,21.190889985412056,21.096483458624967,False
40,5,retail,normalizer,buy,0.10243332038415966,10.185866263855132,99.67022798737001,0.0,99.61536784775919,99.7571464346503,21.190889985412056,21.096483458624967,False
40,6,retail,submission,sell,0.03360579040500511,3.3526297162261383,99.67022798737001,0.003132924863507469,99.61536784775919,99.7571464346503,21.190889985412056,21.096483458624967,False
41,0,retail,submission,buy,0.08782314662735498,8.722366823052653,99.77042467088437,0.03978581189189967,99.44133240447628,99.325457728064,23.071979563705682,18.096483458624967,True
41,1,retail,normalizer,buy,0.05416990671330159,5.378210530259821,99.77042467088437,0.0,99.44133240447628,99.325457728064,23.071979563705682,18.096483458624967,True
42,0,arb,submission,sell,0.08840777333280414,8.815096366928216,99.79749882275844,-0.00777828817500037,99.61690044409261,99.73171561740925,24.88944966231578,15.096483458624965,True
42,1,retail,submission,buy,0.3501975342724189,34.67785810612986,99.79749882275844,0.27097990815477146,98.92587561783625,99.7205367856485,21.889449662315776,18.096483458624967,False
42,2,retail,normalizer,buy,0.2802731256686665,27.734356387425578,99.79749882275844,0.0,98.92587561783625,99.7205367856485,21.889449662315776,18.096483458624967,False
43,0,arb,submission,sell,0.268425893970317,26.673620939069117,99.6365310168946,-0.07140397124203446,99.45622393335236,99.57274210703666,22.204360855471705,16.190310457562013,True
43,1,arb,normalizer,sell,0.1828256003076234,18.18297574180091,99.6365310168946,0.0,99.45622393335236,99.57274210703666,22.204360855471705,16.190310457562013,True
44,0,arb,submission,sell,0.09531214120055154,9.503791572056183,99.80715628048948,-0.00904220017534385,99.64556539588274,99.74580176184159,23.85018720815764,17.838122128223116,True
44,1,arb,normalizer,sell,0.08579866106531142,8.5559975329927,99.80715628048948,0.0,99.64556539588274,99.74580176184159,23.85018720815764,17.838122128223116,True
45,0,arb,submission,sell,0.01907007100091107,1.904006201292185,99.86164820811699,-0.00036252030460981466,99.68351378045078,99.79499048567844,25.320819511937827,19.30740733534614,True
45,1,arb,normalizer,sell,0.027354846595301296,2.730954656624511,99.86164820811699,0.0,99.68351378045078,99.79499048567844,25.320819511937827,19.30740733534614,True
46,0,arb,submission,sell,0.014468179032078865,1.445237668505917,99.90521017802705,-0.00020879858724609512,99.71231911924399,99.83381705935108,26.63290194608629,20.61828903190809,True
46,1,arb,normalizer,sell,0.021851929093529066,2.1826455604505894,99.90521017802705,0.0,99.71231911924399,99.83381705935108,26.63290194608629,20.61828903190809,True
46,2,retail,submission,sell,0.08440281461868437,8.44050235711953,99.90521017802705,0.008221423022813923,99.88060956656345,99.82168530393302,28.142601599974736,17.61828903190809,False
46,3,retail,normalizer,sell,0.09102281266993373,9.10192169772914,99.90521017802705,0.0,99.88060956656345,99.82168530393302,28.142601599974736,17.61828903190809,False
47,0,retail,submission,buy,0.06715160040283658,6.683794165854124,99.81547889023129,0.018974986600457378,99.74705817829113,99.53928530374422,29.217959502866282,17.242981533488134,True
47,1,retail,normalizer,buy,0.010602242361195613,1.0546776392438915,99.81547889023129,0.0,99.74705817829113,99.53928530374422,29.217959502866282,17.242981533488134,True
48,0,arb,submission,sell,0.017266632955895034,1.7255682936051573,99.95381959097979,-0.00029762181204096017,99.7814694044389,99.87945189509526,30.54788074185557,18.536102874857622,True
48,1,retail,submission,sell,0.24508067470051742,24.560049283472665,99.95381959097979,0.06329973922154153,100.27182484645948,99.86681489060531,27.54788074185557,21.536102874857626,False
48,2,retail,normalizer,sell,0.1956243837299354,19.613642057460225,99.95381959097979,0.0,100.27182484645948,99.86681489060531,27.54788074185557,21.536102874857626,False
51,0,retail,submission,sell,0.057671779791533595,5.79868424249722,100.19671398514092,0.020161417710898633,100.27881685232704,99.84449679223299,27.54788074185557,21.53610287485763,False
51,1,retail,normalizer,sell,0.07271348112894316,7.309972922147001,100.19671398514092,0.0,100.27881685232704,99.84449679223299,27.54788074185557,21.53610287485763,False
51,2,retail,submission,buy,0.05432351788757273,5.437076112790237,100.19671398514092,0.005961871657574669,100.27881685232704,99.84449679223299,27.54788074185557,21.53610287485763,False
52,0,retail,submission,sell,0.009451155183370474,0.9498860507082514,100.2171072035316,0.002718618499199188,100.20577475936417,99.82561065112236,25.54293839374428,19.35232288215977,False
52,1,retail,submission,buy,0.04595267619543334,4.59552865079786,100.2171072035316,0.009715625769057823,100.20577475936417,99.82561065112236,25.54293839374428,19.35232288215977,False
52,2,retail,normalizer,buy,0.020982706817384615,2.0978664242793457,100.2171072035316,0.0,100.20577475936417,99.82561065112236,25.54293839374428,19.35232288215977,False
53,0,retail,submission,sell,0.060784860264874396,6.1065200172399825,100.09681750002837,0.0221489525421239,100.3278313035558,99.81728614516457,22.542938393744283,22.35232288215977,False
54,0,retail,submission,buy,0.08613517435321062,8.61485836486463,100.14701855631931,0.011322539438152646,100.1553261611067,100.00143497034226,25.542938393744286,19.35232288215977,True
54,1,retail,normalizer,buy,0.015157409047152126,1.5149022085679462,100.14701855631931,0.0,100.1553261611067,100.00143497034226,25.542938393744286,19.35232288215977,True
55,0,retail,submission,buy,0.10421934131644692,10.400639906110882,100.22188389555184,0.04441881897694877,99.94726004983131,99.76368434432509,24.659616544264857,18.68167751315925,True
55,1,retail,normalizer,buy,0.11930783083202923,11.908196358543137,100.22188389555184,0.0,99.94726004983131,99.76368434432509,24.659616544264857,18.68167751315925,True
56,0,arb,submission,sell,0.039128537185447954,3.9196430622612217,100.2127152930151,-0.0015338945362279865,100.02550113003288,100.14316900988808,26.016521219996484,20.00241297261416,True
56,1,retail,submission,buy,0.013038126397718973,1.300583042733706,100.2127152930151,0.006003005915250048,99.98279749948405,100.12047955237969,24.14040520290695,20.00241297261416,False
56,2,retail,submission,buy,0.008368995083875232,0.8345542005517927,100.2127152930151,0.004125521077238847,99.98279749948405,100.12047955237969,24.14040520290695,20.00241297261416,False
57,0,arb,submission,sell,0.0008395983263227436,0.08411434317447,100.1848701987326,-7.061672471914138e-07,99.98447628400034,100.11047891588363,21.14040520290695,20.053219303962962,False
58,0,arb,submission,sell,0.018996199260470803,1.90350301088089,100.22345094528544,-0.0003616338477729908,100.02247066116486,100.15734750980998,19.691181763259344,19.675011080335064,True
58,1,retail,submission,buy,0.12018296526102547,11.982951629692252,100.22345094528544,0.062199893605077605,99.78292829472866,100.14611426251291,18.39765552552205,18.3540577414516,False
58,2,retail,normalizer,buy,0.05312732187879125,5.293563354956859,100.22345094528544,0.0,99.78292829472866,100.14611426251291,18.39765552552205,18.3540577414516,False
59,0,arb,submission,sell,0.16569047200985665,16.590940952793833,100.29814045087936,-0.02750528022326293,100.11405266475978,100.23912550859419,20.00967331387959,19.99469102969826,True
59,1,arb,normalizer,sell,0.05562056837560192,5.575538475407,100.29814045087936,0.0,100.11405266475978,100.23912550859419,20.00967331387959,19.99469102969826,True
59,2,retail,submission,sell,0.055004549952343496,5.520799425471595,100.29814045087936,0.003945348914037972,100.22434105975744,100.22909642228056,19.18072388204085,19.180154529367286,False
59,3,retail,normalizer,sell,0.06325084386855906,6.3479571031136315,100.29814045087936,0.0,100.22434105975744,100.22909642228056,19.18072388204085,19.180154529367286,False
62,0,retail,submission,sell,0.09049272876242753,9.095242883858244,100.16206413652532,0.03130438166678928,100.40618296571726,100.53734821100609,21.38452288325409,21.368856960253243,True
62,1,retail,normalizer,sell,0.08646358478961247,8.690636324164743,100.16206413652532,0.0,100.40618296571726,100.53734821100609,21.38452288325409,21.368856960253243,True
63,0,arb,submission,buy,0.008408105867908263,0.8423496619579964,100.17462476823738,-7.081162867128565e-05,100.38930250189597,100.52684845938741,21.732627917747234,21.716197665803822,False
64,0,retail,submission,buy,0.10360584055478024,10.36757522804146,100.30290861472479,0.02439192907641008,100.18165526370917,100.0335270561983,23.00963306340191,23.027389344114834,True
64,1,retail,normalizer,buy,0.01628430111954969,1.6281074858015927,100.30290861472479,0.0,100.18165526370917,100.0335270561983,23.00963306340191,23.027389344114834,True
65,0,retail,submission,sell,0.0563506534470406,5.661524600002278,100.14014292516185,0.018562109889368017,100.29475948205314,100.4521402906494,24.178011526379716,24.159196095553202,True
68,0,retail,submission,sell,0.031012410498121312,3.1188835490130082,100.12568855280581,0.013744594206348548,100.00375444329944,100.4856625126934,25.005631170204712,23.29736569653582,False
68,1,retail,normalizer,sell,0.01672971639681009,1.6827297022131815,100.12568855280581,0.0,100.00375444329944,100.4856625126934,25.005631170204712,23.29736569653582,False
68,2,retail,submission,sell,0.25485975971488983,25.70883428518884,100.12568855280581,0.19082535933285527,100.00375444329944,100.4856625126934,25.005631170204712,23.29736569653582,False
68,3,retail,normalizer,sell,0.26322901130217247,26.550866408128844,100.12568855280581,0.0,100.00375444329944,100.4856625126934,25.005631170204712,23.29736569653582,False
68,4,retail,submission,buy,0.06717650652218216,6.7547053817907,100.12568855280581,-0.028611411685161237,100.00375444329944,100.4856625126934,25.005631170204712,23.29736569653582,False
68,5,retail,normalizer,buy,0.021260142999165746,2.1367584104536945,100.12568855280581,0.0,100.00375444329944,100.4856625126934,25.005631170204712,23.29736569653582,False
68,6,retail,submission,buy,0.3650635850530688,36.53850462437913,100.12568855280581,0.013738194615172006,100.00375444329944,100.4856625126934,25.005631170204712,23.29736569653582,False
68,7,retail,normalizer,buy,0.3801273835811927,38.0519334671244,100.12568855280581,0.0,100.00375444329944,100.4856625126934,25.005631170204712,23.29736569653582,False
69,0,retail,submission,buy,0.057938529918501236,5.776243714941302,100.02448641706145,0.019027983916333646,99.88826076535447,100.47536289439464,22.00563117020471,22.631982130556917,False
69,1,retail,normalizer,buy,0.04287084628395475,4.273412113932864,100.02448641706145,0.0,99.88826076535447,100.47536289439464,22.00563117020471,22.631982130556917,False
70,0,retail,submission,buy,0.023728864774478674,2.3644596685371653,100.04979316535132,0.009608344198016816,99.95417645724915,100.45717222792548,18.963217936997292,20.914101590290755,False
70,1,retail,normalizer,buy,0.008654272284771943,0.8622241969897004,100.04979316535132,0.0,99.95417645724915,100.45717222792548,18.963217936997292,20.914101590290755,False
70,2,retail,submission,sell,0.056673481462894415,5.672679903172303,100.04979316535132,0.002509804849344377,99.95417645724915,100.45717222792548,18.963217936997292,20.914101590290755,False
72,0,retail,submission,buy,0.07027680181864432,7.006225925146282,99.97857251437262,0.01994840155724198,99.81413313463601,100.4491542217392,20.811187177524165,17.914101590290755,False
73,0,retail,submission,buy,0.1686280840799571,16.768246863162858,99.99031442271404,0.09292828449191148,99.47936118257958,100.44177822126045,17.811187177524165,19.06954244039484,False
73,1,retail,normalizer,buy,0.17620490370613223,17.522989488237727,99.99031442271404,0.0,99.47936118257958,100.44177822126045,17.811187177524165,19.06954244039484,False
74,0,arb,submission,sell,0.16534126356243917,16.506690099340595,99.998971447244,-0.027266194691005552,99.80827798424308,99.93992578827007,20.811187177524165,16.06954244039484,True
74,1,arb,normalizer,sell,0.06431610226965745,6.42741643741327,99.998971447244,0.0,99.80827798424308,99.93992578827007,20.811187177524165,16.06954244039484,True
74,2,retail,submission,sell,0.018067358180331894,1.8065004211089333,99.998971447244,-0.00021681369320614152,99.3762889037924,99.92066083319467,18.032777537044336,16.06954244039484,False
74,3,retail,normalizer,sell,0.0030297765978986035,0.30298370940780206,99.998971447244,0.0,99.3762889037924,99.92066083319467,18.032777537044336,16.06954244039484,False
74,4,retail,submission,buy,0.23581027606271013,23.447231584925248,99.998971447244,0.13355347803642914,99.3762889037924,99.92066083319467,18.032777537044336,16.06954244039484,False
74,5,retail,normalizer,buy,0.10454919965776469,10.382000687415712,99.998971447244,0.0,99.3762889037924,99.92066083319467,18.032777537044336,16.06954244039484,False
75,0,arb,submission,sell,0.22401044514553803,22.34706061735471,99.98228289548332,-0.05001508072962224,99.8216159416557,99.92769703867673,15.032777537044336,19.06954244039484,True
75,1,arb,normalizer,sell,0.09284777985448045,9.274535479562473,99.98228289548332,0.0,99.8216159416557,99.92769703867673,15.032777537044336,19.06954244039484,True
76,0,retail,submission,sell,0.03372939951107412,3.374493180129606,99.90901844802292,0.004621982136966629,100.08525784508558,100.01585054968972,20.650602333691143,13.06954244039484,False
76,1,retail,normalizer,sell,0.048797077652309895,4.881221329452467,99.90901844802292,0.0,100.08525784508558,100.01585054968972,20.650602333691143,13.06954244039484,False
76,2,retail,submission,sell,0.09818381911431118,9.832910968780634,99.90901844802292,0.02346197359157287,100.08525784508558,100.01585054968972,20.650602333691143,13.06954244039484,False
76,3,retail,normalizer,sell,0.08320826585004681,8.334391853115036,99.90901844802292,0.0,100.08525784508558,100.01585054968972,20.650602333691143,13.06954244039484,False
77,0,arb,submission,buy,0.04945514097717226,4.937071412794467,99.78002056570897,-0.0024364290121825505,99.98649870806481,99.833916398664,19.42767989893917,13.446006231729859,True
77,1,retail,submission,buy,0.009347721737871269,0.9327431522287952,99.78002056570897,-2.7284981475195202e-05,99.83219919267597,99.8515142995305,15.759364209100006,15.774350102926704,False
77,2,retail,submission,buy,0.06805291273613637,6.785732425023525,99.78002056570897,0.00458860734455957,99.83219919267597,99.8515142995305,15.759364209100006,15.774350102926704,False
77,3,retail,normalizer,buy,0.00042938804675642095,0.04278652082939516,99.78002056570897,0.0,99.83219919267597,99.8515142995305,15.759364209100006,15.774350102926704,False
79,0,retail,submission,sell,0.05996038253672964,5.99902828208958,99.67504948404012,0.022474185659078216,100.24366005094244,100.04281655253388,19.79955135061756,13.789829706188431,False
79,1,retail,submission,sell,0.008890062240908492,0.890052592363078,99.67504948404012,0.003935198584327559,100.24366005094244,100.04281655253388,19.79955135061756,13.789829706188431,False
79,2,retail,submission,sell,0.13676353416720133,13.71395572668774,99.67504948404012,0.08204369095973618,100.24366005094244,100.04281655253388,19.79955135061756,13.789829706188431,False
79,3,retail,normalizer,sell,0.08309485800228344,8.336810392875659,99.67504948404012,0.0,100.24366005094244,100.04281655253388,19.79955135061756,13.789829706188431,False
80,0,arb,submission,buy,0.22865804030875247,22.823986316234368,99.58957139687402,-0.05203008543656651,99.78714546795645,99.64315467832223,20.015963764492113,14.03329201876785,True
80,1,arb,normalizer,buy,0.11122085941474506,11.08872688646261,99.58957139687402,0.0,99.78714546795645,99.64315467832223,20.015963764492113,14.03329201876785,True
80,2,retail,submission,buy,0.0398447216291189,3.9664571231896844,99.58957139687402,0.0016616262820230432,99.70791653108724,99.65226670288595,19.703292844440256,13.709992255802975,False
80,3,retail,normalizer,buy,0.04095275865592581,4.0768040491257125,99.58957139687402,0.0,99.70791653108724,99.65226670288595,19.703292844440256,13.709992255802975,False
81,0,retail,submission,sell,0.3698713761601624,37.066633438634135,99.61749865442795,0.22097212168774405,100.44852104250997,99.66065050142102,18.44038861396526,12.534881499225063,False
81,1,retail,normalizer,sell,0.23828606937976815,23.911285532909545,99.61749865442795,0.0,100.44852104250997,99.66065050142102,18.44038861396526,12.534881499225063,False
82,0,arb,submission,buy,0.35836028702678463,35.802030861521416,99.54824823535807,-0.12789205088488842,99.73215821082975,99.59763666261269,20.28210717502772,14.298304036913118,True
82,1,arb,normalizer,buy,0.21887749416061567,21.836486612273802,99.54824823535807,0.0,99.73215821082975,99.59763666261269,20.28210717502772,14.298304036913118,True
82,2,retail,submission,buy,0.09468591600196592,9.415193035307311,99.54824823535807,0.010624035248655517,99.26171840275005,99.6137623487747,16.721047213496732,16.713594774607074,False
82,3,retail,normalizer,buy,0.10399374779459349,10.34168114601016,99.54824823535807,0.0,99.26171840275005,99.6137623487747,16.721047213496732,16.713594774607074,False
82,4,retail,submission,buy,0.14279464401044897,14.166203072176359,99.54824823535807,0.048753596455402004,99.26171840275005,99.6137623487747,16.721047213496732,16.713594774607074,False
82,5,retail,normalizer,buy,0.1400438230042965,13.89291233318545,99.54824823535807,0.0,99.26171840275005,99.6137623487747,16.721047213496732,16.713594774607074,False
83,0,arb,submission,sell,0.03163863490345875,3.1467548775362473,99.49061039623103,-0.0009922211123640778,99.32432582162696,99.43809336408444,15.597329917156733,15.583592808149074,True
83,1,retail,submission,buy,0.01290551176505359,1.2796676088855747,99.49061039623103,0.004309634095347903,99.29882071738344,99.42916822593509,15.429460332521527,15.413718512650686,False
84,0,retail,submission,sell,0.13905814402937722,13.848816582285556,99.43383804117872,0.0217316105615577,99.57459006530594,99.67906763647085,17.351505610170012,17.338921340767488,True
84,1,retail,normalizer,sell,0.032830446806997315,3.273053439988489,99.43383804117872,0.0,99.57459006530594,99.67906763647085,17.351505610170012,17.338921340767488,True
85,0,retail,submission,sell,0.024121667432666527,2.406656313834423,99.4773369390157,0.007097075104173012,99.62254319289993,99.74015404318618,19.070716479964833,19.05655806193577,True
85,1,retail,normalizer,sell,0.03380595638820694,3.372547709906667,99.4773369390157,0.0,99.62254319289993,99.74015404318618,19.070716479964833,19.05655806193577,True
87,0,arb,submission,buy,0.0034282815669395513,0.3408711567226419,99.42576441344465,-1.1641305155185577e-05,99.61573876453672,99.7307350388797,20.127986613283863,20.114141820689472,False
87,1,retail,submission,sell,0.01623070825901607,1.620355160607517,99.42576441344465,0.006604584983235018,99.64802110010349,99.72207034051532,20.50369783361428,20.49478384979132,False
87,2,retail,normalizer,sell,0.02675163412702375,2.670407364882641,99.42576441344465,0.0,99.64802110010349,99.72207034051532,20.50369783361428,20.49478384979132,False
89,0,retail,submission,sell,0.169679097151743,16.97165701123775,99.51823155850371,0.08549333025273853,99.98644876941839,100.1260204364909,22.410089785038554,22.393350598205103,True
89,1,retail,normalizer,sell,0.17167133858619366,17.170597691985645,99.51823155850371,0.0,99.98644876941839,100.1260204364909,22.410089785038554,22.393350598205103,True
90,0,arb,submission,buy,0.10868409669153754,10.830839738118812,99.54637857434544,-0.011731503852249858,99.76996395936338,99.61784458848737,23.609423248629255,23.627733620399795,True
90,1,arb,normalizer,buy,0.022762005350991554,2.266389133370467,99.54637857434544,0.0,99.76996395936338,99.61784458848737,23.609423248629255,23.627733620399795,True
91,0,arb,submission,buy,0.028766762627572776,2.8624622788884153,99.47737264894643,-0.0008203130815731541,99.71278879233638,99.55267451504542,24.690631386763307,24.70991592604674,True
91,1,arb,normalizer,buy,0.034809394924512085,3.4639479696324997,99.47737264894643,0.0,99.71278879233638,99.55267451504542,24.690631386763307,24.70991592604674,True
91,2,retail,submission,sell,0.03412105235577201,3.4118956816247135,99.47737264894643,0.017623041255370175,99.78077185261539,99.56548149990621,27.690631386763307,21.709915926046737,False
92,0,retail,submission,buy,0.0058826264142835235,0.5853133400341903,99.70900155017213,0.0012374662266890768,99.69779646196979,99.58810778355085,21.690631386763304,27.20596544927403,False
92,1,retail,submission,buy,0.03587271262989948,3.568875129967637,99.70900155017213,0.007957229255890041,99.69779646196979,99.58810778355085,21.690631386763304,27.20596544927403,False
92,2,retail,normalizer,buy,0.01299173192844541,1.2922161677633994,99.70900155017213,0.0,99.69779646196979,99.58810778355085,21.690631386763304,27.20596544927403,False
93,0,retail,submission,buy,0.0663037618348406,6.591646274560844,99.6566020307155,0.015961331753208796,99.74512624963951,99.4535184936316,23.496512411474953,24.196972475409567,False
93,1,retail,normalizer,buy,0.05123359557355868,5.092666826980349,99.6566020307155,0.0,99.74512624963951,99.4535184936316,23.496512411474953,24.196972475409567,False
93,2,retail,submission,buy,0.010377142106262822,1.0305551583442139,99.6566020307155,0.003595562755801085,99.74512624963951,99.4535184936316,23.496512411474953,24.196972475409567,False
93,3,retail,normalizer,buy,0.02548766893337974,2.531563878274028,99.6566020307155,0.0,99.74512624963951,99.4535184936316,23.496512411474953,24.196972475409567,False
93,4,retail,submission,sell,0.100275578933676,10.01924283502085,99.6566020307155,0.026119371827899585,99.74512624963951,99.4535184936316,23.496512411474953,24.196972475409567,False
93,5,retail,normalizer,sell,0.05952454367965743,5.949938113124697,99.6566020307155,0.0,99.74512624963951,99.4535184936316,23.496512411474953,24.196972475409567,False
95,0,arb,submission,buy,0.013877544113502102,1.3807740380107134,99.48324643001028,-0.00019089712384512403,99.71754789017461,99.55928139564698,20.496512411474953,25.632714033404078,True
96,0,arb,submission,buy,0.08432706163502142,8.38460649141416,99.34611993915667,-0.007040112104666818,99.55016305441758,99.41955696594776,23.496512411474953,22.632714033404078,True
96,1,arb,normalizer,buy,0.03629993140280379,3.6075606331723975,99.34611993915667,0.0,99.55016305441758,99.41955696594776,23.496512411474953,22.632714033404078,True
100,0,retail,submission,sell,0.020594150056894023,2.055223872598799,99.35069861072829,0.009180677152207828,99.59108635983917,99.74326974677753,23.203745732434452,23.185422743071967,True
101,0,arb,submission,buy,0.024116266519606955,2.395616973637516,99.31230012895084,-0.0005750750525415071,99.54327781974108,99.38612541395342,24.31737755040836,24.336337330499155,True
101,1,arb,normalizer,buy,0.017107168252637767,1.699241483831429,99.31230012895084,0.0,99.54327781974108,99.38612541395342,24.31737755040836,24.336337330499155,True
102,0,arb,submission,buy,0.013116571237227445,1.302321441251479,99.27529267715619,-0.00016999275495566124,99.51729263493601,99.35269878115024,25.323304774508554,25.343168266545387,True
102,1,arb,normalizer,buy,0.018729597434390167,1.8597328020696295,99.27529267715619,0.0,99.51729263493601,99.35269878115024,25.323304774508554,25.343168266545387,True
102,2,retail,submission,buy,0.15657909880609364,15.518689470187383,99.27529267715619,0.025746390912919637,99.20790968000237,99.36586381978417,22.32330477450855,28.343168266545387,False
102,3,retail,normalizer,buy,0.161684075228245,16.025456091720116,99.27529267715619,0.0,99.20790968000237,99.36586381978417,22.32330477450855,28.343168266545387,False
103,0,retail,submission,sell,0.10050851469902966,10.009602209969728,99.35915560828562,0.023161058031178072,99.31427445459288,99.5821204840015,21.259228578300185,24.345919313257653,False
103,1,retail,normalizer,sell,0.06863602175195638,6.837604620869108,99.35915560828562,0.0,99.31427445459288,99.5821204840015,21.259228578300185,24.345919313257653,False
103,2,retail,submission,buy,0.03642228812208919,3.611618724577056,99.35915560828562,0.007269068555416869,99.31427445459288,99.5821204840015,21.259228578300185,24.345919313257653,False
103,3,retail,submission,buy,0.010411573239908045,1.0316161736445792,99.35915560828562,0.0028689520265066104,99.31427445459288,99.5821204840015,21.259228578300185,24.345919313257653,False
103,4,retail,normalizer,buy,0.00954934852644021,0.9461757066437713,99.35915560828562,0.0,99.31427445459288,99.5821204840015,21.259228578300185,24.345919313257653,False
105,0,retail,submission,buy,0.022334469999812902,2.212924606144952,99.39625841518132,0.007038145522565653,99.2701728664344,99.13152319227389,18.259228578300185,26.452240672443143,True
105,1,retail,normalizer,buy,0.00721832534069888,0.7150923409026291,99.39625841518132,0.0,99.2701728664344,99.13152319227389,18.259228578300185,26.452240672443143,True
106,0,arb,submission,sell,0.06754985713459405,6.727999221445337,99.66757437725408,-0.004531188689702148,99.4039313107875,99.5962168889562,18.715802949851355,24.69261274663896,True
106,1,arb,normalizer,sell,0.005738708613876042,0.5719304499671618,99.66757437725408,0.0,99.4039313107875,99.5962168889562,18.715802949851355,24.69261274663896,True
106,2,retail,submission,sell,0.04247863916337735,4.234789614628239,99.66757437725408,0.0010466863677889293,99.4881836364289,99.5840911977279,17.53940227217758,23.527839730517307,False
106,3,retail,normalizer,sell,0.03364087675880967,3.354029343429831,99.66757437725408,0.0,99.4881836364289,99.5840911977279,17.53940227217758,23.527839730517307,False
108,0,arb,submission,sell,0.0013982688253264541,0.13944124097713417,99.72559156345892,-1.9447932892713293e-06,99.49095878992533,99.57293686565689,18.613480032582597,24.603596402951627,False
109,0,arb,submission,sell,0.07605486181087429,7.591192775664418,99.88784049439312,-0.005763129723302285,99.64208048308447,99.81871848213937,19.853527286470236,25.83227342606604,True
109,1,arb,normalizer,sell,0.07702664136762394,7.688115176291869,99.88784049439312,0.0,99.64208048308447,99.81871848213937,19.853527286470236,25.83227342606604,True
109,2,retail,submission,sell,0.05985089318454584,5.982687201653183,99.88784049439312,0.004310729788308265,99.92494459262097,99.79616741310701,21.569646682619744,21.564147747826357,False
109,3,retail,normalizer,sell,0.06603484932807646,6.600428095420021,99.88784049439312,0.0,99.92494459262097,99.79616741310701,21.569646682619744,21.564147747826357,False
109,4,retail,submission,sell,0.08204185973112033,8.211481310896387,99.88784049439312,0.016497112210865694,99.92494459262097,99.79616741310701,21.569646682619744,21.564147747826357,False
109,5,retail,normalizer,sell,0.07569844178662777,7.577057077532393,99.88784049439312,0.0,99.92494459262097,99.79616741310701,21.569646682619744,21.564147747826357,False
110,0,retail,submission,sell,0.0074629976442679435,0.7474069833531489,99.88725576174753,0.0019486289108375798,99.93985545546191,99.7862277682506,18.569646682619744,24.564147747826357,False
111,0,retail,submission,buy,0.07229990765126859,7.207025125435393,99.80944283212469,0.009188374051793069,99.88114634381985,99.70181887746678,13.427129021397311,22.46199190012502,False
111,1,retail,submission,sell,0.08241816694385307,8.251094940176927,99.80944283212469,0.024983618265915553,99.88114634381985,99.70181887746678,13.427129021397311,22.46199190012502,False
111,2,retail,normalizer,sell,0.012016933383591777,1.2038928849536052,99.80944283212469,0.0,99.88114634381985,99.70181887746678,13.427129021397311,22.46199190012502,False
111,3,retail,submission,buy,0.039711762326359985,3.9615102630887122,99.80944283212469,0.002098608587037809,99.88114634381985,99.70181887746678,13.427129021397311,22.46199190012502,False
113,0,retail,submission,buy,0.10130127267772587,10.094295705373952,99.75052490525316,0.010559417799383297,99.70679226443474,99.61260699218688,13.893248826333743,25.904589651874954,False
113,1,retail,normalizer,buy,0.024776391435613526,2.466990702876501,99.75052490525316,0.0,99.70679226443474,99.61260699218688,13.893248826333743,25.904589651874954,False
113,2,retail,submission,sell,0.013718060034520363,1.3710127988146705,99.75052490525316,0.0026291096894890398,99.70679226443474,99.61260699218688,13.893248826333743,25.904589651874954,False
114,0,retail,submission,buy,0.40390866425947686,40.05516131783952,99.86101415861818,0.2795675225646548,98.90846876449868,99.62156204378307,12.726609424914473,24.640404639506713,False
114,1,retail,normalizer,buy,0.39282920790499426,38.951997825992294,99.86101415861818,0.0,98.90846876449868,99.62156204378307,12.726609424914473,24.640404639506713,False
115,0,arb,submission,sell,0.414906988804006,41.3096421572791,99.97615891568682,-0.17116489061929485,99.72981361468823,99.91634224314461,14.13880696505036,26.116383858210572,True
115,1,arb,normalizer,sell,0.30687331100185133,30.586305768680294,99.97615891568682,0.0,99.72981361468823,99.91634224314461,14.13880696505036,26.116383858210572,True
115,2,retail,submission,buy,0.03097419211359176,3.083730336942608,99.97615891568682,0.012950416090855121,99.66823189189223,99.90617696860542,13.057819091824651,25.029204792658128,False
116,0,arb,submission,sell,0.08536783022385919,8.537085960829835,100.08885045006282,-0.007282031692360746,99.83833601652516,100.02781177687051,14.457465848370857,26.43471352988925,True
116,1,arb,normalizer,sell,0.05640298502079588,5.642130968157994,100.08885045006282,0.0,99.83833601652516,100.02781177687051,14.457465848370857,26.43471352988925,True
119,0,retail,submission,buy,0.507711587989786,50.36068564020752,99.8443945457941,0.33147046651632905,99.0782642894332,99.99911889219207,17.457465848370862,20.93494602525125,False
119,1,retail,normalizer,buy,0.404933325338945,40.12468049911149,99.8443945457941,0.0,99.0782642894332,99.99911889219207,17.457465848370862,20.93494602525125,False
119,2,retail,submission,sell,0.10215185026700624,10.130127470971235,99.8443945457941,-0.06916217067061758,99.0782642894332,99.99911889219207,17.457465848370862,20.93494602525125,False
119,3,retail,submission,sell,0.02167733255639348,2.1516860681327277,99.8443945457941,-0.012674076328210493,99.0782642894332,99.99911889219207,17.457465848370862,20.93494602525125,False
120,0,arb,submission,sell,0.27198771790588694,27.07791338313578,99.82590754429455,-0.07350739772095594,99.61692254565843,99.76454607666733,20.457465848370862,17.93494602525125,True
120,1,arb,normalizer,sell,0.27196505510826796,27.07569658040563,99.82590754429455,0.0,99.61692254565843,99.76454607666733,20.457465848370862,17.93494602525125,True
120,2,retail,submission,buy,0.1256883188024593,12.479446265791921,99.82590754429455,0.06750422638019771,99.36796787508592,99.75411837886006,17.457465848370862,20.93494602525125,False
120,3,retail,normalizer,buy,0.032014844701005574,3.1757529656097176,99.82590754429455,0.0,99.36796787508592,99.75411837886006,17.457465848370862,20.93494602525125,False
121,0,arb,submission,sell,0.13409587236719744,13.370661082551825,99.84317580879421,-0.01789667743990009,99.63415465913951,99.78180372662736,14.457465848370862,23.232009120639148,True
121,1,arb,normalizer,sell,0.040587418392533436,4.050736416574398,99.84317580879421,0.0,99.63415465913951,99.78180372662736,14.457465848370862,23.232009120639148,True
121,2,retail,submission,buy,0.1098146525239753,10.913526327416548,99.84317580879421,0.0507173309163651,99.41640286976778,99.77137422499733,17.457465848370862,20.23200912063915,False
122,0,arb,submission,sell,0.01855391713107224,1.848645182786238,99.65481826702141,-0.000342057052141298,99.45319654781201,99.59468440990806,17.719248165940538,17.702188407886513,True
123,0,arb,submission,sell,0.021178519235078852,2.110452348410397,99.6716606114058,-0.0004458330405117117,99.49521995989879,99.61513834795194,19.34682506480166,19.332370561591812,True
123,1,retail,submission,buy,0.01693112638807224,1.681023695755357,99.6716606114058,0.006529787365396,99.77386997345496,99.5966964204879,15.065139186083393,20.727916327419464,False
123,2,retail,submission,sell,0.1569908073138464,15.667332373710693,99.6716606114058,0.019797908014391297,99.77386997345496,99.5966964204879,15.065139186083393,20.727916327419464,False
123,3,retail,normalizer,sell,0.05571292914069659,5.565649482002961,99.6716606114058,0.0,99.77386997345496,99.5966964204879,15.065139186083393,20.727916327419464,False
124,0,arb,submission,buy,0.011481638078955407,1.1437106808843964,99.60074664081897,-0.0001309555607795776,99.75102294528146,99.65785563221249,13.698296402039642,19.709509621479047,True
124,1,retail,submission,sell,0.025001131420523848,2.4994375820808297,99.60074664081897,0.009306225731415374,99.80085724781704,99.66756741673365,13.204484750358297,19.22052215553348,False
124,2,retail,normalizer,sell,0.02188212834940373,2.187689949771362,99.60074664081897,0.0,99.80085724781704,99.66756741673365,13.204484750358297,19.22052215553348,False
125,0,arb,submission,buy,0.01065216102819128,1.0615782210443285,99.64789407745049,-0.00011280721117779002,99.77964796144079,99.69964825086501,15.126294660684414,21.135919684886296,True
126,0,arb,submission,buy,0.00017765559083574635,0.017699567455565557,99.6283652598802,-3.136132199418884e-08,99.77929436063361,99.7084491331366,15.91030182937777,21.918825087148644,False
127,0,arb,submission,buy,0.03601846722878426,3.5868907817020954,99.54901074079291,-0.0012880006769537822,99.70764861921589,99.6093411477859,17.559102449675976,23.570939771306602,True
127,1,retail,submission,buy,0.018862213535918076,1.8770516919976217,99.54901074079291,0.0006630058846162079,99.67016602473069,99.61960095250309,16.539758127428787,22.545847560679018,False
128,0,retail,submission,sell,0.07016804909918051,7.014378263947335,99.60619697747717,0.025205743849071816,99.53866728844136,99.95246663924793,17.97416209107303,22.470908187241363,False
128,1,retail,normalizer,sell,0.01879623427531385,1.8799376867387823,99.60619697747717,0.0,99.53866728844136,99.95246663924793,17.97416209107303,22.470908187241363,False
128,2,retail,submission,buy,0.09411360697413938,9.367798756540651,99.60619697747717,0.006499717986345743,99.53866728844136,99.95246663924793,17.97416209107303,22.470908187241363,False
128,3,retail,submission,buy,0.04242860130944336,4.2187455587190925,99.60619697747717,0.007406060788168745,99.53866728844136,99.95246663924793,17.97416209107303,22.470908187241363,False
128,4,retail,normalizer,buy,0.023524181932078746,2.338607053436135,99.60619697747717,0.0,99.53866728844136,99.95246663924793,17.97416209107303,22.470908187241363,False
131,0,arb,submission,sell,0.0009296400418605799,0.09274439416643027,99.7646940709429,-8.602058890333497e-07,99.54051374286324,99.94346399425585,20.97416209107303,19.470908187241363,False
131,1,retail,submission,sell,0.05406148856350512,5.394716438524032,99.7646940709429,0.0012885709661656364,99.69434112956444,99.9275637032618,20.97416209107303,19.470908187241363,False
131,2,retail,submission,sell,0.02329572983262551,2.327141656313155,99.7646940709429,0.003050296401933217,99.69434112956444,99.9275637032618,20.97416209107303,19.470908187241363,False
132,0,retail,submission,sell,0.053257996317924494,5.322709573420172,99.74926972292187,0.010263333801142416,99.80045376524117,99.93039980139628,17.97416209107303,22.470908187241363,True
132,1,retail,normalizer,sell,0.003257756869146533,0.32574930196898944,99.74926972292187,0.0,99.80045376524117,99.93039980139628,17.97416209107303,22.470908187241363,True
133,0,arb,submission,buy,0.005140504058079324,0.5120762690203264,99.61085816163744,-2.6248411665208415e-05,99.79022272547465,99.91939585878958,15.871512905658829,21.855989591250967,False
133,1,retail,submission,buy,0.05420297511424411,5.397424317707191,99.61085816163744,0.001780548336542509,99.68241665644886,99.90927330177757,15.01630843106304,20.989029943221045,False
136,0,retail,submission,buy,0.045392652135643224,4.516011004021493,99.6222561789081,0.0061074156756157905,101.47256943832792,99.51879514982916,17.415496375593865,20.02758884825345,False
136,1,retail,submission,sell,1.01791479800643,102.65731534416068,99.6222561789081,1.2503465688626108,101.47256943832792,99.51879514982916,17.415496375593865,20.02758884825345,False
136,2,retail,normalizer,sell,0.9334924746875686,94.22294570150348,99.6222561789081,0.0,101.47256943832792,99.51879514982916,17.415496375593865,20.02758884825345,False
136,3,retail,submission,buy,0.08534213142877344,8.649626518681544,99.6222561789081,-0.14765083863023243,101.47256943832792,99.51879514982916,17.415496375593865,20.02758884825345,False
136,4,retail,normalizer,buy,0.004807720059240628,0.48687925414378697,99.6222561789081,0.0,101.47256943832792,99.51879514982916,17.415496375593865,20.02758884825345,False
137,0,arb,submission,buy,0.8323270121980482,83.61146692776674,99.62126554758497,-0.6939966231569912,99.79506360443547,99.68102171259756,20.415496375593865,17.02758884825345,True
137,1,arb,normalizer,buy,0.8178965808255284,82.14951025041591,99.62126554758497,0.0,99.79506360443547,99.68102171259756,20.415496375593865,17.02758884825345,True
138,0,retail,submission,buy,0.21674056008897538,21.538939451766055,99.64450138955708,0.05806558919323024,99.36519037895953,99.22181247697256,17.415496375593865,20.02758884825345,True
138,1,retail,normalizer,buy,0.2319254518413529,23.051426337529847,99.64450138955708,0.0,99.36519037895953,99.22181247697256,17.415496375593865,20.02758884825345,True
139,0,arb,submission,sell,0.08645480219587398,8.61526193073899,99.73642579158624,-0.007431032796063164,99.53667777869141,99.6766364132776,19.116194694188646,19.09933333507873,True
139,1,retail,submission,buy,0.41009699079695777,40.575962801261994,99.73642579158624,0.3256452887116126,98.72868708858931,99.66647578406014,16.116194694188646,22.099333335078732,False
139,2,retail,normalizer,buy,0.3171066927356028,31.346203834989865,99.73642579158624,0.0,98.72868708858931,99.66647578406014,16.116194694188646,22.099333335078732,False
140,0,arb,submission,sell,0.4115200556965988,40.88600184721881,99.76152763617776,-0.16786756199883968,99.54106131085291,99.7004875004553,15.103687985746017,21.0844840166277,True
140,1,arb,normalizer,sell,0.3169263430599045,31.517438004963424,99.76152763617776,0.0,99.54106131085291,99.7004875004553,15.103687985746017,21.0844840166277,True
142,0,arb,submission,sell,0.05154571020683818,5.1444014532520015,99.85406002283241,-0.002646987661143463,99.64352288957772,99.7962064106034,17.047223348065035,23.02884985489257,True
142,1,arb,normalizer,sell,0.046469667333752795,4.638034478259777,99.85406002283241,0.0,99.64352288957772,99.7962064106034,17.047223348065035,23.02884985489257,True
143,0,arb,normalizer,sell,0.00737485392467363,0.7364632984282766,99.86875698332976,0.0,99.64352288957772,99.7962064106034,17.047223348065035,23.02884985489257,True
144,0,retail,submission,buy,0.12812958242166889,12.729265202988245,99.84992239922177,0.06446365886008287,99.3895537939965,99.28382954543406,18.95275809267577,24.965529717756336,True
144,1,retail,normalizer,buy,0.025486335750921435,2.5293985160933516,99.84992239922177,0.0,99.3895537939965,99.28382954543406,18.95275809267577,24.965529717756336,True
145,0,arb,submission,sell,0.1608543304183172,16.052996016327814,99.95864162970148,-0.025784352542345346,99.70908958588618,99.29466386115867,18.28775142249766,24.337731471723753,False
145,1,arb,normalizer,sell,0.07047809986123355,7.039941982035406,99.95864162970148,0.0,99.70908958588618,99.29466386115867,18.28775142249766,24.337731471723753,False
145,2,retail,submission,buy,0.39998186864367546,39.65081746572832,99.95864162970148,0.3308268004031589,98.9187997475936,99.30463247582186,21.28775142249766,21.337731471723753,False
145,3,retail,normalizer,buy,0.31591080883265965,31.29044637730658,99.95864162970148,0.0,98.9187997475936,99.30463247582186,21.28775142249766,21.337731471723753,False
146,0,arb,submission,sell,0.47714297112447923,47.52486842915452,100.07792017308684,-0.226607746190588,99.86437659439666,99.31380448520888,18.28775142249766,24.24801752999046,False
146,1,arb,normalizer,sell,0.37467564732388325,37.35694780748751,100.07792017308684,0.0,99.86437659439666,99.31380448520888,18.28775142249766,24.24801752999046,False
146,2,retail,submission,buy,0.06395631937045307,6.371213070815429,100.07792017308684,0.02940235370522082,99.88844616923568,99.33000799246346,18.28775142249766,18.56613474344429,False
146,3,retail,submission,sell,0.0758964901297503,7.591566760726727,100.07792017308684,-0.003996119895896655,99.88844616923568,99.33000799246346,18.28775142249766,18.56613474344429,False
146,4,retail,normalizer,sell,0.011612394985803576,1.1622791567446091,100.07792017308684,0.0,99.88844616923568,99.33000799246346,18.28775142249766,18.56613474344429,False
148,0,arb,submission,sell,0.012458794608875223,1.2469597380745097,100.099172194197,-0.00015528881142445883,99.91332672233054,99.33715187814138,18.63591549072801,15.566134743444291,False
148,1,retail,submission,sell,0.02091955257097311,2.0938385384456035,100.099172194197,-0.00019135658179036952,99.9551245540119,99.34372470674654,15.63591549072801,18.56613474344429,False
148,2,retail,normalizer,sell,0.004908255517491966,0.49134607133755015,100.099172194197,0.0,99.9551245540119,99.34372470674654,15.63591549072801,18.56613474344429,False
150,0,arb,normalizer,sell,0.010604522288744533,1.061741377984029,100.13217445642728,0.0,99.9551245540119,99.34372470674654,15.63591549072801,18.56613474344429,False
150,1,retail,submission,sell,0.03281909319500187,3.2876171034949455,100.13217445642728,0.001369938191273068,100.02075086013728,99.34977209316939,18.63591549072801,15.566134743444291,False
150,2,retail,normalizer,sell,0.037272145228257614,3.733531344631572,100.13217445642728,0.0,100.02075086013728,99.34977209316939,18.63591549072801,15.566134743444291,False
153,0,retail,submission,sell,0.07997987832636966,8.018533135106978,100.11706000105177,0.01118285782900763,101.0663838249938,99.36949808719737,17.8984082657292,15.100064281850425,False
153,1,retail,normalizer,sell,0.06500392568493396,6.518070143274743,100.11706000105177,0.0,101.0663838249938,99.36949808719737,17.8984082657292,15.100064281850425,False
153,2,retail,submission,sell,0.006896055167530335,0.6921740608570641,100.11706000105177,0.0017612918788664222,101.0663838249938,99.36949808719737,17.8984082657292,15.100064281850425,False
153,3,retail,normalizer,sell,0.021046285971635825,2.1121687288407474,100.11706000105177,0.0,101.0663838249938,99.36949808719737,17.8984082657292,15.100064281850425,False
153,4,retail,submission,sell,0.41688300310352133,42.009189659286115,100.11706000105177,0.2720890241522156,101.0663838249938,99.36949808719737,17.8984082657292,15.100064281850425,False
153,5,retail,normalizer,sell,0.4021676811793071,40.53242026432057,100.11706000105177,0.0,101.0663838249938,99.36949808719737,17.8984082657292,15.100064281850425,False
153,6,retail,submission,sell,0.014832301586579888,1.5015413924972416,100.11706000105177,0.016574964599927577,101.0663838249938,99.36949808719737,17.8984082657292,15.100064281850425,False
153,7,retail,normalizer,sell,0.02834698596380747,2.8693051042754085,100.11706000105177,0.0,101.0663838249938,99.36949808719737,17.8984082657292,15.100064281850425,False
154,0,arb,submission,buy,0.3004687032522974,30.221806116858716,100.27984002479009,-0.09085262226220436,100.45964680205954,99.37348480052627,14.898408265729199,18.06522413933001,False
154,1,arb,normalizer,buy,0.18063151352185017,18.14647408838937,100.27984002479009,0.0,100.45964680205954,99.37348480052627,14.898408265729199,18.06522413933001,False
154,2,retail,submission,buy,0.3260085627615927,32.595562148353565,100.27984002479009,0.0965243720906912,99.80730150288684,99.3771527180542,17.8984082657292,15.06522413933001,False
154,3,retail,normalizer,buy,0.311230285291559,31.113299377351723,100.27984002479009,0.0,99.80730150288684,99.3771527180542,17.8984082657292,15.06522413933001,False
155,0,arb,submission,sell,0.15290597184815624,15.307541944246417,100.26397999552418,-0.023419358333304885,100.1129300623508,99.38052732175127,14.898408265729199,18.044055744997554,False
155,1,arb,normalizer,sell,0.002355436345169437,0.23615986102197245,100.26397999552418,0.0,100.1129300623508,99.38052732175127,14.898408265729199,18.044055744997554,False
156,0,arb,normalizer,sell,0.0016894088322203515,0.16938971451619056,100.26736719480742,0.0,100.1129300623508,99.38052732175127,14.898408265729199,18.044055744997554,False
157,0,arb,normalizer,sell,0.007385040540100363,0.7405332511198897,100.28217593040114,0.0,100.1129300623508,99.38052732175127,14.898408265729199,18.044055744997554,False
157,1,retail,submission,sell,0.0388702625270696,3.899967042413215,100.28217593040114,0.0019725372127425977,100.32968515156611,99.47221101010932,14.898408265729199,18.044055744997554,False
157,2,retail,normalizer,sell,0.04473960210106043,4.488592639963388,100.28217593040114,0.0,100.32968515156611,99.47221101010932,14.898408265729199,18.044055744997554,False
157,3,retail,submission,sell,0.06914858209154318,6.943299141890999,100.28217593040114,0.008928867249080596,100.32968515156611,99.47221101010932,14.898408265729199,18.044055744997554,False
157,4,retail,normalizer,sell,0.05417976090717502,5.441077773883959,100.28217593040114,0.0,100.32968515156611,99.47221101010932,14.898408265729199,18.044055744997554,False
158,0,retail,submission,sell,0.03982536189325003,4.004486282662636,100.42349504596429,0.00508424987210665,100.40977801627032,99.53378798850474,17.8984082657292,15.044055744997554,False
158,1,retail,normalizer,sell,0.054859503841470314,5.515357938188826,100.42349504596429,0.0,100.40977801627032,99.53378798850474,17.8984082657292,15.044055744997554,False
162,0,arb,submission,buy,0.0031673964578729816,0.3174582808787818,100.22370982298413,-1.0057390572304481e-05,100.40341595598954,99.58757357384357,14.898408265729199,18.044055744997554,False
163,0,arb,submission,buy,0.021491146678731116,2.1541065998935665,100.21073085125988,-0.00046308438629472093,100.36025165153546,99.63604969736096,17.8984082657292,15.044055744997554,False
164,0,arb,submission,buy,0.019468222844893628,1.9499590640662063,100.1416271335197,-0.00037955098059838654,100.3211860881505,100.19446750550355,14.898408265729199,18.007583562502532,True
164,1,retail,submission,buy,0.01286976531015247,1.2890206594402116,100.1416271335197,-0.00022142045501638563,100.29536596817637,100.20345314115737,17.8984082657292,15.007583562502534,False
165,0,retail,submission,buy,0.018599231236835292,1.861731746535952,100.17377936535269,0.0014235397479622769,100.25807985061579,100.13138245916771,14.898408265729199,18.007583562502532,True
166,0,retail,submission,sell,0.1649605984537601,16.595880628439623,100.21313575019522,0.06466178215951857,100.24712759327542,100.14860562408076,14.898408265729199,18.00589964472474,False
166,1,retail,normalizer,sell,0.08936121077829284,8.99701053262741,100.21313575019522,0.0,100.24712759327542,100.14860562408076,14.898408265729199,18.00589964472474,False
166,2,retail,submission,buy,0.17072160760465252,17.1129179872878,100.21313575019522,-0.004370348911198363,100.24712759327542,100.14860562408076,14.898408265729199,18.00589964472474,False
166,3,retail,normalizer,buy,0.05005834820623181,5.011729701360309,100.21313575019522,0.0,100.24712759327542,100.14860562408076,14.898408265729199,18.00589964472474,False
167,0,retail,submission,buy,0.07750913429369748,7.752484569977241,100.26775819357985,0.019182565176924626,98.86660535216784,100.00445725945299,14.898408265729199,17.93134132885845,False
167,1,retail,normalizer,buy,0.06252680877875934,6.253008758338183,100.26775819357985,0.0,98.86660535216784,100.00445725945299,14.898408265729199,17.93134132885845,False
167,2,retail,submission,buy,0.6186092669461902,61.42749228625689,100.26775819357985,0.599072108211395,98.86660535216784,100.00445725945299,14.898408265729199,17.93134132885845,False
167,3,retail,normalizer,buy,0.6340372473635565,62.96894071300994,100.26775819357985,0.0,98.86660535216784,100.00445725945299,14.898408265729199,17.93134132885845,False
168,0,arb,submission,sell,0.5662821495497781,56.404558958144,100.16906076525746,-0.3193920903883267,99.98944420334016,100.1164146002166,17.8984082657292,14.93134132885845,True
168,1,arb,normalizer,sell,0.4447909929465226,44.35712919713938,100.16906076525746,0.0,99.98944420334016,100.1164146002166,17.8984082657292,14.93134132885845,True
169,0,retail,submission,buy,0.7086049699430002,70.22946890710591,100.04872089662577,0.6655519566832027,98.58986113825677,100.10746750428262,14.898408265729199,17.90834664704993,False
169,1,retail,normalizer,buy,0.5875225627406175,58.15855785959866,100.04872089662577,0.0,98.58986113825677,100.10746750428262,14.898408265729199,17.90834664704993,False
170,0,arb,submission,sell,0.7152843458762987,71.15163559288538,100.18475324240903,-0.5089500968895635,100.00533891342761,100.13213573605829,17.8984082657292,14.908346647049932,True
170,1,arb,normalizer,sell,0.5935972234595823,59.11866783410978,100.18475324240903,0.0,100.00533891342761,100.13213573605829,17.8984082657292,14.908346647049932,True
171,0,arb,submission,sell,0.06532241935643412,6.5466207651920305,100.28563164665509,-0.004279320655654395,100.13612235062439,100.23296116328643,14.898408265729199,17.90834664704993,True
171,1,arb,normalizer,sell,0.050337350735830455,5.045573399336813,100.28563164665509,0.0,100.13612235062439,100.23296116328643,14.898408265729199,17.90834664704993,True
172,0,retail,submission,buy,0.08031855469826159,8.024366313948121,100.26627448265552,0.028875937477955915,99.97559022238586,99.87909948196167,17.8984082657292,14.908346647049932,True
173,0,arb,submission,sell,0.1500574977899447,15.047062422715511,100.42599042743493,-0.022610413902313553,100.27627187966837,100.37324622697734,14.898408265729199,17.90834664704993,True
173,1,arb,normalizer,sell,0.06991145767091211,7.016019319830378,100.42599042743493,0.0,100.27627187966837,100.37324622697734,14.898408265729199,17.90834664704993,True
175,0,retail,submission,sell,0.964347476768495,97.81927614279056,100.16732368424691,1.2231702932339488,102.24138398060387,100.36428246821418,17.888822368379483,14.908346647049932,False
175,1,retail,normalizer,sell,0.9799462467759668,99.38661492099155,100.16732368424691,0.0,102.24138398060387,100.36428246821418,17.888822368379483,14.908346647049932,False
176,0,arb,submission,buy,0.9018626112821483,91.21244204920367,100.22551098805019,-0.8228009924330877,100.40512393073745,100.27816214882608,14.888822368379483,17.90834664704993,True
176,1,arb,normalizer,buy,0.7820816165535537,79.00215876070797,100.22551098805019,0.0,100.40512393073745,100.27816214882608,14.888822368379483,17.90834664704993,True
176,2,retail,submission,sell,0.03577551308785587,3.599779569983208,100.22551098805019,0.014160489893176198,100.477148929354,100.28711559645315,17.888822368379483,14.908346647049932,False
177,0,arb,submission,buy,0.062392769190644126,6.253928673728296,100.17229384420065,-0.0039018646097037646,100.35181141707919,100.22491704857731,14.888822368379483,17.90834664704993,True
177,1,arb,normalizer,buy,0.026569266212950738,2.6622112186687446,100.17229384420065,0.0,100.35181141707919,100.22491704857731,14.888822368379483,17.90834664704993,True
177,2,retail,submission,buy,0.01857016129309158,1.8604291419869696,100.17229384420065,-0.00021348820119859724,100.31454090088064,100.23386574215608,17.888822368379483,14.908346647049932,False
177,3,retail,normalizer,buy,0.003551092909034558,0.35570849891519174,100.17229384420065,0.0,100.31454090088064,100.23386574215608,17.888822368379483,14.908346647049932,False
179,0,retail,normalizer,buy,0.014310037423259602,1.4331625894355966,100.2525855452654,0.0,100.31454090088064,100.23386574215608,17.888822368379483,14.908346647049932,False
183,0,retail,submission,sell,0.08412556434714702,8.458744478655735,100.44936701401198,0.008384790288282318,100.48380037271917,100.58099086916293,14.888822368379483,17.90834664704993,True
184,0,retail,submission,buy,0.0326589284842695,3.275736386920471,100.39512189757481,0.0030607193019438483,100.41813808640089,100.32130112471854,16.170189170683084,16.181766801314662,True
186,0,arb,submission,sell,0.008026322517636686,0.807359645000233,100.59707731360491,-6.494185039263023e-05,100.43429346900666,100.33025842566087,17.284164224661403,17.296600887492247,False
188,0,retail,submission,sell,0.016467342880531533,1.6570250244510676,100.44123448471208,0.0030247768474458425,100.46745114514947,100.58580983435549,19.30477589128285,19.29064725428833,True
190,0,retail,submission,buy,0.059990611692402426,6.011860667493238,100.65707584653464,0.02661888370892118,100.8043757206585,100.2257092668204,18.097218694145777,24.112989331658003,False
190,1,retail,submission,sell,0.22674314880539725,22.85303531617946,100.65707584653464,0.02973298919249956,100.8043757206585,100.2257092668204,18.097218694145777,24.112989331658003,False
190,2,retail,normalizer,sell,0.13718525477887056,13.839079736500995,100.65707584653464,0.0,100.8043757206585,100.2257092668204,18.097218694145777,24.112989331658003,False
191,0,retail,submission,sell,0.05307831954299047,5.366319555678601,100.64333897814059,0.024340249523346458,100.91190172483327,100.23539900519293,21.097218694145777,21.112989331658003,False
191,1,retail,normalizer,sell,0.06807342794400029,6.881319060502404,100.64333897814059,0.0,100.91190172483327,100.23539900519293,21.097218694145777,21.112989331658003,False
192,0,arb,submission,buy,0.0657554659571251,6.617148330542477,100.56638483406408,-0.004358836155034851,100.77900049538692,100.63439844381108,24.097218694145777,18.112989331658003,True
193,0,arb,submission,buy,0.05519977679993485,5.546506947852322,100.42508879953922,-0.003064461004119501,100.66766988520459,100.4930082955736,23.630517833391124,17.651356290434784,True
193,1,arb,normalizer,buy,0.06199260330047702,6.229476896251072,100.42508879953922,0.0,100.66766988520459,100.4930082955736,23.630517833391124,17.651356290434784,True
193,2,retail,submission,sell,0.034475283273437185,3.477886260450173,100.42508879953922,0.015702876325974113,100.97679228797449,100.51518716111715,17.630517833391124,19.636014115636268,False
193,3,retail,submission,sell,0.11819927325855417,11.945893903706521,100.42508879953922,0.07572139067521633,100.97679228797449,100.51518716111715,17.630517833391124,19.636014115636268,False
193,4,retail,normalizer,sell,0.07653764560605225,7.738570437399604,100.42508879953922,0.0,100.97679228797449,100.51518716111715,17.630517833391124,19.636014115636268,False
194,0,arb,submission,buy,0.16817597403299336,16.923381177599367,100.45953384422421,-0.02850122244649711,100.63696201958265,100.51950823301357,20.630517833391124,16.636014115636268,True
194,1,arb,normalizer,buy,0.059633342812524866,5.994315256686605,100.45953384422421,0.0,100.63696201958265,100.51950823301357,20.630517833391124,16.636014115636268,True
194,2,retail,submission,sell,0.18686737677545295,18.872481178971828,100.45953384422421,0.09987161741681305,101.01533690447197,100.52970743930102,17.630517833391124,19.636014115636268,False
194,3,retail,normalizer,sell,0.058426985236692985,5.908389319255619,100.45953384422421,0.0,101.01533690447197,100.52970743930102,17.630517833391124,19.636014115636268,False
195,0,arb,submission,buy,0.17438329357505325,17.553618965910573,100.48532115218657,-0.030657707445314486,100.66279487220189,100.54531093601081,20.630517833391124,16.636014115636268,True
195,1,arb,normalizer,buy,0.04578072509410796,4.602399811807118,100.48532115218657,0.0,100.66279487220189,100.54531093601081,20.630517833391124,16.636014115636268,True
197,0,arb,submission,sell,0.02825258608586978,2.8495311478738166,100.8877239782026,-0.0008079588278211425,100.71988701818302,100.82752941248728,21.12921213711265,15.116394223050278,True
198,0,retail,submission,buy,0.011008511078619386,1.106311268034915,100.8601946462896,0.0040093021204716806,100.69768251765429,100.54326169478475,22.545250461820697,16.563666692987635,True
198,1,retail,normalizer,buy,0.00020128989337447369,0.02022663882780762,100.8601946462896,0.0,100.69768251765429,100.54326169478475,22.545250461820697,16.563666692987635,True
199,0,retail,submission,sell,0.6628814400666556,67.3091050643035,100.83770365136854,0.4656628548696631,102.05083047877652,100.55318378931224,19.545250461820697,19.56366669298763,False
199,1,retail,normalizer,sell,0.5518971385867104,56.102429262815704,100.83770365136854,0.0,102.05083047877652,100.55318378931224,19.545250461820697,19.56366669298763,False
200,0,arb,submission,buy,0.5120574950174555,51.88588563556186,100.8078007716699,-0.2664956942018577,101.00521800004609,100.8709620482109,22.545250461820697,16.56366669298763,True
200,1,arb,normalizer,buy,0.39342760940509397,39.81762092795725,100.8078007716699,0.0,101.00521800004609,100.8709620482109,22.545250461820697,16.56366669298763,True
200,2,retail,submission,sell,0.22100209774639268,22.409173463802198,100.8078007716699,0.13043802406272675,101.15045054158249,100.89158645414759,16.545250461820697,18.015374865030115,False
200,3,retail,normalizer,sell,0.1019973744691498,10.354722582476633,100.8078007716699,0.0,101.15045054158249,100.89158645414759,16.545250461820697,18.015374865030115,False
200,4,retail,submission,buy,0.14983706777682737,15.149248729539977,100.8078007716699,-0.04450345288236335,101.15045054158249,100.89158645414759,16.545250461820697,18.015374865030115,False
200,5,retail,normalizer,buy,0.03066892765627771,3.0970654878929054,100.8078007716699,0.0,101.15045054158249,100.89158645414759,16.545250461820697,18.015374865030115,False
201,0,arb,submission,buy,0.08624008936724814,8.701256575799562,100.80843644938443,-0.00752800743209292,100.97550294806281,100.86424423971147,19.539224128818695,15.015374865030115,True
201,1,arb,normalizer,buy,0.071320862935484,7.194889102232992,100.80843644938443,0.0,100.97550294806281,100.86424423971147,19.539224128818695,15.015374865030115,True
202,0,retail,submission,buy,0.16651806664837046,16.753413373175135,100.8340520938769,0.037278033818317624,100.63908502338518,100.49804026704118,16.539224128818695,18.015374865030115,True
202,1,retail,normalizer,buy,0.1815656495789901,18.270093211911444,100.8340520938769,0.0,100.63908502338518,100.49804026704118,16.539224128818695,18.015374865030115,True
203,0,retail,submission,buy,0.014407548964337517,1.4473555718996067,100.76967670925168,0.004488479409398671,100.47434396963114,100.50869698127858,16.03389841028485,16.029796212031513,False
203,1,retail,submission,buy,0.06741916155970727,6.766864664015884,100.76967670925168,0.026942450364626502,100.47434396963114,100.50869698127858,16.03389841028485,16.029796212031513,False
203,2,retail,normalizer,buy,0.06976835213103001,7.002814611601934,100.76967670925168,0.0,100.47434396963114,100.50869698127858,16.03389841028485,16.029796212031513,False
204,0,arb,submission,sell,0.11026426964801317,11.108795697176731,100.85848632028897,-0.012291634734060253,100.69681222209218,100.80671575979781,17.785745332430185,17.772655313950846,True
204,1,retail,submission,buy,0.10634443758679495,10.678125095622818,100.85848632028897,0.047613907963764746,100.48262096941494,100.7979174076519,14.785745332430187,20.772655313950846,False
205,0,arb,submission,sell,0.20842562761235683,21.03068737802175,101.11385342474547,-0.04403098233468228,100.9038131022797,101.0562900107229,14.957161570374932,20.939041923245473,True
205,1,arb,normalizer,sell,0.10209569280637254,10.312717494707796,101.11385342474547,0.0,100.9038131022797,101.0562900107229,14.957161570374932,20.939041923245473,True
205,2,retail,submission,sell,0.3766732521033447,38.2321787662921,101.11385342474547,0.14529476409230568,101.67175165438283,101.0465074898739,17.957161570374932,17.939041923245473,False
205,3,retail,normalizer,sell,0.377674687926401,38.33350450980334,101.11385342474547,0.0,101.67175165438283,101.0465074898739,17.957161570374932,17.939041923245473,False
206,0,arb,submission,buy,0.18685976393657458,18.92864345273847,101.10849701326339,-0.03553356885821657,101.2903857955891,101.16663647677642,17.824605383280325,17.83927508264748,True
206,1,arb,normalizer,buy,0.08175861493367284,8.273281971371034,101.10849701326339,0.0,101.2903857955891,101.16663647677642,17.824605383280325,17.83927508264748,True
207,0,arb,submission,buy,0.007229574694288863,0.7309280502558977,101.09515386128358,-5.308418512284252e-05,101.27567375324128,101.17652350979623,18.484588517044717,18.49634243167173,False
207,1,arb,normalizer,buy,0.006572678107444783,0.6645097532273212,101.09515386128358,0.0,101.27567375324128,101.17652350979623,18.484588517044717,18.49634243167173,False
208,0,arb,submission,buy,0.047406845433670984,4.790004460821365,100.99226174670318,-0.0022799181985639905,101.17928749628483,101.05209138208713,20.020827378493276,20.03592249754788,True
208,1,arb,normalizer,buy,0.05072717496326414,5.125661180347379,100.99226174670318,0.0,101.17928749628483,101.05209138208713,20.020827378493276,20.03592249754788,True
208,2,retail,normalizer,buy,0.007763603329785516,0.7840027833008207,100.99226174670318,0.0,101.17928749628483,101.05209138208713,20.020827378493276,20.03592249754788,True
209,0,arb,submission,buy,0.08385737259422264,8.460520087433906,100.8069251774055,-0.007116202754289702,101.0091538607148,100.8716186780224,21.396389854615926,21.412740319016812,True
209,1,arb,normalizer,buy,0.0838056450041595,8.455293250559407,100.8069251774055,0.0,101.0091538607148,100.8716186780224,21.396389854615926,21.412740319016812,True
209,2,retail,submission,sell,0.17929180102564146,18.18173748025221,100.8069251774055,0.10788230933809473,101.37416542231357,100.88262070130739,18.396389854615926,24.412740319016812,False
209,3,retail,normalizer,sell,0.08677036669276106,8.807457875413142,100.8069251774055,0.0,101.37416542231357,100.88262070130739,18.396389854615926,24.412740319016812,False
210,0,arb,submission,buy,0.13839183608891256,13.984098412001913,100.90678972965523,-0.019422507477100837,101.09276391930925,100.97600471003838,17.674417487637815,23.688285147848287,True
210,1,arb,normalizer,buy,0.03766003148652707,3.8015888756490313,100.90678972965523,0.0,101.09276391930925,100.97600471003838,17.674417487637815,23.688285147848287,True
210,2,retail,submission,buy,0.04240415959117892,4.277356670141671,100.90678972965523,0.0015109453881629875,101.00676893758612,100.98777597735784,16.341133919326623,22.343390569602356,False
210,3,retail,normalizer,buy,0.03882491748670147,3.9161727488899487,100.90678972965523,0.0,101.00676893758612,100.98777597735784,16.341133919326623,22.343390569602356,False
211,0,arb,submission,buy,0.017393408507228654,1.7536750442395714,100.8065234827154,-0.00030600111116418915,100.97152239967254,100.8689991521912,17.909651568219896,23.921842172567498,True
211,1,arb,normalizer,buy,0.010745251634391984,1.0833081584278261,100.8065234827154,0.0,100.97152239967254,100.8689991521912,17.909651568219896,23.921842172567498,True
211,2,retail,submission,sell,0.08131480220799858,8.236897723095248,100.8065234827154,0.03983520482228009,101.13673018202937,100.87962386602702,14.909651568219896,25.337064940633013,False
212,0,arb,submission,buy,0.14099512937314113,14.218394707360858,100.70058751335023,-0.020102342964722908,100.85095276996253,100.76552406031766,14.956853578276604,26.96702283162192,True
212,1,arb,normalizer,buy,0.052453608897452854,5.284886864803411,100.70058751335023,0.0,100.85095276996253,100.76552406031766,14.956853578276604,26.96702283162192,True
213,0,arb,submission,buy,0.06376066880690263,6.416603961797591,100.57146840192148,-0.004099873598802262,100.72211699752408,100.63902924974282,16.464685424087406,28.474588555768534,True
213,1,arb,normalizer,buy,0.06404464679905651,6.445197539571382,100.57146840192148,0.0,100.72211699752408,100.63902924974282,16.464685424087406,28.474588555768534,True
213,2,retail,submission,buy,0.039712700368579296,3.99177313069049,100.57146840192148,0.0021914595830581085,100.64200973495024,100.65051910660377,19.464685424087406,25.474588555768534,False
213,3,retail,normalizer,buy,0.047280791451546886,4.752848410249499,100.57146840192148,0.0,100.64200973495024,100.65051910660377,19.464685424087406,25.474588555768534,False
214,0,arb,submission,buy,0.0017445547545640947,0.17523068358786986,100.44260425743187,-3.0607697673046275e-06,100.63849392000256,100.66109093348122,18.7334495732189,24.730755437888796,False
214,1,arb,normalizer,buy,0.01676047784455957,1.6837484468651382,100.44260425743187,0.0,100.63849392000256,100.66109093348122,18.7334495732189,24.730755437888796,False
218,0,arb,submission,buy,0.02148727150170986,2.157931346773694,100.40675287124307,-0.00046418722420771275,100.59520238636436,100.47668023895534,20.824251641224595,26.83839848015939,True
218,1,arb,normalizer,buy,0.01783888519745778,1.7914642833620746,100.40675287124307,0.0,100.59520238636436,100.47668023895534,20.824251641224595,26.83839848015939,True
218,2,retail,submission,buy,0.05804250342434556,5.8232555726262945,100.40675287124307,0.004603724730250391,100.43422920666319,100.49951507220382,18.25006070622533,28.203162107784102,False
218,3,retail,normalizer,buy,0.06853896033984849,6.877058502030195,100.40675287124307,0.0,100.43422920666319,100.49951507220382,18.25006070622533,28.203162107784102,False
218,4,retail,submission,buy,0.021994284088033163,2.204769817952183,100.40675287124307,0.0036048290548764683,100.43422920666319,100.49951507220382,18.25006070622533,28.203162107784102,False
218,5,retail,normalizer,buy,0.024137827200252596,2.419696322580421,100.40675287124307,0.0,100.43422920666319,100.49951507220382,18.25006070622533,28.203162107784102,False
219,0,retail,submission,sell,0.007639521962104823,0.7694984761435383,100.28999366609379,0.0033308669520611955,100.44960964393918,100.50958307591013,16.761204153764794,28.754041692830203,False
220,0,arb,submission,buy,0.08422461560030423,8.43903746072283,100.1124388816469,-0.007105779107169141,100.28052111034451,100.18546064659533,18.161991727617366,30.17337246718218,True
220,1,arb,normalizer,buy,0.05412961320566461,5.42197973178736,100.1124388816469,0.0,100.28052111034451,100.18546064659533,18.161991727617366,30.17337246718218,True
221,0,retail,submission,sell,0.25409758492138224,25.62335538882842,100.17292061833143,0.16965818518906772,100.61604019301735,100.21982031822135,22.924117198510395,22.995157027162712,False
221,1,retail,normalizer,sell,0.18872935765237742,19.044049388493246,100.17292061833143,0.0,100.61604019301735,100.21982031822135,22.924117198510395,22.995157027162712,False
221,2,retail,submission,buy,0.2552599419065984,25.619280634537063,100.17292061833143,-0.04914673688749005,100.61604019301735,100.21982031822135,22.924117198510395,22.995157027162712,False
221,3,retail,normalizer,buy,0.19084602967739572,19.141967012006717,100.17292061833143,0.0,100.61604019301735,100.21982031822135,22.924117198510395,22.995157027162712,False
221,4,retail,submission,sell,0.1673684217016529,16.85554003306047,100.17292061833143,0.08975641192537509,100.61604019301735,100.21982031822135,22.924117198510395,22.995157027162712,False
221,5,retail,normalizer,sell,0.08192704995576605,8.257874585931429,100.17292061833143,0.0,100.61604019301735,100.21982031822135,22.924117198510395,22.995157027162712,False
222,0,arb,submission,buy,0.08368154123397986,8.393374729268544,100.21745932912037,-0.007023274054057893,100.44772687544204,100.2912017108775,19.924117198510395,25.192401609056155,True
222,1,arb,normalizer,buy,0.028165464911424336,2.823466245778036,100.21745932912037,0.0,100.44772687544204,100.2912017108775,19.924117198510395,25.192401609056155,True
222,2,retail,submission,buy,0.04516630045123812,4.525768322971999,100.21745932912037,0.0006835555467894494,100.35702958705232,100.30374331097346,22.924117198510395,22.192401609056155,False
222,3,retail,normalizer,buy,0.030151785858996666,3.020824919318329,100.21745932912037,0.0,100.35702958705232,100.30374331097346,22.924117198510395,22.192401609056155,False
223,0,retail,normalizer,buy,0.010787003683749047,1.0802783131712204,100.1904325763522,0.0,100.0701330305824,99.92587574220558,19.924117198510395,25.192401609056155,True
223,1,retail,submission,buy,0.14331866255580342,14.329537053301465,100.1904325763522,0.029621744428729002,100.0701330305824,99.92587574220558,19.924117198510395,25.192401609056155,True
223,2,retail,normalizer,buy,0.1476266329749635,14.760891926489421,100.1904325763522,0.0,100.0701330305824,99.92587574220558,19.924117198510395,25.192401609056155,True
225,0,arb,submission,sell,0.03146733513258937,3.1578874368552308,100.38606027404671,-0.0009943644285135278,100.13316367940922,100.3135383924399,19.019140659961536,24.997543930915903,True
226,0,arb,submission,sell,0.06450342956053134,6.479300829447873,100.5138134175968,-0.00418485419447201,100.26255357093979,100.44297038281513,20.191796925576813,26.170223012713276,True
226,1,arb,normalizer,sell,0.03546466956120753,3.5634240820260437,100.5138134175968,0.0,100.26255357093979,100.44297038281513,20.191796925576813,26.170223012713276,True
226,2,retail,submission,sell,0.014755878150623403,1.4835631677739805,100.5138134175968,0.000393584529426505,100.29218819746923,100.43093203348938,17.191796925576813,27.591792011488472,False
226,3,retail,normalizer,sell,0.020630744888677555,2.0741031992649317,100.5138134175968,0.0,100.29218819746923,100.43093203348938,17.191796925576813,27.591792011488472,False
227,0,arb,submission,sell,0.06511351255136333,6.55271792187455,100.70096646227155,-0.004275721800985899,100.42311445007327,100.62875107523361,16.75206784008877,28.727520547324517,True
227,1,arb,normalizer,sell,0.07223910282978352,7.269285742251391,100.70096646227155,0.0,100.42311445007327,100.62875107523361,16.75206784008877,28.727520547324517,True
227,2,retail,submission,buy,0.05948734340046615,5.960349575101645,100.70096646227155,0.0300833975983279,100.30369105953629,100.6164796107369,19.75206784008877,25.72752054732452,False
228,0,arb,submission,sell,0.06483985628162259,6.524689438538147,100.69314746435305,-0.004239771594734876,100.43408896231666,100.61981757179365,19.27001574827894,25.247845143865984,True
228,1,retail,submission,sell,0.10568852610732904,10.652881860783694,100.69314746435305,0.010771516168283313,101.45766048687189,100.59589425672681,21.02713753783397,21.03188681275142,False
228,2,retail,normalizer,sell,0.09943907290504228,10.023597976875685,100.69314746435305,0.0,101.45766048687189,100.59589425672681,21.02713753783397,21.03188681275142,False
228,3,retail,submission,sell,0.39892898041694025,40.40952701500451,100.69314746435305,0.24011236207753228,101.45766048687189,100.59589425672681,21.02713753783397,21.03188681275142,False
228,4,retail,normalizer,sell,0.39297154841463566,39.808494880103815,100.69314746435305,0.0,101.45766048687189,100.59589425672681,21.02713753783397,21.03188681275142,False
229,0,arb,submission,buy,0.29526831599443715,29.80578133929339,100.64602856892373,-0.08819797221926962,100.85810429199903,100.70552369090848,18.02713753783397,24.03188681275142,True
229,1,arb,normalizer,buy,0.2208225410857234,22.274182745339203,100.64602856892373,0.0,100.85810429199903,100.70552369090848,18.02713753783397,24.03188681275142,True
230,0,arb,submission,buy,0.0027391418263499946,0.27575905380945187,100.6707572674443,-7.571887867485749e-06,100.85256557450981,100.71564135867992,15.027137537833969,24.872399849157087,False
230,1,retail,submission,sell,0.1902361450205774,19.27045728971503,100.6707572674443,0.11924051085414789,101.52206283380194,100.73351569069469,19.82612572727954,18.872399849157084,False
230,2,retail,normalizer,sell,0.11717067129008285,11.877822186601094,100.6707572674443,0.0,101.52206283380194,100.73351569069469,19.82612572727954,18.872399849157084,False
230,3,retail,submission,sell,0.1386402289501092,14.08621778596317,100.6707572674443,0.12920094982382224,101.52206283380194,100.73351569069469,19.82612572727954,18.872399849157084,False
230,4,retail,normalizer,sell,0.12374890853178044,12.575110376910152,100.6707572674443,0.0,101.52206283380194,100.73351569069469,19.82612572727954,18.872399849157084,False
231,0,arb,submission,buy,0.31231418142626366,31.544848531189928,100.68735716500092,-0.09875899822882417,100.88737774855475,100.74978017290076,16.82612572727954,21.84190032772664,True
231,1,arb,normalizer,buy,0.22115439876333234,22.31690173617426,100.68735716500092,0.0,100.88737774855475,100.74978017290076,16.82612572727954,21.84190032772664,True
231,2,retail,submission,buy,0.08679566278978539,8.734251175264944,100.68735716500092,0.004974724423156829,100.70408312246849,100.77016341891068,16.82612572727954,19.523635557985564,False
231,3,retail,normalizer,buy,0.07185544158303254,7.229729558490362,100.68735716500092,0.0,100.70408312246849,100.77016341891068,16.82612572727954,19.523635557985564,False
231,4,retail,submission,buy,0.003922399262957499,0.39423397324208054,100.68735716500092,0.0007020422910574697,100.70408312246849,100.77016341891068,16.82612572727954,19.523635557985564,False
231,5,retail,normalizer,buy,0.018934998969669294,1.9034119781554182,100.68735716500092,0.0,100.70408312246849,100.77016341891068,16.82612572727954,19.523635557985564,False
232,0,arb,submission,buy,0.01209650609427296,1.215970492676206,100.5102748320133,-0.00014734063370713812,100.67967972694005,100.56880173735786,13.826125727279539,21.62376880601584,True
233,0,retail,submission,sell,0.26077461166575233,26.38062735089279,100.62996777935454,0.13888658129443954,101.20863043846316,100.57875469998494,16.82612572727954,18.62376880601584,False
233,1,retail,normalizer,sell,0.15614674392668348,15.812815524686616,100.62996777935454,0.0,101.20863043846316,100.57875469998494,16.82612572727954,18.62376880601584,False
234,0,arb,submission,buy,0.12983656899526844,13.101386737160283,100.77534397713528,-0.017061835851048812,100.94519563246294,100.83257067274222,16.906907241634453,16.920303162715317,True
234,1,arb,normalizer,buy,0.02224556624968748,2.2423045824762085,100.77534397713528,0.0,100.94519563246294,100.83257067274222,16.906907241634453,16.920303162715317,True
235,0,retail,submission,buy,0.02219214174514376,2.235904929544631,100.82776059737272,0.0016790254776850588,100.90027169342571,100.78425994414214,18.661079996026846,18.674885130016047,True
235,1,retail,normalizer,buy,0.02261034614884321,2.2780491190387693,100.82776059737272,0.0,100.90027169342571,100.78425994414214,18.661079996026846,18.674885130016047,True
237,0,retail,submission,sell,0.1652645091905356,16.734212874364978,100.80508017703818,0.07471077499417333,101.12009435707648,100.80208106256505,18.899796940539108,18.93759526086927,False
237,1,retail,normalizer,sell,0.043527829230725956,4.412901190650679,100.80508017703818,0.0,101.12009435707648,100.80208106256505,18.899796940539108,18.93759526086927,False
237,2,retail,submission,buy,0.05710487604708509,5.76692530906621,100.80508017703818,-0.010463700639969709,101.12009435707648,100.80208106256505,18.899796940539108,18.93759526086927,False
238,0,arb,submission,buy,0.050382626167321226,5.082496910281407,100.82698076375628,-0.0025688308813851535,101.01790254830848,100.8880975729646,20.462281211241564,20.477710764629688,True
238,1,retail,submission,buy,0.1016518703839789,10.237208976448528,100.82698076375628,0.012042203356758208,100.81222375946432,100.89849111416471,19.309957207344613,19.299692921116158,False
238,2,retail,normalizer,buy,0.10500707030431784,10.575456755372215,100.82698076375628,0.0,100.81222375946432,100.89849111416471,19.309957207344613,19.299692921116158,False
240,0,arb,submission,buy,0.01875669595639795,1.886898233788088,100.57974159439725,-0.00035460132890641205,100.77433640675854,100.64195445644401,21.300943929654295,21.316718059909263,True
240,1,arb,normalizer,buy,0.013002573465350104,1.3079657846537884,100.57974159439725,0.0,100.77433640675854,100.64195445644401,21.300943929654295,21.316718059909263,True
241,0,retail,submission,buy,0.017602606637047182,1.7698003789319046,100.59165868675147,0.0008750198990916669,100.87235168272034,100.60453971285537,19.6107948398489,25.628191910471166,False
241,1,retail,normalizer,buy,0.027572133079634218,2.772432539753936,100.59165868675147,0.0,100.87235168272034,100.60453971285537,19.6107948398489,25.628191910471166,False
241,2,retail,submission,sell,0.06597367419860234,6.665596020346216,100.59165868675147,0.02919470304946792,100.87235168272034,100.60453971285537,19.6107948398489,25.628191910471166,False
242,0,arb,submission,buy,0.015972576240231975,1.6077742386823957,100.64230346243835,-0.0002573736360365064,100.84005883297952,100.71526116444593,19.218164674784198,25.233024833498163,True
242,1,retail,submission,buy,0.06761197007593919,6.800283900638533,100.64230346243835,0.004340509437439799,100.7035293296973,100.72766923249974,17.904738356342335,23.90186215011711,False
242,2,retail,normalizer,buy,0.007069765294236044,0.7106323711996083,100.64230346243835,0.0,100.7035293296973,100.72766923249974,17.904738356342335,23.90186215011711,False
244,0,retail,submission,buy,0.055513767997169346,5.577321350507191,100.76432432067185,0.016485972222114675,100.79706690494592,100.49021443407742,19.36947387266499,25.406060681587313,False
244,1,retail,normalizer,buy,0.04897515101103509,4.9200800870785315,100.76432432067185,0.0,100.79706690494592,100.49021443407742,19.36947387266499,25.406060681587313,False
244,2,retail,submission,sell,0.10166170161866717,10.263289506865057,100.76432432067185,0.019416833970309355,100.79706690494592,100.49021443407742,19.36947387266499,25.406060681587313,False
244,3,retail,normalizer,sell,0.020537494212206298,2.075057712802664,100.76432432067185,0.0,100.79706690494592,100.49021443407742,19.36947387266499,25.406060681587313,False
246,0,arb,submission,sell,0.019435122053280907,1.9643763279550073,101.09325245337195,-0.00038337223941598,100.83641432273899,101.02077170629865,21.019527320570887,26.99760797604582,True
246,1,arb,normalizer,sell,0.01719424038222428,1.7379216832858315,101.09325245337195,0.0,100.83641432273899,101.02077170629865,21.019527320570887,26.99760797604582,True
246,2,retail,submission,buy,0.2858791615139838,28.68426504553645,101.09325245337195,0.21618920055500723,100.26115761180425,101.00845514838639,19.67058078314157,25.581470754896323,False
246,3,retail,normalizer,buy,0.21804354848014867,21.86295837117541,101.09325245337195,0.0,100.26115761180425,101.00845514838639,19.67058078314157,25.581470754896323,False
247,0,arb,submission,sell,0.28467927670880044,28.69727823944638,101.09381415682131,-0.0820356544514027,100.83520131178592,101.02056111934392,20.742824094902467,26.720785410805405,True
247,1,arb,normalizer,sell,0.21766614032182474,21.95671945895703,101.09381415682131,0.0,100.83520131178592,101.02056111934392,20.742824094902467,26.720785410805405,True
247,2,retail,submission,buy,0.07099153848421665,7.138519127975087,101.09381415682131,0.03828627025513853,100.69188691734466,101.00811338278616,17.742824094902467,27.606667921720874,False
247,3,retail,normalizer,buy,0.0025540403349525592,0.2566442557636037,101.09381415682131,0.0,100.69188691734466,101.00811338278616,17.742824094902467,27.606667921720874,False
248,0,arb,submission,sell,0.1672447997751334,16.91520082300199,101.3103908651965,-0.02843521238830249,101.03070663343297,101.23682016716087,16.76413289148074,28.73967654454401,True
248,1,arb,normalizer,sell,0.10907104440465787,11.037930521511003,101.3103908651965,0.0,101.03070663343297,101.23682016716087,16.76413289148074,28.73967654454401,True
249,0,retail,submission,buy,0.08696915490587535,8.764176810405843,101.22002965897377,0.03884362858274493,100.79123835409251,100.77143312136415,21.092262421438342,27.103648884186438,False
249,1,retail,normalizer,buy,0.008878521397039832,0.8940181148718693,101.22002965897377,0.0,100.79123835409251,100.77143312136415,21.092262421438342,27.103648884186438,False
249,2,retail,submission,buy,0.031349921154917686,3.155071808514549,101.22002965897377,0.018168140592708326,100.79123835409251,100.77143312136415,21.092262421438342,27.103648884186438,False
249,3,retail,normalizer,buy,0.03800838117137515,3.825437037194206,101.22002965897377,0.0,100.79123835409251,100.77143312136415,21.092262421438342,27.103648884186438,False
252,0,retail,submission,buy,0.01416478124872967,1.4244723878164223,101.00526893093885,0.006245151559437945,100.76263844781195,100.62776992418719,21.277814829529248,27.293887315767098,True
252,1,retail,normalizer,buy,0.029178660052110297,2.934774788653158,101.00526893093885,0.0,100.76263844781195,100.62776992418719,21.277814829529248,27.293887315767098,True
253,0,retail,submission,sell,0.12635320692433538,12.782740195444763,100.9745566121089,0.024281149741950614,101.0187283316696,100.64097854360944,20.65436461787229,26.69932151607432,False
253,1,retail,normalizer,sell,0.06837791978428243,6.921598972171726,100.9745566121089,0.0,101.0187283316696,100.64097854360944,20.65436461787229,26.69932151607432,False
254,0,retail,submission,buy,0.039899770857711424,4.020690048202596,100.94219092961616,0.006880239764445406,100.93792213546304,100.80588079634703,21.834215793964113,27.84992379635493,True
257,0,retail,submission,sell,0.15058888108941915,15.265675185382433,100.80147601351455,0.08609370034535502,101.2440415695761,100.8188812832797,21.64803026752618,27.69852863074418,False
257,1,retail,normalizer,sell,0.11355757823289991,11.51597978803006,100.80147601351455,0.0,101.2440415695761,100.8188812832797,21.64803026752618,27.69852863074418,False
258,0,arb,submission,buy,0.16025345212374834,16.16357698302454,100.70055687577947,-0.025965112897019083,100.91902669021538,100.78019569487904,22.711972225298894,28.728491594331018,True
258,1,arb,normalizer,buy,0.10784619880446107,10.87192056573258,100.70055687577947,0.0,100.91902669021538,100.78019569487904,22.711972225298894,28.728491594331018,True
258,2,retail,submission,buy,0.6579033102204012,65.81020104958588,100.70055687577947,0.4410286600272002,99.60111935116048,100.79374055633477,25.711972225298894,25.72849159433102,False
258,3,retail,normalizer,buy,0.6634648152929065,66.3700579743163,100.70055687577947,0.0,99.60111935116048,100.79374055633477,25.711972225298894,25.72849159433102,False
259,0,arb,submission,sell,0.45382270906347344,45.52403173301815,100.7687690830438,-0.20712404124036965,100.50950624021137,100.69191240464613,22.711972225298894,28.728491594331025,True
259,1,arb,normalizer,sell,0.3958547189461825,39.73214479062637,100.7687690830438,0.0,100.50950624021137,100.69191240464613,22.711972225298894,28.728491594331025,True
259,2,retail,submission,sell,0.023717286329670628,2.3912493861239867,100.7687690830438,0.0012876366929761573,100.55732085050627,100.67885260019344,25.711972225298894,25.728491594331025,False
259,3,retail,normalizer,sell,0.038723666577510585,3.903651373851662,100.7687690830438,0.0,100.55732085050627,100.67885260019344,25.711972225298894,25.728491594331025,False
260,0,arb,submission,sell,0.021628684789135377,2.181005813392111,100.8604532743752,-0.000473138168667564,100.60095454194817,100.77736763985772,22.711972225298894,28.214828450814657,True
260,1,arb,normalizer,sell,0.0066320174276768284,0.6688638011549346,100.8604532743752,0.0,100.60095454194817,100.77736763985772,22.711972225298894,28.214828450814657,True
260,2,retail,submission,buy,0.1207474364515359,12.105091290372002,100.8604532743752,0.07354988184872369,100.38858707444626,100.73831712927725,19.711972225298894,19.467291625749617,False
260,3,retail,normalizer,buy,0.06284177987781583,6.296322105859872,100.8604532743752,0.0,100.38858707444626,100.73831712927725,19.711972225298894,19.467291625749617,False
260,4,retail,submission,sell,0.10988624586413209,11.068055074926173,100.8604532743752,-0.015121491549626498,100.38858707444626,100.73831712927725,19.711972225298894,19.467291625749617,False
260,5,retail,normalizer,sell,0.04949600978743263,4.988397306089988,100.8604532743752,0.0,100.38858707444626,100.73831712927725,19.711972225298894,19.467291625749617,False
260,6,retail,submission,buy,0.09502948529647033,9.527259496704573,100.8604532743752,0.05745746472799773,100.38858707444626,100.73831712927725,19.711972225298894,19.467291625749617,False
260,7,retail,normalizer,buy,0.03453252206467759,3.459991590727441,100.8604532743752,0.0,100.38858707444626,100.73831712927725,19.711972225298894,19.467291625749617,False
261,0,arb,submission,sell,0.13425027471710393,13.521671133712127,100.85553848220306,-0.018212614265081584,100.65920006423255,100.79227319186741,16.711972225298894,19.23413217452315,True
261,1,arb,normalizer,sell,0.045156416501114904,4.552213410044154,100.85553848220306,0.0,100.65920006423255,100.79227319186741,16.711972225298894,19.23413217452315,True
262,0,arb,submission,sell,0.04471305987715368,4.5114782416286,100.9437291955929,-0.0020247661171310938,100.74957269263916,100.88563688355065,13.711972225298892,21.225455533560524,True
262,1,arb,normalizer,sell,0.04357234638051466,4.396433375462211,100.9437291955929,0.0,100.74957269263916,100.88563688355065,13.711972225298892,21.225455533560524,True
263,0,retail,submission,sell,0.06740739167986476,6.8103191719726714,100.92208679436858,0.007424538275361492,100.88604460397801,101.04408428068142,13.99821078546281,19.979427297026323,True
263,1,retail,normalizer,sell,0.07738153351331789,7.817249024227816,100.92208679436858,0.0,100.88604460397801,101.04408428068142,13.99821078546281,19.979427297026323,True
266,0,retail,submission,buy,0.023347757725266684,2.3516149961687915,100.92791519659998,0.0048255155576866215,100.83880993008498,100.75246004254483,16.438944533367383,22.449224727054563,True
267,0,retail,submission,sell,0.09667011287967853,9.779525548843232,100.88907118365368,0.026567649193507847,101.03487333129218,101.19914952624373,17.835660595339178,23.81616521754306,True
267,1,retail,normalizer,sell,0.07949055820311912,8.042964770648183,100.88907118365368,0.0,101.03487333129218,101.19914952624373,17.835660595339178,23.81616521754306,True
268,0,retail,submission,buy,0.15948681465329764,16.059291492079865,100.99146756775899,0.047515977463831405,100.71228774666585,101.18843500047379,17.187526118986078,23.1309263508629,False
268,1,retail,normalizer,buy,0.060986371268313855,6.134867925142316,100.99146756775899,0.0,100.71228774666585,101.18843500047379,17.187526118986078,23.1309263508629,False
269,0,arb,submission,sell,0.051319121715422966,5.18311839877586,101.04984240042936,-0.0026707626960824626,100.81610475419627,100.98460946508561,18.46204112182757,24.442000989279034,True
270,0,retail,submission,sell,0.04689510979011402,4.741598893474746,101.03272451430622,0.0036581849820116474,100.91111255066686,101.08887002863698,19.615463112550312,25.594343410376045,True
270,1,retail,normalizer,sell,0.009737569424174808,0.9849402723364866,101.03272451430622,0.0,100.91111255066686,101.08887002863698,19.615463112550312,25.594343410376045,True
271,0,retail,submission,sell,0.05055693828965957,5.117446991661841,100.88156523604364,0.017183923458916617,101.01368959863872,101.19957664114919,20.643988348071208,26.62192605164916,True
271,1,retail,normalizer,sell,0.05631957159994272,5.700419860595026,100.88156523604364,0.0,101.01368959863872,101.19957664114919,20.643988348071208,26.62192605164916,True
272,0,retail,submission,buy,0.069776037474198,7.02886533320634,100.8611408162402,0.008825408077997032,100.87245098471713,100.74045819587838,21.721088526816544,27.736800947935834,True
272,1,retail,normalizer,buy,0.0009692869138694243,0.09757344894023845,100.8611408162402,0.0,100.87245098471713,100.74045819587838,21.721088526816544,27.736800947935834,True
273,0,retail,submission,buy,0.009550675599172847,0.9612154445658234,100.89664193913613,0.0024156516407637385,100.75540514172563,100.7653581021472,18.8228327581298,28.81485329346504,False
273,1,retail,normalizer,buy,0.014941970637839636,1.5038965519306657,100.89664193913613,0.0,100.75540514172563,100.7653581021472,18.8228327581298,28.81485329346504,False
273,2,retail,submission,buy,0.048391306005986096,4.867404635548155,100.89664193913613,0.01511563950499184,100.75540514172563,100.7653581021472,18.8228327581298,28.81485329346504,False
273,3,retail,normalizer,buy,0.048920134450462005,4.92062155027088,100.89664193913613,0.0,100.75540514172563,100.7653581021472,18.8228327581298,28.81485329346504,False
275,0,retail,submission,sell,0.020994970293543247,2.1219168970510665,101.02521020505264,0.0008956098970243076,100.79788519895328,101.01205516226551,18.277295226355076,30.251825325762997,True
276,0,arb,submission,sell,0.009350073522284674,0.9454161745770104,101.12272697275172,-8.875739213765055e-05,100.81681226546729,100.99895112355064,18.210013824387406,30.188353808734544,False
276,1,retail,submission,sell,0.22524689566012057,22.829066667288192,101.12272697275172,0.05148633598992447,101.27438857539259,100.98689690933742,21.210013824387406,27.188353808734544,False
276,2,retail,normalizer,sell,0.21570085540137995,21.86365820893511,101.12272697275172,0.0,101.27438857539259,100.98689690933742,21.210013824387406,27.188353808734544,False
277,0,retail,submission,sell,0.029655057509287985,3.0123845494465846,101.21941151785603,0.01071707982827741,101.3348631270682,100.97580830289793,18.210013824387406,27.644512734399264,False
277,1,retail,normalizer,sell,0.014710046688179546,1.4944831526255489,101.21941151785603,0.0,101.3348631270682,100.97580830289793,18.210013824387406,27.644512734399264,False
278,0,retail,submission,sell,0.09992598782812934,10.16428101725594,101.19469795335971,0.05230086129729372,100.17002329573047,100.9475923161376,20.476531973316987,21.790141469203583,False
278,1,retail,normalizer,sell,0.10221003710617538,10.396372381782564,101.19469795335971,0.0,100.17002329573047,100.9475923161376,20.476531973316987,21.790141469203583,False
278,2,retail,submission,buy,0.06750571034959597,6.835286844978327,101.19469795335971,-0.004066876023974153,100.17002329573047,100.9475923161376,20.476531973316987,21.790141469203583,False
278,3,retail,normalizer,buy,0.011928407255430276,1.2071355289808707,101.19469795335971,0.0,100.17002329573047,100.9475923161376,20.476531973316987,21.790141469203583,False
278,4,retail,submission,buy,0.6095931923219534,61.325239354022415,101.19469795335971,0.36235961742197276,100.17002329573047,100.9475923161376,20.476531973316987,21.790141469203583,False
278,5,retail,normalizer,buy,0.594990920121495,59.84725134469227,101.19469795335971,0.0,100.17002329573047,100.9475923161376,20.476531973316987,21.790141469203583,False
279,0,arb,submission,sell,0.4735645797725283,47.766966208714585,101.34719968998294,-0.22747782359469682,101.1263627081077,101.27861257085756,22.273373343355942,18.790141469203583,True
279,1,arb,normalizer,sell,0.3736053636104373,37.722192092730864,101.34719968998294,0.0,101.1263627081077,101.27861257085756,22.273373343355942,18.790141469203583,True
280,0,arb,submission,sell,0.040725752730139675,4.1278909870217975,101.399776768199,-0.0016912485312365888,101.209245153157,101.33310841409559,19.273373343355942,21.790141469203583,True
280,1,arb,normalizer,sell,0.02579480834839387,2.6149096125534537,101.399776768199,0.0,101.209245153157,101.33310841409559,19.273373343355942,21.790141469203583,True
282,0,retail,submission,sell,0.004363597573018296,0.4426202806252881,101.277789191103,0.0006847655103324191,101.22210270782605,101.31135735320808,16.49993103300379,22.48935445228215,False
282,1,retail,normalizer,sell,0.019313102687590344,1.958724658316512,101.277789191103,0.0,101.22210270782605,101.31135735320808,16.49993103300379,22.48935445228215,False
282,2,retail,submission,sell,0.0019497068076645974,0.1978399997150541,101.277789191103,0.00037800466394061205,101.22210270782605,101.31135735320808,16.49993103300379,22.48935445228215,False
282,3,retail,normalizer,sell,0.016899515955955735,1.7145642492392759,101.277789191103,0.0,101.22210270782605,101.31135735320808,16.49993103300379,22.48935445228215,False
283,0,retail,submission,sell,0.05042044996096706,5.117763765553641,101.43958602354276,0.003134194392389489,101.32487600824652,101.48986741533099,17.909852332901348,23.890328141991038,True
283,1,retail,normalizer,sell,0.038974410258049375,3.9564269341943943,101.43958602354276,0.0,101.32487600824652,101.48986741533099,17.909852332901348,23.890328141991038,True
284,0,retail,submission,sell,0.9207340847959387,94.39151451722279,101.27364044980153,1.1454218637218219,103.10660749525192,101.46918374916243,17.909852332901348,19.309412524956223,False
284,1,retail,normalizer,sell,0.9279936356414424,95.12906737724364,101.27364044980153,0.0,103.10660749525192,101.46918374916243,17.909852332901348,19.309412524956223,False
284,2,retail,submission,buy,0.058759816186168795,6.049458912935734,101.27364044980153,-0.09863841560124698,103.10660749525192,101.46918374916243,17.909852332901348,19.309412524956223,False
285,0,arb,submission,buy,0.8160017598870679,83.29555426254956,101.24031058404022,-0.68328265445939,101.42195580922596,101.30067425902574,20.909852332901348,16.309412524956223,True
285,1,arb,normalizer,buy,0.7852289885014191,80.12896213892236,101.24031058404022,0.0,101.42195580922596,101.30067425902574,20.909852332901348,16.309412524956223,True
285,2,retail,submission,sell,0.26511482157937394,27.004488978389627,101.24031058404022,0.1641821012614031,101.9657117238857,101.31093966252065,17.909852332901348,19.309412524956223,False
285,3,retail,normalizer,sell,0.1369928693971474,13.972079864874136,101.24031058404022,0.0,101.9657117238857,101.31093966252065,17.909852332901348,19.309412524956223,False
286,0,arb,submission,buy,0.27822784372724696,28.239693320074366,101.21459216174358,-0.07897558917973768,101.3961912429716,101.2749405023383,20.909852332901348,16.309412524956223,True
286,1,arb,normalizer,buy,0.15005009819191886,15.21018610826468,101.21459216174358,0.0,101.3961912429716,101.2749405023383,20.909852332901348,16.309412524956223,True
286,2,retail,submission,buy,0.030098451597469274,3.044566129863597,101.21459216174358,0.00183637327423547,101.33488558356322,101.28520329807766,17.909852332901348,19.309412524956223,False
286,3,retail,normalizer,buy,0.04507447560886089,4.560129870189485,101.21459216174358,0.0,101.33488558356322,101.28520329807766,17.909852332901348,19.309412524956223,False
287,0,retail,submission,buy,0.020635797704070924,2.086948276264593,101.35675698090881,0.0046292567341197355,101.29287331321386,101.17174612135841,14.909852332901348,22.309412524956223,True
287,1,retail,normalizer,buy,0.005681474666125019,0.5744949657182588,101.35675698090881,0.0,101.29287331321386,101.17174612135841,14.909852332901348,22.309412524956223,True
288,0,retail,submission,buy,0.033141691879653844,3.350895900855903,101.19107800179623,0.00274762724964539,101.22543478660569,101.13477611912397,15.12619970409984,21.136951857449667,True
288,1,retail,normalizer,buy,0.018203575549163645,1.840253744925576,101.19107800179623,0.0,101.22543478660569,101.13477611912397,15.12619970409984,21.136951857449667,True
289,0,retail,submission,buy,0.1391978634106627,14.049404708759539,101.35843575323828,0.05947298673815382,100.90705333316039,100.85874752701449,19.754472632864193,19.76566879480317,False
289,1,retail,normalizer,buy,0.1403808720690502,14.168960670027445,101.35843575323828,0.0,100.90705333316039,100.85874752701449,19.754472632864193,19.76566879480317,False
289,2,retail,submission,buy,0.01772082420135006,1.7854774920015188,101.35843575323828,0.010677529305451516,100.90705333316039,100.85874752701449,19.754472632864193,19.76566879480317,False
289,3,retail,normalizer,buy,0.02586746754879003,2.606512364684022,101.35843575323828,0.0,100.90705333316039,100.85874752701449,19.754472632864193,19.76566879480317,False
290,0,arb,submission,sell,0.14512227494174113,14.694284206788337,101.40232889929653,-0.021452447468236713,101.20190041449204,101.33816682366319,19.83787004131229,19.821723143245638,True
290,1,arb,normalizer,sell,0.028053546254312778,2.8438927427874003,101.40232889929653,0.0,101.20190041449204,101.33816682366319,19.83787004131229,19.821723143245638,True
291,0,retail,submission,buy,0.11020646366151071,11.118675715784775,101.22469666006187,0.03694013832977738,100.97831816249136,100.84203154102173,21.212688042967855,21.228894926565445,True
291,1,retail,normalizer,buy,0.008328640782550661,0.8394138276871672,101.22469666006187,0.0,100.97831816249136,100.84203154102173,21.212688042967855,21.228894926565445,True
292,0,arb,submission,sell,0.04143449245763975,4.19463290263165,101.27745960156392,-0.001747233358265099,101.06245874673279,101.20863591030309,22.47413812706252,22.456793820246777,True
292,1,retail,submission,sell,0.275517283988151,27.984635618361114,101.27745960156392,0.08094501971853774,101.62463293217549,101.19694053489452,19.47413812706252,25.45679382024678,False
292,2,retail,normalizer,sell,0.2287556284727259,23.245943691637724,101.27745960156392,0.0,101.62463293217549,101.19694053489452,19.47413812706252,25.45679382024678,False
293,0,arb,submission,buy,0.12527271758962666,12.690007294599127,101.17153319361103,-0.01597438872635415,101.3689404684587,101.24437437852163,18.48741117290564,24.502166304673498,True
293,1,arb,normalizer,buy,0.03522707194737477,3.5652382469525037,101.17153319361103,0.0,101.3689404684587,101.24437437852163,18.48741117290564,24.502166304673498,True
293,2,retail,submission,sell,0.11719026336156446,11.922699110520375,101.17153319361103,0.0663804908678376,101.60857425490536,101.25676259447202,21.48741117290564,21.502166304673498,False
293,3,retail,normalizer,sell,0.03745272024858082,3.813425475433041,101.17153319361103,0.0,101.60857425490536,101.25676259447202,21.48741117290564,21.502166304673498,False
294,0,retail,submission,buy,0.22128477867570245,22.386290652695607,101.40383239289172,0.05283395523346357,100.2125504196452,101.02175459489183,17.894726763542256,23.912276513592584,False
294,1,retail,normalizer,buy,0.15149593501800668,15.315336407529685,101.40383239289172,0.0,100.2125504196452,101.02175459489183,17.894726763542256,23.912276513592584,False
294,2,retail,submission,buy,0.4687763322895823,47.09967895027694,101.40383239289172,0.43603767897037926,100.2125504196452,101.02175459489183,17.894726763542256,23.912276513592584,False
294,3,retail,normalizer,buy,0.46603009333163853,46.82236372942498,101.40383239289172,0.0,100.2125504196452,101.02175459489183,17.894726763542256,23.912276513592584,False
295,0,arb,submission,sell,0.4632221947424995,46.748726516427055,101.39090369360525,-0.21779041945016786,101.14845496109679,101.32303236375685,16.82925087579956,22.808557306945985,True
295,1,arb,normalizer,sell,0.3872867518549441,39.11504546410681,101.39090369360525,0.0,101.14845496109679,101.32303236375685,16.82925087579956,22.808557306945985,True
296,0,retail,submission,buy,0.021020404236057666,2.122155322264007,101.27607852844801,0.006708787846690711,101.10577333397791,100.99971907123617,18.31092794684406,24.32352187625939,True
298,0,retail,submission,buy,0.12515103770968466,12.614477604754939,101.33253952849763,0.06739487099418007,100.70754288757763,100.74804614235369,19.615440499468036,25.61061522696353,False
298,1,retail,normalizer,buy,0.05740563070548771,5.782211415064012,101.33253952849763,0.0,100.70754288757763,100.74804614235369,19.615440499468036,25.61061522696353,False
298,2,retail,submission,buy,0.07166052599323909,7.207398840186215,101.33253952849763,0.054144242656617436,100.70754288757763,100.74804614235369,19.615440499468036,25.61061522696353,False
298,3,retail,normalizer,buy,0.08080644991802304,8.12800997516024,101.33253952849763,0.0,100.70754288757763,100.74804614235369,19.615440499468036,25.61061522696353,False
299,0,arb,submission,sell,0.12859813835414968,13.000833370385662,101.2272268407036,-0.016799552082034097,100.96797768499262,101.15391925963132,20.68490189478341,26.662823149932958,True
299,1,arb,normalizer,sell,0.057419405485404695,5.809056291398879,101.2272268407036,0.0,100.96797768499262,101.15391925963132,20.68490189478341,26.662823149932958,True
300,0,arb,submission,sell,0.004762240462994782,0.4821423264786855,101.24759616104261,-2.307274038682028e-05,100.97764148596286,101.14146225155837,20.71316598840755,26.69371360463191,False
300,1,arb,normalizer,sell,0.010013534942089564,1.01374435238095,101.24759616104261,0.0,100.97764148596286,101.14146225155837,20.71316598840755,26.69371360463191,False
301,0,retail,submission,buy,0.04170794766871926,4.201089606123787,101.20483637181476,0.01995641309315843,100.86512500754871,100.77374624156481,24.82534881143195,24.841117288029878,False
301,1,retail,submission,buy,0.013898355114080961,1.3989945693901973,101.20483637181476,0.0075861857677412825,100.86512500754871,100.77374624156481,24.82534881143195,24.841117288029878,False
302,0,arb,submission,sell,0.09053587795722251,9.162985427277889,101.3004436832002,-0.008339179036816802,101.04880206291382,101.21987585932187,23.808087256864358,23.787788656230944,True
302,1,arb,normalizer,sell,0.025965697883435723,2.629650515230833,101.3004436832002,0.0,101.04880206291382,101.21987585932187,23.808087256864358,23.787788656230944,True
302,2,retail,submission,sell,0.03737081449773427,3.7867029053608015,101.3004436832002,0.0010228159377492219,101.03500545067251,101.19359239504807,23.808087256864358,23.787788656230948,False
302,3,retail,normalizer,sell,0.03212894790605958,3.255727908232325,101.3004436832002,0.0,101.03500545067251,101.19359239504807,23.808087256864358,23.787788656230948,False
302,4,retail,submission,buy,0.04425478304402838,4.463959943890586,101.3004436832002,0.019069213573253307,101.03500545067251,101.19359239504807,23.808087256864358,23.787788656230948,False
303,0,arb,submission,sell,0.01228718609199575,1.2445497662931237,101.30093948565062,-0.00015372846106553872,101.05996695173437,101.22373287157889,20.808087256864358,25.66163851928143,True
304,0,arb,submission,sell,0.006877357954692798,0.6968618847740446,101.33398199017759,-4.818234679992983e-05,101.07394238862247,101.21061360036731,23.808087256864358,22.66163851928143,False
305,0,retail,submission,buy,0.040838512544394114,4.116196205348388,101.2572446073641,0.01899904876023406,101.41654600676418,100.83853849454137,23.808087256864358,22.66163851928143,False
305,1,retail,normalizer,buy,0.0038895787131534576,0.3918932645156019,101.2572446073641,0.0,101.41654600676418,100.83853849454137,23.808087256864358,22.66163851928143,False
305,2,retail,submission,sell,0.20889279638930702,21.19510289270806,101.2572446073641,0.043193911999694024,101.41654600676418,100.83853849454137,23.808087256864358,22.66163851928143,False
305,3,retail,normalizer,sell,0.1564049742804059,15.87785802582393,101.2572446073641,0.0,101.41654600676418,100.83853849454137,23.808087256864358,22.66163851928143,False
306,0,arb,submission,buy,0.042531048009150405,4.301244831358417,101.08868527491933,-0.0018371047489278425,101.32993246229879,101.16396181108482,20.808087256864358,25.66163851928143,True
306,1,retail,submission,sell,0.05210783386020523,5.296445859269916,101.08868527491933,0.02893344181784485,101.43631772045245,101.17676439578472,23.808087256864358,22.66163851928143,False
306,2,retail,normalizer,sell,0.009680149571934749,0.9843490272151616,101.08868527491933,0.0,101.43631772045245,101.17676439578472,23.808087256864358,22.66163851928143,False
307,0,arb,submission,buy,0.06465697271487703,6.538702694499079,101.06346360797608,-0.004245085527203152,101.3046506040869,101.13872136261591,20.808087256864358,25.66163851928143,True
307,1,arb,normalizer,buy,0.012101444458862683,1.2231624736123194,101.06346360797608,0.0,101.3046506040869,101.13872136261591,20.808087256864358,25.66163851928143,True
308,0,arb,submission,buy,0.016293597306701803,1.6469130394361855,101.06077426457547,-0.00026948006569971206,101.27150088728506,101.13603092058118,19.365954908731595,25.382017943401568,True
308,1,arb,normalizer,buy,0.001325519393522483,0.13395979858796636,101.06077426457547,0.0,101.27150088728506,101.13603092058118,19.365954908731595,25.382017943401568,True
308,2,retail,submission,buy,0.2570313860330386,25.912648812594853,101.06077426457547,0.06314207020101748,100.75063498808491,101.14883012424889,22.365954908731595,22.382017943401564,False
308,3,retail,normalizer,buy,0.2499707240836478,25.199006626142364,101.06077426457547,0.0,100.75063498808491,101.14883012424889,22.365954908731595,22.382017943401564,False
309,0,arb,submission,sell,0.01986614378613183,2.006416561689968,101.01692376235668,-0.00040017060572683505,100.79082750233302,100.97031005291733,21.783686770760983,21.76233686529248,True
309,1,retail,submission,buy,0.009585996920345485,0.9639832945740636,101.01692376235668,0.004364625514662213,100.703937963013,100.94839562185449,18.783686770760983,18.76233686529248,False
309,2,retail,normalizer,buy,0.0017711992999808381,0.17810071123494708,101.01692376235668,0.0,100.703937963013,100.94839562185449,18.783686770760983,18.76233686529248,False
309,3,retail,submission,sell,0.09442908585006649,9.54843098779887,101.01692376235668,0.009495221533668996,100.703937963013,100.94839562185449,18.783686770760983,18.76233686529248,False
309,4,retail,normalizer,sell,0.027269145156310515,2.7592476204907346,101.01692376235668,0.0,100.703937963013,100.94839562185449,18.783686770760983,18.76233686529248,False
309,5,retail,submission,buy,0.12810526866033947,12.889136117761154,101.01692376235668,0.0516640400565791,100.703937963013,100.94839562185449,18.783686770760983,18.76233686529248,False
309,6,retail,normalizer,buy,0.0608350196757996,6.116705154794545,101.01692376235668,0.0,100.703937963013,100.94839562185449,18.783686770760983,18.76233686529248,False
310,0,arb,submission,sell,0.1086410816847092,10.973113624955273,101.11359079381276,-0.011976251909599611,100.92387806859948,101.05280936972511,15.783686770760985,20.13723375986664,True
310,1,arb,normalizer,sell,0.011522487482622523,1.1649453108612262,101.11359079381276,0.0,100.92387806859948,101.05280936972511,15.783686770760985,20.13723375986664,True
311,0,arb,normalizer,sell,0.0027212184703699904,0.2751596888430271,101.1191163129108,0.0,100.92387806859948,101.05280936972511,15.783686770760985,20.13723375986664,True
311,1,retail,submission,buy,0.059671799086601314,6.009207308221448,101.1191163129108,0.024752284217234966,100.80317613192467,100.70198462819107,12.783686770760985,22.20692621394383,True
312,0,arb,submission,sell,0.060852255035243275,6.151511187729139,101.15108828357016,-0.003760633595080165,100.92646280817284,101.09442154436407,11.892775722995502,23.872822292529595,True
312,1,arb,normalizer,sell,0.015741240728644357,1.5919919715051838,101.15108828357016,0.0,100.92646280817284,101.09442154436407,11.892775722995502,23.872822292529595,True
313,0,arb,submission,sell,0.08041632088104222,8.142134554163437,101.33164075393043,-0.006583184107126883,101.08973352869752,101.27361263911303,13.379969964469527,25.358162168079797,True
313,1,arb,normalizer,sell,0.08875423623646839,8.985596411097058,101.33164075393043,0.0,101.08973352869752,101.27361263911303,13.379969964469527,25.358162168079797,True
315,0,retail,submission,buy,0.12120782646748364,12.221598479078239,101.2548775332308,0.05128514595590694,100.84412270673124,100.77169987162677,15.527565881158331,27.536186970615887,True
315,1,retail,normalizer,buy,0.00761419011430324,0.7668774563589977,101.2548775332308,0.0,100.84412270673124,100.77169987162677,15.527565881158331,27.536186970615887,True
316,0,arb,submission,sell,0.06302022678059416,6.376803256142055,101.25068948797951,-0.004038157081935445,100.97188369631505,101.18086873709076,16.6430269675495,28.618215823905683,True
316,1,retail,submission,buy,0.08798318024613264,8.861220925253292,101.25068948797951,0.04713673801281715,100.79387867380878,101.16900399859264,19.6430269675495,25.618215823905683,False
316,2,retail,normalizer,buy,0.04118252983101989,4.145748573013407,101.25068948797951,0.0,100.79387867380878,101.16900399859264,19.6430269675495,25.618215823905683,False
317,0,arb,submission,sell,0.04460674981503132,4.5096546651994185,101.14332849204332,-0.0020204843046869314,100.88421733019759,101.07002464814019,19.05567257842441,25.033591459518767,True
319,0,retail,submission,buy,0.18693523003828405,18.787669152083254,100.98399831078208,0.08979780232848356,100.50715934149531,101.05756827922835,18.59435944759257,24.52882310767079,False
319,1,retail,normalizer,buy,0.15438735031627993,15.511414687523938,100.98399831078208,0.0,100.50715934149531,101.05756827922835,18.59435944759257,24.52882310767079,False
320,0,arb,submission,sell,0.16612894053578486,16.76612867714854,101.09074999784211,-0.027970517960866914,100.84278628539023,101.02094769581228,19.742664496235854,25.721482514877444,True
320,1,arb,normalizer,sell,0.08410677546298473,8.495243858003963,101.09074999784211,0.0,100.84278628539023,101.02094769581228,19.742664496235854,25.721482514877444,True
321,0,arb,submission,sell,0.02459576510635486,2.487315996410851,101.15279945129807,-0.0006144987434972826,100.89261945505633,101.0791598447807,20.784040939660986,26.761874628263893,True
321,1,arb,normalizer,sell,0.030555780858918524,3.0898546431260585,101.15279945129807,0.0,100.89261945505633,101.0791598447807,20.784040939660986,26.761874628263893,True
321,2,retail,submission,buy,0.017936602271088734,1.8055849333941296,101.15279945129807,0.008752598971006442,100.85635020456394,101.06664644425175,23.784040939660986,23.761874628263893,False
322,0,retail,submission,buy,0.0615824580840537,6.192389123916655,101.07396909278012,0.03199434112841626,100.73201161283923,100.56899842680203,22.92162311887574,22.941058274537017,True
322,1,retail,normalizer,buy,0.02701148277479712,2.7151836581797397,101.07396909278012,0.0,100.73201161283923,100.56899842680203,22.92162311887574,22.941058274537017,True
323,0,arb,submission,sell,0.08962305382007685,9.056815752060443,101.14551278474461,-0.008153983905994977,100.91347427444435,101.07123397201003,24.059631049464745,24.040885903980975,True
323,1,arb,normalizer,sell,0.023343642009606924,2.360551287465195,101.14551278474461,0.0,100.91347427444435,101.07123397201003,24.059631049464745,24.040885903980975,True
323,2,retail,submission,buy,0.2642111012709169,26.528071169557734,101.14551278474461,0.19569615191124612,100.43382324659305,101.04700117752488,22.8443933637598,24.040885903980975,False
323,3,retail,normalizer,buy,0.19921766848649075,19.9893850116041,101.14551278474461,0.0,100.43382324659305,101.04700117752488,22.8443933637598,24.040885903980975,False
323,4,retail,submission,sell,0.026152188386888042,2.6329959081290637,101.14551278474461,-0.01218059670597027,100.43382324659305,101.04700117752488,22.8443933637598,24.040885903980975,False
324,0,arb,submission,sell,0.1990665340019433,20.081255572008097,101.07875455311324,-0.04014175811330034,100.83575227256046,101.00286828852609,24.415619573967422,21.040885903980975,True
324,1,arb,normalizer,sell,0.16574073035501158,16.725039120990562,101.07875455311324,0.0,100.83575227256046,101.00286828852609,24.415619573967422,21.040885903980975,True
325,0,arb,submission,sell,0.0377766733028011,3.8187197484712057,101.12507442184261,-0.0014491506841904922,100.91229830654845,101.05146837143803,21.415619573967422,24.040885903980975,True
325,1,arb,normalizer,sell,0.022816587454187243,2.306800613164711,101.12507442184261,0.0,100.91229830654845,101.05146837143803,21.415619573967422,24.040885903980975,True
325,2,retail,submission,buy,0.05530529018188173,5.565946267841355,101.12507442184261,0.026805317723036737,100.80050373347908,101.03896067204991,24.415619573967422,21.040885903980975,False
326,0,arb,submission,sell,0.14517439344585625,14.685912760385222,101.3081508740114,-0.021436593870676646,101.09498954964305,101.23441156749156,21.415619573967422,24.040885903980975,True
326,1,arb,normalizer,sell,0.09002796561890136,9.11232199703348,101.3081508740114,0.0,101.09498954964305,101.23441156749156,21.415619573967422,24.040885903980975,True
327,0,arb,normalizer,sell,0.003092873190681189,0.31334300367787205,101.31444922010142,0.0,101.09498954964305,101.23441156749156,21.415619573967422,24.040885903980975,True
327,1,retail,submission,buy,0.09345341244773882,9.418607863541183,101.31444922010142,0.04957314634044607,100.90567758270863,100.76292409190724,21.577759458971038,21.594748141149545,True
327,2,retail,normalizer,buy,0.008866649857249873,0.892858586177681,101.31444922010142,0.0,100.90567758270863,100.76292409190724,21.577759458971038,21.594748141149545,True
328,0,arb,submission,sell,0.09733323369087543,9.852363978762357,101.32208686132071,-0.00964237975775184,101.10328436663012,101.25204617468378,22.84815601221361,22.83051237819747,True
328,1,arb,normalizer,sell,0.012590212030659131,1.2755051527457877,101.32208686132071,0.0,101.10328436663012,101.25204617468378,22.84815601221361,22.83051237819747,True
329,0,retail,submission,buy,0.2609657984245091,26.255478269325977,101.28319370279858,0.17597124230907113,100.55681874493989,101.22919537691794,18.48902110121319,24.410038070017475,False
329,1,retail,normalizer,buy,0.1832613208740037,18.42334357290747,101.28319370279858,0.0,100.55681874493989,101.22919537691794,18.48902110121319,24.410038070017475,False
329,2,retail,submission,buy,0.009517961947468866,0.9551302345953445,101.28319370279858,0.008879348986010616,100.55681874493989,101.22919537691794,18.48902110121319,24.410038070017475,False
329,3,retail,normalizer,buy,0.002713019061298186,0.27223370571846317,101.28319370279858,0.0,100.55681874493989,101.22919537691794,18.48902110121319,24.410038070017475,False
330,0,arb,submission,sell,0.20721171394217208,20.931029446509626,101.22310044478398,-0.043582687194703595,100.97601447124174,101.15357027760338,17.400720904559574,23.379638689613284,True
330,1,arb,normalizer,sell,0.13678015445697156,13.826312920398545,101.22310044478398,0.0,100.97601447124174,101.15357027760338,17.400720904559574,23.379638689613284,True
333,0,retail,submission,buy,0.09852954069693713,9.922001539800476,100.85562711049131,0.015257076097793032,100.7767068363254,100.66707896909094,19.462377066551554,25.47543812377458,True
333,1,retail,normalizer,buy,0.007604321499007999,0.7650632591357862,100.85562711049131,0.0,100.7767068363254,100.66707896909094,19.462377066551554,25.47543812377458,True
334,0,retail,submission,buy,0.08874532566345918,8.918125931830218,100.69271371791321,0.017881739003453134,100.58804482727119,100.48653948891672,23.686283490706685,23.701023155360787,False
334,1,retail,normalizer,buy,0.09910462762339443,9.960173376332023,100.69271371791321,0.0,100.58804482727119,100.48653948891672,23.686283490706685,23.701023155360787,False
334,2,retail,submission,buy,0.004811034549460633,0.48295473744474293,100.69271371791321,0.0014813871310861426,100.58804482727119,100.48653948891672,23.686283490706685,23.701023155360787,False
334,3,retail,normalizer,buy,0.010942224229069715,1.0985003388486803,100.69271371791321,0.0,100.58804482727119,100.48653948891672,23.686283490706685,23.701023155360787,False
335,0,retail,submission,sell,0.08404246308133168,8.480899182434754,100.76352575605688,0.012484289136530435,100.75782918765451,100.92056535509174,22.87021427669235,22.850848454055033,True
335,1,retail,normalizer,sell,0.006037427842770171,0.6097263854363515,100.76352575605688,0.0,100.75782918765451,100.92056535509174,22.87021427669235,22.850848454055033,True
337,0,retail,submission,sell,0.017587785097163078,1.7764793610479972,100.85251700414751,0.0027069654710656366,100.79341479386636,100.95030330550881,24.46316909355418,24.444505195045263,True
337,1,retail,normalizer,sell,0.013347921299313725,1.3482833070472042,100.85251700414751,0.0,100.79341479386636,100.95030330550881,24.46316909355418,24.444505195045263,True
338,0,retail,submission,buy,0.013679948778284733,1.3752872291479434,100.91625610222562,0.00524198522676711,100.7658020389589,100.59808278605654,25.387633545649567,25.407623535776917,True
339,0,retail,submission,sell,0.021968028189249367,2.2197541034714967,100.8546897592763,0.004175435821715645,100.81025845991529,100.9848351496722,26.248381917948958,26.227619071443527,True
339,1,retail,normalizer,sell,0.02109147857262883,2.131202215454588,100.8546897592763,0.0,100.81025845991529,100.9848351496722,26.248381917948958,26.227619071443527,True
341,0,retail,submission,sell,0.08233985370026176,8.32941610607116,100.78481763465507,0.03080896682610046,101.059598932278,101.12985024839988,27.477203957235822,26.969635171364033,False
341,1,retail,normalizer,sell,0.08645032601613423,8.744867844372587,100.78481763465507,0.0,101.059598932278,101.12985024839988,27.477203957235822,26.969635171364033,False
341,2,retail,submission,sell,0.019550316097507903,1.9799592528999246,100.78481763465507,0.009584210312729269,101.059598932278,101.12985024839988,27.477203957235822,26.969635171364033,False
341,3,retail,normalizer,sell,0.025681238905491455,2.6007086318311745,100.78481763465507,0.0,101.059598932278,101.12985024839988,27.477203957235822,26.969635171364033,False
341,4,retail,submission,sell,0.021052028819894986,2.1334533157037874,100.78481763465507,0.011728430251168653,101.059598932278,101.12985024839988,27.477203957235822,26.969635171364033,False
341,5,retail,normalizer,sell,0.033594745655079805,3.4041273640654652,100.78481763465507,0.0,101.059598932278,101.12985024839988,27.477203957235822,26.969635171364033,False
342,0,arb,submission,buy,0.044811570272250245,4.5141679138287145,100.6914246984561,-0.0020270601408549638,100.96885889136482,100.77929992392757,24.477203957235822,29.696076365061373,True
342,1,arb,normalizer,buy,0.03204439425704787,3.227631997984645,100.6914246984561,0.0,100.96885889136482,100.77929992392757,24.477203957235822,29.696076365061373,True
344,0,retail,submission,sell,0.8011784165698543,81.79348827895193,100.88266312703445,0.9684759754844379,102.61440332123067,100.79424633726698,25.225634881279152,26.696076365061373,False
344,1,retail,normalizer,sell,0.7870850800924671,80.36606941893372,100.88266312703445,0.0,102.61440332123067,100.79424633726698,25.225634881279152,26.696076365061373,False
345,0,arb,submission,buy,0.7419669313209174,75.37931053961256,100.8379058018919,-0.5609190109550894,101.09291910854341,100.92182053877644,26.611595913564738,23.696076365061373,True
345,1,arb,normalizer,buy,0.7169361160590179,72.81778922745798,100.8379058018919,0.0,101.09291910854341,100.92182053877644,26.611595913564738,23.696076365061373,True
346,0,arb,submission,buy,0.0764283163813473,7.699899295641444,100.66952865873661,-0.005896709350413865,100.93814116122148,100.7506949839521,23.611595913564734,26.696076365061373,True
346,1,arb,normalizer,buy,0.08337083173704442,8.399918273647927,100.66952865873661,0.0,100.93814116122148,100.7506949839521,23.611595913564734,26.696076365061373,True
346,2,retail,submission,buy,0.04141428186609052,4.168679906726538,100.66952865873661,0.0004763284728577233,101.28786911926028,100.78888915456113,19.695492125965988,18.269629959101835,False
346,3,retail,normalizer,buy,0.026418471774841502,2.6588313892498263,100.66952865873661,0.0,101.28786911926028,100.78888915456113,19.695492125965988,18.269629959101835,False
346,4,retail,submission,sell,0.20890971499581212,21.16390975566523,100.66952865873661,0.1330672148058234,101.28786911926028,100.78888915456113,19.695492125965988,18.269629959101835,False
346,5,retail,normalizer,sell,0.14561364359951767,14.760996772272954,100.66952865873661,0.0,101.28786911926028,100.78888915456113,19.695492125965988,18.269629959101835,False
346,6,retail,submission,sell,0.00439180904467662,0.4457654454019488,100.66952865873661,0.003644098915177141,101.28786911926028,100.78888915456113,19.695492125965988,18.269629959101835,False
347,0,arb,submission,buy,0.25200838044006874,25.410796896705506,100.57855144774581,-0.06415903935095457,100.777036781186,100.63972381780368,16.695492125965988,18.008180826440103,True
347,1,arb,normalizer,buy,0.16476718688298214,16.59943323096195,100.57855144774581,0.0,100.777036781186,100.63972381780368,16.695492125965988,18.008180826440103,True
348,0,arb,submission,buy,0.021296511525866157,2.142158930435471,100.56585163598817,-0.0004571119611034291,100.73403205989544,100.62175581155883,19.695492125965988,15.008180826440102,True
348,1,arb,normalizer,buy,0.00630525673121953,0.6341335494817031,100.56585163598817,0.0,100.73403205989544,100.62175581155883,19.695492125965988,15.008180826440102,True
348,2,retail,submission,sell,0.021996640118757682,2.2196308104001132,100.56585163598817,0.007519963726903001,100.55777359208648,100.64000966079915,18.004904789747666,15.008180826440102,False
348,3,retail,submission,buy,0.10946166584793564,11.00089945720174,100.56585163598817,0.007206190289867465,100.55777359208648,100.64000966079915,18.004904789747666,15.008180826440102,False
348,4,retail,normalizer,buy,0.08748655488067779,8.790459277646733,100.56585163598817,0.0,100.55777359208648,100.64000966079915,18.004904789747666,15.008180826440102,False
351,0,retail,submission,sell,0.00649780222150298,0.6544292818862799,100.57533666056004,0.0009106359048828283,100.57087935800261,100.64805761763,15.004904789747666,18.008180826440103,False
353,0,arb,submission,sell,0.04437852219898275,4.473229701591352,100.84205552224287,-0.0019916979935548085,100.66045732516741,100.7887595172234,15.757609682314282,15.74232417930956,True
354,0,arb,submission,sell,0.07456804847495846,7.523517401448227,100.97019307184227,-0.005632850058822747,100.81124252066382,100.91927692637913,17.611333970884377,17.598481053317546,True
355,0,arb,submission,sell,0.027213989129734273,2.749063829334478,101.04417915015478,-0.0007513636807563451,100.86635674292255,100.98722109401287,19.271562129268922,19.257191591687906,True
355,1,arb,normalizer,sell,0.024280221711705963,2.4527773301274114,101.04417915015478,0.0,100.86635674292255,100.98722109401287,19.271562129268922,19.257191591687906,True
356,0,arb,submission,sell,0.041919452332905394,4.238204901448718,101.14612020626116,-0.0017850631959657193,100.95134118470436,101.0837267786348,20.75629411017834,20.740567858857915,True
356,1,arb,normalizer,sell,0.050219934660475474,5.0769911660404725,101.14612020626116,0.0,100.95134118470436,101.0837267786348,20.75629411017834,20.740567858857915,True
357,0,arb,submission,sell,0.04765896911062839,4.8235461306469904,101.25810710357855,-0.0023108680031613815,101.04809203941443,101.19082932189625,22.083521634197133,22.066582784066284,True
357,1,arb,normalizer,sell,0.055081447674666606,5.574358074630554,101.25810710357855,0.0,101.04809203941443,101.19082932189625,22.083521634197133,22.066582784066284,True
357,2,retail,submission,buy,0.03955195540767762,3.9862422429632716,101.25810710357855,0.018713893863312236,100.96796637882537,101.17939654530417,25.083521634197133,19.066582784066284,False
358,0,arb,submission,sell,0.06599558779960546,6.68059965183772,101.2951471830346,-0.0044331277541980185,101.10201195209567,101.22353687720965,24.81412548387966,18.79971011113207,True
358,1,arb,normalizer,sell,0.018198286575255906,1.843061053312754,101.2951471830346,0.0,101.10201195209567,101.22353687720965,24.81412548387966,18.79971011113207,True
359,0,arb,submission,sell,0.027220979123185884,2.758034251277557,101.34791018405711,-0.0007550960211797353,101.15737905087416,101.27713347429969,26.137540041027513,20.123342332710084,True
359,1,arb,normalizer,sell,0.025905938629279035,2.6248292149268444,101.34791018405711,0.0,101.15737905087416,101.27713347429969,26.137540041027513,20.123342332710084,True
359,2,retail,submission,sell,0.046880295676743344,4.754091743120737,101.34791018405711,0.0028717474721116076,101.25283960147172,101.26510635012532,23.137540041027513,23.123342332710084,False
359,3,retail,normalizer,sell,0.05350001698123208,5.425032418351821,101.34791018405711,0.0,101.25283960147172,101.26510635012532,23.137540041027513,23.123342332710084,False
362,0,arb,submission,sell,0.04674695703683085,4.746465077586737,101.5830572346097,-0.0022337346294918348,101.3481632538458,101.50780887671999,23.47742175242577,23.45853399226402,True
362,1,arb,normalizer,sell,0.06170856474048492,6.264654205567286,101.5830572346097,0.0,101.3481632538458,101.50780887671999,23.47742175242577,23.45853399226402,True
362,2,retail,submission,sell,0.020288942710806168,2.0615031416417193,101.5830572346097,0.0004903130201792116,101.38957717091009,101.49502220043233,23.560619263683773,23.54814576536811,False
362,3,retail,normalizer,sell,0.021964819304784555,2.2317468189207914,101.5830572346097,0.0,101.38957717091009,101.49502220043233,23.560619263683773,23.54814576536811,False
363,0,retail,submission,sell,0.010142800509342464,1.0309068884199992,101.54158889674797,0.0009908088386207936,101.41029023663233,101.57297745258393,24.66472223170188,24.645486689643228,True
363,1,retail,normalizer,sell,0.01059225330071456,1.0765841090964243,101.54158889674797,0.0,101.41029023663233,101.57297745258393,24.66472223170188,24.645486689643228,True
366,0,retail,submission,sell,0.03718672524657052,3.7818498911473912,101.5052381428791,0.007202489240436538,105.02454504100923,101.63047957428815,24.52414594450949,20.676637900971023,False
366,1,retail,normalizer,sell,0.04265990688736565,4.338227959729524,101.5052381428791,0.0,105.02454504100923,101.63047957428815,24.52414594450949,20.676637900971023,False
366,2,retail,submission,sell,1.4692764120852786,151.75016620514427,101.5052381428791,2.6109140987130957,105.02454504100923,101.63047957428815,24.52414594450949,20.676637900971023,False
366,3,retail,normalizer,sell,1.4775960048042833,152.59706868972475,101.5052381428791,0.0,105.02454504100923,101.63047957428815,24.52414594450949,20.676637900971023,False
366,4,retail,submission,sell,0.21716074006053532,22.809622442178455,101.5052381428791,0.7666698070499542,105.02454504100923,101.63047957428815,24.52414594450949,20.676637900971023,False
366,5,retail,normalizer,sell,0.2025244707564724,21.27549118812239,101.5052381428791,0.0,105.02454504100923,101.63047957428815,24.52414594450949,20.676637900971023,False
367,0,arb,submission,buy,1.5338226691380434,158.21314245936082,101.55712045823832,-2.442528888131932,101.80679292301697,101.63067819380758,21.524145944509492,22.13108214569596,True
367,1,arb,normalizer,buy,1.474309490284292,151.98128905792146,101.55712045823832,0.0,101.80679292301697,101.63067819380758,21.524145944509492,22.13108214569596,True
369,0,retail,submission,buy,0.04926650767267696,5.00238803971115,101.59198549154502,0.0026942929905393598,101.70587040428225,101.5579464938264,24.17849718384142,19.13108214569596,True
369,1,retail,normalizer,buy,0.0343472271298345,3.4870003182331857,101.59198549154502,0.0,101.70587040428225,101.5579464938264,24.17849718384142,19.13108214569596,True
370,0,retail,submission,sell,0.1457238303911481,14.871232461534838,101.50937397750853,0.07889766492476014,102.03641288291551,101.58112814523061,21.657997332083134,19.13108214569596,False
370,1,retail,normalizer,sell,0.04964694930050939,5.071425783845349,101.50937397750853,0.0,102.03641288291551,101.58112814523061,21.657997332083134,19.13108214569596,False
370,2,retail,submission,sell,0.015015160804139782,1.5352584989596285,101.50937397750853,0.011078925559775632,102.03641288291551,101.58112814523061,21.657997332083134,19.13108214569596,False
370,3,retail,normalizer,sell,0.029910595435623577,3.057815674068783,101.50937397750853,0.0,102.03641288291551,101.58112814523061,21.657997332083134,19.13108214569596,False
371,0,arb,submission,buy,0.2338632946504983,23.754894894196696,101.33711391595804,-0.055863563437888786,101.55706618280217,101.40333849869826,18.657997332083134,22.13108214569596,True
371,1,arb,normalizer,buy,0.1532695711226445,15.555861232278403,101.33711391595804,0.0,101.55706618280217,101.40333849869826,18.657997332083134,22.13108214569596,True
371,2,retail,submission,buy,0.06774235958349803,6.862203195691109,101.33711391595804,0.002612014357622705,101.26535009070065,101.4249635695125,18.657997332083134,18.718530447069156,False
371,3,retail,normalizer,buy,0.05282874921012437,5.350671719999809,101.33711391595804,0.0,101.26535009070065,101.4249635695125,18.657997332083134,18.718530447069156,False
371,4,retail,submission,buy,0.07537154540005471,7.6217637607696815,101.33711391595804,0.016171121457466242,101.26535009070065,101.4249635695125,18.657997332083134,18.718530447069156,False
371,5,retail,normalizer,buy,0.090365391038025,9.139353412370838,101.33711391595804,0.0,101.26535009070065,101.4249635695125,18.657997332083134,18.718530447069156,False
373,0,retail,submission,sell,0.38925672236851483,39.64744543843295,101.17067015679872,0.26608197337136374,102.06337241459562,101.43449808611156,18.683878001520174,15.718530447069156,False
373,1,retail,normalizer,sell,0.29172304198593224,29.742468332182582,101.17067015679872,0.0,102.06337241459562,101.43449808611156,18.683878001520174,15.718530447069156,False
374,0,arb,submission,buy,0.31380119814999435,31.866932091053968,101.23101467328136,-0.10051839663861628,101.4205075122024,101.28679982588892,15.683878001520174,18.718530447069156,True
374,1,arb,normalizer,buy,0.20152894806381152,20.442367762141657,101.23101467328136,0.0,101.4205075122024,101.28679982588892,15.683878001520174,18.718530447069156,True
374,2,retail,submission,sell,0.11489400026765395,11.687984527194807,101.23101467328136,0.05714830022793649,101.65561707250697,101.29628635859866,18.683878001520174,15.718530447069156,False
374,3,retail,normalizer,sell,0.002491293220785451,0.253722523388614,101.23101467328136,0.0,101.65561707250697,101.29628635859866,18.683878001520174,15.718530447069156,False
375,0,arb,submission,buy,0.1363491340718554,13.815800743515865,101.18780200659998,-0.018931561281606335,101.37721395636946,101.2435633460984,21.56583036401225,12.718530447069156,True
375,1,arb,normalizer,buy,0.023750905516134797,2.40387538570576,101.18780200659998,0.0,101.37721395636946,101.2435633460984,21.56583036401225,12.718530447069156,True
377,0,retail,submission,buy,0.06761292845510881,6.834985196228445,101.302569064968,0.014378158279956033,101.23962286464995,101.07677237241333,20.686819872961472,14.70613818776784,True
377,1,retail,normalizer,buy,0.08201796229466528,8.292386080127471,101.302569064968,0.0,101.23962286464995,101.07677237241333,20.686819872961472,14.70613818776784,True
378,0,retail,submission,buy,0.08411154273054144,8.490634300203965,101.26381713946078,0.026821582179525905,101.0688329928283,100.91693756865752,22.18369367760876,16.201741930067165,True
378,1,retail,normalizer,buy,0.07976229006700838,8.051244654923721,101.26381713946078,0.0,101.0688329928283,100.91693756865752,22.18369367760876,16.201741930067165,True
379,0,arb,submission,sell,0.06967063031143539,7.057899809470942,101.37480793639126,-0.004946957158140641,101.21056308875168,101.3125047497486,23.717777664090775,17.705697065618523,True
380,0,arb,submission,sell,0.00022465755832001832,0.022778099583091255,101.39053960688615,-5.1481740898084993e-08,101.21102058892623,101.30191701665238,24.14452365585439,18.13375143413255,False
381,0,arb,submission,sell,0.033284437290731717,3.376002243406235,101.46282658975863,-0.0011308455609730927,101.27883642204029,101.39414095712132,25.48560814662843,19.471954087376282,True
382,0,arb,submission,sell,0.027310872506646433,2.772171795699501,101.53223535739465,-0.0007621394611234678,101.33453225486787,101.45914372557124,26.68684482410522,20.672097444620025,True
382,1,arb,normalizer,sell,0.031628756902108535,3.2103167929454357,101.53223535739465,0.0,101.33453225486787,101.45914372557124,26.68684482410522,20.672097444620025,True
385,0,arb,submission,sell,0.005159346745230664,0.5239302177192695,101.55499448971001,-2.7212563133871548e-05,101.34505901550209,101.4467233820282,27.493740682699297,21.481708909183727,False
385,1,arb,normalizer,sell,0.011137794462584338,1.130971904904428,101.55499448971001,0.0,101.34505901550209,101.4467233820282,27.493740682699297,21.481708909183727,False
385,2,retail,submission,buy,0.06521186445559314,6.586417885444462,101.55499448971001,0.03617265000701586,101.28938444614496,101.41511937352618,24.07037156462792,20.755082842234753,False
385,3,retail,normalizer,buy,0.006102224939256967,0.615961020848772,101.55499448971001,0.0,101.28938444614496,101.41511937352618,24.07037156462792,20.755082842234753,False
385,4,retail,submission,sell,0.04824961320645116,4.895996873753192,101.55499448971001,-0.003992329558594854,101.28938444614496,101.41511937352618,24.07037156462792,20.755082842234753,False
385,5,retail,submission,buy,0.01054176438880759,1.0649910204774642,101.55499448971001,0.005577803939711856,101.28938444614496,101.41511937352618,24.07037156462792,20.755082842234753,False
386,0,retail,submission,buy,0.13062740259497208,13.182032995166082,101.45687583820889,0.07101517097972554,100.9517822234891,101.39804331327205,21.734645662893822,19.620644024293934,False
386,1,retail,normalizer,buy,0.0757218579880781,7.637125477664085,101.45687583820889,0.0,100.9517822234891,101.39804331327205,21.734645662893822,19.620644024293934,False
386,2,retail,submission,buy,0.03576567705971705,3.6042936457542964,101.45687583820889,0.024380210962892335,100.9517822234891,101.39804331327205,21.734645662893822,19.620644024293934,False
386,3,retail,normalizer,buy,0.020784741190888308,2.0942718002443144,101.45687583820889,0.0,100.9517822234891,101.39804331327205,21.734645662893822,19.620644024293934,False
387,0,arb,submission,sell,0.21017615350142194,21.304358794473107,101.57880858955515,-0.0450844721367929,101.3795044251804,101.51154796214372,23.52780331544131,16.620644024293934,True
387,1,arb,normalizer,sell,0.11395106116772524,11.56175462662249,101.57880858955515,0.0,101.3795044251804,101.51154796214372,23.52780331544131,16.620644024293934,True
388,0,arb,submission,sell,0.09231313135872199,9.382961344956177,101.73732128421148,-0.008729358837738843,101.56822730410647,101.67192115282451,22.2644412602927,16.25219637468261,True
388,1,arb,normalizer,sell,0.07744152222720402,7.872552902783971,101.73732128421148,0.0,101.56822730410647,101.67192115282451,22.2644412602927,16.25219637468261,True
388,2,retail,submission,sell,0.008943269308034019,0.9099126961551118,101.73732128421148,4.843323242720299e-05,101.58653871600566,101.66080731224756,21.34905041135693,15.340280573301786,False
388,3,retail,normalizer,sell,0.007117217982454349,0.7241385987862665,101.73732128421148,0.0,101.58653871600566,101.66080731224756,21.34905041135693,15.340280573301786,False
389,0,retail,submission,sell,0.04000357324437687,4.071709840478094,101.66487009418775,0.004751763285194777,101.66850698182266,101.76489605942143,23.0587578753625,17.047386400335352,True
389,1,retail,normalizer,sell,0.03549875504036493,3.613357995832647,101.66487009418775,0.0,101.66850698182266,101.76489605942143,23.0587578753625,17.047386400335352,True
390,0,arb,submission,sell,0.022422605441960286,2.284082106291186,101.8881875553925,-0.0005165224598284723,101.71449482510384,101.82275997255049,24.586173184456023,18.573407150339545,True
390,1,arb,normalizer,sell,0.030921965337839197,3.1496014092727505,101.8881875553925,0.0,101.71449482510384,101.82275997255049,24.586173184456023,18.573407150339545,True
390,2,retail,submission,buy,0.10744114123855057,10.889681985328934,101.8881875553925,0.05730116434992283,101.49496067488946,101.81164146253961,25.950554523455576,15.573407150339545,False
390,3,retail,normalizer,buy,0.01589851712098836,1.6099092514614313,101.8881875553925,0.0,101.49496067488946,101.81164146253961,25.950554523455576,15.573407150339545,False
391,0,arb,submission,sell,0.16295358159266016,16.592002949077255,101.98785561248526,-0.02728340193230494,101.82902577250093,101.92004427987222,27.5342902790882,15.52356903174043,True
391,1,arb,normalizer,sell,0.06434327769713377,6.557977960691859,101.98785561248526,0.0,101.82902577250093,101.92004427987222,27.5342902790882,15.52356903174043,True
392,0,arb,submission,sell,0.042069536920180894,4.292382665222347,102.07399411362766,-0.0018229987312388118,101.91553884423081,102.00361526318183,29.002941159177638,16.992575119439604,True
392,1,arb,normalizer,sell,0.04185256205963128,4.270255234384724,102.07399411362766,0.0,101.91553884423081,102.00361526318183,29.002941159177638,16.992575119439604,True
393,0,arb,submission,sell,0.07858819341802814,8.029361487020326,102.25119671919943,-0.006375337972963635,102.07744560506904,102.17588233584985,30.316808717241578,18.30524228861809,True
393,1,arb,normalizer,sell,0.08593198746972064,8.779031567682832,102.25119671919943,0.0,102.07744560506904,102.17588233584985,30.316808717241578,18.30524228861809,True
393,2,retail,submission,sell,0.12034444106515707,12.321963400591253,102.25119671919943,0.016600283175774777,102.32612703621106,102.16308440866852,27.316808717241578,21.30524228861809,False
393,3,retail,normalizer,sell,0.1269267222852477,12.995063045095185,102.25119671919943,0.0,102.32612703621106,102.16308440866852,27.316808717241578,21.30524228861809,False
395,0,retail,submission,buy,0.10688050108042946,10.895045087368999,102.19704143978713,0.027825910652863328,102.10582507952813,101.90624990227607,26.938587053376263,20.96206509630327,True
395,1,retail,normalizer,buy,0.035418352783456536,3.6078287456602993,102.19704143978713,0.0,102.10582507952813,101.90624990227607,26.938587053376263,20.96206509630327,True
396,0,retail,submission,buy,0.017348610403754374,1.7663134872709634,102.20958354530747,0.006880757186559672,102.07013191275055,101.87331129368572,27.890740278127517,21.91390206643161,True
396,1,retail,normalizer,buy,0.015469301659038256,1.5749456240555446,102.20958354530747,0.0,102.07013191275055,101.87331129368572,27.890740278127517,21.91390206643161,True
397,0,arb,submission,sell,0.04040103525984762,4.134483141014274,102.37785686457752,-0.001688263999154671,102.15350703166739,102.29620394434936,28.93311130556308,22.916360360364784,True
398,0,retail,submission,buy,0.018745558721625602,1.9090234487794078,102.20370004739607,0.006842012026464506,102.11492128732252,101.90408592359836,29.64247527575999,23.667277125345247,True
400,0,retail,submission,sell,0.12483972293802026,12.794381588069987,102.19885143175809,0.035905290745413154,102.37305160770165,101.91847744374074,29.052602901889916,23.10600589899762,False
400,1,retail,normalizer,sell,0.09997264275284579,10.248421084107909,102.19885143175809,0.0,102.37305160770165,101.91847744374074,29.052602901889916,23.10600589899762,False
402,0,arb,submission,buy,0.005218527879150666,0.53265648443994,102.06488405347912,-2.8041524578914512e-05,102.36227310073217,101.93171943733252,28.589586673236493,22.64016715185564,False
402,1,retail,submission,sell,0.14933600315973194,15.344243426228214,102.06488405347912,0.10228157872018251,102.67229297115993,101.9439035909743,25.58958667323649,24.666335848306407,False
402,2,retail,normalizer,sell,0.1390966213024143,14.293637245523701,102.06488405347912,0.0,102.67229297115993,101.9439035909743,25.58958667323649,24.666335848306407,False
403,0,arb,submission,buy,0.19791464194975467,20.227889629581114,102.00108828620067,-0.040380762932393566,102.26277449935037,102.08324314997449,24.61109590799286,24.632181478607766,True
403,1,arb,normalizer,buy,0.139542048722771,14.253498319620121,102.00108828620067,0.0,102.26277449935037,102.08324314997449,24.61109590799286,24.632181478607766,True
404,0,retail,submission,buy,0.11677349834985411,11.898176734692242,102.06811780730358,0.020674451651636616,101.04057297088731,101.86516250520523,28.09974317883082,22.563134113963663,False
404,1,retail,normalizer,buy,0.11194145597877485,11.405275349887233,102.06811780730358,0.0,101.04057297088731,101.86516250520523,28.09974317883082,22.563134113963663,False
404,2,retail,submission,buy,0.4810233880543803,48.713670769062446,102.06811780730358,0.38348107094034845,101.04057297088731,101.86516250520523,28.09974317883082,22.563134113963663,False
404,3,retail,normalizer,buy,0.4857685245655462,49.19651311437701,102.06811780730358,0.0,101.04057297088731,101.86516250520523,28.09974317883082,22.563134113963663,False
405,0,arb,submission,sell,0.4231513657381214,43.035193334388204,102.13608597893192,-0.18383093874302858,101.90563495835013,102.05322118576251,25.09974317883082,25.563134113963663,True
405,1,arb,normalizer,sell,0.36398334495844153,37.0397877742493,102.13608597893192,0.0,101.90563495835013,102.05322118576251,25.09974317883082,25.563134113963663,True
406,0,arb,submission,sell,0.011592544699567497,1.1845118748913923,102.19072162947931,-0.00013863347940579196,101.9294901172576,102.10781375901,24.27891168066264,24.257936264301268,True
406,1,arb,normalizer,sell,0.026494488054765952,2.7067669849592937,102.19072162947931,0.0,101.9294901172576,102.10781375901,24.27891168066264,24.257936264301268,True
407,0,arb,submission,sell,0.023144441306868657,2.3653904224237414,102.22511889390151,-0.0005528419038323129,101.97714185202761,102.14566633960706,25.227918219001353,25.208103737034644,True
407,1,arb,normalizer,sell,0.016669382451624415,1.7037428883061692,102.22511889390151,0.0,101.97714185202761,102.14566633960706,25.227918219001353,25.208103737034644,True
407,2,retail,submission,buy,0.17928010917101372,18.203477135459252,102.22511889390151,0.12345333985926743,101.6098222062849,102.13216554803459,28.224263734651615,22.208103737034644,False
407,3,retail,normalizer,buy,0.12696328339802876,12.88461517279029,102.22511889390151,0.0,101.6098222062849,102.13216554803459,28.224263734651615,22.208103737034644,False
408,0,arb,submission,sell,0.07839895629111027,7.990149005893818,101.99712842576369,-0.0063194073763908065,101.77061214486781,101.91475297364559,29.402951584248598,19.208103737034644,True
408,1,arb,normalizer,sell,0.015937883291400112,1.6253571001477232,101.99712842576369,0.0,101.77061214486781,101.91475297364559,29.402951584248598,19.208103737034644,True
408,2,retail,submission,buy,0.046808360251934224,4.747473536750476,101.99712842576369,0.0268447952654709,101.67484830753858,101.90075576452294,26.402951584248594,22.208103737034644,False
408,3,retail,normalizer,buy,0.004988643151310743,0.5057535256073606,101.99712842576369,0.0,101.67484830753858,101.90075576452294,26.402951584248594,22.208103737034644,False
411,0,arb,submission,sell,0.004422759452211267,0.4507043805372119,101.91024090474355,-2.0100701369873963e-05,101.68391758455567,101.8878800300082,27.99951631043571,19.208103737034644,False
412,0,retail,submission,sell,0.10560556133221155,10.770522934239139,101.84968419466502,0.01462986335306482,101.90083246612464,102.01976013353551,26.313324611816693,20.29932767319723,True
412,1,retail,normalizer,sell,0.05345881095615823,5.455038893222397,101.84968419466502,0.0,101.90083246612464,102.01976013353551,26.313324611816693,20.29932767319723,True
414,0,arb,submission,buy,0.019553591052483155,1.9868930523880408,101.59269322958076,-0.0003910750564444232,101.86072265562392,101.66857954372782,27.762988648266052,21.78564599851329,True
414,1,retail,submission,buy,0.825807377379372,83.1923555609792,101.59269322958076,0.7036399958479791,100.55967613382357,101.69336110501914,23.503649980599505,21.78564599851329,False
414,2,retail,normalizer,buy,0.780552027586607,78.59743456945034,101.59269322958076,0.0,100.55967613382357,101.69336110501914,23.503649980599505,21.78564599851329,False
414,3,retail,submission,sell,0.18460772315265217,18.575831234793185,101.59269322958076,-0.17896455126557953,100.55967613382357,101.69336110501914,23.503649980599505,21.78564599851329,False
414,4,retail,normalizer,sell,0.1473275090786217,14.830114118766417,101.59269322958076,0.0,100.55967613382357,101.69336110501914,23.503649980599505,21.78564599851329,False
415,0,arb,submission,sell,0.3901553046774495,39.47399151147995,101.5724710112695,-0.1550468627633066,101.3511888216049,101.49881181991486,20.503649980599505,24.78564599851329,True
415,1,arb,normalizer,sell,0.37531783756246284,37.97851933495394,101.5724710112695,0.0,101.3511888216049,101.49881181991486,20.503649980599505,24.78564599851329,True
415,2,retail,submission,sell,0.0033242341400097075,0.33776352636501444,101.5724710112695,0.00011285054420601126,101.35797283463769,101.48629507075172,23.503649980599505,21.78564599851329,False
415,3,retail,normalizer,sell,0.01826458357245997,1.8555199298971625,101.5724710112695,0.0,101.35797283463769,101.48629507075172,23.503649980599505,21.78564599851329,False
418,0,retail,submission,buy,0.015185021910890016,1.5352713801858044,101.19176089001964,0.0013277261306872123,101.38342230601339,101.1747449040217,22.806800541948792,21.78564599851329,False
418,1,retail,submission,sell,0.027616852952704107,2.8043809208023482,101.19176089001964,0.009782940277481611,101.38342230601339,101.1747449040217,22.806800541948792,21.78564599851329,False
419,0,arb,submission,buy,0.047249576634411844,4.777131035496495,101.05624010043184,-0.0022664744856184527,101.28724389733286,101.12844794687712,21.401808814797707,21.42063691441891,True
419,1,retail,submission,sell,0.09138301910535063,9.28434225063708,101.05624010043184,0.04951793082441647,101.47380756739118,101.14072841085833,24.401808814797707,18.42063691441891,False
419,2,retail,normalizer,sell,0.0399766710080911,4.063657399249388,101.05624010043184,0.0,101.47380756739118,101.14072841085833,24.401808814797707,18.42063691441891,False
420,0,arb,submission,buy,0.08531750810503218,8.628968575159888,101.05284515254482,-0.007391639821083373,101.30003556261794,101.12218188974728,23.78759896796581,17.808686021564064,True
420,1,arb,normalizer,buy,0.014567201999506991,1.4722724792900408,101.05284515254482,0.0,101.30003556261794,101.12218188974728,23.78759896796581,17.808686021564064,True
420,2,retail,submission,sell,0.16213028892086356,16.47999703596051,101.05284515254482,0.09627005510312969,101.63145088980541,101.13397386550172,20.78759896796581,20.808686021564064,False
420,3,retail,normalizer,sell,0.07361883492936272,7.489781926437477,101.05284515254482,0.0,101.63145088980541,101.13397386550172,20.78759896796581,20.808686021564064,False
421,0,arb,submission,buy,0.16089695992494374,16.291828116753095,101.09264747527212,-0.026328467217773266,101.30323257255982,101.16002123674785,20.266531979540012,20.283508255455853,True
421,1,arb,normalizer,buy,0.054225742587461566,5.484809773864981,101.09264747527212,0.0,101.30323257255982,101.16002123674785,20.266531979540012,20.283508255455853,True
424,0,retail,submission,buy,0.03690481770515219,3.729617990358747,101.2861339695189,0.00832831984597071,101.22816964021231,101.0886468890971,22.288646670742516,22.30519767270176,True
424,1,retail,normalizer,buy,0.03432241136811533,3.468548254093548,101.2861339695189,0.0,101.22816964021231,101.0886468890971,22.288646670742516,22.30519767270176,True
429,0,retail,submission,buy,0.029743880475180846,3.003310881616926,101.03745419257183,0.0019350794034904695,101.1677447105789,101.01438412173485,24.2251338192701,24.243338465514125,True
429,1,retail,normalizer,buy,0.03985174755875567,4.024334170955626,101.03745419257183,0.0,101.1677447105789,101.01438412173485,24.2251338192701,24.243338465514125,True
432,0,arb,submission,sell,0.041610447637054904,4.221632373509168,101.49854712052426,-0.001767606686556178,101.25248075736418,101.41977050447542,25.849126046206536,25.829315964137223,True
432,1,retail,submission,buy,0.1015398288205592,10.244143896352398,101.49854712052426,0.062001203801097304,101.27402085742781,101.39407105447314,27.74076043841355,21.698088472411857,False
432,2,retail,normalizer,buy,0.07762414887356875,7.8294597171752685,101.49854712052426,0.0,101.27402085742781,101.39407105447314,27.74076043841355,21.698088472411857,False
432,3,retail,submission,sell,0.11184650393875017,11.342423661871106,101.49854712052426,-0.00983398842203087,101.27402085742781,101.39407105447314,27.74076043841355,21.698088472411857,False
432,4,retail,normalizer,sell,0.06472617794756275,6.567033731473881,101.49854712052426,0.0,101.27402085742781,101.39407105447314,27.74076043841355,21.698088472411857,False
433,0,arb,submission,sell,0.028863544976317712,2.9303348448376174,101.5532313802643,-0.0008514165970403553,101.33288028034947,101.47283148456903,24.74076043841355,24.698088472411857,True
433,1,arb,normalizer,sell,0.013930454337213405,1.4144843821362876,101.5532313802643,0.0,101.33288028034947,101.47283148456903,24.74076043841355,24.698088472411857,True
435,0,retail,submission,buy,0.044200972462076424,4.465948246615881,101.51813143975555,0.021251885554208982,101.24298797308319,101.07252295751373,24.682433196548587,24.702654880762758,True
436,0,retail,submission,buy,0.14009657877458528,14.128919566712284,101.46595694709781,0.08611386366548324,100.95885842411434,100.78937422422396,25.622024532240964,25.642186398067363,True
436,1,retail,normalizer,buy,0.11630991861529041,11.727200882081888,101.46595694709781,0.0,100.95885842411434,100.78937422422396,25.622024532240964,25.642186398067363,True
437,0,arb,submission,sell,0.12774864112364526,12.947132530423648,101.47875287771359,-0.016640252626467955,101.21853916804022,100.80293065731989,24.730976775198375,24.780350756418837,False
437,1,arb,normalizer,sell,0.07949804717802067,8.06091689544449,101.47875287771359,0.0,101.21853916804022,100.80293065731989,24.730976775198375,24.780350756418837,False
438,0,arb,submission,sell,0.039518487573687366,4.011535282755707,101.55071945022854,-0.0015955619371617047,101.2990732054742,100.81540418616761,23.71509388936295,23.772526966959195,False
438,1,arb,normalizer,sell,0.035233812865698155,3.57675099241301,101.55071945022854,0.0,101.2990732054742,100.81540418616761,23.71509388936295,23.772526966959195,False
438,2,retail,submission,buy,0.0957250863417304,9.664577088036822,101.55071945022854,0.05637429940114558,101.1046236196423,100.82688119591869,26.71509388936295,20.772526966959195,False
438,3,retail,normalizer,buy,0.03827629695412381,3.8622155310167727,101.55071945022854,0.0,101.1046236196423,100.82688119591869,26.71509388936295,20.772526966959195,False
439,0,arb,submission,sell,0.14988971246449978,15.209010611641595,101.62116709906604,-0.02295690514429971,101.41007425566812,100.83744119884327,23.71509388936295,23.772526966959195,False
439,1,arb,normalizer,sell,0.07261537963312037,7.373869938066342,101.62116709906604,0.0,101.41007425566812,100.83744119884327,23.71509388936295,23.772526966959195,False
440,0,arb,submission,sell,0.016450408714277387,1.6724895051329738,101.68541368421985,-0.000277110252817625,101.44368176032442,100.84715737834281,25.32240640467376,20.772526966959195,False
440,1,arb,normalizer,sell,0.031389929480880596,3.19088945757052,101.68541368421985,0.0,101.44368176032442,100.84715737834281,25.32240640467376,20.772526966959195,False
440,2,retail,submission,buy,0.03162841194425961,3.199361250772199,101.68541368421985,0.016786901954759514,101.58456041991357,100.86432232527312,19.32240640467376,20.30641235881492,False
440,3,retail,submission,sell,0.10041761941978677,10.214371883491728,101.68541368421985,0.0033647116061601423,101.58456041991357,100.86432232527312,19.32240640467376,20.30641235881492,False
440,4,retail,normalizer,sell,0.06657227175769265,6.7739695965564675,101.68541368421985,0.0,101.58456041991357,100.86432232527312,19.32240640467376,20.30641235881492,False
441,0,retail,submission,buy,0.0775923416939983,7.86081799821477,101.59438698305662,0.022128390766852135,101.42616515388933,101.29445562598816,20.956783761811156,17.30641235881492,True
442,0,retail,submission,sell,0.26704465580191084,27.205438485656984,101.55907244422005,0.08463094122891235,101.97392936079427,101.30538562246899,17.956783761811156,20.225709741548314,False
442,1,retail,normalizer,sell,0.15988273625363547,16.305826415896263,101.55907244422005,0.0,101.97392936079427,101.30538562246899,17.956783761811156,20.225709741548314,False
443,0,arb,submission,buy,0.16529765602918764,16.79779473542112,101.45245237628455,-0.02794215920849652,101.63495606916207,101.51451011859356,20.956783761811156,17.225709741548314,True
443,1,arb,normalizer,buy,0.042252579231848664,4.288450135030871,101.45245237628455,0.0,101.63495606916207,101.51451011859356,20.956783761811156,17.225709741548314,True
443,2,retail,submission,sell,0.16161054280178178,16.48047398060269,101.45245237628455,0.08468808349942591,102.0067109105008,101.53477398175883,17.97217646737764,17.225709741548314,False
443,3,retail,normalizer,sell,0.03833282321603804,3.9139115398278044,101.45245237628455,0.0,102.0067109105008,101.53477398175883,17.97217646737764,17.225709741548314,False
443,4,retail,submission,sell,0.019303621446610464,1.9727050409304658,101.45245237628455,0.01430530542839259,102.0067109105008,101.53477398175883,17.97217646737764,17.225709741548314,False
443,5,retail,normalizer,sell,0.034203982499690255,3.494900140992371,101.45245237628455,0.0,102.0067109105008,101.53477398175883,17.97217646737764,17.225709741548314,False
444,0,arb,submission,buy,0.15920038369396133,16.184345579291403,101.49731314538566,-0.025934382639860587,101.68005433335482,101.55453950554937,14.97217646737764,19.404336214716892,True
444,1,arb,normalizer,buy,0.050778935840858686,5.156559568698867,101.49731314538566,0.0,101.68005433335482,101.55453950554937,14.97217646737764,19.404336214716892,True
445,0,arb,submission,buy,0.08946873228630735,9.0753897925606,101.34514727119318,-0.008167942837825848,101.49711053618086,101.40095367416609,17.97217646737764,16.404336214716892,True
445,1,arb,normalizer,buy,0.07460132346509869,7.566155872063973,101.34514727119318,0.0,101.49711053618086,101.40095367416609,17.97217646737764,16.404336214716892,True
445,2,retail,submission,sell,0.11190305029472825,11.38933872250315,101.34514727119318,0.04850761028817807,101.72634892200499,101.4104438183224,14.97217646737764,19.404336214716892,False
446,0,arb,submission,buy,0.17961715307295023,18.21149760696244,101.2075631787765,-0.03288323933985993,101.35932014155375,101.26329382012175,13.516460153432675,19.5278341638124,True
446,1,arb,normalizer,buy,0.06759719558269607,6.8459960127365775,101.2075631787765,0.0,101.35932014155375,101.26329382012175,13.516460153432675,19.5278341638124,True
446,2,retail,submission,sell,0.019886680829813486,2.0200488186095718,101.2075631787765,0.007366312110060225,101.39991941629796,101.27277108065317,12.807795975961445,18.822852568184068,False
447,0,retail,submission,buy,0.05476181089826254,5.542678715437432,101.29544792035617,0.004443448431914021,101.28832332967787,101.20984567645786,14.732768821841852,20.74206996113869,True
447,1,retail,normalizer,buy,0.02409194100219511,2.437696704229893,101.29544792035617,0.0,101.28832332967787,101.20984567645786,14.732768821841852,20.74206996113869,True
448,0,retail,submission,buy,0.10101185970900046,10.205888269403658,101.21111757140332,0.017634939710085007,101.08299908386232,100.99143438290254,16.454349971028,22.46522493816429,True
448,1,retail,normalizer,buy,0.11068682309733645,11.184490968118553,101.21111757140332,0.0,101.08299908386232,100.99143438290254,16.454349971028,22.46522493816429,True
450,0,arb,submission,buy,0.0007577932384491842,0.07647339120558172,100.91513838804468,-5.816779577588749e-07,101.0814613621282,101.00118857663274,17.54673841496519,23.556271874925628,False
450,1,arb,normalizer,buy,0.009352943860612676,0.9439421803290315,100.91513838804468,0.0,101.0814613621282,101.00118857663274,17.54673841496519,23.556271874925628,False
450,2,retail,submission,sell,0.005287072954800465,0.5357154157254893,100.91513838804468,0.0021697168241121556,101.09220836081566,101.01016326692742,17.599709216855217,23.609452211147953,False
451,0,retail,submission,sell,0.03162726665419768,3.2058561210314975,100.9599670881122,0.012768320536751254,101.61872084498677,101.31765032126869,21.90343350663585,21.88298916744266,False
451,1,retail,submission,sell,0.22636682224057836,23.007986016582887,100.9599670881122,0.1539990933335531,101.61872084498677,101.31765032126869,21.90343350663585,21.88298916744266,False
451,2,retail,normalizer,sell,0.17032870012178591,17.322026406597086,100.9599670881122,0.0,101.61872084498677,101.31765032126869,21.90343350663585,21.88298916744266,False
452,0,arb,submission,buy,0.1777196258680829,17.987929042079486,101.03459952370717,-0.03209781499466047,101.25638577500166,101.1054850742519,21.481642196509945,21.499538931714042,True
452,1,arb,normalizer,buy,0.11188506065824252,11.316970522233532,101.03459952370717,0.0,101.25638577500166,101.1054850742519,21.481642196509945,21.499538931714042,True
452,2,retail,submission,sell,0.1820420516366852,18.506536176159663,101.03459952370717,0.1139903925731538,101.62837464922102,101.11754056283911,24.481642196509945,18.499538931714042,False
452,3,retail,normalizer,sell,0.09943638383532516,10.117193936679794,101.03459952370717,0.0,101.62837464922102,101.11754056283911,24.481642196509945,18.499538931714042,False
453,0,arb,submission,buy,0.26086648587494476,26.377334828457606,100.84974318276117,-0.06901672298003092,101.09724584273863,100.91919742522444,23.855780306028713,17.876932851589924,True
453,1,arb,normalizer,buy,0.1910097918984461,19.30025455937357,100.84974318276117,0.0,101.09724584273863,100.91919742522444,23.855780306028713,17.876932851589924,True
458,0,arb,submission,sell,0.024952585046847275,2.5277896034814464,101.32913915460477,-0.0006343589976514075,101.14799373294714,101.2614298044043,26.0729226153907,20.059472324058433,True
458,1,retail,submission,sell,0.01115592362667428,1.130794224696051,101.32913915460477,0.0003740871306296967,101.17069470910911,101.24992371523828,26.481207632114625,20.47181384524696,False
459,0,arb,submission,sell,0.08271848157616546,8.392836555776263,101.54714105586575,-0.006988760765642255,101.33925563904447,101.47079148901639,27.672780481255263,21.657214879629358,True
459,1,arb,normalizer,sell,0.04385803994938442,4.451694051420887,101.54714105586575,0.0,101.33925563904447,101.47079148901639,27.672780481255263,21.657214879629358,True
459,2,retail,submission,sell,0.015229419181963522,1.5469248584830166,101.54714105586575,0.00042088061325928905,101.19571642317754,101.43490505295881,22.69817819830902,18.75556674364191,False
459,3,retail,normalizer,sell,0.02113857203298153,2.147018215778073,101.54714105586575,0.0,101.19571642317754,101.43490505295881,22.69817819830902,18.75556674364191,False
459,4,retail,submission,buy,0.20591222914737908,20.770551360430545,101.54714105586575,0.13924681792611082,101.19571642317754,101.43490505295881,22.69817819830902,18.75556674364191,False
459,5,retail,normalizer,buy,0.157750367136715,15.904729283605775,101.54714105586575,0.0,101.19571642317754,101.43490505295881,22.69817819830902,18.75556674364191,False
459,6,retail,submission,sell,0.1196654505260284,12.121322509780812,101.54714105586575,-0.03036187429951731,101.19571642317754,101.43490505295881,22.69817819830902,18.75556674364191,False
459,7,retail,normalizer,sell,0.07158543756203528,7.254640441933303,101.54714105586575,0.0,101.19571642317754,101.43490505295881,22.69817819830902,18.75556674364191,False
460,0,arb,submission,sell,0.04462473701255476,4.526349758475048,101.47695843030095,-0.0020328243110840916,101.28663264362282,101.4096047116054,19.69817819830902,20.868271723370356,True
460,1,arb,normalizer,sell,0.03019132484010356,3.062793712385192,101.47695843030095,0.0,101.28663264362282,101.4096047116054,19.69817819830902,20.868271723370356,True
461,0,arb,normalizer,sell,0.007853081779956028,0.7969698058783696,101.49299163425125,0.0,101.28663264362282,101.4096047116054,19.69817819830902,20.868271723370356,True
461,1,retail,submission,buy,0.12380748193884616,12.499797097940245,101.49299163425125,0.06579463073678227,100.77815202919022,100.91285126104431,19.69817819830902,20.868271723370356,False
461,2,retail,normalizer,buy,0.02411383639884923,2.4321349239180563,101.49299163425125,0.0,100.77815202919022,100.91285126104431,19.69817819830902,20.868271723370356,False
461,3,retail,submission,buy,0.1270792082081254,12.794023275815562,101.49299163425125,0.10362573973898392,100.77815202919022,100.91285126104431,19.69817819830902,20.868271723370356,False
461,4,retail,normalizer,buy,0.1421187768205195,14.310321135846607,101.49299163425125,0.0,100.77815202919022,100.91285126104431,19.69817819830902,20.868271723370356,False
462,0,arb,submission,sell,0.2682460649105849,27.163021278834794,101.53500472205964,-0.07334418853535851,101.32311871526227,100.92310620904426,22.500824916030098,17.868271723370356,False
462,1,arb,normalizer,sell,0.18630315033743727,18.88089979877156,101.53500472205964,0.0,101.32311871526227,100.92310620904426,22.500824916030098,17.868271723370356,False
463,0,arb,submission,sell,0.038668490012668144,3.92655369676306,101.58355398222017,-0.001528945849755825,101.40204172770217,100.93254168160784,19.500824916030098,20.868271723370356,False
463,1,arb,normalizer,sell,0.023753392277257035,2.412377332936048,101.58355398222017,0.0,101.40204172770217,100.93254168160784,19.500824916030098,20.868271723370356,False
463,2,retail,submission,sell,0.5721881685931294,58.479330996545045,101.58355398222017,0.35442328427719616,103.27071886890731,100.9492106557106,16.674287695437478,18.136412242542676,False
463,3,retail,normalizer,sell,0.5873829503964885,60.02326120652043,101.58355398222017,0.0,103.27071886890731,100.9492106557106,16.674287695437478,18.136412242542676,False
463,4,retail,submission,sell,0.33038377028924515,34.06567009863143,101.58355398222017,0.5041125346044666,103.27071886890731,100.9492106557106,16.674287695437478,18.136412242542676,False
463,5,retail,normalizer,sell,0.31573795681877925,32.56044233446785,101.58355398222017,0.0,103.27071886890731,100.9492106557106,16.674287695437478,18.136412242542676,False
464,0,arb,submission,buy,0.7183617999603208,73.52618282901312,101.6120326392673,-0.5319801646422064,101.78174645151495,100.95655976936892,17.951157527305355,15.136412242542676,False
464,1,arb,normalizer,buy,0.5929157813023821,60.6090796702465,101.6120326392673,0.0,101.78174645151495,100.95655976936892,17.951157527305355,15.136412242542676,False
467,0,arb,submission,buy,0.00679724572701589,0.6905463468392554,101.58512850166196,-4.7266202973572646e-05,101.76781350680896,100.96332142646004,14.951157527305355,18.04761925181036,False
467,1,arb,normalizer,buy,0.013155581359606682,1.3365883809983643,101.58512850166196,0.0,101.76781350680896,100.96332142646004,14.951157527305355,18.04761925181036,False
467,2,retail,submission,buy,0.5785188168272725,58.44598410827348,101.58512850166196,0.3229242397544283,100.59202286180323,100.96954255095629,17.951157527305355,15.04761925181036,False
467,3,retail,normalizer,buy,0.564026940253122,56.973353476905686,101.58512850166196,0.0,100.59202286180323,100.96954255095629,17.951157527305355,15.04761925181036,False
468,0,arb,submission,sell,0.48415903761166135,49.0139399819254,101.7291930286007,-0.23916821181284575,101.57611481225186,100.97526632405041,14.951157527305355,18.035596804218113,False
468,1,arb,normalizer,sell,0.3346209619712397,33.92639017610717,101.7291930286007,0.0,101.57611481225186,100.97526632405041,14.951157527305355,18.035596804218113,False
469,0,arb,submission,sell,0.002953219416298225,0.30052750255340027,101.7657022256013,-8.945172468965978e-06,101.5821617082174,100.98053248186837,17.951157527305355,15.035596804218114,False
469,1,arb,normalizer,sell,0.017813096864045974,1.8124371110813993,101.7657022256013,0.0,101.5821617082174,100.98053248186837,17.951157527305355,15.035596804218114,False
470,0,retail,submission,sell,0.16785055743267208,17.105235170952856,101.68264535605854,0.03774646670972359,102.05714029416903,100.98983529408439,17.936922675337023,15.035596804218116,False
470,1,retail,normalizer,sell,0.15305903661192133,15.60021159876666,101.68264535605854,0.0,102.05714029416903,100.98983529408439,17.936922675337023,15.035596804218116,False
470,2,retail,submission,sell,0.06330168189403196,6.467925175026007,101.68264535605854,0.03124270455312317,102.05714029416903,100.98983529408439,17.936922675337023,15.035596804218116,False
470,3,retail,normalizer,sell,0.07823185714710235,7.992232805219983,101.68264535605854,0.0,102.05714029416903,100.98983529408439,17.936922675337023,15.035596804218116,False
471,0,arb,submission,buy,0.11075261506028702,11.270233704948623,101.64690510818588,-0.012573151432189178,101.82955599538118,100.99393655597382,14.936922675337023,18.035596804218116,False
472,0,arb,submission,buy,0.037243426367520226,3.78539624590303,101.60118505161252,-0.0014199915805024332,101.75317297928872,101.65484459325344,17.936922675337023,15.035596804218116,True
472,1,arb,normalizer,buy,0.013602498336394327,1.382219181761684,101.60118505161252,0.0,101.75317297928872,101.65484459325344,17.936922675337023,15.035596804218116,True
472,2,retail,submission,sell,0.10872491645122295,11.091929262844484,101.60118505161252,0.04534890676267089,101.93227928769204,101.67236520156806,17.936922675337023,15.018430366012877,False
472,3,retail,submission,buy,0.021623532058660945,2.2013234711321275,101.60118505161252,-0.004346988970640897,101.93227928769204,101.67236520156806,17.936922675337023,15.018430366012877,False
473,0,arb,submission,buy,0.09402119768851158,9.557548351593141,101.55689257592448,-0.00904767808121143,101.7393817182161,101.61050072604758,14.936922675337023,18.00760547233877,True
473,1,arb,normalizer,buy,0.021664379016076662,2.20064674464993,101.55689257592448,0.0,101.7393817182161,101.61050072604758,14.936922675337023,18.00760547233877,True
473,2,retail,submission,sell,0.044865824440151414,4.574926209724115,101.55689257592448,0.018492496725371232,102.02024820780771,101.62800455109756,14.936922675337023,18.00760547233877,False
473,3,retail,submission,sell,0.0916988032544026,9.360525826945894,101.55689257592448,0.04788031549769478,102.02024820780771,101.62800455109756,14.936922675337023,18.00760547233877,False
473,4,retail,normalizer,sell,0.00223009101119942,0.22785126787163534,101.55689257592448,0.0,102.02024820780771,101.62800455109756,14.936922675337023,18.00760547233877,False
474,0,arb,submission,buy,0.21356258489970356,21.70840673672501,101.4304550920778,-0.046656559707574985,101.58218762024534,101.48397893176441,17.936922675337023,15.00760547233877,True
474,1,arb,normalizer,buy,0.06415807999244913,6.511784546180934,101.4304550920778,0.0,101.58218762024534,101.48397893176441,17.936922675337023,15.00760547233877,True
475,0,arb,submission,buy,0.00612714374869327,0.6212539599873708,101.38748029596287,-3.829389619969259e-05,101.56966501872293,101.49308079296662,14.936922675337023,18.004525747474766,False
475,1,arb,normalizer,buy,0.02107277449268235,2.136968259781497,101.38748029596287,0.0,101.56966501872293,101.49308079296662,14.936922675337023,18.004525747474766,False
475,2,retail,submission,sell,0.10540533115732842,10.736700089415558,101.38748029596287,0.04991915361248189,101.7858029818897,101.50145522624891,17.936922675337023,15.004525747474766,False
476,0,arb,submission,buy,0.07431514712518572,7.545012244137979,101.45131880084425,-0.00564256140911823,101.6336182359956,101.5048486063208,14.936922675337023,18.004525747474766,True
476,1,retail,submission,buy,0.0775974656183932,7.868584877038302,101.45131880084425,0.003780345550858044,101.47502823400056,101.51395148175574,17.936922675337023,15.004525747474766,False
476,2,retail,normalizer,buy,0.031419412180828304,3.184529068055781,101.45131880084425,0.0,101.47502823400056,101.51395148175574,17.936922675337023,15.004525747474766,False
481,0,retail,submission,sell,0.15248369401447803,15.520378925774397,101.60463814687535,0.027328372134494572,101.16023558466024,101.87754869887479,17.936922675337023,15.004525747474766,False
481,1,retail,normalizer,sell,0.0030658638261371607,0.3125258616629534,101.60463814687535,0.0,101.16023558466024,101.87754869887479,17.936922675337023,15.004525747474766,False
481,2,retail,submission,buy,0.30727883611828594,31.13404692470249,101.60463814687535,0.08690802928896346,101.16023558466024,101.87754869887479,17.936922675337023,15.004525747474766,False
481,3,retail,normalizer,buy,0.15775884574657706,15.960351888175865,101.60463814687535,0.0,101.16023558466024,101.87754869887479,17.936922675337023,15.004525747474766,False
482,0,arb,submission,sell,0.09712568884459927,9.849643922895776,101.51047905418099,-0.009631280186818358,101.3581673945203,101.45694627941998,17.186078181291624,17.17438924354607,True
482,1,retail,submission,sell,0.14415969416974406,14.65817458977124,101.51047905418099,0.02445497429629917,101.65302222433617,101.44784851570859,15.99558890168207,16.019833844547748,False
482,2,retail,normalizer,sell,0.10248743180225972,10.425314850756108,101.51047905418099,0.0,101.65302222433617,101.44784851570859,15.99558890168207,16.019833844547748,False
483,0,arb,submission,buy,0.03974928041052911,4.032557730588451,101.40925351940864,-0.001612876223041404,101.57172347267907,101.46125503141957,17.794024785188167,17.807082972137703,True
483,1,retail,submission,buy,0.1378576440696842,13.958164011133704,101.40925351940864,0.02187676591730181,101.29056973857699,101.47009793999753,16.677671510873065,16.656421448504343,False
483,2,retail,normalizer,buy,0.05291488219445045,5.353085347185697,101.40925351940864,0.0,101.29056973857699,101.47009793999753,16.677671510873065,16.656421448504343,False
484,0,retail,submission,sell,0.022205569835762162,2.2534710723050133,101.39692105641969,0.0018946606554233192,101.20363875543447,101.4415558795521,17.19492246814004,17.16674508653912,False
484,1,retail,submission,buy,0.06499015202023084,6.569414748881172,101.39692105641969,0.020386564958888798,101.20363875543447,101.4415558795521,17.19492246814004,17.16674508653912,False
484,2,retail,normalizer,buy,0.04586888882711987,4.635683726675779,101.39692105641969,0.0,101.20363875543447,101.4415558795521,17.19492246814004,17.16674508653912,False
486,0,retail,submission,sell,0.1579053509056081,16.03354648757442,101.22123140149472,0.050172424023639195,101.52593617463378,101.64457658352289,19.369737923068453,19.355723242617618,True
486,1,retail,normalizer,sell,0.03635190655380427,3.69565512188003,101.22123140149472,0.0,101.52593617463378,101.64457658352289,19.369737923068453,19.355723242617618,True
487,0,arb,submission,buy,0.12373868640088774,12.522769338424041,101.07756937910219,-0.01556367885934229,101.27373394760777,101.14027794231137,20.827396042908962,20.84321977021523,True
487,1,arb,normalizer,buy,0.006733281293185046,0.6806297128659935,101.07756937910219,0.0,101.27373394760777,101.14027794231137,20.827396042908962,20.84321977021523,True
487,2,retail,submission,buy,0.0725067910882853,7.322408022504533,101.07756937910219,0.006402184177692227,101.12640967604912,101.15094226643724,23.82739604290896,17.84321977021523,False
487,3,retail,normalizer,buy,0.07981525983722733,8.06107363459705,101.07756937910219,0.0,101.12640967604912,101.15094226643724,23.82739604290896,17.84321977021523,False
489,0,retail,submission,buy,0.26692342014186077,26.856771972639763,101.1527202204988,0.14325806526853313,100.86057265697461,101.16978247601348,23.827396042908955,17.84321977021523,False
489,1,retail,normalizer,buy,0.28199485840441063,28.3774659190658,101.1527202204988,0.0,100.86057265697461,101.16978247601348,23.827396042908955,17.84321977021523,False
489,2,retail,submission,sell,0.13532524341721341,13.658926499492438,101.1527202204988,-0.0295899866598468,100.86057265697461,101.16978247601348,23.827396042908955,17.84321977021523,False
489,3,retail,normalizer,sell,0.05875929116501766,5.935373331587087,101.1527202204988,0.0,100.86057265697461,101.16978247601348,23.827396042908955,17.84321977021523,False
490,0,arb,submission,sell,0.04701487251116987,4.752667303930502,101.13634610677623,-0.0022451145251336513,100.95588630174225,101.06886620812948,23.62248791634355,17.609066205787762,True
490,1,arb,normalizer,sell,0.03207071406460216,3.242470632236836,101.13634610677623,0.0,100.95588630174225,101.06886620812948,23.62248791634355,17.609066205787762,True
490,2,retail,submission,buy,0.10254549623425502,10.317510631983168,101.13634610677623,0.05356616685556581,100.74865864904808,101.05739910379744,20.62248791634355,20.609066205787762,False
490,3,retail,normalizer,buy,0.009824553368508557,0.987569520568286,101.13634610677623,0.0,100.74865864904808,101.05739910379744,20.62248791634355,20.609066205787762,False
491,0,arb,submission,sell,0.05647219813440074,5.704481435045772,101.0712694011319,-0.003235316270343347,100.8629709528728,101.00454540237776,20.444404294022625,20.42757252807302,True
491,1,retail,submission,buy,0.08165156431596288,8.212061747215557,101.0712694011319,0.040565506786974126,100.69809000116915,100.99320670406657,23.444404294022625,17.42757252807302,False
491,2,retail,normalizer,buy,0.00916806947024748,0.9214041982668277,101.0712694011319,0.0,100.69809000116915,100.99320670406657,23.444404294022625,17.42757252807302,False
492,0,arb,submission,sell,0.09065191420026508,9.152737145469253,101.05766490403906,-0.008333622690836151,100.88154592557576,100.99153063968411,23.479995818271068,17.46692011157698,True
497,0,retail,submission,buy,0.16064656287206117,16.1422364442642,100.86756673364758,0.06179145676454212,100.55754187859038,100.98029211968505,23.80758062012206,17.757237686564686,False
497,1,retail,normalizer,buy,0.08500214511537851,8.534792489224856,100.86756673364758,0.0,100.55754187859038,100.98029211968505,23.80758062012206,17.757237686564686,False
498,0,arb,submission,sell,0.03801110275256292,3.830562577637419,100.81326110914799,-0.0014606492033606422,100.6342446052007,100.74616764068664,25.222657067001037,19.209318367265027,True
498,1,retail,submission,buy,0.05063290510191305,5.079978417503298,100.81326110914799,0.024489865250573395,98.98458753305994,100.72427799981871,20.428093790508473,19.209318367265027,False
498,2,retail,normalizer,buy,0.021262750206989936,2.1326560585603147,100.81326110914799,0.0,98.98458753305994,100.72427799981871,20.428093790508473,19.209318367265027,False
498,3,retail,submission,buy,0.7784521938451784,77.48229208056,100.81326110914799,0.9960121985430561,98.98458753305994,100.72427799981871,20.428093790508473,19.209318367265027,False
498,4,retail,normalizer,buy,0.7637195632816612,76.00446898121845,100.81326110914799,0.0,98.98458753305994,100.72427799981871,20.428093790508473,19.209318367265027,False
499,0,arb,submission,sell,0.8024339943229393,80.22191989732673,100.77779110687653,-0.6456055596069916,100.58420383950435,100.71383479848673,17.428093790508473,22.198167313603882,True
499,1,arb,normalizer,sell,0.7093098649673379,70.97803178366702,100.77779110687653,0.0,100.58420383950435,100.71383479848673,17.428093790508473,22.198167313603882,True
500,0,arb,submission,sell,0.06101230667029256,6.154293162638716,100.93146174520913,-0.00376813404088594,100.70741239770648,100.86742508394413,20.428093790508473,19.198167313603882,True
500,1,arb,normalizer,sell,0.07597483060204979,7.662410934504676,100.93146174520913,0.0,100.70741239770648,100.86742508394413,20.428093790508473,19.198167313603882,True
500,2,retail,submission,buy,0.046529900462616396,4.674155361828525,100.93146174520913,0.02217550672243007,100.61362106536836,100.85654289274295,22.723389872694966,16.198167313603882,False
502,0,arb,submission,sell,0.007112406466859511,0.7168171378065541,100.79124188502068,-5.114277926820954e-05,100.62797854504072,100.84653231375026,19.723389872694966,19.198167313603882,False
504,0,arb,submission,sell,0.040506267826899034,4.085564295153282,100.9035215282927,-0.001660772549014311,100.70980525940948,100.84064273957789,19.73041717628117,19.71483745638862,True
507,0,retail,submission,sell,0.054570129639600395,5.509620566645251,100.78591296549851,0.009720230272514563,101.00250103905319,100.94471800752753,21.950308503215705,21.957175608210584,False
507,1,retail,normalizer,sell,0.04337813753146236,4.380124808433089,100.78591296549851,0.0,101.00250103905319,100.94471800752753,21.950308503215705,21.957175608210584,False
507,2,retail,submission,sell,0.08991842187651855,9.093598015232809,100.78591296549851,0.031087773991032464,101.00250103905319,100.94471800752753,21.950308503215705,21.957175608210584,False
507,3,retail,normalizer,sell,0.10030080126706764,10.142531991780539,100.78591296549851,0.0,101.00250103905319,100.94471800752753,21.950308503215705,21.957175608210584,False
508,0,arb,submission,buy,0.03557512167699633,3.5840105528859567,100.70892976474227,-0.0012781225451732325,100.93047527170128,100.77978246385591,23.173189880003083,23.191119693929704,True
509,0,arb,submission,buy,0.03411229070214038,3.4338171904182673,100.62776370013825,-0.0011736623728624274,100.86149195059343,100.70252670790934,24.26654951802243,24.28547732988989,True
511,0,arb,submission,buy,0.023447143199850667,2.3586209567256446,100.56948124782268,-0.0005539283732498568,100.81412233700338,100.64773229197559,25.71951628239746,25.739338203961825,True
511,1,arb,normalizer,buy,0.023391166611872675,2.3529886198339227,100.56948124782268,0.0,100.81412233700338,100.64773229197559,25.71951628239746,25.739338203961825,True
512,0,arb,submission,buy,0.0021760264082204633,0.2188052044093638,100.55045075811246,-4.768201239790937e-06,100.80972850347939,100.66104102324434,25.620568558929495,25.638280803410535,False
512,1,arb,normalizer,buy,0.009450063242273285,0.9502980341148941,100.55045075811246,0.0,100.80972850347939,100.66104102324434,25.620568558929495,25.638280803410535,False
513,0,arb,submission,buy,0.022009974731528176,2.21264711711774,100.50713522188728,-0.0004876105457154445,100.7653016538256,100.58970501446295,26.458740456396242,26.479670253049605,True
513,1,arb,normalizer,buy,0.021519413496713623,2.163320614474287,100.50713522188728,0.0,100.7653016538256,100.58970501446295,26.458740456396242,26.479670253049605,True
514,0,retail,submission,buy,0.033773825817601064,3.393077923992678,100.59537507488446,0.004412751842717277,100.69719243043691,100.51597557291598,27.20336131308811,27.224976223402678,True
514,1,retail,normalizer,buy,0.037977399302345075,3.8155490717963403,100.59537507488446,0.0,100.69719243043691,100.51597557291598,27.20336131308811,27.224976223402678,True
515,0,retail,submission,sell,1.44145065278245,147.68246089013633,100.63238550511343,2.625843112735396,103.67474230264844,100.53046935111828,24.20336131308811,24.37561381309055,False
515,1,retail,normalizer,sell,1.4100903246642247,144.51523087231828,100.63238550511343,0.0,103.67474230264844,100.53046935111828,24.20336131308811,24.37561381309055,False
516,0,arb,submission,buy,1.370263031688403,139.77242700071656,100.60384482506947,-1.9186975912072057,100.84793071554805,100.68216612503954,25.46253913214673,21.375613813090546,True
516,1,arb,normalizer,buy,1.3283291520587976,135.4367809451669,100.60384482506947,0.0,100.84793071554805,100.68216612503954,25.46253913214673,21.375613813090546,True
517,0,arb,submission,buy,0.023134501100561946,2.326586839155425,100.54454206063,-0.0005390201982833354,100.80120752975941,100.62000854167293,22.462539132146727,24.375613813090546,True
517,1,arb,normalizer,buy,0.029442016375315454,2.961106921589817,100.54454206063,0.0,100.80120752975941,100.62000854167293,22.462539132146727,24.375613813090546,True
518,0,arb,submission,buy,0.007481165612486078,0.7523602203364135,100.55970955882434,-5.637918334933101e-05,100.78610073199124,100.63284347547196,19.462539132146727,26.743498920041308,False
518,1,retail,submission,buy,0.09782350648336055,9.830425773670868,100.55970955882434,0.006677626321637931,100.58881759604765,100.64465306054116,22.462539132146727,23.743498920041308,False
518,2,retail,normalizer,buy,0.07533148264450207,7.5684610708703985,100.55970955882434,0.0,100.58881759604765,100.64465306054116,22.462539132146727,23.743498920041308,False
519,0,arb,normalizer,buy,0.011069008976319092,1.1111284823346068,100.37081467216235,0.0,100.58881759604765,100.64465306054116,22.462539132146727,23.743498920041308,False
521,0,retail,submission,sell,0.07498949721745873,7.566748400776742,100.40138222630539,0.03769922768820333,100.7402940592135,100.90534304778032,19.462539132146727,26.35123806761981,True
521,1,retail,normalizer,sell,0.002119853401964633,0.2140583622765888,100.40138222630539,0.0,100.7402940592135,100.90534304778032,19.462539132146727,26.35123806761981,True
522,0,arb,submission,buy,0.08355949056695423,8.394397930593186,100.37611791125106,-0.007020652840518338,100.57185628009547,100.44980900864417,22.462539132146727,23.35123806761981,True
522,1,retail,submission,buy,0.03227912097454664,3.2380331032782124,100.37611791125106,0.002019749734418319,101.04346550765656,100.4844837490946,17.966715380534154,19.429906874237417,False
522,2,retail,normalizer,buy,0.04680376057413702,4.695732831753048,100.37611791125106,0.0,101.04346550765656,100.4844837490946,17.966715380534154,19.429906874237417,False
522,3,retail,submission,sell,0.44946314689360634,45.494325271751485,100.37611791125106,0.3789594423968978,101.04346550765656,100.4844837490946,17.966715380534154,19.429906874237417,False
522,4,retail,normalizer,sell,0.38902352227995607,39.400580494492054,100.37611791125106,0.0,101.04346550765656,100.4844837490946,17.966715380534154,19.429906874237417,False
522,5,retail,submission,buy,0.18464982579219796,18.65477519747037,100.37611791125106,-0.12034251146074126,101.04346550765656,100.4844837490946,17.966715380534154,19.429906874237417,False
522,6,retail,normalizer,buy,0.11233718361498174,11.34093560862857,100.37611791125106,0.0,101.04346550765656,100.4844837490946,17.966715380534154,19.429906874237417,False
523,0,arb,submission,buy,0.22806581450649732,22.950636352503352,100.40187702916349,-0.05240048986599888,100.58259090747063,100.4620264179314,17.992803717434874,16.429906874237417,True
523,1,arb,normalizer,buy,0.21771457249498308,21.906669748565037,100.40187702916349,0.0,100.58259090747063,100.4620264179314,17.992803717434874,16.429906874237417,True
523,2,retail,submission,buy,0.057355851808730915,5.755315474616509,100.40187702916349,0.003319705586616095,100.4671829091266,100.4722553970765,14.992803717434874,17.999697073626205,False
523,3,retail,normalizer,buy,0.057520990173965725,5.771893660907153,100.40187702916349,0.0,100.4671829091266,100.4722553970765,14.992803717434874,17.999697073626205,False
524,0,arb,submission,buy,0.004339959767908255,0.43535090055411274,100.30784037459061,-1.8908922626181823e-05,100.4584557654955,100.4816669777475,17.992803717434874,14.999697073626207,False
524,1,retail,submission,buy,0.4108201133577081,41.02746620567814,100.30784037459061,0.18101214767806795,99.15627518201593,100.49829374793255,17.992803717434874,14.948875799437904,False
524,2,retail,normalizer,buy,0.41541129843204944,41.48777710516515,100.30784037459061,0.0,99.15627518201593,100.49829374793255,17.992803717434874,14.948875799437904,False
524,3,retail,submission,buy,0.24327734525333217,24.14471163673261,100.30784037459061,0.25791347769280293,99.15627518201593,100.49829374793255,17.992803717434874,14.948875799437904,False
524,4,retail,normalizer,buy,0.22837322456466713,22.662107077539986,100.30784037459061,0.0,99.15627518201593,100.49829374793255,17.992803717434874,14.948875799437904,False
525,0,arb,submission,sell,0.5351916408360751,53.43181215965133,100.37169379124987,-0.2862793339837779,100.22164939282341,100.31876117024811,14.992803717434874,17.948875799437904,True
525,1,arb,normalizer,sell,0.3843254499929998,38.42765700847213,100.37169379124987,0.0,100.22164939282341,100.31876117024811,14.992803717434874,17.948875799437904,True
525,2,retail,submission,sell,0.04489271810172113,4.509338979970082,100.37169379124987,0.0033808252072287104,100.2462647075771,100.30149000615744,14.992803717434874,17.948875799437904,False
525,3,retail,normalizer,sell,0.059938128192484896,6.0197008183984,100.37169379124987,0.0,100.2462647075771,100.30149000615744,14.992803717434874,17.948875799437904,False
525,4,retail,submission,buy,0.03268693955689422,3.2719166936967667,100.37169379124987,0.008926794480912825,100.2462647075771,100.30149000615744,14.992803717434874,17.948875799437904,False
526,0,retail,submission,sell,0.0980305458075037,9.854538819032747,100.33893025549713,0.01825872034531706,100.46190355121436,100.56186526216207,14.992803717434874,17.948875799437904,False
526,1,retail,normalizer,sell,0.06544193449757074,6.580712421646698,100.33893025549713,0.0,100.46190355121436,100.56186526216207,14.992803717434874,17.948875799437904,False
526,2,retail,submission,sell,0.00921882037559385,0.927441095346954,100.33893025549713,0.002434520642286775,100.46190355121436,100.56186526216207,14.992803717434874,17.948875799437904,False
527,0,retail,submission,sell,0.0037536006716862858,0.37778614008434697,100.3898015177715,0.0009629136767869695,100.16795164628954,100.54593718267647,14.992803717434874,17.948875799437904,False
527,1,retail,normalizer,sell,0.012980258812802958,1.3062947375216214,100.3898015177715,0.0,100.16795164628954,100.54593718267647,14.992803717434874,17.948875799437904,False
527,2,retail,submission,buy,0.15030861816561666,15.05161836904881,100.3898015177715,0.037833975007950826,100.16795164628954,100.54593718267647,14.992803717434874,17.948875799437904,False
527,3,retail,normalizer,buy,0.029738193065410312,2.974337295845544,100.3898015177715,0.0,100.16795164628954,100.54593718267647,14.992803717434874,17.948875799437904,False
530,0,arb,submission,buy,0.001170112173235254,0.11703064384164463,100.0154327507636,-1.3684685842563216e-06,100.16560908238455,100.53891635554669,17.992803717434874,14.948875799437904,False
530,1,retail,submission,buy,0.1983401141209738,19.791895218577338,100.0154327507636,0.04517712706769217,99.45862406522642,100.52651596428814,17.992803717434874,14.948875799437904,False
530,2,retail,normalizer,buy,0.19963068035986897,19.920910739549072,100.0154327507636,0.0,99.45862406522642,100.52651596428814,17.992803717434874,14.948875799437904,False
530,3,retail,submission,buy,0.15674562412249257,15.59066567303853,100.0154327507636,0.0863157553610936,99.45862406522642,100.52651596428814,17.992803717434874,14.948875799437904,False
530,4,retail,normalizer,buy,0.1417863958200403,14.100630892358822,100.0154327507636,0.0,99.45862406522642,100.52651596428814,17.992803717434874,14.948875799437904,False
531,0,arb,submission,sell,0.1950009174819769,19.46140603634056,99.9960773962218,-0.037920800521465736,99.84659450207909,99.94334286254465,14.992803717434874,17.948875799437904,True
531,1,arb,normalizer,sell,0.04410814185725087,4.408699528686597,99.9960773962218,0.0,99.84659450207909,99.94334286254465,14.992803717434874,17.948875799437904,True
531,2,retail,submission,buy,0.06374605024967246,6.351243876599256,99.9960773962218,0.023111097870436303,99.71970743181386,99.93438075796757,17.992803717434874,14.948875799437904,False
532,0,retail,submission,buy,0.011547564317425972,1.1493155350672168,99.85563160739649,0.003773793376387946,99.66478374013757,99.57881145438058,15.451266491581379,15.461622331909162,False
532,1,retail,submission,buy,0.016087923474871223,1.6011046057592466,99.85563160739649,0.005365154075480216,99.66478374013757,99.57881145438058,15.451266491581379,15.461622331909162,False
533,0,arb,submission,sell,0.031685221216349646,3.16379168092699,99.88229997733706,-0.0010010894527296976,99.72786573734784,99.83287158597476,17.352657064121658,17.340028626279384,True
533,1,retail,submission,buy,0.31046395998445087,30.81281432501237,99.88229997733706,0.19704005830651994,99.11339797387903,99.82447119236797,14.352657064121658,20.340028626279384,False
533,2,retail,normalizer,buy,0.23101157789504478,22.90917417781202,99.88229997733706,0.0,99.11339797387903,99.82447119236797,14.352657064121658,20.340028626279384,False
534,0,arb,submission,sell,0.33835530768597266,33.71747267836035,99.98789374919261,-0.11396187602005625,99.78451808707861,99.93235796878922,14.49698533723984,20.479219401625755,True
534,1,arb,normalizer,sell,0.22622007536946853,22.568294571347735,99.98789374919261,0.0,99.78451808707861,99.93235796878922,14.49698533723984,20.479219401625755,True
535,0,arb,submission,sell,0.028302467239456064,2.830743864366139,100.04585018814306,-0.0008005330273093136,99.84096409652054,99.9898278429469,16.07313636490768,22.055257589171685,True
535,1,arb,normalizer,sell,0.029014443102397536,2.901933719212984,100.04585018814306,0.0,99.84096409652054,99.9898278429469,16.07313636490768,22.055257589171685,True
535,2,retail,submission,buy,0.22453513955721086,22.331750156263297,100.04585018814306,0.132058777851217,99.39518309678495,99.98030716455797,19.07313636490768,19.055257589171685,False
535,3,retail,normalizer,buy,0.10673798340388022,10.603446656004962,100.04585018814306,0.0,99.39518309678495,99.98030716455797,19.07313636490768,19.055257589171685,False
536,0,arb,submission,sell,0.18523692166282046,18.48093845335782,99.95378498395824,-0.034192985618055616,99.76332047197003,99.8927681806485,18.923420826701214,18.90786034452785,True
536,1,arb,normalizer,sell,0.06031583045854916,6.025167712721955,99.95378498395824,0.0,99.76332047197003,99.8927681806485,18.923420826701214,18.90786034452785,True
537,0,retail,submission,sell,0.30050804322530666,30.12689931864372,99.88084941730257,0.11190070456861179,100.36491127354321,99.8823990289971,18.340293570503206,18.398123530124693,False
537,1,retail,normalizer,sell,0.29993549056335667,30.069721100328795,99.88084941730257,0.0,100.36491127354321,99.8823990289971,18.340293570503206,18.398123530124693,False
538,0,arb,submission,buy,0.14795740611556135,14.800598827661815,99.88505004483798,-0.02186591330455201,100.06857875599478,99.94383522717347,19.920806299309827,19.935774593687615,True
538,1,arb,normalizer,buy,0.03387404973678896,3.3846552937648084,99.88505004483798,0.0,100.06857875599478,99.94383522717347,19.920806299309827,19.935774593687615,True
538,2,retail,submission,buy,0.08478513941599194,8.460265721651012,99.88505004483798,0.0085021719739089,99.89938700815182,99.95383214825677,16.920806299309827,22.935774593687615,False
538,3,retail,normalizer,buy,0.09276247507206525,9.257015248029347,99.88505004483798,0.0,99.89938700815182,99.95383214825677,16.920806299309827,22.935774593687615,False
539,0,retail,submission,sell,0.22601315190860305,22.68171796070595,100.01820248442701,0.07628876896772852,100.35226528351407,99.96303019880328,19.920806299309827,19.935774593687615,False
539,1,retail,normalizer,sell,0.14011949342994967,14.073885450677178,100.01820248442701,0.0,100.35226528351407,99.96303019880328,19.920806299309827,19.935774593687615,False
540,0,arb,submission,buy,0.05811845217287738,5.81731974300601,100.0360702940463,-0.0033781760588809107,100.23574798603592,100.0999478607622,19.944953086834385,19.96122179517811,True
544,0,retail,submission,sell,0.09892111395507186,9.945113255643504,100.1918303340588,0.034025789800846695,100.43458557704473,100.57116699892374,22.0861140525452,22.069806289791703,True
544,1,retail,normalizer,sell,0.026054104625117702,2.621282877159768,100.1918303340588,0.0,100.43458557704473,100.57116699892374,22.0861140525452,22.069806289791703,True
546,0,arb,submission,buy,0.0866947947549182,8.680399926764949,100.03923922642697,-0.007518614591701223,100.26067609915813,100.11001958439815,23.731589384669945,23.749634719801932,True
546,1,retail,submission,sell,0.06022675520380005,6.0564025825986265,100.03923922642697,0.03136381093421736,100.38171038058587,100.12205722462929,22.713171948806014,22.744252041800713,False
547,0,arb,submission,buy,0.06496207008280501,6.5019701807323145,100.02376242507167,-0.004219516128970646,100.25146530202414,100.09662090918607,23.855223837223903,23.873772881032565,True
547,1,arb,normalizer,buy,0.004403132311717727,0.44043722649621486,100.02376242507167,0.0,100.25146530202414,100.09662090918607,23.855223837223903,23.873772881032565,True
548,0,arb,submission,buy,0.05808094888971007,5.805442011662308,99.89636940328089,-0.0033660860827540162,100.13524426988623,99.9727770380534,24.86596598031068,24.88545152386112,True
548,1,arb,normalizer,buy,0.06383051874928167,6.380501566116436,99.89636940328089,0.0,100.13524426988623,99.9727770380534,24.86596598031068,24.88545152386112,True
549,0,retail,submission,sell,0.030616609792147642,3.0743920305558534,100.00593691591234,0.012549283103232334,100.19662996203604,100.3665703621941,25.785312080066515,25.764976497082202,True
551,0,retail,submission,sell,0.02535893942958012,2.5480905568072156,99.98844901960375,0.012489534461424423,100.24751687899956,100.42350061165656,27.06634940912011,27.045301977176106,True
551,1,retail,normalizer,sell,0.003983919042369166,0.4003936782586206,99.98844901960375,0.0,100.24751687899956,100.42350061165656,27.06634940912011,27.045301977176106,True
552,0,arb,submission,buy,0.008014204951201377,0.8011655119244097,99.96018438191376,-6.410732787387463e-05,100.23147439268415,100.40940236265986,26.750406473792356,26.729123316798262,False
553,0,retail,submission,sell,0.006647470390234389,0.6681159188044854,99.97532127122385,0.003532930899854625,100.18961083541019,100.38450405126657,23.549112040959393,29.530976165007495,False
553,1,retail,normalizer,sell,0.0034830945665618174,0.35008575132539366,99.97532127122385,0.0,100.18961083541019,100.38450405126657,23.549112040959393,29.530976165007495,False
553,2,retail,submission,buy,0.027586557534917337,2.7573079363428405,99.97532127122385,0.0006670159776214213,100.18961083541019,100.38450405126657,23.549112040959393,29.530976165007495,False
554,0,retail,submission,buy,0.04113242213926174,4.109648665005807,100.12416174478834,0.008700622220549015,100.10735686483339,99.95658234961867,23.88053154331888,26.530976165007495,True
554,1,retail,normalizer,buy,0.019907932262300435,1.9886323525606713,100.12416174478834,0.0,100.10735686483339,99.95658234961867,23.88053154331888,26.530976165007495,True
555,0,retail,submission,buy,0.06093568836847388,6.081844165208167,100.21904182606082,0.02507213609172343,99.91698942987671,99.84121576391338,22.83631638211781,27.52402929700225,False
555,1,retail,normalizer,buy,0.06261900284448771,6.249955538469294,100.21904182606082,0.0,99.91698942987671,99.84121576391338,22.83631638211781,27.52402929700225,False
555,2,retail,submission,buy,0.03446526856849332,3.435949370425078,100.21904182606082,0.018126821787173508,99.91698942987671,99.84121576391338,22.83631638211781,27.52402929700225,False
555,3,retail,normalizer,buy,0.044303425521828525,4.417178715908449,100.21904182606082,0.0,99.91698942987671,99.84121576391338,22.83631638211781,27.52402929700225,False
556,0,arb,submission,sell,0.05251636713134644,5.26452337127044,100.29803467296408,-0.0027650401674570446,100.02197406848705,100.21714780146775,21.508311054488416,27.484918175275837,True
556,1,arb,normalizer,sell,0.019218204394789495,1.927177767073833,100.29803467296408,0.0,100.02197406848705,100.21714780146775,21.508311054488416,27.484918175275837,True
557,0,arb,submission,sell,0.006062302556358645,0.6080715145252107,100.30980445009085,-3.6869420410923226e-05,100.034103773342,100.20340352212806,21.469109221760313,27.44881734924479,False
557,1,arb,normalizer,sell,0.0058669692080286495,0.5884800064992112,100.30980445009085,0.0,100.034103773342,100.20340352212806,21.469109221760313,27.44881734924479,False
558,0,retail,submission,buy,0.21374772009288012,21.29073772488482,100.07639182352872,0.10036286251619231,99.60866971109739,100.19076044993737,20.22731911639076,26.157398107502498,False
558,1,retail,normalizer,buy,0.15831419194179525,15.760448488283146,100.07639182352872,0.0,99.60866971109739,100.19076044993737,20.22731911639076,26.157398107502498,False
559,0,arb,submission,sell,0.13990970531442315,13.992307006914904,100.14939670787251,-0.019565573900798938,99.88743194388114,100.0750101848778,21.206616135937306,27.184102519200117,True
559,1,arb,normalizer,sell,0.07779061531338982,7.784632055345748,100.14939670787251,0.0,99.88743194388114,100.0750101848778,21.206616135937306,27.184102519200117,True
559,2,retail,submission,sell,0.18585362182382426,18.649685931390266,100.14939670787251,0.03655782976117905,100.6053442123094,100.04004620015435,18.206616135937306,20.889794873470073,False
559,3,retail,normalizer,sell,0.19103087545116182,19.168216474878726,100.14939670787251,0.0,100.6053442123094,100.04004620015435,18.206616135937306,20.889794873470073,False
559,4,retail,submission,buy,0.012734143908109338,1.2734670267782349,100.14939670787251,0.0018498032101452733,100.6053442123094,100.04004620015435,18.206616135937306,20.889794873470073,False
559,5,retail,submission,sell,0.18448613364438415,18.570374010188615,100.14939670787251,0.09419902473560171,100.6053442123094,100.04004620015435,18.206616135937306,20.889794873470073,False
559,6,retail,normalizer,sell,0.15533943472421186,15.641038957728036,100.14939670787251,0.0,100.6053442123094,100.04004620015435,18.206616135937306,20.889794873470073,False
560,0,arb,submission,buy,0.16560364209625306,16.602750437361465,100.08999893007771,-0.027482077130525084,100.27256133339412,100.15269067670289,19.981540859993448,17.889794873470073,True
560,1,arb,normalizer,buy,0.07597253850282897,7.609866624801725,100.08999893007771,0.0,100.27256133339412,100.15269067670289,19.981540859993448,17.889794873470073,True
560,2,retail,submission,buy,0.07457282667818607,7.45710949934255,100.08999893007771,0.006884643089963838,100.12327163822668,100.16335217807678,16.981540859993448,20.31701665753281,False
560,3,retail,normalizer,buy,0.08351164498302804,8.351713140669744,100.08999893007771,0.0,100.12327163822668,100.16335217807678,16.981540859993448,20.31701665753281,False
562,0,retail,submission,sell,0.11151794037360219,11.20077083338177,100.09442420618248,0.03844680302666781,100.3470946211743,100.49133975428886,13.981540859993448,22.685617821190274,True
562,1,retail,normalizer,sell,0.012878888030670055,1.294823062321056,100.09442420618248,0.0,100.3470946211743,100.49133975428886,13.981540859993448,22.685617821190274,True
563,0,arb,submission,buy,0.06425327327881489,6.434478772596776,100.07810278599992,-0.004133085062598241,100.21822330440457,100.13689025144558,15.567535167334398,21.57727783492283,True
563,1,retail,submission,buy,0.06301018297378379,6.300969654799701,100.07810278599992,0.0049699134152945135,99.96233034448059,100.15608595442026,17.999137771231453,17.992571853177573,False
563,2,retail,normalizer,buy,0.006362136674413529,0.6358486994467967,100.07810278599992,0.0,99.96233034448059,100.15608595442026,17.999137771231453,17.992571853177573,False
563,3,retail,submission,buy,0.06495888781954204,6.487909560079061,100.07810278599992,0.01305269198930592,99.96233034448059,100.15608595442026,17.999137771231453,17.992571853177573,False
563,4,retail,normalizer,buy,0.06215625380050202,6.207813721768616,100.07810278599992,0.0,99.96233034448059,100.15608595442026,17.999137771231453,17.992571853177573,False
564,0,retail,submission,buy,0.07185327633553178,7.164555113262395,100.06295081780611,0.02529574279815261,99.46530670630243,99.73007698443796,16.62773509257685,16.595834319790278,False
564,1,retail,normalizer,buy,0.08695915207797068,8.672078497565963,100.06295081780611,0.0,99.46530670630243,99.73007698443796,16.62773509257685,16.595834319790278,False
564,2,retail,submission,buy,0.17816269540037902,17.722282364116836,100.06295081780611,0.10520266329906036,99.46530670630243,99.73007698443796,16.62773509257685,16.595834319790278,False
564,3,retail,normalizer,buy,0.17335821751826322,17.24352341708982,100.06295081780611,0.0,99.46530670630243,99.73007698443796,16.62773509257685,16.595834319790278,False
565,0,arb,submission,sell,0.2218910607876694,22.156182054987934,100.07307954460099,-0.04913972145239853,99.90699991980165,100.01985291265358,18.4435636811166,18.430016367236178,True
565,1,arb,normalizer,sell,0.08945351094718035,8.943896778344655,100.07307954460099,0.0,99.90699991980165,100.01985291265358,18.4435636811166,18.430016367236178,True
565,2,retail,submission,buy,0.12355334411158976,12.305908232821821,100.07307954460099,0.058455400458759854,99.6611476621888,100.01080720107186,17.63329908668394,17.591271006481385,False
566,0,arb,submission,sell,0.1876435385944717,18.7688842902684,100.21186604505041,-0.035224863580044286,100.03558063568404,100.15535347273283,19.343375658022723,19.32901662572202,True
566,1,arb,normalizer,sell,0.06934933706230595,6.944812432744199,100.21186604505041,0.0,100.03558063568404,100.15535347273283,19.343375658022723,19.32901662572202,True
567,0,arb,submission,sell,0.07603429359707548,7.626665003420117,100.38193253084088,-0.005804326471660737,100.1879041265598,100.31977950055675,20.880809540245213,20.865024564234954,True
567,1,arb,normalizer,sell,0.08478325727301694,8.50349475989762,100.38193253084088,0.0,100.1879041265598,100.31977950055675,20.880809540245213,20.865024564234954,True
568,0,retail,submission,buy,0.1286766232536636,12.848408116840801,100.32881498910665,0.061565010998993586,99.93085973222998,99.7888956954158,22.23340292082593,22.250462509529335,True
568,1,retail,normalizer,buy,0.029327351211952235,2.9254433423229784,100.32881498910665,0.0,99.93085973222998,99.7888956954158,22.23340292082593,22.250462509529335,True
569,0,arb,submission,sell,0.14410045848934772,14.45301466532137,100.44287513342888,-0.02084969339403564,100.21938509067833,99.8002390782791,21.633248226835864,21.683540813572673,False
569,1,arb,normalizer,sell,0.05956867015572698,5.979683960036215,100.44287513342888,0.0,100.21938509067833,99.8002390782791,21.633248226835864,21.683540813572673,False
569,2,retail,submission,sell,0.006428160779080372,0.6456678169638546,100.44287513342888,4.86649307984699e-06,100.23228498790056,99.81067612934814,18.633248226835864,24.683540813572673,False
569,3,retail,normalizer,sell,0.0035919603715939274,0.3607997960419511,100.44287513342888,0.0,100.23228498790056,99.81067612934814,18.633248226835864,24.683540813572673,False
570,0,arb,normalizer,sell,0.014554194228097117,1.4621831799111098,100.47936390080791,0.0,100.23228498790056,99.81067612934814,18.633248226835864,24.683540813572673,False
570,1,retail,submission,sell,0.015916684069082976,1.5995681788884142,100.47936390080791,0.0002698882168339356,100.2642369738242,99.82027918034235,21.633248226835864,21.683540813572673,False
570,2,retail,normalizer,sell,0.016389290501493292,1.647055665153421,100.47936390080791,0.0,100.2642369738242,99.82027918034235,21.633248226835864,21.683540813572673,False
571,0,retail,submission,buy,0.14204104155119873,14.19068781306487,100.42212587416958,0.07337554088776166,99.98024987011901,99.83320238749317,20.869875549189704,20.887537721296464,True
571,1,retail,normalizer,buy,0.07339297306580708,7.327336974303762,100.42212587416958,0.0,99.98024987011901,99.83320238749317,20.869875549189704,20.887537721296464,True
572,0,arb,submission,sell,0.06996184362525071,7.014350493098927,100.32984336435432,-0.0049103193039270465,100.12027902556986,100.26276348832687,22.22866933461356,22.211603883050056,True
572,1,retail,submission,buy,0.025912269859187025,2.58790731051522,100.32984336435432,0.01186666567189354,100.06849645888106,100.25136437047702,25.22866933461356,19.211603883050056,False
573,0,arb,submission,sell,0.11669331863602395,11.713475663139677,100.49560081446086,-0.013689504220870674,100.30253264697721,100.42408847050004,25.010212618033737,18.995678722388472,True
573,1,arb,normalizer,sell,0.0648550725755257,6.513421102383305,100.49560081446086,0.0,100.30253264697721,100.42408847050004,25.010212618033737,18.995678722388472,True
574,0,retail,submission,buy,0.015060775124749695,1.5066290765334998,100.45107671232249,0.006242000869770115,100.27235678935136,100.09210200825075,26.13377977840543,20.15537100657222,True
578,0,retail,submission,buy,0.10301019871592426,10.291493648377582,100.36988738828475,0.047628396584570964,100.06635272600028,99.87887417524212,27.86782194812161,21.89032553716911,True
578,1,retail,normalizer,buy,0.044512404416296975,4.444526936105831,100.36988738828475,0.0,100.06635272600028,99.87887417524212,27.86782194812161,21.89032553716911,True
579,0,retail,submission,sell,0.01686843932515103,1.6919518126111548,100.28285108303692,0.00033662376379028913,100.71758984111011,100.2262153238035,25.895308444821065,25.878576904298324,False
579,1,retail,submission,sell,0.30684708746561284,30.880671432175724,100.28285108303692,0.10917065459806707,100.71758984111011,100.2262153238035,25.895308444821065,25.878576904298324,False
579,2,retail,normalizer,sell,0.2687578724536053,27.057762118312382,100.28285108303692,0.0,100.71758984111011,100.2262153238035,25.895308444821065,25.878576904298324,False
580,0,arb,submission,buy,0.1705128742385075,17.099987710180358,100.11473434033184,-0.02913660418576569,100.37465761222303,100.19780957970065,28.895308444821065,22.878576904298324,True
580,1,arb,normalizer,buy,0.11429333837835533,11.455527957443337,100.11473434033184,0.0,100.37465761222303,100.19780957970065,28.895308444821065,22.878576904298324,True
581,0,arb,normalizer,buy,0.00480798522879019,0.4813270432459831,100.10511696850168,0.0,100.37465761222303,100.19780957970065,28.895308444821065,22.878576904298324,True
582,0,arb,submission,buy,0.021442117425612077,2.1455666321053286,100.04175911610285,-0.00045948567305398313,100.33167057290166,100.1247752579802,28.40481637166715,22.429587276576363,True
582,1,arb,normalizer,buy,0.03169163677505631,3.171490890363202,100.04175911610285,0.0,100.33167057290166,100.1247752579802,28.40481637166715,22.429587276576363,True
582,2,retail,submission,buy,0.3986290919320187,39.72335661644138,100.04175911610285,0.15619897529245463,99.53746496942675,100.13889485144188,25.40481637166715,25.429587276576367,False
582,3,retail,normalizer,buy,0.3961983206358207,39.48015942513848,100.04175911610285,0.0,99.53746496942675,100.13889485144188,25.40481637166715,25.429587276576367,False
583,0,arb,submission,sell,0.10312481856698241,10.301551342073498,99.9968897924165,-0.010609775031989344,99.74260182878025,99.94512503897417,24.6666540739319,24.642313283834806,True
583,1,arb,normalizer,sell,0.07215954465809205,7.2105348368283835,99.9968897924165,0.0,99.74260182878025,99.94512503897417,24.6666540739319,24.642313283834806,True
585,0,retail,submission,sell,0.004495442478898326,0.44951497001883983,99.98568639433353,3.5068119946468634e-05,99.75155862571464,99.93632769620558,25.028688502659477,25.006481558745847,False
585,1,retail,normalizer,sell,0.0005443282495036783,0.05443142781124605,99.98568639433353,0.0,99.75155862571464,99.93632769620558,25.028688502659477,25.006481558745847,False
586,0,retail,submission,sell,0.21626434200986466,21.673600181171214,99.95033023078125,0.05790778014262088,100.18387661750316,100.35455626001979,25.9355798800504,25.915153314620415,True
586,1,retail,normalizer,sell,0.2181466125011724,21.86183867872754,99.95033023078125,0.0,100.18387661750316,100.35455626001979,25.9355798800504,25.915153314620415,True
588,0,retail,submission,sell,0.05144566501543579,5.1700798245245165,100.14774415316015,0.017912526769470638,100.28713161430223,100.46421333876006,27.22170585080712,27.20053557477245,True
588,1,retail,normalizer,sell,0.05600801285339685,5.628320828960351,100.14774415316015,0.0,100.28713161430223,100.46421333876006,27.22170585080712,27.20053557477245,True
589,0,retail,submission,buy,0.02537183029698157,2.5368987817109883,100.17973778054066,0.004844524453002652,100.23632728435263,100.05066733212813,27.86589948883987,27.88814675887315,True
590,0,retail,submission,buy,0.027385738475957478,2.7366482821198588,100.20755260874981,0.007609546939113976,100.18153717165413,99.99165601449631,28.45572234584458,28.47848837010213,True
590,1,retail,normalizer,buy,0.021531342512700915,2.151494520396227,100.20755260874981,0.0,100.18153717165413,99.99165601449631,28.45572234584458,28.47848837010213,True
594,0,retail,submission,buy,0.006678866822114802,0.6671507032297086,100.32835226827659,0.0029290000523302107,100.16818249690604,100.006842178275,28.796977939272587,28.816321849200556,False
594,1,retail,normalizer,buy,0.009642763601090135,0.9632422608847264,100.32835226827659,0.0,100.16818249690604,100.006842178275,28.796977939272587,28.816321849200556,False
597,0,retail,submission,buy,0.28766973415661895,28.650125438260147,100.20410666792716,0.17556328830394818,99.88770423786553,100.04550270705185,23.83185470520038,29.46028528471666,False
597,1,retail,normalizer,buy,0.2894018551831376,28.82312718457797,100.20410666792716,0.0,99.88770423786553,100.04550270705185,23.83185470520038,29.46028528471666,False
597,2,retail,submission,sell,0.11373023519374215,11.371998501839895,100.20410666792716,-0.024238116882287386,99.88770423786553,100.04550270705185,23.83185470520038,29.46028528471666,False
597,3,retail,normalizer,sell,0.09881333549895999,9.881914928901116,100.20410666792716,0.0,99.88770423786553,100.04550270705185,23.83185470520038,29.46028528471666,False
597,4,retail,submission,sell,0.03293055610933493,3.297113796166422,100.20410666792716,-0.002663160847535817,99.88770423786553,100.04550270705185,23.83185470520038,29.46028528471666,False
597,5,retail,normalizer,sell,0.02577895954662779,2.581257358652267,100.20410666792716,0.0,99.88770423786553,100.04550270705185,23.83185470520038,29.46028528471666,False
598,0,retail,submission,sell,0.06179119665951305,6.194243271615445,100.10977552930751,0.008340444344297815,100.01119290457629,100.22109148480021,26.83185470520038,26.46028528471666,True
598,1,retail,normalizer,sell,0.07510828573838069,7.528209759990762,100.10977552930751,0.0,100.01119290457629,100.22109148480021,26.83185470520038,26.46028528471666,True
599,0,retail,submission,buy,0.09732784897042121,9.698342100844457,100.04395075101436,0.038720428254526595,99.81730926544087,100.20654542364416,23.83185470520038,29.46028528471666,False
599,1,retail,normalizer,buy,0.07869715038827446,7.840407491708902,100.04395075101436,0.0,99.81730926544087,100.20654542364416,23.83185470520038,29.46028528471666,False
600,0,arb,submission,sell,0.02577113383118501,2.5806704673028458,100.16381567032069,-0.0006646313791351943,99.86873021183536,100.07832979835585,26.83185470520038,26.46028528471666,True
600,1,arb,normalizer,sell,0.007163562741666851,0.7174784161194155,100.16381567032069,0.0,99.86873021183536,100.07832979835585,26.83185470520038,26.46028528471666,True
601,0,retail,submission,sell,0.02180470843980231,2.1838617177917325,100.09787284202055,0.0012567850270683856,99.91226801798861,100.09184397286093,25.528665341685794,25.507116670140817,True
601,1,retail,normalizer,sell,0.006755098571758822,0.6766621261227828,100.09787284202055,0.0,99.91226801798861,100.09184397286093,25.528665341685794,25.507116670140817,True
602,0,arb,submission,sell,0.03413368518459947,3.420261977409487,100.23615400489639,-0.0011673475086757534,99.98048047741948,100.1542328013217,26.36525830444211,26.344422060167755,True
602,1,arb,normalizer,sell,0.029360056396370737,2.942075618332144,100.23615400489639,0.0,99.98048047741948,100.1542328013217,26.36525830444211,26.344422060167755,True
606,0,retail,submission,buy,0.052399105654252785,5.2223463153695775,99.90671444983408,0.01267617065654214,99.8760710182813,99.69690049773385,27.806824071132926,27.828370538374823,True
606,1,retail,normalizer,buy,0.011529153966733686,1.1485826430089219,99.90671444983408,0.0,99.8760710182813,99.69690049773385,27.806824071132926,27.828370538374823,True
607,0,retail,submission,sell,0.031225181695489823,3.128327594362337,99.70918272126303,0.01489024718210441,100.18866962712008,100.11285661437718,29.369836971685363,25.39320167293388,False
607,1,retail,normalizer,sell,0.0020968874463989096,0.21014004193893276,99.70918272126303,0.0,100.18866962712008,100.11285661437718,29.369836971685363,25.39320167293388,False
607,2,retail,submission,sell,0.12499849991117173,12.543398852417255,99.70918272126303,0.07990058489045104,100.18866962712008,100.11285661437718,29.369836971685363,25.39320167293388,False
607,3,retail,normalizer,sell,0.12784182967337188,12.828359111430647,99.70918272126303,0.0,100.18866962712008,100.11285661437718,29.369836971685363,25.39320167293388,False
608,0,arb,submission,buy,0.14105000896283756,14.07030190032674,99.6137704172033,-0.01977869015817113,99.90719622374225,99.70121156534574,29.123628923327722,23.148395574473703,True
608,1,arb,normalizer,buy,0.1298133228610508,12.947945025412992,99.6137704172033,0.0,99.90719622374225,99.70121156534574,29.123628923327722,23.148395574473703,True
608,2,retail,submission,buy,0.025459330208816473,2.535519151691915,99.6137704172033,0.0005807227048979513,99.85651580560284,99.71608419206095,26.123628923327722,26.148395574473703,False
608,3,retail,normalizer,buy,0.024221554614778137,2.4122181086131604,99.6137704172033,0.0,99.85651580560284,99.71608419206095,26.123628923327722,26.148395574473703,False
610,0,retail,submission,sell,0.06963635615687735,6.976729084942166,99.6686414009739,0.03616807467185623,99.99563406816887,100.17386664349375,25.09047328073944,25.069103482680354,True
610,1,retail,normalizer,sell,0.04592392259449696,4.6021180654147305,99.6686414009739,0.0,99.99563406816887,100.17386664349375,25.09047328073944,25.069103482680354,True
611,0,arb,submission,buy,0.03891116386078098,3.8796781263499724,99.66735811683075,-0.001505223094831809,99.91805725140374,99.74747913619865,25.96862659444148,25.989130256911178,True
611,1,retail,submission,sell,0.05876245180513706,5.8901889217151995,99.66735811683075,0.03349059382959574,100.45129940169959,99.78518135474351,22.968626594441478,21.194718161238857,False
611,2,retail,normalizer,sell,0.01915434739133559,1.9207404049598162,99.66735811683075,0.0,100.45129940169959,99.78518135474351,22.968626594441478,21.194718161238857,False
611,3,retail,submission,sell,0.2679592520509573,26.939413673987104,99.66735811683075,0.23262293910622844,100.45129940169959,99.78518135474351,22.968626594441478,21.194718161238857,False
611,4,retail,normalizer,sell,0.2530151425606135,25.44082556582186,99.66735811683075,0.0,100.45129940169959,99.78518135474351,22.968626594441478,21.194718161238857,False
611,5,retail,submission,buy,0.06099473235520748,6.114817559740914,99.66735811683075,-0.03563372685420596,100.45129940169959,99.78518135474351,22.968626594441478,21.194718161238857,False
611,6,retail,normalizer,buy,0.005634095928516915,0.5645143444507994,99.66735811683075,0.0,100.45129940169959,99.78518135474351,22.968626594441478,21.194718161238857,False
612,0,arb,submission,buy,0.1837050645894221,18.377269139829878,99.85338580115612,-0.03369645175600766,100.0832633114916,99.92404668563165,19.968626594441474,19.869110261055926,True
612,1,arb,normalizer,buy,0.16872588359987004,16.87626177729544,99.85338580115612,0.0,100.0832633114916,99.92404668563165,19.968626594441474,19.869110261055926,True
612,2,retail,submission,buy,0.044861799915422475,4.4789434323374735,99.85338580115612,0.0006591823514803252,99.99366721837255,99.93606400780939,16.968626594441474,20.111631820568547,False
612,3,retail,normalizer,buy,0.02981957549303483,2.976699919276143,99.85338580115612,0.0,99.99366721837255,99.93606400780939,16.968626594441474,20.111631820568547,False
613,0,arb,submission,buy,0.038286298649285976,3.8204309851480502,99.74772971977387,-0.001459615508529133,99.91727561379632,99.80698137909584,19.968626594441474,17.111631820568547,True
613,1,arb,normalizer,buy,0.02324657054894744,2.3193303119460325,99.74772971977387,0.0,99.91727561379632,99.80698137909584,19.968626594441474,17.111631820568547,True
614,0,retail,submission,sell,0.03930999627998233,3.9360268823751925,99.76531053435367,0.01425289639846783,99.99584437554185,100.10778141399345,17.932171998063854,17.91874650958388,True
615,0,arb,submission,buy,0.009598933993478281,0.9580404891003127,99.79740497082167,-9.17860649741753e-05,99.9766848817312,100.09767579609348,18.571317442115845,18.556803928565902,False
616,0,retail,submission,sell,0.022220087174900982,2.2261152813031715,99.88755763149273,0.006605043043457215,100.02112432451727,100.1475110119041,20.15403651757829,20.138882892275376,True
617,0,retail,submission,sell,0.20639019629233246,20.7278215460132,99.9285563630804,0.10354718302762578,100.25822246370477,100.53346741773373,22.693743322073438,17.26395601754098,False
617,1,retail,normalizer,sell,0.14368814579626132,14.4397033696894,99.9285563630804,0.0,100.25822246370477,100.53346741773373,22.693743322073438,17.26395601754098,False
617,2,retail,submission,sell,0.003611701743153617,0.36354055575097627,99.9285563630804,0.0026284145436143436,100.25822246370477,100.53346741773373,22.693743322073438,17.26395601754098,False
617,3,retail,normalizer,sell,0.010889455240217671,1.0960124504417077,99.9285563630804,0.0,100.25822246370477,100.53346741773373,22.693743322073438,17.26395601754098,False
617,4,retail,submission,buy,0.09188697674782409,9.202194948422402,99.9285563630804,-0.02006201344440406,100.25822246370477,100.53346741773373,22.693743322073438,17.26395601754098,False
617,5,retail,normalizer,buy,0.0009804324625161537,0.09809806798875798,99.9285563630804,0.0,100.25822246370477,100.53346741773373,22.693743322073438,17.26395601754098,False
618,0,arb,submission,buy,0.05454760530169301,5.45346327621337,99.92176654277714,-0.00297019379004837,100.14904220856039,100.52213520044063,19.69374332207344,20.26395601754098,False
618,1,arb,normalizer,buy,0.0666965510392692,6.668876698422537,99.92176654277714,0.0,100.14904220856039,100.52213520044063,19.69374332207344,20.26395601754098,False
619,0,arb,submission,buy,0.062278060001738196,6.220935370292864,99.82758369772041,-0.003867122937689871,100.02456951751832,100.51171068871395,22.40472115928423,17.26395601754098,False
619,1,arb,normalizer,buy,0.04725102364397753,4.719180110963862,99.82758369772041,0.0,100.02456951751832,100.51171068871395,22.40472115928423,17.26395601754098,False
620,0,arb,submission,buy,0.059837413516780374,5.968238152732738,99.68139083911545,-0.003561549164783351,99.90522571155772,100.50212109272006,19.40472115928423,20.26395601754098,False
620,1,arb,normalizer,buy,0.0734767719246135,7.329635741683887,99.68139083911545,0.0,99.90522571155772,100.50212109272006,19.40472115928423,20.26395601754098,False
620,2,retail,submission,sell,0.09286658715581098,9.305333584793194,99.68139083911545,0.04826301462002114,100.09095346338233,100.49329947246657,20.943946545857543,17.26395601754098,False
620,3,retail,normalizer,sell,0.005987016665216061,0.6004270355046213,99.68139083911545,0.0,100.09095346338233,100.49329947246657,20.943946545857543,17.26395601754098,False
621,0,arb,submission,buy,0.11975159936323063,11.94666538556703,99.64292463546333,-0.014265795240442358,99.85205424412163,100.48518426571604,17.943946545857543,20.2356922634239,False
621,1,arb,normalizer,buy,0.025365075465992114,2.528089448047467,99.64292463546333,0.0,99.85205424412163,100.48518426571604,17.943946545857543,20.2356922634239,False
621,2,retail,submission,buy,0.20603800727832935,20.494282576748446,99.64292463546333,0.03594705452717051,100.19647530713233,100.4708511656439,15.712943970726771,17.983592195301483,False
621,3,retail,normalizer,buy,0.19108491379078937,19.004065068809723,99.64292463546333,0.0,100.19647530713233,100.4708511656439,15.712943970726771,17.983592195301483,False
621,4,retail,submission,sell,0.3778164834692177,37.778366792988095,99.64292463546333,0.1316274046290573,100.19647530713233,100.4708511656439,15.712943970726771,17.983592195301483,False
621,5,retail,normalizer,sell,0.2533103070882703,25.360358667361027,99.64292463546333,0.0,100.19647530713233,100.4708511656439,15.712943970726771,17.983592195301483,False
622,0,arb,submission,buy,0.21294710941221237,21.25778270571027,99.61458391868753,-0.045145004925505106,99.77135408835493,100.46453330666588,18.041541757214187,14.983592195301483,False
622,1,arb,normalizer,buy,0.07725867016315609,7.702020367612931,99.61458391868753,0.0,99.77135408835493,100.46453330666588,18.041541757214187,14.983592195301483,False
623,0,retail,normalizer,buy,0.01129655406655673,1.125174862681888,99.71434862524131,0.0,99.71262659752854,100.458721227287,15.041541757214187,17.9552726418921,False
623,1,retail,submission,buy,0.029531035113979358,2.9401699840909714,99.71434862524131,0.00449794652860902,99.71262659752854,100.458721227287,15.041541757214187,17.9552726418921,False
623,2,retail,normalizer,buy,0.02995564840754992,2.9824574410158675,99.71434862524131,0.0,99.71262659752854,100.458721227287,15.041541757214187,17.9552726418921,False
625,0,retail,submission,buy,0.021363782503915157,2.126581677197464,99.57835020742998,0.000788538732764632,99.67016064260375,100.45337441122666,18.041541757214187,14.955272641892101,False
625,1,retail,normalizer,buy,0.006298214603165493,0.6268391631456325,99.57835020742998,0.0,99.67016064260375,100.45337441122666,18.041541757214187,14.955272641892101,False
627,0,retail,submission,sell,0.11636238904497986,11.628738043272175,99.5821300426476,0.04112348532183674,99.90213910069659,99.99891697479829,15.041541757214187,17.9552726418921,True
628,0,arb,submission,buy,0.10205798128438746,10.170115841070583,99.54897718859793,-0.01034819027674061,99.6989397651607,99.60159161587151,18.041541757214187,14.955272641892101,True
630,0,arb,submission,buy,0.09853941935144034,9.796929222991821,99.32387286866123,-0.009612462777665698,99.50339232943084,99.37636836327344,19.032325496063677,13.047654231261063,True
630,1,arb,normalizer,buy,0.09919056490776508,9.861725200327783,99.32387286866123,0.0,99.50339232943084,99.37636836327344,19.032325496063677,13.047654231261063,True
630,2,retail,submission,buy,0.04614343411032038,4.580585300220264,99.32387286866123,0.002559283076643659,99.41202936368617,99.38529535623053,19.384863940589373,13.388091429590244,False
630,3,retail,normalizer,buy,0.05115640103696286,5.07846659659117,99.32387286866123,0.0,99.41202936368617,99.38529535623053,19.384863940589373,13.388091429590244,False
632,0,retail,submission,buy,0.0237961548788284,2.3604793536123907,99.46228841375539,0.006340666084031721,99.20686825112936,99.2332601888169,21.50251116069084,15.499319233183641,False
632,1,retail,normalizer,buy,0.025584488312535784,2.5379193957669486,99.46228841375539,0.0,99.20686825112936,99.2332601888169,21.50251116069084,15.499319233183641,False
632,2,retail,normalizer,buy,0.008484058093833433,0.8413129760119773,99.46228841375539,0.0,99.20686825112936,99.2332601888169,21.50251116069084,15.499319233183641,False
632,3,retail,submission,buy,0.08007444315332411,7.933180709340377,99.46228841375539,0.031206650146407,99.20686825112936,99.2332601888169,21.50251116069084,15.499319233183641,False
632,4,retail,normalizer,buy,0.08220760419051466,8.144688423681146,99.46228841375539,0.0,99.20686825112936,99.2332601888169,21.50251116069084,15.499319233183641,False
633,0,arb,submission,sell,0.060023759528604614,5.967580750843925,99.47978375860411,-0.0035698674401158925,99.32559686603183,99.42085028953906,23.125093232035564,17.113590726220284,True
633,1,retail,submission,sell,0.21171872138246783,21.10968056956832,99.47978375860411,0.047947948792266715,99.74608843585928,99.41083507248119,20.125093232035564,20.113590726220284,False
633,2,retail,normalizer,sell,0.16420981475877738,16.380518694794773,99.47978375860411,0.0,99.74608843585928,99.41083507248119,20.125093232035564,20.113590726220284,False
634,0,arb,submission,buy,0.04212597215332339,4.191684583491224,99.46180734723916,-0.0017592568622104565,99.66237881377451,99.52592790657512,19.708947706380616,19.7253885398146,True
634,1,retail,submission,buy,0.030524085491123714,3.0351842322561424,99.46180734723916,0.0007964783126626074,99.59531036594822,99.54686580399068,15.35845887158527,21.0692186865668,False
634,2,retail,submission,buy,0.0032638585734107075,0.3244787880266813,99.46180734723916,0.00015048461052935558,99.59531036594822,99.54686580399068,15.35845887158527,21.0692186865668,False
635,0,arb,submission,buy,0.07503588753114725,7.456169893563128,99.29381004537908,-0.0055707304589658335,99.44654461191342,99.35175370017068,14.010712999092203,20.022156667881838,True
635,1,arb,normalizer,buy,0.012482814676328178,1.2396201899864536,99.29381004537908,0.0,99.44654461191342,99.35175370017068,14.010712999092203,20.022156667881838,True
635,2,retail,submission,sell,0.03728367045185621,3.7165525973834184,99.29381004537908,0.014514905742295081,99.35852107217583,99.37067382768385,16.361173591920874,16.380352091261628,False
635,3,retail,submission,buy,0.0818021432691937,8.123495356316198,99.29381004537908,-0.0010488812399938041,99.35852107217583,99.37067382768385,16.361173591920874,16.380352091261628,False
635,4,retail,normalizer,buy,0.034454808328730976,3.4199767775444343,99.29381004537908,0.0,99.35852107217583,99.37067382768385,16.361173591920874,16.380352091261628,False
636,0,arb,normalizer,buy,0.0005579302404908938,0.0553607485107932,99.22466516563995,0.0,99.35852107217583,99.37067382768385,16.361173591920874,16.380352091261628,False
636,1,retail,submission,sell,0.0679283461723088,6.764914210858962,99.22466516563995,0.024746806655940645,99.94586457012892,99.59533730698139,15.319902314807551,15.362062300997883,False
636,2,retail,submission,sell,0.2272838104735655,22.70047538852302,99.22466516563995,0.14831539671271443,99.94586457012892,99.59533730698139,15.319902314807551,15.362062300997883,False
636,3,retail,normalizer,sell,0.1410197933259525,14.096808788602086,99.22466516563995,0.0,99.94586457012892,99.59533730698139,15.319902314807551,15.362062300997883,False
637,0,arb,submission,buy,0.276383965075524,27.50523246924422,99.24439065906994,-0.07567426738617655,99.39666537947303,99.29316025330274,17.267067659671543,17.27957017720195,True
637,1,arb,normalizer,buy,0.13145204134904942,13.062958593402072,99.24439065906994,0.0,99.39666537947303,99.29316025330274,17.267067659671543,17.27957017720195,True
637,2,retail,submission,sell,0.03765841118871549,3.7510079449488183,99.24439065906994,0.01362187333604803,98.88403864551844,99.30908383613298,13.768121403940064,19.659293098424143,False
637,3,retail,submission,buy,0.2978132035688885,29.48676963545222,99.24439065906994,0.0695202829676731,98.88403864551844,99.30908383613298,13.768121403940064,19.659293098424143,False
637,4,retail,normalizer,buy,0.2675555744298863,26.482907624835207,99.24439065906994,0.0,98.88403864551844,99.30908383613298,13.768121403940064,19.659293098424143,False
638,0,arb,submission,sell,0.042568199471475054,4.219393068363941,99.16275404355343,-0.0017868259028608335,98.96780707893453,99.12107026857842,12.620462410972516,18.601893389830554,True
638,1,retail,submission,buy,0.16418998908257246,16.202583547925315,99.16275404355343,0.07894795588354242,98.64569468895957,99.11398576960559,12.09173935646735,18.034907822812745,False
638,2,retail,normalizer,buy,0.10074144714735547,9.935087746114732,99.16275404355343,0.0,98.64569468895957,99.11398576960559,12.09173935646735,18.034907822812745,False
639,0,arb,submission,sell,0.23396448337699383,23.175141209882565,99.28481234450881,-0.053978617482218993,99.10575310062495,99.23692851075606,13.94607547082089,19.930202892021565,True
639,1,arb,normalizer,sell,0.08606610261709591,8.537746056722513,99.28481234450881,0.0,99.10575310062495,99.23692851075606,13.94607547082089,19.930202892021565,True
639,2,retail,submission,sell,0.042921899566110255,4.264124076674631,99.28481234450881,0.002631332783519902,99.1905023101852,99.22879055600096,13.737445141318403,19.732813949027047,False
639,3,retail,normalizer,sell,0.05248607534491612,5.213792760207705,99.28481234450881,0.0,99.1905023101852,99.22879055600096,13.737445141318403,19.732813949027047,False
640,0,retail,submission,sell,0.18160408951357,18.081720615249033,99.15125107099522,0.07544794036956404,99.55028498445186,99.67175570276888,15.522443474570291,21.5078100673953,True
640,1,retail,normalizer,sell,0.18070413498992366,17.99229303559413,99.15125107099522,0.0,99.55028498445186,99.67175570276888,15.522443474570291,21.5078100673953,True
641,0,arb,submission,buy,0.1430030855805566,14.193679902931763,99.11316484668953,-0.020191508200806396,99.26725187730368,99.17196110534267,17.211151615760002,23.222676447433585,True
641,1,arb,normalizer,buy,0.018449354435739376,1.8289093256862543,99.11316484668953,0.0,99.26725187730368,99.17196110534267,17.211151615760002,23.222676447433585,True
643,0,arb,submission,buy,0.06865063178946999,6.798388568493465,98.96121209601424,-0.004638835450347933,99.13182939057313,99.02532118292741,19.21121508686245,25.224114934160916,True
643,1,arb,normalizer,buy,0.07720291469021585,7.645957362816262,98.96121209601424,0.0,99.13182939057313,99.02532118292741,19.21121508686245,25.224114934160916,True
643,2,retail,submission,buy,0.02415089627991689,2.388949790080005,98.96121209601424,0.00105217898569121,99.08426395556678,99.03622385723753,19.27327817166628,25.279097672580246,False
643,3,retail,normalizer,buy,0.034250612866922714,3.388329417197383,98.96121209601424,0.0,99.08426395556678,99.03622385723753,19.27327817166628,25.279097672580246,False
644,0,retail,submission,sell,0.04852558617855607,4.822636764426979,98.95625983466267,0.020726249912468298,99.18005448446922,99.36047443504056,20.438124844850705,26.41631529877325,True
646,0,retail,submission,buy,0.061651479255986345,6.0983633488267515,99.1657729255758,0.015353243598236865,99.05862546931874,98.93039403748135,22.099236959771943,28.11478102565885,True
646,1,retail,normalizer,buy,0.01922325388979864,1.9006999555404036,99.1657729255758,0.0,99.05862546931874,98.93039403748135,22.099236959771943,28.11478102565885,True
647,0,retail,submission,sell,0.06622436173481105,6.582928741621061,99.14890019925684,0.016856109216796256,99.80459615961665,99.36291352692825,22.958615794083837,25.3508442680332,False
647,1,retail,normalizer,sell,0.008585872834999009,0.8539551054430232,99.14890019925684,0.0,99.80459615961665,99.36291352692825,22.958615794083837,25.3508442680332,False
647,2,retail,submission,sell,0.05065715453143582,5.041773999639629,99.14890019925684,0.01917284062396707,99.80459615961665,99.36291352692825,22.958615794083837,25.3508442680332,False
647,3,retail,normalizer,sell,0.05478716766211278,5.4525992771116485,99.14890019925684,0.0,99.80459615961665,99.36291352692825,22.958615794083837,25.3508442680332,False
647,4,retail,submission,sell,0.2593098942259928,25.88056779655141,99.14890019925684,0.17027697325859847,99.80459615961665,99.36291352692825,22.958615794083837,25.3508442680332,False
647,5,retail,normalizer,sell,0.2442658312099013,24.38275394321228,99.14890019925684,0.0,99.80459615961665,99.36291352692825,22.958615794083837,25.3508442680332,False
648,0,arb,submission,buy,0.17048216448735748,16.94704253874079,99.23791302822005,-0.028748326481704112,99.4662738247412,99.31474185125298,25.958615794083837,22.350844268033203,True
648,1,arb,normalizer,buy,0.11463933171104114,11.38955556743349,99.23791302822005,0.0,99.4662738247412,99.31474185125298,25.958615794083837,22.350844268033203,True
648,2,retail,submission,buy,0.030005193883256173,2.9758692519335455,99.23791302822005,0.0017835690479106603,99.4069243379284,99.32780866518499,22.958615794083837,25.350844268033207,False
648,3,retail,normalizer,buy,0.045129508169019214,4.476548696071404,99.23791302822005,0.0,99.4069243379284,99.32780866518499,22.958615794083837,25.350844268033207,False
649,0,retail,submission,buy,0.2828124000372661,27.970278697959657,99.42891402627305,0.1494511109096166,99.13105212290792,99.35089408594351,22.306455443324886,24.348170464351668,False
649,1,retail,normalizer,buy,0.2677895056344826,26.480525294791732,99.42891402627305,0.0,99.13105212290792,99.35089408594351,22.306455443324886,24.348170464351668,False
649,2,retail,submission,sell,0.14270039285921143,14.157613500741485,99.42891402627305,-0.030931592372436256,99.13105212290792,99.35089408594351,22.306455443324886,24.348170464351668,False
649,3,retail,normalizer,sell,0.06868027551905698,6.818938206915048,99.42891402627305,0.0,99.13105212290792,99.35089408594351,22.306455443324886,24.348170464351668,False
652,0,retail,submission,sell,0.03175400578113852,3.1564889930019615,99.2151070237745,0.0060119109927496694,99.19376389666535,99.36158664388743,25.306455443324886,21.348170464351668,True
652,1,retail,normalizer,sell,0.04182013776951976,4.15669104680142,99.2151070237745,0.0,99.19376389666535,99.36158664388743,25.306455443324886,21.348170464351668,True
654,0,retail,submission,sell,0.35774684578463223,35.68933663624105,99.14410306268753,0.22084648741809332,99.90441805033134,99.34896364459111,22.306455443324886,24.348170464351668,False
654,1,retail,normalizer,sell,0.34280129688345085,34.2034892033426,99.14410306268753,0.0,99.90441805033134,99.34896364459111,22.306455443324886,24.348170464351668,False
655,0,arb,submission,buy,0.2864888256206901,28.476294469905042,99.11439195661355,-0.0811287161460541,99.33597530732476,99.18849255626036,25.306455443324886,21.348170464351668,True
655,1,arb,normalizer,buy,0.2043724084852986,20.297483366799497,99.11439195661355,0.0,99.33597530732476,99.18849255626036,25.306455443324886,21.348170464351668,True
656,0,arb,submission,buy,0.005497293463982926,0.5446673085243674,99.07376181677587,-2.976523680420229e-05,99.32511848531101,99.2010951665525,22.306455443324886,24.348170464351668,False
656,1,arb,normalizer,buy,0.02062524941889701,2.043840008775078,99.07376181677587,0.0,99.32511848531101,99.2010951665525,22.306455443324886,24.348170464351668,False
656,2,retail,submission,sell,0.09461406308331277,9.429381561448958,99.07376181677587,0.055610411015420524,99.51269952416293,99.21269098224244,25.306455443324886,21.348170464351668,False
656,3,retail,normalizer,sell,0.04259476008483887,4.247261072078347,99.07376181677587,0.0,99.51269952416293,99.21269098224244,25.306455443324886,21.348170464351668,False
657,0,arb,submission,buy,0.049494206078908795,4.910419555086264,99.1631713161492,-0.0024171185266377293,99.41475482248161,99.23730884316998,22.306455443324886,24.348170464351668,True
657,1,retail,submission,sell,0.07266965621198551,7.24732033770351,99.1631713161492,0.04116676926872476,99.55897684535556,99.2499177338949,25.306455443324886,21.348170464351668,False
657,2,retail,normalizer,sell,0.023307305882525498,2.3255745126279095,99.1631713161492,0.0,99.55897684535556,99.2499177338949,25.306455443324886,21.348170464351668,False
658,0,arb,submission,buy,0.1239619020000809,12.295118985632143,99.06244053229682,-0.01515044047872216,99.31376847798649,99.13650274979383,22.306455443324886,24.348170464351668,True
658,1,arb,normalizer,buy,0.07184969884201804,7.122692458840902,99.06244053229682,0.0,99.31376847798649,99.13650274979383,22.306455443324886,24.348170464351668,True
658,2,retail,submission,sell,0.052234260954449496,5.20295132138351,99.06244053229682,0.028497951834882684,99.04201828466738,99.1811641912113,16.306455443324886,17.991576409692996,False
658,3,retail,normalizer,sell,0.0001999735075486342,0.01992929962245693,99.06244053229682,0.0,99.04201828466738,99.1811641912113,16.306455443324886,17.991576409692996,False
658,4,retail,submission,buy,0.025164378762554274,2.4948177004171157,99.06244053229682,-0.0019729257193898952,99.04201828466738,99.1811641912113,16.306455443324886,17.991576409692996,False
658,5,retail,submission,buy,0.22825784924927386,22.579555837248336,99.06244053229682,0.03222378003782822,99.04201828466738,99.1811641912113,16.306455443324886,17.991576409692996,False
658,6,retail,normalizer,buy,0.1862134086375923,18.41275351321019,99.06244053229682,0.0,99.04201828466738,99.1811641912113,16.306455443324886,17.991576409692996,False
658,7,retail,submission,sell,0.0630469220241423,6.252400840669704,99.06244053229682,0.0068188769087527135,99.04201828466738,99.1811641912113,16.306455443324886,17.991576409692996,False
659,0,retail,submission,buy,0.05997343030688252,5.926672132532985,98.88350404275502,0.003710805675519069,98.92408909813498,98.81703841322823,17.993503586051887,14.991576409692996,True
660,0,retail,submission,buy,0.05179588282965798,5.112012117082486,99.0303536626688,0.017352477808698197,98.82242648282654,98.69672821799591,14.993503586051887,17.991576409692996,True
660,1,retail,normalizer,buy,0.026867351951131505,2.6510258184916893,99.0303536626688,0.0,98.82242648282654,98.69672821799591,14.993503586051887,17.991576409692996,True
661,0,retail,submission,buy,0.01775676398539658,1.7518267265913892,98.9892801056064,0.005902557328176572,98.78759991857537,98.69159788886843,17.993503586051887,14.991576409692996,True
661,1,retail,normalizer,buy,0.0026208675265769824,0.2585277363523346,98.9892801056064,0.0,98.78759991857537,98.69159788886843,17.993503586051887,14.991576409692996,True
662,0,arb,submission,sell,0.034213281850611565,3.3860739747047184,99.00324160795506,-0.0011518345524423879,98.85482014181777,98.95096184645519,14.993503586051887,17.991576409692996,True
664,0,arb,submission,sell,0.10474625778327606,10.384150288791362,99.23959415968257,-0.010825823366445775,99.06104648556348,99.18718959051282,14.175437301255442,20.16016637335865,True
664,1,arb,normalizer,sell,0.002836929875854821,0.2815278251600082,99.23959415968257,0.0,99.06104648556348,99.18718959051282,14.175437301255442,20.16016637335865,True
665,0,arb,submission,sell,0.020558694905531638,2.0410975246364584,99.30179263941235,-0.00041773380958742834,99.10159857333404,99.24720594693234,15.8088191429758,21.7912008015151,True
665,1,arb,normalizer,sell,0.03148985337082877,3.126019425775559,99.30179263941235,0.0,99.10159857333404,99.24720594693234,15.8088191429758,21.7912008015151,True
666,0,retail,submission,sell,0.1495363923065014,14.873800680416025,98.99034117256348,0.07114218828115604,98.8323800252598,99.52195325380686,18.04171766054096,18.2328867960435,False
666,1,retail,normalizer,sell,0.15781092794000529,15.695553667596236,98.99034117256348,0.0,98.8323800252598,99.52195325380686,18.04171766054096,18.2328867960435,False
666,2,retail,submission,buy,0.15672915900099096,15.527323299360432,98.99034117256348,-0.01265037816338932,98.8323800252598,99.52195325380686,18.04171766054096,18.2328867960435,False
666,3,retail,normalizer,buy,0.051284578788389684,5.075489270477192,98.99034117256348,0.0,98.8323800252598,99.52195325380686,18.04171766054096,18.2328867960435,False
666,4,retail,submission,buy,0.02990538381375358,2.9563763915084564,98.99034117256348,0.003967755111467852,98.8323800252598,99.52195325380686,18.04171766054096,18.2328867960435,False
666,5,retail,normalizer,buy,0.04505409798361542,4.454612288809585,98.99034117256348,0.0,98.8323800252598,99.52195325380686,18.04171766054096,18.2328867960435,False
666,6,retail,submission,buy,0.10012871406117207,9.888689475577848,98.99034117256348,0.02308609050762911,98.8323800252598,99.52195325380686,18.04171766054096,18.2328867960435,False
666,7,retail,normalizer,buy,0.0850539583545788,8.398647701291338,98.99034117256348,0.0,98.8323800252598,99.52195325380686,18.04171766054096,18.2328867960435,False
667,0,retail,submission,sell,0.14377725290673027,14.256181208654828,98.73824344399716,0.05986780944094683,99.23041427568725,99.22909948702267,15.105760946569802,18.2328867960435,False
667,1,retail,normalizer,sell,0.02039260851557856,2.0245052235230236,98.73824344399716,0.0,99.23041427568725,99.22909948702267,15.105760946569802,18.2328867960435,False
667,2,retail,submission,sell,0.058167319621659885,5.77742539217823,98.73824344399716,0.0340864268899832,99.23041427568725,99.22909948702267,15.105760946569802,18.2328867960435,False
667,3,retail,normalizer,sell,0.043108310217050416,4.282343958197005,98.73824344399716,0.0,99.23041427568725,99.22909948702267,15.105760946569802,18.2328867960435,False
668,0,arb,submission,buy,0.14389950623404946,14.237260255276851,98.79750263871992,-0.02034840840785712,98.94696956558444,98.85026148341443,18.105760946569802,15.232886796043498,True
669,0,retail,submission,sell,0.13836666025912336,13.730747305933244,98.85684510325575,0.05225580524227169,99.21990664560957,99.31824092488584,17.150947882772545,17.139060884069725,True
670,0,arb,submission,buy,0.08686802470642685,8.596828883864873,98.87883798286552,-0.00741954302653447,99.04871591932432,98.93314835036175,18.87531860084324,18.889328074212596,True
670,1,retail,submission,buy,0.030635854548924358,3.0277930229003687,98.87883798286552,0.0014446755093566743,98.93227670351098,98.95088171090313,15.39122773715685,21.39681439936125,False
670,2,retail,submission,buy,0.028587018134770967,2.823778856660283,98.87883798286552,0.0028722779009737742,98.93227670351098,98.95088171090313,15.39122773715685,21.39681439936125,False
670,3,retail,normalizer,buy,0.01840457332967219,1.8177896152101312,98.87883798286552,0.0,98.93227670351098,98.95088171090313,15.39122773715685,21.39681439936125,False
675,0,retail,submission,sell,0.07749322933364056,7.6889473426908115,98.84688556274656,0.028982970860767843,99.0849640709027,99.23894358118545,15.313839700648199,21.295206000402285,True
676,0,arb,submission,buy,0.012086718660735317,1.1956344502959837,98.90946179145254,-0.00014361273794749607,99.06116246771158,98.96746900031306,17.037055577062976,23.04841071899823,True
676,1,retail,submission,sell,0.03977846268224994,3.951168282597923,98.90946179145254,0.016701947805201733,99.1396482686367,98.97733360849561,16.255557403231503,22.275220290312035,False
676,2,retail,normalizer,sell,0.011715335555606998,1.1640016665146593,98.90946179145254,0.0,99.1396482686367,98.97733360849561,16.255557403231503,22.275220290312035,False
677,0,arb,submission,buy,0.02524538116650429,2.4981228176857257,98.92883127575688,-0.00062676377245241,99.08990744360993,98.98989925703319,17.912978777791036,23.925096098167206,True
678,0,arb,submission,buy,0.004287033236445758,0.4240227175014297,98.90398142775061,-1.8061903848898275e-05,99.08146584725004,99.00028456215489,18.4802978601168,24.49013395475074,False
679,0,arb,submission,buy,0.023496037361535577,2.323177231946829,98.85220154445803,-0.0005422111881983049,99.03522158380916,98.92026306269801,19.906816600632673,25.920754100326576,True
679,1,retail,submission,buy,0.06602433654536416,6.5214418721861875,98.85220154445803,0.005209150835275622,98.90546597510576,98.93183818029544,18.77550756748279,24.772308307731173,False
679,2,retail,normalizer,buy,0.03306255855846821,3.264628864426413,98.85220154445803,0.0,98.90546597510576,98.93183818029544,18.77550756748279,24.772308307731173,False
681,0,retail,submission,buy,0.15352253445011851,15.132647514794371,98.8357683565303,0.04087013762498515,98.60470289881015,98.50493846367922,20.71133175781356,26.723479040039795,True
681,1,retail,normalizer,buy,0.14789605507100564,14.577221771969562,98.8357683565303,0.0,98.60470289881015,98.50493846367922,20.71133175781356,26.723479040039795,True
682,0,arb,submission,sell,0.0033948451422958215,0.33565597116041723,98.8755812699682,-1.131560561001832e-05,98.61135131760423,98.5194588793095,21.03093395409085,27.042121543270188,False
682,1,retail,submission,sell,0.19045535774436928,18.86766999219009,98.8755812699682,0.03628578923584058,98.98541623392984,98.53281955210565,18.03093395409085,28.115064772895728,False
682,2,retail,normalizer,sell,0.12230119702657305,12.124110617039012,98.8755812699682,0.0,98.98541623392984,98.53281955210565,18.03093395409085,28.115064772895728,False
684,0,arb,submission,buy,0.014027873752103914,1.385858159059353,98.77941172547891,-0.00019304206724202189,98.95784195673505,98.85245942004272,17.989046735498324,30.00183262613704,True
685,0,arb,submission,buy,0.10543332851283783,10.403793739978937,98.57331783430108,-0.010880738154694924,98.7509614002816,98.64913357224238,19.26070398040438,31.273084257492304,True
685,1,arb,normalizer,buy,0.043908850714604084,4.330125960563237,98.57331783430108,0.0,98.7509614002816,98.64913357224238,19.26070398040438,31.273084257492304,True
685,2,retail,submission,buy,0.18411513057181567,18.11345037209503,98.57331783430108,0.03538891186439841,98.39129003894757,98.66202804560626,22.26070398040438,28.273084257492304,False
685,3,retail,normalizer,buy,0.19064019874944949,18.75658858792849,98.57331783430108,0.0,98.39129003894757,98.66202804560626,22.26070398040438,28.273084257492304,False
687,0,retail,submission,sell,0.08721918783884064,8.6133919124987,98.62005902629865,0.011830459606407828,98.56175726504145,98.76122453487574,21.80213051136607,27.777869705897007,True
687,1,retail,normalizer,sell,0.024243308446116885,2.3956614402489027,98.62005902629865,0.0,98.56175726504145,98.76122453487574,21.80213051136607,27.777869705897007,True
688,0,retail,submission,buy,0.06360885785945451,6.2517927930857695,98.52188551452264,0.015071818652951485,98.4376629101341,98.30109535384311,22.869539327758922,28.88619909210788,True
688,1,retail,normalizer,buy,0.013375038510600637,1.3139109536678006,98.52188551452264,0.0,98.4376629101341,98.30109535384311,22.869539327758922,28.88619909210788,True
689,0,retail,submission,sell,0.11274268003342058,11.142741176094107,98.57041220110492,0.02964873254255984,98.7471896208238,98.32658348688112,25.213415433526567,25.255315894922592,False
689,1,retail,normalizer,sell,0.0657070995182778,6.497087553793852,98.57041220110492,0.0,98.7471896208238,98.32658348688112,25.213415433526567,25.255315894922592,False
689,2,retail,submission,sell,0.04534698316524555,4.488552774932148,98.57041220110492,0.018681952257328938,98.7471896208238,98.32658348688112,25.213415433526567,25.255315894922592,False
689,3,retail,normalizer,sell,0.04216582948144776,4.173806614588627,98.57041220110492,0.0,98.7471896208238,98.32658348688112,25.213415433526567,25.255315894922592,False
690,0,retail,submission,buy,0.03790333667411646,3.7320088527994812,98.57705836348678,0.004390578695786296,98.67303239522444,98.50385415329131,23.98968902393039,24.01028108153647,True
690,1,retail,normalizer,buy,0.004860626793872225,0.4784265534053702,98.57705836348678,0.0,98.67303239522444,98.50385415329131,23.98968902393039,24.01028108153647,True
691,0,retail,submission,sell,0.052276220988972,5.173354597626098,98.55088635742399,0.021486683746335444,98.57285973864896,98.92428810826158,22.06761616069662,28.047996253861715,False
691,1,retail,submission,buy,0.10367511885716085,10.204412309829422,98.55088635742399,0.01286254675506271,98.57285973864896,98.92428810826158,22.06761616069662,28.047996253861715,False
691,2,retail,normalizer,buy,0.05054243901481764,4.972111942997799,98.55088635742399,0.0,98.57285973864896,98.92428810826158,22.06761616069662,28.047996253861715,False
692,0,retail,submission,sell,0.13375132179459115,13.238913889104891,98.43915328766836,0.07254702053887563,98.83517880356146,99.0336282849596,20.82647821393128,26.802407782499287,True
692,1,retail,normalizer,sell,0.09899959073565867,9.802516582405671,98.43915328766836,0.0,98.83517880356146,99.0336282849596,20.82647821393128,26.802407782499287,True
693,0,arb,submission,buy,0.10779681909095755,10.620571053728781,98.41872159875153,-0.01134592638484655,98.62412090930007,99.02011230719783,20.188128165764887,26.140042808581022,False
693,1,arb,normalizer,buy,0.05158717891100519,5.079739990178496,98.41872159875153,0.0,98.62412090930007,99.02011230719783,20.188128165764887,26.140042808581022,False
693,2,retail,submission,buy,0.3541315483920451,34.733497211283975,98.41872159875153,0.1196770592475147,97.93545284222763,99.00767923685127,23.188128165764887,23.140042808581022,False
693,3,retail,normalizer,buy,0.3510770677556725,34.43281009368002,98.41872159875153,0.0,97.93545284222763,99.00767923685127,23.188128165764887,23.140042808581022,False
694,0,arb,submission,sell,0.12425161122168049,12.21187740685652,98.4044535067651,-0.015034492747989958,98.17674518009494,98.99624219090899,20.188128165764887,24.34071683216804,False
694,1,arb,normalizer,sell,0.039850341661846755,3.919903836427463,98.4044535067651,0.0,98.17674518009494,98.99624219090899,20.188128165764887,24.34071683216804,False
695,0,arb,submission,sell,0.012167010327829075,1.197576482965408,98.44003111022123,-0.00014439222446904765,98.20042101800087,98.36984253687226,23.188128165764887,21.34071683216804,True
695,1,arb,normalizer,sell,0.018245645876916683,1.7957773502407322,98.44003111022123,0.0,98.20042101800087,98.36984253687226,23.188128165764887,21.34071683216804,True
696,0,arb,submission,sell,0.08260825846173248,8.13617512948584,98.57175468520344,-0.0066658585759356015,98.36139549476479,98.50147273922015,21.209418016752945,21.19234088129776,True
696,1,arb,normalizer,sell,0.06746720791024075,6.645916071030993,98.57175468520344,0.0,98.36139549476479,98.50147273922015,21.209418016752945,21.19234088129776,True
696,2,retail,submission,sell,0.014773328474859682,1.4564246497112652,98.57175468520344,0.0001917394034658404,98.39022524157448,98.48952979294829,18.209418016752945,24.192340881297763,False
696,3,retail,normalizer,sell,0.014029896353250138,1.383143875266321,98.57175468520344,0.0,98.39022524157448,98.48952979294829,18.209418016752945,24.192340881297763,False
697,0,arb,submission,sell,0.005500292837680831,0.5425170542124172,98.63959442009279,-2.960048816125216e-05,98.4009621508324,98.47854356129024,17.187723386577098,23.17826605964887,False
697,1,arb,normalizer,sell,0.020664052728193383,2.0378761743933316,98.63959442009279,0.0,98.4009621508324,98.47854356129024,17.187723386577098,23.17826605964887,False
697,2,retail,submission,sell,0.003498586316169394,0.34507603420418775,98.63959442009279,-2.3101066447817065e-05,98.40779252059647,98.46843731051506,16.002385799267543,21.994992956773075,False
698,0,arb,submission,sell,0.018022641473166345,1.77779576896795,98.65999238853195,-0.0003179015958818532,98.44298980476185,98.59997104279363,17.466542252579618,23.4474218044471,True
698,1,arb,normalizer,sell,0.010424736189818873,1.0283980659227319,98.65999238853195,0.0,98.44298980476185,98.59997104279363,17.466542252579618,23.4474218044471,True
698,2,retail,submission,sell,0.010760945833197866,1.0619427790820122,98.65999238853195,0.0002679450853062537,98.4640143781118,98.58977104603852,16.21530951337955,22.19999308581768,False
698,3,retail,normalizer,sell,0.018103176484601136,1.786379989470207,98.65999238853195,0.0,98.4640143781118,98.58977104603852,16.21530951337955,22.19999308581768,False
699,0,retail,submission,buy,0.1644772052208197,16.14252171615408,98.67157977946943,0.08670396069619812,98.14391358782098,98.58038798095438,15.829628670158897,21.776379603563335,False
699,1,retail,normalizer,buy,0.06157466670813205,6.037053692596601,98.67157977946943,0.0,98.14391358782098,98.58038798095438,15.829628670158897,21.776379603563335,False
700,0,arb,submission,sell,0.17426143130821004,17.169664753592873,98.69858761016651,-0.02969239145350855,98.48365781915307,98.63916164518268,17.286675622121308,23.267742797221317,True
700,1,arb,normalizer,sell,0.06300268183842661,6.21439187855511,98.69858761016651,0.0,98.48365781915307,98.63916164518268,17.286675622121308,23.267742797221317,True
700,2,retail,submission,sell,0.022092466526075327,2.1812994276351017,98.69858761016651,0.0008041846865847191,98.6146384956753,98.61977275652315,19.065198684127527,19.05275691655366,False
700,3,retail,normalizer,sell,0.02963371186643826,2.925665537214921,98.69858761016651,0.0,98.6146384956753,98.61977275652315,19.065198684127527,19.05275691655366,False
700,4,retail,submission,sell,0.04484943451706158,4.430612553071875,98.69858761016651,0.004036711123246661,98.6146384956753,98.61977275652315,19.065198684127527,19.05275691655366,False
700,5,retail,normalizer,sell,0.038730972419571685,3.8264112609973617,98.69858761016651,0.0,98.6146384956753,98.61977275652315,19.065198684127527,19.05275691655366,False
702,0,retail,submission,buy,0.43325750025042187,42.461733105707026,98.72244814320443,0.31050799541962704,97.67655663768728,98.60336497921372,18.136770962934648,19.05275691655366,False
702,1,retail,normalizer,buy,0.3379045046049286,33.08526025880201,98.72244814320443,0.0,97.67655663768728,98.60336497921372,18.136770962934648,19.05275691655366,False
702,2,retail,submission,buy,0.05007814633879908,4.883533824910046,98.72244814320443,0.06030338012984959,97.67655663768728,98.60336497921372,18.136770962934648,19.05275691655366,False
702,3,retail,normalizer,buy,0.06062301353911801,5.912464560089575,98.72244814320443,0.0,97.67655663768728,98.60336497921372,18.136770962934648,19.05275691655366,False
703,0,arb,submission,sell,0.44108941915457933,43.355340544616915,98.72186300208756,-0.18982866483184324,98.53377063627475,98.66308308007476,21.136770962934648,16.05275691655366,True
703,1,arb,normalizer,sell,0.3408516227361673,33.53610220434337,98.72186300208756,0.0,98.53377063627475,98.66308308007476,21.136770962934648,16.05275691655366,True
705,0,retail,submission,buy,0.025779958255488712,2.534180205939265,98.64014615202463,0.008758644175235641,98.48346639525919,98.33385403255397,21.869476089035818,15.88771989347905,True
706,0,arb,submission,sell,0.04919659249028996,4.855131272160769,98.73657020568142,-0.002371536137045105,98.57970030861435,98.67688220441083,23.48986148849308,17.478037469900638,True
706,1,arb,normalizer,sell,0.0075073038645285806,0.7411902272960267,98.73657020568142,0.0,98.57970030861435,98.67688220441083,23.48986148849308,17.478037469900638,True
708,0,arb,submission,sell,0.09084390993608338,8.979143913791724,98.9306834425965,-0.008106182782688265,98.75777202338327,98.86578907620058,25.407996846872543,19.394878930905485,True
708,1,arb,normalizer,sell,0.09892834408054796,9.777442326678536,98.9306834425965,0.0,98.75777202338327,98.86578907620058,25.407996846872543,19.394878930905485,True
708,2,retail,submission,buy,0.008635644218171418,0.8505972836137516,98.9306834425965,0.0037329008570536892,98.74086679500073,98.85476126806688,24.89901401289652,18.885180370014933,False
709,0,arb,submission,sell,0.012220894084066458,1.2091316980614664,98.95172489371564,-0.00014685130031466542,98.76485277646145,98.88235145138424,26.2174964152041,20.203228729459877,True
709,1,arb,normalizer,sell,0.010706125458298743,1.0592769388311714,98.95172489371564,0.0,98.76485277646145,98.88235145138424,26.2174964152041,20.203228729459877,True
709,2,retail,submission,buy,0.2157490388369545,21.20720502649783,98.95172489371564,0.14153451058006183,98.34378596222578,98.87056280403539,23.2174964152041,23.203228729459877,False
709,3,retail,normalizer,buy,0.14040840894824114,13.791241686370995,98.95172489371564,0.0,98.34378596222578,98.87056280403539,23.2174964152041,23.203228729459877,False
710,0,arb,submission,sell,0.15893672321379881,15.691523307178837,98.88397241847666,-0.02477124737750458,98.65452967550628,98.81047013303825,22.002930272862574,21.9839771875847,True
710,1,arb,normalizer,sell,0.10550175499454895,10.421515686487536,98.88397241847666,0.0,98.65452967550628,98.81047013303825,22.002930272862574,21.9839771875847,True
710,2,retail,submission,sell,0.05702892220099898,5.641753001962834,98.88397241847666,0.0025066319837998563,98.76638839145411,98.79798017914281,25.00293027286257,18.9839771875847,False
710,3,retail,normalizer,sell,0.05089797256736972,5.035538534742522,98.88397241847666,0.0,98.76638839145411,98.79798017914281,25.00293027286257,18.9839771875847,False
712,0,retail,submission,buy,0.1070709271007886,10.537383518414572,98.71580834997654,0.03220960112118476,98.55705569526137,98.37992630558334,25.222466643543353,19.244052763677225,True
712,1,retail,normalizer,buy,0.04125027191309162,4.056997227073225,98.71580834997654,0.0,98.55705569526137,98.37992630558334,25.222466643543353,19.244052763677225,True
713,0,retail,submission,buy,0.0072252065281114865,0.7102481859346881,98.64916435065288,0.002512400324392039,98.83258162927011,98.41253044556494,22.390146316377677,19.436709163056786,False
713,1,retail,normalizer,buy,0.008338472207669288,0.8196928224679141,98.64916435065288,0.0,98.83258162927011,98.41253044556494,22.390146316377677,19.436709163056786,False
713,2,retail,submission,sell,0.11747581337380097,11.612500372517829,98.64916435065288,0.02360955177910995,98.83258162927011,98.41253044556494,22.390146316377677,19.436709163056786,False
713,3,retail,normalizer,sell,0.040059214247136765,3.96290520742947,98.64916435065288,0.0,98.83258162927011,98.41253044556494,22.390146316377677,19.436709163056786,False
713,4,retail,submission,sell,0.030236074627410403,2.9941291663569043,98.64916435065288,0.011365671118889864,98.83258162927011,98.41253044556494,22.390146316377677,19.436709163056786,False
713,5,retail,normalizer,sell,0.04537894580465718,4.492977513038584,98.64916435065288,0.0,98.83258162927011,98.41253044556494,22.390146316377677,19.436709163056786,False
717,0,arb,submission,buy,0.022726373263660293,2.2405719898615644,98.56684968451809,-0.0005049725081094358,98.78803754601438,98.63290508865346,19.390146316377677,22.436709163056786,True
717,1,retail,submission,sell,0.024191593416190926,2.3957901679006404,98.56684968451809,0.011301016017971843,98.83556096370994,98.64413890895175,19.852583182641204,19.875846988071125,False
717,2,retail,normalizer,sell,0.0015166797880397098,0.15023672004705446,98.56684968451809,0.0,98.83556096370994,98.64413890895175,19.852583182641204,19.875846988071125,False
718,0,arb,submission,buy,0.007942035647715395,0.7833354821832472,98.62380314950327,-6.172185662634e-05,98.81998634941421,98.65447515365852,20.232084917766024,20.252200271761176,False
719,0,retail,submission,buy,0.0761597841674201,7.50521131248388,98.68572000793115,0.010671823726608132,98.67082670469509,98.53506497395153,21.676025859370917,21.692548091592833,True
720,0,retail,submission,sell,0.04560718658756002,4.511925928356758,98.72167891293114,0.009507897937518273,98.62211494115542,98.89458292995455,25.9758717053281,19.95814818321539,False
720,1,retail,submission,buy,0.07062834061456245,6.954379043983863,98.72167891293114,0.018169320320104987,98.62211494115542,98.89458292995455,25.9758717053281,19.95814818321539,False
720,2,retail,normalizer,buy,0.03529812792913874,3.474392415375405,98.72167891293114,0.0,98.62211494115542,98.89458292995455,25.9758717053281,19.95814818321539,False
725,0,retail,submission,buy,0.08908380200908157,8.755086189003123,98.4708745865231,0.017073706323802895,98.4483004035625,98.88383927432012,27.312639303379914,16.95814818321539,False
725,1,retail,normalizer,buy,0.10428461590486386,10.250551495453692,98.4708745865231,0.0,98.4483004035625,98.88383927432012,27.312639303379914,16.95814818321539,False
728,0,arb,submission,sell,0.023597503528520747,2.3276253969781973,98.66172941456333,-0.0005451110119198965,98.49441739182087,98.5917871870377,29.387327390308425,17.375470268749883,True
729,0,arb,submission,sell,0.05038684737019139,4.973948601543073,98.76460591303716,-0.002488522174232344,98.59299776567248,98.69064521989159,30.66432990249457,18.652450869515484,True
729,1,retail,submission,sell,0.08901673222592876,8.800605963554043,98.76460591303716,0.008903485593833693,98.76751842534469,98.67807741134388,27.66432990249457,21.652450869515484,False
729,2,retail,normalizer,sell,0.08542147614679152,8.445467880535626,98.76460591303716,0.0,98.76751842534469,98.67807741134388,27.66432990249457,21.652450869515484,False
733,0,retail,submission,buy,0.08446856422959732,8.312711894461245,98.70556195352096,0.02480520522823859,98.60236099143837,98.40730088696269,27.386727921733836,21.410490423850643,True
733,1,retail,normalizer,buy,0.015240310197053755,1.498799530107135,98.70556195352096,0.0,98.60236099143837,98.40730088696269,27.386727921733836,21.410490423850643,True
734,0,retail,submission,buy,0.008798023357286201,0.8650546933349688,98.74350078269873,0.003692932931422921,98.58518197473622,98.42051883671824,27.3807461858219,21.400806089145266,False
734,1,retail,normalizer,buy,0.007393462455599272,0.7269428733525274,98.74350078269873,0.0,98.58518197473622,98.42051883671824,27.3807461858219,21.400806089145266,False
735,0,retail,submission,sell,0.058550008891373295,5.78790743087172,98.76959310177658,0.004946876565378844,98.6999057062683,98.83431797019671,28.49233637943552,22.47600556711226,True
735,1,retail,normalizer,sell,0.0019541313463378174,0.19328247698513845,98.76959310177658,0.0,98.6999057062683,98.83431797019671,28.49233637943552,22.47600556711226,True
739,0,retail,submission,buy,0.08096056182430855,7.96164665206561,98.74494600524902,0.032799653830362985,98.54177463651497,98.34127378082594,29.983628935846767,24.00806994575198,True
739,1,retail,normalizer,buy,0.029804335248043143,2.929468151902256,98.74494600524902,0.0,98.54177463651497,98.34127378082594,29.983628935846767,24.00806994575198,True
740,0,retail,submission,buy,0.053627445620085784,5.265903782175883,98.64738861410767,0.024303686290645388,98.43725499804074,98.22703891295443,30.60913445118037,24.634788249039353,True
740,1,retail,normalizer,buy,0.06118332631632521,6.008296698071717,98.64738861410767,0.0,98.43725499804074,98.22703891295443,30.60913445118037,24.634788249039353,True
741,0,arb,submission,sell,0.038513158287756255,3.801944777473802,98.7558087836544,-0.0014533180464693096,98.51252593987962,98.66843472921575,31.3608327355876,25.341856202907316,True
741,1,arb,normalizer,sell,0.011324898433827002,1.118273840079031,98.7558087836544,0.0,98.51252593987962,98.66843472921575,31.3608327355876,25.341856202907316,True
742,0,retail,submission,buy,0.014716731925591633,1.445025386114139,98.55217275054694,0.005340520940256832,98.48384326934234,98.26422677268731,31.804677117675528,25.831466686277622,True
744,0,retail,submission,buy,0.1634059745733383,16.015776622805788,98.58458710106008,0.09353391035309144,98.16622175917263,97.94441952559674,32.69307392150194,26.720218055909676,True
744,1,retail,normalizer,buy,0.16006745926959978,15.688045582393897,98.58458710106008,0.0,98.16622175917263,97.94441952559674,32.69307392150194,26.720218055909676,True
745,0,arb,submission,sell,0.10711351494245491,10.554301404085773,98.63847954322813,-0.0112128483688263,98.37491537501829,97.95979791624485,31.417707522514565,25.468451575074347,False
745,1,arb,normalizer,sell,0.09966724365743573,9.821318196632872,98.63847954322813,0.0,98.37491537501829,97.95979791624485,31.417707522514565,25.468451575074347,False
746,0,retail,submission,buy,0.013338557262708748,1.307884388972525,98.5213759444757,0.0062486256637201976,98.34897281066795,98.12938605365633,31.863351050762212,25.89017376140954,True
746,1,retail,normalizer,buy,0.003896209749303315,0.3819990519168641,98.5213759444757,0.0,98.34897281066795,98.12938605365633,31.863351050762212,25.89017376140954,True
750,0,retail,submission,sell,0.023856905190413613,2.3529491926144104,98.39700550090147,0.005501161358797191,98.39552638054109,98.55968527787466,33.16592062894314,27.14591702760235,True
750,1,retail,normalizer,sell,0.01025077825426024,1.0111460687411884,98.39700550090147,0.0,98.39552638054109,98.55968527787466,33.16592062894314,27.14591702760235,True
751,0,retail,submission,sell,0.04731549932854762,4.670498076555953,98.4568370070445,0.011963671258216735,98.48795411059447,98.66063858518616,33.591855608269945,27.570833762090217,True
751,1,retail,normalizer,sell,0.05366991004216004,5.297406458144337,98.4568370070445,0.0,98.48795411059447,98.66063858518616,33.591855608269945,27.570833762090217,True
752,0,retail,submission,sell,0.016182899914525706,1.5984838675720072,98.52348309673788,0.004088201387032919,98.51959623616452,98.6951936851114,33.96894633870796,27.947577055114127,True
752,1,retail,normalizer,sell,0.018331859153249752,1.8107111211183262,98.52348309673788,0.0,98.51959623616452,98.6951936851114,33.96894633870796,27.947577055114127,True
754,0,retail,submission,buy,0.14827932959015036,14.537473184213013,98.39618726176684,0.05264749718866746,98.23121826818196,98.67875047225351,32.97752297687615,26.922976358609837,False
754,1,retail,normalizer,buy,0.15605984752493315,15.30146633987897,98.39618726176684,0.0,98.23121826818196,98.67875047225351,32.97752297687615,26.922976358609837,False
755,0,arb,normalizer,sell,0.0021078350954155667,0.20759990578791718,98.49169057741143,0.0,98.23121826818196,98.67875047225351,32.97752297687615,26.922976358609837,False
755,1,retail,submission,sell,0.017169237222532274,1.6913958753667249,98.49169057741143,0.00036867539490126333,98.26465825959045,98.4354005109323,33.3947817381172,27.373948932790057,True
755,2,retail,normalizer,sell,0.01958437488480058,1.9292726041042028,98.49169057741143,0.0,98.26465825959045,98.4354005109323,33.3947817381172,27.373948932790057,True
758,0,retail,submission,sell,0.045772468404592814,4.512209410830379,98.30277111370803,0.012648925944258593,98.35389136600789,98.52787120566336,32.419970573836736,26.398762331401326,True
758,1,retail,normalizer,sell,0.048059700559051066,4.737575613772063,98.30277111370803,0.0,98.35389136600789,98.52787120566336,32.419970573836736,26.398762331401326,True
759,0,retail,submission,buy,0.06521996405093869,6.3897214910157345,98.26370637660602,0.019033906378504994,97.86045847951316,98.49655944340643,30.388066504648513,27.896759169063976,False
759,1,retail,normalizer,buy,0.06416990866114317,6.286780833715966,98.26370637660602,0.0,97.86045847951316,98.49655944340643,30.388066504648513,27.896759169063976,False
759,2,retail,submission,buy,0.18951602596233025,18.518805972253176,98.26370637660602,0.10374115657048577,97.86045847951316,98.49655944340643,30.388066504648513,27.896759169063976,False
759,3,retail,normalizer,buy,0.1943993705387952,18.996910919722723,98.26370637660602,0.0,97.86045847951316,98.49655944340643,30.388066504648513,27.896759169063976,False
760,0,arb,submission,sell,0.0736321366197501,7.231099525099167,98.27733979748619,-0.0052709854949393176,98.00317786947551,98.18559935200382,30.688583355850323,24.896759169063976,True
760,1,arb,normalizer,sell,0.08015835915495018,7.871504604195448,98.27733979748619,0.0,98.00317786947551,98.18559935200382,30.688583355850323,24.896759169063976,True
760,2,retail,submission,buy,0.01775841726320216,1.7347363074186433,98.27733979748619,0.010513700222620104,97.96883429533337,98.1700119952064,27.688583355850323,25.686244370366154,False
760,3,retail,normalizer,buy,0.010570501819839439,1.0325093932005984,98.27733979748619,0.0,97.96883429533337,98.1700119952064,27.688583355850323,25.686244370366154,False
761,0,arb,submission,sell,0.01869233739088827,1.8363222014925116,98.25748239011949,-0.00033981052286469193,98.00509581973054,98.17349435965146,27.69666436957885,22.686244370366154,True
761,1,arb,normalizer,sell,0.0003310244166243592,0.03252551922173666,98.25748239011949,0.0,98.00509581973054,98.17349435965146,27.69666436957885,22.686244370366154,True
761,2,retail,submission,buy,0.04827222583151166,4.715573784806111,98.25748239011949,0.027533594765517755,97.91175203141873,98.1592235357621,28.174262884081866,19.68624437036615,False
761,3,retail,normalizer,buy,0.014660281542529276,1.4316453146420827,98.25748239011949,0.0,97.91175203141873,98.1592235357621,28.174262884081866,19.68624437036615,False
762,0,arb,submission,sell,0.020049908726164745,1.9673842822185015,98.14382224534762,-0.00039039583765543284,97.95061391853127,98.06860276504008,26.448808053218638,20.434361855727804,True
762,1,retail,submission,buy,0.1863480680191832,18.17120661967965,98.14382224534762,0.1177050437590097,97.50312908752429,98.04406360817732,23.96880193578385,20.434361855727804,False
762,2,retail,normalizer,buy,0.1599339167820762,15.59143558307187,98.14382224534762,0.0,97.50312908752429,98.04406360817732,23.96880193578385,20.434361855727804,False
762,3,retail,submission,buy,0.04586325991025857,4.4617665658443,98.14382224534762,0.039429062380294866,97.50312908752429,98.04406360817732,23.96880193578385,20.434361855727804,False
762,4,retail,normalizer,buy,0.04851664322716958,4.720021654797165,98.14382224534762,0.0,97.50312908752429,98.04406360817732,23.96880193578385,20.434361855727804,False
763,0,arb,submission,sell,0.26180917641107726,25.64578344549281,98.20990661233745,-0.06647132009206658,98.00922093538408,98.1400800964365,20.96880193578385,23.434361855727808,True
763,1,arb,normalizer,sell,0.19797243012985177,19.404840186278165,98.20990661233745,0.0,98.00922093538408,98.1400800964365,20.96880193578385,23.434361855727808,True
763,2,retail,submission,sell,0.0270590954009009,2.6589826452312852,98.20990661233745,0.0015114128944779814,98.45685021744508,98.11729947018607,20.472203576380576,20.210014620837345,False
763,3,retail,normalizer,sell,0.04225902713220364,4.151991313809394,98.20990661233745,0.0,98.45685021744508,98.11729947018607,20.472203576380576,20.210014620837345,False
763,4,retail,submission,sell,0.2028221571659259,19.969930438198002,98.20990661233745,0.05078532401959279,98.45685021744508,98.11729947018607,20.472203576380576,20.210014620837345,False
763,5,retail,normalizer,sell,0.1877324778762528,18.486975021920006,98.20990661233745,0.0,98.45685021744508,98.11729947018607,20.472203576380576,20.210014620837345,False
764,0,arb,submission,buy,0.10366618966812632,10.175306034599998,98.05387425532174,-0.010434508353204919,98.2550239405731,98.117784864384,22.08988754501995,17.210014620837345,True
764,1,arb,normalizer,buy,0.006969636161516967,0.6834469249624817,98.05387425532174,0.0,98.2550239405731,98.117784864384,22.08988754501995,17.210014620837345,True
764,2,retail,submission,buy,0.4746620260631143,46.31746267998824,98.05387425532174,0.22498793738062517,97.33893785018654,98.12865380990125,19.08988754501995,20.210014620837345,False
764,3,retail,normalizer,buy,0.48304863670387815,47.139647953905296,98.05387425532174,0.0,97.33893785018654,98.12865380990125,19.08988754501995,20.210014620837345,False
765,0,arb,submission,sell,0.3199279053769146,31.303313401533938,98.15471637909955,-0.0991194124965169,97.95634555378696,98.09295551751114,22.08988754501995,17.210014620837345,True
765,1,arb,normalizer,sell,0.23014909647288562,22.538904182421636,98.15471637909955,0.0,97.95634555378696,98.09295551751114,22.08988754501995,17.210014620837345,True
765,2,retail,submission,buy,0.01757752299688525,1.7177282409538748,98.15471637909955,0.007588543452496932,98.09169803604175,98.0728051856891,19.674150797123946,17.210014620837345,False
765,3,retail,submission,sell,0.08727157135858477,8.570544741583632,98.15471637909955,0.004428406923397077,98.09169803604175,98.0728051856891,19.674150797123946,17.210014620837345,False
765,4,retail,normalizer,sell,0.06976710541472642,6.8526999484567295,98.15471637909955,0.0,98.09169803604175,98.0728051856891,19.674150797123946,17.210014620837345,False
766,0,retail,submission,buy,0.10609549216840183,10.375730728961571,98.10956979247821,0.03325236460157477,98.16876574543282,97.7612382860564,18.637851217667098,17.21001462083734,False
766,1,retail,normalizer,buy,0.004038443059370622,0.39454616038165113,98.10956979247821,0.0,98.16876574543282,97.7612382860564,18.637851217667098,17.21001462083734,False
766,2,retail,submission,sell,0.14552717941755589,14.285954508079831,98.10956979247821,0.008345542310632226,98.16876574543282,97.7612382860564,18.637851217667098,17.21001462083734,False
766,3,retail,normalizer,sell,0.013336042028356587,1.310872710356291,98.10956979247821,0.0,98.16876574543282,97.7612382860564,18.637851217667098,17.21001462083734,False
767,0,retail,submission,sell,0.053557355420650765,5.269519772458457,98.22046473527311,0.009091433049940534,97.95233444344919,97.77858054625426,17.84185614859653,17.21001462083734,False
767,1,retail,normalizer,sell,0.06876563946099168,6.764849724915411,98.22046473527311,0.0,97.95233444344919,97.77858054625426,17.84185614859653,17.21001462083734,False
767,2,retail,submission,buy,0.16534396847430824,16.188508633085803,98.22046473527311,0.051652791635099504,97.95233444344919,97.77858054625426,17.84185614859653,17.21001462083734,False
767,3,retail,normalizer,buy,0.05410478566284582,5.291470794812994,98.22046473527311,0.0,97.95233444344919,97.77858054625426,17.84185614859653,17.21001462083734,False
770,0,arb,submission,sell,0.018135208426542704,1.7797678773068022,98.15643337190043,-0.00031950029866401053,97.98750600655448,98.10135145532702,17.333256153671186,17.319322211651702,True
771,0,retail,submission,sell,0.10758968562576854,10.571994784413905,97.98530402618321,0.029786728291499642,97.95882178193492,98.30307633558336,17.853213175956412,17.81111580827165,False
771,1,retail,normalizer,sell,0.015195661396987248,1.4945255244021762,97.98530402618321,0.0,97.95882178193492,98.30307633558336,17.853213175956412,17.81111580827165,False
771,2,retail,submission,buy,0.12261276025856133,12.002655339329067,97.98530402618321,0.011593252095579487,97.95882178193492,98.30307633558336,17.853213175956412,17.81111580827165,False
771,3,retail,normalizer,buy,0.002808094350329332,0.27456112779691466,97.98530402618321,0.0,97.95882178193492,98.30307633558336,17.853213175956412,17.81111580827165,False
772,0,arb,submission,sell,0.00823323614930871,0.8080230185007934,98.14960401870944,-6.584934638054207e-05,97.97478862233812,98.29454499939447,17.909554026124127,17.87045391349959,False
772,1,retail,submission,sell,0.038235202122478995,3.7542130773434974,98.14960401870944,0.00144312944686531,98.04898991789966,98.28669682402436,17.060599886033867,17.031542683842748,False
773,0,retail,submission,sell,0.23450259967867737,23.085575601256952,98.1524412959749,0.06857295254206974,98.58885425802461,98.60255735003868,21.100064466028336,15.093114897528743,False
773,1,retail,normalizer,sell,0.16003918511053428,15.76667672454256,98.1524412959749,0.0,98.58885425802461,98.60255735003868,21.100064466028336,15.093114897528743,False
773,2,retail,submission,sell,0.02451718483494858,2.4202257156288804,98.1524412959749,0.01380417037402415,98.58885425802461,98.60255735003868,21.100064466028336,15.093114897528743,False
773,3,retail,normalizer,sell,0.03345809972979907,3.3025399903805375,98.1524412959749,0.0,98.58885425802461,98.60255735003868,21.100064466028336,15.093114897528743,False
773,4,retail,submission,sell,0.017866235836393685,1.7642914595845438,98.1524412959749,0.010676795472869705,98.58885425802461,98.60255735003868,21.100064466028336,15.093114897528743,False
773,5,retail,normalizer,sell,0.01431133411306007,1.4132947773853508,98.1524412959749,0.0,98.58885425802461,98.60255735003868,21.100064466028336,15.093114897528743,False
774,0,arb,submission,buy,0.07128997725232333,7.0086166195033,98.24199402683384,-0.004947100107431268,98.44972357825021,98.29895453701177,20.121311168106523,14.139702432659783,True
774,1,retail,submission,buy,0.08039080036060818,7.8922445585958485,98.24199402683384,0.005507970243411542,98.24818430560764,98.3175535956025,17.013828568035187,17.011939856492752,False
774,2,retail,normalizer,buy,0.0414382002858046,4.066562920295837,98.24199402683384,0.0,98.24818430560764,98.3175535956025,17.013828568035187,17.011939856492752,False
774,3,retail,submission,buy,0.023135108316554368,2.268952542959596,98.24199402683384,0.003886630085491838,98.24818430560764,98.3175535956025,17.013828568035187,17.011939856492752,False
774,4,retail,normalizer,buy,0.022602179654239697,2.2166741622640984,98.24199402683384,0.0,98.24818430560764,98.3175535956025,17.013828568035187,17.011939856492752,False
775,0,retail,submission,buy,0.08605152595586457,8.432841490843202,98.26924873772579,0.02337731757451955,98.08108239410997,97.97426226486533,16.566780184738263,16.57985650819341,True
775,1,retail,normalizer,buy,0.07090947406807455,6.947912817391625,98.26924873772579,0.0,98.08108239410997,97.97426226486533,16.566780184738263,16.57985650819341,True
776,0,arb,submission,sell,0.017035057252385855,1.6738740411876696,98.27712700532527,-0.00028244394804244344,98.11418493894669,98.22497670869193,18.416857000949587,18.403314096663085,True
776,1,retail,submission,sell,0.02456002539500446,2.4147171089305055,98.27712700532527,0.001028373931638349,98.03024971839996,98.20796084298415,21.10373517697181,15.097114348234406,False
776,2,retail,submission,buy,0.06789403659897052,6.648080999750164,98.27712700532527,0.024349857991063928,98.03024971839996,98.20796084298415,21.10373517697181,15.097114348234406,False
776,3,retail,normalizer,buy,0.031764557924276085,3.109225750358746,98.27712700532527,0.0,98.03024971839996,98.20796084298415,21.10373517697181,15.097114348234406,False
777,0,arb,submission,sell,0.0334154154264894,3.2817601501392746,98.24346719545292,-0.0010861191354685218,98.09514790963121,98.18652676668333,20.38188100670914,14.370707816074468,True
778,0,arb,submission,sell,0.0763869075771737,7.509650223371896,98.3851324186459,-0.005685793659204741,98.24374601950247,98.33039243201907,22.23451986356832,16.223941086946024,True
778,1,retail,submission,sell,0.023771081871515776,2.3397064295344774,98.3851324186459,0.0009853918709250564,98.2900576236106,98.32108966365715,21.88485703385159,15.881069003664118,False
778,2,retail,normalizer,sell,0.003708700207766924,0.36510731164415855,98.3851324186459,0.0,98.2900576236106,98.32108966365715,21.88485703385159,15.881069003664118,False
779,0,arb,submission,sell,0.008261057851370879,0.813338027578244,98.46252877764175,-6.661884612446656e-05,98.30615975626247,98.3125318940787,22.870773122771624,16.86999531621465,False
779,1,arb,normalizer,sell,0.0065337054668503924,0.6432835192628394,98.46252877764175,0.0,98.30615975626247,98.3125318940787,22.870773122771624,16.86999531621465,False
784,0,retail,submission,sell,0.032110382885278455,3.1629897027166476,98.43852545279373,0.0020909597652125633,98.36878566146348,98.47231666973013,25.268824921518707,19.2562018251787,True
784,1,retail,normalizer,sell,0.03713015999092306,3.6572748964223547,98.43852545279373,0.0,98.36878566146348,98.47231666973013,25.268824921518707,19.2562018251787,True
785,0,retail,submission,buy,0.11755690212623521,11.521309786750862,98.48214967338956,0.05594664358503998,98.14037930618265,97.96691915058736,26.45452729029537,20.47575568805031,True
785,1,retail,normalizer,buy,0.02702921905595229,2.6466615866211214,98.48214967338956,0.0,98.14037930618265,97.96691915058736,26.45452729029537,20.47575568805031,True
786,0,arb,submission,sell,0.15899984934625877,15.660990408541817,98.65228000873844,-0.024707250512530976,98.45028201038564,97.97959473096992,25.618005824705183,19.67551487013849,False
786,1,arb,normalizer,sell,0.08693008197460017,8.56846368449974,98.65228000873844,0.0,98.45028201038564,97.97959473096992,25.618005824705183,19.67551487013849,False
786,2,retail,submission,sell,0.285652485330516,28.258101483148625,98.65228000873844,0.0778325151305097,99.22755826381722,98.0019888833911,22.888210074189253,19.67551487013849,False
786,3,retail,normalizer,sell,0.28175765613865167,27.873923982057963,98.65228000873844,0.0,99.22755826381722,98.0019888833911,22.888210074189253,19.67551487013849,False
786,4,retail,submission,sell,0.10985764612642868,10.907178165736362,98.65228000873844,0.06947089897101932,99.22755826381722,98.0019888833911,22.888210074189253,19.67551487013849,False
786,5,retail,normalizer,sell,0.09481988003170727,9.415573593502128,98.65228000873844,0.0,99.22755826381722,98.0019888833911,22.888210074189253,19.67551487013849,False
787,0,arb,submission,buy,0.14933367244452778,14.76219054514877,98.70723340556037,-0.02187688385726716,98.93367487896451,98.01186259769896,19.888210074189253,19.502218098055728,False
787,1,arb,normalizer,buy,0.04623201826065901,4.565528517481653,98.70723340556037,0.0,98.93367487896451,98.01186259769896,19.888210074189253,19.502218098055728,False
787,2,retail,submission,buy,0.022998997525567135,2.2703317002287804,98.70723340556037,-0.00016428337871987608,99.14461440647152,98.02930595724085,17.93212235489318,15.328450689561414,False
787,3,retail,normalizer,buy,0.007858781005428642,0.7756580599289009,98.70723340556037,0.0,99.14461440647152,98.02930595724085,17.93212235489318,15.328450689561414,False
787,4,retail,submission,sell,0.12996167862085883,12.891977270647832,98.70723340556037,0.06381952524029266,99.14461440647152,98.02930595724085,17.93212235489318,15.328450689561414,False
787,5,retail,normalizer,sell,0.020237046696507832,2.0096736350405884,98.70723340556037,0.0,99.14461440647152,98.02930595724085,17.93212235489318,15.328450689561414,False
788,0,arb,submission,buy,0.1585382493093475,15.66534273596153,98.65566746534907,-0.02464593155993633,98.83289582340845,98.03699655745527,14.932122354893181,18.048513213858833,False
788,1,arb,normalizer,buy,0.03878014979703034,3.8273535926546174,98.65566746534907,0.0,98.83289582340845,98.03699655745527,14.932122354893181,18.048513213858833,False
789,0,arb,submission,buy,0.08897136296086283,8.772419512029956,98.5112330702899,-0.007740838811038486,98.6585512261164,98.5632735126497,17.93212235489318,15.048513213858831,True
789,1,arb,normalizer,buy,0.07389025699302026,7.284354521052592,98.5112330702899,0.0,98.6585512261164,98.5632735126497,17.93212235489318,15.048513213858831,True
789,2,retail,submission,buy,0.15578190469390532,15.317997184522028,98.5112330702899,0.028270336912967764,98.35448769205533,98.572123121467,14.932122354893181,17.986738079012525,False
789,3,retail,normalizer,buy,0.1710378484065657,16.820637515571434,98.5112330702899,0.0,98.35448769205533,98.572123121467,14.932122354893181,17.986738079012525,False
790,0,retail,submission,buy,0.04916322968000795,4.825854522523514,98.4427911047974,0.013911026902683865,98.25879128468968,98.16380243166986,17.93212235489318,14.986738079012525,True
790,1,retail,normalizer,buy,0.034015256699440825,3.3384303649127105,98.4427911047974,0.0,98.25879128468968,98.16380243166986,17.93212235489318,14.986738079012525,True
791,0,arb,submission,sell,0.08249021502021492,8.124197453566504,98.56739923279481,-0.0066485031301066755,98.41967885325167,98.51545418660557,20.7189397752396,11.986738079012525,True
792,0,arb,submission,sell,0.05184168655266319,5.110994011360512,98.63922857888765,-0.0026299584226787687,98.52099231915855,98.58757983152968,19.71037630894013,13.702268593078413,True
793,0,arb,submission,sell,0.06822261851348799,6.735143284615966,98.7899219802551,-0.004563875620219093,98.65455737572881,98.73707720163839,21.494223951600535,15.484190720830295,True
793,1,arb,normalizer,sell,0.04415242511618089,4.359904183645743,98.7899219802551,0.0,98.65455737572881,98.73707720163839,21.494223951600535,15.484190720830295,True
795,0,arb,normalizer,sell,7.354755291544279e-05,0.007265762317235723,98.79006619685138,0.0,98.65455737572881,98.73707720163839,21.494223951600535,15.484190720830295,True
795,1,retail,submission,sell,0.014586487961636863,1.441464020259219,98.79006619685138,0.00046390894953751705,98.68314979155431,98.77767451184934,23.57583779081085,17.56434896362154,True
795,2,retail,normalizer,sell,0.023513762098986035,2.3234683187643457,98.79006619685138,0.0,98.68314979155431,98.77767451184934,23.57583779081085,17.56434896362154,True
797,0,retail,submission,buy,0.10737352710572208,10.559740091866843,98.70780867952834,0.03886547893092285,98.47346166571104,98.3060582380775,25.24806668056089,19.268483857435648,True
797,1,retail,normalizer,buy,0.0014192152003771052,0.13942750778369373,98.70780867952834,0.0,98.47346166571104,98.3060582380775,25.24806668056089,19.268483857435648,True
798,0,retail,submission,sell,0.3222209536049121,31.8934500360263,98.59667075953354,0.12353676161985305,99.10623690172471,98.3170710036405,22.24806668056089,22.268483857435648,False
798,1,retail,normalizer,sell,0.2357237841101778,23.35202827138609,98.59667075953354,0.0,99.10623690172471,98.3170710036405,22.24806668056089,22.268483857435648,False
799,0,arb,submission,buy,0.11827556301992803,11.68204261228675,98.65380391815486,-0.0137084098094018,98.87377896088294,98.72417495534741,21.67185738856194,21.690028103701913,True
799,1,arb,normalizer,buy,0.024966398124889568,2.4636401561492676,98.65380391815486,0.0,98.87377896088294,98.72417495534741,21.67185738856194,21.690028103701913,True
800,0,arb,submission,buy,0.0380838877746768,3.75591812877974,98.58498290420823,-0.0014187035874431153,98.79909890236127,98.65347823302805,22.82476929409959,22.842469220404432,True
800,1,arb,normalizer,buy,0.03518844168943878,3.470262563250799,98.58498290420823,0.0,98.79909890236127,98.65347823302805,22.82476929409959,22.842469220404432,True
801,0,retail,submission,buy,0.48143177537373255,47.230959999449624,98.61268642449214,0.24432070026680464,97.86239956883917,98.66512717079377,25.82476929409959,19.842469220404436,False
801,1,retail,normalizer,buy,0.48743262723181574,47.82243758361619,98.61268642449214,0.0,97.86239956883917,98.66512717079377,25.82476929409959,19.842469220404436,False
802,0,arb,submission,sell,0.25483837273282006,25.05183402615036,98.55324782829479,-0.06331527794661795,98.3576938496344,98.48117996083485,25.14725184940387,19.132195541615477,True
802,1,arb,normalizer,sell,0.16713209033625276,16.444167328279594,98.55324782829479,0.0,98.3576938496344,98.48117996083485,25.14725184940387,19.132195541615477,True
803,0,arb,submission,sell,0.017274617021115546,1.7026401580460737,98.5800093456944,-0.00029174933878839404,98.3914041441648,98.51011418208111,26.317732438604164,20.303263068666293,True
803,1,arb,normalizer,sell,0.013694251884842856,1.3497962268736294,98.5800093456944,0.0,98.3914041441648,98.51011418208111,26.317732438604164,20.303263068666293,True
804,0,arb,submission,sell,0.0796884149501409,7.86282167414939,98.74762541096561,-0.006220074940714859,98.5471355093531,98.67390611931431,27.371801666329144,21.356374840601305,True
804,1,arb,normalizer,sell,0.08564487712170887,8.450047467235393,98.74762541096561,0.0,98.5471355093531,98.67390611931431,27.371801666329144,21.356374840601305,True
808,0,arb,normalizer,sell,0.0005836761017121717,0.05763696285115075,98.74876919294728,0.0,98.5471355093531,98.67390611931431,27.371801666329144,21.356374840601305,True
811,0,arb,submission,sell,0.030582089123441847,3.021144584689155,98.818038358347,-0.000917471389508151,98.60699885152762,98.74092944863284,29.14312391498022,23.12683626322623,True
811,1,arb,normalizer,sell,0.03532941398073319,3.4899595519085542,98.818038358347,0.0,98.60699885152762,98.74092944863284,29.14312391498022,23.12683626322623,True
812,0,arb,submission,sell,0.010958456206068945,1.0832031848788526,98.8570880806474,-0.00011788551242220002,98.62846291169734,98.77433697333663,29.914135789671636,23.89640059300076,True
812,1,arb,normalizer,sell,0.01990019541746335,1.9668867842751647,98.8570880806474,0.0,98.62846291169734,98.77433697333663,29.914135789671636,23.89640059300076,True
814,0,retail,submission,sell,0.00870693171478365,0.8608827544077859,98.79750571262153,0.0006596185770426644,98.26413890548226,98.74734200931569,30.84766869890296,21.181209693087208,False
814,1,retail,normalizer,sell,0.012594474366139252,1.245208756395917,98.79750571262153,0.0,98.26413890548226,98.74734200931569,30.84766869890296,21.181209693087208,False
814,2,retail,submission,buy,0.19578987018565552,19.218216845487404,98.79750571262153,0.12533397265332624,98.26413890548226,98.74734200931569,30.84766869890296,21.181209693087208,False
814,3,retail,normalizer,buy,0.16586910766481133,16.276451698720848,98.79750571262153,0.0,98.26413890548226,98.74734200931569,30.84766869890296,21.181209693087208,False
815,0,arb,submission,sell,0.13580684812717436,13.391296953462188,98.7383861969135,-0.01805206510433166,98.5292463506341,98.65611372277756,31.810756770923472,19.79531537643907,True
815,1,arb,normalizer,sell,0.09224856413148075,9.100145242615435,98.7383861969135,0.0,98.5292463506341,98.65611372277756,31.810756770923472,19.79531537643907,True
816,0,arb,submission,sell,0.04134920317223134,4.083862823797532,98.8057659991805,-0.0016768690905291095,98.61017686928407,98.72410495148026,32.75173677044572,20.73788071894022,True
816,1,arb,normalizer,sell,0.03437169231162329,3.3949632111357886,98.8057659991805,0.0,98.61017686928407,98.72410495148026,32.75173677044572,20.73788071894022,True
817,0,arb,submission,sell,0.008748766706219158,0.8645853564012029,98.83227031233177,-7.511960737738299e-05,98.62731312903985,98.71022928691337,32.70813317527522,20.69804899278971,False
817,1,arb,normalizer,sell,0.013510710318371366,1.3351151162425454,98.83227031233177,0.0,98.62731312903985,98.71022928691337,32.70813317527522,20.69804899278971,False
818,0,arb,submission,sell,0.08925985989164076,8.829546350807869,99.00732834803816,-0.007833905783689588,98.80240249475885,98.92264402994881,33.579190500808245,21.564595501867636,True
818,1,arb,normalizer,sell,0.08910044000282369,8.813794194899264,99.00732834803816,0.0,98.80240249475885,98.92264402994881,33.579190500808245,21.564595501867636,True
820,0,retail,submission,buy,0.05628219721815475,5.539055159128111,98.9542854372814,0.030309449434539282,98.69231742663807,98.4478644851731,34.453216888933056,22.482976781301343,True
820,1,retail,normalizer,buy,0.027327749882926217,2.688710150989209,98.9542854372814,0.0,98.69231742663807,98.4478644851731,34.453216888933056,22.482976781301343,True
821,0,retail,submission,buy,0.03671322941740639,3.6095182681674487,98.88795319117075,0.020977843957747044,98.37510738876381,98.39983773687534,28.768748474460345,26.161476404273415,False
821,1,retail,normalizer,buy,0.04113320691837241,4.044252571256948,98.88795319117075,0.0,98.37510738876381,98.39983773687534,28.768748474460345,26.161476404273415,False
821,2,retail,submission,sell,0.04789275097556356,4.736258277934016,98.88795319117075,0.00024216126608944677,98.37510738876381,98.39983773687534,28.768748474460345,26.161476404273415,False
821,3,retail,normalizer,sell,0.03404893965389988,3.367665510822367,98.88795319117075,0.0,98.37510738876381,98.39983773687534,28.768748474460345,26.161476404273415,False
821,4,retail,submission,buy,0.174017582352075,17.0940236474853,98.88795319117075,0.1142188905873951,98.37510738876381,98.39983773687534,28.768748474460345,26.161476404273415,False
821,5,retail,normalizer,buy,0.14650870387105477,14.387864726479165,98.88795319117075,0.0,98.37510738876381,98.39983773687534,28.768748474460345,26.161476404273415,False
822,0,arb,submission,sell,0.11117098162104355,10.977247651183008,98.85102040929469,-0.012117321960092298,98.59241154549706,98.76406034537894,25.768748474460345,27.68732816137381,True
822,1,arb,normalizer,sell,0.1007300487273568,9.947320845829038,98.85102040929469,0.0,98.59241154549706,98.76406034537894,25.768748474460345,27.68732816137381,True
822,2,retail,submission,buy,0.10013852524225157,9.837700924448654,98.85102040929469,0.061094478029827926,98.53070690393118,98.73569314351737,22.770365949321885,22.09398496443216,False
822,3,retail,normalizer,buy,0.0592876649793508,5.8221185709990095,98.85102040929469,0.0,98.53070690393118,98.73569314351737,22.770365949321885,22.09398496443216,False
822,4,retail,submission,sell,0.06835029594741115,6.7466926770635895,98.85102040929469,-0.009803822615282343,98.53070690393118,98.73569314351737,22.770365949321885,22.09398496443216,False
822,5,retail,normalizer,sell,0.02012741876373525,1.98767981654301,98.85102040929469,0.0,98.53070690393118,98.73569314351737,22.770365949321885,22.09398496443216,False
823,0,arb,submission,sell,0.11853364152662493,11.71885300116146,98.98166841004532,-0.013804599862107025,98.7629784606847,98.91056215988615,23.826502021116568,19.09398496443216,True
823,1,arb,normalizer,sell,0.10548262507748518,10.42991705934078,98.98166841004532,0.0,98.7629784606847,98.91056215988615,23.826502021116568,19.09398496443216,True
824,0,retail,submission,sell,0.01780741168130362,1.7623894132865114,98.82069330482258,0.0026486449756912833,98.797943768828,98.91892166282477,25.467432001650508,16.09398496443216,True
824,1,retail,normalizer,sell,0.002685221352010103,0.2657947795580471,98.82069330482258,0.0,98.797943768828,98.91892166282477,25.467432001650508,16.09398496443216,True
825,0,retail,submission,buy,0.02231695207711897,2.1987672437971924,98.71378805196639,0.004223633509420566,98.75423836179728,98.56833275154122,26.752237338751073,14.774848713724401,True
826,0,retail,submission,sell,0.05939007561347864,5.877168631712054,98.75411418879659,0.012154322897320213,98.87090914046973,98.95136302618758,28.276481690294574,16.266720942750425,True
826,1,retail,normalizer,sell,0.015380528265083626,1.5227042324725888,98.75411418879659,0.0,98.87090914046973,98.95136302618758,28.276481690294574,16.266720942750425,True
827,0,retail,submission,sell,0.022980328010447693,2.276308024896066,98.91819949590847,0.0031353542771874743,98.91610908336573,99.00660454204973,29.629450852374934,17.618477422551585,True
827,1,retail,normalizer,sell,0.03051509783342965,3.0224360932880803,98.91819949590847,0.0,98.91610908336573,99.00660454204973,29.629450852374934,17.618477422551585,True
828,0,retail,submission,buy,0.4134052719651954,40.60482330625746,98.94536497832598,0.29971221230291434,98.11007447973908,98.99459552354301,26.62945085237493,20.61847742255159,False
828,1,retail,normalizer,buy,0.34210510865126376,33.57795150371567,98.94536497832598,0.0,98.11007447973908,98.99459552354301,26.62945085237493,20.61847742255159,False
829,0,arb,submission,sell,0.3426625179721583,33.80283477950689,98.98355847841692,-0.11512060655183376,98.77946945184785,98.90866857017032,25.716867977254154,19.701182772917843,True
829,1,arb,normalizer,sell,0.2934590303575675,28.963184017646615,98.98355847841692,0.0,98.77946945184785,98.90866857017032,25.716867977254154,19.701182772917843,True
829,2,retail,submission,buy,0.1275966850664333,12.55563792506291,98.98355847841692,0.07433601286253655,98.74335946645564,98.88423677150381,23.399897551536153,19.701182772917843,False
829,3,retail,normalizer,buy,0.05848382610749006,5.750924521624256,98.98355847841692,0.0,98.74335946645564,98.88423677150381,23.399897551536153,19.701182772917843,False
829,4,retail,submission,sell,0.1088728439908806,10.756817527428021,98.98355847841692,-0.019803992454871633,98.74335946645564,98.88423677150381,23.399897551536153,19.701182772917843,False
829,5,retail,normalizer,sell,0.02014523192738693,1.992137122557324,98.98355847841692,0.0,98.74335946645564,98.88423677150381,23.399897551536153,19.701182772917843,False
830,0,arb,submission,sell,0.039654485821529306,3.924893190930537,99.01629804034015,-0.0015471958104513739,98.82122422182108,98.94796405295871,24.285322737351542,16.701182772917843,True
830,1,arb,normalizer,sell,0.05480657818108625,5.4237909826097335,99.01629804034015,0.0,98.82122422182108,98.94796405295871,24.285322737351542,16.701182772917843,True
830,2,retail,submission,sell,0.019605534769340238,1.9410624255178786,99.01629804034015,-0.000205048443365774,98.859755286649,98.9363519659866,21.285322737351542,19.701182772917843,False
830,3,retail,normalizer,sell,0.00449295221686441,0.444895356303735,99.01629804034015,0.0,98.859755286649,98.9363519659866,21.285322737351542,19.701182772917843,False
831,0,retail,submission,sell,0.0008930206219446291,0.08845885845543518,98.96473297289923,8.131106539256694e-05,98.89460176769072,98.90680433011934,21.138309824828898,16.701182772917843,False
831,1,retail,normalizer,sell,0.01601618774739677,1.586257654740034,98.96473297289923,0.0,98.89460176769072,98.90680433011934,21.138309824828898,16.701182772917843,False
831,2,retail,submission,sell,0.030958157426255184,3.0666342366528974,98.96473297289923,0.0028684536305760844,98.89460176769072,98.90680433011934,21.138309824828898,16.701182772917843,False
831,3,retail,normalizer,sell,0.015856226100027015,1.5709124024601864,98.96473297289923,0.0,98.89460176769072,98.90680433011934,21.138309824828898,16.701182772917843,False
831,4,retail,submission,buy,0.014160457083344211,1.3976083748530073,98.96473297289923,0.0037774791743521163,98.89460176769072,98.90680433011934,21.138309824828898,16.701182772917843,False
833,0,retail,submission,buy,0.022480851247036714,2.2180404662212823,99.04106338104305,0.008486946996281386,98.8504917412006,98.7013347043854,23.442542725774445,13.701182772917841,True
834,0,arb,submission,sell,0.00936358044450003,0.9269507407888229,99.0045474369127,-8.630350802851794e-05,98.86889949693436,98.71150366186569,24.04956315908573,12.068681958223983,False
834,1,retail,submission,buy,0.10813307978573174,10.653859753791039,99.0045474369127,0.05180687335490397,98.65714429221397,98.72086002805854,23.695674715471966,11.68792725817278,False
834,2,retail,normalizer,buy,0.038122684209827354,3.7534473692703614,99.0045474369127,0.0,98.65714429221397,98.72086002805854,23.695674715471966,11.68792725817278,False
835,0,arb,submission,sell,0.15149473372083833,14.986077233326238,99.07051562477136,-0.022584150834651595,98.95472272676615,99.01438857552415,25.603455292225522,13.596221939705167,True
835,1,arb,normalizer,sell,0.029186775332348702,2.8907103672773355,99.07051562477136,0.0,98.95472272676615,99.01438857552415,25.603455292225522,13.596221939705167,True
835,2,retail,submission,buy,0.10361052266454215,10.215997534081907,99.07051562477136,0.048750370446343894,98.43958429518294,98.98800369239608,18.71948985171571,17.966666093459178,False
835,3,retail,submission,buy,0.1441670623639483,14.181265944342158,99.07051562477136,0.10143926016276872,98.43958429518294,98.98800369239608,18.71948985171571,17.966666093459178,False
835,4,retail,normalizer,buy,0.12858806022164318,12.646850569886738,99.07051562477136,0.0,98.43958429518294,98.98800369239608,18.71948985171571,17.966666093459178,False
835,5,retail,submission,buy,0.015565044574594745,1.5291242530620366,99.07051562477136,0.01291273866561471,98.43958429518294,98.98800369239608,18.71948985171571,17.966666093459178,False
835,6,retail,normalizer,buy,0.00037981149254727974,0.03730741977960861,99.07051562477136,0.0,98.43958429518294,98.98800369239608,18.71948985171571,17.966666093459178,False
836,0,arb,submission,sell,0.28293147519966055,27.980332096793006,99.1727706181623,-0.07876619384120787,98.99459021263633,99.11452196967367,15.71948985171571,18.399818272332563,True
836,1,arb,normalizer,sell,0.18046745699133737,17.865398315193683,99.1727706181623,0.0,98.99459021263633,99.11452196967367,15.71948985171571,18.399818272332563,True
837,0,arb,submission,sell,0.012014834222426884,1.1917385692975775,99.20079029465289,-0.00014248082641077353,99.01826264326357,99.1466039702424,18.71948985171571,15.399818272332562,True
837,1,arb,normalizer,sell,0.014203810089227886,1.4088301789104858,99.20079029465289,0.0,99.01826264326357,99.1466039702424,18.71948985171571,15.399818272332562,True
837,2,retail,submission,sell,0.05045239032837401,5.00592638343484,99.20079029465289,0.00100939060583638,99.11776006844804,99.13739523907144,21.010607108995462,12.399818272332562,False
837,3,retail,normalizer,sell,0.03537970622956266,3.5109301442924448,99.20079029465289,0.0,99.11776006844804,99.13739523907144,21.010607108995462,12.399818272332562,False
838,0,retail,submission,buy,0.04642097087325419,4.589358823095608,99.20421228768534,0.01579702601515809,99.02639974275186,98.87122552832605,19.827734324134664,13.846553049933506,True
839,0,arb,submission,sell,0.02603711994350988,2.5826064958354893,99.2151140290159,-0.0006693283470071698,99.0777352950401,99.16162600260832,21.723911635352593,15.713755342634244,True
839,1,retail,submission,buy,0.2124523121745438,20.959340143390364,99.2151140290159,0.11914023473508095,98.5640486344254,99.14417375363398,17.679304797974464,17.619659437086213,False
839,2,retail,normalizer,buy,0.11735067043440556,11.566220929620613,99.2151140290159,0.0,98.5640486344254,99.14417375363398,17.679304797974464,17.619659437086213,False
839,3,retail,submission,buy,0.04956673004657325,4.87779009719452,99.2151140290159,0.03997867642169339,98.5640486344254,99.14417375363398,17.679304797974464,17.619659437086213,False
839,4,retail,normalizer,buy,0.04430683660768818,4.359943392673813,99.2151140290159,0.0,98.5640486344254,99.14417375363398,17.679304797974464,17.619659437086213,False
840,0,arb,submission,sell,0.26726996530418035,26.45991745291508,99.26410565456278,-0.07039662133040991,99.08920568096677,99.20800925703327,20.679304797974464,14.619659437086211,True
840,1,arb,normalizer,sell,0.1578666695187252,15.645922056719355,99.26410565456278,0.0,99.08920568096677,99.20800925703327,20.679304797974464,14.619659437086211,True
841,0,arb,submission,sell,0.0878649605270283,8.726849186744174,99.40809919860682,-0.007639525408327685,99.26276794304967,99.35191996278351,21.167832810574147,15.157059949331247,True
841,1,arb,normalizer,sell,0.07282909525470416,7.234556565680857,99.40809919860682,0.0,99.26276794304967,99.35191996278351,21.167832810574147,15.157059949331247,True
842,0,retail,submission,buy,0.7917738484386142,77.81475581718405,99.38675906713823,0.8770808932453207,97.89633643912865,99.33358993373835,18.087446374150698,15.157059949331249,False
842,1,retail,normalizer,buy,0.6699403675496308,65.76123279895182,99.38675906713823,0.0,97.89633643912865,99.33358993373835,18.087446374150698,15.157059949331249,False
842,2,retail,submission,sell,0.09204121908639706,9.018675202164145,99.38675906713823,-0.12900326342128388,97.89633643912865,99.33358993373835,18.087446374150698,15.157059949331249,False
843,0,arb,submission,sell,0.6978109150919494,68.89248777089327,99.41296279140329,-0.47896276657778003,99.2622819677263,99.36005357831321,20.051128080547823,12.157059949331249,True
843,1,arb,normalizer,sell,0.6703876928949057,66.20337636238712,99.41296279140329,0.0,99.2622819677263,99.36005357831321,20.051128080547823,12.157059949331249,True
843,2,retail,submission,sell,0.03569262941419993,3.5485061258744266,99.41296279140329,0.00019608599322262776,99.33291642729111,99.35106181292817,17.051128080547823,15.157059949331249,False
843,3,retail,normalizer,sell,0.020635975912213667,2.0519050577279043,99.41296279140329,0.0,99.33291642729111,99.35106181292817,17.051128080547823,15.157059949331249,False
845,0,arb,submission,sell,0.061896091750810456,6.161453457189135,99.60655974147545,-0.0038033035518125757,99.45558548174063,99.55520111851851,16.268474093093023,16.256460798117853,True
845,1,arb,normalizer,sell,0.0770253613420806,7.666346699459476,99.60655974147545,0.0,99.45558548174063,99.55520111851851,16.268474093093023,16.256460798117853,True
845,2,retail,submission,sell,0.0914976625553976,9.123095657376636,99.60655974147545,0.009328265847063477,99.63733719298854,99.54647278655385,16.91830906997582,16.92925747865751,False
845,3,retail,normalizer,sell,0.09708536110154853,9.679703811668416,99.60655974147545,0.0,99.63733719298854,99.54647278655385,16.91830906997582,16.92925747865751,False
846,0,retail,submission,buy,0.14224501359458372,14.128908957112799,99.64685592792739,0.045359419012758195,99.35547150831093,99.24115495114665,18.631496631242342,18.64531155559859,True
846,1,retail,normalizer,buy,0.007247066676492331,0.7188693549469463,99.64685592792739,0.0,99.35547150831093,99.24115495114665,18.631496631242342,18.64531155559859,True
847,0,arb,submission,sell,0.038813768925024306,3.865059380973736,99.61813551425236,-0.0014959116182122756,99.43239439692728,99.55868268511065,20.179539594293782,20.1643081630113,True
847,1,retail,submission,sell,0.036205854290344064,3.608611487020141,99.61813551425236,0.0018517879153709949,99.5042293612901,99.5485792334125,23.179539594293782,17.1643081630113,False
848,0,arb,submission,sell,0.02703197361311993,2.6951472321194605,99.72909155631332,-0.0007269392912228057,99.55791347028435,99.66467062198566,23.499066546455403,17.48620569710689,True
849,0,arb,submission,sell,0.035698118177435845,3.56152428060147,99.80339295782281,-0.0012690357159570453,99.62887469196983,99.737898348875,24.950536142280278,18.937411749856135,True
849,1,arb,normalizer,sell,0.009142388017778558,0.9123581397142841,99.80339295782281,0.0,99.62887469196983,99.737898348875,24.950536142280278,18.937411749856135,True
850,0,arb,submission,sell,0.05120857369236376,5.114146508396728,99.92002302649966,-0.0026153540984630297,99.73080036468885,99.84980460592533,26.24920909632593,20.234898578577496,True
850,1,arb,normalizer,sell,0.05852407584144714,5.844313175713236,99.92002302649966,0.0,99.73080036468885,99.84980460592533,26.24920909632593,20.234898578577496,True
850,2,retail,submission,buy,0.053214022136178686,5.290342328440602,99.92002302649966,0.026803988739035667,99.71158668658678,99.82689599693128,24.2468385178104,20.234898578577496,False
850,3,retail,submission,sell,0.04342718321986183,4.335789079356908,99.92002302649966,-0.003456067947706032,99.71158668658678,99.82689599693128,24.2468385178104,20.234898578577496,False
851,0,arb,submission,sell,0.1366111737496567,13.667981230929348,100.18691274186709,-0.018670513091551655,99.98418554004384,100.11555430136254,25.171517139417453,17.234898578577496,True
851,1,arb,normalizer,sell,0.1335385104213742,13.360979180140122,100.18691274186709,0.0,99.98418554004384,100.11555430136254,25.171517139417453,17.234898578577496,True
851,2,retail,submission,buy,0.13587914780536364,13.533227395086215,100.18691274186709,0.08008492952901314,99.71372554330034,100.10342842204639,22.171517139417453,20.234898578577496,False
851,3,retail,normalizer,buy,0.06251937663131979,6.222221744397757,100.18691274186709,0.0,99.71372554330034,100.10342842204639,22.171517139417453,20.234898578577496,False
852,0,arb,submission,sell,0.1023840317539424,10.24026250075035,100.12052090055383,-0.010480090353206961,99.91792804194813,100.05253967986263,25.171517139417453,17.234898578577496,True
852,1,arb,normalizer,sell,0.029162498982614693,2.9189141263698457,100.12052090055383,0.0,99.91792804194813,100.05253967986263,25.171517139417453,17.234898578577496,True
854,0,retail,submission,buy,0.07339648185780993,7.3098151019148645,100.0470141463774,0.033283756807779064,99.74237409280187,99.59982688797919,24.32446721990103,18.341629330577604,False
854,1,retail,submission,buy,0.014825503526155156,1.4753471264903055,100.0470141463774,0.007900234518107618,99.74237409280187,99.59982688797919,24.32446721990103,18.341629330577604,False
854,2,retail,normalizer,buy,0.010727042065631355,1.0674486636216898,100.0470141463774,0.0,99.74237409280187,99.59982688797919,24.32446721990103,18.341629330577604,False
855,0,arb,submission,sell,0.09802440081840302,9.804751022219431,100.12159224205078,-0.009608066292065232,99.93795292876169,100.05319240875995,25.748018115125994,19.734188765255077,True
855,1,arb,normalizer,sell,0.011230364319203545,1.1242758097368084,100.12159224205078,0.0,99.93795292876169,100.05319240875995,25.748018115125994,19.734188765255077,True
855,2,retail,submission,sell,0.013933481491491762,1.395431376317652,100.12159224205078,0.0003890239143522489,99.6270292623879,100.030876819985,24.267716145521312,19.734188765255077,False
855,3,retail,normalizer,sell,0.02092273175829007,2.095255210287967,100.12159224205078,0.0,99.6270292623879,100.030876819985,24.267716145521312,19.734188765255077,False
855,4,retail,submission,buy,0.17036870540458457,16.955800444146007,100.12159224205078,0.10178560917788104,99.6270292623879,100.030876819985,24.267716145521312,19.734188765255077,False
855,5,retail,normalizer,buy,0.10501479801186145,10.444700677286164,100.12159224205078,0.0,99.6270292623879,100.030876819985,24.267716145521312,19.734188765255077,False
856,0,arb,submission,sell,0.21081600342567697,21.088877501529854,100.24545800036536,-0.04446931568372747,100.04763172126148,100.17482845723974,25.046472435925597,16.734188765255077,True
856,1,arb,normalizer,sell,0.14563266562704769,14.57778911134261,100.24545800036536,0.0,100.04763172126148,100.17482845723974,25.046472435925597,16.734188765255077,True
856,2,retail,submission,sell,0.052514385936717645,5.265512534014616,100.24545800036536,0.0011838641804100547,100.15281841227853,100.1628263848213,22.046472435925597,19.734188765255077,False
856,3,retail,normalizer,sell,0.03751662541343137,3.7622823884127543,100.24545800036536,0.0,100.15281841227853,100.1628263848213,22.046472435925597,19.734188765255077,False
857,0,arb,submission,sell,0.028633850917785253,2.8742549935958084,100.40838993128207,-0.0008238745913722312,100.21024211923013,100.34121992232127,20.17097449825848,20.155300380293006,True
857,1,arb,normalizer,sell,0.04367337865016907,4.383258290669263,100.40838993128207,0.0,100.21024211923013,100.34121992232127,20.17097449825848,20.155300380293006,True
857,2,retail,submission,sell,0.04895832890402119,4.918444926661584,100.40838993128207,0.002617947682667321,100.30853998980177,100.32980549037057,19.483226357298477,19.480682616158518,False
857,3,retail,normalizer,sell,0.051091108607948854,5.1325996619114775,100.40838993128207,0.0,100.30853998980177,100.32980549037057,19.483226357298477,19.480682616158518,False
859,0,arb,submission,sell,0.03711930436553246,3.732038230837038,100.5790990090487,-0.0013879580908646716,100.38316405848724,100.51635415213983,21.517547404010003,21.5016361550626,True
859,1,arb,normalizer,sell,0.03376257378707237,3.3946615382693137,100.5790990090487,0.0,100.38316405848724,100.51635415213983,21.517547404010003,21.5016361550626,True
860,0,retail,submission,buy,0.1041612295784366,10.42268121010784,100.41051086813454,0.03620106451602467,100.40603519174813,100.03948728505787,25.829429318075192,19.847009612897708,False
860,1,retail,normalizer,buy,0.008847722343529027,0.884486444745562,100.41051086813454,0.0,100.40603519174813,100.03948728505787,25.829429318075192,19.847009612897708,False
860,2,retail,submission,sell,0.11530531216284601,11.590469051074095,100.41051086813454,0.012603750992999707,100.40603519174813,100.03948728505787,25.829429318075192,19.847009612897708,False
860,3,retail,normalizer,sell,0.037036037726025484,3.72577496455299,100.41051086813454,0.0,100.40603519174813,100.03948728505787,25.829429318075192,19.847009612897708,False
861,0,retail,submission,sell,0.017636284556175497,1.7746244968979563,100.48883918365617,0.002374734335238049,99.913393730467,100.54365094461687,23.608559962826106,19.51823654089295,False
861,1,retail,normalizer,sell,0.0026370897888625677,0.2653930682576813,100.48883918365617,0.0,99.913393730467,100.54365094461687,23.608559962826106,19.51823654089295,False
861,2,retail,submission,buy,0.2168520012647861,21.678340047346865,100.48883918365617,0.1128658344042286,99.913393730467,100.54365094461687,23.608559962826106,19.51823654089295,False
861,3,retail,normalizer,buy,0.14354384118718344,14.339330343289475,100.48883918365617,0.0,99.913393730467,100.54365094461687,23.608559962826106,19.51823654089295,False
861,4,retail,submission,buy,0.0471962811547145,4.705207061648252,100.48883918365617,0.03749244537447538,99.913393730467,100.54365094461687,23.608559962826106,19.51823654089295,False
861,5,retail,normalizer,buy,0.052609630664202156,5.245170663763929,100.48883918365617,0.0,99.913393730467,100.54365094461687,23.608559962826106,19.51823654089295,False
862,0,arb,submission,sell,0.16159501400026954,16.20325337693788,100.43297517149682,-0.026214651988873072,100.23694771490653,100.36362198688354,24.304877858994605,16.51823654089295,True
862,1,arb,normalizer,sell,0.09209320198641535,9.240678630722925,100.43297517149682,0.0,100.23694771490653,100.36362198688354,24.304877858994605,16.51823654089295,True
862,2,retail,submission,sell,0.022991547734648066,2.3089471550084983,100.43297517149682,-0.00016238777969501683,100.28311027946243,100.35183670919776,21.304877858994605,19.51823654089295,False
862,3,retail,normalizer,sell,0.007988766600121266,0.8023997416326565,100.43297517149682,0.0,100.28311027946243,100.35183670919776,21.304877858994605,19.51823654089295,False
864,0,arb,submission,sell,0.07194982752439216,7.234675825342545,100.62417844467231,-0.005216458535287849,100.42777779301068,100.55840797351027,20.043028893430936,20.027430187877947,True
864,1,arb,normalizer,sell,0.08700250292255873,8.746933074553954,100.62417844467231,0.0,100.42777779301068,100.55840797351027,20.043028893430936,20.027430187877947,True
864,2,retail,submission,buy,0.026636772934183997,2.66899923271194,100.62417844467231,0.011304160207608493,100.37429087989536,100.54723126946395,20.47570955123421,20.455051886961883,False
865,0,arb,submission,sell,0.0668281989798345,6.7260854404187,100.71484622134689,-0.004506343084901943,100.50883348082237,100.64884290850758,21.91806732997169,21.90136289032634,True
865,1,arb,normalizer,sell,0.04494987613023227,4.525081650636395,100.71484622134689,0.0,100.50883348082237,100.64884290850758,21.91806732997169,21.90136289032634,True
865,2,retail,submission,buy,0.03627325202253994,3.6364718774730136,100.71484622134689,0.016783121925256772,100.50900487143055,100.62730879195495,23.36077171496001,17.583201857644877,False
865,3,retail,submission,sell,0.036278793325848824,3.652537777005068,100.71484622134689,-0.001275313903822184,100.50900487143055,100.62730879195495,23.36077171496001,17.583201857644877,False
865,4,retail,normalizer,sell,0.0007258298531098717,0.07310237373222339,100.71484622134689,0.0,100.50900487143055,100.62730879195495,23.36077171496001,17.583201857644877,False
866,0,retail,submission,sell,0.01576996475846215,1.588066426592527,100.60095418451716,0.0015929244350258998,100.81679336506787,100.64063932360563,21.55330243307081,15.574287992842274,False
866,1,retail,normalizer,sell,0.0007810003384918218,0.07866008881383801,100.60095418451716,0.0,100.81679336506787,100.64063932360563,21.55330243307081,15.574287992842274,False
866,2,retail,submission,sell,0.13660684188251082,13.775639274609905,100.60095418451716,0.03286063309585252,100.81679336506787,100.64063932360563,21.55330243307081,15.574287992842274,False
866,3,retail,normalizer,sell,0.1295111109410101,13.061036152471804,100.60095418451716,0.0,100.81679336506787,100.64063932360563,21.55330243307081,15.574287992842274,False
867,0,arb,submission,buy,0.031837790171552256,3.2018444234508934,100.5353508130361,-0.0010210194420543495,100.75250573573732,100.59514769953074,23.117601152221038,17.13635772973522,True
867,1,retail,submission,buy,0.003200838329476728,0.32173664384390577,100.5353508130361,6.076050584952197e-05,100.64953711320845,100.61467310123152,19.37621935166345,19.392993638953044,False
867,2,retail,submission,buy,0.047861307702423986,4.808743175437485,100.5353508130361,0.003010184796377935,100.64953711320845,100.61467310123152,19.37621935166345,19.392993638953044,False
868,0,arb,submission,buy,0.017328426383591482,1.7404167132372095,100.41966585178014,-0.00030192605978185405,100.6146189444453,100.48203672826396,18.430392921691613,18.446216025152523,True
868,1,retail,submission,buy,0.033783818862166616,3.3917340466741734,100.41966585178014,0.0008257546616650124,100.54658762430347,100.49264362916706,18.2796661458702,18.28610596299048,False
868,2,retail,normalizer,buy,0.006760127637812044,0.6785009190971323,100.41966585178014,0.0,100.54658762430347,100.49264362916706,18.2796661458702,18.28610596299048,False
869,0,arb,submission,buy,0.04773549069417364,4.788579214413403,100.26695728712556,-0.0022868079007150044,100.45057758937492,100.32568959172698,19.97313713331016,19.988065750051735,True
869,1,arb,normalizer,buy,0.0470087506807359,4.715640785298092,100.26695728712556,0.0,100.45057758937492,100.32568959172698,19.97313713331016,19.988065750051735,True
869,2,retail,submission,buy,0.009637068989846806,0.966022529066322,100.26695728712556,0.0002570557117299588,100.42197925731776,100.35332258269037,19.456216598888336,18.437506315641734,False
869,3,retail,normalizer,buy,0.01812729064908561,1.817238916810311,100.26695728712556,0.0,100.42197925731776,100.35332258269037,19.456216598888336,18.437506315641734,False
869,4,retail,submission,buy,0.04239720654335365,4.247917120288548,100.26695728712556,0.003121777287332428,100.42197925731776,100.35332258269037,19.456216598888336,18.437506315641734,False
869,5,retail,normalizer,buy,0.03982903678868607,3.9905003081767063,100.26695728712556,0.0,100.42197925731776,100.35332258269037,19.456216598888336,18.437506315641734,False
869,6,retail,submission,sell,0.03772644068385489,3.7933788810659816,100.26695728712556,0.010663464422627111,100.42197925731776,100.35332258269037,19.456216598888336,18.437506315641734,False
870,0,arb,submission,buy,0.06689240346261124,6.699915460239936,100.09262140627119,-0.004479445501244683,100.28774341207512,100.15338355990366,20.590596326766896,15.437506315641734,True
870,1,arb,normalizer,buy,0.029107797601810877,2.91432317939325,100.09262140627119,0.0,100.28774341207512,100.15338355990366,20.590596326766896,15.437506315641734,True
870,2,retail,submission,sell,0.03513211665115534,3.5300101886969975,100.09262140627119,0.013544537531949619,100.35834839333104,100.16371679374066,17.590596326766896,18.437506315641734,False
871,0,arb,submission,buy,0.05257504236960232,5.264295231692813,100.07655089254405,-0.00276632831364676,100.25290172502724,100.13430869717277,17.20733233953078,17.22153600383905,True
871,1,arb,normalizer,buy,0.008037137354624021,0.8043935633704677,100.07655089254405,0.0,100.25290172502724,100.13430869717277,17.20733233953078,17.22153600383905,True
872,0,arb,submission,buy,0.030343844676601117,3.03590312048982,100.01971224525566,-0.0009205075214433478,100.19211614929384,100.07487197544903,19.014087680006895,19.028138224226012,True
872,1,arb,normalizer,buy,0.028441513729845883,2.8455201928627503,100.01971224525566,0.0,100.19211614929384,100.07487197544903,19.014087680006895,19.028138224226012,True
872,2,retail,submission,sell,0.08813774173951572,8.855354485988096,100.01971224525566,0.039842919255073994,100.65621860669854,100.09288269553186,21.298721290622368,15.535438411000847,False
872,3,retail,submission,sell,0.14244561763334218,14.344163196655742,100.01971224525566,0.09679351037114081,100.65621860669854,100.09288269553186,21.298721290622368,15.535438411000847,False
872,4,retail,normalizer,sell,0.10925960153065262,11.006023234769689,100.01971224525566,0.0,100.65621860669854,100.09288269553186,21.298721290622368,15.535438411000847,False
873,0,arb,submission,buy,0.23417921551149026,23.466373872439362,99.97252124534032,-0.05488727449977304,100.18590441086991,100.03151275945146,20.167208683689893,14.185715563293131,True
873,1,arb,normalizer,buy,0.13322071703808908,13.336148369595321,99.97252124534032,0.0,100.18590441086991,100.03151275945146,20.167208683689893,14.185715563293131,True
873,2,retail,submission,sell,0.03057919716191293,3.068895955493555,99.97252124534032,0.011816517558764339,100.24726159717385,100.04154477809536,20.077984292922576,14.102634715216437,False
874,0,arb,submission,buy,0.03316523638448846,3.316949529998965,99.97970868736395,-0.0010988577302448732,100.18085164393977,100.03444977037086,21.80414466791959,15.821694000766952,True
874,1,retail,submission,buy,0.06002634668851212,5.996783582753778,99.97970868736395,0.0046330727303773855,100.0608435298715,100.04375873474041,21.64042467230223,15.642473776013516,False
874,2,retail,normalizer,buy,0.06511377022921816,6.505358832950151,99.97970868736395,0.0,100.0608435298715,100.04375873474041,21.64042467230223,15.642473776013516,False
875,0,retail,submission,sell,0.1762781265105815,17.69737839439355,99.95476244226549,0.07754013526075454,100.41465714665253,100.50867836475295,23.406170143274842,17.394939445612636,True
875,1,retail,normalizer,sell,0.06338438666145407,6.370649601896314,99.95476244226549,0.0,100.41465714665253,100.50867836475295,23.406170143274842,17.394939445612636,True
876,0,arb,submission,buy,0.13224438796758411,13.230701120703088,99.9152581008919,-0.017468964527438402,100.14967012276054,99.9895600050835,24.79560428626717,18.81480413440186,True
876,1,arb,normalizer,buy,0.02716011076638937,2.7144453049495496,99.9152581008919,0.0,100.14967012276054,99.9895600050835,24.79560428626717,18.81480413440186,True
878,0,retail,submission,sell,0.15182442075683866,15.257008997758126,99.95237493407534,0.08179757012177724,100.45469592564551,100.00219682273126,24.6590000977957,18.713176226743155,False
878,1,retail,normalizer,sell,0.06284568901283194,6.321065721394147,99.95237493407534,0.0,100.45469592564551,100.00219682273126,24.6590000977957,18.713176226743155,False
879,0,arb,submission,buy,0.06515018286054264,6.524253665920696,100.07656825271948,-0.004246944200446023,100.32395709951227,100.14611785963228,25.89510763220372,19.916398299940486,True
879,1,retail,submission,sell,0.18983157128043615,19.119012862750488,100.07656825271948,0.12132066298293509,100.70655751569198,100.1579460987465,22.89510763220372,22.916398299940486,False
879,2,retail,normalizer,sell,0.13041424844007565,13.142587991960518,100.07656825271948,0.0,100.70655751569198,100.1579460987465,22.89510763220372,22.916398299940486,False
880,0,arb,submission,buy,0.1870615829968871,18.76006151555339,100.1006775557189,-0.03507031291964324,100.33038505217391,100.17416087974492,22.212152229732247,22.230851956069476,True
880,1,arb,normalizer,buy,0.10100340227096806,10.12072106719279,100.1006775557189,0.0,100.33038505217391,100.17416087974492,22.212152229732247,22.230851956069476,True
882,0,arb,submission,buy,0.011117131257727236,1.1127849085569324,100.08528799279473,-0.0001236249736016326,100.30809385785925,100.15656200496524,23.928274634180998,23.946416308351953,True
882,1,arb,normalizer,buy,0.007695613810234754,0.7702769382685801,100.08528799279473,0.0,100.30809385785925,100.15656200496524,23.928274634180998,23.946416308351953,True
882,2,retail,submission,sell,0.026899266647490094,2.7054197873604906,100.08528799279473,0.013198938151466333,100.3621630564478,100.1686836337798,23.44158602821345,23.46474209732039,False
883,0,arb,submission,buy,0.043441289227278544,4.347753843490864,100.04000889829703,-0.0018868826404236927,100.27506956526693,100.11520547847299,24.566730717652906,24.585877046396742,True
883,1,arb,normalizer,buy,0.022652293596770012,2.2666484326437057,100.04000889829703,0.0,100.27506956526693,100.11520547847299,24.566730717652906,24.585877046396742,True
886,0,retail,submission,sell,0.13993548135475464,14.086363068650241,100.27403360521879,0.054467908721106184,100.65108337170977,100.13976187554864,23.670931308994223,23.73204821844672,False
886,1,retail,normalizer,sell,0.08003294427128083,8.06121509864147,100.27403360521879,0.0,100.65108337170977,100.13976187554864,23.670931308994223,23.73204821844672,False
886,2,retail,submission,sell,0.04677342560478337,4.71712491254423,100.27403360521879,0.02696486161898104,100.65108337170977,100.13976187554864,23.670931308994223,23.73204821844672,False
886,3,retail,normalizer,sell,0.04614628771726359,4.65390758805126,100.27403360521879,0.0,100.65108337170977,100.13976187554864,23.670931308994223,23.73204821844672,False
887,0,arb,submission,buy,0.02364341860860415,2.3735409640848957,100.36532613120423,-0.0005615445757571891,100.60346389954553,100.44156727532092,24.778781706570932,24.798108316926253,True
887,1,retail,submission,buy,0.10118212948774712,10.143780606869768,100.36532613120423,0.011396817817706406,100.40007996388876,100.45453402831113,21.778781706570932,27.798108316926257,False
887,2,retail,normalizer,buy,0.07090915780965328,7.106679920438182,100.36532613120423,0.0,100.40007996388876,100.45453402831113,21.778781706570932,27.798108316926257,False
888,0,retail,submission,buy,0.18152349271665155,18.152336714456396,100.30106478125963,0.05466288783697948,100.03663722324046,100.46646491951182,24.778781706570932,24.798108316926257,False
888,1,retail,normalizer,buy,0.1665532251720677,16.652807057864266,100.30106478125963,0.0,100.03663722324046,100.46646491951182,24.778781706570932,24.798108316926257,False
890,0,retail,submission,buy,0.057441988788131726,5.728781580715804,100.27576373855256,0.03125771567547808,99.92207342382163,100.47744259092526,27.763297926675204,21.798108316926257,False
890,1,retail,normalizer,buy,0.07252942702051818,7.234563604979485,100.27576373855256,0.0,99.92207342382163,100.47744259092526,27.763297926675204,21.798108316926257,False
891,0,arb,submission,sell,0.05480100029451762,5.490799763959778,100.25016374843631,-0.00300948914371979,100.03163735561851,100.17059861761089,24.763297926675204,24.798108316926257,True
892,0,retail,submission,buy,0.1320897353077378,13.163085605354354,100.14560487639888,0.06512083500246924,100.15718334549669,100.13320192658976,22.92314948794312,21.798108316926257,False
892,1,retail,normalizer,buy,0.0770950975681454,7.678512418453465,100.14560487639888,0.0,100.15718334549669,100.13320192658976,22.92314948794312,21.798108316926257,False
892,2,retail,submission,sell,0.06854842497382663,6.858610296256637,100.14560487639888,-0.0062131860716778675,100.15718334549669,100.13320192658976,22.92314948794312,21.798108316926257,False
892,3,retail,normalizer,sell,0.0011221366929561327,0.11235101501112066,100.14560487639888,0.0,100.15718334549669,100.13320192658976,22.92314948794312,21.798108316926257,False
892,4,retail,submission,sell,0.12589843142164625,12.625072261733324,100.14560487639888,0.016897694022738108,100.15718334549669,100.13320192658976,22.92314948794312,21.798108316926257,False
892,5,retail,normalizer,sell,0.14097848134532853,14.13517159317857,100.14560487639888,0.0,100.15718334549669,100.13320192658976,22.92314948794312,21.798108316926257,False
896,0,retail,submission,sell,0.06531396164537284,6.560241288883079,100.27412796726092,0.010940740806190341,100.38603109082939,100.42313293665735,22.92314948794312,21.798108316926257,False
896,1,retail,normalizer,sell,0.050312546672799385,5.054234445903951,100.27412796726092,0.0,100.38603109082939,100.42313293665735,22.92314948794312,21.798108316926257,False
896,2,retail,submission,sell,0.04864540623050573,4.893074229046933,100.27412796726092,0.015198539669809996,100.38603109082939,100.42313293665735,22.92314948794312,21.798108316926257,False
896,3,retail,normalizer,sell,0.06367654672884271,6.404042071053267,100.27412796726092,0.0,100.38603109082939,100.42313293665735,22.92314948794312,21.798108316926257,False
897,0,retail,submission,sell,0.1916793907071792,19.321074610421235,100.23228185988397,0.10861189432842266,100.87633430487931,100.86945195034286,21.935290750277034,21.920167219126707,False
897,1,retail,normalizer,sell,0.17674708234180514,17.818592958013305,100.23228185988397,0.0,100.87633430487931,100.86945195034286,21.935290750277034,21.920167219126707,False
897,2,retail,submission,buy,0.03084920909732878,3.100981514884552,100.23228185988397,-0.008894893486596889,100.87633430487931,100.86945195034286,21.935290750277034,21.920167219126707,False
897,3,retail,submission,sell,0.08195180431540905,8.280834609001408,100.23228185988397,0.0666182599332732,100.87633430487931,100.86945195034286,21.935290750277034,21.920167219126707,False
897,4,retail,normalizer,sell,0.06677522707883554,6.748343620113506,100.23228185988397,0.0,100.87633430487931,100.86945195034286,21.935290750277034,21.920167219126707,False
898,0,arb,submission,buy,0.26872543348469136,26.975925990829637,100.1150965044848,-0.07245328430025211,100.33518464926122,100.85607253308973,18.935290750277034,22.71117242583934,False
898,1,arb,normalizer,buy,0.20303081662176392,20.367764317123147,100.1150965044848,0.0,100.33518464926122,100.85607253308973,18.935290750277034,22.71117242583934,False
898,2,retail,submission,sell,0.029406004262199303,2.958044253118702,100.1150965044848,0.014059298597327796,100.39431872451121,100.84376503660056,21.935290750277034,19.71117242583934,False
899,0,arb,submission,buy,0.11892893697309713,11.899450667613564,99.93630744847108,-0.014131857750289356,100.15600255210767,100.83244346630187,18.935290750277034,21.0870587715087,False
899,1,arb,normalizer,buy,0.089494461969707,8.951742806522816,99.93630744847108,0.0,100.15600255210767,100.83244346630187,18.935290750277034,21.0870587715087,False
900,0,arb,submission,buy,0.004689818877823528,0.4688021338552062,99.95698888298824,-2.1960421371369776e-05,100.14661941862313,100.82202874422597,20.398420485988634,18.0870587715087,False
900,1,retail,submission,sell,0.2198819797871323,22.108986912667486,99.95698888298824,0.13024630351565847,100.58880988031984,100.81244814998561,17.398420485988634,19.934474288228184,False
900,2,retail,normalizer,sell,0.11526113413795258,11.601584982703134,99.95698888298824,0.0,100.58880988031984,100.81244814998561,17.398420485988634,19.934474288228184,False
901,0,arb,submission,buy,0.1977783566462363,19.820429238805445,100.01731120266058,-0.039169792968035466,100.19162881138423,100.80363480734663,19.484881842751854,16.934474288228184,False
901,1,arb,normalizer,buy,0.07503107264280874,7.510033029064289,100.01731120266058,0.0,100.19162881138423,100.80363480734663,19.484881842751854,16.934474288228184,False
902,0,arb,submission,buy,0.03982855311040639,3.9811281396414415,99.91687890101771,-0.001583421706214061,100.11194584460071,100.7955272126173,16.484881842751854,18.71210928934391,False
902,1,arb,normalizer,buy,0.05031648576060692,5.029992280089573,99.91687890101771,0.0,100.11194584460071,100.7955272126173,16.484881842751854,18.71210928934391,False
902,2,retail,submission,buy,0.07865125822806235,7.854779273098757,99.91687890101771,0.0038089706872215245,99.95482405030118,100.7880688013939,18.049809668830964,15.71210928934391,False
902,3,retail,normalizer,buy,0.06364980429232919,6.355652179074241,99.91687890101771,0.0,99.95482405030118,100.7880688013939,18.049809668830964,15.71210928934391,False
905,0,arb,submission,sell,0.05058938581150585,5.067173602237126,100.2134675233477,-0.0025641698103218147,100.05601102794859,100.15930182018333,15.049809668830964,18.71210928934391,True
905,1,retail,submission,buy,0.10374856932122933,10.35431599732874,100.2134675233477,0.04268788493806319,99.84897393239221,100.15009656265251,18.049809668830964,15.71210928934391,False
905,2,retail,normalizer,buy,0.04591791183064556,4.580053001685883,100.2134675233477,0.0,99.84897393239221,100.15009656265251,18.049809668830964,15.71210928934391,False
906,0,arb,submission,sell,0.0901662258228555,9.025304641714582,100.18655568076986,-0.008138962211798884,100.02914146955193,100.13240452354347,17.08944520041523,17.077063634897737,True
906,1,retail,submission,buy,0.031153906214731818,3.1100055374972726,100.18655568076986,0.011197022158438763,99.96694196858344,100.12320173804,16.000941459816264,15.982198735174837,False
907,0,arb,submission,sell,0.02191299524815804,2.1945625642845177,100.170855681223,-0.00048092026204660243,100.01076062892602,100.11956732889543,17.802618444048477,17.789570142844397,True
907,1,retail,submission,buy,0.0806935585228919,8.049372942647096,100.170855681223,0.03376986255383052,99.84982930107931,100.11085092093508,16.55237438017705,16.521045626596184,False
907,2,retail,normalizer,buy,0.013399538647620682,1.3357381810237712,100.170855681223,0.0,99.84982930107931,100.11085092093508,16.55237438017705,16.521045626596184,False
908,0,arb,submission,sell,0.10418732131118702,10.43116146060696,100.22363979995889,-0.01087110220802856,100.058059867359,100.17057413644586,18.302443825158548,18.288957529996424,True
908,1,retail,submission,sell,0.07209695582706388,7.232314925688923,100.22363979995889,0.0064955942037263625,100.20253564594591,100.16155576828585,17.359753798720888,17.36466244805471,False
908,2,retail,normalizer,sell,0.056469187167081714,5.6655226103340794,100.22363979995889,0.0,100.20253564594591,100.16155576828585,17.359753798720888,17.36466244805471,False
910,0,retail,submission,buy,0.04003478619760855,4.003021636259291,100.24918356739505,0.010432994346182056,100.12241020295582,100.00419439088705,19.526369187120267,19.540546110250546,True
911,0,retail,submission,sell,0.05614986060149363,5.636032865273647,100.25635081146203,0.006652742795611566,100.23501107371041,100.36844086895776,21.004010728541193,20.988047318864414,True
911,1,retail,normalizer,sell,0.022460004636798203,2.2551797056789313,100.25635081146203,0.0,100.23501107371041,100.36844086895776,21.004010728541193,20.988047318864414,True
912,0,retail,submission,buy,0.06808749514200578,6.8057865285791195,100.42628607979631,0.03198773700869495,100.26342229291068,99.97768545610178,22.29314314753705,22.310303513708146,False
912,1,retail,submission,sell,0.05349763882391301,5.369896652574045,100.42628607979631,-0.0026725285498603313,100.26342229291068,99.97768545610178,22.29314314753705,22.310303513708146,False
912,2,retail,submission,sell,0.0285995158751291,2.873938431690816,100.42628607979631,0.0017952686714246546,100.26342229291068,99.97768545610178,22.29314314753705,22.310303513708146,False
912,3,retail,normalizer,sell,0.043046679202106475,4.3250952176460125,100.42628607979631,0.0,100.26342229291068,99.97768545610178,22.29314314753705,22.310303513708146,False
914,0,retail,submission,buy,0.00281930167991135,0.2820347241813579,100.1877555866738,0.00042478345069929535,100.4055952423753,99.99626404380946,22.29314314753705,20.29068760484058,False
914,1,retail,submission,sell,0.07354431338983147,7.39604877003622,100.1877555866738,0.02780907534604271,100.4055952423753,99.99626404380946,22.29314314753705,20.29068760484058,False
914,2,retail,normalizer,sell,0.060642831202144976,6.099389000533552,100.1877555866738,0.0,100.4055952423753,99.99626404380946,22.29314314753705,20.29068760484058,False
918,0,arb,submission,buy,0.030789525785019825,3.083599642435729,100.12010992818156,-0.0009489362029633241,100.3438078153412,100.18842207434831,19.877144608163874,19.89574140821881,True
919,0,arb,submission,buy,0.03985283250074746,3.9894466525583994,100.06460175590439,-0.001588839526341257,100.26389775537055,100.12836319001332,21.325422729599453,21.34165504093337,True
919,1,retail,submission,buy,0.006387252745411222,0.6390043714909552,100.06460175590439,0.0001335307929256624,100.2511012241961,100.13920667364964,18.325422729599453,24.34165504093337,False
920,0,arb,submission,buy,0.07919345956035004,7.918415324118541,99.90917299624769,-0.006262272732183938,100.092596911298,99.97747596191927,18.407066360317224,24.42087603582447,True
920,1,arb,normalizer,buy,0.0640647365501696,6.404750012743534,99.90917299624769,0.0,100.092596911298,99.97747596191927,18.407066360317224,24.42087603582447,True
921,0,arb,submission,buy,0.005357100580730792,0.535190479731682,99.89766703739407,-2.8629632006893502e-05,100.08188843358035,99.98909210905924,18.861911276264273,24.873042884568818,False
921,1,arb,normalizer,buy,0.005769985330557926,0.576441267014161,99.89766703739407,0.0,100.08188843358035,99.98909210905924,18.861911276264273,24.873042884568818,False
921,2,retail,submission,sell,0.0707028038082882,7.098735408343125,99.89766703739407,0.035690254892553064,100.22361812310035,99.99978015643757,15.861911276264273,26.302634957383887,False
922,0,arb,submission,buy,0.012893805521059115,1.2900478052633844,100.03885715401574,-0.00016623657049197327,100.19778999952077,100.10644508602245,15.861059979468429,27.872004720217532,True
922,1,retail,submission,buy,0.12794221627030672,12.782849327935764,100.03885715401574,0.01634376949763805,99.88796630839376,100.12851567024792,17.436500608501923,23.415399432962424,False
922,2,retail,normalizer,buy,0.05729375205866469,5.720241420058301,100.03885715401574,0.0,99.88796630839376,100.12851567024792,17.436500608501923,23.415399432962424,False
922,3,retail,submission,buy,0.0271123503192996,2.705019771025036,100.03885715401574,0.007268769677009956,99.88796630839376,100.12851567024792,17.436500608501923,23.415399432962424,False
922,4,retail,normalizer,buy,0.019981685433130003,1.9934457132058014,100.03885715401574,0.0,99.88796630839376,100.12851567024792,17.436500608501923,23.415399432962424,False
924,0,retail,submission,buy,0.009712136112251043,0.9683401354104717,100.06796062570557,0.003533518661758883,99.86861129508043,100.13824666473626,14.436500608501923,23.6805673443998,False
924,1,retail,normalizer,buy,0.024785229542318814,2.471561183961967,100.06796062570557,0.0,99.86861129508043,100.13824666473626,14.436500608501923,23.6805673443998,False
925,0,retail,submission,buy,0.037211955687105155,3.709563789590902,100.02998403015268,0.012747543520975402,99.7944825356504,99.7112683102666,13.517872417920675,25.527882863237377,True
925,1,retail,normalizer,buy,0.022172552874021173,2.2099924985359394,100.02998403015268,0.0,99.7944825356504,99.7112683102666,13.517872417920675,25.527882863237377,True
926,0,retail,submission,buy,0.08179428293770177,8.144937769515309,99.85460284223674,0.022597867994443632,99.63181759906094,99.559381613053,15.218610231860218,27.227337844681806,True
926,1,retail,normalizer,buy,0.0772474134032862,7.691814314326621,99.85460284223674,0.0,99.63181759906094,99.559381613053,15.218610231860218,27.227337844681806,True
927,0,retail,submission,sell,0.10024991365915525,10.02538216241404,99.84025118384172,0.016405601525534053,99.8315108237165,100.03602844801483,16.393594737549527,28.36903635752921,True
927,1,retail,normalizer,sell,0.003625458351550037,0.3629099834899989,99.84025118384172,0.0,99.8315108237165,100.03602844801483,16.393594737549527,28.36903635752921,True
928,0,retail,submission,buy,0.027286804260258722,2.7188770895591006,100.00996505097648,0.010075250862210172,99.84202034498236,99.69722303264535,20.007873496527626,26.772712799288215,False
928,1,retail,submission,sell,0.0325097246909678,3.2544720037263204,100.00996505097648,0.0031755735657634787,99.84202034498236,99.69722303264535,20.007873496527626,26.772712799288215,False
928,2,retail,normalizer,sell,0.018042690284758578,1.8064723032860064,100.00996505097648,0.0,99.84202034498236,99.69722303264535,20.007873496527626,26.772712799288215,False
931,0,arb,submission,sell,0.0138994191688937,1.3916647184211177,100.13785531724305,-0.00019330730727440404,99.86975911316853,100.06284167028691,20.79870897270331,26.775531255049053,True
946,0,retail,submission,sell,0.025484505804314495,2.5526145737035346,99.94972319242288,0.005445272866606565,99.92064802314995,100.11258337236328,22.671382709443595,28.648354293869925,True
946,1,retail,normalizer,sell,0.024348707209156828,2.4388769111235993,99.94972319242288,0.0,99.92064802314995,100.11258337236328,22.671382709443595,28.648354293869925,True
947,0,retail,submission,buy,0.182868863030513,18.197759881315505,99.86384080070421,0.06422714376942906,99.55716841546841,100.09961377404619,21.450649607064847,27.385444265863313,False
947,1,retail,normalizer,buy,0.12985316448250314,12.915193768403697,99.86384080070421,0.0,99.55716841546841,100.09961377404619,21.450649607064847,27.385444265863313,False
948,0,arb,submission,sell,0.03256978597819682,3.2525169250280594,99.89547553283698,-0.0010573332666381496,99.62190733507535,99.81735315054169,22.31540624573998,28.29188680648929,True
948,1,retail,submission,buy,0.06432513036576698,6.389798721540501,99.89547553283698,0.035990765059523255,99.42903357936648,99.7806342568462,19.31540624573998,22.744531514641146,False
948,2,retail,normalizer,buy,0.029902145761494373,2.969340157142142,99.89547553283698,0.0,99.42903357936648,99.7806342568462,19.31540624573998,22.744531514641146,False
948,3,retail,submission,sell,0.023392835972202874,2.334710261130758,99.89547553283698,-0.0021282123741031,99.42903357936648,99.7806342568462,19.31540624573998,22.744531514641146,False
948,4,retail,submission,buy,0.056464714432239,5.604852274496807,99.89547553283698,0.03571722453755122,99.42903357936648,99.7806342568462,19.31540624573998,22.744531514641146,False
948,5,retail,normalizer,buy,0.033032282464472436,3.2781156381606706,99.89547553283698,0.0,99.42903357936648,99.7806342568462,19.31540624573998,22.744531514641146,False
949,0,arb,submission,sell,0.0850521026151938,8.483120909975575,99.82494495750265,-0.007200552106013447,99.59789779684934,99.75771830049814,20.720200450116298,19.744531514641142,True
949,1,arb,normalizer,sell,0.009972103449612746,0.9953656548607112,99.82494495750265,0.0,99.59789779684934,99.75771830049814,20.720200450116298,19.744531514641142,True
950,0,arb,submission,sell,0.04801963264095832,4.794413899654215,99.89065646751682,-0.0022987281801105652,99.69342704605268,99.82593911220857,17.720200450116298,22.584272940974053,True
950,1,arb,normalizer,sell,0.032975463332633126,3.292857067633488,99.89065646751682,0.0,99.69342704605268,99.82593911220857,17.720200450116298,22.584272940974053,True
952,0,retail,submission,sell,0.04945873237329579,4.9443130280793,99.83064716407355,0.006815767338466117,99.79196296209516,99.9533021369557,15.71511837146895,21.69573297980656,True
952,1,retail,normalizer,sell,0.06373411872455392,6.370494825621446,99.83064716407355,0.0,99.79196296209516,99.9533021369557,15.71511837146895,21.69573297980656,True
955,0,retail,submission,buy,0.00827322946533174,0.8242363524223038,99.714761470365,0.0007267503028460798,99.77549607050861,99.94233382401993,16.790742041742124,22.770693225437714,False
956,0,retail,submission,buy,0.12765333837213572,12.699123878737737,99.7042938901601,0.028462086377734508,99.06385729180472,99.43839217247093,18.31953251559476,22.73861225298519,False
956,1,retail,normalizer,buy,0.032235881224891155,3.2038192138516024,99.7042938901601,0.0,99.06385729180472,99.43839217247093,18.31953251559476,22.73861225298519,False
956,2,retail,submission,sell,0.12439275491162505,12.425426282369711,99.7042938901601,0.022934488854390978,99.06385729180472,99.43839217247093,18.31953251559476,22.73861225298519,False
956,3,retail,normalizer,sell,0.029601148547797607,2.959618229164313,99.7042938901601,0.0,99.06385729180472,99.43839217247093,18.31953251559476,22.73861225298519,False
956,4,retail,submission,buy,0.3564420472214366,35.381761506581825,99.7042938901601,0.1570411243946097,99.06385729180472,99.43839217247093,18.31953251559476,22.73861225298519,False
956,5,retail,normalizer,buy,0.25431669491179,25.218687127353405,99.7042938901601,0.0,99.06385729180472,99.43839217247093,18.31953251559476,22.73861225298519,False
957,0,arb,submission,sell,0.21372198804378684,21.265612770544823,99.71339613480586,-0.04533248598353623,99.48666170969211,99.64784482616153,21.31953251559476,19.738612252985195,True
957,1,arb,normalizer,sell,0.10332994964429076,10.292775875552056,99.71339613480586,0.0,99.48666170969211,99.64784482616153,21.31953251559476,19.738612252985195,True
957,2,retail,submission,sell,0.024949174236297722,2.487638137846216,99.71339613480586,-0.00012875601403150583,99.5361948194278,99.63670539009523,18.31953251559476,22.7386122529852,False
957,3,retail,normalizer,sell,0.009884732440767152,0.9857373932708628,99.71339613480586,0.0,99.5361948194278,99.63670539009523,18.31953251559476,22.7386122529852,False
958,0,arb,normalizer,sell,0.012242982980652073,1.2211791680078634,99.75740986322289,0.0,99.5361948194278,99.63670539009523,18.31953251559476,22.7386122529852,False
958,1,retail,submission,buy,0.27353498691002776,27.102925468228932,99.75740986322289,0.18421633288601313,98.99612938730932,99.62645820872717,21.31953251559476,19.7386122529852,False
958,2,retail,normalizer,buy,0.17541264291071396,17.363591959434416,99.75740986322289,0.0,98.99612938730932,99.62645820872717,21.31953251559476,19.7386122529852,False
959,0,arb,submission,sell,0.2454685775696248,24.40811238187504,99.67822086155122,-0.05975870768084235,99.48146988638584,99.61269335834797,18.31953251559476,22.7386122529852,True
959,1,arb,normalizer,sell,0.13506393414667173,13.444829996876352,99.67822086155122,0.0,99.48146988638584,99.61269335834797,18.31953251559476,22.7386122529852,True
959,2,retail,normalizer,sell,0.006251751427612362,0.6232022995064064,99.67822086155122,0.0,99.33682819820216,99.59131450752443,18.31953251559476,20.354555345866075,False
959,3,retail,submission,buy,0.02698322856179506,2.6786940692145436,99.67822086155122,0.010946146925781441,99.33682819820216,99.59131450752443,18.31953251559476,20.354555345866075,False
959,4,retail,submission,buy,0.04613115050383783,4.574851386785667,99.67822086155122,0.02341962173334,99.33682819820216,99.59131450752443,18.31953251559476,20.354555345866075,False
960,0,arb,submission,sell,0.0740360611713271,7.374949781694622,99.68649967008454,-0.005446005835236356,99.48359223260749,99.62477435419696,15.319532515594759,22.262805975719104,True
960,1,retail,submission,sell,0.01902698631975852,1.897456512791429,99.68649967008454,0.0007228473041178685,99.52136256724839,99.61428485212306,18.31953251559476,19.262805975719104,False
960,2,retail,normalizer,sell,0.02653866453243836,2.646356793669617,99.68649967008454,0.0,99.52136256724839,99.61428485212306,18.31953251559476,19.262805975719104,False
961,0,arb,submission,sell,0.0232883779017925,2.322703864665813,99.75978678460169,-0.0005397493762364647,99.5676214429006,99.69976108553728,17.923097500008502,17.907182444654033,True
961,1,arb,normalizer,sell,0.008226625234655671,0.8206190524619791,99.75978678460169,0.0,99.5676214429006,99.69976108553728,17.923097500008502,17.907182444654033,True
961,2,retail,submission,buy,0.1410957715932142,14.003710439546921,99.75978678460169,0.07197365080098805,99.28834948434861,99.6895603091903,17.036066878798806,16.98767427176925,False
961,3,retail,normalizer,buy,0.02624412096139761,2.6017439093538997,99.75978678460169,0.0,99.28834948434861,99.6895603091903,17.036066878798806,16.98767427176925,False
962,0,arb,submission,sell,0.049878128797317345,4.963210966747423,99.55623928645187,-0.0024679589587686124,99.38711638997984,99.50201149761477,18.790316464694897,18.776452043785994,True
963,0,arb,submission,sell,0.0608479156908146,6.06255291226192,99.69499679478375,-0.0036798475031130096,99.5078049621515,99.63503498336486,20.371403952460497,20.356070634376067,True
965,0,retail,submission,buy,0.03213975882041371,3.190620910447251,99.70376375580264,0.013834010151751563,99.44415995849607,99.30633503854762,22.24454287000106,22.26118583775222,True
966,0,arb,submission,sell,0.019476774863704804,1.9415498947370877,99.70475504601033,-0.0003771721348910795,99.48280043791168,99.63370233689454,23.469896244768577,23.451707669110007,True
967,0,arb,submission,sell,0.024044099734723545,2.398172276232937,99.76449800665371,-0.0005752638236731222,99.53053322235299,99.68954042036862,24.54651284784298,24.527357284437162,True
967,1,arb,normalizer,sell,0.028532983242754995,2.8457689412047835,99.76449800665371,0.0,99.53053322235299,99.68954042036862,24.54651284784298,24.527357284437162,True
968,0,arb,submission,sell,0.04109367012780751,4.101813062997761,99.85711580829721,-0.0016823139426778155,99.61219269261487,99.77864430546693,25.50464595452604,25.484610737418805,True
968,1,arb,normalizer,sell,0.04651045650402352,4.642245693644751,99.85711580829721,0.0,99.61219269261487,99.77864430546693,25.50464595452604,25.484610737418805,True
969,0,arb,submission,sell,0.010830713485603383,1.0817445378255446,99.88829315415401,-0.00011694589305544234,99.63373172732814,99.8067307375917,26.35678104691802,26.335962923077897,True
969,1,arb,normalizer,sell,0.015641966696193776,1.5622054983242828,99.88829315415401,0.0,99.63373172732814,99.8067307375917,26.35678104691802,26.335962923077897,True
969,2,retail,submission,buy,0.029093006049291513,2.890167782024946,99.88829315415401,0.015882934962260453,99.57604267954225,99.79287175151097,29.35678104691802,23.335962923077897,False
970,0,arb,submission,sell,0.013939396596683196,1.391470179369797,99.83672877055021,-0.0001935778783939135,99.60375015045511,99.75248106784937,27.918139601403666,21.90023425680697,True
971,0,arb,submission,sell,0.006342413071351416,0.6331547405012765,99.83500184601698,-4.0080185294333326e-05,99.61636085327135,99.73816603022337,27.982730348022628,21.968066400870043,False
971,1,retail,submission,sell,0.02996373535373209,2.9923448072730676,99.83500184601698,0.0009152329196600029,99.675970536244,99.72499800996134,29.089482684660556,18.968066400870043,False
971,2,retail,normalizer,sell,0.0035753100142983385,0.3571443575526896,99.83500184601698,0.0,99.675970536244,99.72499800996134,29.089482684660556,18.968066400870043,False
972,0,arb,submission,sell,0.010815324854092978,1.0801933351368869,99.88696588372909,-0.00011664958534574055,99.69749962358266,99.8100937770799,30.376472446164573,18.362927800380053,True
973,0,arb,submission,sell,0.02871072890751236,2.8684760501049325,99.93820111469805,-0.0008225496036127211,99.75468531754115,99.86019581108107,31.567292409026177,19.55460672231464,True
973,1,arb,normalizer,sell,0.021448743194611097,2.1430899770342493,99.93820111469805,0.0,99.75468531754115,99.86019581108107,31.567292409026177,19.55460672231464,True
975,0,arb,normalizer,sell,0.004557659857724161,0.45550505027482685,99.94729493597096,0.0,99.75468531754115,99.86019581108107,31.567292409026177,19.55460672231464,True
975,1,retail,submission,buy,0.15183812519413586,15.075960007157846,99.94729493597096,0.09984987414533464,99.59080064333227,99.83474806216945,30.33645319847858,18.307095184472367,False
975,2,retail,normalizer,buy,0.10570098628347313,10.490200089920108,99.94729493597096,0.0,99.59080064333227,99.83474806216945,30.33645319847858,18.307095184472367,False
975,3,retail,submission,sell,0.0690125466136493,6.881522860296054,99.94729493597096,-0.016094490380797133,99.59080064333227,99.83474806216945,30.33645319847858,18.307095184472367,False
975,4,retail,normalizer,sell,0.022824679681150428,2.27699112060954,99.94729493597096,0.0,99.59080064333227,99.83474806216945,30.33645319847858,18.307095184472367,False
976,0,arb,submission,sell,0.06465916172761865,6.455433563688821,99.90234270138944,-0.004168170008301608,99.71945053169084,99.82451883870223,31.53269698384866,19.52005997268651,True
976,1,arb,normalizer,sell,0.06002388671885228,5.992936861719467,99.90234270138944,0.0,99.71945053169084,99.82451883870223,31.53269698384866,19.52005997268651,True
976,2,retail,submission,sell,0.009136129019523764,0.9129149066129638,99.90234270138944,0.00019421434039157415,99.489595671462,99.79913025556279,25.53269698384866,22.50923080713652,False
976,3,retail,normalizer,sell,0.01522916958775511,1.5216609946706268,99.90234270138944,0.0,99.489595671462,99.79913025556279,25.53269698384866,22.50923080713652,False
976,4,retail,submission,buy,0.1251057688966209,12.42667101958068,99.90234270138944,0.07168837865036792,99.489595671462,99.79913025556279,25.53269698384866,22.50923080713652,False
976,5,retail,normalizer,buy,0.06495441505351987,6.448015180903894,99.90234270138944,0.0,99.489595671462,99.79913025556279,25.53269698384866,22.50923080713652,False
977,0,arb,submission,sell,0.012120632995987535,1.2087434686818446,99.73815886871364,-0.00014615066133272236,99.51365594488816,99.66142998940599,26.803703662890207,19.50923080713652,True
978,0,arb,submission,sell,0.025369531797039713,2.5301901504292745,99.75866592060922,-0.0006404966738831064,99.5640444367635,99.68468364842158,25.255416475010804,19.24088518486096,True
978,1,retail,submission,buy,0.07304351551793939,7.248870870625979,99.75866592060922,0.03785279159497179,99.41943592921615,99.67211211971092,26.76848261754133,16.24088518486096,False
978,2,retail,normalizer,buy,0.018947186558304366,1.8793152516191185,99.75866592060922,0.0,99.41943592921615,99.67211211971092,26.76848261754133,16.24088518486096,False
979,0,arb,submission,sell,0.165513827975019,16.509305487670307,99.91066291334447,-0.02729078663909945,99.74839915283259,99.84185462647483,28.304641567826703,16.29340388800545,True
979,1,arb,normalizer,sell,0.07259293741697093,7.24755753010867,99.91066291334447,0.0,99.74839915283259,99.84185462647483,28.304641567826703,16.29340388800545,True
979,2,retail,submission,buy,0.004400725477986072,0.4377036624937318,99.91066291334447,0.001975737311501302,99.73965629076415,99.8301619313556,27.079657127402314,15.068773039850672,False
980,0,arb,submission,sell,0.010398144419227151,1.038780375642919,99.91092815702069,-0.00010788439281039786,99.76037464696081,99.8434966162345,28.64197162953249,16.63197719781158,True
980,1,arb,normalizer,sell,0.00013299914165543214,0.013288050048336887,99.91092815702069,0.0,99.76037464696081,99.8434966162345,28.64197162953249,16.63197719781158,True
981,0,arb,submission,sell,0.028544484032721584,2.8531658924109777,99.98357532891548,-0.0008136770996660658,99.81728287441287,99.91108730360781,30.036952083708005,18.02568024336468,True
981,1,arb,normalizer,sell,0.03640699951623105,3.6387793055510813,99.98357532891548,0.0,99.81728287441287,99.91108730360781,30.036952083708005,18.02568024336468,True
983,0,retail,submission,sell,0.00966243343231099,0.9663128115850753,99.9012321962283,0.001023805683175838,99.8365575917287,99.89876956682657,30.8819314974368,18.87445616784143,False
983,1,retail,normalizer,sell,0.016659670688440542,1.665970545049463,99.9012321962283,0.0,99.8365575917287,99.89876956682657,30.8819314974368,18.87445616784143,False
984,0,retail,submission,buy,0.1494657430403048,14.853947890136624,99.84281735751726,0.06913299344213542,99.41246142688408,99.87701522687182,27.351873778013168,19.087515252585256,False
984,1,retail,normalizer,buy,0.09363564623347362,9.300365299435725,99.84281735751726,0.0,99.41246142688408,99.87701522687182,27.351873778013168,19.087515252585256,False
984,2,retail,submission,buy,0.0644400709557794,6.390795869181602,99.84281735751726,0.043082365761733854,99.41246142688408,99.87701522687182,27.351873778013168,19.087515252585256,False
984,3,retail,normalizer,buy,0.06176626914653187,6.12546073024896,99.84281735751726,0.0,99.41246142688408,99.87701522687182,27.351873778013168,19.087515252585256,False
985,0,arb,submission,sell,0.15721912286022643,15.684015674436388,99.9155809779195,-0.024624326982042533,99.72486696033083,99.84127925420692,26.49605804026715,20.482058195573934,True
985,1,arb,normalizer,sell,0.10420198229004995,10.400584821243577,99.9155809779195,0.0,99.72486696033083,99.84127925420692,26.49605804026715,20.482058195573934,True
985,2,retail,submission,sell,0.017200631807611444,1.719146576844728,99.9155809779195,0.0005354565999489136,99.849005467039,99.81703913435736,25.027148982540297,20.482058195573934,False
985,3,retail,normalizer,sell,0.024208591862205253,2.419400097146961,99.9155809779195,0.0,99.849005467039,99.81703913435736,25.027148982540297,20.482058195573934,False
985,4,retail,submission,sell,0.045067536892389626,4.5058002315446,99.9155809779195,0.0028510996976693903,99.849005467039,99.81703913435736,25.027148982540297,20.482058195573934,False
985,5,retail,normalizer,sell,0.030040849467695807,3.003900804771032,99.9155809779195,0.0,99.849005467039,99.81703913435736,25.027148982540297,20.482058195573934,False
986,0,retail,submission,buy,0.013252119289899214,1.3197249896456924,99.95346453912394,0.004870245865489009,99.82263264357387,99.6454186297092,26.114494194062708,17.482058195573934,True
991,0,arb,submission,sell,0.012938675033382196,1.2940017718814103,100.023307510844,-0.0001672997654569297,99.84844618256218,99.95348200338378,25.475791748328543,19.46317495467392,True
992,0,arb,submission,sell,0.04535711949884558,4.53972717968174,100.13390822416451,-0.0020584615281258323,99.9390158466983,100.06185306723847,26.799570693375358,20.78483029095124,True
992,1,arb,normalizer,sell,0.05503781141310071,5.508122131746127,100.13390822416451,0.0,99.9390158466983,100.06185306723847,26.799570693375358,20.78483029095124,True
992,2,retail,submission,sell,0.017387058815245382,1.7415674506752958,100.13390822416451,0.0005332989813642275,99.97376721946313,100.04960884807298,25.34174800737263,19.33264807554255,False
992,3,retail,normalizer,sell,0.024021994060163365,2.4059936348909288,100.13390822416451,0.0,99.97376721946313,100.04960884807298,25.34174800737263,19.33264807554255,False
993,0,arb,submission,sell,0.019274055437620063,1.931004489340337,100.20603610777576,-0.0003722057850907845,100.01231130466408,100.13435388282836,26.69294242613361,20.678308048522577,True
993,1,arb,normalizer,sell,0.012004277633963056,1.2027567640711343,100.20603610777576,0.0,100.01231130466408,100.13435388282836,26.69294242613361,20.678308048522577,True
994,0,arb,normalizer,sell,0.0032081166231137104,0.3214829588433899,100.2124628286244,0.0,100.01231130466408,100.13435388282836,26.69294242613361,20.678308048522577,True
995,0,retail,submission,sell,0.0727829910372435,7.2995916792527344,100.19731398183865,0.0069314737566985585,100.07013030536693,100.27653144281528,27.736865053512616,21.712139773562676,False
995,1,retail,normalizer,sell,0.07635364187477478,7.657430647147918,100.19731398183865,0.0,100.07013030536693,100.27653144281528,27.736865053512616,21.712139773562676,False
995,2,retail,submission,buy,0.04401624208809386,4.39414294569724,100.19731398183865,0.016166283104121604,100.07013030536693,100.27653144281528,27.736865053512616,21.712139773562676,False
996,0,retail,submission,sell,0.04570421704246996,4.585675467338921,100.19029604205195,0.006556431483658365,100.16169770629733,100.30015629742196,28.83774332397965,22.821166573238187,True
996,1,retail,normalizer,sell,0.00699194931272018,0.7018002898411027,100.19029604205195,0.0,100.16169770629733,100.30015629742196,28.83774332397965,22.821166573238187,True
1001,0,arb,submission,sell,0.004562859340850878,0.45809002400545357,100.39997064008371,-2.0919850806266904e-05,100.17084619469115,100.28664975255721,29.67458114537109,23.660716433674214,False
1001,1,arb,normalizer,sell,0.010119675961163921,1.0159123115938151,100.39997064008371,0.0,100.17084619469115,100.28664975255721,29.67458114537109,23.660716433674214,False
1003,0,retail,submission,buy,0.20484300854965573,20.41667371978292,100.27311716920093,0.12357327780833671,99.76258089861543,100.27422533765883,29.0020175892641,22.940631553523566,False
1003,1,retail,normalizer,buy,0.16713768160485956,16.652323131225785,100.27311716920093,0.0,99.76258089861543,100.27422533765883,29.0020175892641,22.940631553523566,False
1004,0,arb,submission,sell,0.07182788128265827,7.187367665322915,100.13559693985921,-0.005160103841411079,99.90587955638026,100.05230093772063,29.938768628242585,23.92119438775147,True
1004,1,arb,normalizer,sell,0.034780533952911696,3.4815596224918184,100.13559693985921,0.0,99.90587955638026,100.05230093772063,29.938768628242585,23.92119438775147,True
1005,0,arb,submission,sell,0.06644661870357993,6.658748257681805,100.2785959195246,-0.004425369513212374,100.03871754093244,100.19209919323936,30.787434597775086,24.769050016842908,True
1005,1,arb,normalizer,sell,0.07138513489769593,7.1532952754430825,100.2785959195246,0.0,100.03871754093244,100.19209919323936,30.787434597775086,24.769050016842908,True
1005,2,retail,submission,sell,0.03295252860075948,3.305803720771961,100.2785959195246,0.001370420689823515,100.10469349270181,100.17740217140519,31.30792236082057,21.769050016842904,False
1005,3,retail,normalizer,sell,0.03721117829064724,3.732873603279564,100.2785959195246,0.0,100.10469349270181,100.17740217140519,31.30792236082057,21.769050016842904,False
1010,0,retail,submission,buy,0.051632991729614525,5.149870575743989,100.21797783627382,0.02468344503502884,99.81435757934484,99.78782021539857,32.7710281096469,20.774218940236757,False
1010,1,retail,normalizer,buy,0.031910661505868035,3.182141006042002,100.21797783627382,0.0,99.81435757934484,99.78782021539857,32.7710281096469,20.774218940236757,False
1010,2,retail,submission,buy,0.09409386150785314,9.369867609730136,100.21797783627382,0.06002891739330707,99.81435757934484,99.78782021539857,32.7710281096469,20.774218940236757,False
1010,3,retail,normalizer,buy,0.10171997049295135,10.130047068794738,100.21797783627382,0.0,99.81435757934484,99.78782021539857,32.7710281096469,20.774218940236757,False
1011,0,arb,submission,sell,0.08899201186167716,8.9090930016893,100.20024137455853,-0.007928067258326621,99.99208319934056,100.11431337472638,33.75916802199505,21.744508199723086,True
1011,1,arb,normalizer,sell,0.0569228746721393,5.700442554777821,100.20024137455853,0.0,99.99208319934056,100.11431337472638,33.75916802199505,21.744508199723086,True
1013,0,arb,submission,sell,0.04750026332658308,4.762262667664879,100.30524899606039,-0.0022630726864729667,100.08714016513338,100.21608203568594,35.10788986435624,23.09244026320025,True
1013,1,arb,normalizer,sell,0.052384030519576186,5.251642143255854,100.30524899606039,0.0,100.08714016513338,100.21608203568594,35.10788986435624,23.09244026320025,True
1013,2,retail,submission,buy,0.006616231565673551,0.6598313310259982,100.30524899606039,0.0038114235844817212,100.07393822536118,100.20093153731695,33.66985045183269,21.65463216962609,False
1014,0,arb,submission,sell,0.06881174295401138,6.905960290351229,100.42933279259289,-0.004757142815538629,100.21185676652644,100.34034401118821,34.56102186729146,22.54564585117234,True
1014,1,arb,normalizer,sell,0.0617944255042886,6.202137895293013,100.42933279259289,0.0,100.21185676652644,100.34034401118821,34.56102186729146,22.54564585117234,True
1015,0,arb,submission,sell,0.055670707033897315,5.594589097186699,100.55034287711136,-0.003119583282891192,100.32364563503924,100.45837418735321,35.34995507507518,23.333850618817614,True
1015,1,arb,normalizer,sell,0.060153495590625994,6.0448139214013,100.55034287711136,0.0,100.32364563503924,100.45837418735321,35.34995507507518,23.333850618817614,True
1015,2,retail,submission,buy,0.04318306399984683,4.315108000231703,100.55034287711136,0.02696389143713951,100.23722255142037,100.44274787789182,32.34995507507518,23.43359034595858,False
1015,3,retail,normalizer,buy,0.03262096456237477,3.259337042345578,100.55034287711136,0.0,100.23722255142037,100.44274787789182,32.34995507507518,23.43359034595858,False
1016,0,arb,submission,sell,0.045081888158009065,4.531542821956059,100.5634248591485,-0.0020462503304221613,100.3277686489549,100.47357984492004,30.39058799436029,24.373160478412757,True
1016,1,arb,normalizer,sell,0.03901958404796346,3.9224104985553065,100.5634248591485,0.0,100.3277686489549,100.47357984492004,30.39058799436029,24.373160478412757,True
1016,2,retail,submission,sell,0.12687579202925292,12.776502744182144,100.5634248591485,0.017438566003416867,100.58325575186142,100.45831417722825,27.390587994360292,27.373160478412757,False
1016,3,retail,normalizer,sell,0.13161443555320318,13.253064157911426,100.5634248591485,0.0,100.58325575186142,100.45831417722825,27.390587994360292,27.373160478412757,False
1022,0,arb,submission,buy,0.007351996487509501,0.7374080194240378,100.29300224850958,-5.42191712128437e-05,100.56846518802863,100.44427181147344,25.96937707829459,25.984205198551127,False
1023,0,retail,submission,buy,0.13619451403078758,13.642718334893289,100.45229705343715,0.03833344557589946,100.29502250309855,100.11785989199689,26.861806615661802,26.883022331017155,True
1023,1,retail,normalizer,buy,0.09514729036504299,9.527070277979874,100.45229705343715,0.0,100.29502250309855,100.11785989199689,26.861806615661802,26.883022331017155,True
1026,0,arb,submission,sell,0.01881767764838571,1.892763463669738,100.60328726073492,-0.0003567663707204627,100.33283521893452,100.51669759674397,28.311212573997054,28.28924241053406,True
1026,1,retail,submission,buy,0.04085888913261279,4.08621441906871,100.60328726073492,0.024324141494054707,100.25099173707338,100.5019847674488,27.341391672580844,27.311385478730593,False
1026,2,retail,normalizer,buy,0.03374700027945747,3.3747290545161377,100.60328726073492,0.0,100.25099173707338,100.5019847674488,27.341391672580844,27.311385478730593,False
1027,0,arb,submission,sell,0.10164417485353283,10.228245112446423,100.73046671005667,-0.010420058908545471,100.45535784947961,100.64230155071279,28.08513179472836,28.06282099885446,True
1027,1,arb,normalizer,sell,0.07973449120781595,8.025279908299122,100.73046671005667,0.0,100.45535784947961,100.64230155071279,28.08513179472836,28.06282099885446,True
1028,0,retail,submission,sell,0.07134358546832686,7.192157009723845,100.66840402480398,0.010112123220181957,100.63559517849293,100.77614952678194,25.741006017404143,29.004677166940468,False
1028,1,retail,normalizer,sell,0.07511001234080084,7.57156576667343,100.66840402480398,0.0,100.63559517849293,100.77614952678194,25.741006017404143,29.004677166940468,False
1028,2,retail,submission,sell,0.0180427555795859,1.8206433943045655,100.66840402480398,0.0043079858980257235,100.63559517849293,100.77614952678194,25.741006017404143,29.004677166940468,False
1028,3,retail,normalizer,sell,0.02131999797654771,2.1512699644673856,100.66840402480398,0.0,100.63559517849293,100.77614952678194,25.741006017404143,29.004677166940468,False
1029,0,retail,submission,buy,0.04042899972295976,4.05648250901686,100.63576204016034,0.01212068662462773,102.13626070999005,100.41214279428634,23.96120469467947,23.916935132165342,False
1029,1,retail,normalizer,buy,0.012661281295110793,1.2700289159856766,100.63576204016034,0.0,102.13626070999005,100.41214279428634,23.96120469467947,23.916935132165342,False
1029,2,retail,submission,sell,0.02671726034104438,2.695316905442056,100.63576204016034,0.006605051395700556,102.13626070999005,100.41214279428634,23.96120469467947,23.916935132165342,False
1029,3,retail,normalizer,sell,0.005008666454997979,0.5053992287388294,100.63576204016034,0.0,102.13626070999005,100.41214279428634,23.96120469467947,23.916935132165342,False
1029,4,retail,submission,sell,0.7486329207276583,76.09322496761732,100.63576204016034,0.7539805018384698,102.13626070999005,100.41214279428634,23.96120469467947,23.916935132165342,False
1029,5,retail,normalizer,sell,0.7337502575388157,74.59172764541876,100.63576204016034,0.0,102.13626070999005,100.41214279428634,23.96120469467947,23.916935132165342,False
1030,0,arb,submission,buy,0.6450573224973116,65.30119188967001,100.57904643495861,-0.4219414970028339,100.82062479778112,100.6562169983793,25.58179668504204,20.916935132165342,True
1030,1,arb,normalizer,buy,0.5998656753249307,60.698531776241,100.57904643495861,0.0,100.82062479778112,100.6562169983793,25.58179668504204,20.916935132165342,True
1031,0,retail,submission,sell,0.12598920641804057,12.745058689925179,100.60439391212725,0.0699909387683153,101.07619612510067,100.66934188135615,22.581796685042043,23.916935132165342,False
1031,1,retail,normalizer,sell,0.05054306078426407,5.1168096706086725,100.60439391212725,0.0,101.07619612510067,100.66934188135615,22.581796685042043,23.916935132165342,False
1032,0,arb,submission,buy,0.16433761343284134,16.5458358569158,100.51627973184932,-0.027230334635802933,100.74377728143457,100.591176833136,25.581796685042047,20.916935132165342,True
1032,1,arb,normalizer,buy,0.08186923710893862,8.235941076252857,100.51627973184932,0.0,100.74377728143457,100.591176833136,25.581796685042047,20.916935132165342,True
1034,0,retail,submission,buy,0.13052778015999017,13.099104369130146,100.63356503595084,0.03637148459851858,100.48099430387884,100.29862594872186,25.404747361796147,19.426546588820592,True
1034,1,retail,normalizer,buy,0.14557792018502047,14.61165677623103,100.63356503595084,0.0,100.48099430387884,100.29862594872186,25.404747361796147,19.426546588820592,True
1035,0,arb,submission,sell,0.004618033504470986,0.4649493154919777,100.68589565866995,-2.152408742994716e-05,100.49029773438492,100.3113270954908,25.493512419291925,19.514903159217944,False
1037,0,retail,submission,buy,0.009654681362887602,0.9676350074405491,100.54849022735095,0.0031286272239423596,100.4708985856392,100.3230135710419,26.158640524105646,20.176316559759385,False
1037,1,retail,normalizer,buy,0.004583259881799737,0.45933134601727943,100.54849022735095,0.0,100.4708985856392,100.3230135710419,26.158640524105646,20.176316559759385,False
1044,0,retail,submission,buy,0.06229856985625554,6.238934378978229,100.47764194289172,0.020679016592842103,100.22242663423562,100.17032574164588,28.142867358275325,22.14910721179961,False
1044,1,retail,normalizer,buy,0.06564631013726013,6.5744154031563085,100.47764194289172,0.0,100.22242663423562,100.17032574164588,28.142867358275325,22.14910721179961,False
1044,2,retail,submission,buy,0.06162980845351702,6.163187410125829,100.47764194289172,0.029230416675654958,100.22242663423562,100.17032574164588,28.142867358275325,22.14910721179961,False
1044,3,retail,normalizer,buy,0.07086811204155247,7.0877023076664045,100.47764194289172,0.0,100.22242663423562,100.17032574164588,28.142867358275325,22.14910721179961,False
1045,0,arb,submission,sell,0.03844332846466614,3.8629230903674916,100.52226235196352,-0.0014872592403847307,100.29961451536286,100.4413042390025,29.17024413193639,23.153304120958797,True
1045,1,retail,submission,buy,0.016152053422957925,1.6150585283921828,100.52226235196352,0.008582423313324261,100.26726759990255,100.42754784554738,26.17024413193639,26.1533041209588,False
1046,0,retail,submission,sell,0.06187416814276503,6.224077949086108,100.52204903473515,0.004359785055633836,100.39162793892511,100.57053270438568,24.76086536806008,24.7394995827933,True
1046,1,retail,normalizer,sell,0.054933170233695705,5.526250214901297,100.52204903473515,0.0,100.39162793892511,100.57053270438568,24.76086536806008,24.7394995827933,True
1048,0,retail,submission,sell,0.06920671223824115,6.96983861336114,100.3857405361045,0.022471555256214693,100.5310002061431,100.70043982113174,26.203041608127428,26.182833281043074,True
1048,1,retail,normalizer,sell,0.06215013272365866,6.259610974385839,100.3857405361045,0.0,100.5310002061431,100.70043982113174,26.203041608127428,26.182833281043074,True
1049,0,retail,submission,sell,0.16772587156381746,16.934392770767456,100.29064078786527,0.11305763492901377,100.86998222947516,101.04766552500509,27.01520942520648,26.994089928519866,True
1049,1,retail,normalizer,sell,0.17497557590978374,17.66507888471998,100.29064078786527,0.0,100.86998222947516,101.04766552500509,27.01520942520648,26.994089928519866,True
1050,0,arb,submission,buy,0.09449069481863796,9.496537822580649,100.40732998040562,-0.008979447847863753,100.67931726447426,101.0328632326347,26.236795088050357,26.194729689644873,False
1050,1,arb,normalizer,buy,0.060443123132971684,6.07260502841018,100.40732998040562,0.0,100.67931726447426,101.0328632326347,26.236795088050357,26.194729689644873,False
1050,2,retail,submission,sell,0.03355845401100055,3.388656781026138,100.40732998040562,0.019142015511339316,100.74715349882298,101.01924703875827,29.236795088050357,23.19472968964487,False
1051,0,arb,submission,buy,0.029555034132941412,2.9680021638141625,100.39320270480371,-0.0008776311583824636,100.68758092193634,101.00672176111713,26.236795088050357,26.19472968964487,False
1051,1,arb,normalizer,buy,0.007031994895863491,0.7060141587171529,100.39320270480371,0.0,100.68758092193634,101.00672176111713,26.236795088050357,26.19472968964487,False
1051,2,retail,submission,sell,0.027885311785667,2.815866517296932,100.39320270480371,0.01637075871181315,100.74395139381578,100.99519987729877,27.169231129021725,23.19472968964487,False
1051,3,retail,normalizer,sell,0.005059919023054249,0.5110690850027577,100.39320270480371,0.0,100.74395139381578,100.99519987729877,27.169231129021725,23.19472968964487,False
1052,0,arb,submission,buy,0.11320356508900542,11.360715693006568,100.24292822507644,-0.012858842966629425,100.51602252990494,100.98460090498506,24.169231129021725,26.19472968964487,False
1052,1,arb,normalizer,buy,0.07996777542469077,8.022617626695137,100.24292822507644,0.0,100.51602252990494,100.98460090498506,24.169231129021725,26.19472968964487,False
1053,0,arb,submission,buy,0.04324376150379395,4.334310680931594,100.18640224044404,-0.001873796522664506,100.42913173013129,100.97485083285349,25.741230185067096,23.19472968964487,False
1053,1,arb,normalizer,buy,0.028214584743846506,2.82751505233864,100.18640224044404,0.0,100.42913173013129,100.97485083285349,25.741230185067096,23.19472968964487,False
1053,2,retail,submission,sell,0.08744545023296268,8.810208412238234,100.18640224044404,0.049363361101903536,100.60538125095006,100.96588159791283,22.741230185067096,24.03893746617556,False
1053,3,retail,normalizer,sell,0.02425911911755918,2.445677099506776,100.18640224044404,0.0,100.60538125095006,100.96588159791283,22.741230185067096,24.03893746617556,False
1054,0,arb,submission,buy,0.16423527820874997,16.45832713366508,100.0474519302677,-0.027006031821024123,100.27549073193323,100.957630605419,23.065730054588407,21.038937466175565,False
1054,1,arb,normalizer,buy,0.09378988127697738,9.392236469288036,100.0474519302677,0.0,100.27549073193323,100.957630605419,23.065730054588407,21.038937466175565,False
1055,0,arb,submission,buy,0.0176790140703809,1.7683704452592792,100.00886670926005,-0.0003122835434230531,100.2400777667018,100.95004028784669,20.065730054588407,21.921882882774135,False
1055,1,arb,normalizer,buy,0.019313456763235242,1.931889494195275,100.00886670926005,0.0,100.2400777667018,100.95004028784669,20.065730054588407,21.921882882774135,False
1055,2,retail,submission,sell,0.050177445664431275,5.04337520207929,100.00886670926005,0.025185726814044962,100.34087021678805,100.94305769969195,20.40548050243096,18.921882882774135,False
1056,0,arb,submission,buy,0.06695059616583365,6.699688970060379,100.00221657273994,-0.004480952610629529,100.2066931450584,100.93663414515554,17.40548050243096,19.396137174637573,False
1056,1,arb,normalizer,buy,0.0033297903236095584,0.3329974846801633,100.00221657273994,0.0,100.2066931450584,100.93663414515554,17.40548050243096,19.396137174637573,False
1059,0,retail,submission,sell,0.18802264627119314,18.913341245974895,100.24060189579198,0.06583801371090559,100.58497257277168,100.72106825089259,20.40548050243096,16.396137174637573,True
1059,1,retail,normalizer,sell,0.08698011553194362,8.758258852425932,100.24060189579198,0.0,100.58497257277168,100.72106825089259,20.40548050243096,16.396137174637573,True
1060,0,arb,submission,buy,0.14993491715932902,15.027873892575371,100.07912928705542,-0.02251793354293774,100.28376312436991,100.71097722251189,17.40548050243096,19.396137174637573,False
1060,1,arb,normalizer,buy,0.048751151013791634,4.881349827101076,100.07912928705542,0.0,100.28376312436991,100.71097722251189,17.40548050243096,19.396137174637573,False
1061,0,arb,submission,buy,0.06997193771200125,6.999939315188385,99.9693100718998,-0.004892977725673653,100.14361484546336,100.70169436931796,20.40548050243096,16.396137174637573,False
1061,1,arb,normalizer,buy,0.054972195787795324,5.498550159218212,99.9693100718998,0.0,100.14361484546336,100.70169436931796,20.40548050243096,16.396137174637573,False
1062,0,arb,submission,buy,0.0246689439909435,2.4647889475654665,99.8900425485655,-0.0006070826819408737,100.09428975636831,100.69315490007412,17.40548050243096,19.396137174637573,False
1062,1,arb,normalizer,buy,0.039735257890683745,3.970731146811886,99.8900425485655,0.0,100.09428975636831,100.69315490007412,17.40548050243096,19.396137174637573,False
1062,2,retail,submission,buy,0.03935191318986145,3.930501190417999,99.8900425485655,0.00036309248471688704,100.01565812953157,100.68529922793527,18.72728332173185,16.396137174637573,False
1062,3,retail,normalizer,buy,0.024318605167203827,2.428597114803779,99.8900425485655,0.0,100.01565812953157,100.68529922793527,18.72728332173185,16.396137174637573,False
1063,0,retail,submission,sell,0.0493686796783237,4.948193157609866,99.92722043920193,0.0149182206016647,100.11449186950547,100.22252243258909,15.72728332173185,19.396137174637573,True
1065,0,arb,submission,buy,0.027858897040796842,2.7839180649498303,99.90142410096306,-0.0007745766921201103,100.05878939392584,99.95763187794172,14.014987740049962,20.027125645368837,True
1065,1,retail,submission,sell,0.03746737510327591,3.757871700567553,99.90142410096306,0.014827570425321568,100.13383241910904,99.96719034457689,13.858307974355023,19.878294927612608,False
1066,0,arb,submission,buy,0.15248036631410966,15.224086888363672,99.69103214705541,-0.02316178834898075,99.82937877465017,99.7449053734373,15.615568749345067,21.625727180516513,True
1066,1,arb,normalizer,buy,0.07565018336730278,7.547337051577415,99.69103214705541,0.0,99.82937877465017,99.7449053734373,15.615568749345067,21.625727180516513,True
1067,0,arb,submission,buy,0.0074130305603678365,0.7388279865372169,99.65874917328826,-5.46333075982508e-05,99.81461537214156,99.75406671679681,16.297558693077566,22.304840235016226,False
1067,1,arb,normalizer,buy,0.016244910149844867,1.619209621738264,99.65874917328826,0.0,99.81461537214156,99.75406671679681,16.297558693077566,22.304840235016226,False
1068,0,arb,normalizer,buy,0.0003395841849554947,0.033842420556538855,99.65807449618146,0.0,99.81461537214156,99.75406671679681,16.297558693077566,22.304840235016226,False
1069,0,retail,submission,buy,0.07443650542990357,7.412239004192088,99.69602988688034,0.00878506582250882,99.66656300860576,99.56566826238407,18.298176769954505,24.310330796910254,True
1069,1,retail,normalizer,buy,0.07757449920144094,7.724951861822774,99.69602988688034,0.0,99.66656300860576,99.56566826238407,18.298176769954505,24.310330796910254,True
1070,0,retail,submission,buy,0.05687280494226412,5.654740242276603,99.74931276570487,0.018282965772226767,99.5536888872412,99.43936580093158,19.614287431931213,25.628075622055388,True
1070,1,retail,normalizer,buy,0.06696713764227669,6.6590651883416285,99.74931276570487,0.0,99.5536888872412,99.43936580093158,19.614287431931213,25.628075622055388,True
1072,0,retail,submission,buy,0.15193821676166339,15.073534897190257,99.66871524690211,0.06995196435006079,99.25311890168274,99.13025587403632,21.273488800667895,27.288352509216296,True
1072,1,retail,normalizer,buy,0.15864136175431579,15.739580320392633,99.66871524690211,0.0,99.25311890168274,99.13025587403632,21.273488800667895,27.288352509216296,True
1073,0,arb,submission,sell,0.11134914350289193,11.09429789317645,99.74588396649078,-0.01232085443113995,99.47369388218868,99.14246958250828,20.674214351370807,26.71423819965012,False
1073,1,arb,normalizer,sell,0.04547549809946361,4.533937638545081,99.74588396649078,0.0,99.47369388218868,99.14246958250828,20.674214351370807,26.71423819965012,False
1073,2,retail,submission,buy,0.019043107328707152,1.8900137100754364,99.74588396649078,0.009457863895217411,99.27364364906062,99.17356133453916,17.993948074127037,19.792265677696054,False
1073,3,retail,submission,buy,0.04580523928943441,4.54183714377541,99.74588396649078,0.02704693944585923,99.27364364906062,99.17356133453916,17.993948074127037,19.792265677696054,False
1073,4,retail,normalizer,buy,0.019311131643607087,1.9142984541304031,99.74588396649078,0.0,99.27364364906062,99.17356133453916,17.993948074127037,19.792265677696054,False
1073,5,retail,submission,buy,0.036346933009561204,3.602134418917558,99.74588396649078,0.023322543591947298,99.27364364906062,99.17356133453916,17.993948074127037,19.792265677696054,False
1073,6,retail,normalizer,buy,0.021241697905437923,2.1048254377201374,99.74588396649078,0.0,99.27364364906062,99.17356133453916,17.993948074127037,19.792265677696054,False
1074,0,arb,submission,sell,0.08331372359079126,8.2941442890654,99.63586633571299,-0.00689073855721567,99.43866438195859,99.57558967645237,19.430326514011725,16.792265677696054,True
1075,0,retail,submission,sell,0.0735270566989783,7.329104245453956,99.60033457635737,0.005784797820918897,99.40023629803554,99.68446970937033,19.430326514011725,16.792265677696054,False
1075,1,retail,normalizer,sell,0.04358025569167978,4.345335639154427,99.60033457635737,0.0,99.40023629803554,99.68446970937033,19.430326514011725,16.792265677696054,False
1075,2,retail,submission,buy,0.09306254700116648,9.243802979364773,99.60033457635737,0.02525783847939067,99.40023629803554,99.68446970937033,19.430326514011725,16.792265677696054,False
1076,0,arb,submission,sell,0.061602419293393496,6.137364139431703,99.68984881246449,-0.003771726408739795,99.52244696980169,99.63203652436783,16.809273456068723,16.79606687762047,True
1076,1,retail,submission,sell,0.01706036062188332,1.7010349275841148,99.68984881246449,0.0002901565024440167,99.55633221671825,99.62221177014582,16.36756707582789,16.359628925208785,False
1077,0,arb,submission,sell,0.04767475179666292,4.7563635096129655,99.81440816566193,-0.0022636254157717417,99.65111549776397,99.76211272876914,18.175898000707612,18.162539139974974,True
1077,1,arb,normalizer,sell,0.03127799807514009,3.1210210438920316,99.81440816566193,0.0,99.65111549776397,99.76211272876914,18.175898000707612,18.162539139974974,True
1079,0,arb,submission,sell,0.033538276927529864,3.349329249495725,99.89931737901053,-0.0011217216327268353,99.71787485281521,99.84119850046274,20.27067301577576,20.25584147996129,True
1079,1,arb,normalizer,sell,0.04260989020910699,4.254889574805206,99.89931737901053,0.0,99.71787485281521,99.84119850046274,20.27067301577576,20.25584147996129,True
1079,2,retail,submission,buy,0.6754136613675523,66.76490041469151,99.89931737901053,0.708463304385134,98.38891933259313,99.83132165426275,17.27067301577576,23.25584147996129,False
1079,3,retail,normalizer,buy,0.5671594440082237,56.00335732750136,99.89931737901053,0.0,98.38891933259313,99.83132165426275,17.27067301577576,23.25584147996129,False
1080,0,arb,submission,sell,0.6514247755684153,64.66018641750705,99.90517977318336,-0.420522894361099,99.67284187080014,99.84035271571531,16.878998773166757,22.858848425284776,True
1080,1,arb,normalizer,sell,0.5683978791347073,56.4655769113372,99.90517977318336,0.0,99.67284187080014,99.84035271571531,16.878998773166757,22.858848425284776,True
1081,0,arb,submission,sell,0.0749364597420481,7.491847524938664,100.05085216726081,-0.005609130650881866,99.82214744080962,99.9871948226469,18.19701220835103,24.177187623978636,True
1081,1,arb,normalizer,sell,0.0729697831956031,7.295372213684185,100.05085216726081,0.0,99.82214744080962,99.9871948226469,18.19701220835103,24.177187623978636,True
1082,0,arb,submission,sell,0.04829321631227401,4.834748760353919,100.16070649849702,-0.002333904568187606,99.91854607914058,100.09274840771188,19.373430661791986,25.352527562812313,True
1082,1,arb,normalizer,sell,0.054922584404835106,5.4980672871913026,100.16070649849702,0.0,99.91854607914058,100.09274840771188,19.373430661791986,25.352527562812313,True
1083,0,retail,submission,sell,0.18227974321555962,18.292749558710817,100.13714407740248,0.0397766499423966,100.56989111929127,100.44305463949802,20.422363926143817,23.605240185225682,False
1083,1,retail,normalizer,sell,0.18821746007843387,18.887518530929768,100.13714407740248,0.0,100.56989111929127,100.44305463949802,20.422363926143817,23.605240185225682,False
1083,2,retail,submission,sell,0.09401880340352875,9.46241629899856,100.13714407740248,0.04764183659442267,100.56989111929127,100.44305463949802,20.422363926143817,23.605240185225682,False
1083,3,retail,normalizer,sell,0.09928287696057225,9.991688115282122,100.13714407740248,0.0,100.56989111929127,100.44305463949802,20.422363926143817,23.605240185225682,False
1083,4,retail,submission,sell,0.04818671632736482,4.855153410178608,100.13714407740248,0.029873254688354223,100.56989111929127,100.44305463949802,20.422363926143817,23.605240185225682,False
1083,5,retail,normalizer,sell,0.033196801958425226,3.3453162412732924,100.13714407740248,0.0,100.56989111929127,100.44305463949802,20.422363926143817,23.605240185225682,False
1084,0,arb,submission,buy,0.07990412156156816,8.013129572182152,100.20417732832966,-0.006402805962366642,100.40923672572556,100.27486846705021,23.422363926143817,20.605240185225682,True
1085,0,arb,submission,buy,0.0008648881726084897,0.0866386058878561,100.17232231759093,-7.490926462461189e-07,100.40750041916415,100.28689091929087,20.422363926143817,23.605240185225682,False
1085,1,arb,normalizer,buy,0.01474675928532742,1.4774348583359824,100.17232231759093,0.0,100.40750041916415,100.28689091929087,20.422363926143817,23.605240185225682,False
1086,0,retail,submission,buy,0.02408708500214207,2.413003583871614,100.27192160515541,0.002254715159890175,100.48562612278641,100.23686316537565,21.21003366177152,21.226102887608363,False
1086,1,retail,normalizer,buy,0.00905718151459434,0.9071967921918258,100.27192160515541,0.0,100.48562612278641,100.23686316537565,21.21003366177152,21.226102887608363,False
1086,2,retail,submission,sell,0.06284054146445328,6.325921166642364,100.27192160515541,0.02477931929318622,100.48562612278641,100.23686316537565,21.21003366177152,21.226102887608363,False
1087,0,retail,submission,sell,0.0655555959681351,6.605748261586922,100.27939543262217,0.03187273067709118,100.61782383407527,100.76333848194365,21.15869994171356,21.1413579445343,True
1087,1,retail,normalizer,sell,0.03662785479274078,3.691898543052976,100.27939543262217,0.0,100.61782383407527,100.76333848194365,21.15869994171356,21.1413579445343,True
1088,0,arb,submission,buy,0.09070223993363728,9.098691359371514,100.22286333086706,-0.008253162699073613,100.4353715198193,100.29078909806599,22.45841312150862,22.475700245974103,True
1088,1,arb,normalizer,buy,0.0024472153999294593,0.2452729345895932,100.22286333086706,0.0,100.4353715198193,100.29078909806599,22.45841312150862,22.475700245974103,True
1088,2,retail,submission,buy,0.002816432437667819,0.28222621026361594,100.22286333086706,4.47130173866217e-05,100.4297148012851,100.30234105596146,19.45841312150862,25.475700245974103,False
1088,3,retail,normalizer,buy,0.009333014054330157,0.9352941348643071,100.22286333086706,0.0,100.4297148012851,100.30234105596146,19.45841312150862,25.475700245974103,False
1092,0,retail,submission,sell,0.4364082856693443,44.133315479868514,100.5206836445648,0.26525625623349214,101.31395990944687,100.3129700324148,22.45841312150862,22.475700245974103,False
1092,1,retail,normalizer,sell,0.3761498877206435,38.062491678470394,100.5206836445648,0.0,101.31395990944687,100.3129700324148,22.45841312150862,22.475700245974103,False
1093,0,arb,submission,buy,0.3108383574667005,31.323754525072218,100.45824250942903,-0.09747942944982668,100.68436361271814,100.53057382443941,19.45841312150862,25.475700245974103,True
1093,1,arb,normalizer,buy,0.2506816400693485,25.24637463655381,100.45824250942903,0.0,100.68436361271814,100.53057382443941,19.45841312150862,25.475700245974103,True
1093,2,retail,submission,sell,0.08260263889972919,8.344952558493379,100.45824250942903,0.04683662798558785,100.6539415524055,100.55419403741578,19.45841312150862,21.661088844338675,False
1093,3,retail,normalizer,sell,0.02234034875955615,2.2583050731832603,100.45824250942903,0.0,100.6539415524055,100.55419403741578,19.45841312150862,21.661088844338675,False
1093,4,retail,submission,buy,0.0978820865645999,9.839732376940447,100.45824250942903,-0.006669987504944075,100.6539415524055,100.55419403741578,19.45841312150862,21.661088844338675,False
1093,5,retail,normalizer,buy,0.03750679665101131,3.768142606233596,100.45824250942903,0.0,100.6539415524055,100.55419403741578,19.45841312150862,21.661088844338675,False
1094,0,arb,submission,buy,0.0031769590085586217,0.31914106569456635,100.45169385958964,-1.0151962370252843e-05,100.64753799699047,100.56460837705299,16.45841312150862,22.60900426229707,False
1094,1,retail,submission,buy,0.007886769623921827,0.7924149082246004,100.45169385958964,-0.00017554042129408476,100.71481847629428,100.58300690200181,16.45841312150862,19.716871206030422,False
1094,2,retail,submission,sell,0.04117320988390816,4.153183604330721,100.45169385958964,0.01726492985574879,100.71481847629428,100.58300690200181,16.45841312150862,19.716871206030422,False
1095,0,arb,submission,buy,0.015781253190102262,1.5865392847244948,100.51726879791444,-0.0002508158470408972,100.68297700089285,100.57551863056385,13.45841312150862,21.79094872674535,True
1096,0,arb,submission,buy,0.02538705617655882,2.551955162987724,100.4963360200846,-0.0006490349075045643,100.63177041402265,100.55308375050461,14.76123264287019,20.770619432607795,True
1096,1,retail,submission,sell,0.21787863794567386,22.019275113248067,100.4963360200846,0.12327030266127181,101.07311008229938,100.56273405095449,13.718485462008482,19.779233712424627,False
1096,2,retail,normalizer,sell,0.1231934064210094,12.462029765870742,100.4963360200846,0.0,101.07311008229938,100.56273405095449,13.718485462008482,19.779233712424627,False
1097,0,arb,submission,buy,0.19113193456848637,19.25484893734574,100.54819672328637,-0.03687758025127508,100.68632310926613,100.60214801930935,15.629393145937595,21.639429498976767,True
1097,1,arb,normalizer,buy,0.06375802774776053,6.414849737211625,100.54819672328637,0.0,100.68632310926613,100.60214801930935,15.629393145937595,21.639429498976767,True
1098,0,retail,submission,sell,0.1302701854514794,13.162075733453062,100.56699289921123,0.06119491817520384,100.97504101759631,101.09836554104524,16.168046415605133,22.15339931971468,False
1098,1,retail,normalizer,sell,0.007273824894710401,0.7358317728837687,100.56699289921123,0.0,100.97504101759631,101.09836554104524,16.168046415605133,22.15339931971468,False
1098,2,retail,submission,sell,0.012308703455659042,1.2455990973633448,100.56699289921123,0.007749804339585165,100.97504101759631,101.09836554104524,16.168046415605133,22.15339931971468,False
1098,3,retail,normalizer,sell,0.019745987355307193,1.9980778658085043,100.56699289921123,0.0,100.97504101759631,101.09836554104524,16.168046415605133,22.15339931971468,False
1099,0,arb,submission,buy,0.1324670155197264,13.336512472618779,100.54436756592497,-0.0177001738423197,100.7071914204521,100.60609517789057,17.79608708413339,23.808139491912698,True
1099,1,arb,normalizer,buy,0.02900296714660439,2.9169320122637146,100.54436756592497,0.0,100.7071914204521,100.60609517789057,17.79608708413339,23.808139491912698,True
1100,0,retail,submission,sell,0.015705386630259,1.5856698822943511,100.59286771064801,0.005820002652127787,100.93712391347194,100.9006577392996,17.865198025602556,23.86953412250656,False
1100,1,retail,submission,sell,0.09785757872137424,9.8925685925261,100.59286771064801,0.0487941217225778,100.93712391347194,100.9006577392996,17.865198025602556,23.86953412250656,False
1100,2,retail,normalizer,sell,0.019939471301896106,2.0172886241950607,100.59286771064801,0.0,100.93712391347194,100.9006577392996,17.865198025602556,23.86953412250656,False
1101,0,arb,submission,buy,0.1751826621549837,17.61988817818019,100.40369504222281,-0.03090159048645802,100.58338925894253,100.47083412519986,19.333788624982457,25.34722441938834,True
1101,1,arb,normalizer,buy,0.08994357118929963,9.038800877815447,100.40369504222281,0.0,100.58338925894253,100.47083412519986,19.333788624982457,25.34722441938834,True
1101,2,retail,submission,sell,0.17888844266468595,18.07135126146881,100.40369504222281,0.11029061758551961,100.94527514896473,100.4822522333202,22.333788624982457,22.347224419388336,False
1101,3,retail,normalizer,sell,0.09504227918860408,9.609275324530582,100.40369504222281,0.0,100.94527514896473,100.4822522333202,22.333788624982457,22.347224419388336,False
1102,0,arb,submission,buy,0.15941642771817163,16.030776030565903,100.39867464352523,-0.02557797125613348,100.62340482894281,100.47055528836054,21.891467141288377,21.909709305159602,True
1102,1,arb,normalizer,buy,0.09782718411684098,9.831342040990421,100.39867464352523,0.0,100.62340482894281,100.47055528836054,21.891467141288377,21.909709305159602,True
1102,2,retail,submission,sell,0.022034942163742244,2.2225907318101177,100.39867464352523,0.01031174272366453,100.66790220823532,100.48278011497449,18.891467141288377,24.909709305159602,False
1103,0,arb,submission,buy,0.024548256063649295,2.465946723219531,100.42834196080115,-0.0006060687180493574,100.61842492763401,100.4988274012126,19.029220112711624,25.043492088889085,True
1103,1,retail,submission,buy,0.03168890789559562,3.181411213492538,100.42834196080115,0.00105326501067049,100.55461038158677,100.51081484492614,17.90852983381377,23.913757450042024,False
1103,2,retail,normalizer,buy,0.017631688091494027,1.7698859032934706,100.42834196080115,0.0,100.55461038158677,100.51081484492614,17.90852983381377,23.913757450042024,False
1104,0,retail,submission,buy,0.062193444296240664,6.238753982956041,100.66069551151595,0.021681376160269217,100.42952869462917,100.31685109070949,19.39251517671528,25.405986216626253,True
1104,1,retail,normalizer,buy,0.05661922887481843,5.679273986519547,100.66069551151595,0.0,100.42952869462917,100.31685109070949,19.39251517671528,25.405986216626253,True
1105,0,arb,submission,sell,0.0302490598979972,3.0465601019242334,100.74640088276503,-0.0009238128861639439,100.49044471554478,100.67413175114238,20.554961906834308,26.533047070078382,True
1106,0,arb,submission,sell,0.0013345964675437472,0.13447278410080277,100.76048188373348,-1.7990892336727793e-06,100.49313362287097,100.66185115541025,20.635817254622246,26.61568739910111,False
1106,1,retail,submission,buy,0.0887842099457506,8.895890519874229,100.76048188373348,0.050049257926165325,99.91400176903618,100.6401623711124,23.367956366216667,20.615687399101102,False
1106,2,retail,normalizer,buy,0.07082926119843898,7.095585889643189,100.76048188373348,0.0,99.91400176903618,100.6401623711124,23.367956366216667,20.615687399101102,False
1106,3,retail,submission,buy,0.2005585241898032,20.03130415548003,100.76048188373348,0.1770693877749565,99.91400176903618,100.6401623711124,23.367956366216667,20.615687399101102,False
1106,4,retail,normalizer,buy,0.21567142275438117,21.543982723951558,100.76048188373348,0.0,99.91400176903618,100.6401623711124,23.367956366216667,20.615687399101102,False
1107,0,arb,submission,sell,0.3735069135673825,37.535802675989494,100.872206084756,-0.14066368346066582,100.66425109796589,100.80116499865137,20.367956366216664,23.615687399101102,True
1107,1,arb,normalizer,sell,0.29469561012193424,29.639003075252536,100.872206084756,0.0,100.66425109796589,100.80116499865137,20.367956366216664,23.615687399101102,True
1107,2,retail,submission,buy,0.007525458855878115,0.755944755512246,100.872206084756,0.0031648810802433758,100.72729778147959,100.77798802020612,20.367956366216664,21.641423304777256,False
1107,3,retail,submission,sell,0.03870731597051247,3.905420592095392,100.872206084756,0.0009282385300912743,100.72729778147959,100.77798802020612,20.367956366216664,21.641423304777256,False
1107,4,retail,normalizer,sell,0.031211863736629653,3.1493953316240044,100.872206084756,0.0,100.72729778147959,100.77798802020612,20.367956366216664,21.641423304777256,False
1108,0,retail,submission,buy,0.01578145157398799,1.586134523004148,100.91918662884837,0.00651673366527894,100.6954624566222,100.5580048409398,17.367956366216664,23.504314668065042,True
1109,0,arb,submission,sell,0.02025214346689097,2.044518973503016,100.9737343376289,-0.0004155806903796133,100.73640249512077,100.90765446434648,16.093726583281118,22.073343898448293,True
1109,1,arb,normalizer,sell,0.0189327593585773,1.9113483310613415,100.9737343376289,0.0,100.73640249512077,100.90765446434648,16.093726583281118,22.073343898448293,True
1109,2,retail,submission,buy,0.017409737912089895,1.7506664426564384,100.9737343376289,0.007259808166672599,100.70126354805873,100.89642518732408,15.41332341477215,21.39008961992187,False
1110,0,arb,submission,sell,0.04132329427102377,4.171958127177351,101.00087476903086,-0.001730742534130414,100.78483299273087,100.94136124151406,16.971658664495934,22.953036006268242,True
1110,1,arb,normalizer,sell,0.013391801572311124,1.352401931690074,101.00087476903086,0.0,100.78483299273087,100.94136124151406,16.971658664495934,22.953036006268242,True
1111,0,arb,submission,sell,0.0014686610545311396,0.14836147617447615,101.01967585366002,-2.1874931540877274e-06,100.78780502793896,100.93124742987938,17.42962179894173,23.412555400876585,False
1111,1,arb,normalizer,sell,0.009273784497509041,0.9367475212162415,101.01967585366002,0.0,100.78780502793896,100.93124742987938,17.42962179894173,23.412555400876585,False
1112,0,arb,normalizer,sell,0.0007997927193343912,0.08079544976450269,101.02129754876562,0.0,100.78780502793896,100.93124742987938,17.42962179894173,23.412555400876585,False
1112,1,retail,submission,sell,0.015791012117787773,1.5955293409538518,101.02129754876562,0.0003008072066497114,100.81976859402987,100.99028222539768,18.779359571570957,24.759081457888257,True
1112,2,retail,normalizer,sell,0.017291137181203453,1.7470762864089093,101.02129754876562,0.0,100.81976859402987,100.99028222539768,18.779359571570957,24.759081457888257,True
1113,0,arb,submission,sell,0.07246713103357649,7.329586828559835,101.2172536082694,-0.005337151529366757,100.96664898556635,101.14669044088858,19.976803634360163,25.955424565863275,True
1113,1,arb,normalizer,sell,0.07920956048349126,8.010999773648757,101.2172536082694,0.0,100.96664898556635,101.14669044088858,19.976803634360163,25.955424565863275,True
1114,0,retail,submission,buy,0.03750220161265226,3.7774868388005416,101.07798250038452,0.013160039529015677,101.05773981935712,100.77591810175204,24.20008400393439,24.215250839972445,False
1114,1,retail,submission,sell,0.08228984170987985,8.331827034912513,101.07798250038452,0.014135854601864395,101.05773981935712,100.77591810175204,24.20008400393439,24.215250839972445,False
1114,2,retail,normalizer,sell,0.05712504971594967,5.785360597044928,101.07798250038452,0.0,101.05773981935712,100.77591810175204,24.20008400393439,24.215250839972445,False
1117,0,retail,submission,buy,0.0958310526680133,9.651757421777802,101.13267334610595,0.03989312410986123,100.86377960797309,100.69775775465891,24.06010858037857,24.079876858253783,True
1117,1,retail,normalizer,buy,0.05291710316929106,5.3273259756060725,101.13267334610595,0.0,100.86377960797309,100.69775775465891,24.06010858037857,24.079876858253783,True
1118,0,arb,submission,sell,0.056458609097589374,5.711612994699723,101.22200170847871,-0.0032404318348007166,100.97826037483007,101.14397260615657,25.11942726707269,25.09975059176003,True
1118,1,retail,submission,buy,0.08002840174206793,8.054368492337744,101.22200170847871,0.04626652552467725,100.67901784238065,101.1185169300721,24.603813632567824,25.09975059176003,False
1118,2,retail,normalizer,buy,0.028034228450145526,2.8200035100253444,101.22200170847871,0.0,100.67901784238065,101.1185169300721,24.603813632567824,25.09975059176003,False
1118,3,retail,submission,buy,0.06810408503710884,6.846153835327641,101.22200170847871,0.04747797665296982,100.67901784238065,101.1185169300721,24.603813632567824,25.09975059176003,False
1118,4,retail,normalizer,buy,0.05311623283633124,5.338699281208392,101.22200170847871,0.0,100.67901784238065,101.1185169300721,24.603813632567824,25.09975059176003,False
1119,0,arb,submission,sell,0.19518559572937022,19.73920060519616,101.32886626697909,-0.03873452170584102,101.07453333987438,101.24821558002347,26.067567572148675,22.099750591760028,True
1119,1,arb,normalizer,sell,0.13138001108792707,13.295031280346995,101.32886626697909,0.0,101.07453333987438,101.24821558002347,26.067567572148675,22.099750591760028,True
1119,2,retail,submission,sell,0.21678022836331934,22.007453786957836,101.32886626697909,0.041359017805863374,101.36352531028182,101.22190509389571,21.943020063012483,21.97247062805996,False
1119,3,retail,normalizer,sell,0.20190595238283038,20.500504553532426,101.32886626697909,0.0,101.36352531028182,101.22190509389571,21.943020063012483,21.97247062805996,False
1119,4,retail,submission,buy,0.07505968328131578,7.596490977713984,101.32886626697909,0.009221631540269115,101.36352531028182,101.22190509389571,21.943020063012483,21.97247062805996,False
1119,5,retail,normalizer,buy,0.0010606184417971953,0.10726117173180683,101.32886626697909,0.0,101.36352531028182,101.22190509389571,21.943020063012483,21.97247062805996,False
1120,0,retail,submission,sell,0.17538288520024992,17.84809012152154,101.3625859114098,0.07082735302028809,101.72243999877186,101.21030872604317,18.943020063012483,21.692135071404245,False
1120,1,retail,normalizer,sell,0.10096095695213592,10.282144533370381,101.3625859114098,0.0,101.72243999877186,101.21030872604317,18.943020063012483,21.692135071404245,False
1121,0,arb,submission,buy,0.09976952323201835,10.119411072279036,101.32611206952518,-0.010153180148448016,101.51841861358142,101.3920792932112,21.943020063012483,18.692135071404245,True
1121,1,arb,normalizer,buy,0.0046972661565193264,0.4759781889315491,101.32611206952518,0.0,101.51841861358142,101.3920792932112,21.943020063012483,18.692135071404245,True
1121,2,retail,submission,buy,0.08786928672618892,8.892921116690559,101.32611206952518,0.01053207759650121,101.33929404491649,101.40329799156953,18.943020063012483,21.692135071404245,False
1121,3,retail,normalizer,buy,0.10286040236453019,10.41168056744209,101.32611206952518,0.0,101.33929404491649,101.40329799156953,18.943020063012483,21.692135071404245,False
1122,0,retail,submission,sell,0.08162883552162725,8.297009716519408,101.40042650282271,0.019810979697640008,101.5060479368033,101.66052995811839,21.943020063012483,18.692135071404245,True
1122,1,retail,normalizer,sell,0.0001694551567510416,0.01723808700240248,101.40042650282271,0.0,101.5060479368033,101.66052995811839,21.943020063012483,18.692135071404245,True
1123,0,arb,submission,buy,0.034928036129876175,3.536385490437169,101.21222353692468,-0.0012412899543603473,101.43480212674014,101.2781167372258,23.35967489377632,17.378225508948837,True
1125,0,retail,submission,sell,0.018405873919945748,1.8705930955124768,101.36085475378088,0.004957982496452296,101.47241943289507,101.5827645642506,25.360387191077102,19.34734500667973,True
1127,0,retail,submission,buy,0.10089292070696529,10.201543347377083,101.47753095136453,0.03682113643755436,101.50631137767823,101.09484914365835,26.042058640778052,20.09080018594525,False
1127,1,retail,normalizer,buy,0.05278166762947084,5.334311171489389,101.47753095136453,0.0,101.50631137767823,101.09484914365835,26.042058640778052,20.09080018594525,False
1127,2,retail,submission,sell,0.11721137148178684,11.908620925857967,101.47753095136453,0.014300348463057944,101.50631137767823,101.09484914365835,26.042058640778052,20.09080018594525,False
1127,3,retail,normalizer,sell,0.049109423551669806,4.99291749808647,101.47753095136453,0.0,101.50631137767823,101.09484914365835,26.042058640778052,20.09080018594525,False
1129,0,retail,submission,sell,0.018684050574620414,1.900724841975023,101.45569176161743,0.005121566017863177,101.54453776375459,101.10617281858126,25.834373212646803,19.886288938251354,False
1129,1,retail,normalizer,sell,0.01436876684346089,1.4617955237996845,101.45569176161743,0.0,101.54453776375459,101.10617281858126,25.834373212646803,19.886288938251354,False
1130,0,retail,submission,buy,0.08731575601494575,8.835777902877453,101.51795033837962,0.02833868000588069,101.78835620801637,101.19133910785645,23.91196048563339,23.93421325423327,False
1130,1,retail,normalizer,buy,0.017095007690613423,1.728681754475474,101.51795033837962,0.0,101.78835620801637,101.19133910785645,23.91196048563339,23.93421325423327,False
1130,2,retail,submission,sell,0.20601444764423604,20.970276461014105,101.51795033837962,0.05611199607784201,101.78835620801637,101.19133910785645,23.91196048563339,23.93421325423327,False
1130,3,retail,normalizer,sell,0.14021751348178668,14.282255944412224,101.51795033837962,0.0,101.78835620801637,101.19133910785645,23.91196048563339,23.93421325423327,False
1130,4,retail,normalizer,sell,0.005010439762102692,0.5111001457421127,101.51795033837962,0.0,101.78835620801637,101.19133910785645,23.91196048563339,23.93421325423327,False
1134,0,retail,submission,buy,0.10600407029634555,10.752706830920943,101.57249052381029,0.014390594739936091,101.57150324644847,101.40631956759377,23.272966841086532,23.29249807970931,True
1134,1,retail,normalizer,buy,0.03553289765022795,3.6017860510582977,101.57249052381029,0.0,101.57150324644847,101.40631956759377,23.272966841086532,23.29249807970931,True
1135,0,retail,submission,buy,0.01981098226756111,2.007148375190809,101.51743290233196,0.004011687885614457,101.6020341457609,101.38319797287859,27.368097665458077,21.38710677656689,False
1135,1,retail,normalizer,buy,0.01663147405181189,1.6849627456722374,101.51743290233196,0.0,101.6020341457609,101.38319797287859,27.368097665458077,21.38710677656689,False
1135,2,retail,submission,sell,0.03467406069158585,3.5303336934818432,101.51743290233196,0.010312063772390356,101.6020341457609,101.38319797287859,27.368097665458077,21.38710677656689,False
1136,0,retail,submission,buy,0.02942679585944025,2.9807580227989092,101.53360013724657,0.007050501313880186,101.54195223998082,101.34317441879256,26.2523157497005,20.275829881993406,True
1136,1,retail,normalizer,buy,0.015085649729742339,1.527865599573488,101.53360013724657,0.0,101.54195223998082,101.34317441879256,26.2523157497005,20.275829881993406,True
1137,0,retail,submission,buy,0.018037446476802742,1.8264181681388436,101.42761478359881,0.003077004790086546,101.50514666480325,101.31415669543524,27.25855245826203,21.281152670317237,True
1137,1,retail,normalizer,buy,0.012473751111664811,1.2629842755341087,101.42761478359881,0.0,101.50514666480325,101.31415669543524,27.25855245826203,21.281152670317237,True
1140,0,arb,submission,buy,0.006125726801506905,0.6200597166225634,101.21599859517295,-3.816128682732067e-05,101.49265287542624,101.32699466446307,27.887537579150955,21.907140202029655,False
1140,1,arb,normalizer,buy,0.011147957715347788,1.1284780472869897,101.21599859517295,0.0,101.49265287542624,101.32699466446307,27.887537579150955,21.907140202029655,False
1140,2,retail,submission,buy,0.07250331769911365,7.332691820864056,101.21599859517295,0.0058038815148089284,101.34496234515663,101.33880703271507,27.689882269489942,21.69061112656148,False
1140,3,retail,normalizer,buy,0.07565038061855338,7.65121430140789,101.21599859517295,0.0,101.34496234515663,101.33880703271507,27.689882269489942,21.69061112656148,False
1142,0,retail,submission,buy,0.16212399669729088,16.358330014914827,101.08789823123176,0.03044406406146649,101.01587055443787,100.81588062153344,29.04785288852545,23.071633876213166,True
1142,1,retail,normalizer,buy,0.16115549304806598,16.260446737924212,101.08789823123176,0.0,101.01587055443787,100.81588062153344,29.04785288852545,23.071633876213166,True
1143,0,retail,submission,buy,0.05243592335881671,5.278700326058242,101.0950985738589,0.022314514712643785,100.90978951999264,100.70071972380111,29.783891858776165,23.808779822838243,True
1143,1,retail,normalizer,buy,0.05923310212771757,5.963375233999614,101.0950985738589,0.0,100.90978951999264,100.70071972380111,29.783891858776165,23.808779822838243,True
1147,0,retail,submission,sell,0.0646211829094483,6.540718382450047,101.03194800480985,0.011914390733360314,100.92876918568486,101.18036884830181,30.289674157406733,24.259797270287496,False
1147,1,retail,normalizer,sell,0.028983931578238753,2.9346977753651444,101.03194800480985,0.0,100.92876918568486,101.18036884830181,30.289674157406733,24.259797270287496,False
1147,2,retail,submission,buy,0.05543452380751311,5.580494503094087,101.03194800480985,0.0201634238979711,100.92876918568486,101.18036884830181,30.289674157406733,24.259797270287496,False
1147,3,retail,normalizer,buy,0.031225527009379403,3.142655743391515,101.03194800480985,0.0,100.92876918568486,101.18036884830181,30.289674157406733,24.259797270287496,False
1148,0,retail,submission,buy,0.05404796057865174,5.435528674886882,101.13737926285653,0.03074041254013693,100.81958448878123,101.16678199068215,29.527436755357538,23.486182782671865,False
1148,1,retail,normalizer,buy,0.0487220243566402,4.899645299876283,101.13737926285653,0.0,100.81958448878123,101.16678199068215,29.527436755357538,23.486182782671865,False
1149,0,arb,submission,sell,0.009868554298961385,0.9973846175229539,101.07695890060599,-9.883976156455088e-05,100.83956770742036,101.15428369306856,28.91249439790096,22.875101261410972,False
1149,1,retail,submission,sell,0.05688036051016354,5.752227321089178,101.07695890060599,0.002933459551726081,100.95486285178782,101.14278662298112,25.91249439790096,24.37758721986498,False
1149,2,retail,normalizer,sell,0.032639803209477236,3.301619432202063,101.07695890060599,0.0,100.95486285178782,101.14278662298112,25.91249439790096,24.37758721986498,False
1151,0,arb,submission,sell,0.020069707526772618,2.03149552527719,101.2423954030259,-0.0004097397714084572,100.99559087059737,101.1608617497587,24.978340514895315,24.958719567611872,True
1151,1,arb,normalizer,sell,0.02757228564559,2.7907111797208954,101.2423954030259,0.0,100.99559087059737,101.1608617497587,24.978340514895315,24.958719567611872,True
1151,2,retail,submission,sell,0.1430667413897737,14.506119930271447,101.2423954030259,0.021700329465526025,101.28663558283857,101.14700756020378,24.102494150644485,24.119048081558375,False
1151,3,retail,normalizer,sell,0.14600213679047158,14.803320427786874,101.2423954030259,0.0,101.28663558283857,101.14700756020378,24.102494150644485,24.119048081558375,False
1152,0,retail,submission,sell,0.10424716171623061,10.595489106096451,101.24711167248134,0.04076508227402975,101.49950160099942,101.6418793506423,25.238322311443135,25.221501189250198,True
1152,1,retail,normalizer,sell,0.10009488953168955,10.17388800307533,101.24711167248134,0.0,101.49950160099942,101.6418793506423,25.238322311443135,25.221501189250198,True
1153,0,retail,submission,sell,0.01838773479036604,1.871411704255295,101.26658808725918,0.00934853938153224,101.53711778919804,101.7116025784997,26.16190482918031,26.141301329509243,True
1153,1,retail,normalizer,sell,0.023878534439404575,2.430103548575956,101.26658808725918,0.0,101.53711778919804,101.7116025784997,26.16190482918031,26.141301329509243,True
1154,0,arb,submission,buy,0.03999770191388098,4.048998726882928,101.19010720069785,-0.0016269824357539875,101.455534203721,101.2749347295838,26.955618707848163,26.976998756945363,True
1155,0,arb,submission,buy,0.0636336136534535,6.43446670951198,101.05282272097047,-0.004110429894817358,101.32595309665876,101.1401789347995,27.6759501876889,27.697971549187173,True
1155,1,arb,normalizer,buy,0.06460549665166662,6.532804140942972,101.05282272097047,0.0,101.32595309665876,101.1401789347995,27.6759501876889,27.697971549187173,True
1158,0,arb,submission,buy,0.010785055415066426,1.089663604643647,101.02364851060877,-0.0001179572245386673,101.30401700344879,101.11331762772683,28.952024763213014,28.97463540091194,True
1158,1,arb,normalizer,buy,0.014384438387467658,1.4533782598482503,101.02364851060877,0.0,101.30401700344879,101.11331762772683,28.952024763213014,28.97463540091194,True
1158,2,retail,submission,buy,0.02081089904216067,2.1016849769312103,101.02364851060877,0.000707973093794223,101.26171454537496,101.1285692909966,27.6705929930267,27.68638172578852,False
1158,3,retail,normalizer,buy,0.027187757098514898,2.745857195068311,101.02364851060877,0.0,101.26171454537496,101.1285692909966,27.6705929930267,27.68638172578852,False
1159,0,retail,submission,buy,0.08747749683475599,8.825862667192268,101.00630791972365,0.009916314145746341,101.0841651064916,100.89390635741844,28.32602402978668,28.348631483876424,True
1159,1,retail,normalizer,buy,0.08108384984508517,8.180263137175643,101.00630791972365,0.0,101.0841651064916,100.89390635741844,28.32602402978668,28.348631483876424,True
1160,0,arb,submission,buy,0.009905588610668491,0.9983627283345413,100.77781651470015,-9.913685848850218e-05,101.06409090144243,100.90912026086741,28.02608321379715,28.044498009266302,False
1160,1,arb,normalizer,buy,0.013184611874525,1.3288920216145925,100.77781651470015,0.0,101.06409090144243,100.90912026086741,28.02608321379715,28.044498009266302,False
1160,2,retail,submission,sell,0.03627471921485892,3.677722911025853,100.77781651470015,0.022035913868533097,101.29659480107051,100.93599970532648,26.32643797518732,25.157642475516994,False
1160,3,retail,normalizer,sell,0.018173887217230345,1.8429002011967892,100.77781651470015,0.0,101.29659480107051,100.93599970532648,26.32643797518732,25.157642475516994,False
1160,4,retail,submission,sell,0.07794902288242156,7.912059330850375,100.77781651470015,0.05652700530553201,101.29659480107051,100.93599970532648,26.32643797518732,25.157642475516994,False
1160,5,retail,normalizer,sell,0.07852039462817118,7.9700100593605745,100.77781651470015,0.0,101.29659480107051,100.93599970532648,26.32643797518732,25.157642475516994,False
1161,0,arb,submission,buy,0.13563989839436655,13.685054507746827,100.75535917800795,-0.018607826153921536,101.02131230927617,100.8384972763679,23.32643797518732,27.66201150750276,True
1161,1,arb,normalizer,buy,0.10810270457426868,10.90374073953717,100.75535917800795,0.0,101.02131230927617,100.8384972763679,23.32643797518732,27.66201150750276,True
1163,0,retail,submission,buy,0.27597901706972533,27.737967505610868,100.86964058099636,0.09993675410898462,100.46449663775941,100.85263757392633,26.32643797518732,24.662011507502765,False
1163,1,retail,normalizer,buy,0.26106911364135627,26.235464627785404,100.86964058099636,0.0,100.46449663775941,100.85263757392633,26.32643797518732,24.662011507502765,False
1164,0,arb,submission,sell,0.07986415391678747,8.049792350334638,100.87430880890842,-0.006448974629574167,100.62553247244277,100.79194246762361,23.32643797518732,27.66201150750277,True
1164,1,arb,normalizer,sell,0.01980680779875854,1.997601256012729,100.87430880890842,0.0,100.62553247244277,100.79194246762361,23.32643797518732,27.66201150750277,True
1165,0,retail,submission,sell,0.05762367313640482,5.817859793817118,100.64671937104454,0.018226134528584126,100.66966479452991,100.92490614318187,23.32643797518732,27.66201150750277,False
1165,1,retail,normalizer,sell,0.07262584215548884,7.33142133362053,100.64671937104454,0.0,100.66966479452991,100.92490614318187,23.32643797518732,27.66201150750277,False
1165,2,retail,submission,buy,0.035864558132272496,3.602260796653354,100.64671937104454,0.007389321051988862,100.66966479452991,100.92490614318187,23.32643797518732,27.66201150750277,False
1165,3,retail,normalizer,buy,0.005749584340628687,0.577318141624346,100.64671937104454,0.0,100.66966479452991,100.92490614318187,23.32643797518732,27.66201150750277,False
1168,0,retail,submission,buy,0.08727259350405692,8.757558210141724,100.80964625829922,0.040361069046596754,100.49400484087094,100.91201304302793,26.32643797518732,24.66201150750277,False
1168,1,retail,normalizer,buy,0.07227336475197793,7.251337488480203,100.80964625829922,0.0,100.49400484087094,100.91201304302793,26.32643797518732,24.66201150750277,False
1169,0,arb,submission,sell,0.012856254650372989,1.2953376111947208,100.76842833924823,-0.0001669642525166104,100.51991312531867,100.68614845195755,23.32643797518732,27.66201150750277,True
1171,0,arb,submission,sell,0.02026267964377837,2.042867646695939,100.83971031180863,-0.0004150987236535286,100.56076738910276,100.75737157180652,21.572893538090963,27.54945550906266,True
1172,0,arb,submission,sell,0.02117863595171343,2.1360770684154664,100.8814178732488,-0.00045375501474653746,100.60349505990978,100.80206160690973,22.4306797750459,28.407018078681272,True
1172,1,arb,normalizer,sell,0.00867654698841136,0.8752262035807816,100.8814178732488,0.0,100.60349505990978,100.80206160690973,22.4306797750459,28.407018078681272,True
1173,0,arb,submission,sell,0.07122415046163155,7.190948339221745,101.03439757860053,-0.005140795716802593,100.74738898274214,100.95214330408612,23.190552500631675,29.166189014724985,True
1173,1,arb,normalizer,sell,0.0755172016969965,7.624056492465443,101.03439757860053,0.0,100.74738898274214,100.95214330408612,23.190552500631675,29.166189014724985,True
1174,0,arb,submission,sell,0.00981888967389466,0.992218924889562,101.06200963244689,-9.779791351338663e-05,100.76725026493209,100.93816673858572,22.976806737442537,28.956470172224677,False
1174,1,arb,normalizer,sell,0.013612197638067869,1.3754881056119883,101.06200963244689,0.0,100.76725026493209,100.93816673858572,22.976806737442537,28.956470172224677,False
1174,2,retail,submission,buy,0.06864891562650711,6.896926238445303,101.06200963244689,0.04087113385779251,100.62883115203961,100.92531000734105,25.976806737442537,25.956470172224677,False
1174,3,retail,normalizer,buy,0.029320712644986147,2.9445935063631623,101.06200963244689,0.0,100.62883115203961,100.92531000734105,25.976806737442537,25.956470172224677,False
1175,0,arb,submission,sell,0.05924409808933717,5.980733344747557,101.01073365782932,-0.0035564681527953113,100.74854544830293,100.92672635378996,27.27264975118411,22.95647017222468,True
1175,1,arb,normalizer,sell,0.0039502657563303956,0.39900342482118506,101.01073365782932,0.0,100.74854544830293,100.92672635378996,27.27264975118411,22.95647017222468,True
1176,0,arb,submission,sell,0.032658741765132504,3.2989729518140556,101.04659751216455,-0.001081782581007218,100.81463019198526,100.96531960882585,28.298345248906973,22.280422031026582,True
1176,1,arb,normalizer,sell,0.017685301599954073,1.7867223929661322,101.04659751216455,0.0,100.81463019198526,100.96531960882585,28.298345248906973,22.280422031026582,True
1176,2,retail,submission,buy,0.12667956119187737,12.718880927748614,101.04659751216455,0.08165770502463943,100.55938032650316,100.95150886842295,28.61515768133789,19.280422031026582,False
1176,3,retail,normalizer,buy,0.08288631715662204,8.318303868405565,101.04659751216455,0.0,100.55938032650316,100.95150886842295,28.61515768133789,19.280422031026582,False
1177,0,arb,submission,sell,0.16866149091407578,17.02204855820898,101.09531860658986,-0.028838602411973113,100.90040256578021,101.01777960183962,29.872478980210722,17.858527542875144,True
1177,1,arb,normalizer,sell,0.10664808625728028,10.770090766171803,101.09531860658986,0.0,100.90040256578021,101.01777960183962,29.872478980210722,17.858527542875144,True
1177,2,retail,submission,buy,0.030774571755938885,3.094936902396512,101.09531860658986,0.016228234251491003,100.83823536193118,101.00460388673527,26.872478980210722,20.858527542875144,False
1178,0,retail,submission,buy,0.01331807400991236,1.3391835672391608,101.02130238460174,0.006225614496701226,100.81134146315651,100.61734136522848,25.965822391981263,19.988937284482645,True
1180,0,retail,submission,buy,0.06717436591171706,6.7498133657954895,100.89344996936678,0.027640160542273584,100.45728897037978,100.50095328388821,26.87841904588428,20.87320431314952,False
1180,1,retail,normalizer,buy,0.03741528294974354,3.7584413794156717,100.89344996936678,0.0,100.45728897037978,100.50095328388821,26.87841904588428,20.87320431314952,False
1180,2,retail,submission,buy,0.10865414998642287,10.896938577145193,100.89344996936678,0.06555346847403776,100.45728897037978,100.50095328388821,26.87841904588428,20.87320431314952,False
1180,3,retail,normalizer,buy,0.11626638116758581,11.661256730383684,100.89344996936678,0.0,100.45728897037978,100.50095328388821,26.87841904588428,20.87320431314952,False
1181,0,arb,submission,sell,0.19526839170278265,19.695711386296015,101.06261509554618,-0.03862292468864936,100.8516650342151,100.98533640402704,28.028156045167428,22.012261472553753,True
1181,1,arb,normalizer,sell,0.13710579307776527,13.837226452473253,101.06261509554618,0.0,100.8516650342151,100.98533640402704,28.028156045167428,22.012261472553753,True
1181,2,retail,submission,buy,1.086191536014373,108.06175125526534,101.06261509554618,1.7116058689953348,98.56516606084396,100.96012543287635,22.028156045167428,22.012261472553753,False
1181,3,retail,normalizer,buy,1.030719427875136,102.48596985648692,101.06261509554618,0.0,98.56516606084396,100.96012543287635,22.028156045167428,22.012261472553753,False
1181,4,retail,submission,buy,0.06537893037467876,6.4321212971626665,101.06261509554618,0.17524437865200593,98.56516606084396,100.96012543287635,22.028156045167428,22.012261472553753,False
1181,5,retail,normalizer,buy,0.05021315503208115,4.939336423125496,101.06261509554618,0.0,98.56516606084396,100.96012543287635,22.028156045167428,22.012261472553753,False
1182,0,arb,submission,sell,1.1061088177242766,110.47751781141896,100.98842873189322,-1.226673697047815,100.76613036199832,100.91721422759161,20.473423876363626,19.012261472553753,True
1182,1,arb,normalizer,sell,1.0411050520022087,104.05256042336082,100.98842873189322,0.0,100.76613036199832,100.91721422759161,20.473423876363626,19.012261472553753,True
1182,2,retail,submission,sell,0.03574653414133877,3.610196711008097,100.98842873189322,0.00021039546331858006,100.83848553976019,100.9051127570828,17.473423876363626,19.939905994131703,False
1182,3,retail,normalizer,sell,0.020785520999680784,2.0995349985431826,100.98842873189322,0.0,100.83848553976019,100.9051127570828,17.473423876363626,19.939905994131703,False
1183,0,retail,submission,sell,0.04763552110316027,4.815394499216481,100.7861587501754,0.01439330716603937,100.93502660595954,101.07611165920662,20.473423876363626,16.939905994131703,True
1183,1,retail,normalizer,sell,0.05228990189827698,5.285652360543528,100.7861587501754,0.0,100.93502660595954,101.07611165920662,20.473423876363626,16.939905994131703,True
1184,0,retail,submission,sell,0.06008859570059144,6.07900539360858,100.89560006952973,0.01633047306204194,100.9740597262351,101.15754353042942,20.47342387636363,16.939905994131703,False
1184,1,retail,normalizer,sell,0.045161326427532344,4.569539415974385,100.89560006952973,0.0,100.9740597262351,101.15754353042942,20.47342387636363,16.939905994131703,False
1184,2,retail,submission,buy,0.04094428887025012,4.126300133748373,100.89560006952973,0.004798461235679952,100.9740597262351,101.15754353042942,20.47342387636363,16.939905994131703,False
1186,0,arb,submission,buy,0.006127057681800176,0.6173693184973672,100.75494966011841,-3.7930202948621705e-05,100.961652731281,101.1480643414712,23.440332965955648,13.939905994131703,False
1187,0,retail,submission,buy,0.04279950120249862,4.30913076629804,100.72846807573559,0.001997424235248957,100.87507528730947,100.6988890874393,24.903909265920237,12.924886522630949,True
1189,0,retail,submission,sell,0.010898894665757553,1.1009701730972963,100.78330255596583,0.0025435744726507448,100.89716344902249,100.96654735029303,27.07170154050742,15.063452342947839,True
1191,0,retail,submission,sell,0.12878689564610113,13.030692726366416,100.79296687744622,0.0498794192598222,101.37348796332388,101.23135762594633,28.281374196959394,16.298210556855626,False
1191,1,retail,normalizer,sell,0.040706786981942855,4.122372153703596,100.79296687744622,0.0,101.37348796332388,101.23135762594633,28.281374196959394,16.298210556855626,False
1191,2,retail,submission,sell,0.10537710358207164,10.68929045885686,100.79296687744622,0.06801954786789288,101.37348796332388,101.23135762594633,28.281374196959394,16.298210556855626,False
1191,3,retail,normalizer,sell,0.11507650820739457,11.672053208970624,100.79296687744622,0.0,101.37348796332388,101.23135762594633,28.281374196959394,16.298210556855626,False
1192,0,arb,submission,buy,0.13588185539388722,13.717146949520611,100.81153807887502,-0.01868811025155992,101.09745557602562,100.88355604924764,29.274128390588892,17.29954458492005,True
1192,1,arb,normalizer,buy,0.06236375073811402,6.290918859263911,100.81153807887502,0.0,101.09745557602562,100.88355604924764,29.274128390588892,17.29954458492005,True
1192,2,retail,submission,sell,0.023573003981013585,2.3878666163661504,100.81153807887502,0.011435827900727169,103.05414425882341,100.90707384993914,23.274128390588892,20.42271543974914,False
1192,3,retail,submission,sell,0.9251348265055981,94.64404999452735,100.81153807887502,1.3797852041648184,103.05414425882341,100.90707384993914,23.274128390588892,20.42271543974914,False
1192,4,retail,normalizer,sell,0.8922265892760635,91.30805701045121,100.81153807887502,0.0,103.05414425882341,100.90707384993914,23.274128390588892,20.42271543974914,False
1193,0,arb,submission,buy,0.9157923695065265,93.291262407045,100.93328262956072,-0.8573323456476487,101.16874406340534,101.00395234392141,20.274128390588892,22.064095769738202,True
1193,1,arb,normalizer,buy,0.8347366892320286,84.96417356949314,100.93328262956072,0.0,101.16874406340534,101.00395234392141,20.274128390588892,22.064095769738202,True
1194,0,arb,submission,buy,0.03853974670692865,3.8896081293896714,100.88556154929354,-0.0015041408936382616,101.09051375478704,100.9539983675992,23.274128390588892,19.064095769738202,True
1194,1,arb,normalizer,buy,0.02357410036557227,2.378848777667372,100.88556154929354,0.0,101.09051375478704,100.9539983675992,23.274128390588892,19.064095769738202,True
1195,0,arb,submission,buy,0.06437539500491582,6.488405676756884,100.72510629839722,-0.004187171885428498,100.96008208968522,100.79343485804829,20.274128390588892,22.064095769738202,True
1195,1,arb,normalizer,buy,0.07938734214116364,8.00266499940517,100.72510629839722,0.0,100.96008208968522,100.79343485804829,20.274128390588892,22.064095769738202,True
1195,2,retail,submission,sell,0.05104310035618198,5.167361282672125,100.72510629839722,0.02603957349593866,101.06372170496859,100.80505532201269,23.274128390588892,19.064095769738202,False
1196,0,arb,submission,buy,0.0728832914871984,7.343345358856823,100.68125616536707,-0.005364018459083297,100.91612966120869,100.74955497854737,20.274128390588892,22.064095769738202,True
1196,1,arb,normalizer,buy,0.02172844104250228,2.1881230843282538,100.68125616536707,0.0,100.91612966120869,100.74955497854737,20.274128390588892,22.064095769738202,True
1196,2,retail,submission,buy,0.04783330684290593,4.815056529161666,100.68125616536707,0.0008608903255522549,100.81941159949409,100.76117038360532,23.274128390588892,19.064095769738202,False
1196,3,retail,normalizer,buy,0.032853449506299245,3.3066381631324475,100.68125616536707,0.0,100.81941159949409,100.76117038360532,23.274128390588892,19.064095769738202,False
1198,0,arb,normalizer,buy,0.0031832649638612767,0.32027402196217736,100.60859362983011,0.0,100.81941159949409,100.76117038360532,23.274128390588892,19.064095769738202,False
1199,0,arb,submission,buy,0.012510057914961358,1.2581635403657856,100.55955743472366,-0.0001576529545095351,100.79414702661538,100.62777369153568,23.10268948593254,17.122513346352882,True
1199,1,arb,normalizer,buy,0.024341389323847926,2.4483560695716733,100.55955743472366,0.0,100.79414702661538,100.62777369153568,23.10268948593254,17.122513346352882,True
1200,0,arb,submission,buy,0.0286121417790226,2.8764493900816888,100.50367015907229,-0.0008241301781897192,100.7363983321321,100.56844208980347,24.396800829492978,18.41682493724636,True
1200,1,arb,normalizer,buy,0.027763959637828465,2.791155559958497,100.50367015907229,0.0,100.7363983321321,100.56844208980347,24.396800829492978,18.41682493724636,True
1200,2,retail,submission,buy,0.07236413266744306,7.266652652202538,100.50367015907229,0.006208268753506552,100.89072299178706,100.59891798197319,17.982621140715505,19.537675603657043,False
1200,3,retail,normalizer,buy,0.0788640891381532,7.919878152189995,100.50367015907229,0.0,100.89072299178706,100.59891798197319,17.982621140715505,19.537675603657043,False
1200,4,retail,submission,sell,0.016824045675363664,1.6962590350241955,100.50367015907229,0.00538069772627936,100.89072299178706,100.59891798197319,17.982621140715505,19.537675603657043,False
1200,5,retail,submission,sell,0.1315937418404758,13.289012469882902,100.50367015907229,0.06335844494961407,100.89072299178706,100.59891798197319,17.982621140715505,19.537675603657043,False
1200,6,retail,normalizer,sell,0.08316054886817881,8.402064384293602,100.50367015907229,0.0,100.89072299178706,100.59891798197319,17.982621140715505,19.537675603657043,False
1201,0,arb,submission,buy,0.11377132478449047,11.444774699139089,100.47992657110002,-0.013040338896715298,100.66094132825738,100.54032205095724,19.41252615352202,16.537675603657043,True
1201,1,arb,normalizer,buy,0.01634916054142333,1.6430313121472864,100.47992657110002,0.0,100.66094132825738,100.54032205095724,19.41252615352202,16.537675603657043,True
1202,0,retail,submission,buy,0.012089352540199176,1.2144162332315318,100.51624567577646,0.0007600967602008346,100.63657434480265,100.49905641135726,16.41252615352202,19.537675603657043,True
1202,1,retail,normalizer,buy,0.019252560301959827,1.934123145056219,100.51624567577646,0.0,100.63657434480265,100.49905641135726,16.41252615352202,19.537675603657043,True
1203,0,arb,submission,buy,0.0207537066277526,2.0847207300284936,100.42965037936831,-0.00043322932732081654,100.594751778816,100.48748686066462,14.277452705268985,20.29025521857424,True
1203,1,arb,normalizer,buy,0.005752554378664186,0.577760282336385,100.42965037936831,0.0,100.594751778816,100.48748686066462,14.277452705268985,20.29025521857424,True
1203,2,retail,submission,buy,0.03150855703858334,3.16407161326606,100.42965037936831,0.00032175407724910343,100.53129245315534,100.49732237438627,13.9942202480521,19.998275799502604,False
1203,3,retail,normalizer,buy,0.020849044366668464,2.0934254972453346,100.42965037936831,0.0,100.53129245315534,100.49732237438627,13.9942202480521,19.998275799502604,False
1204,0,arb,submission,buy,0.002467876580227298,0.24774550557413022,100.38564570680545,-6.121543310061428e-06,100.52632445932655,100.50637189724723,15.039469074216237,21.04185108221087,False
1204,1,arb,normalizer,buy,0.0010523134509850427,0.10563827737860265,100.38564570680545,0.0,100.52632445932655,100.50637189724723,15.039469074216237,21.04185108221087,False
1204,2,retail,submission,sell,0.14149235902118562,14.27394883997176,100.38564570680545,0.07014701705090332,100.81215433275268,100.51469817798497,14.3443912794981,20.379850770496915,False
1204,3,retail,normalizer,sell,0.016795180388541553,1.6964426015002232,100.38564570680545,0.0,100.81215433275268,100.51469817798497,14.3443912794981,20.379850770496915,False
1205,0,arb,submission,buy,0.1893684964131993,19.02713618962116,100.28637012809949,-0.036057067725373315,100.43043146863499,100.34215341927626,16.196339123520666,22.206891725539467,True
1205,1,arb,normalizer,buy,0.06630863087345226,6.654263930106026,100.28637012809949,0.0,100.43043146863499,100.34215341927626,16.196339123520666,22.206891725539467,True
1206,0,arb,normalizer,buy,0.007167263158863194,0.7187272966111777,100.27199713858694,0.0,100.43043146863499,100.34215341927626,16.196339123520666,22.206891725539467,True
1207,0,arb,submission,buy,0.0055103344888991,0.5524784968656604,100.25671585065105,-3.045777006094319e-05,100.41935844905177,100.35163966412551,17.419520417702845,23.427615465560873,False
1207,1,arb,normalizer,buy,0.007621887416266854,0.7642036348479451,100.25671585065105,0.0,100.41935844905177,100.35163966412551,17.419520417702845,23.427615465560873,False
1209,0,retail,submission,sell,0.10462635425881217,10.542236484121503,100.40146458066639,0.03759728280111929,100.63026043885048,100.80059769704158,19.263651828768186,25.24335655606559,True
1209,1,retail,normalizer,sell,0.0027647093237135323,0.2788590062029286,100.40146458066639,0.0,100.63026043885048,100.80059769704158,19.263651828768186,25.24335655606559,True
1210,0,arb,submission,buy,0.14541041290310655,14.583268487856913,100.14460264083647,-0.02120046783534768,100.337890058769,100.78938724914228,18.62823004259524,24.57435404569419,False
1210,1,arb,normalizer,buy,0.0587453638866562,5.886486465913549,100.14460264083647,0.0,100.337890058769,100.78938724914228,18.62823004259524,24.57435404569419,False
1211,0,retail,submission,buy,0.040115547513582775,4.016000575740691,100.23921047510078,0.005150234797238973,100.25745059328091,100.7790747382165,17.81102721805557,23.748755054040544,False
1211,1,retail,normalizer,buy,0.03695284681319859,3.699262243353587,100.23921047510078,0.0,100.25745059328091,100.7790747382165,17.81102721805557,23.748755054040544,False
1213,0,retail,submission,buy,0.08475615107791906,8.475121206727636,100.35655674146423,0.030714278111663162,100.08780194458153,100.76958816007544,17.0498664971691,22.96840138820135,False
1213,1,retail,normalizer,buy,0.08070985096159139,8.07018441665059,100.35655674146423,0.0,100.08780194458153,100.76958816007544,17.0498664971691,22.96840138820135,False
1214,0,retail,submission,buy,0.0458912647502433,4.583223913045003,100.1371489980747,0.012196502960202693,99.96362180227088,100.75283325023429,17.0498664971691,21.501206579008826,False
1214,1,retail,normalizer,buy,0.04210122353326799,4.2045469694621715,100.1371489980747,0.0,99.96362180227088,100.75283325023429,17.0498664971691,21.501206579008826,False
1214,2,retail,submission,buy,0.016275993813289574,1.6249854293764656,100.1371489980747,0.0048461881966543885,99.96362180227088,100.75283325023429,17.0498664971691,21.501206579008826,False
1214,3,retail,normalizer,buy,0.0012310566273535176,0.12288948945388256,100.1371489980747,0.0,99.96362180227088,100.75283325023429,17.0498664971691,21.501206579008826,False
1217,0,arb,submission,buy,0.0021202911444212357,0.21158612899307627,99.7889614672534,-4.477683066966831e-06,99.95939089424192,100.74544801224104,14.049866497169099,21.61699633315761,False
1217,1,arb,normalizer,buy,0.017182066326203324,1.7148744525002257,99.7889614672534,0.0,99.95939089424192,100.74544801224104,14.049866497169099,21.61699633315761,False
1218,0,retail,submission,sell,0.08500853529142205,8.5230538839552,99.83431891326357,0.036284661321950296,100.19457164860002,100.27940035065174,13.101334141699116,19.091178764275615,False
1218,1,retail,submission,sell,0.03244628992997889,3.2564951237366704,99.83431891326357,0.01724186731494548,100.19457164860002,100.27940035065174,13.101334141699116,19.091178764275615,False
1218,2,retail,normalizer,sell,0.003938807817419843,0.395434076052152,99.83431891326357,0.0,100.19457164860002,100.27940035065174,13.101334141699116,19.091178764275615,False
1219,0,arb,submission,buy,0.09497520409237024,9.494518280840566,99.87356743151335,-0.009005830599484455,100.004586782227,99.92506648656298,14.951300396566738,20.960846189623112,True
1219,1,retail,submission,buy,0.1552391459494319,15.477423660460772,99.87356743151335,0.026863650530355443,99.69527076058516,99.93382396644954,13.587161807079676,19.558482235354056,False
1219,2,retail,normalizer,buy,0.12611592718919384,12.570156212455913,99.87356743151335,0.0,99.69527076058516,99.93382396644954,13.587161807079676,19.558482235354056,False
1220,0,retail,submission,sell,0.12538418913001692,12.540406822358763,99.87996555792853,0.017038330543876157,100.13811612846766,100.07074647336054,17.248021911085587,17.248091415782433,False
1220,1,retail,submission,sell,0.06712269035126894,6.727376533680613,99.87996555792853,0.0231645332403696,100.13811612846766,100.07074647336054,17.248021911085587,17.248091415782433,False
1220,2,retail,normalizer,sell,0.07296192062288753,7.3121893035412535,99.87996555792853,0.0,100.13811612846766,100.07074647336054,17.248021911085587,17.248091415782433,False
1220,3,retail,submission,sell,0.029193462761497813,2.928454149818824,99.87996555792853,0.012612094683753128,100.13811612846766,100.07074647336054,17.248021911085587,17.248091415782433,False
1220,4,retail,normalizer,sell,0.024378141645613027,2.4455378371709755,99.87996555792853,0.0,100.13811612846766,100.07074647336054,17.248021911085587,17.248091415782433,False
1221,0,arb,submission,buy,0.10134553328266468,10.120800182066887,99.76329356888154,-0.010235993293555623,99.93566281908178,99.81841946901896,16.092857372706256,16.10694389534087,True
1223,0,retail,submission,sell,0.10465886552024983,10.486998815939588,99.80127501629563,0.041910595259633254,100.10957969599738,100.23809355375772,15.62988883283646,21.599284686250616,False
1223,1,retail,submission,buy,0.077196871792371,7.7107184225296805,99.80127501629563,-0.006372190381547682,100.10957969599738,100.23809355375772,15.62988883283646,21.599284686250616,False
1223,2,retail,submission,sell,0.05932494571139557,5.946532361060386,99.80127501629563,0.0258271387905884,100.10957969599738,100.23809355375772,15.62988883283646,21.599284686250616,False
1224,0,arb,submission,buy,0.125876549021574,12.56595097909485,99.70220353695044,-0.015781668016961348,99.8582809199321,99.76166732304473,15.48514253953107,21.496758244002024,True
1224,1,arb,normalizer,buy,0.019078202511889037,1.90250070800721,99.70220353695044,0.0,99.8582809199321,99.76166732304473,15.48514253953107,21.496758244002024,True
1224,2,retail,submission,sell,0.03272483812075677,3.275957313237605,99.70220353695044,0.013218842208158943,100.24151663697667,99.78108397885978,17.672029289660898,17.69027834717342,False
1224,3,retail,submission,sell,0.15875012631704521,15.921041687200018,99.70220353695044,0.09330428162138382,100.24151663697667,99.78108397885978,17.672029289660898,17.69027834717342,False
1224,4,retail,normalizer,sell,0.07281343901493642,7.308736878095578,99.70220353695044,0.0,100.24151663697667,99.78108397885978,17.672029289660898,17.69027834717342,False
1225,0,arb,submission,buy,0.1307723465590253,13.068571945708754,99.80331559841733,-0.017058170532747496,99.98000054822415,99.85984999361261,14.672029289660898,20.69027834717342,True
1225,1,arb,normalizer,buy,0.022212136339920075,2.2173361477816798,99.80331559841733,0.0,99.98000054822415,99.85984999361261,14.672029289660898,20.69027834717342,True
1226,0,arb,submission,buy,0.05468833844831886,5.456738300648794,99.72437558543312,-0.0029778970853620024,99.87090647192721,99.78086671513007,15.135997375487614,21.14682099167011,True
1226,1,arb,normalizer,buy,0.03966978885125296,3.9576103798844997,99.72437558543312,0.0,99.87090647192721,99.78086671513007,15.135997375487614,21.14682099167011,True
1227,0,retail,submission,sell,0.14435395611180013,14.4681838321353,99.94118369546709,0.04127858719848909,100.15968024022645,100.31362911541132,16.691340109793067,22.672909860817224,True
1227,1,retail,normalizer,sell,0.02316856323048455,2.3249346773586588,99.94118369546709,0.0,100.15968024022645,100.31362911541132,16.691340109793067,22.672909860817224,True
1228,0,retail,submission,sell,0.21627379989983808,21.758235031947777,100.0341096559344,0.12347801706176043,100.61866986422943,100.72887023472877,16.875276445872814,22.86214090475478,False
1228,1,retail,normalizer,sell,0.2239974571791521,22.53355065656968,100.0341096559344,0.0,100.61866986422943,100.72887023472877,16.875276445872814,22.86214090475478,False
1228,2,retail,submission,sell,0.011888540294719974,1.1989557411905363,100.0341096559344,0.00969619769952379,100.61866986422943,100.72887023472877,16.875276445872814,22.86214090475478,False
1228,3,retail,normalizer,sell,0.01901628957170942,1.9176501459563253,100.0341096559344,0.0,100.61866986422943,100.72887023472877,16.875276445872814,22.86214090475478,False
1229,0,arb,submission,buy,0.20705267310063907,20.75517355392185,100.03362023846559,-0.042945083613361135,100.2027150902431,100.71625778753398,16.233872273497475,22.172529013782132,False
1229,1,arb,normalizer,buy,0.11184675221811086,11.20094672808409,100.03362023846559,0.0,100.2027150902431,100.71625778753398,16.233872273497475,22.172529013782132,False
1229,2,retail,submission,sell,0.047449387220481754,4.767387299166208,100.03362023846559,0.02085331740463392,100.29797043250164,100.70465573089332,14.881314286714966,20.832755482545583,False
1230,0,arb,submission,buy,0.02028468434915962,2.0310730527398846,100.10809659364492,-0.0004119125426162995,100.25729262174886,100.16536981075849,16.604704271249375,22.61571174633724,True
1230,1,retail,submission,buy,0.049261856855115145,4.9282327424007235,100.10809659364492,0.003277982033452531,100.15862553604337,100.17510951580981,15.79276482354075,21.79079004123915,False
1230,2,retail,normalizer,buy,0.02067959573232795,2.068227695295718,100.10809659364492,0.0,100.15862553604337,100.17510951580981,15.79276482354075,21.79079004123915,False
1232,0,retail,submission,buy,0.04636283274115706,4.6341571815355564,100.22073118929335,0.012359815790113693,100.06589038738689,99.96801302481508,17.941167402534475,23.952910695354603,True
1232,1,retail,normalizer,buy,0.04232338348532501,4.230225479295768,100.22073118929335,0.0,100.06589038738689,99.96801302481508,17.941167402534475,23.952910695354603,True
1234,0,retail,submission,sell,0.020091234286269355,2.0156795249433865,100.20582958828025,0.00242072583526598,100.10612470602159,100.27917155101473,19.704633267197366,25.683907573459297,True
1235,0,retail,submission,buy,0.08827269287354751,8.811458028574634,100.07026221266884,0.022013493499649428,100.02807705758532,99.81784607153645,23.944523569664515,23.9594677788645,False
1235,1,retail,normalizer,buy,0.08781151255719734,8.76537827154607,100.07026221266884,0.0,100.02807705758532,99.81784607153645,23.944523569664515,23.9594677788645,False
1235,2,retail,submission,sell,0.04911417192198542,4.923658060664804,100.07026221266884,0.00878999807362657,100.02807705758532,99.81784607153645,23.944523569664515,23.9594677788645,False
1236,0,retail,submission,buy,0.024441161479192938,2.4383538025413145,99.91709214552782,0.003735981118931253,99.97930908140422,99.81648150250356,23.196026927484226,23.21558620789847,True
1238,0,retail,submission,sell,0.19893469867390934,19.97536930156841,99.93412076014832,0.09500510090623848,100.4727962066165,99.84148605645629,21.4712679943118,21.546906353357745,False
1238,1,retail,normalizer,sell,0.13810215821165173,13.875517576684768,99.93412076014832,0.0,100.4727962066165,99.84148605645629,21.4712679943118,21.546906353357745,False
1238,2,retail,submission,sell,0.04697549780458132,4.728255251369982,99.93412076014832,0.0338001809988695,100.4727962066165,99.84148605645629,21.4712679943118,21.546906353357745,False
1238,3,retail,normalizer,sell,0.04424158153800306,4.453199306423299,99.93412076014832,0.0,100.4727962066165,99.84148605645629,21.4712679943118,21.546906353357745,False
1239,0,arb,submission,buy,0.04164175275071839,4.173141920084163,100.17360546911779,-0.0017374089911488255,100.3891537114238,100.24265208182356,22.78368772428508,22.801212558378577,True
1239,1,retail,submission,buy,0.0879667538838103,8.803046782173624,100.17360546911779,0.008900115782173756,100.21282802821804,100.25439473807835,19.78368772428508,25.801212558378577,False
1239,2,retail,normalizer,buy,0.05666849571228193,5.669179131175042,100.17360546911779,0.0,100.21282802821804,100.25439473807835,19.78368772428508,25.801212558378577,False
1244,0,retail,submission,sell,0.1692873217755988,17.037518667632792,100.31040343519494,0.05623912385881624,100.55334948371724,100.73987277163064,20.14531503702271,26.123076042287735,True
1244,1,retail,normalizer,sell,0.11215837411921825,11.294373899977487,100.31040343519494,0.0,100.55334948371724,100.73987277163064,20.14531503702271,26.123076042287735,True
1245,0,arb,submission,buy,0.05019363458168109,5.034441614941898,100.25004326063498,-0.002527576719863589,100.45240780077239,100.32437275067645,21.335155475335483,27.350460239132687,True
1245,1,retail,submission,buy,0.08080213876659689,8.092912102560149,100.25004326063498,0.007505804343020728,100.2902493374566,100.33701424364155,24.335155475335483,24.350460239132687,False
1245,2,retail,normalizer,buy,0.06656167304036067,6.665676345504835,100.25004326063498,0.0,100.2902493374566,100.33701424364155,24.335155475335483,24.350460239132687,False
1246,0,retail,submission,sell,0.01226425482037996,1.2331390099493422,100.31083177717161,0.0029014077898419366,100.3148892546388,100.48135895065126,23.62610966169001,23.60621251351115,True
1248,0,retail,submission,buy,0.0056228149335784084,0.5626878079838207,100.36919352634808,0.0016695922473506375,100.28464211828866,100.45578309590314,23.540078200103093,23.51961703261097,False
1248,1,retail,normalizer,buy,0.004821500792085609,0.4824946187891328,100.36919352634808,0.0,100.28464211828866,100.45578309590314,23.540078200103093,23.51961703261097,False
1248,2,retail,submission,buy,0.009469177707173936,0.9474073339533788,100.36919352634808,0.0030063958733429486,100.28464211828866,100.45578309590314,23.540078200103093,23.51961703261097,False
1248,3,retail,normalizer,buy,0.012210164352064835,1.221681121711299,100.36919352634808,0.0,100.28464211828866,100.45578309590314,23.540078200103093,23.51961703261097,False
1249,0,retail,submission,buy,0.06281371400042635,6.28048102874709,100.38402562806826,0.025012447265858384,99.32789478498935,100.03393120636959,20.67678703935401,21.65144475620542,False
1249,1,retail,normalizer,buy,0.059663863484962415,5.965351750310219,100.38402562806826,0.0,99.32789478498935,100.03393120636959,20.67678703935401,21.65144475620542,False
1249,2,retail,submission,buy,0.2991917713603661,29.80388030890208,100.38402562806826,0.2301941350440515,99.32789478498935,100.03393120636959,20.67678703935401,21.65144475620542,False
1249,3,retail,normalizer,buy,0.3047566307808942,30.359883577602886,100.38402562806826,0.0,99.32789478498935,100.03393120636959,20.67678703935401,21.65144475620542,False
1249,4,retail,submission,buy,0.08745638027473658,8.681044498192932,100.38402562806826,0.09817902064430761,99.32789478498935,100.03393120636959,20.67678703935401,21.65144475620542,False
1249,5,retail,normalizer,buy,0.07238521634499696,7.183979188188459,100.38402562806826,0.0,99.32789478498935,100.03393120636959,20.67678703935401,21.65144475620542,False
1249,6,retail,submission,buy,0.03146072059878551,3.1185038081111998,100.38402562806826,0.039649974754779826,99.32789478498935,100.03393120636959,20.67678703935401,21.65144475620542,False
1249,7,retail,normalizer,buy,0.041775316399680344,4.141349267914848,100.38402562806826,0.0,99.32789478498935,100.03393120636959,20.67678703935401,21.65144475620542,False
1250,0,arb,submission,sell,0.44179710219601986,44.17249065773338,100.42584360835188,-0.19535603402717072,100.2084071478537,100.35778099658066,19.641921240170184,18.65144475620542,True
1250,1,arb,normalizer,sell,0.36817785517303037,36.838854748624904,100.42584360835188,0.0,100.2084071478537,100.35778099658066,19.641921240170184,18.65144475620542,True
1250,2,retail,submission,sell,0.06339071473087188,6.368193663061017,100.42584360835188,0.0021276592768302294,100.33570627306683,100.34621494094475,16.641921240170184,20.124817291021408,False
1250,3,retail,normalizer,sell,0.048404717721794555,4.863440212112534,100.42584360835188,0.0,100.33570627306683,100.34621494094475,16.641921240170184,20.124817291021408,False
1254,0,arb,submission,buy,0.08360307376849441,8.367418098456255,100.00144821891469,-0.006989646054057275,100.16814726066325,100.06034781714405,19.641921240170184,17.124817291021408,True
1255,0,retail,submission,buy,0.08643598429050715,8.633671967065311,100.08433605816799,0.01721613218433582,100.06912654626058,99.86776925189177,17.79480075924937,17.81897126087469,False
1255,1,retail,normalizer,buy,0.061204713295894456,6.111900157588025,100.08433605816799,0.0,100.06912654626058,99.86776925189177,17.79480075924937,17.81897126087469,False
1255,2,retail,submission,sell,0.036843818510121196,3.6924332904025707,100.08433605816799,0.004944176969450709,100.06912654626058,99.86776925189177,17.79480075924937,17.81897126087469,False
1256,0,retail,submission,sell,2.711155909281402,279.363909284661,100.09936500211668,7.97892434385642,105.72614245726824,99.87696651385275,14.79480075924937,18.341386429768647,False
1256,1,retail,normalizer,sell,2.6366997752900403,271.89866557320096,100.09936500211668,0.0,105.72614245726824,99.87696651385275,14.79480075924937,18.341386429768647,False
1257,0,arb,submission,buy,2.6146716971760746,268.81382662060605,100.12199479466841,-7.0276805661762864,100.27034276900133,100.1751359988994,17.79480075924937,15.341386429768647,True
1257,1,arb,normalizer,buy,2.4827938551534103,254.90540222946584,100.12199479466841,0.0,100.27034276900133,100.1751359988994,17.79480075924937,15.341386429768647,True
1257,2,retail,submission,sell,0.09255875998884733,9.303781749836695,100.12199479466841,0.036614064032360005,100.45647019878486,100.18417280824062,14.79480075924937,18.01628567690753,False
1258,0,arb,submission,buy,0.12170573614228651,12.193188706136425,100.06393719749242,-0.014833568220083748,100.21219914949873,100.11652586970489,17.79480075924937,15.016285676907529,True
1258,1,arb,normalizer,buy,0.029031947365587674,2.905893598255716,100.06393719749242,0.0,100.21219914949873,100.11652586970489,17.79480075924937,15.016285676907529,True
1258,2,retail,submission,buy,0.0921615109728296,9.210790250101127,100.06393719749242,0.011253395910102881,100.02787283454512,100.12546869218184,14.79480075924937,17.99414873475153,False
1258,3,retail,normalizer,buy,0.10726129723502625,10.721501281588644,100.06393719749242,0.0,100.02787283454512,100.12546869218184,14.79480075924937,17.99414873475153,False
1259,0,retail,submission,buy,0.022304402113601626,2.227264974355421,100.18056845669338,0.007202708471862884,99.983326288181,99.88783607168867,17.79480075924937,14.99414873475153,True
1259,1,retail,normalizer,buy,0.007264157779152736,0.7252726815204369,100.18056845669338,0.0,99.983326288181,99.88783607168867,17.79480075924937,14.99414873475153,True
1260,0,arb,submission,sell,0.0806632364513149,8.083609555312128,100.29519185821312,-0.00652522047690951,100.14480775580289,100.24254500257327,14.79480075924937,17.994147100876877,True
1260,1,retail,submission,sell,0.1203424891916427,12.087957977679963,100.29519185821312,0.018184935509220068,100.38645214853585,100.23359778584803,17.79480075924937,14.994147100876877,False
1260,2,retail,normalizer,sell,0.06475591676581871,6.508115146388711,100.29519185821312,0.0,100.38645214853585,100.23359778584803,17.79480075924937,14.994147100876877,False
1261,0,retail,submission,sell,0.09566140733734585,9.626756824288616,100.23786245897212,0.037861832976037846,100.57916210381075,100.67732324886624,14.79480075924937,17.994147100876877,True
1261,1,retail,normalizer,sell,0.08072738246212907,8.125112043152654,100.23786245897212,0.0,100.57916210381075,100.67732324886624,14.79480075924937,17.994147100876877,True
1262,0,arb,submission,buy,0.020486260293933974,2.0570204399300565,100.3891631332872,-0.0004219132913347856,100.5379069635149,100.44188708579085,17.79480075924937,14.994147100876877,True
1263,0,retail,submission,buy,0.03068491317921916,3.07856175003144,100.3989501277726,0.0021713179240165914,100.47617983017027,100.35006012446892,16.434287684202843,16.449359783035725,True
1264,0,retail,submission,sell,0.012320688029319626,1.2401285018392094,100.33188008133138,0.0039707079620177055,100.50100201969437,100.6135979275994,18.07816439486222,18.0647277682303,True
1265,0,retail,submission,buy,0.41805392101886685,41.76416572190283,100.34299505060453,0.18461680577914308,99.6653731718455,100.60459168992922,21.07816439486222,15.064727768230297,False
1265,1,retail,normalizer,buy,0.3221852785875978,32.155845005490846,100.34299505060453,0.0,99.6653731718455,100.60459168992922,21.07816439486222,15.064727768230297,False
1266,0,arb,submission,sell,0.21980063577700548,21.987812165326027,100.25524546230622,-0.04835452726862499,100.10421366428353,100.19723211695383,20.788455835467165,14.777310419839331,True
1266,1,arb,normalizer,sell,0.08513141163633975,8.52761254571446,100.25524546230622,0.0,100.10421366428353,100.19723211695383,20.788455835467165,14.777310419839331,True
1266,2,retail,submission,sell,0.0139216686129231,1.3958745595064843,100.25524546230622,0.0001542554729947465,100.13210636528318,100.18737318729485,17.788455835467165,17.77731041983933,False
1266,3,retail,normalizer,sell,0.012492720436441118,1.2526172041922234,100.25524546230622,0.0,100.13210636528318,100.18737318729485,17.788455835467165,17.77731041983933,False
1267,0,retail,submission,sell,0.034820983805857963,3.4941253972358703,100.13487902334126,0.007330396362558389,100.2019228688202,100.323215923549,17.774073366460367,17.759556317221442,True
1267,1,retail,normalizer,sell,0.04986719255157368,5.003191408235378,100.13487902334126,0.0,100.2019228688202,100.323215923549,17.774073366460367,17.759556317221442,True
1268,0,retail,submission,buy,0.039372939749909824,3.936683171570621,100.1786988339426,0.007646701842562553,100.1231252523142,100.00205502948135,19.276606688332265,19.291126027397425,True
1269,0,retail,submission,sell,0.1317284679888644,13.231999307872826,100.31243485585033,0.01799594407890126,100.3875916840904,100.51951694225332,20.656076526039726,20.640316973191858,True
1269,1,retail,normalizer,sell,0.10005497732221613,10.053618991705832,100.31243485585033,0.0,100.3875916840904,100.51951694225332,20.656076526039726,20.640316973191858,True
1270,0,arb,submission,buy,0.01744603914297134,1.74744340032521,100.14528915219064,-0.00030476579190885644,100.35257820569085,100.21154970025529,21.866514368883884,21.883390188931035,True
1270,1,retail,submission,buy,0.12125054969912487,12.126501382876086,100.14528915219064,0.016169976604835767,100.10976805226188,100.2228183526065,18.866514368883884,24.88339018893104,False
1270,2,retail,normalizer,buy,0.04419818855532458,4.41694340718459,100.14528915219064,0.0,100.10976805226188,100.2228183526065,18.866514368883884,24.88339018893104,False
1271,0,retail,submission,sell,0.043524994611829015,4.370049652071535,100.15511301255664,0.01079889785288124,100.19701840110949,100.37659796137459,17.899417698162956,23.877929780038308,True
1272,0,retail,submission,sell,0.04495754578479705,4.517426791920725,100.16846143398863,0.014098600809504092,100.28726025856677,100.46005319220603,19.046875843528667,25.026217881356942,True
1272,1,retail,normalizer,sell,0.017086287731103766,1.7173445879202411,100.16846143398863,0.0,100.28726025856677,100.46005319220603,19.046875843528667,25.026217881356942,True
1273,0,arb,submission,buy,0.04260238043474379,4.2625232033169596,100.0110522805245,-0.0018143063830047268,100.20190560606088,100.08168120897341,20.236632833250177,26.251039333433155,True
1274,0,retail,submission,buy,0.0864407923276512,8.636546179935976,100.05336251979436,0.012145751320767673,100.02907498361334,99.9010167202808,21.321483517793162,27.336855882672243,True
1274,1,retail,normalizer,buy,0.04936075014615124,4.92994601801729,100.05336251979436,0.0,100.02907498361334,99.9010167202808,21.321483517793162,27.336855882672243,True
1275,0,retail,submission,buy,0.09331099607270242,9.305245985611691,99.92250644640714,0.01862262098358869,99.84302959848279,99.70784108324442,22.296090604598536,28.31234973869621,True
1275,1,retail,normalizer,buy,0.09880019139448094,9.853180189518753,99.92250644640714,0.0,99.84302959848279,99.70784108324442,22.296090604598536,28.31234973869621,True
1276,0,retail,submission,buy,0.014645000646639428,1.4587281088479358,99.86138756743267,0.003741976651426171,99.81388007089994,99.67211312698079,23.17148016605175,29.188536033481427,True
1276,1,retail,normalizer,buy,0.01955087550321824,1.9474771746245096,99.86138756743267,0.0,99.81388007089994,99.67211312698079,23.17148016605175,29.188536033481427,True
1280,0,retail,submission,buy,0.06739348984903765,6.706713492221752,99.97080430234455,0.03066789272843451,99.90052084727598,99.54659779186532,27.6775787188678,27.695350276356997,False
1280,1,retail,normalizer,buy,0.07181918277048935,7.147453175992268,99.97080430234455,0.0,99.90052084727598,99.54659779186532,27.6775787188678,27.695350276356997,False
1280,2,retail,submission,sell,0.1106506803349987,11.075846494165827,99.97080430234455,0.014008984474388697,99.90052084727598,99.54659779186532,27.6775787188678,27.695350276356997,False
1280,3,retail,normalizer,sell,0.07985702525168392,7.9959394579529075,99.97080430234455,0.0,99.90052084727598,99.54659779186532,27.6775787188678,27.695350276356997,False
1281,0,retail,submission,sell,0.05341484719438938,5.353849139739818,100.00054993874558,0.012335045406818956,100.00727665641786,99.55965914179974,24.6775787188678,30.695350276356997,False
1281,1,retail,normalizer,sell,0.03836900345089589,3.846360567086368,100.00054993874558,0.0,100.00727665641786,99.55965914179974,24.6775787188678,30.695350276356997,False
1285,0,retail,submission,sell,0.0499984068531063,5.018109132530968,100.05939725538482,0.01529867907964988,100.10735944113037,99.57167709732592,25.535098595775985,27.695350276356997,False
1285,1,retail,normalizer,sell,0.06504064429327627,6.526847050486966,100.05939725538482,0.0,100.10735944113037,99.57167709732592,25.535098595775985,27.695350276356997,False
1286,0,retail,submission,buy,0.25764342984747046,25.660165003562724,100.00790624177063,0.10621497243131017,99.59453917293013,99.42497944409368,25.4310085585896,25.45145596756915,True
1286,1,retail,normalizer,buy,0.23875752873371808,23.774717707879972,100.00790624177063,0.0,99.59453917293013,99.42497944409368,25.4310085585896,25.45145596756915,True
1287,0,arb,submission,sell,0.06597560944047132,6.591916992454341,99.98028270682448,-0.00434309115901943,99.72581833053071,99.89881630771555,26.240558321067446,26.219759528072984,True
1287,1,arb,normalizer,sell,0.020706042051344298,2.0697680565124794,99.98028270682448,0.0,99.72581833053071,99.89881630771555,26.240558321067446,26.219759528072984,True
1287,2,retail,submission,buy,0.1483208466243011,14.730842615968868,99.98028270682448,0.09831756084430943,99.43182264586775,99.88497362292941,28.8096654951904,23.219759528072984,False
1287,3,retail,normalizer,buy,0.10650907134603402,10.573799751546176,99.98028270682448,0.0,99.43182264586775,99.88497362292941,28.8096654951904,23.219759528072984,False
1288,0,arb,submission,sell,0.06802750611143438,6.784443709431406,99.79858705870372,-0.004605281617076962,99.56685713942927,99.71543280522741,25.8096654951904,26.219759528072984,True
1288,1,arb,normalizer,sell,0.015053989506043308,1.5021413170579798,99.79858705870372,0.0,99.56685713942927,99.71543280522741,25.8096654951904,26.219759528072984,True
1288,2,retail,submission,sell,0.0036447560180477012,0.36386414329941247,99.79858705870372,0.0001226425245446361,99.57409973688785,99.70130347420321,27.508609003709424,23.219759528072984,False
1288,3,retail,normalizer,sell,0.018719280955210138,1.8685066841581819,99.79858705870372,0.0,99.57409973688785,99.70130347420321,27.508609003709424,23.219759528072984,False
1291,0,arb,submission,sell,0.03862580432893026,3.856567552954114,99.88282827550303,-0.001487027835608501,99.65090275014892,99.80168723763818,29.3694202107739,20.219759528072984,True
1291,1,arb,normalizer,sell,0.02356565029715796,2.3532504000356522,99.88282827550303,0.0,99.65090275014892,99.80168723763818,29.3694202107739,20.219759528072984,True
1291,2,retail,submission,buy,0.11043163771195233,10.960245533486159,99.88282827550303,0.06997877227933991,99.49574844420356,99.77521707420061,23.3694202107739,23.834852812788725,False
1291,3,retail,normalizer,buy,0.07309841881815596,7.252260507513711,99.88282827550303,0.0,99.49574844420356,99.77521707420061,23.3694202107739,23.834852812788725,False
1291,4,retail,submission,sell,0.032030959712898266,3.1931480257700624,99.88282827550303,-0.006194822732910943,99.49574844420356,99.77521707420061,23.3694202107739,23.834852812788725,False
1292,0,arb,submission,sell,0.056024977619912875,5.590689234072603,99.84502438050494,-0.0031260223048414915,99.60704523448506,99.7695539887625,26.3694202107739,20.834852812788725,True
1292,1,arb,normalizer,sell,0.053910054073668334,5.379757031848732,99.84502438050494,0.0,99.60704523448506,99.7695539887625,26.3694202107739,20.834852812788725,True
1293,0,arb,submission,sell,0.01970401865143856,1.9671436299689362,99.85427769345894,-0.0003869201289039559,99.64623277561189,99.77879908771371,25.530896620941505,19.51494279879232,True
1293,1,arb,normalizer,sell,0.0046440816773127835,0.4637099343692742,99.85427769345894,0.0,99.64623277561189,99.77879908771371,25.530896620941505,19.51494279879232,True
1293,2,retail,submission,sell,0.026659684431677988,2.662440015827922,99.85427769345894,0.00035648336716409545,99.69929063426632,99.76597339987859,26.784417709436433,16.51494279879232,False
1293,3,retail,normalizer,sell,0.020045816088909874,2.0020609212573537,99.85427769345894,0.0,99.69929063426632,99.76597339987859,26.784417709436433,16.51494279879232,False
1294,0,retail,submission,buy,0.11412437847657801,11.334762280008363,99.75994215843167,0.0502791156820237,99.47306496904534,99.27546407317007,27.94507188721331,15.968933304069374,True
1294,1,retail,normalizer,buy,0.045140652056559136,4.480263421579366,99.75994215843167,0.0,99.47306496904534,99.27546407317007,27.94507188721331,15.968933304069374,True
1295,0,arb,submission,sell,0.11666714803415346,11.637341902864332,99.86443493914658,-0.013556911528167959,99.7049620890474,99.7942095846221,29.358556346515062,17.347819761115616,True
1295,1,arb,normalizer,sell,0.030056421127241606,3.000667583351019,99.86443493914658,0.0,99.7049620890474,99.7942095846221,29.358556346515062,17.347819761115616,True
1296,0,retail,submission,sell,0.017862989898617343,1.7844420805829213,99.8543117970632,0.0007455176185946488,99.74053959619852,99.83913738779671,30.609189601489543,18.597332948376778,True
1296,1,retail,normalizer,sell,0.024795093185076666,2.4767607476828157,99.8543117970632,0.0,99.74053959619852,99.83913738779671,30.609189601489543,18.597332948376778,True
1300,0,retail,submission,buy,0.05637446251908086,5.602463712990357,99.84314012252949,0.026139647634520813,99.62866716569965,99.40204286729329,32.066812090692984,20.094139447164004,True
1302,0,arb,submission,sell,0.04656848417195647,4.65105947233656,99.92213539244686,-0.0021629081146929963,99.72135046020345,99.83866304396533,33.524037776590255,21.50992922868606,True
1302,1,arb,normalizer,sell,0.004144820334943233,0.4141421656787756,99.92213539244686,0.0,99.72135046020345,99.83866304396533,33.524037776590255,21.50992922868606,True
1303,0,arb,submission,sell,0.015614355035623362,1.560684419460193,99.96748536184037,-0.00024338899806397585,99.75245600831009,99.87937136471437,34.332264031417566,22.317006100887227,True
1303,1,arb,normalizer,sell,0.022727887180835182,2.271534316101987,99.96748536184037,0.0,99.75245600831009,99.87937136471437,34.332264031417566,22.317006100887227,True
1303,2,retail,submission,sell,0.04076486416204261,4.0771505803278325,99.96748536184037,0.0019896189314261292,99.83373282480076,99.86439971097272,31.33226403141757,22.517561559027673,False
1303,3,retail,normalizer,sell,0.044831471552271296,4.483696239403311,99.96748536184037,0.0,99.83373282480076,99.86439971097272,31.33226403141757,22.517561559027673,False
1304,0,retail,submission,buy,0.5225051683303498,51.73097485745893,99.92932368671866,0.48261323660801025,98.80264989553756,99.85062777162577,28.33226403141757,22.67443138820644,False
1304,1,retail,normalizer,buy,0.49050675539384614,48.547493483165454,99.92932368671866,0.0,98.80264989553756,99.85062777162577,28.33226403141757,22.67443138820644,False
1305,0,arb,submission,sell,0.4742678087249317,47.187860635571994,99.96750021877575,-0.22350663689591244,99.74082959629963,99.88584389989238,29.873013868282158,19.67443138820644,True
1305,1,arb,normalizer,sell,0.44421120684002346,44.2106220508817,99.96750021877575,0.0,99.74082959629963,99.88584389989238,29.873013868282158,19.67443138820644,True
1305,2,retail,submission,sell,0.039894224104429554,3.988516184871053,99.96750021877575,0.00039032798360238985,99.82035558805597,99.87196896041935,26.873013868282158,22.67443138820644,False
1305,3,retail,normalizer,sell,0.024856870858442903,2.4854960318448467,99.96750021877575,0.0,99.82035558805597,99.87196896041935,26.873013868282158,22.67443138820644,False
1306,0,arb,submission,sell,0.007582138048832121,0.7586292030507272,100.06236646479098,-5.7472978147732334e-05,99.83548073849623,99.85920571833685,28.32646794613714,19.67443138820644,False
1306,1,arb,normalizer,sell,0.02263692998519673,2.2645927594764226,100.06236646479098,0.0,99.83548073849623,99.85920571833685,28.32646794613714,19.67443138820644,False
1306,2,retail,submission,buy,0.0186850543875999,1.8598010438563506,100.06236646479098,0.009869715690221215,99.79831878638342,99.8474649762061,25.326467946137136,19.73421376105506,False
1307,0,arb,submission,sell,0.05877789432290115,5.880987119096975,100.11318793605074,-0.0034552617369572047,99.91562243094766,100.04095262198001,25.163293558798284,19.148250669691087,True
1307,1,arb,normalizer,sell,0.025415467913191492,2.543777607957305,100.11318793605074,0.0,99.91562243094766,100.04095262198001,25.163293558798284,19.148250669691087,True
1308,0,arb,submission,sell,0.07400179618376512,7.41360466764916,100.25557480057398,-0.005487945029134522,100.06360291284244,100.18444006425742,26.470698966201795,20.456216469440058,True
1308,1,arb,normalizer,sell,0.07110374209476333,7.1234826161035,100.25557480057398,0.0,100.06360291284244,100.18444006425742,26.470698966201795,20.456216469440058,True
1308,2,retail,normalizer,sell,0.006365676298528911,0.638235155106591,100.25557480057398,0.0,99.97643409849347,100.17235217956059,27.54262674180763,17.456216469440058,False
1308,3,retail,submission,buy,0.043686970663928015,4.35800463902342,100.25557480057398,0.02185771618449639,99.97643409849347,100.17235217956059,27.54262674180763,17.456216469440058,False
1309,0,arb,submission,sell,0.08209224499546508,8.228395876613408,100.31587642019495,-0.006759627408033708,100.1407628547837,100.24359142725808,28.962678543087485,16.950362782467217,True
1309,1,arb,normalizer,sell,0.023701506976308906,2.3770740003952193,100.31587642019495,0.0,100.1407628547837,100.24359142725808,28.962678543087485,16.950362782467217,True
1311,0,arb,submission,sell,0.05682526110534525,5.7034302897098375,100.4249746231613,-0.003245114748974487,100.25475064793304,100.35113809260868,30.763641221840473,18.752109662688646,True
1311,1,arb,normalizer,sell,0.0543289678604566,5.453020816982034,100.4249746231613,0.0,100.25475064793304,100.35113809260868,30.763641221840473,18.752109662688646,True
1311,2,retail,submission,buy,0.10967674471964985,10.94980049946571,100.4249746231613,0.06448380575606727,100.28088998676255,100.32704960253625,26.816631362139667,20.780339799408544,False
1311,3,retail,normalizer,buy,0.04797254580402098,4.786488476309387,100.4249746231613,0.0,100.28088998676255,100.32704960253625,26.816631362139667,20.780339799408544,False
1311,4,retail,submission,sell,0.12235667905072489,12.276849445327189,100.4249746231613,-0.010816943316150684,100.28088998676255,100.32704960253625,26.816631362139667,20.780339799408544,False
1311,5,retail,normalizer,sell,0.06500839187444285,6.526465116975858,100.4249746231613,0.0,100.28088998676255,100.32704960253625,26.816631362139667,20.780339799408544,False
1312,0,retail,submission,sell,0.03901623156822609,3.9222623021077383,100.30229866402533,0.008844590606751801,100.35929740757008,100.49163025923924,25.49479695220316,19.47898428717366,True
1312,1,retail,normalizer,sell,0.0540502467002284,5.432800083694698,100.30229866402533,0.0,100.35929740757008,100.49163025923924,25.49479695220316,19.47898428717366,True
1313,0,retail,submission,buy,0.03260691054220827,3.2630005424562114,100.12874303196095,0.001888424290698687,100.10818529179299,100.12258876290575,28.092135515383802,17.619161675033364,False
1313,1,retail,submission,buy,0.09284039799193937,9.277959559005467,100.12874303196095,0.018032794514413197,100.10818529179299,100.12258876290575,28.092135515383802,17.619161675033364,False
1313,2,retail,normalizer,buy,0.06210832887106958,6.204860070913128,100.12874303196095,0.0,100.10818529179299,100.12258876290575,28.092135515383802,17.619161675033364,False
1314,0,retail,submission,buy,0.05406084027445774,5.393820015415258,100.05282472996932,0.015119761319928315,100.1470990951974,99.80991634864603,26.182866685042562,20.207314678853464,False
1314,1,retail,normalizer,buy,0.0615788070967346,6.144371725820747,100.05282472996932,0.0,100.1470990951974,99.80991634864603,26.182866685042562,20.207314678853464,False
1314,2,retail,submission,sell,0.07332868051521757,7.350918578418526,100.05282472996932,0.014176959149545532,100.1470990951974,99.80991634864603,26.182866685042562,20.207314678853464,False
1315,0,retail,submission,buy,0.17180985032913917,17.13182850432895,100.02386121865756,0.053256120991193256,99.98263408143286,99.62977273706812,26.75542378039407,16.555192913316173,False
1315,1,retail,normalizer,buy,0.08870775093624131,8.838062643979356,100.02386121865756,0.0,99.98263408143286,99.62977273706812,26.75542378039407,16.555192913316173,False
1315,2,retail,submission,sell,0.08920740863572973,8.928703147646363,100.02386121865756,0.005833686590058562,99.98263408143286,99.62977273706812,26.75542378039407,16.555192913316173,False
1315,3,retail,normalizer,sell,0.01767905895728461,1.7707493681822708,100.02386121865756,0.0,99.98263408143286,99.62977273706812,26.75542378039407,16.555192913316173,False
1316,0,retail,submission,sell,0.0865429670818827,8.674649078378453,100.09270413137814,0.012329479599969773,100.15589980257262,99.64135276822792,23.75542378039407,19.555192913316173,False
1316,1,retail,normalizer,sell,0.07156386346534305,7.174294080069693,100.09270413137814,0.0,100.15589980257262,99.64135276822792,23.75542378039407,19.555192913316173,False
1319,0,retail,submission,buy,0.12071759349368907,12.047337502190203,100.19561096160841,0.04803553172505737,98.63482957318864,99.75849568955671,23.87184912378089,17.735917197859905,False
1319,1,retail,normalizer,buy,0.021829740455658247,2.1764088536438067,100.19561096160841,0.0,98.63482957318864,99.75849568955671,23.87184912378089,17.735917197859905,False
1319,2,retail,submission,buy,0.6487065416730972,64.23770338415488,100.19561096160841,0.7598448935731739,98.63482957318864,99.75849568955671,23.87184912378089,17.735917197859905,False
1319,3,retail,normalizer,buy,0.6552964371042128,64.89442148095986,100.19561096160841,0.0,98.63482957318864,99.75849568955671,23.87184912378089,17.735917197859905,False
1320,0,arb,submission,sell,0.6325567932765779,62.89812754814628,100.0633738449044,-0.3976393356218466,99.88590227359923,99.99671054343946,25.254515741293442,19.241210939846802,True
1320,1,arb,normalizer,sell,0.545968179245989,54.33511704692956,100.0633738449044,0.0,99.88590227359923,99.99671054343946,25.254515741293442,19.241210939846802,True
1321,0,retail,submission,sell,0.04877559521411001,4.8837674433388125,99.99615913565842,0.0063952623722087765,99.95949955232228,100.09260624313325,23.542352593661295,23.52779377169023,False
1321,1,retail,normalizer,sell,0.05635097497554398,5.64184414298028,99.99615913565842,0.0,99.95949955232228,100.09260624313325,23.542352593661295,23.52779377169023,False
1321,2,retail,submission,buy,0.011966004538275917,1.1930834091363067,99.99615913565842,0.003471084891142784,99.95949955232228,100.09260624313325,23.542352593661295,23.52779377169023,False
1323,0,arb,normalizer,sell,0.0015566334225667333,0.1559399049640221,100.17922565697297,0.0,99.95949955232228,100.09260624313325,23.542352593661295,23.52779377169023,False
1324,0,retail,submission,sell,0.07102647483942803,7.121571645286163,100.01154007729292,0.018104510333868618,100.10161757616505,100.26206292030065,23.472273214127647,23.45305471978919,True
1324,1,retail,normalizer,sell,0.07904468713456936,7.924895957881646,100.01154007729292,0.0,100.10161757616505,100.26206292030065,23.472273214127647,23.45305471978919,True
1325,0,retail,submission,sell,0.1274303744584273,12.802295926020562,99.88502516580677,0.07390976635237045,100.35735587545183,100.51769155093562,24.551005490848993,24.531849023876553,True
1325,1,retail,normalizer,sell,0.12709769991363373,12.768921598233437,99.88502516580677,0.0,100.35735587545183,100.51769155093562,24.551005490848993,24.531849023876553,True
1326,0,arb,submission,buy,0.21507605711837766,21.485293810415897,99.6820128338276,-0.04607952449273611,99.92734451220815,100.50484753125231,23.30712573845344,23.237974808576592,False
1326,1,arb,normalizer,buy,0.1549177529703064,15.466399602930323,99.6820128338276,0.0,99.92734451220815,100.50484753125231,23.30712573845344,23.237974808576592,False
1326,2,retail,submission,sell,0.030822742132286862,3.0881603297884657,99.6820128338276,0.015687352984087966,99.84862498326089,100.48216386465207,23.30712573845344,22.101376958549576,False
1326,3,retail,submission,buy,0.07043402824536864,7.019166895081071,99.6820128338276,0.001838812411941504,99.84862498326089,100.48216386465207,23.30712573845344,22.101376958549576,False
1326,4,retail,normalizer,buy,0.04836796682603675,4.819092595123948,99.6820128338276,0.0,99.84862498326089,100.48216386465207,23.30712573845344,22.101376958549576,False
1327,0,retail,submission,buy,0.04919357287408695,4.8980602629035275,99.74895512178945,0.00894722999425035,99.75076194147286,100.47216577427524,20.30712573845344,21.07403725349694,False
1327,1,retail,normalizer,buy,0.03412003159720685,3.3967210028567933,99.74895512178945,0.0,99.75076194147286,100.47216577427524,20.30712573845344,21.07403725349694,False
1329,0,arb,submission,sell,0.07155198212149116,7.157552793836008,100.10444468623008,-0.005118642634927895,99.89348420657424,100.03811896908441,23.30712573845344,18.07403725349694,True
1329,1,retail,submission,buy,0.07976215800777903,7.942832165059372,100.10444468623008,0.04171436928468797,99.73477527810397,100.0268479683122,20.30712573845344,21.07403725349694,False
1329,2,retail,normalizer,buy,0.008045718379490308,0.800631822025025,100.10444468623008,0.0,99.73477527810397,100.0268479683122,20.30712573845344,21.07403725349694,False
1330,0,arb,submission,sell,0.08762788528896692,8.76567508060515,100.12055812264713,-0.007677701633516776,99.90956368547536,100.05422172929987,23.30712573845344,18.07403725349694,True
1330,1,arb,normalizer,sell,0.009260788697531552,0.9271095526182561,100.12055812264713,0.0,99.90956368547536,100.05422172929987,23.30712573845344,18.07403725349694,True
1331,0,arb,submission,sell,0.07855932048049397,7.869218327253476,100.24784256624407,-0.006184064386197008,100.06665424213156,100.18142076037489,23.60506331026522,17.591308389336238,True
1331,1,arb,normalizer,sell,0.06356221296533704,6.367928193181558,100.24784256624407,0.0,100.06665424213156,100.18142076037489,23.60506331026522,17.591308389336238,True
1332,0,arb,submission,sell,0.10260583864527462,10.296084452313751,100.44909091390166,-0.01057876206256303,100.27238782033214,100.38283282326597,25.022375396763003,19.009165274136194,True
1332,1,arb,normalizer,sell,0.1002510453170089,10.060033628952215,100.44909091390166,0.0,100.27238782033214,100.38283282326597,25.022375396763003,19.009165274136194,True
1333,0,arb,submission,sell,0.05437180595694713,5.46534998493903,100.57284586350028,-0.0029772748891598866,100.38166527858931,100.50193726352627,26.29198813179899,20.277618976716354,True
1333,1,arb,normalizer,sell,0.06149855616853017,6.181278263655463,100.57284586350028,0.0,100.38166527858931,100.50193726352627,26.29198813179899,20.277618976716354,True
1334,0,arb,submission,sell,0.035219357928156114,3.543811756908822,100.65665287895204,-0.001250928685155639,100.45254515349691,100.58159131008053,27.428231051174404,21.412825171295058,True
1334,1,arb,normalizer,sell,0.04158247857789377,4.183810297504849,100.65665287895204,0.0,100.45254515349691,100.58159131008053,27.428231051174404,21.412825171295058,True
1334,2,retail,submission,sell,0.0569600188844106,5.73733247703192,100.65665287895204,0.003927628205248723,100.56733766598947,100.56883641121823,24.428231051174407,24.412825171295058,False
1334,3,retail,normalizer,sell,0.0626622092828768,6.311330074600612,100.65665287895204,0.0,100.56733766598947,100.56883641121823,24.428231051174407,24.412825171295058,False
1335,0,retail,submission,sell,0.028834459472605545,2.9077421964904535,100.51075779770512,0.009568824211653393,100.62552328293506,100.7928873076131,23.472312841403593,23.452370589945566,True
1335,1,retail,normalizer,sell,0.04383984609795277,4.420259959783095,100.51075779770512,0.0,100.62552328293506,100.7928873076131,23.472312841403593,23.452370589945566,True
1337,0,retail,submission,sell,0.020998319390741926,2.1183801472067496,100.4761921338351,0.008548973614928457,100.66792798307154,100.82875397127903,25.001540419394804,24.982384651272255,True
1337,1,retail,normalizer,sell,0.016204945298312623,1.6348873592112212,100.4761921338351,0.0,100.66792798307154,100.82875397127903,25.001540419394804,24.982384651272255,True
1339,0,retail,submission,buy,0.05077251494364699,5.095795781138804,100.44291418265671,0.003943580183586093,100.56569823857743,100.39462670173812,26.348230392354946,26.368660877254705,True
1340,0,retail,submission,buy,0.0066970380051489115,0.6716727797029307,100.62618222121021,0.0022245869455538303,100.55222729130165,100.40829399614104,26.19946524806806,26.2166546893659,False
1340,1,retail,normalizer,buy,0.006363474132653249,0.638216185499914,100.62618222121021,0.0,100.55222729130165,100.40829399614104,26.19946524806806,26.2166546893659,False
1342,0,retail,submission,sell,0.10493148583829282,10.589971618767304,100.77018982384946,0.016005872343965777,100.76416548759381,100.42086955027384,25.949085675965712,25.99003853557641,False
1342,1,retail,normalizer,sell,0.06777329788519637,6.842416399126083,100.77018982384946,0.0,100.76416548759381,100.42086955027384,25.949085675965712,25.99003853557641,False
1343,0,retail,submission,buy,0.8160851941748093,81.35403789369411,100.69594894229317,0.8224351514938917,99.0070732022789,100.44308685742656,25.47934873397843,24.08324974777347,False
1343,1,retail,normalizer,buy,0.7770012747421595,77.42741299177578,100.69594894229317,0.0,99.0070732022789,100.44308685742656,25.47934873397843,24.08324974777347,False
1343,2,retail,submission,buy,0.06631953084077975,6.551713939581532,100.69594894229317,0.12639415183846303,99.0070732022789,100.44308685742656,25.47934873397843,24.08324974777347,False
1343,3,retail,normalizer,buy,0.07910204417722554,7.815491273047883,100.69594894229317,0.0,99.0070732022789,100.44308685742656,25.47934873397843,24.08324974777347,False
1344,0,arb,submission,sell,0.7585956301485339,75.860258682429,100.76148497318223,-0.5769635055042102,100.51881857242567,100.68151346009593,22.479348733978426,25.55910013073143,True
1344,1,arb,normalizer,sell,0.7213405225760994,72.16161746595465,100.76148497318223,0.0,100.51881857242567,100.68151346009593,22.479348733978426,25.55910013073143,True
1345,0,arb,submission,sell,0.020207579109367657,2.036859619808495,100.81724083678395,-0.00041274998898810367,100.5595610414388,100.73968742337195,25.479348733978426,22.55910013073143,True
1345,1,arb,normalizer,sell,0.02759249311860401,2.7810296960013434,100.81724083678395,0.0,100.5595610414388,100.73968742337195,25.479348733978426,22.55910013073143,True
1345,2,retail,submission,buy,0.22540487212571958,22.5580029563298,100.81724083678395,0.16669432255335792,100.31944509107089,100.7143869054928,19.86894543844446,20.999008011134524,False
1345,3,retail,normalizer,buy,0.18051393230217838,18.057305173120767,100.81724083678395,0.0,100.31944509107089,100.7143869054928,19.86894543844446,20.999008011134524,False
1345,4,retail,submission,sell,0.10555963514160283,10.603947997765482,100.81724083678395,-0.03828316094853257,100.31944509107089,100.7143869054928,19.86894543844446,20.999008011134524,False
1345,5,retail,normalizer,sell,0.05286548903004018,5.313382282131197,100.81724083678395,0.0,100.31944509107089,100.7143869054928,19.86894543844446,20.999008011134524,False
1346,0,arb,submission,sell,0.09554771035786302,9.614665057641304,100.72324171170597,-0.009210067733805616,100.51173289574481,100.657334205868,21.677831964709092,17.999008011134524,True
1346,1,arb,normalizer,sell,0.08057531627883918,8.109259254158854,100.72324171170597,0.0,100.51173289574481,100.657334205868,21.677831964709092,17.999008011134524,True
1346,2,retail,submission,sell,0.06323271878250125,6.371129204411779,100.72324171170597,0.002124786393575384,100.63929160664507,100.64613421954164,18.677831964709092,20.999008011134524,False
1346,3,retail,normalizer,sell,0.04827187394131727,4.8644527278919325,100.72324171170597,0.0,100.63929160664507,100.64613421954164,18.677831964709092,20.999008011134524,False
1348,0,retail,submission,buy,0.04370227672324785,4.388031153874181,100.8070102204867,0.017464702424803136,100.5512701621492,100.42725963790552,21.677831964709092,17.999008011134524,True
1349,0,arb,submission,sell,0.005647717395987684,0.5689413583419209,100.7439892826617,-3.222247096434927e-05,100.56266009564447,100.43810923651996,23.964859564199728,14.999008011134524,False
1349,1,retail,submission,buy,0.036164958119662693,3.6268165748533647,100.7439892826617,0.016585578361842934,100.48993313769523,100.44809190246731,20.964859564199728,17.999008011134524,False
1350,0,arb,submission,sell,0.15529005228084714,15.657599409663497,100.98529407510097,-0.024412186855654383,100.80353056339452,100.92229552960558,21.75924989324317,15.745120025767742,True
1350,1,arb,normalizer,sell,0.08128770933103624,8.202173164509286,100.98529407510097,0.0,100.80353056339452,100.92229552960558,21.75924989324317,15.745120025767742,True
1351,0,arb,submission,sell,0.010564264684859381,1.06670768561799,100.98391805860281,-0.0001131536672411837,100.82491766755234,100.92328050548863,23.378708076853034,17.367006816906976,True
1352,0,arb,submission,sell,0.027091750464947495,2.7370201606022375,101.05529820022478,-0.000744761399110061,100.87979539495201,100.98936992194452,24.830276010218455,18.81724881686928,True
1352,1,arb,normalizer,sell,0.03452495603436034,3.4877210733755852,101.05529820022478,0.0,100.87979539495201,100.98936992194452,24.830276010218455,18.81724881686928,True
1354,0,arb,submission,sell,0.015217891740022083,1.5383071589453603,101.1008848418386,-0.00023516139817925108,100.91064079127115,101.03022606670007,26.609421942315254,20.5952096302907,True
1354,1,arb,normalizer,sell,0.022463348131381622,2.270552300562327,101.1008848418386,0.0,100.91064079127115,101.03022606670007,26.609421942315254,20.5952096302907,True
1355,0,retail,submission,buy,0.3649522340249731,36.595760995696764,100.94447029318651,0.24414895026918515,100.17673981436668,101.01821898701331,23.609421942315254,23.5952096302907,False
1355,1,retail,normalizer,buy,0.29205999966470153,29.265070688199557,100.94447029318651,0.0,100.17673981436668,101.01821898701331,23.609421942315254,23.5952096302907,False
1356,0,arb,submission,sell,0.30044585644624533,30.25986528885924,101.0203133498202,-0.09126927399556095,100.78195380277954,100.94395401444498,22.762869133842802,22.7435954316097,True
1356,1,arb,normalizer,sell,0.2514709681843783,25.339725834803236,101.0203133498202,0.0,100.78195380277954,100.94395401444498,22.762869133842802,22.7435954316097,True
1357,0,arb,submission,sell,0.016033585838627573,1.6198403455868435,101.04421654771491,-0.0002607739278162047,100.8144056695284,100.97058891913517,23.83597097501771,23.81739477712845,True
1357,1,arb,normalizer,sell,0.011786593407379087,1.190826219646155,101.04421654771491,0.0,100.8144056695284,100.97058891913517,23.83597097501771,23.81739477712845,True
1357,2,retail,submission,sell,0.17571893527839677,17.788678373284622,101.04421654771491,0.03329622548039879,101.17108914748592,100.9580775588505,26.83597097501771,20.81739477712845,False
1357,3,retail,normalizer,sell,0.18113496059244483,18.33597588557993,101.04421654771491,0.0,101.17108914748592,100.9580775588505,26.83597097501771,20.81739477712845,False
1358,0,retail,submission,sell,0.12685045664346717,12.876800445330339,100.91735207719032,0.07538825108919767,101.4297546245866,100.94656847661321,23.83597097501771,23.81739477712845,False
1358,1,retail,normalizer,sell,0.11195681327545515,11.366630661070545,100.91735207719032,0.0,101.4297546245866,100.94656847661321,23.83597097501771,23.81739477712845,False
1359,0,arb,submission,buy,0.14565004574928553,14.716499109899814,100.89248296370221,-0.021504350477577816,101.13354458703995,100.96953001995128,26.83597097501771,20.81739477712845,True
1359,1,arb,normalizer,buy,0.06907024280935477,6.973499092138809,100.89248296370221,0.0,101.13354458703995,100.96953001995128,26.83597097501771,20.81739477712845,True
1359,2,retail,submission,buy,0.20689230608753545,20.824390054067408,100.89248296370221,0.04948841319032482,100.71513655550609,100.98263386965483,23.83597097501771,23.81739477712845,False
1359,3,retail,normalizer,buy,0.22192020813554952,22.34035706047689,100.89248296370221,0.0,100.71513655550609,100.98263386965483,23.83597097501771,23.81739477712845,False
1360,0,retail,submission,sell,0.6358098671890815,64.60076209206419,100.92559652319571,0.4312719706722987,101.8592261540544,101.00578466500907,20.487683720006615,21.265620227346016,False
1360,1,retail,normalizer,sell,0.5893084463338738,59.90410186631945,100.92559652319571,0.0,101.8592261540544,101.00578466500907,20.487683720006615,21.265620227346016,False
1360,2,retail,submission,buy,0.07479936863293506,7.606839556179693,100.92559652319571,-0.05766865734230908,101.8592261540544,101.00578466500907,20.487683720006615,21.265620227346016,False
1360,3,retail,normalizer,buy,0.011620395896370372,1.1810025634094927,100.92559652319571,0.0,101.8592261540544,101.00578466500907,20.487683720006615,21.265620227346016,False
1361,0,arb,submission,buy,0.248499868578663,25.197081241349224,101.14361104126279,-0.06290719002401346,101.35125628961147,101.21127359632216,22.937773622328987,18.265620227346016,True
1361,1,arb,normalizer,buy,0.2336843417421069,23.691273050231757,101.14361104126279,0.0,101.35125628961147,101.21127359632216,22.937773622328987,18.265620227346016,True
1362,0,arb,submission,buy,0.04879202849444263,4.931373587016424,101.0197394970294,-0.0024155789761932667,101.2519890173184,101.08642877933968,19.937773622328987,21.265620227346016,True
1362,1,arb,normalizer,buy,0.061035911161418786,6.169610993621973,101.0197394970294,0.0,101.2519890173184,101.08642877933968,19.937773622328987,21.265620227346016,True
1362,2,retail,submission,sell,0.027078424159824976,2.748336070570496,101.0197394970294,0.012880715954909139,101.30718865875686,101.09777033488454,22.894829759840754,18.265620227346016,False
1363,0,arb,submission,buy,0.01090660176060592,1.1022667471461318,101.0531106342387,-0.00012071278803915675,101.28500091956658,101.11975230769404,19.894829759840757,21.265620227346016,True
1363,1,retail,submission,sell,0.19221003428182826,19.54729411122191,101.0531106342387,0.12387225192950524,102.02629562089369,101.14151366192368,19.490199414008686,18.21256516021512,False
1363,2,retail,normalizer,sell,0.1297969301749191,13.208336944491805,101.0531106342387,0.0,102.02629562089369,101.14151366192368,19.490199414008686,18.21256516021512,False
1363,3,retail,submission,sell,0.16942228552296967,17.28757479553687,101.0531106342387,0.16692583267863625,102.02629562089369,101.14151366192368,19.490199414008686,18.21256516021512,False
1363,4,retail,normalizer,sell,0.15460913688650635,15.778436446602349,101.0531106342387,0.0,102.02629562089369,101.14151366192368,19.490199414008686,18.21256516021512,False
1364,0,arb,submission,buy,0.3773708103058,38.28107171743977,101.05707476442035,-0.14508152645665007,101.2544216513739,101.11811288752402,16.490199414008686,20.17640678778593,True
1364,1,arb,normalizer,buy,0.2668536254969272,27.039875156122434,101.05707476442035,0.0,101.2544216513739,101.11811288752402,16.490199414008686,20.17640678778593,True
1364,2,retail,submission,sell,0.12628877166196162,12.829452328806356,101.05707476442035,0.06707848905669067,101.5040978422591,101.14683112894507,17.978844407072135,15.009286111103767,False
1364,3,retail,normalizer,sell,0.025065145280521506,2.5489202120447043,101.05707476442035,0.0,101.5040978422591,101.14683112894507,17.978844407072135,15.009286111103767,False
1364,4,retail,submission,buy,0.10673805216588488,10.802621626105974,101.05707476442035,-0.015986308169546604,101.5040978422591,101.14683112894507,17.978844407072135,15.009286111103767,False
1364,5,retail,normalizer,buy,0.00480964936571994,0.48627101708007103,101.05707476442035,0.0,101.5040978422591,101.14683112894507,17.978844407072135,15.009286111103767,False
1364,6,retail,submission,sell,0.10254163948168582,10.416414015547854,101.05707476442035,0.0538558879808928,101.5040978422591,101.14683112894507,17.978844407072135,15.009286111103767,False
1365,0,arb,submission,buy,0.16341277316293237,16.530078769161264,100.9893982115462,-0.02712114735681581,101.17129250418573,101.04275989276846,14.978844407072135,18.007627518061796,True
1365,1,arb,normalizer,buy,0.05370649352959718,5.426710943649596,100.9893982115462,0.0,101.17129250418573,101.04275989276846,14.978844407072135,18.007627518061796,True
1365,2,retail,submission,buy,0.05688298186274678,5.743023626802824,100.9893982115462,0.001554479994271496,101.05579429621653,101.05183418223103,17.978844407072135,15.007627518061796,False
1365,3,retail,normalizer,buy,0.041953485578736203,4.235074412457834,100.9893982115462,0.0,101.05579429621653,101.05183418223103,17.978844407072135,15.007627518061796,False
1366,0,retail,submission,buy,0.02610297280115553,2.632424571445881,101.03317801032078,0.004841726171826988,101.00287553430668,100.8745542064868,14.978844407072135,18.007627518061796,True
1366,1,retail,normalizer,buy,0.04109958938947739,4.1454215408139135,101.03317801032078,0.0,101.00287553430668,100.8745542064868,14.978844407072135,18.007627518061796,True
1367,0,retail,submission,buy,0.7864496826845755,78.69364707448949,100.94653203920603,0.6957210158524276,99.40943148528775,100.89194768214985,14.978844407072135,17.91118286635723,False
1367,1,retail,normalizer,buy,0.7720570974922427,77.2418914186328,100.94653203920603,0.0,99.40943148528775,100.89194768214985,14.978844407072135,17.91118286635723,False
1367,2,retail,submission,buy,0.00904061726646918,0.8971875493480184,100.94653203920603,0.01543141119581204,99.40943148528775,100.89194768214985,14.978844407072135,17.91118286635723,False
1367,3,retail,normalizer,buy,0.02414913464575654,2.3969113886123523,100.94653203920603,0.0,99.40943148528775,100.89194768214985,14.978844407072135,17.91118286635723,False
1368,0,arb,submission,sell,0.6858238197806514,68.76993469541284,100.96385720124246,-0.47348351013148715,100.78301899032003,100.91069585405315,17.978844407072135,14.91118286635723,True
1368,1,arb,normalizer,sell,0.5650412994491489,56.72715963232745,100.96385720124246,0.0,100.78301899032003,100.91069585405315,17.978844407072135,14.91118286635723,True
1369,0,retail,submission,sell,0.012337380469901404,1.2454095243948178,100.90824416035693,0.0004661236387877299,100.80798876882372,100.9053713038887,14.978844407072135,17.91118286635723,True
1370,0,retail,submission,sell,0.0841454847012102,8.50494294493768,100.96050878035422,0.00957199793398722,100.97853961466602,101.1064641735005,17.978844407072135,14.91118286635723,True
1370,1,retail,normalizer,sell,0.09654134111735857,9.756636443788638,100.96050878035422,0.0,100.97853961466602,101.1064641735005,17.978844407072135,14.91118286635723,True
1371,0,retail,submission,buy,0.045614892404289134,4.595741151993934,100.91729384055571,0.0075903482750456774,101.03588266013338,100.76689026579774,16.086655867363554,16.101929767523558,False
1371,1,retail,submission,sell,0.07377662245515637,7.458334339800675,100.91729384055571,0.012997252929919156,101.03588266013338,100.76689026579774,16.086655867363554,16.101929767523558,False
1371,2,retail,normalizer,sell,0.0042836163612349765,0.4333481110366204,100.91729384055571,0.0,101.03588266013338,100.76689026579774,16.086655867363554,16.101929767523558,False
1372,0,retail,submission,buy,0.17193247707147571,17.313531654826875,100.88488523630734,0.031856562922996545,100.66937883370397,100.58679056373636,15.849752925842443,15.859601659847256,False
1372,1,retail,normalizer,buy,0.017971953602249097,1.8069764063948242,100.88488523630734,0.0,100.66937883370397,100.58679056373636,15.849752925842443,15.859601659847256,False
1372,2,retail,submission,buy,0.009292992596536527,0.9340401424633455,100.88488523630734,0.0034823491400957085,100.66937883370397,100.58679056373636,15.849752925842443,15.859601659847256,False
1372,3,retail,normalizer,buy,0.012596205447507858,1.2660883727403416,100.88488523630734,0.0,100.66937883370397,100.58679056373636,15.849752925842443,15.859601659847256,False
1376,0,retail,submission,sell,0.0726397187848562,7.329553232614785,100.61862163098905,0.020644852819891035,100.8162799925175,100.92516658284039,18.37438466366598,18.36143106284617,True
1377,0,arb,submission,buy,0.02818682631728416,2.8356684758982738,100.57420457061859,-0.0008008396672409823,100.75934366451361,100.63339114352276,19.895343327722856,19.91035310703124,True
1377,1,retail,submission,buy,0.14852751441414036,14.913569963846385,100.57420457061859,0.024466655206868637,100.4601643689969,100.6434563242465,22.895343327722856,16.91035310703124,False
1377,2,retail,normalizer,buy,0.11974938802422114,12.020500581773376,100.57420457061859,0.0,100.4601643689969,100.6434563242465,22.895343327722856,16.91035310703124,False
1378,0,retail,submission,buy,0.04821427711521275,4.830195731074127,100.51991117219075,0.016299121778446946,100.36336177188251,100.19802157261717,22.80063921146401,16.820424499719387,True
1378,1,retail,normalizer,buy,0.0632677887855514,6.339237311076431,100.51991117219075,0.0,100.36336177188251,100.19802157261717,22.80063921146401,16.820424499719387,True
1379,0,retail,submission,sell,0.07472853775087174,7.518272347952446,100.38527179197494,0.016627775214327123,100.51380311067358,100.6192851898235,24.31021116574822,18.297624624563035,True
1380,0,arb,submission,buy,0.07583088351811287,7.597758942059954,100.11753481855217,-0.005757821113714812,100.36151578271138,100.185885062843,25.451169279903695,19.47218743949624,True
1380,1,arb,normalizer,buy,0.008017748924371225,0.8027815632503916,100.11753481855217,0.0,100.36151578271138,100.185885062843,25.451169279903695,19.47218743949624,True
1381,0,retail,submission,sell,0.2314796680371103,23.331079960262667,100.12335972090312,0.15455788930783143,100.82861204257476,100.1975092441032,22.451169279903695,22.47218743949624,False
1381,1,retail,normalizer,sell,0.15044255566800757,15.17559604800768,100.12335972090312,0.0,100.82861204257476,100.1975092441032,22.451169279903695,22.47218743949624,False
1382,0,arb,submission,buy,0.2262173627861652,22.706510783516933,100.14777041481454,-0.05134627136325065,100.37311980520444,100.21986089834353,22.36322825937208,22.381564961642315,True
1382,1,arb,normalizer,buy,0.13578479177668973,13.617019874878679,100.14777041481454,0.0,100.37311980520444,100.21986089834353,22.36322825937208,22.381564961642315,True
1384,0,retail,submission,buy,0.013481017235085232,1.3499238036765746,100.40180260127086,0.003594627624783131,100.34607282999063,100.19345141192429,23.954603240558605,23.972868537873133,True
1384,1,retail,normalizer,buy,0.013045150914263165,1.3062725036979828,100.40180260127086,0.0,100.34607282999063,100.19345141192429,23.954603240558605,23.972868537873133,True
1385,0,retail,submission,buy,0.014143887631316519,1.4156836424499488,100.40834268453085,0.004480673726777518,100.317712210652,100.15427002652235,24.900271979843687,24.919838865826144,True
1385,1,retail,normalizer,buy,0.02213097386804181,2.215300158268292,100.40834268453085,0.0,100.317712210652,100.15427002652235,24.900271979843687,24.919838865826144,True
1386,0,arb,submission,sell,0.00784092110980339,0.7886102495167356,100.58412472127743,-6.193732142556474e-05,100.333470703226,100.16734293204674,24.757632475780998,24.777518013580142,False
1386,1,retail,submission,buy,0.08581538479923476,8.581480453789482,100.58412472127743,0.05018491386116253,100.16162880689883,100.17937151219532,21.757632475780998,27.777518013580146,False
1386,2,retail,normalizer,buy,0.08200501780821864,8.200132364547244,100.58412472127743,0.0,100.16162880689883,100.17937151219532,21.757632475780998,27.777518013580146,False
1387,0,arb,submission,sell,0.00408649967927488,0.4104673811704312,100.4488440893901,-1.67879843938068e-05,100.16982213177647,100.19043908166633,24.757632475780998,24.777518013580146,False
1390,0,retail,submission,sell,0.08350957648090684,8.392932496134978,100.22267579466696,0.023379286739107386,100.33747707940557,100.50691750309203,24.740318308205186,24.720070941197868,True
1390,1,retail,normalizer,sell,0.03519346550879732,3.5387475862268047,100.22267579466696,0.0,100.33747707940557,100.50691750309203,24.740318308205186,24.720070941197868,True
1391,0,retail,submission,buy,0.09236612180160729,9.236330356116014,100.35274449153799,0.03286346471495882,100.36234942077517,100.46941582845668,24.16270808819056,23.917463892447497,False
1391,1,retail,normalizer,buy,0.03976640341890296,3.974429709105607,100.35274449153799,0.0,100.36234942077517,100.46941582845668,24.16270808819056,23.917463892447497,False
1391,2,retail,submission,sell,0.061204055903473886,6.148328470290993,100.35274449153799,0.006333486363870655,100.36234942077517,100.46941582845668,24.16270808819056,23.917463892447497,False
1391,3,retail,normalizer,sell,0.005423128637033869,0.5450913333517615,100.35274449153799,0.0,100.36234942077517,100.46941582845668,24.16270808819056,23.917463892447497,False
1391,4,retail,submission,sell,0.043304730603495045,4.353475204394879,100.35274449153799,0.007726638867454838,100.36234942077517,100.46941582845668,24.16270808819056,23.917463892447497,False
1391,5,retail,normalizer,sell,0.028305096844761124,2.8459723149501883,100.35274449153799,0.0,100.36234942077517,100.46941582845668,24.16270808819056,23.917463892447497,False
1392,0,retail,submission,buy,0.02329574610707193,2.331823647396959,100.50700583021126,0.009562042405640625,100.4278607683706,100.16346532493384,24.16270808819056,22.462274036368477,False
1392,1,retail,submission,sell,0.05580195860306958,5.615236886330456,100.50700583021126,0.006749107674534294,100.4278607683706,100.16346532493384,24.16270808819056,22.462274036368477,False
1392,2,retail,normalizer,sell,0.05429024946896277,5.463200083856133,100.50700583021126,0.0,100.4278607683706,100.16346532493384,24.16270808819056,22.462274036368477,False
1394,0,retail,submission,sell,0.059284624532850216,5.970779096330332,100.63986289647991,0.004382611474997411,100.5472982262842,100.17553181067957,21.16270808819056,24.6502895885856,False
1394,1,retail,normalizer,sell,0.04429852265276679,4.46214288999292,100.63986289647991,0.0,100.5472982262842,100.17553181067957,21.16270808819056,24.6502895885856,False
1396,0,retail,submission,buy,0.5275519329979685,52.65372087350988,100.60249301291479,0.4193187798679432,99.60121652626945,100.19684960282864,21.03250046901867,23.62176601064801,False
1396,1,retail,normalizer,buy,0.44567820332434116,44.44559670266062,100.60249301291479,0.0,99.60121652626945,100.19684960282864,21.03250046901867,23.62176601064801,False
1396,2,retail,submission,sell,0.05391445451192567,5.378702459999944,100.60249301291479,-0.0452260733311709,99.60121652626945,100.19684960282864,21.03250046901867,23.62176601064801,False
1397,0,arb,submission,sell,0.4744728542519283,47.595345992708026,100.78931623393069,-0.22644855890528248,100.55123406948559,100.71725046141135,24.032500469018675,20.62176601064801,True
1397,1,arb,normalizer,sell,0.4520906461414853,45.360338566930835,100.78931623393069,0.0,100.55123406948559,100.71725046141135,24.032500469018675,20.62176601064801,True
1398,0,retail,submission,sell,0.10795584200634778,10.88931252034441,100.69044732055588,0.01919049785799487,100.76928748970123,100.90532042930998,21.032500469018675,23.62176601064801,True
1398,1,retail,normalizer,sell,0.09300868946846208,9.383030471280536,100.69044732055588,0.0,100.76928748970123,100.90532042930998,21.032500469018675,23.62176601064801,True
1399,0,retail,submission,sell,0.008758170666112619,0.8847220867549827,100.77528763179293,0.0021149187491519283,100.52960061137979,100.88176534948734,24.10908185899235,18.096462728733897,False
1399,1,retail,normalizer,sell,0.023742650699517753,2.398045285614413,100.77528763179293,0.0,100.52960061137979,100.88176534948734,24.10908185899235,18.096462728733897,False
1399,2,retail,submission,buy,0.12771323811077845,12.8282509779674,100.77528763179293,0.04208732703395768,100.52960061137979,100.88176534948734,24.10908185899235,18.096462728733897,False
1399,3,retail,normalizer,buy,0.05129961004547742,5.148884657774033,100.77528763179293,0.0,100.52960061137979,100.88176534948734,24.10908185899235,18.096462728733897,False
1400,0,arb,submission,sell,0.01263402957366111,1.2725577352927226,100.73737351851325,-0.00016122091311920883,100.55507450598644,100.66929637864435,23.774001337799948,17.760378112483163,True
1401,0,arb,submission,sell,0.0975905880650032,9.8403183687029,100.93143034903444,-0.00963927330128378,100.75217231239118,100.86430747962555,25.205888271099333,19.1925399375881,True
1401,1,arb,normalizer,sell,0.004649642853820524,0.4692732158457864,100.93143034903444,0.0,100.75217231239118,100.86430747962555,25.205888271099333,19.1925399375881,True
1401,2,retail,submission,sell,0.33961897549588116,34.4004165094063,100.93143034903444,0.12218753893333201,101.30923722407728,100.84240823943355,19.205888271099333,21.73958819886372,False
1401,3,retail,normalizer,sell,0.3469543629116316,35.14090564509493,100.93143034903444,0.0,101.30923722407728,100.84240823943355,19.205888271099333,21.73958819886372,False
1401,4,retail,submission,buy,0.06548207476593719,6.623563648374329,100.93143034903444,-0.014364180025873807,101.30923722407728,100.84240823943355,19.205888271099333,21.73958819886372,False
1402,0,arb,submission,buy,0.11788448357078922,11.905750449428524,100.8755969292725,-0.014082800526143302,101.06971028560626,100.94177301722257,22.205888271099333,18.73958819886372,True
1402,1,arb,normalizer,buy,0.0756210051516308,7.634103536009206,100.8755969292725,0.0,101.06971028560626,100.94177301722257,22.205888271099333,18.73958819886372,True
1402,2,retail,submission,sell,0.1419673283959071,14.396082668763224,100.8755969292725,0.07504367237203802,101.35883184604945,100.95302726877641,19.205888271099333,21.73958819886372,False
1402,3,retail,normalizer,sell,0.03208944977980366,3.257603899270549,100.8755969292725,0.0,101.35883184604945,100.95302726877641,19.205888271099333,21.73958819886372,False
1403,0,arb,submission,buy,0.13739320796766347,13.880106335507662,100.88541042731822,-0.019136159764045146,101.07954266761504,100.95159295308812,22.205888271099333,18.73958819886372,True
1403,1,arb,normalizer,buy,0.02733607855289973,2.758567782575483,100.88541042731822,0.0,101.07954266761504,100.95159295308812,22.205888271099333,18.73958819886372,True
1403,2,retail,submission,sell,0.05199227393417516,5.2679757655938815,100.88541042731822,0.022713870695061367,101.18529850217824,100.96284829949127,19.205888271099333,21.73958819886372,False
1404,0,arb,submission,buy,0.03911712896752485,3.948925680233515,100.91168609369554,-0.001550240976042172,101.10586889585214,100.97788585674441,22.205888271099333,18.73958819886372,True
1404,1,retail,submission,buy,0.013868575736709333,1.3988860608242248,100.91168609369554,0.0006153004852298416,101.07773885840142,100.98914413460943,19.205888271099333,21.73958819886372,False
1404,2,retail,normalizer,buy,0.015878472317221008,1.6016511390007508,100.91168609369554,0.0,101.07773885840142,100.98914413460943,19.205888271099333,21.73958819886372,False
1405,0,arb,submission,buy,0.0020297943705387365,0.20476881312788464,100.87950064628475,-4.170613297022063e-06,101.07362151448099,100.99950285884668,16.205888271099333,24.739588198863718,False
1405,1,retail,submission,sell,0.005692487515418065,0.5768202877952082,100.87950064628475,0.0025649898046236075,101.08519132125515,101.0090338235616,19.205888271099333,21.739588198863718,False
1406,0,arb,submission,buy,0.0010143691828350635,0.10233972843525407,100.88899432457376,-1.041705184834374e-06,101.08313346130882,101.01780310545028,19.053490239221443,19.06124838506302,False
1408,0,retail,submission,buy,0.021961278676795475,2.2151969696533342,100.93230530248343,0.001405514585905987,100.36091696177164,100.91813020319977,20.72050380347597,20.654063118354316,False
1408,1,retail,normalizer,buy,0.003562618245894985,0.35928892428091785,100.93230530248343,0.0,100.36091696177164,100.91813020319977,20.72050380347597,20.654063118354316,False
1408,2,retail,submission,buy,0.3360253548197622,33.76602291657764,100.93230530248343,0.1497907854659175,100.36091696177164,100.91813020319977,20.72050380347597,20.654063118354316,False
1408,3,retail,normalizer,buy,0.34648908330366485,34.821087563581386,100.93230530248343,0.0,100.36091696177164,100.91813020319977,20.72050380347597,20.654063118354316,False
1409,0,arb,submission,sell,0.2675008989416625,26.974486568680085,101.10982057876511,-0.07248132796978979,100.90098771715316,101.04283944415182,22.109155454512933,22.092297095949448,True
1409,1,arb,normalizer,sell,0.17641570219620917,17.805821317433455,101.10982057876511,0.0,100.90098771715316,101.04283944415182,22.109155454512933,22.092297095949448,True
1410,0,retail,submission,sell,0.214714902499054,21.75984619431839,101.01351063461789,0.07074010731925284,101.33764640977374,101.47034556412521,23.422659120704786,23.406955697612638,True
1410,1,retail,normalizer,sell,0.22197746458617473,22.494234693454263,101.01351063461789,0.0,101.33764640977374,101.47034556412521,23.422659120704786,23.406955697612638,True
1411,0,retail,submission,buy,0.009045827614783869,0.9144526890668203,101.11088894340003,0.00017898229273261013,100.50938611179559,101.41513641549521,19.856065014393977,20.594279948105523,False
1411,1,retail,submission,buy,0.10875124643134831,10.98058632467837,101.11088894340003,0.01534887569801846,100.50938611179559,101.41513641549521,19.856065014393977,20.594279948105523,False
1411,2,retail,normalizer,buy,0.046416619657286246,4.683742002231156,101.11088894340003,0.0,100.50938611179559,101.41513641549521,19.856065014393977,20.594279948105523,False
1411,3,retail,submission,buy,0.2899967852960221,29.172868275476503,101.11088894340003,0.14896447653260836,100.50938611179559,101.41513641549521,19.856065014393977,20.594279948105523,False
1411,4,retail,normalizer,buy,0.2751428948017472,27.674447616274847,101.11088894340003,0.0,100.50938611179559,101.41513641549521,19.856065014393977,20.594279948105523,False
1411,5,retail,submission,buy,0.001548453677803814,0.15528081526099413,101.11088894340003,0.0012847125894266398,100.50938611179559,101.41513641549521,19.856065014393977,20.594279948105523,False
1411,6,retail,normalizer,buy,0.012802567508635013,1.284001500078375,101.11088894340003,0.0,100.50938611179559,101.41513641549521,19.856065014393977,20.594279948105523,False
1412,0,arb,submission,sell,0.10745056520667617,10.833748170539543,100.93414836670247,-0.011683120117147894,100.72628175592375,100.86877823454518,18.78108403533366,17.594279948105523,True
1412,1,arb,normalizer,sell,0.024744840025320514,2.496979533443682,100.93414836670247,0.0,100.72628175592375,100.86877823454518,18.78108403533366,17.594279948105523,True
1412,2,retail,submission,sell,0.01742404828037536,1.7584604455487765,100.93414836670247,-0.0002210287312172099,100.95338307849819,100.84745058937922,17.993700769980368,16.265463849152944,False
1412,3,retail,normalizer,sell,0.002452281247457222,0.2475250084081453,100.93414836670247,0.0,100.95338307849819,100.84745058937922,17.993700769980368,16.265463849152944,False
1412,4,retail,submission,sell,0.09471111997942216,9.57075635141931,100.93414836670247,0.011170115439755435,100.95338307849819,100.84745058937922,17.993700769980368,16.265463849152944,False
1412,5,retail,normalizer,sell,0.10310658485876445,10.418263414603901,100.93414836670247,0.0,100.95338307849819,100.84745058937922,17.993700769980368,16.265463849152944,False
1413,0,retail,submission,sell,0.14587419677998525,14.772137232375533,101.00951466974708,0.037455412790039944,101.24996550297233,101.33861624994576,14.993700769980368,19.265463849152944,True
1413,1,retail,normalizer,sell,0.13100989308253475,13.268878218698537,101.00951466974708,0.0,101.24996550297233,101.33861624994576,14.993700769980368,19.265463849152944,True
1414,0,arb,submission,buy,0.1306557910567157,13.191742171573424,100.83324750136462,-0.01729445446502531,100.98466088012407,100.88858221561746,11.993700769980368,21.770643660840477,True
1414,1,retail,submission,buy,0.10141284073392336,10.218457179762481,100.83324750136462,0.007328889777685532,100.77939244661651,100.89799213650853,9.77104503140569,21.75693143823662,False
1414,2,retail,normalizer,buy,0.07371208368139918,7.425232340232469,100.83324750136462,0.0,100.77939244661651,100.89799213650853,9.77104503140569,21.75693143823662,False
1416,0,retail,submission,sell,0.024425132859590803,2.467522344819294,100.78023950267954,0.005951605344964861,100.82883311023011,100.99767710379122,11.976712595162166,23.956634678533824,True
1418,0,retail,submission,sell,0.4012075304406437,40.714457337829714,100.79334396391233,0.27540872121408455,101.64618074626318,100.98900848566073,11.494159169547736,23.571994289470595,False
1418,1,retail,normalizer,sell,0.3057450082122841,31.056739337503814,100.79334396391233,0.0,101.64618074626318,100.98900848566073,11.494159169547736,23.571994289470595,False
1419,0,arb,submission,buy,0.37443582281444104,37.873414817826415,100.76798004248685,-0.1422732972686731,100.88393764618245,100.8245881856606,13.39656239498217,25.403624005524662,True
1419,1,arb,normalizer,buy,0.2524342564507205,25.501815149660615,100.76798004248685,0.0,100.88393764618245,100.8245881856606,13.39656239498217,25.403624005524662,True
1420,0,retail,submission,buy,0.003828794984809613,0.3857316395133239,100.90640548550861,0.0006182997447567451,100.8761891409256,100.83421473207804,14.160069543370293,26.165063761779454,False
1420,1,retail,normalizer,buy,0.013334205176022039,1.3434813618696353,100.90640548550861,0.0,100.8761891409256,100.83421473207804,14.160069543370293,26.165063761779454,False
1421,0,arb,normalizer,buy,0.001499444452851634,0.1510533382588619,100.73802205934383,0.0,100.8761891409256,100.83421473207804,14.160069543370293,26.165063761779454,False
1421,1,retail,submission,buy,0.00763087245388538,0.7686245028417034,100.73802205934383,9.449474984124517e-05,100.86075004248504,100.84307196655118,14.950423258094771,26.95252670768827,False
1421,2,retail,normalizer,buy,0.009952003005391851,1.0024451177705487,100.73802205934383,0.0,100.86075004248504,100.84307196655118,14.950423258094771,26.95252670768827,False
1422,0,arb,submission,buy,0.0013373659940279573,0.1346842681105045,100.70725776126845,-1.8062287759912365e-06,100.85804480715352,100.85122130940837,15.724578940338837,27.72539082146377,False
1422,1,arb,normalizer,buy,0.005287780311163485,0.5325460716339876,100.70725776126845,0.0,100.85804480715352,100.85122130940837,15.724578940338837,27.72539082146377,False
1422,2,retail,submission,buy,0.046155930445415716,4.645726727903821,100.70725776126845,0.0025104566738383127,100.76475408264734,100.85871928648089,14.551516834960939,26.540331803504426,False
1422,3,retail,normalizer,buy,0.050057932636484836,5.038669766985549,100.70725776126845,0.0,100.76475408264734,100.85871928648089,14.551516834960939,26.540331803504426,False
1423,0,retail,submission,sell,0.5647844365838495,57.38715951760436,100.75428715755804,0.48270621191556273,101.4553080825891,100.8719650752203,20.55151683496094,20.540331803504426,False
1423,1,retail,normalizer,sell,0.4763563004014628,48.44511130565,100.75428715755804,0.0,101.4553080825891,100.8719650752203,20.55151683496094,20.540331803504426,False
1423,2,retail,submission,buy,0.22557114641610995,22.89715536049698,100.75428715755804,-0.1698953000286707,101.4553080825891,100.8719650752203,20.55151683496094,20.540331803504426,False
1423,3,retail,normalizer,buy,0.14650746317430888,14.859747649825295,100.75428715755804,0.0,101.4553080825891,100.8719650752203,20.55151683496094,20.540331803504426,False
1424,0,arb,submission,buy,0.2532710098170774,25.57776315404044,100.73324968849325,-0.06495128327996014,100.94069813419702,100.79956868726411,17.55151683496094,23.540331803504426,True
1424,1,arb,normalizer,buy,0.26834813344170727,27.10447046208901,100.73324968849325,0.0,100.94069813419702,100.79956868726411,17.55151683496094,23.540331803504426,True
1425,0,arb,submission,buy,0.09635965758414147,9.700165006499446,100.56905427209361,-0.009365373279566214,100.74587857047186,100.63526662044792,17.107112536077917,23.120294936039237,True
1425,1,arb,normalizer,buy,0.08142457686270288,8.195474734468007,100.56905427209361,0.0,100.74587857047186,100.63526662044792,17.107112536077917,23.120294936039237,True
1425,2,retail,submission,sell,0.07885230633708318,7.968761250772694,100.56905427209361,0.0386593752788249,100.90554042008856,100.6465270541712,20.107112536077917,20.120294936039237,False
1426,0,arb,submission,buy,0.049305626894481765,4.962754186200982,100.60317010032122,-0.0024518168324600964,100.80586158063105,100.66800826839103,20.228490055102956,20.244911437668545,True
1426,1,retail,submission,buy,0.0603131999019671,6.063960664663682,100.60317010032122,0.003738444368591942,100.6013707732748,100.69851532641356,18.005791034760385,19.06307446194768,False
1426,2,retail,normalizer,buy,0.04401549183932937,4.424646256196866,100.60317010032122,0.0,100.6013707732748,100.69851532641356,18.005791034760385,19.06307446194768,False
1426,3,retail,submission,sell,0.038657635019148984,3.901220161059416,100.60317010032122,0.012139529551836503,100.6013707732748,100.69851532641356,18.005791034760385,19.06307446194768,False
1426,4,retail,submission,buy,0.07977160974085476,8.0185197380506,100.60317010032122,0.006757085885052305,100.6013707732748,100.69851532641356,18.005791034760385,19.06307446194768,False
1426,5,retail,normalizer,buy,0.02103342078767466,2.113003017464507,100.60317010032122,0.0,100.6013707732748,100.69851532641356,18.005791034760385,19.06307446194768,False
1427,0,retail,submission,buy,0.06802165962622227,6.826101925065814,100.68247083564866,0.022486836443729175,100.46448544393238,100.34314248181028,15.005791034760385,19.50132229026351,True
1427,1,retail,normalizer,buy,0.07698811711656216,7.7265929084951495,100.68247083564866,0.0,100.46448544393238,100.34314248181028,15.005791034760385,19.50132229026351,True
1429,0,retail,submission,buy,0.04211041237760842,4.222473008874658,100.39925176128118,0.005380885196220042,100.24825692814778,100.29405321107441,14.520558797645911,20.515078104871026,False
1429,1,retail,normalizer,buy,0.027117098347612056,2.7186628461167857,100.39925176128118,0.0,100.24825692814778,100.29405321107441,14.520558797645911,20.515078104871026,False
1429,2,retail,submission,buy,0.06557757907594268,6.5697412800072925,100.39925176128118,0.014198591533601146,100.24825692814778,100.29405321107441,14.520558797645911,20.515078104871026,False
1429,3,retail,normalizer,buy,0.056032256440539704,5.612925992740202,100.39925176128118,0.0,100.24825692814778,100.29405321107441,14.520558797645911,20.515078104871026,False
1430,0,arb,submission,sell,0.01664020587273285,1.671859440894068,100.48782124836471,-0.0002785923810992852,100.28166969821484,100.43145573891513,16.17285160173707,22.154941138886283,True
1430,1,retail,submission,sell,0.06500738309902943,6.537779924603612,100.48782124836471,0.005329631924377409,100.41236177409613,100.42187674705528,15.708385596371265,21.707248542486923,False
1434,0,retail,submission,sell,0.06974218707637192,7.02312049390527,100.54470995729463,0.010912522524073154,100.55285706973557,100.71123769317,17.971295552664383,23.952409248244784,True
1434,1,retail,normalizer,sell,0.025327107559093065,2.551605503495696,100.54470995729463,0.0,100.55285706973557,100.71123769317,17.971295552664383,23.952409248244784,True
1435,0,retail,submission,buy,0.14652831671196956,14.685822753835964,100.63613363027861,0.06022050740959095,100.2585454910479,100.70097893360644,17.476689201938818,23.423850688054962,False
1435,1,retail,normalizer,buy,0.044741593957836945,4.479667750463705,100.63613363027861,0.0,100.2585454910479,100.70097893360644,17.476689201938818,23.423850688054962,False
1436,0,arb,submission,sell,0.14200886663277856,14.291351870348647,100.78034105761486,-0.020350142108119584,100.54427469149238,100.71434219187198,18.791848322401833,24.771567849086864,True
1436,1,arb,normalizer,sell,0.04893178512520535,4.92894441560644,100.78034105761486,0.0,100.54427469149238,100.71434219187198,18.791848322401833,24.771567849086864,True
1436,2,retail,submission,buy,0.07741740314124852,7.763234201342129,100.78034105761486,0.038918091027761115,100.3886483154568,100.703126683826,21.791848322401833,21.77156784908686,False
1437,0,arb,submission,sell,0.09238328120250117,9.303079416453397,100.79419618305711,-0.008619153106037558,100.57475141495776,100.72388905789121,21.621086054628897,21.603304993505013,True
1437,1,arb,normalizer,sell,0.006856845673652856,0.6910827451649244,100.79419618305711,0.0,100.57475141495776,100.72388905789121,21.621086054628897,21.603304993505013,True
1437,2,retail,submission,sell,0.014703218117389838,1.482192616312275,100.79419618305711,0.000193564865804019,100.60441829757994,100.7119417247251,20.387545513005527,20.374727070176547,False
1437,3,retail,normalizer,sell,0.013868327655401913,1.3980412995690363,100.79419618305711,0.0,100.60441829757994,100.7119417247251,20.387545513005527,20.374727070176547,False
1438,0,retail,submission,sell,0.011960729983400142,1.205903653528974,100.66765648319385,0.0018449962718114499,100.62856130795645,100.76819865034132,21.827694391209207,21.811054122428658,True
1438,1,retail,normalizer,sell,0.005826438783174126,0.5874688546258819,100.66765648319385,0.0,100.62856130795645,100.76819865034132,21.827694391209207,21.811054122428658,True
1439,0,retail,submission,sell,0.10566568497857531,10.667535510502269,100.71850263263231,0.025045939808734374,100.85389136524013,100.98004004006002,20.108051076416928,26.090237023712596,False
1439,1,retail,normalizer,sell,0.11288657810129621,11.39570446462983,100.71850263263231,0.0,100.85389136524013,100.98004004006002,20.108051076416928,26.090237023712596,False
1439,2,retail,submission,sell,0.005758283185386404,0.5820556656709402,100.71850263263231,0.0020900055041573884,100.85389136524013,100.98004004006002,20.108051076416928,26.090237023712596,False
1439,3,retail,normalizer,sell,0.012146175289970529,1.2276744192806652,100.71850263263231,0.0,100.85389136524013,100.98004004006002,20.108051076416928,26.090237023712596,False
1442,0,retail,submission,buy,3.422210857515314,333.02684481835786,100.80165971356382,11.937689508964297,94.2311179540741,100.8497399793146,18.407130997598983,20.090237023712596,False
1442,1,retail,normalizer,buy,3.3397946296668004,324.7330238037266,100.80165971356382,0.0,94.2311179540741,100.8497399793146,18.407130997598983,20.090237023712596,False
1442,2,retail,submission,buy,0.024506519658107746,2.305573273808477,100.80165971356382,0.1647245815318623,94.2311179540741,100.8497399793146,18.407130997598983,20.090237023712596,False
1442,3,retail,normalizer,buy,0.015728167496761737,1.4795799272269505,100.80165971356382,0.0,94.2311179540741,100.8497399793146,18.407130997598983,20.090237023712596,False
1443,0,arb,submission,sell,3.322837051226415,324.20233842736303,100.81994776866796,-10.805919521078806,100.61739810392888,100.75780612583594,18.008366949989345,17.090237023712596,True
1443,1,arb,normalizer,sell,3.2134693096195974,313.86963989074064,100.81994776866796,0.0,100.61739810392888,100.75780612583594,18.008366949989345,17.090237023712596,True
1443,2,retail,submission,sell,0.15967922688520275,16.11983275204344,100.81994776866796,0.020981437736018904,100.94049474277207,100.74724585631661,15.008366949989345,18.01149790577542,False
1443,3,retail,normalizer,sell,0.1447922445017582,14.61916864914458,100.81994776866796,0.0,100.94049474277207,100.74724585631661,15.008366949989345,18.01149790577542,False
1444,0,retail,submission,sell,0.020085237391967325,2.031482006628571,100.88606027339483,0.005161536497111818,100.98124558426896,101.10997926844098,18.00764409345923,15.011497905775421,True
1444,1,retail,normalizer,sell,0.024693031997784942,2.497413126035502,100.88606027339483,0.0,100.98124558426896,101.10997926844098,18.00764409345923,15.011497905775421,True
1445,0,arb,submission,buy,0.007006456060713418,0.7061969501119165,100.78523514228608,-4.962851881917807e-05,100.9670530178772,101.10089101507049,15.007644093459229,17.99205190128496,False
1445,1,retail,submission,buy,0.016925058113576155,1.7060189216808794,100.78523514228608,-0.00022295990724963133,100.93277096581605,101.092530543454,18.007644093459227,14.99205190128496,False
1446,0,arb,submission,buy,0.060429232868438494,6.084619191185993,100.6290133169472,-0.003685112134992785,100.81054936633271,100.68220324769685,15.007644093459227,17.99205190128496,True
1447,0,arb,submission,buy,0.03512696521577304,3.5346094491960685,100.5883973695713,-0.001244313684781062,100.73958375147785,100.64156582420948,17.994159259048335,14.99205190128496,True
1447,1,retail,submission,buy,0.0030447964954693897,0.3061702541235718,100.5883973695713,0.00010094567218127404,100.73343783799454,100.65060725598096,14.994159259048335,17.99205190128496,False
1447,2,retail,normalizer,buy,0.0025870427573601927,0.26013951825734694,100.5883973695713,0.0,100.73343783799454,100.65060725598096,14.994159259048335,17.99205190128496,False
1450,0,arb,submission,sell,0.021292633221506208,2.1492054778679193,100.95815070131803,-0.0004593957367950985,100.77650627259044,100.90483680007902,17.994159259048335,14.99205190128496,True
1451,0,arb,submission,sell,0.005719570760177817,0.577296942324933,100.93940879323831,-3.314875850846111e-05,100.78807990768698,100.89577623718918,14.994159259048335,17.99205190128496,False
1452,0,retail,submission,buy,0.0911083970928079,9.160505560730599,100.8494055865632,0.027722130023640545,100.60423320704841,100.50646099085439,17.994159259048335,14.99205190128496,True
1452,1,retail,normalizer,buy,0.049098946456712325,4.934580069615549,100.8494055865632,0.0,100.60423320704841,100.50646099085439,17.994159259048335,14.99205190128496,True
1453,0,arb,submission,sell,0.03302118134450893,3.3281608855307754,100.82206112826485,-0.0011026785128231964,100.67090817094189,100.76881909207839,14.994159259048335,17.99205190128496,True
1454,0,arb,submission,sell,0.02423753977477361,2.445007736099494,100.90143214994464,-0.0005947389664093805,100.71988976952906,100.84814820059384,12.605572309996179,18.590301028018374,True
1454,1,retail,submission,sell,0.014364165809610085,1.4496607513010569,100.90143214994464,0.00029584947213012747,101.36581738824523,100.82309912771342,15.605572309996179,15.010924279515649,False
1454,2,retail,submission,sell,0.131052268002108,13.241411084797843,100.90143214994464,0.01804955688678156,101.36581738824523,100.82309912771342,15.605572309996179,15.010924279515649,False
1454,3,retail,normalizer,sell,0.05585558219550535,5.647866278533034,100.90143214994464,0.0,101.36581738824523,100.82309912771342,15.605572309996179,15.010924279515649,False
1454,4,retail,submission,sell,0.17256241146644413,17.49309935501828,100.90143214994464,0.08130490280603908,101.36581738824523,100.82309912771342,15.605572309996179,15.010924279515649,False
1454,5,retail,normalizer,sell,0.18473656818875384,18.72495495257906,100.90143214994464,0.0,101.36581738824523,100.82309912771342,15.605572309996179,15.010924279515649,False
1455,0,arb,submission,buy,0.08992427391488991,9.092803223069495,101.02490474379343,-0.008212016662954014,101.1828063038237,101.0744432762121,12.605572309996179,18.006429219887245,True
1455,1,retail,submission,buy,0.0588197259967514,5.9405323010669235,101.02490474379343,0.0017249148109161894,101.07791582546805,101.09774905117246,15.605572309996179,15.006429219887245,False
1455,2,retail,normalizer,buy,0.002174342225334018,0.21947405109676765,101.02490474379343,0.0,101.07791582546805,101.09774905117246,15.605572309996179,15.006429219887245,False
1455,3,retail,submission,sell,0.07598401591329207,7.696617965300856,101.02490474379343,0.020339995609640837,101.07791582546805,101.09774905117246,15.605572309996179,15.006429219887245,False
1455,4,retail,submission,buy,0.06889369778284658,6.959667797969814,101.02490474379343,0.0003114579899543557,101.07791582546805,101.09774905117246,15.605572309996179,15.006429219887245,False
1457,0,retail,submission,sell,0.11238005852338517,11.3890815836842,101.02994684891485,0.035330244188656934,101.3067074796853,101.40924146398253,12.605572309996179,17.993930384767562,True
1458,0,arb,submission,buy,0.07302345082092944,7.38302045869932,101.03062434106204,-0.005415630721979703,101.15813996587048,101.08013931526696,15.605572309996179,14.993930384767562,True
1458,1,retail,submission,sell,0.2747774082156269,27.914857802482494,101.03062434106204,0.15392469563883893,101.72597691134696,101.09630625535844,15.605572309996179,14.993930384767562,False
1458,2,retail,normalizer,sell,0.1601536564977124,16.288937237211854,101.03062434106204,0.0,101.72597691134696,101.09630625535844,15.605572309996179,14.993930384767562,False
1458,3,retail,submission,sell,0.003109890174542329,0.3169169516765428,101.03062434106204,0.0027228057103969028,101.72597691134696,101.09630625535844,15.605572309996179,14.993930384767562,False
1458,4,retail,normalizer,sell,0.018019090727932507,1.8359803886939767,101.03062434106204,0.0,101.72597691134696,101.09630625535844,15.605572309996179,14.993930384767562,False
1459,0,arb,submission,buy,0.22272958677920512,22.571400601795176,101.1131397912243,-0.050512758147785775,101.27117926231396,101.16269404284321,12.605572309996179,17.993930384767562,True
1459,1,arb,normalizer,buy,0.091319299250676,9.24205495437127,101.1131397912243,0.0,101.27117926231396,101.16269404284321,12.605572309996179,17.993930384767562,True
1460,0,arb,submission,buy,0.020384434759769497,2.061331188217082,101.10208985807844,-0.0004222334287287133,101.22969568296351,101.15163985743793,15.605572309996179,14.993930384767562,True
1460,1,arb,normalizer,buy,0.005442598260258276,0.5502881277225242,101.10208985807844,0.0,101.22969568296351,101.15163985743793,15.605572309996179,14.993930384767562,True
1460,2,retail,submission,buy,0.07889158804916123,7.967394309016527,101.10208985807844,0.008710114976278938,100.17650679750446,101.16781823345531,15.605572309996179,14.993930384767562,False
1460,3,retail,normalizer,buy,0.09391119408326894,9.485674365327213,101.10208985807844,0.0,100.17650679750446,101.16781823345531,15.605572309996179,14.993930384767562,False
1460,4,retail,submission,buy,0.4428878358584866,44.50807525093114,101.10208985807844,0.26881052708346687,100.17650679750446,101.16781823345531,15.605572309996179,14.993930384767562,False
1460,5,retail,normalizer,buy,0.4282994816832942,43.035551612918425,101.10208985807844,0.0,100.17650679750446,101.16781823345531,15.605572309996179,14.993930384767562,False
1461,0,arb,submission,sell,0.3244876512332837,32.660926080028595,100.98179619899764,-0.10641978590228973,100.83038479676401,100.93233055966171,12.605572309996179,17.993930384767562,True
1461,1,arb,normalizer,sell,0.16252716434165393,16.385563754754962,100.98179619899764,0.0,100.83038479676401,100.93233055966171,12.605572309996179,17.993930384767562,True
1462,0,arb,submission,sell,0.021947854256922028,2.217488551957349,101.056683783547,-0.0004888154117961285,100.87484309025534,101.00718029923567,15.605572309996179,14.993930384767562,True
1462,1,arb,normalizer,sell,0.03693398259339631,3.7310425951338693,101.056683783547,0.0,100.87484309025534,101.00718029923567,15.605572309996179,14.993930384767562,True
1465,0,arb,submission,sell,0.08514947189232203,8.609701014911026,101.19934086270081,-0.007369415399031354,101.04760327551283,101.14976865974369,15.76288936686008,15.750762754144628,True
1465,1,arb,normalizer,sell,0.07024391053992929,7.103625283717003,101.19934086270081,0.0,101.04760327551283,101.14976865974369,15.76288936686008,15.750762754144628,True
1466,0,arb,submission,sell,0.03067077616086067,3.105054932005945,101.2694472029785,-0.000957615090706021,101.10994009926475,101.2183579012247,17.56584089771708,17.552980475953277,True
1466,1,arb,normalizer,sell,0.03446574121291235,3.4891182174180435,101.2694472029785,0.0,101.10994009926475,101.2183579012247,17.56584089771708,17.552980475953277,True
1467,0,arb,submission,sell,0.0066387683297790545,0.672470666652871,101.30125455342373,-4.489384328465462e-05,101.12344065908715,101.20967528350677,18.283737283260162,18.27350845355807,False
1467,1,arb,normalizer,sell,0.015625357778830562,1.5826198257165494,101.30125455342373,0.0,101.12344065908715,101.20967528350677,18.283737283260162,18.27350845355807,False
1467,2,retail,submission,buy,0.04933141928673241,4.976977441279814,101.30125455342373,0.02035722136714302,101.02336830830893,101.20168793301879,17.279875402475824,17.25871249085359,False
1468,0,arb,submission,sell,0.09873484384964115,10.00169656588502,101.39917779598305,-0.00993542028336769,101.22417587034408,101.34310991221886,18.966683102580387,18.952591898297488,True
1468,1,arb,normalizer,sell,0.048058615521981096,4.870750503842749,101.39917779598305,0.0,101.22417587034408,101.34310991221886,18.966683102580387,18.952591898297488,True
1468,2,retail,submission,sell,0.15685037927485723,15.932341073969646,101.39917779598305,0.027841578511022647,101.54441243239167,101.3335814556293,17.843939952304325,17.868880771884243,False
1468,3,retail,normalizer,sell,0.1653755815227953,16.796877595341357,101.39917779598305,0.0,101.54441243239167,101.3335814556293,17.843939952304325,17.868880771884243,False
1469,0,retail,submission,buy,0.033906726622721976,3.435723087137376,101.39605309304929,0.002285165711649384,101.24523843579402,101.36191227193444,18.5071691352207,18.49334843808544,False
1469,1,retail,submission,buy,0.11288503164556445,11.419735728897649,101.39605309304929,0.02636093324655242,101.24523843579402,101.36191227193444,18.5071691352207,18.49334843808544,False
1469,2,retail,normalizer,buy,0.039352367967273386,3.978043477887695,101.39605309304929,0.0,101.24523843579402,101.36191227193444,18.5071691352207,18.49334843808544,False
1470,0,arb,submission,sell,0.021121306371881587,2.1428491099876323,101.47594926301036,-0.00045550377392133967,101.2882862542297,101.41583683404856,20.10503620226361,20.089934319435507,True
1470,1,retail,submission,buy,0.4918171968532634,49.47079136260072,101.47594926301036,0.4368255519570141,100.29496492740033,101.40562126306673,23.10503620226361,17.089934319435507,False
1470,2,retail,normalizer,buy,0.47392682849886836,47.662562233899735,101.47594926301036,0.0,100.29496492740033,101.40562126306673,23.10503620226361,17.089934319435507,False
1471,0,arb,submission,sell,0.5403981230894459,54.587419593951566,101.56299383019312,-0.2970316472297725,101.38942334080882,101.4976305281973,22.291996271924464,16.279196182180936,True
1471,1,arb,normalizer,sell,0.42660570476941473,43.14215136697912,101.56299383019312,0.0,101.38942334080882,101.4976305281973,22.291996271924464,16.279196182180936,True
1471,2,retail,submission,sell,0.03658576380594525,3.7168272056052363,101.56299383019312,0.0010675019091159754,101.46416644623794,101.48652295107887,21.425759760833504,15.423115985058335,False
1471,3,retail,normalizer,sell,0.0325756905838972,3.309569538702827,101.56299383019312,0.0,101.46416644623794,101.48652295107887,21.425759760833504,15.423115985058335,False
1472,0,retail,submission,buy,0.04523118920790449,4.577430830038793,101.50672315676923,0.013838970939415773,101.37197100590488,101.21448698075498,22.930306139778565,16.948962947549234,True
1473,0,retail,submission,sell,0.03940343543908398,4.002773522352747,101.36071304972161,0.008813209638524722,101.71056703365396,101.54878048071734,21.4757780829646,21.463086709020267,False
1473,1,retail,submission,sell,0.12605493305562732,12.828525536697722,101.36071304972161,0.05150763874441466,101.71056703365396,101.54878048071734,21.4757780829646,21.463086709020267,False
1473,2,retail,normalizer,sell,0.13125980732542075,13.357532016697576,101.36071304972161,0.0,101.71056703365396,101.54878048071734,21.4757780829646,21.463086709020267,False
1474,0,arb,submission,buy,0.09182529656313947,9.310941360627112,101.30482073709368,-0.008596153167804488,101.52284895454346,101.37451814517303,21.45159488018955,21.4691403982797,True
1475,0,arb,submission,buy,0.016605500731595904,1.6819405422047566,101.27124780549552,-0.0002807626809706587,101.48895780626276,101.34089265609026,22.74239975242132,22.759919676614132,True
1475,1,arb,normalizer,buy,0.00834238948963388,0.8449150195283437,101.27124780549552,0.0,101.48895780626276,101.34089265609026,22.74239975242132,22.759919676614132,True
1475,2,retail,submission,buy,0.15406688898481874,15.576406675645558,101.27124780549552,0.026139417357789796,101.50658598030131,101.36363510152198,22.74239975242132,22.759919676614132,False
1475,3,retail,normalizer,buy,0.16056041726389902,16.233962707316095,101.27124780549552,0.0,101.50658598030131,101.36363510152198,22.74239975242132,22.759919676614132,False
1475,4,retail,submission,sell,0.16233621228496986,16.48385984172046,101.27124780549552,0.043869059603750316,101.50658598030131,101.36363510152198,22.74239975242132,22.759919676614132,False
1475,5,retail,normalizer,sell,0.07521194413106969,7.6438340184349975,101.27124780549552,0.0,101.50658598030131,101.36363510152198,22.74239975242132,22.759919676614132,False
1479,0,retail,submission,sell,0.009161249021317985,0.9321344822778505,101.42810424091905,0.002926361566592206,101.52532669490873,101.37366235035047,24.85384922578533,19.759919676614132,False
1479,1,retail,normalizer,sell,0.02409109989417857,2.4508415316040186,101.42810424091905,0.0,101.52532669490873,101.37366235035047,24.85384922578533,19.759919676614132,False
1480,0,retail,submission,sell,0.1300258895420825,13.244409477547627,101.41585061971473,0.057723287052260375,101.79187477220596,101.38288829534378,21.85384922578533,22.759919676614132,False
1480,1,retail,normalizer,sell,0.11516749913523938,11.732700510251576,101.41585061971473,0.0,101.79187477220596,101.38288829534378,21.85384922578533,22.759919676614132,False
1481,0,arb,submission,buy,0.05131043012419338,5.208880000160207,101.46457029390943,-0.0026892560132596444,101.68679508270851,101.53710461360374,18.85384922578533,25.759919676614135,True
1481,1,retail,submission,buy,0.5720272952108408,57.72560227993745,101.46457029390943,0.31490142501779417,100.60600243135569,101.57123455853797,18.057290255315767,16.759919676614135,False
1481,2,retail,normalizer,buy,0.5171056942909494,52.15425834860798,101.46457029390943,0.0,100.60600243135569,101.57123455853797,18.057290255315767,16.759919676614135,False
1481,3,retail,submission,sell,0.11800844338971217,11.904053359548,101.46457029390943,-0.06962264004228302,100.60600243135569,101.57123455853797,18.057290255315767,16.759919676614135,False
1481,4,retail,normalizer,sell,0.02613829716166549,2.6391211957936154,101.46457029390943,0.0,100.60600243135569,101.57123455853797,18.057290255315767,16.759919676614135,False
1481,5,retail,submission,buy,0.07845994045206069,7.8840650821694,101.46457029390943,0.07683906108465965,100.60600243135569,101.57123455853797,18.057290255315767,16.759919676614135,False
1482,0,arb,submission,sell,0.20922733854712305,21.129206017693853,101.19920867136848,-0.04443507569150995,101.02959961050158,101.17092040617531,15.057290255315769,17.991613030728384,True
1482,1,arb,normalizer,sell,0.10104947353326565,10.21575766510247,101.19920867136848,0.0,101.02959961050158,101.17092040617531,15.057290255315769,17.991613030728384,True
1482,2,retail,submission,sell,0.019804691639720318,2.0048655214472717,101.19920867136848,0.0006463995271084322,101.06983430626985,101.16611218754753,18.005712805242403,14.991613030728384,False
1482,3,retail,normalizer,sell,0.025958169954648724,2.627631390595326,101.19920867136848,0.0,101.06983430626985,101.16611218754753,18.005712805242403,14.991613030728384,False
1485,0,arb,submission,buy,0.05887606562499125,5.936372306445264,100.7687401100547,-0.0035053507779956306,100.9505086967684,100.82200006671509,15.005712805242403,17.991613030728384,True
1486,0,retail,submission,buy,0.34281903378597195,34.43738478320847,100.8863611467626,0.14838006730730058,100.25968137271184,100.83105705843876,18.005712805242403,14.991613030728384,False
1486,1,retail,normalizer,buy,0.2669756169511415,26.798200934086708,100.8863611467626,0.0,100.25968137271184,100.83105705843876,18.005712805242403,14.991613030728384,False
1487,0,arb,submission,sell,0.28230184640726463,28.426340592063305,100.98028383547233,-0.08057998542019362,100.82889810157286,100.92694026425698,15.66473367740854,15.653071006709752,True
1487,1,arb,normalizer,sell,0.1323573395469424,13.347755250205344,100.98028383547233,0.0,100.82889810157286,100.92694026425698,15.66473367740854,15.653071006709752,True
1489,0,retail,submission,sell,0.027963272393947136,2.8247194055071083,100.85577867508748,0.004461793911992196,100.88554530421011,100.99305128588465,17.987606552428666,17.974825883235553,True
1489,1,retail,normalizer,sell,0.031284534033375166,3.1601130955541845,100.85577867508748,0.0,100.88554530421011,100.99305128588465,17.987606552428666,17.974825883235553,True
1492,0,arb,submission,sell,0.0010597587505856154,0.10710800226507315,101.06936349326473,-1.1401130324967257e-06,100.88769307217262,100.9844418747453,19.307862735497473,19.29636054742999,False
1492,1,arb,normalizer,sell,0.012645229579405282,1.2778830957268568,101.06936349326473,0.0,100.88769307217262,100.9844418747453,19.307862735497473,19.29636054742999,False
1493,0,arb,submission,sell,0.004307299625452288,0.4354125114920144,101.09149298865202,-1.8838394419073978e-05,100.89642319895331,100.97652186470663,19.945645736972676,19.93612307420341,False
1493,1,arb,normalizer,sell,0.010904187974389856,1.1021999834664418,101.09149298865202,0.0,100.89642319895331,100.97652186470663,19.945645736972676,19.93612307420341,False
1494,0,arb,submission,sell,0.07053352680289038,7.135852291111713,101.24137947479554,-0.005059261635373957,101.03954341465437,101.17673266100125,21.381618089768434,21.365335810338593,True
1494,1,arb,normalizer,sell,0.07376160792304631,7.462196956772622,101.24137947479554,0.0,101.03954341465437,101.17673266100125,21.381618089768434,21.365335810338593,True
1495,0,arb,submission,sell,0.012591864437808908,1.2751617135806073,101.2815170752661,-0.000161419486771619,101.06512571289674,101.21219505389138,22.66043529896192,22.642985670054,True
1495,1,arb,normalizer,sell,0.0197245743362231,1.9973389246668762,101.2815170752661,0.0,101.06512571289674,101.21219505389138,22.66043529896192,22.642985670054,True
1496,0,arb,submission,sell,0.03140215112273381,3.181869260969023,101.35847217190397,-0.0010047997425148836,101.12896632861126,101.2849453478194,23.80086024970318,23.782365985005708,True
1496,1,arb,normalizer,sell,0.03778479889723485,3.8283553450596215,101.35847217190397,0.0,101.12896632861126,101.2849453478194,23.80086024970318,23.782365985005708,True
1496,2,retail,submission,buy,0.07655248152532738,7.71732056293331,101.35847217190397,0.04192200544177904,100.97381066015582,101.27245109319091,26.800860249703184,20.78236598500571,False
1496,3,retail,normalizer,buy,0.008789911845532183,0.8855164507112931,101.35847217190397,0.0,100.97381066015582,101.27245109319091,26.800860249703184,20.78236598500571,False
1497,0,arb,submission,sell,0.044060458685564186,4.46019237059523,101.27375213526433,-0.0019756012926519517,101.06328131710934,101.19658529936443,25.869882008973924,19.854064261105098,True
1497,1,retail,submission,sell,0.13361631047692413,13.548765799174708,101.27375213526433,0.016940690706171324,101.67815406365115,101.17141077427532,24.088144363534248,19.854064261105098,False
1497,2,retail,normalizer,sell,0.09621938818170861,9.760371983091327,101.27375213526433,0.0,101.67815406365115,101.17141077427532,24.088144363534248,19.854064261105098,False
1497,3,retail,submission,sell,0.16760726761475553,17.041966514435803,101.27375213526433,0.06774963795013633,101.67815406365115,101.17141077427532,24.088144363534248,19.854064261105098,False
1497,4,retail,normalizer,sell,0.15278077290375336,15.536773274820352,101.27375213526433,0.0,101.67815406365115,101.17141077427532,24.088144363534248,19.854064261105098,False
1498,0,arb,submission,buy,0.06704202031113064,6.795705701892075,101.29655666281172,-0.004579892656255247,101.54115045190419,101.35068481753306,21.088144363534248,22.8540642611051,True
1499,0,arb,submission,buy,0.0764540508096135,7.740909966534673,101.17140116364511,-0.005946521489559764,101.3852037449351,101.24263572986278,24.088144363534248,19.8540642611051,True
1499,1,arb,normalizer,buy,0.03355716037507203,3.39616952706092,101.17140116364511,0.0,101.3852037449351,101.24263572986278,24.088144363534248,19.8540642611051,True
1499,2,retail,submission,sell,0.13418217029794732,13.649591781949434,101.17140116364511,0.0741936017272593,101.6597196559749,101.25475059317307,21.088144363534248,22.8540642611051,False
1499,3,retail,normalizer,sell,0.0393724890055438,4.008968117416385,101.17140116364511,0.0,101.6597196559749,101.25475059317307,21.088144363534248,22.8540642611051,False
