step,fair_price,submission_spot,internal_pool_price_y_per_x,normalizer_spot,internal_price_estimate,p_low,p_high,bid_fee_bps,ask_fee_bps,lambda_hat,arb_hat,stale_hat,inventory_signed,required_no_arb_bid_bps,required_no_arb_ask_bps
0,100.0,100.0198226225385,100.0198226225385,100.00979155016637,100.14009804574935,99.72976513693314,100.29999999999998,28.999999999999996,28.999999999999996,0.8160000000000001,0.55,7.210760513024374e-05,0.0006008966370954095,0.0,12.010715543329109
1,99.83181263869632,100.0198226225385,100.0198226225385,100.00979155016637,100.14009804574935,99.72976513693314,100.29999999999998,28.999999999999996,28.999999999999996,0.8160000000000001,0.55,7.210760513024374e-05,0.0006008966370954095,0.0,12.010715543329109
2,99.67839436360673,99.67348321488248,99.67348321488248,99.68348055522502,99.99974637964928,99.67839436360673,100.25905369640428,28.999999999999996,28.999999999999996,0.9247616000000001,0.45220000000000005,0.000179633755413985,0.001633985514379287,0.0,32.626399223868454
3,99.8426241003642,99.67348321488248,99.67348321488248,99.68348055522502,99.99974637964928,99.67839436360673,100.25905369640428,28.999999999999996,28.999999999999996,0.9247616000000001,0.45220000000000005,0.000179633755413985,0.001633985514379287,0.0,32.626399223868454
4,99.81775621291175,99.37261055780354,99.37261055780354,99.38257772034693,99.99880291759135,99.39398708188521,100.54593629128675,0.0,97.61998559161208,0.8907806720000001,0.40698000000000006,0.0005457569565862114,0.003140833226148987,0.0,62.61998559161208
5,99.83778655022516,99.37261055780354,99.37261055780354,99.53827319057449,99.99880291759135,99.39398708188521,100.54593629128675,0.0,97.61998559161208,0.8907806720000001,0.40698000000000006,0.0005457569565862114,0.003140833226148987,0.0,62.61998559161208
6,99.88589919778433,99.06879039462903,99.06879039462903,99.36689106783255,99.9978877678998,99.02176697320112,100.92388571067264,0.0,127.91169983782542,0.8595182182400002,0.36628200000000005,0.0010730876673886386,0.004667267178247696,0.0,92.91169983782544
7,99.90120370558397,99.06879039462903,99.06879039462903,99.60150009446721,99.9978877678998,99.02176697320112,100.92388571067264,0.0,127.91169983782542,0.8595182182400002,0.36628200000000005,0.0010730876673886386,0.004667267178247696,0.0,92.91169983782544
8,100.04203460294946,99.06879039462903,99.06879039462903,99.74190849914059,99.9978877678998,99.02176697320112,100.92388571067264,0.0,127.91169983782542,0.8595182182400002,0.36628200000000005,0.0010730876673886386,0.004667267178247696,0.0,92.91169983782544
9,100.0454739906732,99.06879039462903,99.06879039462903,99.5356350493726,99.9978877678998,99.02176697320112,100.92388571067264,0.0,127.91169983782542,0.8595182182400002,0.36628200000000005,0.0010730876673886386,0.004667267178247696,0.0,92.91169983782544
10,100.06520297664015,99.06879039462903,99.06879039462903,99.56518802148787,99.9978877678998,99.02176697320112,100.92388571067264,0.0,127.91169983782542,0.8595182182400002,0.36628200000000005,0.0010730876673886386,0.004667267178247696,0.0,92.91169983782544
11,99.91246127540013,99.06879039462903,99.06879039462903,99.5227626086364,99.9978877678998,99.02176697320112,100.92388571067264,0.0,127.91169983782542,0.8595182182400002,0.36628200000000005,0.0010730876673886386,0.004667267178247696,0.0,92.91169983782544
12,99.99262688241636,99.06879039462903,99.06879039462903,99.81825180987262,99.9978877678998,99.02176697320112,100.92388571067264,0.0,127.91169983782542,0.8595182182400002,0.36628200000000005,0.0010730876673886386,0.004667267178247696,0.0,92.91169983782544
13,99.95253665671771,99.06879039462903,99.06879039462903,99.81825180987262,99.9978877678998,99.02176697320112,100.92388571067264,0.0,127.91169983782542,0.8595182182400002,0.36628200000000005,0.0010730876673886386,0.004667267178247696,0.0,92.91169983782544
14,100.03152588873687,99.06879039462903,99.06879039462903,99.81825180987262,99.9978877678998,99.02176697320112,100.92388571067264,0.0,127.91169983782542,0.8595182182400002,0.36628200000000005,0.0010730876673886386,0.004667267178247696,0.0,92.91169983782544
15,100.05654516501023,99.14902194072656,99.14902194072656,100.13238523533114,100.12385687195554,99.14902194072656,100.43368629421373,0.0,127.91169983782542,0.7996456496696891,0.4296538000000001,0.001595742277594904,0.004891959894579195,0.0,97.36290247744472
16,99.97388834514528,99.14902194072656,99.14902194072656,100.13238523533114,100.12385687195554,99.14902194072656,100.43368629421373,0.0,127.91169983782542,0.7996456496696891,0.4296538000000001,0.001595742277594904,0.004891959894579195,0.0,97.36290247744472
17,100.07719565982246,99.4364761722515,99.4364761722515,99.73568322191727,100.11120315209533,98.51012190282643,101.0850618558349,0.0,102.39774956242783,0.9130257182029689,0.29388319920000006,0.0019468519069294715,0.0033812820180540415,0.0,67.39774956242783
18,100.13557486812107,99.06475221428306,99.06475221428306,99.36284073649253,100.24865875873962,99.56231996885258,100.5923631296165,0.0,153.09699592148948,1.5017580591983113,0.21053224227212802,0.0026625695306639065,0.00593992415601582,0.0,118.09699592148948
19,100.11344546636744,99.06475221428306,99.06475221428306,99.86733867300553,100.24865875873962,99.56231996885258,100.5923631296165,0.0,153.09699592148948,1.5017580591983113,0.21053224227212802,0.0026625695306639065,0.00593992415601582,0.0,118.09699592148948
20,100.0115430175656,99.06475221428306,99.06475221428306,99.86733867300553,100.24865875873962,99.56231996885258,100.5923631296165,0.0,153.09699592148948,1.5017580591983113,0.21053224227212802,0.0026625695306639065,0.00593992415601582,0.0,118.09699592148948
21,99.98132429804349,99.06475221428306,99.06475221428306,99.77695354406448,100.24865875873962,99.56231996885258,100.5923631296165,0.0,153.09699592148948,1.5017580591983113,0.21053224227212802,0.0026625695306639065,0.00593992415601582,0.0,118.09699592148948
22,99.88417390966177,99.72705388193144,99.72705388193143,100.97375050724415,100.24347515502662,98.30828520499996,101.87553392320297,0.0,86.51669695175111,1.4016174144624465,0.18947901804491524,0.0028127144766385216,0.0025824869073569727,0.0,51.51669695175109
23,99.92738125027716,99.72705388193144,99.72705388193143,100.22806544661702,100.24347515502662,98.30828520499996,101.87553392320297,0.0,86.51669695175111,1.4016174144624465,0.18947901804491524,0.0028127144766385216,0.0025824869073569727,0.0,51.51669695175109
24,99.75791687241569,99.72705388193144,99.72705388193143,100.05809114585325,100.24347515502662,98.30828520499996,101.87553392320297,0.0,86.51669695175111,1.4016174144624465,0.18947901804491524,0.0028127144766385216,0.0025824869073569727,0.0,51.51669695175109
25,100.03476597428987,99.72705388193144,99.72705388193143,100.08746109149455,100.24347515502662,98.30828520499996,101.87553392320297,0.0,86.51669695175111,1.4016174144624465,0.18947901804491524,0.0028127144766385216,0.0025824869073569727,0.0,51.51669695175109
26,100.12666195291955,100.3497840142902,100.34978401429021,100.92187741062095,100.23714682208046,97.02355356923741,103.22451276933377,0.0,86.51669695175111,1.2744006566182517,0.12960364834272203,0.0025451818287288847,-0.0005615380410881596,11.2244578616838,0.0
27,99.99357893239292,99.99357893239292,99.99357893239292,100.29446231935098,100.20232663481873,99.99357893239292,100.86624032709712,0.0,86.51669695175111,1.2524486040887917,0.21664328350844986,0.002517597021352965,0.0010427171416636284,0.0,20.83262030297739
28,100.0667984022594,99.99357893239292,99.99357893239292,100.3084723560434,100.20232663481873,99.99357893239292,100.86624032709712,0.0,86.51669695175111,1.2524486040887917,0.21664328350844986,0.002517597021352965,0.0010427171416636284,0.0,20.83262030297739
29,100.06716708468291,99.99357893239292,99.99357893239292,100.4043608886838,100.20232663481873,99.99357893239292,100.86624032709712,0.0,86.51669695175111,1.2524486040887917,0.21664328350844986,0.002517597021352965,0.0010427171416636284,0.0,20.83262030297739
30,99.9609806902627,99.96098069026269,99.9609806902627,100.26176598822737,100.16966034023739,99.9609806902627,100.83335759442514,0.0,86.51669695175111,1.178919382428355,0.29497895515760486,0.002491667302419627,0.0010427171416638756,0.0,20.83262030298183
31,99.9593766071862,99.95937660718619,99.95937660718619,100.26015707842147,100.17644973320066,99.39019168166774,101.41243457617563,0.0,86.51669695175111,1.1646058318340868,0.2654810596418444,0.0024723227982077285,0.0010846290241172303,0.0,21.669077571884188
32,99.93533851370407,99.93533851370404,99.93533851370405,100.33265126411474,100.14396463278705,99.93533851370405,100.80749163412159,0.0,86.51669695175111,1.15143736528736,0.33893295367765996,0.002449109532663098,0.001042717141663793,0.0,20.83262030298072
33,99.76435864217486,99.73861367023069,99.73861367023069,100.03872985981013,100.00541873067844,99.76435864217487,100.63501959144754,0.0,86.51669695175111,1.3066714533302097,0.3078301403155194,0.002379413540389045,0.0013357348264214615,0.0,26.67906037834622
34,99.71639940972189,99.82042181126313,99.82042181126313,100.38949731748488,99.92816611316385,99.71639940972187,100.58664181041244,0.0,86.51669695175111,1.7220925992296117,0.21778242014161964,0.0021629307195212863,0.0005393995673275188,0.0,10.782175445780418
35,99.78298073759346,99.78298073759343,99.78298073759345,100.15637976598988,99.99128879289621,99.78298073759345,100.65380420513914,0.0,86.51669695175111,1.664325191291243,0.2960041781274577,0.0021582809786978158,0.0010427171416635768,0.0,20.83262030297628
36,99.81760794956308,100.04018128234456,100.04018128234456,100.61050963572909,99.99806609602585,99.30819276498805,101.13502548510615,0.0,86.51669695175111,1.6111791759879437,0.26640376031471197,0.002054048400678013,-0.00021053566940647906,4.209827069370231,0.0
37,99.79267885731696,99.79267885731696,99.79267885731697,100.09295773050846,100.00100715852192,99.79267885731697,100.6635869620441,0.0,86.51669695175111,1.5622848419089084,0.3397633842832408,0.0020559315989851857,0.0010427171416639964,0.0,20.83262030298405
38,99.7554356748064,99.72842845918304,99.72842845918304,100.02851400118656,99.96549296376547,99.7554356748064,100.62601875178736,0.0,86.51669695175111,1.6014956025538327,0.30839815484973676,0.0020054680892791672,0.0011871393124697708,0.0,23.714633675478993
39,99.81790572786922,99.72842845918304,99.72842845918304,100.02851400118656,99.96549296376547,99.7554356748064,100.62601875178736,0.0,86.51669695175111,1.6014956025538327,0.30839815484973676,0.0020054680892791672,0.0011871393124697708,0.0,23.714633675478993
40,99.67022798737001,99.35079482431337,99.35079482431337,99.71648948754991,99.8818966370318,99.67022798737003,100.5400674420089,0.0,88.1729803498271,1.6669779306262518,0.21807769681708716,0.002029299402963448,0.0026657362746187337,0.0,53.17298034982709
41,99.77042467088437,99.24365548502689,99.24365548502689,99.54228233202299,99.88855863713427,99.23736999917749,100.97860759403078,0.0,99.5622642779453,1.6136196961761518,0.19626992713537844,0.0022961709187207767,0.0032385676770095833,0.0,64.56226427794532
42,99.79749882275844,98.62371192465778,98.6237119246578,98.9204733446918,99.8950212017849,98.75540933024452,101.47141824201452,0.0,162.26452848526804,1.5645301204820596,0.1766429344218406,0.0029268883342879774,0.006403976375959293,0.0,127.26452848526803
43,99.6365310168946,98.62371192465778,98.6237119246578,99.33762142384388,99.8950212017849,98.75540933024452,101.47141824201452,0.0,162.26452848526804,1.5645301204820596,0.1766429344218406,0.0029268883342879774,0.006403976375959293,0.0,127.26452848526803
44,99.80715628048948,98.62371192465778,98.6237119246578,99.507734811648,99.8950212017849,98.75540933024452,101.47141824201452,0.0,162.26452848526804,1.5645301204820596,0.1766429344218406,0.0029268883342879774,0.006403976375959293,0.0,127.26452848526803
45,99.86164820811699,98.62371192465778,98.6237119246578,99.56206326349263,99.8950212017849,98.75540933024452,101.47141824201452,0.0,162.26452848526804,1.5645301204820596,0.1766429344218406,0.0029268883342879774,0.006403976375959293,0.0,127.26452848526803
46,99.90521017802705,98.62628671204631,98.62628671204632,99.95227879081213,99.90129028898225,97.55530942779853,102.7196930908932,0.0,162.62633728230722,1.459367710843495,0.15897864097965653,0.003521961581379838,0.0064222995928134114,0.0,127.62633728230722
47,99.81547889023129,98.62628671204631,98.62628671204632,99.79752852162548,99.90129028898225,97.55530942779853,102.7196930908932,0.0,162.62633728230722,1.459367710843495,0.15897864097965653,0.003521961581379838,0.0064222995928134114,0.0,127.62633728230722
48,99.95381959097979,98.98168046874055,98.98168046874055,100.31614007032796,99.90737167946376,96.5550028552956,103.7838656462842,0.0,127.65494579250299,1.3826182939760154,0.14308077688169088,0.003869165063064722,0.004654309529482946,0.0,92.654945792503
49,100.06466462591301,98.98168046874055,98.98168046874055,100.31614007032796,99.90737167946376,96.5550028552956,103.7838656462842,0.0,127.65494579250299,1.3826182939760154,0.14308077688169088,0.003869165063064722,0.004654309529482946,0.0,92.654945792503
50,100.05896070943422,98.98168046874055,98.98168046874055,100.31614007032796,99.90737167946376,96.5550028552956,103.7838656462842,0.0,127.65494579250299,1.3826182939760154,0.14308077688169088,0.003869165063064722,0.004654309529482946,0.0,92.654945792503
51,100.19671398514092,99.23935310801994,99.23935310801994,100.20739339454721,99.91327098193682,95.23165445820732,105.22605640762299,0.0,102.4502863627313,1.2986754971246008,0.1287726991935218,0.004043087908369359,0.003383926659246429,0.0,67.45028636273132
52,100.2171072035316,99.25808543166413,99.25808543166413,100.07364285676674,100.03796489380039,99.25808543166413,100.28551338812886,0.0,102.4502863627313,1.274781457354633,0.21589542927416963,0.004270085513190233,0.003913170686838377,0.0,77.9583494090652
53,100.09681750002837,99.36251698077163,99.36251698077163,100.08985283835865,100.14321697072684,99.36251698077163,100.39102591610698,0.0,102.4502863627313,1.2527989407662625,0.2943058863467527,0.004483463261721875,0.003913170686838548,0.0,77.95834940906855
54,100.14701855631931,99.36251698077163,99.36251698077163,99.88790924151196,100.14321697072684,99.36251698077163,100.39102591610698,0.0,102.4502863627313,1.2527989407662625,0.2943058863467527,0.004483463261721875,0.003913170686838548,0.0,77.95834940906855
55,100.22188389555184,99.2706672071549,99.27066720715489,99.5693753331544,100.13517345137504,98.08401399478336,101.69960028182365,0.0,121.33392387740304,1.1925750255049616,0.26487529771207746,0.0047347080269975325,0.004335410845365208,0.0,86.33392387740302
56,100.2127152930151,99.2706672071549,99.27066720715489,99.86946126806824,100.13517345137504,98.08401399478336,101.69960028182365,0.0,121.33392387740304,1.1925750255049616,0.26487529771207746,0.0047347080269975325,0.004335410845365208,0.0,86.33392387740302
57,100.1848701987326,99.2706672071549,99.27066720715489,99.88431558813639,100.13517345137504,98.08401399478336,101.69960028182365,0.0,121.33392387740304,1.1925750255049616,0.26487529771207746,0.0047347080269975325,0.004335410845365208,0.0,86.33392387740302
58,100.22345094528544,99.2706672071549,99.27066720715489,99.57849234297905,100.13517345137504,98.08401399478336,101.69960028182365,0.0,121.33392387740304,1.1925750255049616,0.26487529771207746,0.0047347080269975325,0.004335410845365208,0.0,86.33392387740302
59,100.29814045087936,99.29318750102016,99.29318750102014,100.21120986951412,100.21869435579495,99.29318750102014,100.51274811385565,0.0,121.33392387740304,1.1171690234645648,0.3383877679408697,0.005007292237046865,0.004638855822326549,0.0,92.34872403037775
60,100.16703963150626,99.29318750102016,99.29318750102014,100.21120986951412,100.21869435579495,99.29318750102014,100.51274811385565,0.0,121.33392387740304,1.1171690234645648,0.3383877679408697,0.005007292237046865,0.004638855822326549,0.0,92.34872403037775
61,100.25082283968338,99.29318750102016,99.29318750102014,100.21120986951412,100.21869435579495,99.29318750102014,100.51274811385565,0.0,121.33392387740304,1.1171690234645648,0.3383877679408697,0.005007292237046865,0.004638855822326549,0.0,92.34872403037775
62,100.16206413652532,99.46874657220866,99.46874657220864,100.38839208483162,100.35909878806294,99.46874657220864,100.69046347525737,0.0,121.33392387740304,1.0544621682540662,0.4045489911467828,0.005241529801488401,0.004455596337182456,0.0,88.71664120206235
63,100.17462476823738,99.46874657220866,99.46874657220864,100.38839208483162,100.35909878806294,99.46874657220864,100.69046347525737,0.0,121.33392387740304,1.0544621682540662,0.4045489911467828,0.005241529801488401,0.004455596337182456,0.0,88.71664120206235
64,100.30290861472479,99.46874657220866,99.46874657220864,100.14836832344764,100.35909878806294,99.46874657220864,100.69046347525737,0.0,121.33392387740304,1.0544621682540662,0.4045489911467828,0.005241529801488401,0.004455596337182456,0.0,88.71664120206235
65,100.14014292516185,99.46874657220866,99.46874657220864,100.2613747008573,100.35909878806294,99.46874657220864,100.69046347525737,0.0,121.33392387740304,1.0544621682540662,0.4045489911467828,0.005241529801488401,0.004455596337182456,0.0,88.71664120206235
66,100.21016621821643,99.46874657220866,99.46874657220864,100.2613747008573,100.35909878806294,99.46874657220864,100.69046347525737,0.0,121.33392387740304,1.0544621682540662,0.4045489911467828,0.005241529801488401,0.004455596337182456,0.0,88.71664120206235
67,100.10242964423365,99.46874657220866,99.46874657220864,100.2613747008573,100.35909878806294,99.46874657220864,100.69046347525737,0.0,121.33392387740304,1.0544621682540662,0.4045489911467828,0.005241529801488401,0.004455596337182456,0.0,88.71664120206235
68,100.12568855280581,99.44906552002534,99.44906552002533,99.7483104513795,100.34846035218372,96.90952151447812,103.34953714700058,0.0,124.62716807032866,1.0017487186057847,0.2767115099443994,0.005115817725972024,0.004501531378990417,0.0,89.62716807032866
69,100.02448641706145,99.34923839938419,99.34923839938419,99.64818294822886,100.34032811872488,95.90962417859426,104.42699863997534,0.0,133.7728202530902,1.001608821117322,0.2490403589499595,0.0054044518215383515,0.0049631522398583105,0.0,98.7728202530902
70,100.04979316535132,99.34923839938419,99.34923839938419,99.79831237593044,100.34032811872488,95.90962417859426,104.42699863997534,0.0,133.7728202530902,1.001608821117322,0.2490403589499595,0.0054044518215383515,0.0049631522398583105,0.0,98.7728202530902
71,100.1065932140623,99.34923839938419,99.34923839938419,99.80627343442012,100.34032811872488,95.90962417859426,104.42699863997534,0.0,133.7728202530902,1.001608821117322,0.2490403589499595,0.0054044518215383515,0.0049631522398583105,0.0,98.7728202530902
72,99.97857251437262,99.34923839938419,99.34923839938419,99.66669507384199,100.34032811872488,95.90962417859426,104.42699863997534,0.0,133.7728202530902,1.001608821117322,0.2490403589499595,0.0054044518215383515,0.0049631522398583105,0.0,98.7728202530902
73,99.99031442271404,99.0298209072832,99.02982090728318,99.32780432024389,100.32760749145817,93.83385229226933,106.39488453823837,0.0,164.35488213306368,0.9414801154279363,0.22413632305496353,0.005861377524162803,0.006509848138586721,0.0,129.35488213306368
74,99.998971447244,98.90026305370714,98.90026305370712,99.19785662357785,100.30399446305299,92.96624727048469,106.58607298314668,0.0,174.94770765215492,0.9461617061937014,0.2017226907494672,0.006355312127313681,0.007046693814903809,0.0,139.94770765215492
75,99.98228289548332,98.90026305370714,98.90026305370712,99.68233604679686,100.30399446305299,92.96624727048469,106.58607298314668,0.0,174.94770765215492,0.9461617061937014,0.2017226907494672,0.006355312127313681,0.007046693814903809,0.0,139.94770765215492
76,99.90901844802292,98.90026305370714,98.90026305370712,100.20906749389074,100.30399446305299,92.96624727048469,106.58607298314668,0.0,174.94770765215492,0.9461617061937014,0.2017226907494672,0.006355312127313681,0.007046693814903809,0.0,139.94770765215492
77,99.78002056570897,98.90026305370714,98.90026305370712,99.92506214694443,100.30399446305299,92.96624727048469,106.58607298314668,0.0,174.94770765215492,0.9461617061937014,0.2017226907494672,0.006355312127313681,0.007046693814903809,0.0,139.94770765215492
78,99.68988414871204,98.90026305370714,98.90026305370712,99.92506214694443,100.30399446305299,92.96624727048469,106.58607298314668,0.0,174.94770765215492,0.9461617061937014,0.2017226907494672,0.006355312127313681,0.007046693814903809,0.0,139.94770765215492
79,99.67504948404012,98.9706558585858,98.9706558585858,100.43075696183442,100.3071628339393,98.9706558585858,100.73295582932236,0.0,174.94770765215492,0.8864687696982054,0.2815504216745205,0.006778815746843859,0.006706752332609909,0.0,133.2414293848705
80,99.58957139687402,98.9706558585858,98.9706558585858,99.7285905693376,100.3071628339393,98.9706558585858,100.73295582932236,0.0,174.94770765215492,0.8864687696982054,0.2815504216745205,0.006778815746843859,0.006706752332609909,0.0,133.2414293848705
81,99.61749865442795,99.22370246229525,99.22370246229526,100.68753672889461,100.29335480019276,97.07614276431818,102.69883434909684,0.0,141.65236396055212,0.855551268122349,0.2533953795070685,0.007015437862395337,0.005361207470548466,0.0,106.65236396055211
82,99.54824823535807,98.91087705279193,98.91087705279193,99.20850256047333,100.2764990567124,95.7137692256038,104.1606321186971,0.0,171.18564835895629,1.0943435900045977,0.17332243958283483,0.007226876469202531,0.006855966630986267,0.0,136.1856483589563
83,99.49061039623103,98.89819255714033,98.89819255714033,99.19577989683087,100.26361489436323,94.33174324502004,105.68665819210655,0.0,171.18564835895629,1.08679610280423,0.15599019562455135,0.007615978083998567,0.006855844274035206,0.0,136.18323443269963
84,99.43383804117872,98.89819255714033,98.89819255714033,99.53610577158649,100.26361489436323,94.33174324502004,105.68665819210655,0.0,171.18564835895629,1.08679610280423,0.15599019562455135,0.007615978083998567,0.006855844274035206,0.0,136.18323443269963
85,99.4773369390157,98.89819255714033,98.89819255714033,99.65110869856069,100.26361489436323,94.33174324502004,105.68665819210655,0.0,171.18564835895629,1.08679610280423,0.15599019562455135,0.007615978083998567,0.006855844274035206,0.0,136.18323443269963
86,99.49035064426421,98.89819255714033,98.89819255714033,99.65110869856069,100.26361489436323,94.33174324502004,105.68665819210655,0.0,171.18564835895629,1.08679610280423,0.15599019562455135,0.007615978083998567,0.006855844274035206,0.0,136.18323443269963
87,99.42576441344465,98.89819255714033,98.89819255714033,99.73653542138531,100.26361489436323,94.33174324502004,105.68665819210655,0.0,171.18564835895629,1.08679610280423,0.15599019562455135,0.007615978083998567,0.006855844274035206,0.0,136.18323443269963
88,99.67132778902716,98.89819255714033,98.89819255714033,99.73653542138531,100.26361489436323,94.33174324502004,105.68665819210655,0.0,171.18564835895629,1.08679610280423,0.15599019562455135,0.007615978083998567,0.006855844274035206,0.0,136.18323443269963
89,99.51823155850371,98.94670413419192,98.9467041341919,100.36802048796305,100.25371440941548,98.9467041341919,100.67003057970213,0.0,171.18564835895629,1.013185747913225,0.24039117606209623,0.007946384631049736,0.006561282776308316,0.0,130.37025938869573
90,99.54637857434544,98.94670413419192,98.9467041341919,99.84591632331538,100.25371440941548,98.9467041341919,100.67003057970213,0.0,171.18564835895629,1.013185747913225,0.24039117606209623,0.007946384631049736,0.006561282776308316,0.0,130.37025938869573
91,99.47737264894643,98.94670413419192,98.9467041341919,99.84467152782008,100.25371440941548,98.9467041341919,100.67003057970213,0.0,171.18564835895629,1.013185747913225,0.24039117606209623,0.007946384631049736,0.006561282776308316,0.0,130.37025938869573
92,99.70900155017213,98.94670413419192,98.9467041341919,99.73584915389637,100.25371440941548,98.9467041341919,100.67003057970213,0.0,171.18564835895629,1.013185747913225,0.24039117606209623,0.007946384631049736,0.006561282776308316,0.0,130.37025938869573
93,99.6566020307155,98.94670413419192,98.9467041341919,99.74964617400379,100.25371440941548,98.9467041341919,100.67003057970213,0.0,171.18564835895629,1.013185747913225,0.24039117606209623,0.007946384631049736,0.006561282776308316,0.0,130.37025938869573
94,99.51950075643003,98.94670413419192,98.9467041341919,99.74964617400379,100.25371440941548,98.9467041341919,100.67003057970213,0.0,171.18564835895629,1.013185747913225,0.24039117606209623,0.007946384631049736,0.006561282776308316,0.0,130.37025938869573
95,99.48324643001028,98.94670413419192,98.9467041341919,99.74964617400379,100.25371440941548,98.9467041341919,100.67003057970213,0.0,171.18564835895629,1.013185747913225,0.24039117606209623,0.007946384631049736,0.006561282776308316,0.0,130.37025938869573
96,99.34611993915667,98.94670413419192,98.9467041341919,99.64505510447007,100.25371440941548,98.9467041341919,100.67003057970213,0.0,171.18564835895629,1.013185747913225,0.24039117606209623,0.007946384631049736,0.006561282776308316,0.0,130.37025938869573
97,99.37388032449554,98.94670413419192,98.9467041341919,99.64505510447007,100.25371440941548,98.9467041341919,100.67003057970213,0.0,171.18564835895629,1.013185747913225,0.24039117606209623,0.007946384631049736,0.006561282776308316,0.0,130.37025938869573
98,99.43433311412235,98.94670413419192,98.9467041341919,99.64505510447007,100.25371440941548,98.9467041341919,100.67003057970213,0.0,171.18564835895629,1.013185747913225,0.24039117606209623,0.007946384631049736,0.006561282776308316,0.0,130.37025938869573
99,99.41507997406693,98.94670413419192,98.9467041341919,99.64505510447007,100.25371440941548,98.9467041341919,100.67003057970213,0.0,171.18564835895629,1.013185747913225,0.24039117606209623,0.007946384631049736,0.006561282776308316,0.0,130.37025938869573
100,99.35069861072829,98.94670413419192,98.9467041341919,99.68596767220141,100.25371440941548,98.9467041341919,100.67003057970213,0.0,171.18564835895629,1.013185747913225,0.24039117606209623,0.007946384631049736,0.006561282776308316,0.0,130.37025938869573
101,99.31230012895084,98.94670413419192,98.9467041341919,99.61113352953947,100.25371440941548,98.9467041341919,100.67003057970213,0.0,171.18564835895629,1.013185747913225,0.24039117606209623,0.007946384631049736,0.006561282776308316,0.0,130.37025938869573
102,99.27529267715619,98.79786878410762,98.7978687841076,99.09515424684815,100.23896890823472,93.40924595727982,106.54971918730847,0.0,178.76645528411115,0.9382847342340132,0.21635205845588662,0.008338461000832883,0.007240368872593621,0.0,143.76645528411115
103,99.35915560828562,98.79786878410762,98.7978687841076,99.31847206601991,100.23896890823472,93.40924595727982,106.54971918730847,0.0,178.76645528411115,0.9382847342340132,0.21635205845588662,0.008338461000832883,0.007240368872593621,0.0,143.76645528411115
104,99.30831015373661,98.79786878410762,98.7978687841076,99.31847206601991,100.23896890823472,93.40924595727982,106.54971918730847,0.0,178.76645528411115,0.9382847342340132,0.21635205845588662,0.008338461000832883,0.007240368872593621,0.0,143.76645528411115
105,99.39625841518132,98.79786878410762,98.7978687841076,99.2601708637214,100.23896890823472,93.40924595727982,106.54971918730847,0.0,178.76645528411115,0.9382847342340132,0.21635205845588662,0.008338461000832883,0.007240368872593621,0.0,143.76645528411115
106,99.66757437725408,98.79786878410762,98.7978687841076,99.51947145075488,100.23896890823472,93.40924595727982,106.54971918730847,0.0,178.76645528411115,0.9382847342340132,0.21635205845588662,0.008338461000832883,0.007240368872593621,0.0,143.76645528411115
107,99.62942520424441,98.79786878410762,98.7978687841076,99.51947145075488,100.23896890823472,93.40924595727982,106.54971918730847,0.0,178.76645528411115,0.9382847342340132,0.21635205845588662,0.008338461000832883,0.007240368872593621,0.0,143.76645528411115
108,99.72559156345892,98.79786878410762,98.7978687841076,99.51947145075488,100.23896890823472,93.40924595727982,106.54971918730847,0.0,178.76645528411115,0.9382847342340132,0.21635205845588662,0.008338461000832883,0.007240368872593621,0.0,143.76645528411115
109,99.88784049439312,98.79786878410762,98.7978687841076,100.15354176905902,100.23896890823472,93.40924595727982,106.54971918730847,0.0,178.76645528411115,0.9382847342340132,0.21635205845588662,0.008338461000832883,0.007240368872593621,0.0,143.76645528411115
110,99.88725576174753,98.79786878410762,98.7978687841076,100.16845705658073,100.23896890823472,93.40924595727982,106.54971918730847,0.0,178.76645528411115,0.9382847342340132,0.21635205845588662,0.008338461000832883,0.007240368872593621,0.0,143.76645528411115
111,99.80944283212469,98.79786878410762,98.7978687841076,100.07479234465053,100.23896890823472,93.40924595727982,106.54971918730847,0.0,178.76645528411115,0.9382847342340132,0.21635205845588662,0.008338461000832883,0.007240368872593621,0.0,143.76645528411115
112,99.82918781193709,98.79786878410762,98.7978687841076,100.07479234465053,100.23896890823472,93.40924595727982,106.54971918730847,0.0,178.76645528411115,0.9382847342340132,0.21635205845588662,0.008338461000832883,0.007240368872593621,0.0,143.76645528411115
113,99.75052490525316,98.79786878410762,98.7978687841076,99.82687309634164,100.23896890823472,93.40924595727982,106.54971918730847,0.0,178.76645528411115,0.9382847342340132,0.21635205845588662,0.008338461000832883,0.007240368872593621,0.0,143.76645528411115
114,99.86101415861818,98.3803964167782,98.3803964167782,98.67642569385976,100.2043938421856,92.4775726317715,106.18138722288334,0.0,217.02768915303812,0.8698886221619588,0.19471685261029797,0.008940381997137013,0.009184980496385584,0.0,182.02768915303812
115,99.97615891568682,98.3803964167782,98.3803964167782,99.61479602234341,100.2043938421856,92.4775726317715,106.18138722288334,0.0,217.02768915303812,0.8698886221619588,0.19471685261029797,0.008940381997137013,0.009184980496385584,0.0,182.02768915303812
116,100.08885045006282,98.3803964167782,98.3803964167782,99.78858389871264,100.2043938421856,92.4775726317715,106.18138722288334,0.0,217.02768915303812,0.8698886221619588,0.19471685261029797,0.008940381997137013,0.009184980496385584,0.0,182.02768915303812
117,99.91991129381049,98.3803964167782,98.3803964167782,99.78858389871264,100.2043938421856,92.4775726317715,106.18138722288334,0.0,217.02768915303812,0.8698886221619588,0.19471685261029797,0.008940381997137013,0.009184980496385584,0.0,182.02768915303812
118,99.91024124390898,98.3803964167782,98.3803964167782,99.78858389871264,100.2043938421856,92.4775726317715,106.18138722288334,0.0,217.02768915303812,0.8698886221619588,0.19471685261029797,0.008940381997137013,0.009184980496385584,0.0,182.02768915303812
119,99.8443945457941,98.04156094692094,98.04156094692094,98.57957455455048,100.16636466323804,92.15906729010568,106.22952953522054,0.0,247.12746648645475,0.8162975323890022,0.17524516734926818,0.009690417291045776,0.010720074435853922,0.0,212.12746648645475
120,99.82590754429455,98.04156094692094,98.04156094692094,99.21493394839935,100.16636466323804,92.15906729010568,106.22952953522054,0.0,247.12746648645475,0.8162975323890022,0.17524516734926818,0.009690417291045776,0.010720074435853922,0.0,212.12746648645475
121,99.84317580879421,98.04156094692094,98.04156094692094,99.32652888964249,100.16636466323804,92.15906729010568,106.22952953522054,0.0,247.12746648645475,0.8162975323890022,0.17524516734926818,0.009690417291045776,0.010720074435853922,0.0,212.12746648645475
122,99.65481826702141,98.04156094692094,98.04156094692094,99.35585381222035,100.16636466323804,92.15906729010568,106.22952953522054,0.0,247.12746648645475,0.8162975323890022,0.17524516734926818,0.009690417291045776,0.010720074435853922,0.0,212.12746648645475
123,99.6716606114058,98.04156094692094,98.04156094692094,99.76164323728648,100.16636466323804,92.15906729010568,106.22952953522054,0.0,247.12746648645475,0.8162975323890022,0.17524516734926818,0.009690417291045776,0.010720074435853922,0.0,212.12746648645475
124,99.60074664081897,98.04156094692094,98.04156094692094,99.85501494567386,100.16636466323804,92.15906729010568,106.22952953522054,0.0,247.12746648645475,0.8162975323890022,0.17524516734926818,0.009690417291045776,0.010720074435853922,0.0,212.12746648645475
125,99.64789407745049,98.04156094692094,98.04156094692094,99.85501494567386,100.16636466323804,92.15906729010568,106.22952953522054,0.0,247.12746648645475,0.8162975323890022,0.17524516734926818,0.009690417291045776,0.010720074435853922,0.0,212.12746648645475
126,99.6283652598802,98.04156094692094,98.04156094692094,99.85501494567386,100.16636466323804,92.15906729010568,106.22952953522054,0.0,247.12746648645475,0.8162975323890022,0.17524516734926818,0.009690417291045776,0.010720074435853922,0.0,212.12746648645475
127,99.54901074079291,98.04156094692094,98.04156094692094,99.81104113841327,100.16636466323804,92.15906729010568,106.22952953522054,0.0,247.12746648645475,0.8162975323890022,0.17524516734926818,0.009690417291045776,0.010720074435853922,0.0,212.12746648645475
128,99.60619697747717,98.04156094692094,98.04156094692094,99.66995063231434,100.16636466323804,92.15906729010568,106.22952953522054,0.0,247.12746648645475,0.8162975323890022,0.17524516734926818,0.009690417291045776,0.010720074435853922,0.0,212.12746648645475
129,99.64435532732557,98.04156094692094,98.04156094692094,99.66995063231434,100.16636466323804,92.15906729010568,106.22952953522054,0.0,247.12746648645475,0.8162975323890022,0.17524516734926818,0.009690417291045776,0.010720074435853922,0.0,212.12746648645475
130,99.65386536988849,98.04156094692094,98.04156094692094,99.66995063231434,100.16636466323804,92.15906729010568,106.22952953522054,0.0,247.12746648645475,0.8162975323890022,0.17524516734926818,0.009690417291045776,0.010720074435853922,0.0,212.12746648645475
131,99.7646940709429,98.04156094692094,98.04156094692094,99.82372944772575,100.16636466323804,92.15906729010568,106.22952953522054,0.0,247.12746648645475,0.8162975323890022,0.17524516734926818,0.009690417291045776,0.010720074435853922,0.0,212.12746648645475
132,99.74926972292187,98.04156094692094,98.04156094692094,99.93629212086262,100.16636466323804,92.15906729010568,106.22952953522054,0.0,247.12746648645475,0.8162975323890022,0.17524516734926818,0.009690417291045776,0.010720074435853922,0.0,212.12746648645475
133,99.61085816163744,98.04156094692094,98.04156094692094,99.80274151053005,100.16636466323804,92.15906729010568,106.22952953522054,0.0,247.12746648645475,0.8162975323890022,0.17524516734926818,0.009690417291045776,0.010720074435853922,0.0,212.12746648645475
134,99.60477825900712,98.04156094692094,98.04156094692094,99.80274151053005,100.16636466323804,92.15906729010568,106.22952953522054,0.0,247.12746648645475,0.8162975323890022,0.17524516734926818,0.009690417291045776,0.010720074435853922,0.0,212.12746648645475
135,99.56218257284499,98.04156094692094,98.04156094692094,99.80274151053005,100.16636466323804,92.15906729010568,106.22952953522054,0.0,247.12746648645475,0.8162975323890022,0.17524516734926818,0.009690417291045776,0.010720074435853922,0.0,212.12746648645475
136,99.6222561789081,99.71111042628807,99.71111042628807,101.74623236591012,100.1848561618292,93.72844380071078,108.37194548444322,0.0,247.12746648645475,0.7556996121508233,0.15772065061434137,0.00939338816047127,0.0023699614535858805,0.0,47.28716032449953
137,99.62126554758497,99.62126554758495,99.62126554758495,99.92102863348543,100.22134872933883,99.62126554758495,102.1455629664583,0.0,247.12746648645475,0.7752436431787574,0.24194858555290724,0.009190119419620444,0.003002778881396807,0.0,59.87578388856885
138,99.64450138955708,99.17697273627833,99.17697273627834,99.47539893307754,100.24091196297044,97.80117786271568,104.0465000030271,0.0,247.12746648645475,0.7932241517244568,0.21775372699761653,0.00927894529473166,0.005335224713152854,0.0,106.13822299273656
139,99.73642579158624,98.4631442807832,98.4631442807832,98.75942254842852,100.25989194820902,95.99762634210582,106.00126941186494,0.0,247.12746648645475,0.8097662195865003,0.19597835429785487,0.009807214118933125,0.009041466462677209,0.0,179.20901693709746
140,99.76152763617776,98.4631442807832,98.4631442807832,99.46224305326923,100.25989194820902,95.99762634210582,106.00126941186494,0.0,247.12746648645475,0.8097662195865003,0.19597835429785487,0.009807214118933125,0.009041466462677209,0.0,179.20901693709746
141,99.71391709072148,98.4631442807832,98.4631442807832,99.46224305326923,100.25989194820902,95.99762634210582,106.00126941186494,0.0,247.12746648645475,0.8097662195865003,0.19597835429785487,0.009807214118933125,0.009041466462677209,0.0,179.20901693709746
142,99.85406002283241,98.4631442807832,98.4631442807832,99.55449784276392,100.25989194820902,95.99762634210582,106.00126941186494,0.0,247.12746648645475,0.8097662195865003,0.19597835429785487,0.009807214118933125,0.009041466462677209,0.0,179.20901693709746
143,99.86875698332976,98.4631442807832,98.4631442807832,99.56915071237977,100.25989194820902,95.99762634210582,106.00126941186494,0.0,247.12746648645475,0.8097662195865003,0.19597835429785487,0.009807214118933125,0.009041466462677209,0.0,179.20901693709746
144,99.84992239922177,98.4631442807832,98.4631442807832,99.26551426507834,100.25989194820902,95.99762634210582,106.00126941186494,0.0,247.12746648645475,0.8097662195865003,0.19597835429785487,0.009807214118933125,0.009041466462677209,0.0,179.20901693709746
145,99.95864162970148,98.21032280897042,98.21032280897043,98.50584032996031,100.2299807574137,92.3177034404322,106.74080053828489,0.0,247.12746648645475,0.7583182553529136,0.17638051886806938,0.010440142649547287,0.010177660042571122,0.0,201.5023781488534
146,100.07792017308684,98.21032280897042,98.21032280897043,99.8250266192869,100.2299807574137,92.3177034404322,106.74080053828489,0.0,247.12746648645475,0.7583182553529136,0.17638051886806938,0.010440142649547287,0.010177660042571122,0.0,201.5023781488534
147,99.91384352712527,98.21032280897042,98.21032280897043,99.8250266192869,100.2299807574137,92.3177034404322,106.74080053828489,0.0,247.12746648645475,0.7583182553529136,0.17638051886806938,0.010440142649547287,0.010177660042571122,0.0,201.5023781488534
148,100.099172194197,98.21032280897042,98.21032280897043,99.87653672565425,100.2299807574137,92.3177034404322,106.74080053828489,0.0,247.12746648645475,0.7583182553529136,0.17638051886806938,0.010440142649547287,0.010177660042571122,0.0,201.5023781488534
149,100.03978066385694,98.21032280897042,98.21032280897043,99.87653672565425,100.2299807574137,92.3177034404322,106.74080053828489,0.0,247.12746648645475,0.7583182553529136,0.17638051886806938,0.010440142649547287,0.010177660042571122,0.0,201.5023781488534
150,100.13217445642728,98.21032280897042,98.21032280897043,100.01650097486606,100.2299807574137,92.3177034404322,106.74080053828489,0.0,247.12746648645475,0.7583182553529136,0.17638051886806938,0.010440142649547287,0.010177660042571122,0.0,201.5023781488534
151,100.13574039475061,98.21032280897042,98.21032280897043,100.01650097486606,100.2299807574137,92.3177034404322,106.74080053828489,0.0,247.12746648645475,0.7583182553529136,0.17638051886806938,0.010440142649547287,0.010177660042571122,0.0,201.5023781488534
152,100.1668597922917,98.21032280897042,98.21032280897043,100.01650097486606,100.2299807574137,92.3177034404322,106.74080053828489,0.0,247.12746648645475,0.7583182553529136,0.17638051886806938,0.010440142649547287,0.010177660042571122,0.0,201.5023781488534
153,100.11706000105177,99.04009908342294,99.04009908342294,101.24502134818714,100.22385243144687,93.09769313841757,107.59629369425336,0.0,244.12746648645478,0.7774691800412508,0.12064427490575948,0.010276388628282913,0.005940629697567708,0.0,118.11094059007709
154,100.27984002479009,99.02705887505934,99.02705887505932,99.32503397699028,100.21946728536092,93.08543534255575,107.59538118909674,0.0,244.12746648645478,0.7952716456379507,0.10857984741518353,0.010377964468934828,0.005984588204772694,0.0,118.97971946970954
155,100.26397999552418,99.02705887505934,99.02705887505932,99.96318805553764,100.21946728536092,93.08543534255575,107.59538118909674,0.0,244.12746648645478,0.7952716456379507,0.10857984741518353,0.010377964468934828,0.005984588204772694,0.0,118.97971946970954
156,100.26736719480742,99.02705887505934,99.02705887505932,99.966565093223,100.21946728536092,93.08543534255575,107.59538118909674,0.0,244.12746648645478,0.7952716456379507,0.10857984741518353,0.010377964468934828,0.005984588204772694,0.0,118.97971946970954
157,100.28217593040114,99.02705887505934,99.02705887505932,100.39593201830056,100.21946728536092,93.08543534255575,107.59538118909674,0.0,244.12746648645478,0.7952716456379507,0.10857984741518353,0.010377964468934828,0.005984588204772694,0.0,118.97971946970954
158,100.42349504596429,99.02705887505934,99.02705887505932,100.58622321566561,100.21946728536092,93.08543534255575,107.59538118909674,0.0,244.12746648645478,0.7952716456379507,0.10857984741518353,0.010377964468934828,0.005984588204772694,0.0,118.97971946970954
159,100.36697535698228,99.02705887505934,99.02705887505932,100.58622321566561,100.21946728536092,93.08543534255575,107.59538118909674,0.0,244.12746648645478,0.7952716456379507,0.10857984741518353,0.010377964468934828,0.005984588204772694,0.0,118.97971946970954
160,100.24699791117203,99.02705887505934,99.02705887505932,100.54864384270014,100.21946728536092,93.08543534255575,107.59538118909674,0.0,244.12746648645478,0.7952716456379507,0.10857984741518353,0.010377964468934828,0.005984588204772694,0.0,118.97971946970954
161,100.26083888659991,99.02705887505934,99.02705887505932,100.54864384270014,100.21946728536092,93.08543534255575,107.59538118909674,0.0,244.12746648645478,0.7952716456379507,0.10857984741518353,0.010377964468934828,0.005984588204772694,0.0,118.97971946970954
162,100.22370982298413,99.02705887505934,99.02705887505932,100.52528568002424,100.21946728536092,93.08543534255575,107.59538118909674,0.0,244.12746648645478,0.7952716456379507,0.10857984741518353,0.010377964468934828,0.005984588204772694,0.0,118.97971946970954
163,100.21073085125988,99.02705887505934,99.02705887505932,100.51226765422254,100.21946728536092,93.08543534255575,107.59538118909674,0.0,244.12746648645478,0.7952716456379507,0.10857984741518353,0.010377964468934828,0.005984588204772694,0.0,118.97971946970954
164,100.1416271335197,99.02705887505934,99.02705887505932,100.4171279738442,100.21946728536092,93.08543534255575,107.59538118909674,0.0,244.12746648645478,0.7952716456379507,0.10857984741518353,0.010377964468934828,0.005984588204772694,0.0,118.97971946970954
165,100.17377936535269,99.02705887505934,99.02705887505932,100.37981921482478,100.21946728536092,93.08543534255575,107.59538118909674,0.0,244.12746648645478,0.7952716456379507,0.10857984741518353,0.010377964468934828,0.005984588204772694,0.0,118.97971946970954
166,100.21313575019522,99.02705887505934,99.02705887505932,100.44709890374963,100.21946728536092,93.08543534255575,107.59538118909674,0.0,244.12746648645478,0.7952716456379507,0.10857984741518353,0.010377964468934828,0.005984588204772694,0.0,118.97971946970954
167,100.26775819357985,98.21577286339756,98.21577286339756,98.51130678374882,100.19048487850995,92.3228264915937,106.7138986057529,0.0,244.12746648645478,0.7378037601407609,0.09772186267366519,0.010949670636600593,0.009952871636141353,0.0,197.09576388485473
168,100.16906076525746,98.21577286339756,98.21577286339756,99.86855358296168,100.19048487850995,92.3228264915937,106.7138986057529,0.0,244.12746648645478,0.7378037601407609,0.09772186267366519,0.010949670636600593,0.009952871636141353,0.0,197.09576388485473
169,100.04872089662577,97.6279568590484,97.62795685904838,97.92172202512373,100.14434355350107,91.77027944750547,106.07522178574557,0.0,286.2759687828336,0.7187794593295,0.08794967640629867,0.01181961150689111,0.012723655887116379,0.0,251.27596878283364
170,100.18475324240903,97.6279568590484,97.62795685904838,99.88419898268182,100.14434355350107,91.77027944750547,106.07522178574557,0.0,286.2759687828336,0.7187794593295,0.08794967640629867,0.01181961150689111,0.012723655887116379,0.0,251.27596878283364
171,100.28563164665509,97.6279568590484,97.62795685904838,99.98477475171512,100.14434355350107,91.77027944750547,106.07522178574557,0.0,286.2759687828336,0.7187794593295,0.08794967640629867,0.01181961150689111,0.012723655887116379,0.0,251.27596878283364
172,100.26627448265552,97.6279568590484,97.62795685904838,99.82484823726337,100.14434355350107,91.77027944750547,106.07522178574557,0.0,286.2759687828336,0.7187794593295,0.08794967640629867,0.01181961150689111,0.012723655887116379,0.0,251.27596878283364
173,100.42599042743493,97.6279568590484,97.62795685904838,100.12471245615264,100.14434355350107,91.77027944750547,106.07522178574557,0.0,286.2759687828336,0.7187794593295,0.08794967640629867,0.01181961150689111,0.012723655887116379,0.0,251.27596878283364
174,100.31717323088672,97.6279568590484,97.62795685904838,100.12471245615264,100.14434355350107,91.77027944750547,106.07522178574557,0.0,286.2759687828336,0.7187794593295,0.08794967640629867,0.01181961150689111,0.012723655887116379,0.0,251.27596878283364
175,100.16732368424691,99.5037334435469,99.5037334435469,102.12892802430737,100.1632786821548,93.53350943693408,108.58241093858155,0.0,286.2759687828336,0.6746104359164734,0.0791547087656688,0.01150682336184673,0.003303225863833151,0.0,65.8470097310615
176,100.22551098805019,99.5037334435469,99.5037334435469,100.59907367399771,100.1632786821548,93.53350943693408,108.58241093858155,0.0,286.2759687828336,0.6746104359164734,0.0791547087656688,0.01150682336184673,0.003303225863833151,0.0,65.8470097310615
177,100.17229384420065,99.5037334435469,99.5037334435469,100.42930613220896,100.1632786821548,93.53350943693408,108.58241093858155,0.0,286.2759687828336,0.6746104359164734,0.0791547087656688,0.01150682336184673,0.003303225863833151,0.0,65.8470097310615
178,100.20075002631874,99.5037334435469,99.5037334435469,100.42930613220896,100.1632786821548,93.53350943693408,108.58241093858155,0.0,286.2759687828336,0.6746104359164734,0.0791547087656688,0.01150682336184673,0.003303225863833151,0.0,65.8470097310615
179,100.2525855452654,99.5037334435469,99.5037334435469,100.40059412969744,100.1632786821548,93.53350943693408,108.58241093858155,0.0,286.2759687828336,0.6746104359164734,0.0791547087656688,0.01150682336184673,0.003303225863833151,0.0,65.8470097310615
180,100.31798366808589,99.5037334435469,99.5037334435469,100.40059412969744,100.1632786821548,93.53350943693408,108.58241093858155,0.0,286.2759687828336,0.6746104359164734,0.0791547087656688,0.01150682336184673,0.003303225863833151,0.0,65.8470097310615
181,100.34060822270138,99.5037334435469,99.5037334435469,100.40059412969744,100.1632786821548,93.53350943693408,108.58241093858155,0.0,286.2759687828336,0.6746104359164734,0.0791547087656688,0.01150682336184673,0.003303225863833151,0.0,65.8470097310615
182,100.41587768697653,99.5037334435469,99.5037334435469,100.40059412969744,100.1632786821548,93.53350943693408,108.58241093858155,0.0,286.2759687828336,0.6746104359164734,0.0791547087656688,0.01150682336184673,0.003303225863833151,0.0,65.8470097310615
183,100.44936701401198,99.5037334435469,99.5037334435469,100.56967011442146,100.1632786821548,93.53350943693408,108.58241093858155,0.0,286.2759687828336,0.6746104359164734,0.0791547087656688,0.01150682336184673,0.003303225863833151,0.0,65.8470097310615
184,100.39512189757481,99.5037334435469,99.5037334435469,100.5040231051143,100.1632786821548,93.53350943693408,108.58241093858155,0.0,286.2759687828336,0.6746104359164734,0.0791547087656688,0.01150682336184673,0.003303225863833151,0.0,65.8470097310615
185,100.41426880267512,99.5037334435469,99.5037334435469,100.5040231051143,100.1632786821548,93.53350943693408,108.58241093858155,0.0,286.2759687828336,0.6746104359164734,0.0791547087656688,0.01150682336184673,0.003303225863833151,0.0,65.8470097310615
186,100.59707731360491,99.5037334435469,99.5037334435469,100.5040231051143,100.1632786821548,93.53350943693408,108.58241093858155,0.0,286.2759687828336,0.6746104359164734,0.0791547087656688,0.01150682336184673,0.003303225863833151,0.0,65.8470097310615
187,100.55503724543313,99.5037334435469,99.5037334435469,100.5040231051143,100.1632786821548,93.53350943693408,108.58241093858155,0.0,286.2759687828336,0.6746104359164734,0.0791547087656688,0.01150682336184673,0.003303225863833151,0.0,65.8470097310615
188,100.44123448471208,99.5037334435469,99.5037334435469,100.53715007606216,100.1632786821548,93.53350943693408,108.58241093858155,0.0,286.2759687828336,0.6746104359164734,0.0791547087656688,0.01150682336184673,0.003303225863833151,0.0,65.8470097310615
189,100.56416477206665,99.5037334435469,99.5037334435469,100.53715007606216,100.1632786821548,93.53350943693408,108.58241093858155,0.0,286.2759687828336,0.6746104359164734,0.0791547087656688,0.01150682336184673,0.003303225863833151,0.0,65.8470097310615
190,100.65707584653464,99.5037334435469,99.5037334435469,101.15117377985143,100.1632786821548,93.53350943693408,108.58241093858155,0.0,286.2759687828336,0.6746104359164734,0.0791547087656688,0.01150682336184673,0.003303225863833151,0.0,65.8470097310615
191,100.64333897814059,99.5037334435469,99.5037334435469,101.19169717803926,100.1632786821548,93.53350943693408,108.58241093858155,0.0,286.2759687828336,0.6746104359164734,0.0791547087656688,0.01150682336184673,0.003303225863833151,0.0,65.8470097310615
192,100.56638483406408,99.5037334435469,99.5037334435469,100.86899180949258,100.1632786821548,93.53350943693408,108.58241093858155,0.0,286.2759687828336,0.6746104359164734,0.0791547087656688,0.01150682336184673,0.003303225863833151,0.0,65.8470097310615
193,100.42508879953922,99.5037334435469,99.5037334435469,101.19133759628421,100.1632786821548,93.53350943693408,108.58241093858155,0.0,286.2759687828336,0.6746104359164734,0.0791547087656688,0.01150682336184673,0.003303225863833151,0.0,65.8470097310615
194,100.45953384422421,99.5037334435469,99.5037334435469,101.25843889223509,100.1632786821548,93.53350943693408,108.58241093858155,0.0,286.2759687828336,0.6746104359164734,0.0791547087656688,0.01150682336184673,0.003303225863833151,0.0,65.8470097310615
195,100.48532115218657,99.5037334435469,99.5037334435469,100.78768420480098,100.1632786821548,93.53350943693408,108.58241093858155,0.0,286.2759687828336,0.6746104359164734,0.0791547087656688,0.01150682336184673,0.003303225863833151,0.0,65.8470097310615
196,100.74371043048824,99.5037334435469,99.5037334435469,100.78768420480098,100.1632786821548,93.53350943693408,108.58241093858155,0.0,286.2759687828336,0.6746104359164734,0.0791547087656688,0.01150682336184673,0.003303225863833151,0.0,65.8470097310615
197,100.8877239782026,99.5037334435469,99.5037334435469,100.78768420480098,100.1632786821548,93.53350943693408,108.58241093858155,0.0,286.2759687828336,0.6746104359164734,0.0791547087656688,0.01150682336184673,0.003303225863833151,0.0,65.8470097310615
198,100.8601946462896,99.5037334435469,99.5037334435469,100.76507104936267,100.1632786821548,93.53350943693408,108.58241093858155,0.0,286.2759687828336,0.6746104359164734,0.0791547087656688,0.01150682336184673,0.003303225863833151,0.0,65.8470097310615
199,100.83770365136854,100.0457688283127,100.04576882831272,102.68526386098004,100.1979779252593,94.04302269861395,109.17390139682936,0.0,286.2759687828336,0.6239749343764889,0.07123923788910191,0.010907628269933125,0.0007601191019158473,0.0,15.190835194310859
200,100.8078007716699,100.0457688283127,100.04576882831272,101.40061422403042,100.1979779252593,94.04302269861395,109.17390139682936,0.0,286.2759687828336,0.6239749343764889,0.07123923788910191,0.010907628269933125,0.0007601191019158473,0.0,15.190835194310859
201,100.80843644938443,100.0457688283127,100.04576882831272,101.11177176467847,100.1979779252593,94.04302269861395,109.17390139682936,0.0,286.2759687828336,0.6239749343764889,0.07123923788910191,0.010907628269933125,0.0007601191019158473,0.0,15.190835194310859
202,100.8340520938769,100.0457688283127,100.04576882831272,100.40976262661748,100.1979779252593,94.04302269861395,109.17390139682936,0.0,286.2759687828336,0.6239749343764889,0.07123923788910191,0.010907628269933125,0.0007601191019158473,0.0,15.190835194310859
203,100.76967670925168,99.95433571984941,99.95433571984941,100.25510102291817,100.33835333421294,99.95433571984941,102.90011884074984,0.0,286.2759687828336,0.5940569396263699,0.16411531410019173,0.010483244723756748,0.0019172822342001896,0.0,38.27226594843802
204,100.85848632028897,99.95433571984941,99.95433571984941,100.34242989618276,100.33835333421294,99.95433571984941,102.90011884074984,0.0,286.2759687828336,0.5940569396263699,0.16411531410019173,0.010483244723756748,0.0019172822342001896,0.0,38.27226594843802
205,101.11385342474547,99.95433571984941,99.95433571984941,102.34923340775238,100.33835333421294,99.95433571984941,102.90011884074984,0.0,286.2759687828336,0.5940569396263699,0.16411531410019173,0.010483244723756748,0.0019172822342001896,0.0,38.27226594843802
206,101.10849701326339,99.95433571984941,99.95433571984941,101.41273521892013,100.33835333421294,99.95433571984941,102.90011884074984,0.0,286.2759687828336,0.5940569396263699,0.16411531410019173,0.010483244723756748,0.0019172822342001896,0.0,38.27226594843802
207,101.09515386128358,99.95433571984941,99.95433571984941,101.39935191703466,100.33835333421294,99.95433571984941,102.90011884074984,0.0,286.2759687828336,0.5940569396263699,0.16411531410019173,0.010483244723756748,0.0019172822342001896,0.0,38.27226594843802
208,100.99226174670318,99.95433571984941,99.95433571984941,101.28017915461919,100.33835333421294,99.95433571984941,102.90011884074984,0.0,286.2759687828336,0.5940569396263699,0.16411531410019173,0.010483244723756748,0.0019172822342001896,0.0,38.27226594843802
209,100.8069251774055,99.95433571984941,99.95433571984941,101.6521238088265,100.33835333421294,99.95433571984941,102.90011884074984,0.0,286.2759687828336,0.5940569396263699,0.16411531410019173,0.010483244723756748,0.0019172822342001896,0.0,38.27226594843802
210,100.90678972965523,99.95433571984941,99.95433571984941,101.04570187166678,100.33835333421294,99.95433571984941,102.90011884074984,0.0,286.2759687828336,0.5940569396263699,0.16411531410019173,0.010483244723756748,0.0019172822342001896,0.0,38.27226594843802
211,100.8065234827154,99.95433571984941,99.95433571984941,101.21086956888664,100.33835333421294,99.95433571984941,102.90011884074984,0.0,286.2759687828336,0.5940569396263699,0.16411531410019173,0.010483244723756748,0.0019172822342001896,0.0,38.27226594843802
212,100.70058751335023,99.95433571984941,99.95433571984941,101.00359830827504,100.33835333421294,99.95433571984941,102.90011884074984,0.0,286.2759687828336,0.5940569396263699,0.16411531410019173,0.010483244723756748,0.0019172822342001896,0.0,38.27226594843802
213,100.57146840192148,99.95433571984941,99.95433571984941,100.69857569798647,100.33835333421294,99.95433571984941,102.90011884074984,0.0,286.2759687828336,0.5940569396263699,0.16411531410019173,0.010483244723756748,0.0019172822342001896,0.0,38.27226594843802
214,100.44260425743187,99.95433571984941,99.95433571984941,100.69857569798647,100.33835333421294,99.95433571984941,102.90011884074984,0.0,286.2759687828336,0.5940569396263699,0.16411531410019173,0.010483244723756748,0.0019172822342001896,0.0,38.27226594843802
215,100.46331869919999,99.95433571984941,99.95433571984941,100.69857569798647,100.33835333421294,99.95433571984941,102.90011884074984,0.0,286.2759687828336,0.5940569396263699,0.16411531410019173,0.010483244723756748,0.0019172822342001896,0.0,38.27226594843802
216,100.51832882813585,99.95433571984941,99.95433571984941,100.69857569798647,100.33835333421294,99.95433571984941,102.90011884074984,0.0,286.2759687828336,0.5940569396263699,0.16411531410019173,0.010483244723756748,0.0019172822342001896,0.0,38.27226594843802
217,100.5548612863554,99.95433571984941,99.95433571984941,100.69857569798647,100.33835333421294,99.95433571984941,102.90011884074984,0.0,286.2759687828336,0.5940569396263699,0.16411531410019173,0.010483244723756748,0.0019172822342001896,0.0,38.27226594843802
218,100.40675287124307,99.95433571984941,99.95433571984941,100.35146972375303,100.33835333421294,99.95433571984941,102.90011884074984,0.0,286.2759687828336,0.5940569396263699,0.16411531410019173,0.010483244723756748,0.0019172822342001896,0.0,38.27226594843802
219,100.28999366609379,99.95433571984941,99.95433571984941,100.36684105270147,100.33835333421294,99.95433571984941,102.90011884074984,0.0,286.2759687828336,0.5940569396263699,0.16411531410019173,0.010483244723756748,0.0019172822342001896,0.0,38.27226594843802
220,100.1124388816469,99.95433571984941,99.95433571984941,100.36684105270147,100.33835333421294,99.95433571984941,102.90011884074984,0.0,286.2759687828336,0.5940569396263699,0.16411531410019173,0.010483244723756748,0.0019172822342001896,0.0,38.27226594843802
221,100.17292061833143,99.95433571984941,99.95433571984941,100.86304894237091,100.33835333421294,99.95433571984941,102.90011884074984,0.0,286.2759687828336,0.5940569396263699,0.16411531410019173,0.010483244723756748,0.0019172822342001896,0.0,38.27226594843802
222,100.21745932912037,99.95433571984941,99.95433571984941,100.3678321309321,100.33835333421294,99.95433571984941,102.90011884074984,0.0,286.2759687828336,0.5940569396263699,0.16411531410019173,0.010483244723756748,0.0019172822342001896,0.0,38.27226594843802
223,100.1904325763522,99.70967789557793,99.70967789557793,100.00970701662784,100.35772301220184,93.72709722184325,108.80714567311931,0.0,286.2759687828336,0.5505323844562603,0.14770378269017256,0.010242947477370153,0.003239133980266165,0.0,64.57351733111017
224,100.27792803051052,99.70967789557793,99.70967789557793,100.00970701662784,100.35772301220184,93.72709722184325,108.80714567311931,0.0,286.2759687828336,0.5505323844562603,0.14770378269017256,0.010242947477370153,0.003239133980266165,0.0,64.57351733111017
225,100.38606027404671,99.70967789557793,99.70967789557793,100.08490209322458,100.35772301220184,93.72709722184325,108.80714567311931,0.0,286.2759687828336,0.5505323844562603,0.14770378269017256,0.010242947477370153,0.003239133980266165,0.0,64.57351733111017
226,100.5138134175968,99.70967789557793,99.70967789557793,100.28329967868032,100.35772301220184,93.72709722184325,108.80714567311931,0.0,286.2759687828336,0.5505323844562603,0.14770378269017256,0.010242947477370153,0.003239133980266165,0.0,64.57351733111017
227,100.70096646227155,99.70967789557793,99.70967789557793,100.27964169396606,100.35772301220184,93.72709722184325,108.80714567311931,0.0,286.2759687828336,0.5505323844562603,0.14770378269017256,0.010242947477370153,0.003239133980266165,0.0,64.57351733111017
228,100.69314746435305,99.74676982778492,99.7467698277849,102.37837640713829,100.37763517025569,93.7619636381178,108.84762185713798,0.0,283.2759687828336,0.5224897936997595,0.1329334044211553,0.0100066557852307,0.0031523658620094927,0.0,62.849193587868335
229,100.64602856892373,99.74676982778492,99.7467698277849,100.94887519450725,100.37763517025569,93.7619636381178,108.84762185713798,0.0,283.2759687828336,0.5224897936997595,0.1329334044211553,0.0100066557852307,0.0031523658620094927,0.0,62.849193587868335
230,100.6707572674443,99.74676982778492,99.7467698277849,102.11037674178067,100.37763517025569,93.7619636381178,108.84762185713798,0.0,283.2759687828336,0.5224897936997595,0.1329334044211553,0.0100066557852307,0.0031523658620094927,0.0,62.849193587868335
231,100.68735716500092,99.74676982778492,99.7467698277849,100.62401006432167,100.37763517025569,93.7619636381178,108.84762185713798,0.0,283.2759687828336,0.5224897936997595,0.1329334044211553,0.0100066557852307,0.0031523658620094927,0.0,62.849193587868335
232,100.5102748320133,99.74676982778492,99.7467698277849,100.62401006432167,100.37763517025569,93.7619636381178,108.84762185713798,0.0,283.2759687828336,0.5224897936997595,0.1329334044211553,0.0100066557852307,0.0031523658620094927,0.0,62.849193587868335
233,100.62996777935454,99.74676982778492,99.7467698277849,101.46973786838416,100.37763517025569,93.7619636381178,108.84762185713798,0.0,283.2759687828336,0.5224897936997595,0.1329334044211553,0.0100066557852307,0.0031523658620094927,0.0,62.849193587868335
234,100.77534397713528,99.74676982778492,99.7467698277849,101.07857971628414,100.37763517025569,93.7619636381178,108.84762185713798,0.0,283.2759687828336,0.5224897936997595,0.1329334044211553,0.0100066557852307,0.0031523658620094927,0.0,62.849193587868335
235,100.82776059737272,99.74676982778492,99.7467698277849,100.98785544124414,100.37763517025569,93.7619636381178,108.84762185713798,0.0,283.2759687828336,0.5224897936997595,0.1329334044211553,0.0100066557852307,0.0031523658620094927,0.0,62.849193587868335
236,100.93288051739614,99.74676982778492,99.7467698277849,100.98785544124414,100.37763517025569,93.7619636381178,108.84762185713798,0.0,283.2759687828336,0.5224897936997595,0.1329334044211553,0.0100066557852307,0.0031523658620094927,0.0,62.849193587868335
237,100.80508017703818,99.74676982778492,99.7467698277849,101.29586358304549,100.37763517025569,93.7619636381178,108.84762185713798,0.0,283.2759687828336,0.5224897936997595,0.1329334044211553,0.0100066557852307,0.0031523658620094927,0.0,62.849193587868335
238,100.82698076375628,99.74676982778492,99.7467698277849,100.71258615156046,100.37763517025569,93.7619636381178,108.84762185713798,0.0,283.2759687828336,0.5224897936997595,0.1329334044211553,0.0100066557852307,0.0031523658620094927,0.0,62.849193587868335
239,100.67510410861782,99.74676982778492,99.7467698277849,100.71258615156046,100.37763517025569,93.7619636381178,108.84762185713798,0.0,283.2759687828336,0.5224897936997595,0.1329334044211553,0.0100066557852307,0.0031523658620094927,0.0,62.849193587868335
240,100.57974159439725,99.74676982778492,99.7467698277849,100.71258615156046,100.37763517025569,93.7619636381178,108.84762185713798,0.0,283.2759687828336,0.5224897936997595,0.1329334044211553,0.0100066557852307,0.0031523658620094927,0.0,62.849193587868335
241,100.59165868675147,99.74676982778492,99.7467698277849,100.75497346920558,100.37763517025569,93.7619636381178,108.84762185713798,0.0,283.2759687828336,0.5224897936997595,0.1329334044211553,0.0100066557852307,0.0031523658620094927,0.0,62.849193587868335
242,100.64230346243835,99.74676982778492,99.7467698277849,100.60453717360532,100.37763517025569,93.7619636381178,108.84762185713798,0.0,283.2759687828336,0.5224897936997595,0.1329334044211553,0.0100066557852307,0.0031523658620094927,0.0,62.849193587868335
243,100.71381270001031,99.74676982778492,99.7467698277849,100.60453717360532,100.37763517025569,93.7619636381178,108.84762185713798,0.0,283.2759687828336,0.5224897936997595,0.1329334044211553,0.0100066557852307,0.0031523658620094927,0.0,62.849193587868335
244,100.76432432067185,99.74676982778492,99.7467698277849,100.64128607153606,100.37763517025569,93.7619636381178,108.84762185713798,0.0,283.2759687828336,0.5224897936997595,0.1329334044211553,0.0100066557852307,0.0031523658620094927,0.0,62.849193587868335
245,100.87582616240792,99.74676982778492,99.7467698277849,100.64128607153606,100.37763517025569,93.7619636381178,108.84762185713798,0.0,283.2759687828336,0.5224897936997595,0.1329334044211553,0.0100066557852307,0.0031523658620094927,0.0,62.849193587868335
246,101.09325245337195,99.61391247415526,99.61391247415527,99.91365343445867,100.39247443410365,93.63707772570595,108.66908114645483,0.0,283.2759687828336,0.48513505464822315,0.11964006397903978,0.009873381056206852,0.003892685488616463,0.0,77.55182490888912
247,101.09381415682131,99.61391247415526,99.61391247415527,100.64230412096252,100.39247443410365,93.63707772570595,108.66908114645483,0.0,283.2759687828336,0.48513505464822315,0.11964006397903978,0.009873381056206852,0.003892685488616463,0.0,77.55182490888912
248,101.3103908651965,99.61391247415526,99.61391247415527,101.00645969260088,100.39247443410365,93.63707772570595,108.66908114645483,0.0,283.2759687828336,0.48513505464822315,0.11964006397903978,0.009873381056206852,0.003892685488616463,0.0,77.55182490888912
249,101.22002965897377,99.61391247415526,99.61391247415527,100.67288177001535,100.39247443410365,93.63707772570595,108.66908114645483,0.0,283.2759687828336,0.48513505464822315,0.11964006397903978,0.009873381056206852,0.003892685488616463,0.0,77.55182490888912
250,100.98153161438384,99.61391247415526,99.61391247415527,100.67858701954069,100.39247443410365,93.63707772570595,108.66908114645483,0.0,283.2759687828336,0.48513505464822315,0.11964006397903978,0.009873381056206852,0.003892685488616463,0.0,77.55182490888912
251,100.93887849684579,99.61391247415526,99.61391247415527,100.67858701954069,100.39247443410365,93.63707772570595,108.66908114645483,0.0,283.2759687828336,0.48513505464822315,0.11964006397903978,0.009873381056206852,0.003892685488616463,0.0,77.55182490888912
252,101.00526893093885,99.61391247415526,99.61391247415527,100.61497108187035,100.39247443410365,93.63707772570595,108.66908114645483,0.0,283.2759687828336,0.48513505464822315,0.11964006397903978,0.009873381056206852,0.003892685488616463,0.0,77.55182490888912
253,100.9745566121089,99.61391247415526,99.61391247415527,101.06624063025293,100.39247443410365,93.63707772570595,108.66908114645483,0.0,283.2759687828336,0.48513505464822315,0.11964006397903978,0.009873381056206852,0.003892685488616463,0.0,77.55182490888912
254,100.94219092961616,99.61391247415526,99.61391247415527,100.98545311299686,100.39247443410365,93.63707772570595,108.66908114645483,0.0,283.2759687828336,0.48513505464822315,0.11964006397903978,0.009873381056206852,0.003892685488616463,0.0,77.55182490888912
255,100.85314463167401,99.61391247415526,99.61391247415527,100.98545311299686,100.39247443410365,93.63707772570595,108.66908114645483,0.0,283.2759687828336,0.48513505464822315,0.11964006397903978,0.009873381056206852,0.003892685488616463,0.0,77.55182490888912
256,100.80706584904324,99.61391247415526,99.61391247415527,100.98545311299686,100.39247443410365,93.63707772570595,108.66908114645483,0.0,283.2759687828336,0.48513505464822315,0.11964006397903978,0.009873381056206852,0.003892685488616463,0.0,77.55182490888912
257,100.80147601351455,99.61391247415526,99.61391247415527,101.52281711124591,100.39247443410365,93.63707772570595,108.66908114645483,0.0,283.2759687828336,0.48513505464822315,0.11964006397903978,0.009873381056206852,0.003892685488616463,0.0,77.55182490888912
258,100.70055687577947,98.8449785252976,98.8449785252976,99.14240574252523,100.38353147595933,92.91427981377974,107.83024906357326,0.0,280.2759687828336,0.45299091694303195,0.10767605758113581,0.010207703110110074,0.007722554119648949,0.0,153.26746609130691
259,100.7687690830438,98.8449785252976,98.8449785252976,100.59231489751149,100.38353147595933,92.91427981377974,107.83024906357326,0.0,280.2759687828336,0.45299091694303195,0.10767605758113581,0.010207703110110074,0.007722554119648949,0.0,153.26746609130691
260,100.8604532743752,98.8449785252976,98.8449785252976,100.28482008941826,100.38353147595933,92.91427981377974,107.83024906357326,0.0,280.2759687828336,0.45299091694303195,0.10767605758113581,0.010207703110110074,0.007722554119648949,0.0,153.26746609130691
261,100.85553848220306,98.8449785252976,98.8449785252976,100.55297186675645,100.38353147595933,92.91427981377974,107.83024906357326,0.0,280.2759687828336,0.45299091694303195,0.10767605758113581,0.010207703110110074,0.007722554119648949,0.0,153.26746609130691
262,100.9437291955929,98.8449785252976,98.8449785252976,100.6408980080061,100.38353147595933,92.91427981377974,107.83024906357326,0.0,280.2759687828336,0.45299091694303195,0.10767605758113581,0.010207703110110074,0.007722554119648949,0.0,153.26746609130691
263,100.92208679436858,98.8449785252976,98.8449785252976,100.93371757443562,100.38353147595933,92.91427981377974,107.83024906357326,0.0,280.2759687828336,0.45299091694303195,0.10767605758113581,0.010207703110110074,0.007722554119648949,0.0,153.26746609130691
264,100.941298737457,98.8449785252976,98.8449785252976,100.93371757443562,100.38353147595933,92.91427981377974,107.83024906357326,0.0,280.2759687828336,0.45299091694303195,0.10767605758113581,0.010207703110110074,0.007722554119648949,0.0,153.26746609130691
265,100.97698608142423,98.8449785252976,98.8449785252976,100.93371757443562,100.38353147595933,92.91427981377974,107.83024906357326,0.0,280.2759687828336,0.45299091694303195,0.10767605758113581,0.010207703110110074,0.007722554119648949,0.0,153.26746609130691
266,100.92791519659998,98.8449785252976,98.8449785252976,100.88652513687299,100.38353147595933,92.91427981377974,107.83024906357326,0.0,280.2759687828336,0.45299091694303195,0.10767605758113581,0.010207703110110074,0.007722554119648949,0.0,153.26746609130691
267,100.88907118365368,98.8449785252976,98.8449785252976,101.2437931246604,100.38353147595933,92.91427981377974,107.83024906357326,0.0,280.2759687828336,0.45299091694303195,0.10767605758113581,0.010207703110110074,0.007722554119648949,0.0,153.26746609130691
268,100.99146756775899,98.8449785252976,98.8449785252976,100.79742355869656,100.38353147595933,92.91427981377974,107.83024906357326,0.0,280.2759687828336,0.45299091694303195,0.10767605758113581,0.010207703110110074,0.007722554119648949,0.0,153.26746609130691
269,101.04984240042936,98.8449785252976,98.8449785252976,100.79742355869656,100.38353147595933,92.91427981377974,107.83024906357326,0.0,280.2759687828336,0.45299091694303195,0.10767605758113581,0.010207703110110074,0.007722554119648949,0.0,153.26746609130691
270,101.03272451430622,98.8449785252976,98.8449785252976,100.91209772020795,100.38353147595933,92.91427981377974,107.83024906357326,0.0,280.2759687828336,0.45299091694303195,0.10767605758113581,0.010207703110110074,0.007722554119648949,0.0,153.26746609130691
271,100.88156523604364,98.8449785252976,98.8449785252976,101.12890381248042,100.38353147595933,92.91427981377974,107.83024906357326,0.0,280.2759687828336,0.45299091694303195,0.10767605758113581,0.010207703110110074,0.007722554119648949,0.0,153.26746609130691
272,100.8611408162402,98.8449785252976,98.8449785252976,100.98559464644377,100.38353147595933,92.91427981377974,107.83024906357326,0.0,280.2759687828336,0.45299091694303195,0.10767605758113581,0.010207703110110074,0.007722554119648949,0.0,153.26746609130691
273,100.89664193913613,98.8449785252976,98.8449785252976,100.73956823689902,100.38353147595933,92.91427981377974,107.83024906357326,0.0,280.2759687828336,0.45299091694303195,0.10767605758113581,0.010207703110110074,0.007722554119648949,0.0,153.26746609130691
274,100.94256805277375,98.8449785252976,98.8449785252976,100.73956823689902,100.38353147595933,92.91427981377974,107.83024906357326,0.0,280.2759687828336,0.45299091694303195,0.10767605758113581,0.010207703110110074,0.007722554119648949,0.0,153.26746609130691
275,101.02521020505264,98.8449785252976,98.8449785252976,100.7820399066097,100.38353147595933,92.91427981377974,107.83024906357326,0.0,280.2759687828336,0.45299091694303195,0.10767605758113581,0.010207703110110074,0.007722554119648949,0.0,153.26746609130691
276,101.12272697275172,99.0028102999168,99.0028102999168,101.55206212851341,100.37919728221674,93.06264168192179,107.96909313563111,0.0,277.2759687828336,0.42119608803203384,0.09690845182302223,0.010423645971818211,0.006903265740931703,0.0,137.11874766543676
277,101.21941151785603,99.04826680640687,99.04826680640686,101.56734027307901,100.37591093550176,93.10537079802243,107.98533669956245,0.0,274.2759687828336,0.46750040098947115,0.08721760664072001,0.010597125577031352,0.006657388006448837,0.0,132.26720601798635
278,101.19469795335971,99.03938634824246,99.03938634824246,99.33739854387409,100.37739172467231,93.27690638625766,107.9090630922159,0.0,268.2759687828336,0.8158782877500446,0.059656842942252486,0.010414413843486263,0.0067095927903349515,0.0,133.29748396928798
279,101.34719968998294,99.03938634824246,99.03938634824246,101.04315809091301,100.37739172467231,93.27690638625766,107.9090630922159,0.0,268.2759687828336,0.8158782877500446,0.059656842942252486,0.010414413843486263,0.0067095927903349515,0.0,133.29748396928798
280,101.399776768199,99.03938634824246,99.03938634824246,101.09557743789439,100.37739172467231,93.27690638625766,107.9090630922159,0.0,268.2759687828336,0.8158782877500446,0.059656842942252486,0.010414413843486263,0.0067095927903349515,0.0,133.29748396928798
281,101.36759773369698,99.03938634824246,99.03938634824246,101.09557743789439,100.37739172467231,93.27690638625766,107.9090630922159,0.0,268.2759687828336,0.8158782877500446,0.059656842942252486,0.010414413843486263,0.0067095927903349515,0.0,133.29748396928798
282,101.277789191103,99.03938634824246,99.03938634824246,101.18208199693179,100.37739172467231,93.27690638625766,107.9090630922159,0.0,268.2759687828336,0.8158782877500446,0.059656842942252486,0.010414413843486263,0.0067095927903349515,0.0,133.29748396928798
283,101.43958602354276,99.03938634824246,99.03938634824246,101.36416949110183,100.37739172467231,93.27690638625766,107.9090630922159,0.0,268.2759687828336,0.8158782877500446,0.059656842942252486,0.010414413843486263,0.0067095927903349515,0.0,133.29748396928798
284,101.27364044980153,100.84553746818328,100.84553746818328,103.19175473986449,100.42693048893685,94.79480522009227,109.8430960160556,76.5097177084811,0.0,0.7639413580633744,0.05369115864802724,0.010039125671067385,-0.002079802486128414,41.509717708481105,0.0
285,101.24031058404022,101.95843254826396,101.95843254826394,101.65255725061915,100.4374135837154,94.74239413653476,107.31472921908262,184.180300886691,0.0,1.0286043185462774,0.03672475251525063,0.009772340406196674,-0.007515070065008696,149.180300886691,0.0
286,101.21459216174358,101.95843254826396,101.95843254826394,101.36599966178971,100.4374135837154,94.74239413653476,107.31472921908262,184.180300886691,0.0,1.0286043185462774,0.03672475251525063,0.009772340406196674,-0.007515070065008696,149.180300886691,0.0
287,101.35675698090881,101.95843254826396,101.95843254826394,101.31246532504477,100.4374135837154,94.74239413653476,107.31472921908262,184.180300886691,0.0,1.0286043185462774,0.03672475251525063,0.009772340406196674,-0.007515070065008696,149.180300886691,0.0
288,101.19107800179623,101.95843254826396,101.95843254826394,101.20814129920493,100.4374135837154,94.74239413653476,107.31472921908262,184.180300886691,0.0,1.0286043185462774,0.03672475251525063,0.009772340406196674,-0.007515070065008696,149.180300886691,0.0
289,101.35843575323828,101.95843254826396,101.95843254826394,100.55520955430751,100.4374135837154,94.74239413653476,107.31472921908262,184.180300886691,0.0,1.0286043185462774,0.03672475251525063,0.009772340406196674,-0.007515070065008696,149.180300886691,0.0
290,101.40232889929653,101.95843254826396,101.95843254826394,101.09812191259864,100.4374135837154,94.74239413653476,107.31472921908262,184.180300886691,0.0,1.0286043185462774,0.03672475251525063,0.009772340406196674,-0.007515070065008696,149.180300886691,0.0
291,101.22469666006187,101.95843254826396,101.95843254826394,100.85828654763408,100.4374135837154,94.74239413653476,107.31472921908262,184.180300886691,0.0,1.0286043185462774,0.03672475251525063,0.009772340406196674,-0.007515070065008696,149.180300886691,0.0
292,101.27745960156392,102.13410456903057,102.13410456903055,101.82770225532347,100.454450597791,94.23781582451895,108.26215084317239,199.45573966963335,0.0,0.9577445444911468,0.033052277263725574,0.010180938195155878,-0.008290961796220214,164.45573966963335,0.0
293,101.17153319361103,102.13410456903057,102.13410456903055,101.79229268420113,100.454450597791,94.23781582451895,108.26215084317239,199.45573966963335,0.0,0.9577445444911468,0.033052277263725574,0.010180938195155878,-0.008290961796220214,164.45573966963335,0.0
294,101.40383239289172,101.4664155439436,101.4664155439436,99.74183515300827,100.44886538013726,93.47605306869627,107.55440047658021,199.45573966963335,0.0,0.9211249809318551,0.029747049537353017,0.010174825897069945,-0.005039490617794932,100.28442991224517,0.0
295,101.39090369360525,101.4664155439436,101.4664155439436,101.08673098252446,100.44886538013726,93.47605306869627,107.55440047658021,199.45573966963335,0.0,0.9211249809318551,0.029747049537353017,0.010174825897069945,-0.005039490617794932,100.28442991224517,0.0
296,101.27607852844801,101.4664155439436,101.4664155439436,101.04414465419832,100.44886538013726,93.47605306869627,107.55440047658021,199.45573966963335,0.0,0.9211249809318551,0.029747049537353017,0.010174825897069945,-0.005039490617794932,100.28442991224517,0.0
297,101.33012773130395,101.4664155439436,101.4664155439436,101.04414465419832,100.44886538013726,93.47605306869627,107.55440047658021,199.45573966963335,0.0,0.9211249809318551,0.029747049537353017,0.010174825897069945,-0.005039490617794932,100.28442991224517,0.0
298,101.33253952849763,101.4664155439436,101.4664155439436,100.36901941022164,100.44886538013726,93.47605306869627,107.55440047658021,199.45573966963335,0.0,0.9211249809318551,0.029747049537353017,0.010174825897069945,-0.005039490617794932,100.28442991224517,0.0
299,101.2272268407036,101.4664155439436,101.4664155439436,100.92354516018148,100.44886538013726,93.47605306869627,107.55440047658021,199.45573966963335,0.0,0.9211249809318551,0.029747049537353017,0.010174825897069945,-0.005039490617794932,100.28442991224517,0.0
300,101.24759616104261,101.4664155439436,101.4664155439436,100.94385337255947,100.44886538013726,93.47605306869627,107.55440047658021,199.45573966963335,0.0,0.9211249809318551,0.029747049537353017,0.010174825897069945,-0.005039490617794932,100.28442991224517,0.0
301,101.20483637181476,101.4664155439436,101.4664155439436,100.83149478930095,100.44886538013726,93.47605306869627,107.55440047658021,199.45573966963335,0.0,0.9211249809318551,0.029747049537353017,0.010174825897069945,-0.005039490617794932,100.28442991224517,0.0
302,101.3004436832002,101.4664155439436,101.4664155439436,101.04802113101039,100.44886538013726,93.47605306869627,107.55440047658021,199.45573966963335,0.0,0.9211249809318551,0.029747049537353017,0.010174825897069945,-0.005039490617794932,100.28442991224517,0.0
303,101.30093948565062,101.4664155439436,101.4664155439436,101.04802113101039,100.44886538013726,93.47605306869627,107.55440047658021,199.45573966963335,0.0,0.9211249809318551,0.029747049537353017,0.010174825897069945,-0.005039490617794932,100.28442991224517,0.0
304,101.33398199017759,101.4664155439436,101.4664155439436,101.04802113101039,100.44886538013726,93.47605306869627,107.55440047658021,199.45573966963335,0.0,0.9211249809318551,0.029747049537353017,0.010174825897069945,-0.005039490617794932,100.28442991224517,0.0
305,101.2572446073641,101.73705259420302,101.73705259420302,101.43184143642038,100.45147489271075,93.72537776531424,107.84127574985521,199.45573966963335,0.0,0.8547077097300341,0.026772344583617717,0.01032734404248099,-0.006358311806665091,126.36278216354823,0.0
306,101.08868527491933,101.7807968250291,101.7807968250291,101.47545443455401,100.45530169118528,93.76567718872667,107.88764463453086,199.45573966963335,0.0,0.8663310929516314,0.024095110125255944,0.01049421824512965,-0.0065541965236119585,130.230375001138,0.0
307,101.06346360797608,101.7807968250291,101.7807968250291,101.36756630689675,100.45530169118528,93.76567718872667,107.88764463453086,199.45573966963335,0.0,0.8663310929516314,0.024095110125255944,0.01049421824512965,-0.0065541965236119585,130.230375001138,0.0
308,101.06077426457547,101.7807968250291,101.7807968250291,100.34096163789985,100.45530169118528,93.76567718872667,107.88764463453086,199.45573966963335,0.0,0.8663310929516314,0.024095110125255944,0.01049421824512965,-0.0065541965236119585,130.230375001138,0.0
309,101.01692376235668,101.7807968250291,101.7807968250291,100.55642491976667,100.45530169118528,93.76567718872667,107.88764463453086,199.45573966963335,0.0,0.8663310929516314,0.024095110125255944,0.01049421824512965,-0.0065541965236119585,130.230375001138,0.0
310,101.11359079381276,101.7807968250291,101.7807968250291,100.81025002143133,100.45530169118528,93.76567718872667,107.88764463453086,199.45573966963335,0.0,0.8663310929516314,0.024095110125255944,0.01049421824512965,-0.0065541965236119585,130.230375001138,0.0
311,101.1191163129108,101.7807968250291,101.7807968250291,100.69542231349146,100.45530169118528,93.76567718872667,107.88764463453086,199.45573966963335,0.0,0.8663310929516314,0.024095110125255944,0.01049421824512965,-0.0065541965236119585,130.230375001138,0.0
312,101.15108828357016,101.7807968250291,101.7807968250291,100.84763501871946,100.45530169118528,93.76567718872667,107.88764463453086,199.45573966963335,0.0,0.8663310929516314,0.024095110125255944,0.01049421824512965,-0.0065541965236119585,130.230375001138,0.0
313,101.33164075393043,101.7807968250291,101.7807968250291,101.02764583166864,100.45530169118528,93.76567718872667,107.88764463453086,199.45573966963335,0.0,0.8663310929516314,0.024095110125255944,0.01049421824512965,-0.0065541965236119585,130.230375001138,0.0
314,101.2495980911355,101.7807968250291,101.7807968250291,101.02764583166864,100.45530169118528,93.76567718872667,107.88764463453086,199.45573966963335,0.0,0.8663310929516314,0.024095110125255944,0.01049421824512965,-0.0065541965236119585,130.230375001138,0.0
315,101.2548775332308,101.7807968250291,101.7807968250291,100.76730921360632,100.45530169118528,93.76567718872667,107.88764463453086,199.45573966963335,0.0,0.8663310929516314,0.024095110125255944,0.01049421824512965,-0.0065541965236119585,130.230375001138,0.0
316,101.25068948797951,101.7807968250291,101.7807968250291,100.68622010797236,100.45530169118528,93.76567718872667,107.88764463453086,199.45573966963335,0.0,0.8663310929516314,0.024095110125255944,0.01049421824512965,-0.0065541965236119585,130.230375001138,0.0
317,101.14332849204332,101.7807968250291,101.7807968250291,100.8398985065672,100.45530169118528,93.76567718872667,107.88764463453086,199.45573966963335,0.0,0.8663310929516314,0.024095110125255944,0.01049421824512965,-0.0065541965236119585,130.230375001138,0.0
318,101.02836489991923,101.7807968250291,101.7807968250291,100.8398985065672,100.45530169118528,93.76567718872667,107.88764463453086,199.45573966963335,0.0,0.8663310929516314,0.024095110125255944,0.01049421824512965,-0.0065541965236119585,130.230375001138,0.0
319,100.98399831078208,101.7807968250291,101.7807968250291,100.15422548283885,100.45530169118528,93.76567718872667,107.88764463453086,199.45573966963335,0.0,0.8663310929516314,0.024095110125255944,0.01049421824512965,-0.0065541965236119585,130.230375001138,0.0
320,101.09074999784211,101.7807968250291,101.7807968250291,100.78747774784858,100.45530169118528,93.76567718872667,107.88764463453086,199.45573966963335,0.0,0.8663310929516314,0.024095110125255944,0.01049421824512965,-0.0065541965236119585,130.230375001138,0.0
321,101.15279945129807,101.7807968250291,101.7807968250291,100.81312859931828,100.45530169118528,93.76567718872667,107.88764463453086,199.45573966963335,0.0,0.8663310929516314,0.024095110125255944,0.01049421824512965,-0.0065541965236119585,130.230375001138,0.0
322,101.07396909278012,101.7807968250291,101.7807968250291,100.63455083930886,100.45530169118528,93.76567718872667,107.88764463453086,199.45573966963335,0.0,0.8663310929516314,0.024095110125255944,0.01049421824512965,-0.0065541965236119585,130.230375001138,0.0
323,101.14551278474461,101.71081869339692,101.71081869339692,100.0345884150571,100.3147626690878,99.68213803590737,101.71081869339692,199.45573966963335,0.0,0.8017304878684421,0.12168559911273036,0.01069381354783241,-0.006910293314806784,137.25737755759027,0.0
324,101.07875455311324,101.71081869339692,101.71081869339692,100.77551828945388,100.3147626690878,99.68213803590737,101.71081869339692,199.45573966963335,0.0,0.8017304878684421,0.12168559911273036,0.01069381354783241,-0.006910293314806784,137.25737755759027,0.0
325,101.12507442184261,101.71081869339692,101.71081869339692,100.71015106939409,100.3147626690878,99.68213803590737,101.71081869339692,199.45573966963335,0.0,0.8017304878684421,0.12168559911273036,0.01069381354783241,-0.006910293314806784,137.25737755759027,0.0
326,101.3081508740114,101.71081869339692,101.71081869339692,101.00422642138936,100.3147626690878,99.68213803590737,101.71081869339692,199.45573966963335,0.0,0.8017304878684421,0.12168559911273036,0.01069381354783241,-0.006910293314806784,137.25737755759027,0.0
327,101.31444922010142,101.71081869339692,101.71081869339692,100.80369743033633,100.3147626690878,99.68213803590737,101.71081869339692,199.45573966963335,0.0,0.8017304878684421,0.12168559911273036,0.01069381354783241,-0.006910293314806784,137.25737755759027,0.0
328,101.32208686132071,101.71081869339692,101.71081869339692,101.01812060073674,100.3147626690878,99.68213803590737,101.71081869339692,199.45573966963335,0.0,0.8017304878684421,0.12168559911273036,0.01069381354783241,-0.006910293314806784,137.25737755759027,0.0
329,101.28319370279858,101.71081869339692,101.71081869339692,100.10030965649997,100.3147626690878,99.68213803590737,101.71081869339692,199.45573966963335,0.0,0.8017304878684421,0.12168559911273036,0.01069381354783241,-0.006910293314806784,137.25737755759027,0.0
330,101.22310044478398,101.71081869339692,101.71081869339692,100.91943114344966,100.3147626690878,99.68213803590737,101.71081869339692,199.45573966963335,0.0,0.8017304878684421,0.12168559911273036,0.01069381354783241,-0.006910293314806784,137.25737755759027,0.0
331,101.11267439445265,101.71081869339692,101.71081869339692,100.91943114344966,100.3147626690878,99.68213803590737,101.71081869339692,199.45573966963335,0.0,0.8017304878684421,0.12168559911273036,0.01069381354783241,-0.006910293314806784,137.25737755759027,0.0
332,100.91289033393517,101.71081869339692,101.71081869339692,100.91943114344966,100.3147626690878,99.68213803590737,101.71081869339692,199.45573966963335,0.0,0.8017304878684421,0.12168559911273036,0.01069381354783241,-0.006910293314806784,137.25737755759027,0.0
333,100.85562711049131,101.71081869339692,101.71081869339692,100.70521645108965,100.3147626690878,99.68213803590737,101.71081869339692,199.45573966963335,0.0,0.8017304878684421,0.12168559911273036,0.01069381354783241,-0.006910293314806784,137.25737755759027,0.0
334,100.69271371791321,101.71081869339692,101.71081869339692,100.2961797540384,100.3147626690878,99.68213803590737,101.71081869339692,199.45573966963335,0.0,0.8017304878684421,0.12168559911273036,0.01069381354783241,-0.006910293314806784,137.25737755759027,0.0
335,100.76352575605688,101.71081869339692,101.71081869339692,100.643001949827,100.3147626690878,99.68213803590737,101.71081869339692,199.45573966963335,0.0,0.8017304878684421,0.12168559911273036,0.01069381354783241,-0.006910293314806784,137.25737755759027,0.0
336,100.88370152353487,101.71081869339692,101.71081869339692,100.643001949827,100.3147626690878,99.68213803590737,101.71081869339692,199.45573966963335,0.0,0.8017304878684421,0.12168559911273036,0.01069381354783241,-0.006910293314806784,137.25737755759027,0.0
337,100.85251700414751,101.71081869339692,101.71081869339692,100.70551942216949,100.3147626690878,99.68213803590737,101.71081869339692,199.45573966963335,0.0,0.8017304878684421,0.12168559911273036,0.01069381354783241,-0.006910293314806784,137.25737755759027,0.0
338,100.91625610222562,101.71081869339692,101.71081869339692,100.67795807886749,100.3147626690878,99.68213803590737,101.71081869339692,199.45573966963335,0.0,0.8017304878684421,0.12168559911273036,0.01069381354783241,-0.006910293314806784,137.25737755759027,0.0
339,100.8546897592763,101.71081869339692,101.71081869339692,100.76502856017011,100.3147626690878,99.68213803590737,101.71081869339692,199.45573966963335,0.0,0.8017304878684421,0.12168559911273036,0.01069381354783241,-0.006910293314806784,137.25737755759027,0.0
340,100.69366684787514,101.71081869339692,101.71081869339692,100.76502856017011,100.3147626690878,99.68213803590737,101.71081869339692,199.45573966963335,0.0,0.8017304878684421,0.12168559911273036,0.01069381354783241,-0.006910293314806784,137.25737755759027,0.0
341,100.78481763465507,101.71081869339692,101.71081869339692,101.31005277617824,100.3147626690878,99.68213803590737,101.71081869339692,199.45573966963335,0.0,0.8017304878684421,0.12168559911273036,0.01069381354783241,-0.006910293314806784,137.25737755759027,0.0
342,100.6914246984561,101.71081869339692,101.71081869339692,100.99440792222276,100.3147626690878,99.68213803590737,101.71081869339692,199.45573966963335,0.0,0.8017304878684421,0.12168559911273036,0.01069381354783241,-0.006910293314806784,137.25737755759027,0.0
343,100.81343153493322,101.71081869339692,101.71081869339692,100.99440792222276,100.3147626690878,99.68213803590737,101.71081869339692,199.45573966963335,0.0,0.8017304878684421,0.12168559911273036,0.01069381354783241,-0.006910293314806784,137.25737755759027,0.0
344,100.88266312703445,103.14338485284051,103.1433848528405,102.83395469828196,100.3627157647748,95.0209629905919,109.33198794401093,304.59257658966675,0.0,0.7414015726484906,0.10951703920145732,0.0116919442207536,-0.013663811942869166,269.59257658966675,0.0
345,100.8379058018919,103.14338485284051,103.1433848528405,101.14132979126569,100.3627157647748,95.0209629905919,109.33198794401093,304.59257658966675,0.0,0.7414015726484906,0.10951703920145732,0.0116919442207536,-0.013663811942869166,269.59257658966675,0.0
346,100.66952865873661,103.14338485284051,103.1433848528405,101.56491839746856,100.3627157647748,95.0209629905919,109.33198794401093,304.59257658966675,0.0,0.7414015726484906,0.10951703920145732,0.0116919442207536,-0.013663811942869166,269.59257658966675,0.0
347,100.57855144774581,103.14338485284051,103.1433848528405,100.88119503284433,100.3627157647748,95.0209629905919,109.33198794401093,304.59257658966675,0.0,0.7414015726484906,0.10951703920145732,0.0116919442207536,-0.013663811942869166,269.59257658966675,0.0
348,100.56585163598817,103.14338485284051,103.1433848528405,100.51598320231626,100.3627157647748,95.0209629905919,109.33198794401093,304.59257658966675,0.0,0.7414015726484906,0.10951703920145732,0.0116919442207536,-0.013663811942869166,269.59257658966675,0.0
349,100.63788622578282,103.14338485284051,103.1433848528405,100.51598320231626,100.3627157647748,95.0209629905919,109.33198794401093,304.59257658966675,0.0,0.7414015726484906,0.10951703920145732,0.0116919442207536,-0.013663811942869166,269.59257658966675,0.0
350,100.4953131737545,103.14338485284051,103.1433848528405,100.51598320231626,100.3627157647748,95.0209629905919,109.33198794401093,304.59257658966675,0.0,0.7414015726484906,0.10951703920145732,0.0116919442207536,-0.013663811942869166,269.59257658966675,0.0
351,100.57533666056004,103.14338485284051,103.1433848528405,100.52906657074202,100.3627157647748,95.0209629905919,109.33198794401093,304.59257658966675,0.0,0.7414015726484906,0.10951703920145732,0.0116919442207536,-0.013663811942869166,269.59257658966675,0.0
352,100.62975901385911,103.14338485284051,103.1433848528405,100.52906657074202,100.3627157647748,95.0209629905919,109.33198794401093,304.59257658966675,0.0,0.7414015726484906,0.10951703920145732,0.0116919442207536,-0.013663811942869166,269.59257658966675,0.0
353,100.84205552224287,103.14338485284051,103.1433848528405,100.53952935567615,100.3627157647748,95.0209629905919,109.33198794401093,304.59257658966675,0.0,0.7414015726484906,0.10951703920145732,0.0116919442207536,-0.013663811942869166,269.59257658966675,0.0
354,100.97019307184227,103.14338485284051,103.1433848528405,100.66728249262675,100.3627157647748,95.0209629905919,109.33198794401093,304.59257658966675,0.0,0.7414015726484906,0.10951703920145732,0.0116919442207536,-0.013663811942869166,269.59257658966675,0.0
355,101.04417915015478,103.14338485284051,103.1433848528405,100.74104661270431,100.3627157647748,95.0209629905919,109.33198794401093,304.59257658966675,0.0,0.7414015726484906,0.10951703920145732,0.0116919442207536,-0.013663811942869166,269.59257658966675,0.0
356,101.14612020626116,103.14338485284051,103.1433848528405,100.84268184564239,100.3627157647748,95.0209629905919,109.33198794401093,304.59257658966675,0.0,0.7414015726484906,0.10951703920145732,0.0116919442207536,-0.013663811942869166,269.59257658966675,0.0
357,101.25810710357855,103.14338485284051,103.1433848528405,100.8743820382777,100.3627157647748,95.0209629905919,109.33198794401093,304.59257658966675,0.0,0.7414015726484906,0.10951703920145732,0.0116919442207536,-0.013663811942869166,269.59257658966675,0.0
358,101.2951471830346,103.14338485284051,103.1433848528405,100.99126174148552,100.3627157647748,95.0209629905919,109.33198794401093,304.59257658966675,0.0,0.7414015726484906,0.10951703920145732,0.0116919442207536,-0.013663811942869166,269.59257658966675,0.0
359,101.34791018405711,103.14338485284051,103.1433848528405,101.2479978097444,100.3627157647748,95.0209629905919,109.33198794401093,304.59257658966675,0.0,0.7414015726484906,0.10951703920145732,0.0116919442207536,-0.013663811942869166,269.59257658966675,0.0
360,101.27983764799365,103.14338485284051,103.1433848528405,101.2479978097444,100.3627157647748,95.0209629905919,109.33198794401093,304.59257658966675,0.0,0.7414015726484906,0.10951703920145732,0.0116919442207536,-0.013663811942869166,269.59257658966675,0.0
361,101.44234733749418,103.14338485284051,103.1433848528405,101.2479978097444,100.3627157647748,95.0209629905919,109.33198794401093,304.59257658966675,0.0,0.7414015726484906,0.10951703920145732,0.0116919442207536,-0.013663811942869166,269.59257658966675,0.0
362,101.5830572346097,103.14338485284051,103.1433848528405,101.36447921434392,100.3627157647748,95.0209629905919,109.33198794401093,304.59257658966675,0.0,0.7414015726484906,0.10951703920145732,0.0116919442207536,-0.013663811942869166,269.59257658966675,0.0
363,101.54158889674797,103.14338485284051,103.1433848528405,101.40679272844645,100.3627157647748,95.0209629905919,109.33198794401093,304.59257658966675,0.0,0.7414015726484906,0.10951703920145732,0.0116919442207536,-0.013663811942869166,269.59257658966675,0.0
364,101.55045814445347,103.14338485284051,103.1433848528405,101.40679272844645,100.3627157647748,95.0209629905919,109.33198794401093,304.59257658966675,0.0,0.7414015726484906,0.10951703920145732,0.0116919442207536,-0.013663811942869166,269.59257658966675,0.0
365,101.47924696034352,103.14338485284051,103.1433848528405,101.40679272844645,100.3627157647748,95.0209629905919,109.33198794401093,304.59257658966675,0.0,0.7414015726484906,0.10951703920145732,0.0116919442207536,-0.013663811942869166,269.59257658966675,0.0
366,101.5052381428791,106.06340556694488,106.06340556694488,105.74521535024402,100.4595077724615,96.24979912700815,111.94682470396182,563.3535602622446,0.0,0.7428661321689205,0.07490965481379681,0.014794378121959823,-0.02713450872772527,528.3535602622446,0.0
367,101.55712045823832,106.06340556694488,106.06340556694488,101.86270858399027,100.4595077724615,96.24979912700815,111.94682470396182,563.3535602622446,0.0,0.7428661321689205,0.07490965481379681,0.014794378121959823,-0.02713450872772527,528.3535602622446,0.0
368,101.5936754953425,106.06340556694488,106.06340556694488,101.86270858399027,100.4595077724615,96.24979912700815,111.94682470396182,563.3535602622446,0.0,0.7428661321689205,0.07490965481379681,0.014794378121959823,-0.02713450872772527,528.3535602622446,0.0
369,101.59198549154502,106.06340556694488,106.06340556694488,101.69151882501231,100.4595077724615,96.24979912700815,111.94682470396182,563.3535602622446,0.0,0.7428661321689205,0.07490965481379681,0.014794378121959823,-0.02713450872772527,528.3535602622446,0.0
370,101.50937397750853,106.06340556694488,106.06340556694488,102.18548018800344,100.4595077724615,96.24979912700815,111.94682470396182,563.3535602622446,0.0,0.7428661321689205,0.07490965481379681,0.014794378121959823,-0.02713450872772527,528.3535602622446,0.0
371,101.33711391595804,106.06340556694488,106.06340556694488,101.05953837715364,100.4595077724615,96.24979912700815,111.94682470396182,563.3535602622446,0.0,0.7428661321689205,0.07490965481379681,0.014794378121959823,-0.02713450872772527,528.3535602622446,0.0
372,101.26882261674662,106.06340556694488,106.06340556694488,101.05953837715364,100.4595077724615,96.24979912700815,111.94682470396182,563.3535602622446,0.0,0.7428661321689205,0.07490965481379681,0.014794378121959823,-0.02713450872772527,528.3535602622446,0.0
373,101.17067015679872,106.06340556694488,106.06340556694488,102.45527012868189,100.4595077724615,96.24979912700815,111.94682470396182,563.3535602622446,0.0,0.7428661321689205,0.07490965481379681,0.014794378121959823,-0.02713450872772527,528.3535602622446,0.0
374,101.23101467328136,106.06340556694488,106.06340556694488,101.77570225384551,100.4595077724615,96.24979912700815,111.94682470396182,563.3535602622446,0.0,0.7428661321689205,0.07490965481379681,0.014794378121959823,-0.02713450872772527,528.3535602622446,0.0
375,101.18780200659998,106.06340556694488,106.06340556694488,101.49227884312936,100.4595077724615,96.24979912700815,111.94682470396182,563.3535602622446,0.0,0.7428661321689205,0.07490965481379681,0.014794378121959823,-0.02713450872772527,528.3535602622446,0.0
376,101.22305688848581,106.06340556694488,106.06340556694488,101.49227884312936,100.4595077724615,96.24979912700815,111.94682470396182,563.3535602622446,0.0,0.7428661321689205,0.07490965481379681,0.014794378121959823,-0.02713450872772527,528.3535602622446,0.0
377,101.302569064968,106.06340556694488,106.06340556694488,101.18789771627915,100.4595077724615,96.24979912700815,111.94682470396182,563.3535602622446,0.0,0.7428661321689205,0.07490965481379681,0.014794378121959823,-0.02713450872772527,528.3535602622446,0.0
378,101.26381713946078,106.06340556694488,106.06340556694488,100.85611175390936,100.4595077724615,96.24979912700815,111.94682470396182,563.3535602622446,0.0,0.7428661321689205,0.07490965481379681,0.014794378121959823,-0.02713450872772527,528.3535602622446,0.0
379,101.37480793639126,106.06340556694488,106.06340556694488,101.0706835125821,100.4595077724615,96.24979912700815,111.94682470396182,563.3535602622446,0.0,0.7428661321689205,0.07490965481379681,0.014794378121959823,-0.02713450872772527,528.3535602622446,0.0
380,101.39053960688615,106.06340556694488,106.06340556694488,101.0863679880655,100.4595077724615,96.24979912700815,111.94682470396182,563.3535602622446,0.0,0.7428661321689205,0.07490965481379681,0.014794378121959823,-0.02713450872772527,528.3535602622446,0.0
381,101.46282658975863,106.06340556694488,106.06340556694488,101.15843810998938,100.4595077724615,96.24979912700815,111.94682470396182,563.3535602622446,0.0,0.7428661321689205,0.07490965481379681,0.014794378121959823,-0.02713450872772527,528.3535602622446,0.0
382,101.53223535739465,106.06340556694488,106.06340556694488,101.22763865132247,100.4595077724615,96.24979912700815,111.94682470396182,563.3535602622446,0.0,0.7428661321689205,0.07490965481379681,0.014794378121959823,-0.02713450872772527,528.3535602622446,0.0
383,101.48663848887014,106.06340556694488,106.06340556694488,101.22763865132247,100.4595077724615,96.24979912700815,111.94682470396182,563.3535602622446,0.0,0.7428661321689205,0.07490965481379681,0.014794378121959823,-0.02713450872772527,528.3535602622446,0.0
384,101.51067691241947,106.06340556694488,106.06340556694488,101.22763865132247,100.4595077724615,96.24979912700815,111.94682470396182,563.3535602622446,0.0,0.7428661321689205,0.07490965481379681,0.014794378121959823,-0.02713450872772527,528.3535602622446,0.0
385,101.55499448971001,106.06340556694488,106.06340556694488,101.18239987584475,100.4595077724615,96.24979912700815,111.94682470396182,563.3535602622446,0.0,0.7428661321689205,0.07490965481379681,0.014794378121959823,-0.02713450872772527,528.3535602622446,0.0
386,101.45687583820889,106.06340556694488,106.06340556694488,100.6509555864739,100.4595077724615,96.24979912700815,111.94682470396182,563.3535602622446,0.0,0.7428661321689205,0.07490965481379681,0.014794378121959823,-0.02713450872772527,528.3535602622446,0.0
387,101.57880858955515,106.06340556694488,106.06340556694488,101.27407216378647,100.4595077724615,96.24979912700815,111.94682470396182,563.3535602622446,0.0,0.7428661321689205,0.07490965481379681,0.014794378121959823,-0.02713450872772527,528.3535602622446,0.0
388,101.73732128421148,106.06340556694488,106.06340556694488,101.46492743988154,100.4595077724615,96.24979912700815,111.94682470396182,563.3535602622446,0.0,0.7428661321689205,0.07490965481379681,0.014794378121959823,-0.02713450872772527,528.3535602622446,0.0
389,101.66487009418775,106.06340556694488,106.06340556694488,101.61934474737313,100.4595077724615,96.24979912700815,111.94682470396182,563.3535602622446,0.0,0.7428661321689205,0.07490965481379681,0.014794378121959823,-0.02713450872772527,528.3535602622446,0.0
390,101.8881875553925,106.06340556694488,106.06340556694488,101.3678751257892,100.4595077724615,96.24979912700815,111.94682470396182,563.3535602622446,0.0,0.7428661321689205,0.07490965481379681,0.014794378121959823,-0.02713450872772527,528.3535602622446,0.0
391,101.98785561248526,106.06340556694488,106.06340556694488,101.68189204564781,100.4595077724615,96.24979912700815,111.94682470396182,563.3535602622446,0.0,0.7428661321689205,0.07490965481379681,0.014794378121959823,-0.02713450872772527,528.3535602622446,0.0
392,102.07399411362766,106.06340556694488,106.06340556694488,101.76777213128678,100.4595077724615,96.24979912700815,111.94682470396182,563.3535602622446,0.0,0.7428661321689205,0.07490965481379681,0.014794378121959823,-0.02713450872772527,528.3535602622446,0.0
393,102.25119671919943,106.06340556694488,106.06340556694488,102.45478610274762,100.4595077724615,96.24979912700815,111.94682470396182,563.3535602622446,0.0,0.7428661321689205,0.07490965481379681,0.014794378121959823,-0.02713450872772527,528.3535602622446,0.0
394,102.23767650786455,106.06340556694488,106.06340556694488,102.45478610274762,100.4595077724615,96.24979912700815,111.94682470396182,563.3535602622446,0.0,0.7428661321689205,0.07490965481379681,0.014794378121959823,-0.02713450872772527,528.3535602622446,0.0
395,102.19704143978713,106.06340556694488,106.06340556694488,102.16116299749378,100.4595077724615,96.24979912700815,111.94682470396182,563.3535602622446,0.0,0.7428661321689205,0.07490965481379681,0.014794378121959823,-0.02713450872772527,528.3535602622446,0.0
396,102.20958354530747,106.06340556694488,106.06340556694488,102.09362480310033,100.4595077724615,96.24979912700815,111.94682470396182,563.3535602622446,0.0,0.7428661321689205,0.07490965481379681,0.014794378121959823,-0.02713450872772527,528.3535602622446,0.0
397,102.37785686457752,106.06340556694488,106.06340556694488,102.09362480310033,100.4595077724615,96.24979912700815,111.94682470396182,563.3535602622446,0.0,0.7428661321689205,0.07490965481379681,0.014794378121959823,-0.02713450872772527,528.3535602622446,0.0
398,102.20370004739607,106.06340556694488,106.06340556694488,102.05507710275415,100.4595077724615,96.24979912700815,111.94682470396182,563.3535602622446,0.0,0.7428661321689205,0.07490965481379681,0.014794378121959823,-0.02713450872772527,528.3535602622446,0.0
399,102.2193585262966,106.06340556694488,106.06340556694488,102.05507710275415,100.4595077724615,96.24979912700815,111.94682470396182,563.3535602622446,0.0,0.7428661321689205,0.07490965481379681,0.014794378121959823,-0.02713450872772527,528.3535602622446,0.0
400,102.19885143175809,106.06340556694488,106.06340556694488,102.51977563460902,100.4595077724615,96.24979912700815,111.94682470396182,563.3535602622446,0.0,0.7428661321689205,0.07490965481379681,0.014794378121959823,-0.02713450872772527,528.3535602622446,0.0
401,102.16169376722355,106.06340556694488,106.06340556694488,102.46910107043487,100.4595077724615,96.24979912700815,111.94682470396182,563.3535602622446,0.0,0.7428661321689205,0.07490965481379681,0.014794378121959823,-0.02713450872772527,528.3535602622446,0.0
402,102.06488405347912,106.06340556694488,106.06340556694488,102.97082047311856,100.4595077724615,96.24979912700815,111.94682470396182,563.3535602622446,0.0,0.7428661321689205,0.07490965481379681,0.014794378121959823,-0.02713450872772527,528.3535602622446,0.0
403,102.00108828620067,106.06340556694488,106.06340556694488,102.30801232317017,100.4595077724615,96.24979912700815,111.94682470396182,563.3535602622446,0.0,0.7428661321689205,0.07490965481379681,0.014794378121959823,-0.02713450872772527,528.3535602622446,0.0
404,102.06811780730358,105.80011967679464,105.80011967679464,100.14025302626406,100.52282157916706,93.84944233115414,112.14812685740232,560.3535602622446,0.0,0.6855421047533016,0.06741868933241714,0.016976727543093383,-0.025577854142165613,498.7988778981556,0.0
405,102.13608597893192,105.80011967679464,105.80011967679464,101.82967772099511,100.52282157916706,93.84944233115414,112.14812685740232,560.3535602622446,0.0,0.6855421047533016,0.06741868933241714,0.016976727543093383,-0.025577854142165613,498.7988778981556,0.0
406,102.19072162947931,105.80011967679464,105.80011967679464,101.88414946459086,100.52282157916706,93.84944233115414,112.14812685740232,560.3535602622446,0.0,0.6855421047533016,0.06741868933241714,0.016976727543093383,-0.025577854142165613,498.7988778981556,0.0
407,102.22511889390151,105.80011967679464,105.80011967679464,101.29303089324239,100.52282157916706,93.84944233115414,112.14812685740232,560.3535602622446,0.0,0.6855421047533016,0.06741868933241714,0.016976727543093383,-0.025577854142165613,498.7988778981556,0.0
408,101.99712842576369,105.80011967679464,105.80011967679464,101.58530545567464,100.52282157916706,93.84944233115414,112.14812685740232,560.3535602622446,0.0,0.6855421047533016,0.06741868933241714,0.016976727543093383,-0.025577854142165613,498.7988778981556,0.0
409,101.87340299317404,105.80011967679464,105.80011967679464,101.58530545567464,100.52282157916706,93.84944233115414,112.14812685740232,560.3535602622446,0.0,0.6855421047533016,0.06741868933241714,0.016976727543093383,-0.025577854142165613,498.7988778981556,0.0
410,101.81745840412619,105.80011967679464,105.80011967679464,101.58530545567464,100.52282157916706,93.84944233115414,112.14812685740232,560.3535602622446,0.0,0.6855421047533016,0.06741868933241714,0.016976727543093383,-0.025577854142165613,498.7988778981556,0.0
411,101.91024090474355,105.80011967679464,105.80011967679464,101.60451018202929,100.52282157916706,93.84944233115414,112.14812685740232,560.3535602622446,0.0,0.6855421047533016,0.06741868933241714,0.016976727543093383,-0.025577854142165613,498.7988778981556,0.0
412,101.84968419466502,105.80011967679464,105.80011967679464,101.93089484521654,100.52282157916706,93.84944233115414,112.14812685740232,560.3535602622446,0.0,0.6855421047533016,0.06741868933241714,0.016976727543093383,-0.025577854142165613,498.7988778981556,0.0
413,101.65203250242827,105.80011967679464,105.80011967679464,101.93089484521654,100.52282157916706,93.84944233115414,112.14812685740232,560.3535602622446,0.0,0.6855421047533016,0.06741868933241714,0.016976727543093383,-0.025577854142165613,498.7988778981556,0.0
414,101.59269322958076,105.01948106801375,105.01948106801373,100.09830860703255,100.56240888676932,93.18659643327754,111.32064993209457,557.3535602622446,0.0,0.6386987363730375,0.06067682039917543,0.01856016478328596,-0.02168027632309795,424.40432345670075,0.0
415,101.5724710112695,105.01948106801375,105.01948106801373,101.31176879907122,100.56240888676932,93.18659643327754,111.32064993209457,557.3535602622446,0.0,0.6386987363730375,0.06067682039917543,0.01856016478328596,-0.02168027632309795,424.40432345670075,0.0
416,101.44840692247345,105.01948106801375,105.01948106801373,101.31176879907122,100.56240888676932,93.18659643327754,111.32064993209457,557.3535602622446,0.0,0.6386987363730375,0.06067682039917543,0.01856016478328596,-0.02168027632309795,424.40432345670075,0.0
417,101.38192292598356,105.01948106801375,105.01948106801373,101.31176879907122,100.56240888676932,93.18659643327754,111.32064993209457,557.3535602622446,0.0,0.6386987363730375,0.06067682039917543,0.01856016478328596,-0.02168027632309795,424.40432345670075,0.0
418,101.19176089001964,105.01948106801375,105.01948106801373,101.33718335637704,100.56240888676932,93.18659643327754,111.32064993209457,557.3535602622446,0.0,0.6386987363730375,0.06067682039917543,0.01856016478328596,-0.02168027632309795,424.40432345670075,0.0
419,101.05624010043184,105.01948106801375,105.01948106801373,101.60529317935043,100.56240888676932,93.18659643327754,111.32064993209457,557.3535602622446,0.0,0.6386987363730375,0.06067682039917543,0.01856016478328596,-0.02168027632309795,424.40432345670075,0.0
420,101.05284515254482,105.01948106801375,105.01948106801373,101.83867621454817,100.56240888676932,93.18659643327754,111.32064993209457,557.3535602622446,0.0,0.6386987363730375,0.06067682039917543,0.01856016478328596,-0.02168027632309795,424.40432345670075,0.0
421,101.09264747527212,105.01948106801375,105.01948106801373,101.39683798923983,100.56240888676932,93.18659643327754,111.32064993209457,557.3535602622446,0.0,0.6386987363730375,0.06067682039917543,0.01856016478328596,-0.02168027632309795,424.40432345670075,0.0
422,101.17659661635942,105.01948106801375,105.01948106801373,101.39683798923983,100.56240888676932,93.18659643327754,111.32064993209457,557.3535602622446,0.0,0.6386987363730375,0.06067682039917543,0.01856016478328596,-0.02168027632309795,424.40432345670075,0.0
423,101.22170650629313,105.01948106801375,105.01948106801373,101.39683798923983,100.56240888676932,93.18659643327754,111.32064993209457,557.3535602622446,0.0,0.6386987363730375,0.06067682039917543,0.01856016478328596,-0.02168027632309795,424.40432345670075,0.0
424,101.2861339695189,105.01948106801375,105.01948106801373,101.25198008957838,100.56240888676932,93.18659643327754,111.32064993209457,557.3535602622446,0.0,0.6386987363730375,0.06067682039917543,0.01856016478328596,-0.02168027632309795,424.40432345670075,0.0
425,101.29752990776439,105.01948106801375,105.01948106801373,101.25198008957838,100.56240888676932,93.18659643327754,111.32064993209457,557.3535602622446,0.0,0.6386987363730375,0.06067682039917543,0.01856016478328596,-0.02168027632309795,424.40432345670075,0.0
426,101.15934860778107,105.01948106801375,105.01948106801373,101.25198008957838,100.56240888676932,93.18659643327754,111.32064993209457,557.3535602622446,0.0,0.6386987363730375,0.06067682039917543,0.01856016478328596,-0.02168027632309795,424.40432345670075,0.0
427,101.18266649268911,105.01948106801375,105.01948106801373,101.25198008957838,100.56240888676932,93.18659643327754,111.32064993209457,557.3535602622446,0.0,0.6386987363730375,0.06067682039917543,0.01856016478328596,-0.02168027632309795,424.40432345670075,0.0
428,101.10570610472992,105.01948106801375,105.01948106801373,101.25198008957838,100.56240888676932,93.18659643327754,111.32064993209457,557.3535602622446,0.0,0.6386987363730375,0.06067682039917543,0.01856016478328596,-0.02168027632309795,424.40432345670075,0.0
429,101.03745419257183,105.01948106801375,105.01948106801373,101.11074007640418,100.56240888676932,93.18659643327754,111.32064993209457,557.3535602622446,0.0,0.6386987363730375,0.06067682039917543,0.01856016478328596,-0.02168027632309795,424.40432345670075,0.0
430,101.08496592133602,105.01948106801375,105.01948106801373,101.11074007640418,100.56240888676932,93.18659643327754,111.32064993209457,557.3535602622446,0.0,0.6386987363730375,0.06067682039917543,0.01856016478328596,-0.02168027632309795,424.40432345670075,0.0
431,101.33427940017495,105.01948106801375,105.01948106801373,101.11074007640418,100.56240888676932,93.18659643327754,111.32064993209457,557.3535602622446,0.0,0.6386987363730375,0.06067682039917543,0.01856016478328596,-0.02168027632309795,424.40432345670075,0.0
432,101.49854712052426,105.01948106801375,105.01948106801373,101.19027342982714,100.56240888676932,93.18659643327754,111.32064993209457,557.3535602622446,0.0,0.6386987363730375,0.06067682039917543,0.01856016478328596,-0.02168027632309795,424.40432345670075,0.0
433,101.5532313802643,105.01948106801375,105.01948106801373,101.24857168612351,100.56240888676932,93.18659643327754,111.32064993209457,557.3535602622446,0.0,0.6386987363730375,0.06067682039917543,0.01856016478328596,-0.02168027632309795,424.40432345670075,0.0
434,101.43925068513555,105.01948106801375,105.01948106801373,101.24857168612351,100.56240888676932,93.18659643327754,111.32064993209457,557.3535602622446,0.0,0.6386987363730375,0.06067682039917543,0.01856016478328596,-0.02168027632309795,424.40432345670075,0.0
435,101.51813143975555,105.01948106801375,105.01948106801373,101.15883881896353,100.56240888676932,93.18659643327754,111.32064993209457,557.3535602622446,0.0,0.6386987363730375,0.06067682039917543,0.01856016478328596,-0.02168027632309795,424.40432345670075,0.0
436,101.46595694709781,105.01948106801375,105.01948106801373,100.64335003396997,100.56240888676932,93.18659643327754,111.32064993209457,557.3535602622446,0.0,0.6386987363730375,0.06067682039917543,0.01856016478328596,-0.02168027632309795,424.40432345670075,0.0
437,101.47875287771359,105.01948106801375,105.01948106801373,101.17431661908043,100.56240888676932,93.18659643327754,111.32064993209457,557.3535602622446,0.0,0.6386987363730375,0.06067682039917543,0.01856016478328596,-0.02168027632309795,424.40432345670075,0.0
438,101.55071945022854,105.01948106801375,105.01948106801373,100.97440670269717,100.56240888676932,93.18659643327754,111.32064993209457,557.3535602622446,0.0,0.6386987363730375,0.06067682039917543,0.01856016478328596,-0.02168027632309795,424.40432345670075,0.0
439,101.62116709906604,105.01948106801375,105.01948106801373,101.31630359776885,100.56240888676932,93.18659643327754,111.32064993209457,557.3535602622446,0.0,0.6386987363730375,0.06067682039917543,0.01856016478328596,-0.02168027632309795,424.40432345670075,0.0
440,101.68541368421985,105.01948106801375,105.01948106801373,101.6572668099929,100.56240888676932,93.18659643327754,111.32064993209457,557.3535602622446,0.0,0.6386987363730375,0.06067682039917543,0.01856016478328596,-0.02168027632309795,424.40432345670075,0.0
441,101.59438698305662,105.01948106801375,105.01948106801373,101.49887096829748,100.56240888676932,93.18659643327754,111.32064993209457,557.3535602622446,0.0,0.6386987363730375,0.06067682039917543,0.01856016478328596,-0.02168027632309795,424.40432345670075,0.0
442,101.55907244422005,105.01948106801375,105.01948106801373,102.37484550607506,100.56240888676932,93.18659643327754,111.32064993209457,557.3535602622446,0.0,0.6386987363730375,0.06067682039917543,0.01856016478328596,-0.02168027632309795,424.40432345670075,0.0
443,101.45245237628455,105.01948106801375,105.01948106801373,102.27859093104685,100.56240888676932,93.18659643327754,111.32064993209457,557.3535602622446,0.0,0.6386987363730375,0.06067682039917543,0.01856016478328596,-0.02168027632309795,424.40432345670075,0.0
444,101.49731314538566,105.01948106801375,105.01948106801373,101.8027213093136,100.56240888676932,93.18659643327754,111.32064993209457,557.3535602622446,0.0,0.6386987363730375,0.06067682039917543,0.01856016478328596,-0.02168027632309795,424.40432345670075,0.0
445,101.34514727119318,105.01948106801375,105.01948106801373,101.87919596546047,100.56240888676932,93.18659643327754,111.32064993209457,557.3535602622446,0.0,0.6386987363730375,0.06067682039917543,0.01856016478328596,-0.02168027632309795,424.40432345670075,0.0
446,101.2075631787765,105.01948106801375,105.01948106801373,101.55268669932727,100.56240888676932,93.18659643327754,111.32064993209457,557.3535602622446,0.0,0.6386987363730375,0.06067682039917543,0.01856016478328596,-0.02168027632309795,424.40432345670075,0.0
447,101.29544792035617,105.01948106801375,105.01948106801373,101.39196712440283,100.56240888676932,93.18659643327754,111.32064993209457,557.3535602622446,0.0,0.6386987363730375,0.06067682039917543,0.01856016478328596,-0.02168027632309795,424.40432345670075,0.0
448,101.21111757140332,105.01948106801375,105.01948106801373,100.96236555977801,100.56240888676932,93.18659643327754,111.32064993209457,557.3535602622446,0.0,0.6386987363730375,0.06067682039917543,0.01856016478328596,-0.02168027632309795,424.40432345670075,0.0
449,101.16466182051171,105.01948106801375,105.01948106801373,100.96236555977801,100.56240888676932,93.18659643327754,111.32064993209457,557.3535602622446,0.0,0.6386987363730375,0.06067682039917543,0.01856016478328596,-0.02168027632309795,424.40432345670075,0.0
450,100.91513838804468,105.01948106801375,105.01948106801373,100.97309928810533,100.56240888676932,93.18659643327754,111.32064993209457,557.3535602622446,0.0,0.6386987363730375,0.06067682039917543,0.01856016478328596,-0.02168027632309795,424.40432345670075,0.0
451,100.9599670881122,105.01948106801375,105.01948106801373,101.84730206074708,100.56240888676932,93.18659643327754,111.32064993209457,557.3535602622446,0.0,0.6386987363730375,0.06067682039917543,0.01856016478328596,-0.02168027632309795,424.40432345670075,0.0
452,101.03459952370717,105.01948106801375,105.01948106801373,101.91399437998844,100.56240888676932,93.18659643327754,111.32064993209457,557.3535602622446,0.0,0.6386987363730375,0.06067682039917543,0.01856016478328596,-0.02168027632309795,424.40432345670075,0.0
453,100.84974318276117,105.01948106801375,105.01948106801373,101.1532027911346,100.56240888676932,93.18659643327754,111.32064993209457,557.3535602622446,0.0,0.6386987363730375,0.06067682039917543,0.01856016478328596,-0.02168027632309795,424.40432345670075,0.0
454,100.91595394895411,105.01948106801375,105.01948106801373,101.1532027911346,100.56240888676932,93.18659643327754,111.32064993209457,557.3535602622446,0.0,0.6386987363730375,0.06067682039917543,0.01856016478328596,-0.02168027632309795,424.40432345670075,0.0
455,101.11890651632672,105.01948106801375,105.01948106801373,101.1532027911346,100.56240888676932,93.18659643327754,111.32064993209457,557.3535602622446,0.0,0.6386987363730375,0.06067682039917543,0.01856016478328596,-0.02168027632309795,424.40432345670075,0.0
456,101.05622610533418,105.01948106801375,105.01948106801373,101.1532027911346,100.56240888676932,93.18659643327754,111.32064993209457,557.3535602622446,0.0,0.6386987363730375,0.06067682039917543,0.01856016478328596,-0.02168027632309795,424.40432345670075,0.0
457,101.27606904019501,105.01948106801375,105.01948106801373,101.1532027911346,100.56240888676932,93.18659643327754,111.32064993209457,557.3535602622446,0.0,0.6386987363730375,0.06067682039917543,0.01856016478328596,-0.02168027632309795,424.40432345670075,0.0
458,101.32913915460477,105.01948106801375,105.01948106801373,101.1758817386245,100.56240888676932,93.18659643327754,111.32064993209457,557.3535602622446,0.0,0.6386987363730375,0.06067682039917543,0.01856016478328596,-0.02168027632309795,424.40432345670075,0.0
459,101.54714105586575,105.01948106801375,105.01948106801373,100.96899477392431,100.56240888676932,93.18659643327754,111.32064993209457,557.3535602622446,0.0,0.6386987363730375,0.06067682039917543,0.01856016478328596,-0.02168027632309795,424.40432345670075,0.0
460,101.47695843030095,105.01948106801375,105.01948106801373,101.17252755501005,100.56240888676932,93.18659643327754,111.32064993209457,557.3535602622446,0.0,0.6386987363730375,0.06067682039917543,0.01856016478328596,-0.02168027632309795,424.40432345670075,0.0
461,101.49299163425125,105.01948106801375,105.01948106801373,100.3471878370025,100.56240888676932,93.18659643327754,111.32064993209457,557.3535602622446,0.0,0.6386987363730375,0.06067682039917543,0.01856016478328596,-0.02168027632309795,424.40432345670075,0.0
462,101.53500472205964,105.01948106801375,105.01948106801373,101.23039970789345,100.56240888676932,93.18659643327754,111.32064993209457,557.3535602622446,0.0,0.6386987363730375,0.06067682039917543,0.01856016478328596,-0.02168027632309795,424.40432345670075,0.0
463,101.58355398222017,105.1817483385924,105.1817483385924,104.86620309357662,100.60596270172547,93.36024177863139,111.49265323890795,557.3535602622446,0.0,0.589235490524419,0.05460913835925789,0.02011525068068385,-0.022235465926196334,435.0360884035631,0.0
464,101.6120326392673,105.1817483385924,105.1817483385924,101.91778599725909,100.60596270172547,93.36024177863139,111.49265323890795,557.3535602622446,0.0,0.589235490524419,0.05460913835925789,0.02011525068068385,-0.022235465926196334,435.0360884035631,0.0
465,101.69269628918595,105.1817483385924,105.1817483385924,101.91778599725909,100.60596270172547,93.36024177863139,111.49265323890795,557.3535602622446,0.0,0.589235490524419,0.05460913835925789,0.02011525068068385,-0.022235465926196334,435.0360884035631,0.0
466,101.69721914280827,105.1817483385924,105.1817483385924,101.91778599725909,100.60596270172547,93.36024177863139,111.49265323890795,557.3535602622446,0.0,0.589235490524419,0.05460913835925789,0.02011525068068385,-0.022235465926196334,435.0360884035631,0.0
467,101.58512850166196,105.165700410152,105.165700410152,99.60306184156964,100.64776720393725,93.34599749668222,111.47564243476113,554.3535602622446,0.0,0.5620966512824656,0.049148224523332104,0.02154294988013881,-0.021951591694116496,429.6013993720915,0.0
468,101.7291930286007,105.165700410152,105.165700410152,101.42400544951491,100.64776720393725,93.34599749668222,111.47564243476113,554.3535602622446,0.0,0.5620966512824656,0.049148224523332104,0.02154294988013881,-0.021951591694116496,429.6013993720915,0.0
469,101.7657022256013,105.165700410152,105.165700410152,101.4604051189245,100.64776720393725,93.34599749668222,111.47564243476113,554.3535602622446,0.0,0.5620966512824656,0.049148224523332104,0.02154294988013881,-0.021951591694116496,429.6013993720915,0.0
470,101.68264535605854,105.165700410152,105.165700410152,102.40994107753424,100.64776720393725,93.34599749668222,111.47564243476113,554.3535602622446,0.0,0.5620966512824656,0.049148224523332104,0.02154294988013881,-0.021951591694116496,429.6013993720915,0.0
471,101.64690510818588,105.165700410152,105.165700410152,101.95276339838102,100.64776720393725,93.34599749668222,111.47564243476113,554.3535602622446,0.0,0.5620966512824656,0.049148224523332104,0.02154294988013881,-0.021951591694116496,429.6013993720915,0.0
472,101.60118505161252,105.165700410152,105.165700410152,102.08581206698094,100.64776720393725,93.34599749668222,111.47564243476113,554.3535602622446,0.0,0.5620966512824656,0.049148224523332104,0.02154294988013881,-0.021951591694116496,429.6013993720915,0.0
473,101.55689257592448,105.165700410152,105.165700410152,102.14771352155621,100.64776720393725,93.34599749668222,111.47564243476113,554.3535602622446,0.0,0.5620966512824656,0.049148224523332104,0.02154294988013881,-0.021951591694116496,429.6013993720915,0.0
474,101.4304550920778,105.165700410152,105.165700410152,101.73566207831276,100.64776720393725,93.34599749668222,111.47564243476113,554.3535602622446,0.0,0.5620966512824656,0.049148224523332104,0.02154294988013881,-0.021951591694116496,429.6013993720915,0.0
475,101.38748029596287,105.165700410152,105.165700410152,101.90856655051834,100.64776720393725,93.34599749668222,111.47564243476113,554.3535602622446,0.0,0.5620966512824656,0.049148224523332104,0.02154294988013881,-0.021951591694116496,429.6013993720915,0.0
476,101.45131880084425,105.165700410152,105.165700410152,101.53382256195553,100.64776720393725,93.34599749668222,111.47564243476113,554.3535602622446,0.0,0.5620966512824656,0.049148224523332104,0.02154294988013881,-0.021951591694116496,429.6013993720915,0.0
477,101.39003933712192,105.165700410152,105.165700410152,101.53382256195553,100.64776720393725,93.34599749668222,111.47564243476113,554.3535602622446,0.0,0.5620966512824656,0.049148224523332104,0.02154294988013881,-0.021951591694116496,429.6013993720915,0.0
478,101.39093320135734,105.165700410152,105.165700410152,101.53382256195553,100.64776720393725,93.34599749668222,111.47564243476113,554.3535602622446,0.0,0.5620966512824656,0.049148224523332104,0.02154294988013881,-0.021951591694116496,429.6013993720915,0.0
479,101.41688464721436,105.165700410152,105.165700410152,101.53382256195553,100.64776720393725,93.34599749668222,111.47564243476113,554.3535602622446,0.0,0.5620966512824656,0.049148224523332104,0.02154294988013881,-0.021951591694116496,429.6013993720915,0.0
480,101.58551239311525,105.165700410152,105.165700410152,101.53382256195553,100.64776720393725,93.34599749668222,111.47564243476113,554.3535602622446,0.0,0.5620966512824656,0.049148224523332104,0.02154294988013881,-0.021951591694116496,429.6013993720915,0.0
481,101.60463814687535,105.165700410152,105.165700410152,100.90567367790442,100.64776720393725,93.34599749668222,111.47564243476113,554.3535602622446,0.0,0.5620966512824656,0.049148224523332104,0.02154294988013881,-0.021951591694116496,429.6013993720915,0.0
482,101.51047905418099,105.165700410152,105.165700410152,101.70974463308288,100.64776720393725,93.34599749668222,111.47564243476113,554.3535602622446,0.0,0.5620966512824656,0.049148224523332104,0.02154294988013881,-0.021951591694116496,429.6013993720915,0.0
483,101.40925351940864,105.165700410152,105.165700410152,101.32066666775032,100.64776720393725,93.34599749668222,111.47564243476113,554.3535602622446,0.0,0.5620966512824656,0.049148224523332104,0.02154294988013881,-0.021951591694116496,429.6013993720915,0.0
484,101.39692105641969,105.165700410152,105.165700410152,101.14068026954322,100.64776720393725,93.34599749668222,111.47564243476113,554.3535602622446,0.0,0.5620966512824656,0.049148224523332104,0.02154294988013881,-0.021951591694116496,429.6013993720915,0.0
485,101.30942999647337,105.165700410152,105.165700410152,101.14068026954322,100.64776720393725,93.34599749668222,111.47564243476113,554.3535602622446,0.0,0.5620966512824656,0.049148224523332104,0.02154294988013881,-0.021951591694116496,429.6013993720915,0.0
486,101.22123140149472,105.165700410152,105.165700410152,101.53670481659206,100.64776720393725,93.34599749668222,111.47564243476113,554.3535602622446,0.0,0.5620966512824656,0.049148224523332104,0.02154294988013881,-0.021951591694116496,429.6013993720915,0.0
487,101.07756937910219,105.165700410152,105.165700410152,101.0723773273137,100.64776720393725,93.34599749668222,111.47564243476113,554.3535602622446,0.0,0.5620966512824656,0.049148224523332104,0.02154294988013881,-0.021951591694116496,429.6013993720915,0.0
488,101.19766637642388,105.165700410152,105.165700410152,101.0723773273137,100.64776720393725,93.34599749668222,111.47564243476113,554.3535602622446,0.0,0.5620966512824656,0.049148224523332104,0.02154294988013881,-0.021951591694116496,429.6013993720915,0.0
489,101.1527202204988,105.165700410152,105.165700410152,100.36032474783502,100.64776720393725,93.34599749668222,111.47564243476113,554.3535602622446,0.0,0.5620966512824656,0.049148224523332104,0.02154294988013881,-0.021951591694116496,429.6013993720915,0.0
490,101.13634610677623,105.165700410152,105.165700410152,100.60644814323838,100.64776720393725,93.34599749668222,111.47564243476113,554.3535602622446,0.0,0.5620966512824656,0.049148224523332104,0.02154294988013881,-0.021951591694116496,429.6013993720915,0.0
491,101.0712694011319,105.165700410152,105.165700410152,100.58512033842246,100.64776720393725,93.34599749668222,111.47564243476113,554.3535602622446,0.0,0.5620966512824656,0.049148224523332104,0.02154294988013881,-0.021951591694116496,429.6013993720915,0.0
492,101.05766490403906,105.165700410152,105.165700410152,100.75449190932693,100.64776720393725,93.34599749668222,111.47564243476113,554.3535602622446,0.0,0.5620966512824656,0.049148224523332104,0.02154294988013881,-0.021951591694116496,429.6013993720915,0.0
493,101.02459706740312,105.165700410152,105.165700410152,100.75449190932693,100.64776720393725,93.34599749668222,111.47564243476113,554.3535602622446,0.0,0.5620966512824656,0.049148224523332104,0.02154294988013881,-0.021951591694116496,429.6013993720915,0.0
494,100.91631879841975,105.165700410152,105.165700410152,100.75449190932693,100.64776720393725,93.34599749668222,111.47564243476113,554.3535602622446,0.0,0.5620966512824656,0.049148224523332104,0.02154294988013881,-0.021951591694116496,429.6013993720915,0.0
495,101.01838537729704,105.165700410152,105.165700410152,100.75449190932693,100.64776720393725,93.34599749668222,111.47564243476113,554.3535602622446,0.0,0.5620966512824656,0.049148224523332104,0.02154294988013881,-0.021951591694116496,429.6013993720915,0.0
496,100.97784906606472,105.165700410152,105.165700410152,100.75449190932693,100.64776720393725,93.34599749668222,111.47564243476113,554.3535602622446,0.0,0.5620966512824656,0.049148224523332104,0.02154294988013881,-0.021951591694116496,429.6013993720915,0.0
497,100.86756673364758,105.165700410152,105.165700410152,100.26093516388659,100.64776720393725,93.34599749668222,111.47564243476113,554.3535602622446,0.0,0.5620966512824656,0.049148224523332104,0.02154294988013881,-0.021951591694116496,429.6013993720915,0.0
498,100.81326110914799,103.96281854020035,103.96281854020036,98.49508794476887,100.65407055646395,92.3076265200785,110.20058765261238,551.3535602622446,0.0,0.5197095643411587,0.04423340207099889,0.022190996520906586,-0.01617045395589659,318.2626279468348,0.0
499,100.77779110687653,103.96281854020035,103.96281854020036,100.47545773355591,100.65407055646395,92.3076265200785,110.20058765261238,551.3535602622446,0.0,0.5197095643411587,0.04423340207099889,0.022190996520906586,-0.01617045395589659,318.2626279468348,0.0
500,100.93146174520913,103.96281854020035,103.96281854020036,100.53507577817199,100.65407055646395,92.3076265200785,110.20058765261238,551.3535602622446,0.0,0.5197095643411587,0.04423340207099889,0.022190996520906586,-0.01617045395589659,318.2626279468348,0.0
501,100.75464906047691,103.96281854020035,103.96281854020036,100.53507577817199,100.65407055646395,92.3076265200785,110.20058765261238,551.3535602622446,0.0,0.5197095643411587,0.04423340207099889,0.022190996520906586,-0.01617045395589659,318.2626279468348,0.0
502,100.79124188502068,103.96281854020035,103.96281854020036,100.53507577817199,100.65407055646395,92.3076265200785,110.20058765261238,551.3535602622446,0.0,0.5197095643411587,0.04423340207099889,0.022190996520906586,-0.01617045395589659,318.2626279468348,0.0
503,100.81914199302514,103.96281854020035,103.96281854020036,100.53507577817199,100.65407055646395,92.3076265200785,110.20058765261238,551.3535602622446,0.0,0.5197095643411587,0.04423340207099889,0.022190996520906586,-0.01617045395589659,318.2626279468348,0.0
504,100.9035215282927,103.96281854020035,103.96281854020036,100.60081096370784,100.65407055646395,92.3076265200785,110.20058765261238,551.3535602622446,0.0,0.5197095643411587,0.04423340207099889,0.022190996520906586,-0.01617045395589659,318.2626279468348,0.0
505,100.84661361366456,103.96281854020035,103.96281854020036,100.60081096370784,100.65407055646395,92.3076265200785,110.20058765261238,551.3535602622446,0.0,0.5197095643411587,0.04423340207099889,0.022190996520906586,-0.01617045395589659,318.2626279468348,0.0
506,100.80389006773261,103.96281854020035,103.96281854020036,100.60081096370784,100.65407055646395,92.3076265200785,110.20058765261238,551.3535602622446,0.0,0.5197095643411587,0.04423340207099889,0.022190996520906586,-0.01617045395589659,318.2626279468348,0.0
507,100.78591296549851,103.96281854020035,103.96281854020036,101.18416620526928,100.65407055646395,92.3076265200785,110.20058765261238,551.3535602622446,0.0,0.5197095643411587,0.04423340207099889,0.022190996520906586,-0.01617045395589659,318.2626279468348,0.0
508,100.70892976474227,103.96281854020035,103.96281854020036,101.01196566172744,100.65407055646395,92.3076265200785,110.20058765261238,551.3535602622446,0.0,0.5197095643411587,0.04423340207099889,0.022190996520906586,-0.01617045395589659,318.2626279468348,0.0
509,100.62776370013825,103.96281854020035,103.96281854020036,100.93055536623696,100.65407055646395,92.3076265200785,110.20058765261238,551.3535602622446,0.0,0.5197095643411587,0.04423340207099889,0.022190996520906586,-0.01617045395589659,318.2626279468348,0.0
510,100.68914314945431,103.96281854020035,103.96281854020036,100.93055536623696,100.65407055646395,92.3076265200785,110.20058765261238,551.3535602622446,0.0,0.5197095643411587,0.04423340207099889,0.022190996520906586,-0.01617045395589659,318.2626279468348,0.0
511,100.56948124782268,103.96281854020035,103.96281854020036,100.872097540444,100.65407055646395,92.3076265200785,110.20058765261238,551.3535602622446,0.0,0.5197095643411587,0.04423340207099889,0.022190996520906586,-0.01617045395589659,318.2626279468348,0.0
512,100.55045075811246,103.96281854020035,103.96281854020036,100.85300978747489,100.65407055646395,92.3076265200785,110.20058765261238,551.3535602622446,0.0,0.5197095643411587,0.04423340207099889,0.022190996520906586,-0.01617045395589659,318.2626279468348,0.0
513,100.50713522188728,103.96281854020035,103.96281854020036,100.80956391362815,100.65407055646395,92.3076265200785,110.20058765261238,551.3535602622446,0.0,0.5197095643411587,0.04423340207099889,0.022190996520906586,-0.01617045395589659,318.2626279468348,0.0
514,100.59537507488446,103.96281854020035,103.96281854020036,100.66490693927621,100.65407055646395,92.3076265200785,110.20058765261238,551.3535602622446,0.0,0.5197095643411587,0.04423340207099889,0.022190996520906586,-0.01617045395589659,318.2626279468348,0.0
515,100.63238550511343,105.4354895407682,105.4354895407682,105.11918307214593,100.70315032932896,93.64493030991036,111.7616189132143,548.3535602622446,0.0,0.48283868154680715,0.039810061863899,0.023614869257914124,-0.022957070127276675,448.8374106338655,0.0
516,100.60384482506947,105.4354895407682,105.4354895407682,100.90656451862536,100.70315032932896,93.64493030991036,111.7616189132143,548.3535602622446,0.0,0.48283868154680715,0.039810061863899,0.023614869257914124,-0.022957070127276675,448.8374106338655,0.0
517,100.54454206063,105.4354895407682,105.4354895407682,100.8470833105617,100.70315032932896,93.64493030991036,111.7616189132143,548.3535602622446,0.0,0.48283868154680715,0.039810061863899,0.023614869257914124,-0.022957070127276675,448.8374106338655,0.0
518,100.55970955882434,105.4354895407682,105.4354895407682,100.49832308950685,100.70315032932896,93.64493030991036,111.7616189132143,548.3535602622446,0.0,0.48283868154680715,0.039810061863899,0.023614869257914124,-0.022957070127276675,448.8374106338655,0.0
519,100.37081467216235,105.4354895407682,105.4354895407682,100.49832308950685,100.70315032932896,93.64493030991036,111.7616189132143,548.3535602622446,0.0,0.48283868154680715,0.039810061863899,0.023614869257914124,-0.022957070127276675,448.8374106338655,0.0
520,100.47081109444444,105.4354895407682,105.4354895407682,100.49832308950685,100.70315032932896,93.64493030991036,111.7616189132143,548.3535602622446,0.0,0.48283868154680715,0.039810061863899,0.023614869257914124,-0.022957070127276675,448.8374106338655,0.0
521,100.40138222630539,105.4354895407682,105.4354895407682,100.65391864657636,100.70315032932896,93.64493030991036,111.7616189132143,548.3535602622446,0.0,0.48283868154680715,0.039810061863899,0.023614869257914124,-0.022957070127276675,448.8374106338655,0.0
522,100.37611791125106,105.4354895407682,105.4354895407682,101.58992212184927,100.70315032932896,93.64493030991036,111.7616189132143,548.3535602622446,0.0,0.48283868154680715,0.039810061863899,0.023614869257914124,-0.022957070127276675,448.8374106338655,0.0
523,100.40187702916349,105.4354895407682,105.4354895407682,100.47289991697144,100.70315032932896,93.64493030991036,111.7616189132143,548.3535602622446,0.0,0.48283868154680715,0.039810061863899,0.023614869257914124,-0.022957070127276675,448.8374106338655,0.0
524,100.30784037459061,104.35056454061942,104.35056454061942,98.95663926966823,100.74060918590638,93.15475191811284,110.61159841305658,542.3535602622446,0.0,0.5758628156557666,0.02723008231490692,0.02418089961056021,-0.01760170995718538,345.9449760147515,0.0
525,100.37169379124987,104.35056454061942,104.35056454061942,100.2152916701076,100.74060918590638,93.15475191811284,110.61159841305658,542.3535602622446,0.0,0.5758628156557666,0.02723008231490692,0.02418089961056021,-0.01760170995718538,345.9449760147515,0.0
526,100.33893025549713,104.35056454061942,104.35056454061942,100.56217589482478,100.74060918590638,93.15475191811284,110.61159841305658,542.3535602622446,0.0,0.5758628156557666,0.02723008231490692,0.02418089961056021,-0.01760170995718538,345.9449760147515,0.0
527,100.3898015177715,104.35056454061942,104.35056454061942,100.23460252858258,100.74060918590638,93.15475191811284,110.61159841305658,542.3535602622446,0.0,0.5758628156557666,0.02723008231490692,0.02418089961056021,-0.01760170995718538,345.9449760147515,0.0
528,100.25305286507268,104.35056454061942,104.35056454061942,100.23460252858258,100.74060918590638,93.15475191811284,110.61159841305658,542.3535602622446,0.0,0.5758628156557666,0.02723008231490692,0.02418089961056021,-0.01760170995718538,345.9449760147515,0.0
529,100.2109860164367,104.35056454061942,104.35056454061942,100.23460252858258,100.74060918590638,93.15475191811284,110.61159841305658,542.3535602622446,0.0,0.5758628156557666,0.02723008231490692,0.02418089961056021,-0.01760170995718538,345.9449760147515,0.0
530,100.0154327507636,104.28148021531888,104.2814802153189,98.9225045224668,100.75530060299353,92.70819278836542,110.53836902823804,539.3535602622446,0.0,0.5431271237366386,0.02450707408341623,0.02479398399598097,-0.017197790553734785,338.14054087500045,0.0
531,99.9960773962218,104.28148021531888,104.2814802153189,99.56967888842296,100.75530060299353,92.70819278836542,110.53836902823804,539.3535602622446,0.0,0.5431271237366386,0.02450707408341623,0.02479398399598097,-0.017197790553734785,338.14054087500045,0.0
532,99.85563160739649,104.28148021531888,104.2814802153189,99.51495160704093,100.75530060299353,92.70819278836542,110.53836902823804,539.3535602622446,0.0,0.5431271237366386,0.02450707408341623,0.02479398399598097,-0.017197790553734785,338.14054087500045,0.0
533,99.88229997733706,104.05459806099023,104.05459806099023,98.73859204453863,100.76344849449018,92.53583369230073,110.29787394464965,536.3535602622446,0.0,0.5263436205043742,0.022056366675074608,0.02523474897668088,-0.016068650306205075,316.2906423963108,0.0
534,99.98789374919261,104.05459806099023,104.05459806099023,99.68793006794505,100.76344849449018,92.53583369230073,110.29787394464965,536.3535602622446,0.0,0.5263436205043742,0.022056366675074608,0.02523474897668088,-0.016068650306205075,316.2906423963108,0.0
535,100.04585018814306,104.05459806099023,104.05459806099023,99.0909136529243,100.76344849449018,92.53583369230073,110.29787394464965,536.3535602622446,0.0,0.5263436205043742,0.022056366675074608,0.02523474897668088,-0.016068650306205075,316.2906423963108,0.0
536,99.95378498395824,104.05459806099023,104.05459806099023,99.65392362900637,100.76344849449018,92.53583369230073,110.29787394464965,536.3535602622446,0.0,0.5263436205043742,0.022056366675074608,0.02523474897668088,-0.016068650306205075,316.2906423963108,0.0
537,99.88084941730257,104.05459806099023,104.05459806099023,100.85576735094982,100.76344849449018,92.53583369230073,110.29787394464965,536.3535602622446,0.0,0.5263436205043742,0.022056366675074608,0.02523474897668088,-0.016068650306205075,316.2906423963108,0.0
538,99.88505004483798,104.05459806099023,104.05459806099023,99.83153210682605,100.76344849449018,92.53583369230073,110.29787394464965,536.3535602622446,0.0,0.5263436205043742,0.022056366675074608,0.02523474897668088,-0.016068650306205075,316.2906423963108,0.0
539,100.01820248442701,104.05459806099023,104.05459806099023,100.56516410304744,100.76344849449018,92.53583369230073,110.29787394464965,536.3535602622446,0.0,0.5263436205043742,0.022056366675074608,0.02523474897668088,-0.016068650306205075,316.2906423963108,0.0
540,100.0360702940463,104.05459806099023,104.05459806099023,100.3370815386623,100.76344849449018,92.53583369230073,110.29787394464965,536.3535602622446,0.0,0.5263436205043742,0.022056366675074608,0.02523474897668088,-0.016068650306205075,316.2906423963108,0.0
541,100.193785756607,104.05459806099023,104.05459806099023,100.3370815386623,100.76344849449018,92.53583369230073,110.29787394464965,536.3535602622446,0.0,0.5263436205043742,0.022056366675074608,0.02523474897668088,-0.016068650306205075,316.2906423963108,0.0
542,100.14562919445858,104.05459806099023,104.05459806099023,100.3370815386623,100.76344849449018,92.53583369230073,110.29787394464965,536.3535602622446,0.0,0.5263436205043742,0.022056366675074608,0.02523474897668088,-0.016068650306205075,316.2906423963108,0.0
543,100.1936959783551,104.05459806099023,104.05459806099023,100.3370815386623,100.76344849449018,92.53583369230073,110.29787394464965,536.3535602622446,0.0,0.5263436205043742,0.022056366675074608,0.02523474897668088,-0.016068650306205075,316.2906423963108,0.0
544,100.1918303340588,104.05459806099023,104.05459806099023,100.58823440975037,100.76344849449018,92.53583369230073,110.29787394464965,536.3535602622446,0.0,0.5263436205043742,0.022056366675074608,0.02523474897668088,-0.016068650306205075,316.2906423963108,0.0
545,100.26312447899777,104.05459806099023,104.05459806099023,100.56481893580519,100.76344849449018,92.53583369230073,110.29787394464965,536.3535602622446,0.0,0.5263436205043742,0.022056366675074608,0.02523474897668088,-0.016068650306205075,316.2906423963108,0.0
546,100.03923922642697,104.05459806099023,104.05459806099023,100.46126641666311,100.76344849449018,92.53583369230073,110.29787394464965,536.3535602622446,0.0,0.5263436205043742,0.022056366675074608,0.02523474897668088,-0.016068650306205075,316.2906423963108,0.0
547,100.02376242507167,104.05459806099023,104.05459806099023,100.32473663497657,100.76344849449018,92.53583369230073,110.29787394464965,536.3535602622446,0.0,0.5263436205043742,0.022056366675074608,0.02523474897668088,-0.016068650306205075,316.2906423963108,0.0
548,99.89636940328089,104.05459806099023,104.05459806099023,100.19696028413327,100.76344849449018,92.53583369230073,110.29787394464965,536.3535602622446,0.0,0.5263436205043742,0.022056366675074608,0.02523474897668088,-0.016068650306205075,316.2906423963108,0.0
549,100.00593691591234,104.05459806099023,104.05459806099023,100.2583333984377,100.76344849449018,92.53583369230073,110.29787394464965,536.3535602622446,0.0,0.5263436205043742,0.022056366675074608,0.02523474897668088,-0.016068650306205075,316.2906423963108,0.0
550,100.02648508545548,104.05459806099023,104.05459806099023,100.2583333984377,100.76344849449018,92.53583369230073,110.29787394464965,536.3535602622446,0.0,0.5263436205043742,0.022056366675074608,0.02523474897668088,-0.016068650306205075,316.2906423963108,0.0
551,99.98844901960375,104.05459806099023,104.05459806099023,100.31721070726697,100.76344849449018,92.53583369230073,110.29787394464965,536.3535602622446,0.0,0.5263436205043742,0.022056366675074608,0.02523474897668088,-0.016068650306205075,316.2906423963108,0.0
552,99.96018438191376,104.05459806099023,104.05459806099023,100.26096728376505,100.76344849449018,92.53583369230073,110.29787394464965,536.3535602622446,0.0,0.5263436205043742,0.022056366675074608,0.02523474897668088,-0.016068650306205075,316.2906423963108,0.0
553,99.97532127122385,104.05459806099023,104.05459806099023,100.22608068203897,100.76344849449018,92.53583369230073,110.29787394464965,536.3535602622446,0.0,0.5263436205043742,0.022056366675074608,0.02523474897668088,-0.016068650306205075,316.2906423963108,0.0
554,100.12416174478834,104.05459806099023,104.05459806099023,100.1040647432566,100.76344849449018,92.53583369230073,110.29787394464965,536.3535602622446,0.0,0.5263436205043742,0.022056366675074608,0.02523474897668088,-0.016068650306205075,316.2906423963108,0.0
555,100.21904182606082,104.05459806099023,104.05459806099023,99.7012219460768,100.76344849449018,92.53583369230073,110.29787394464965,536.3535602622446,0.0,0.5263436205043742,0.022056366675074608,0.02523474897668088,-0.016068650306205075,316.2906423963108,0.0
556,100.29803467296408,104.05459806099023,104.05459806099023,99.99714056894517,100.76344849449018,92.53583369230073,110.29787394464965,536.3535602622446,0.0,0.5263436205043742,0.022056366675074608,0.02523474897668088,-0.016068650306205075,316.2906423963108,0.0
557,100.30980445009085,104.05459806099023,104.05459806099023,100.00887503674059,100.76344849449018,92.53583369230073,110.29787394464965,536.3535602622446,0.0,0.5263436205043742,0.022056366675074608,0.02523474897668088,-0.016068650306205075,316.2906423963108,0.0
558,100.07639182352872,104.05459806099023,104.05459806099023,99.27099324474246,100.76344849449018,92.53583369230073,110.29787394464965,536.3535602622446,0.0,0.5263436205043742,0.022056366675074608,0.02523474897668088,-0.016068650306205075,316.2906423963108,0.0
559,100.14939670787251,104.05459806099023,104.05459806099023,101.26358058119958,100.76344849449018,92.53583369230073,110.29787394464965,536.3535602622446,0.0,0.5263436205043742,0.022056366675074608,0.02523474897668088,-0.016068650306205075,316.2906423963108,0.0
560,100.08999893007771,104.05459806099023,104.05459806099023,100.07485011286887,100.76344849449018,92.53583369230073,110.29787394464965,536.3535602622446,0.0,0.5263436205043742,0.022056366675074608,0.02523474897668088,-0.016068650306205075,316.2906423963108,0.0
561,100.11633170170647,104.05459806099023,104.05459806099023,100.07485011286887,100.76344849449018,92.53583369230073,110.29787394464965,536.3535602622446,0.0,0.5263436205043742,0.022056366675074608,0.02523474897668088,-0.016068650306205075,316.2906423963108,0.0
562,100.09442420618248,104.05459806099023,104.05459806099023,100.32426069121169,100.76344849449018,92.53583369230073,110.29787394464965,536.3535602622446,0.0,0.5263436205043742,0.022056366675074608,0.02523474897668088,-0.016068650306205075,316.2906423963108,0.0
563,100.07810278599992,104.05459806099023,104.05459806099023,99.9317132238868,100.76344849449018,92.53583369230073,110.29787394464965,536.3535602622446,0.0,0.5263436205043742,0.022056366675074608,0.02523474897668088,-0.016068650306205075,316.2906423963108,0.0
564,100.06295081780611,104.05459806099023,104.05459806099023,98.92285422372441,100.76344849449018,92.53583369230073,110.29787394464965,536.3535602622446,0.0,0.5263436205043742,0.022056366675074608,0.02523474897668088,-0.016068650306205075,316.2906423963108,0.0
565,100.07307954460099,104.05459806099023,104.05459806099023,99.52778626259915,100.76344849449018,92.53583369230073,110.29787394464965,536.3535602622446,0.0,0.5263436205043742,0.022056366675074608,0.02523474897668088,-0.016068650306205075,316.2906423963108,0.0
566,100.21186604505041,104.05459806099023,104.05459806099023,99.9112304469153,100.76344849449018,92.53583369230073,110.29787394464965,536.3535602622446,0.0,0.5263436205043742,0.022056366675074608,0.02523474897668088,-0.016068650306205075,316.2906423963108,0.0
567,100.38193253084088,104.05459806099023,104.05459806099023,100.08078673324836,100.76344849449018,92.53583369230073,110.29787394464965,536.3535602622446,0.0,0.5263436205043742,0.022056366675074608,0.02523474897668088,-0.016068650306205075,316.2906423963108,0.0
568,100.32881498910665,104.05459806099023,104.05459806099023,99.7660890513943,100.76344849449018,92.53583369230073,110.29787394464965,536.3535602622446,0.0,0.5263436205043742,0.022056366675074608,0.02523474897668088,-0.016068650306205075,316.2906423963108,0.0
569,100.44287513342888,104.05459806099023,104.05459806099023,100.16163067757667,100.76344849449018,92.53583369230073,110.29787394464965,536.3535602622446,0.0,0.5263436205043742,0.022056366675074608,0.02523474897668088,-0.016068650306205075,316.2906423963108,0.0
570,100.47936390080791,104.05459806099023,104.05459806099023,100.24273153289826,100.76344849449018,92.53583369230073,110.29787394464965,536.3535602622446,0.0,0.5263436205043742,0.022056366675074608,0.02523474897668088,-0.016068650306205075,316.2906423963108,0.0
571,100.42212587416958,104.05459806099023,104.05459806099023,99.8129778493691,100.76344849449018,92.53583369230073,110.29787394464965,536.3535602622446,0.0,0.5263436205043742,0.022056366675074608,0.02523474897668088,-0.016068650306205075,316.2906423963108,0.0
572,100.32984336435432,104.05459806099023,104.05459806099023,99.97718243113843,100.76344849449018,92.53583369230073,110.29787394464965,536.3535602622446,0.0,0.5263436205043742,0.022056366675074608,0.02523474897668088,-0.016068650306205075,316.2906423963108,0.0
573,100.49560081446086,104.05459806099023,104.05459806099023,100.19411401201747,100.76344849449018,92.53583369230073,110.29787394464965,536.3535602622446,0.0,0.5263436205043742,0.022056366675074608,0.02523474897668088,-0.016068650306205075,316.2906423963108,0.0
574,100.45107671232249,104.05459806099023,104.05459806099023,100.16400213085493,100.76344849449018,92.53583369230073,110.29787394464965,536.3535602622446,0.0,0.5263436205043742,0.022056366675074608,0.02523474897668088,-0.016068650306205075,316.2906423963108,0.0
575,100.40751127797174,104.05459806099023,104.05459806099023,100.16400213085493,100.76344849449018,92.53583369230073,110.29787394464965,536.3535602622446,0.0,0.5263436205043742,0.022056366675074608,0.02523474897668088,-0.016068650306205075,316.2906423963108,0.0
576,100.4484086069722,104.05459806099023,104.05459806099023,100.16400213085493,100.76344849449018,92.53583369230073,110.29787394464965,536.3535602622446,0.0,0.5263436205043742,0.022056366675074608,0.02523474897668088,-0.016068650306205075,316.2906423963108,0.0
577,100.44023872514875,104.05459806099023,104.05459806099023,100.16400213085493,100.76344849449018,92.53583369230073,110.29787394464965,536.3535602622446,0.0,0.5263436205043742,0.022056366675074608,0.02523474897668088,-0.016068650306205075,316.2906423963108,0.0
578,100.36988738828475,104.05459806099023,104.05459806099023,99.86976795137231,100.76344849449018,92.53583369230073,110.29787394464965,536.3535602622446,0.0,0.5263436205043742,0.022056366675074608,0.02523474897668088,-0.016068650306205075,316.2906423963108,0.0
579,100.28285108303692,104.05459806099023,104.05459806099023,101.17445989162722,100.76344849449018,92.53583369230073,110.29787394464965,536.3535602622446,0.0,0.5263436205043742,0.022056366675074608,0.02523474897668088,-0.016068650306205075,316.2906423963108,0.0
580,100.11473434033184,104.05459806099023,104.05459806099023,100.41598228719339,100.76344849449018,92.53583369230073,110.29787394464965,536.3535602622446,0.0,0.5263436205043742,0.022056366675074608,0.02523474897668088,-0.016068650306205075,316.2906423963108,0.0
581,100.10511696850168,104.05459806099023,104.05459806099023,100.40633597643097,100.76344849449018,92.53583369230073,110.29787394464965,536.3535602622446,0.0,0.5263436205043742,0.022056366675074608,0.02523474897668088,-0.016068650306205075,316.2906423963108,0.0
582,100.04175911610285,104.05387679475228,104.05387679475228,98.76921772011721,100.77181087211265,92.56453546293943,110.29710940243743,533.3535602622446,0.0,0.4858687839252488,0.01985073000756715,0.025643672955575243,-0.016023702690932472,315.41985976299094,0.0
583,99.9968897924165,104.05387679475228,104.05387679475228,99.69689912303924,100.77181087211265,92.56453546293943,110.29710940243743,533.3535602622446,0.0,0.4858687839252488,0.01985073000756715,0.025643672955575243,-0.016023702690932472,315.41985976299094,0.0
584,99.95740071176493,104.05387679475228,104.05387679475228,99.69689912303924,100.77181087211265,92.56453546293943,110.29710940243743,533.3535602622446,0.0,0.4858687839252488,0.01985073000756715,0.025643672955575243,-0.016023702690932472,315.41985976299094,0.0
585,99.98568639433353,104.05387679475228,104.05387679475228,99.70693282625973,100.77181087211265,92.56453546293943,110.29710940243743,533.3535602622446,0.0,0.4858687839252488,0.01985073000756715,0.025643672955575243,-0.016023702690932472,315.41985976299094,0.0
586,99.95033023078125,104.05387679475228,104.05387679475228,100.57564047009346,100.77181087211265,92.56453546293943,110.29710940243743,533.3535602622446,0.0,0.4858687839252488,0.01985073000756715,0.025643672955575243,-0.016023702690932472,315.41985976299094,0.0
587,100.03212682758857,104.05387679475228,104.05387679475228,100.33312620620721,100.77181087211265,92.56453546293943,110.29710940243743,533.3535602622446,0.0,0.4858687839252488,0.01985073000756715,0.025643672955575243,-0.016023702690932472,315.41985976299094,0.0
588,100.14774415316015,104.05387679475228,104.05387679475228,100.54892056777858,100.77181087211265,92.56453546293943,110.29710940243743,533.3535602622446,0.0,0.4858687839252488,0.01985073000756715,0.025643672955575243,-0.016023702690932472,315.41985976299094,0.0
589,100.17973778054066,104.05387679475228,104.05387679475228,100.43024367604946,100.77181087211265,92.56453546293943,110.29710940243743,533.3535602622446,0.0,0.4858687839252488,0.01985073000756715,0.025643672955575243,-0.016023702690932472,315.41985976299094,0.0
590,100.20755260874981,104.05387679475228,104.05387679475228,100.3321447709871,100.77181087211265,92.56453546293943,110.29710940243743,533.3535602622446,0.0,0.4858687839252488,0.01985073000756715,0.025643672955575243,-0.016023702690932472,315.41985976299094,0.0
591,100.18212025749492,104.05387679475228,104.05387679475228,100.3321447709871,100.77181087211265,92.56453546293943,110.29710940243743,533.3535602622446,0.0,0.4858687839252488,0.01985073000756715,0.025643672955575243,-0.016023702690932472,315.41985976299094,0.0
592,100.24906239593547,104.05387679475228,104.05387679475228,100.3321447709871,100.77181087211265,92.56453546293943,110.29710940243743,533.3535602622446,0.0,0.4858687839252488,0.01985073000756715,0.025643672955575243,-0.016023702690932472,315.41985976299094,0.0
593,100.27463979225966,104.05387679475228,104.05387679475228,100.3321447709871,100.77181087211265,92.56453546293943,110.29710940243743,533.3535602622446,0.0,0.4858687839252488,0.01985073000756715,0.025643672955575243,-0.016023702690932472,315.41985976299094,0.0
594,100.32835226827659,104.05387679475228,104.05387679475228,100.2994451540449,100.77181087211265,92.56453546293943,110.29710940243743,533.3535602622446,0.0,0.4858687839252488,0.01985073000756715,0.025643672955575243,-0.016023702690932472,315.41985976299094,0.0
595,100.31302352879196,104.05387679475228,104.05387679475228,100.2994451540449,100.77181087211265,92.56453546293943,110.29710940243743,533.3535602622446,0.0,0.4858687839252488,0.01985073000756715,0.025643672955575243,-0.016023702690932472,315.41985976299094,0.0
596,100.28504117279599,104.05387679475228,104.05387679475228,100.2994451540449,100.77181087211265,92.56453546293943,110.29710940243743,533.3535602622446,0.0,0.4858687839252488,0.01985073000756715,0.025643672955575243,-0.016023702690932472,315.41985976299094,0.0
597,100.20410666792716,104.05387679475228,104.05387679475228,99.69296070483958,100.77181087211265,92.56453546293943,110.29710940243743,533.3535602622446,0.0,0.4858687839252488,0.01985073000756715,0.025643672955575243,-0.016023702690932472,315.41985976299094,0.0
598,100.10977552930751,104.05387679475228,104.05387679475228,100.08299826734088,100.77181087211265,92.56453546293943,110.29710940243743,533.3535602622446,0.0,0.4858687839252488,0.01985073000756715,0.025643672955575243,-0.016023702690932472,315.41985976299094,0.0
599,100.04395075101436,104.05387679475228,104.05387679475228,99.73249069745061,100.77181087211265,92.56453546293943,110.29710940243743,533.3535602622446,0.0,0.4858687839252488,0.01985073000756715,0.025643672955575243,-0.016023702690932472,315.41985976299094,0.0
600,100.16381567032069,104.05387679475228,104.05387679475228,99.86332422330972,100.77181087211265,92.56453546293943,110.29710940243743,533.3535602622446,0.0,0.4858687839252488,0.01985073000756715,0.025643672955575243,-0.016023702690932472,315.41985976299094,0.0
601,100.09787284202055,104.05387679475228,104.05387679475228,99.9203322098617,100.77181087211265,92.56453546293943,110.29710940243743,533.3535602622446,0.0,0.4858687839252488,0.01985073000756715,0.025643672955575243,-0.016023702690932472,315.41985976299094,0.0
602,100.23615400489639,104.05387679475228,104.05387679475228,99.93544554288171,100.77181087211265,92.56453546293943,110.29710940243743,533.3535602622446,0.0,0.4858687839252488,0.01985073000756715,0.025643672955575243,-0.016023702690932472,315.41985976299094,0.0
603,100.05557759909415,104.05387679475228,104.05387679475228,99.93544554288171,100.77181087211265,92.56453546293943,110.29710940243743,533.3535602622446,0.0,0.4858687839252488,0.01985073000756715,0.025643672955575243,-0.016023702690932472,315.41985976299094,0.0
604,99.889783832769,104.05387679475228,104.05387679475228,99.93544554288171,100.77181087211265,92.56453546293943,110.29710940243743,533.3535602622446,0.0,0.4858687839252488,0.01985073000756715,0.025643672955575243,-0.016023702690932472,315.41985976299094,0.0
605,99.83965515807782,104.05387679475228,104.05387679475228,99.93544554288171,100.77181087211265,92.56453546293943,110.29710940243743,533.3535602622446,0.0,0.4858687839252488,0.01985073000756715,0.025643672955575243,-0.016023702690932472,315.41985976299094,0.0
606,99.90671444983408,104.05387679475228,104.05387679475228,99.80821761701472,100.77181087211265,92.56453546293943,110.29710940243743,533.3535602622446,0.0,0.4858687839252488,0.01985073000756715,0.025643672955575243,-0.016023702690932472,315.41985976299094,0.0
607,99.70918272126303,104.05387679475228,104.05387679475228,100.38096963112366,100.77181087211265,92.56453546293943,110.29710940243743,533.3535602622446,0.0,0.4858687839252488,0.01985073000756715,0.025643672955575243,-0.016023702690932472,315.41985976299094,0.0
608,99.6137704172033,104.05387679475228,104.05387679475228,99.81464918314926,100.77181087211265,92.56453546293943,110.29710940243743,533.3535602622446,0.0,0.4858687839252488,0.01985073000756715,0.025643672955575243,-0.016023702690932472,315.41985976299094,0.0
609,99.66555157885018,104.05387679475228,104.05387679475228,99.81464918314926,100.77181087211265,92.56453546293943,110.29710940243743,533.3535602622446,0.0,0.4858687839252488,0.01985073000756715,0.025643672955575243,-0.016023702690932472,315.41985976299094,0.0
610,99.6686414009739,104.05387679475228,104.05387679475228,100.04545059154273,100.77181087211265,92.56453546293943,110.29710940243743,533.3535602622446,0.0,0.4858687839252488,0.01985073000756715,0.025643672955575243,-0.016023702690932472,315.41985976299094,0.0
611,99.66735811683075,104.05387679475228,104.05387679475228,101.0358138562285,100.77181087211265,92.56453546293943,110.29710940243743,533.3535602622446,0.0,0.4858687839252488,0.01985073000756715,0.025643672955575243,-0.016023702690932472,315.41985976299094,0.0
612,99.85338580115612,104.05387679475228,104.05387679475228,100.00475555997447,100.77181087211265,92.56453546293943,110.29710940243743,533.3535602622446,0.0,0.4858687839252488,0.01985073000756715,0.025643672955575243,-0.016023702690932472,315.41985976299094,0.0
613,99.74772971977387,104.05387679475228,104.05387679475228,100.00475555997447,100.77181087211265,92.56453546293943,110.29710940243743,533.3535602622446,0.0,0.4858687839252488,0.01985073000756715,0.025643672955575243,-0.016023702690932472,315.41985976299094,0.0
614,99.76531053435367,104.05387679475228,104.05387679475228,100.08325720166584,100.77181087211265,92.56453546293943,110.29710940243743,533.3535602622446,0.0,0.4858687839252488,0.01985073000756715,0.025643672955575243,-0.016023702690932472,315.41985976299094,0.0
615,99.79740497082167,104.05387679475228,104.05387679475228,100.08325720166584,100.77181087211265,92.56453546293943,110.29710940243743,533.3535602622446,0.0,0.4858687839252488,0.01985073000756715,0.025643672955575243,-0.016023702690932472,315.41985976299094,0.0
616,99.88755763149273,104.05387679475228,104.05387679475228,100.12766934084162,100.77181087211265,92.56453546293943,110.29710940243743,533.3535602622446,0.0,0.4858687839252488,0.01985073000756715,0.025643672955575243,-0.016023702690932472,315.41985976299094,0.0
617,99.9285563630804,104.05387679475228,104.05387679475228,100.67250313071698,100.77181087211265,92.56453546293943,110.29710940243743,533.3535602622446,0.0,0.4858687839252488,0.01985073000756715,0.025643672955575243,-0.016023702690932472,315.41985976299094,0.0
618,99.92176654277714,104.05387679475228,104.05387679475228,100.22243384431006,100.77181087211265,92.56453546293943,110.29710940243743,533.3535602622446,0.0,0.4858687839252488,0.01985073000756715,0.025643672955575243,-0.016023702690932472,315.41985976299094,0.0
619,99.82758369772041,104.05387679475228,104.05387679475228,100.127967600522,100.77181087211265,92.56453546293943,110.29710940243743,533.3535602622446,0.0,0.4858687839252488,0.01985073000756715,0.025643672955575243,-0.016023702690932472,315.41985976299094,0.0
620,99.68139083911545,104.05387679475228,104.05387679475228,100.17893481199758,100.77181087211265,92.56453546293943,110.29710940243743,533.3535602622446,0.0,0.4858687839252488,0.01985073000756715,0.025643672955575243,-0.016023702690932472,315.41985976299094,0.0
621,99.64292463546333,104.05387679475228,104.05387679475228,100.41386862647953,100.77181087211265,92.56453546293943,110.29710940243743,533.3535602622446,0.0,0.4858687839252488,0.01985073000756715,0.025643672955575243,-0.016023702690932472,315.41985976299094,0.0
622,99.61458391868753,104.05387679475228,104.05387679475228,99.91432689938569,100.77181087211265,92.56453546293943,110.29710940243743,533.3535602622446,0.0,0.4858687839252488,0.01985073000756715,0.025643672955575243,-0.016023702690932472,315.41985976299094,0.0
623,99.71434862524131,104.05387679475228,104.05387679475228,99.77351547703647,100.77181087211265,92.56453546293943,110.29710940243743,533.3535602622446,0.0,0.4858687839252488,0.01985073000756715,0.025643672955575243,-0.016023702690932472,315.41985976299094,0.0
624,99.6193628176056,104.05387679475228,104.05387679475228,99.77351547703647,100.77181087211265,92.56453546293943,110.29710940243743,533.3535602622446,0.0,0.4858687839252488,0.01985073000756715,0.025643672955575243,-0.016023702690932472,315.41985976299094,0.0
625,99.57835020742998,104.05387679475228,104.05387679475228,99.71856744171333,100.77181087211265,92.56453546293943,110.29710940243743,533.3535602622446,0.0,0.4858687839252488,0.01985073000756715,0.025643672955575243,-0.016023702690932472,315.41985976299094,0.0
626,99.65603207227085,104.05387679475228,104.05387679475228,99.71856744171333,100.77181087211265,92.56453546293943,110.29710940243743,533.3535602622446,0.0,0.4858687839252488,0.01985073000756715,0.025643672955575243,-0.016023702690932472,315.41985976299094,0.0
627,99.5821300426476,104.05387679475228,104.05387679475228,99.95025237706405,100.77181087211265,92.56453546293943,110.29710940243743,533.3535602622446,0.0,0.4858687839252488,0.01985073000756715,0.025643672955575243,-0.016023702690932472,315.41985976299094,0.0
628,99.54897718859793,104.05387679475228,104.05387679475228,99.84852275686855,100.77181087211265,92.56453546293943,110.29710940243743,533.3535602622446,0.0,0.4858687839252488,0.01985073000756715,0.025643672955575243,-0.016023702690932472,315.41985976299094,0.0
629,99.62969401004698,104.05387679475228,104.05387679475228,99.84852275686855,100.77181087211265,92.56453546293943,110.29710940243743,533.3535602622446,0.0,0.4858687839252488,0.01985073000756715,0.025643672955575243,-0.016023702690932472,315.41985976299094,0.0
630,99.32387286866123,104.05387679475228,104.05387679475228,99.43010192653583,100.77181087211265,92.56453546293943,110.29710940243743,533.3535602622446,0.0,0.4858687839252488,0.01985073000756715,0.025643672955575243,-0.016023702690932472,315.41985976299094,0.0
631,99.32271468392639,104.05387679475228,104.05387679475228,99.43010192653583,100.77181087211265,92.56453546293943,110.29710940243743,533.3535602622446,0.0,0.4858687839252488,0.01985073000756715,0.025643672955575243,-0.016023702690932472,315.41985976299094,0.0
632,99.46228841375539,104.05387679475228,104.05387679475228,98.99630114641487,100.77181087211265,92.56453546293943,110.29710940243743,533.3535602622446,0.0,0.4858687839252488,0.01985073000756715,0.025643672955575243,-0.016023702690932472,315.41985976299094,0.0
633,99.47978375860411,104.05387679475228,104.05387679475228,99.92722983822182,100.77181087211265,92.56453546293943,110.29710940243743,533.3535602622446,0.0,0.4858687839252488,0.01985073000756715,0.025643672955575243,-0.016023702690932472,315.41985976299094,0.0
634,99.46180734723916,104.05387679475228,104.05387679475228,99.69399262147383,100.77181087211265,92.56453546293943,110.29710940243743,533.3535602622446,0.0,0.4858687839252488,0.01985073000756715,0.025643672955575243,-0.016023702690932472,315.41985976299094,0.0
635,99.29381004537908,104.05387679475228,104.05387679475228,99.43630035139763,100.77181087211265,92.56453546293943,110.29710940243743,533.3535602622446,0.0,0.4858687839252488,0.01985073000756715,0.025643672955575243,-0.016023702690932472,315.41985976299094,0.0
636,99.22466516563995,104.05387679475228,104.05387679475228,100.30436519074844,100.77181087211265,92.56453546293943,110.29710940243743,533.3535602622446,0.0,0.4858687839252488,0.01985073000756715,0.025643672955575243,-0.016023702690932472,315.41985976299094,0.0
637,99.24439065906994,103.90070113822826,103.90070113822824,98.65508550817104,100.77594829319139,92.4575730365477,110.13474320652195,530.3535602622446,0.0,0.4484538266657743,0.017865657006810434,0.02593720821752871,-0.01526677739604023,300.74415387050357,0.0
638,99.16275404355343,103.72464945338392,103.72464945338393,98.51913314034945,100.77531358582976,92.33016119647267,109.94812842058697,527.3535602622446,0.0,0.4925775205325124,0.016079091306129393,0.026111757678214043,-0.01442218288806546,284.34281369923207,0.0
639,99.28481234450881,103.72464945338392,103.72464945338393,99.17507715276993,100.77531358582976,92.33016119647267,109.94812842058697,527.3535602622446,0.0,0.4925775205325124,0.016079091306129393,0.026111757678214043,-0.01442218288806546,284.34281369923207,0.0
640,99.15125107099522,103.72464945338392,103.72464945338393,99.89271347878446,100.77531358582976,92.33016119647267,109.94812842058697,527.3535602622446,0.0,0.4925775205325124,0.016079091306129393,0.026111757678214043,-0.01442218288806546,284.34281369923207,0.0
641,99.11316484668953,103.72464945338392,103.72464945338393,99.411399043821,100.77531358582976,92.33016119647267,109.94812842058697,527.3535602622446,0.0,0.4925775205325124,0.016079091306129393,0.026111757678214043,-0.01442218288806546,284.34281369923207,0.0
642,99.27465887051753,103.72464945338392,103.72464945338393,99.411399043821,100.77531358582976,92.33016119647267,109.94812842058697,527.3535602622446,0.0,0.4925775205325124,0.016079091306129393,0.026111757678214043,-0.01442218288806546,284.34281369923207,0.0
643,98.96121209601424,103.72464945338392,103.72464945338393,99.14392857281817,100.77531358582976,92.33016119647267,109.94812842058697,527.3535602622446,0.0,0.4925775205325124,0.016079091306129393,0.026111757678214043,-0.01442218288806546,284.34281369923207,0.0
644,98.95625983466267,103.72464945338392,103.72464945338393,99.23970257007367,100.77531358582976,92.33016119647267,109.94812842058697,527.3535602622446,0.0,0.4925775205325124,0.016079091306129393,0.026111757678214043,-0.01442218288806546,284.34281369923207,0.0
645,99.07366687749187,103.72464945338392,103.72464945338393,99.23970257007367,100.77531358582976,92.33016119647267,109.94812842058697,527.3535602622446,0.0,0.4925775205325124,0.016079091306129393,0.026111757678214043,-0.01442218288806546,284.34281369923207,0.0
646,99.1657729255758,103.72464945338392,103.72464945338393,99.08046586957693,100.77531358582976,92.33016119647267,109.94812842058697,527.3535602622446,0.0,0.4925775205325124,0.016079091306129393,0.026111757678214043,-0.01442218288806546,284.34281369923207,0.0
647,99.14890019925684,103.72464945338392,103.72464945338393,100.43862206087253,100.77531358582976,92.33016119647267,109.94812842058697,527.3535602622446,0.0,0.4925775205325124,0.016079091306129393,0.026111757678214043,-0.01442218288806546,284.34281369923207,0.0
648,99.23791302822005,103.72464945338392,103.72464945338393,99.3879109745448,100.77531358582976,92.33016119647267,109.94812842058697,527.3535602622446,0.0,0.4925775205325124,0.016079091306129393,0.026111757678214043,-0.01442218288806546,284.34281369923207,0.0
649,99.42891402627305,103.59911876631881,103.5991187663188,98.84649124051687,100.77151574902568,92.24763541292342,109.81506589229792,524.3535602622446,0.0,0.46044404616263873,0.014471182175516455,0.026205437606961375,-0.013835661977556812,272.93697581261654,0.0
650,99.30034028885662,103.59911876631881,103.5991187663188,99.00243926799001,100.77151574902568,92.24763541292342,109.81506589229792,524.3535602622446,0.0,0.46044404616263873,0.014471182175516455,0.026205437606961375,-0.013835661977556812,272.93697581261654,0.0
651,99.24393550630892,103.59911876631881,103.5991187663188,99.00243926799001,100.77151574902568,92.24763541292342,109.81506589229792,524.3535602622446,0.0,0.46044404616263873,0.014471182175516455,0.026205437606961375,-0.013835661977556812,272.93697581261654,0.0
652,99.2151070237745,103.59911876631881,103.5991187663188,99.14758807161806,100.77151574902568,92.24763541292342,109.81506589229792,524.3535602622446,0.0,0.46044404616263873,0.014471182175516455,0.026205437606961375,-0.013835661977556812,272.93697581261654,0.0
653,99.17044758432998,103.59911876631881,103.5991187663188,99.14758807161806,100.77151574902568,92.24763541292342,109.81506589229792,524.3535602622446,0.0,0.46044404616263873,0.014471182175516455,0.026205437606961375,-0.013835661977556812,272.93697581261654,0.0
654,99.14410306268753,103.59911876631881,103.5991187663188,100.54015417299534,100.77151574902568,92.24763541292342,109.81506589229792,524.3535602622446,0.0,0.46044404616263873,0.014471182175516455,0.026205437606961375,-0.013835661977556812,272.93697581261654,0.0
655,99.11439195661355,103.59911876631881,103.5991187663188,99.41262984615199,100.77151574902568,92.24763541292342,109.81506589229792,524.3535602622446,0.0,0.46044404616263873,0.014471182175516455,0.026205437606961375,-0.013835661977556812,272.93697581261654,0.0
656,99.07376181677587,103.59911876631881,103.5991187663188,99.64391780040386,100.77151574902568,92.24763541292342,109.81506589229792,524.3535602622446,0.0,0.46044404616263873,0.014471182175516455,0.026205437606961375,-0.013835661977556812,272.93697581261654,0.0
657,99.1631713161492,103.59911876631881,103.5991187663188,99.65201600462625,100.77151574902568,92.24763541292342,109.81506589229792,524.3535602622446,0.0,0.46044404616263873,0.014471182175516455,0.026205437606961375,-0.013835661977556812,272.93697581261654,0.0
658,99.06244053229682,103.59911876631881,103.5991187663188,98.72426565746733,100.77151574902568,92.24763541292342,109.81506589229792,524.3535602622446,0.0,0.46044404616263873,0.014471182175516455,0.026205437606961375,-0.013835661977556812,272.93697581261654,0.0
659,98.88350404275502,103.59911876631881,103.5991187663188,98.60706419830206,100.77151574902568,92.24763541292342,109.81506589229792,524.3535602622446,0.0,0.46044404616263873,0.014471182175516455,0.026205437606961375,-0.013835661977556812,272.93697581261654,0.0
660,99.0303536626688,103.59911876631881,103.5991187663188,98.57955874774754,100.77151574902568,92.24763541292342,109.81506589229792,524.3535602622446,0.0,0.46044404616263873,0.014471182175516455,0.026205437606961375,-0.013835661977556812,272.93697581261654,0.0
661,98.9892801056064,103.59911876631881,103.5991187663188,98.6524857435857,100.77151574902568,92.24763541292342,109.81506589229792,524.3535602622446,0.0,0.46044404616263873,0.014471182175516455,0.026205437606961375,-0.013835661977556812,272.93697581261654,0.0
662,99.00324160795506,103.59911876631881,103.5991187663188,98.7062318831312,100.77151574902568,92.24763541292342,109.81506589229792,524.3535602622446,0.0,0.46044404616263873,0.014471182175516455,0.026205437606961375,-0.013835661977556812,272.93697581261654,0.0
663,99.01132495621256,103.59911876631881,103.5991187663188,98.71429098134394,100.77151574902568,92.24763541292342,109.81506589229792,524.3535602622446,0.0,0.46044404616263873,0.014471182175516455,0.026205437606961375,-0.013835661977556812,272.93697581261654,0.0
664,99.23959415968257,103.59911876631881,103.5991187663188,98.9418753772035,100.77151574902568,92.24763541292342,109.81506589229792,524.3535602622446,0.0,0.46044404616263873,0.014471182175516455,0.026205437606961375,-0.013835661977556812,272.93697581261654,0.0
665,99.30179263941235,103.59911876631881,103.5991187663188,99.00388726149411,100.77151574902568,92.24763541292342,109.81506589229792,524.3535602622446,0.0,0.46044404616263873,0.014471182175516455,0.026205437606961375,-0.013835661977556812,272.93697581261654,0.0
666,98.99034117256348,103.59911876631881,103.5991187663188,98.6897048023872,100.77151574902568,92.24763541292342,109.81506589229792,524.3535602622446,0.0,0.46044404616263873,0.014471182175516455,0.026205437606961375,-0.013835661977556812,272.93697581261654,0.0
667,98.73824344399716,103.59911876631881,103.5991187663188,99.21217078414107,100.77151574902568,92.24763541292342,109.81506589229792,524.3535602622446,0.0,0.46044404616263873,0.014471182175516455,0.026205437606961375,-0.013835661977556812,272.93697581261654,0.0
668,98.79750263871992,103.59911876631881,103.5991187663188,99.09478699971908,100.77151574902568,92.24763541292342,109.81506589229792,524.3535602622446,0.0,0.46044404616263873,0.014471182175516455,0.026205437606961375,-0.013835661977556812,272.93697581261654,0.0
669,98.85684510325575,103.59911876631881,103.5991187663188,99.36752349148958,100.77151574902568,92.24763541292342,109.81506589229792,524.3535602622446,0.0,0.46044404616263873,0.014471182175516455,0.026205437606961375,-0.013835661977556812,272.93697581261654,0.0
670,98.87883798286552,103.59911876631881,103.5991187663188,99.02366292316466,100.77151574902568,92.24763541292342,109.81506589229792,524.3535602622446,0.0,0.46044404616263873,0.014471182175516455,0.026205437606961375,-0.013835661977556812,272.93697581261654,0.0
671,99.00693443390722,103.59911876631881,103.5991187663188,99.02366292316466,100.77151574902568,92.24763541292342,109.81506589229792,524.3535602622446,0.0,0.46044404616263873,0.014471182175516455,0.026205437606961375,-0.013835661977556812,272.93697581261654,0.0
672,98.93009867523321,103.59911876631881,103.5991187663188,99.02366292316466,100.77151574902568,92.24763541292342,109.81506589229792,524.3535602622446,0.0,0.46044404616263873,0.014471182175516455,0.026205437606961375,-0.013835661977556812,272.93697581261654,0.0
673,98.97191549848006,103.59911876631881,103.5991187663188,99.02366292316466,100.77151574902568,92.24763541292342,109.81506589229792,524.3535602622446,0.0,0.46044404616263873,0.014471182175516455,0.026205437606961375,-0.013835661977556812,272.93697581261654,0.0
674,98.84758741025998,103.59911876631881,103.5991187663188,99.02366292316466,100.77151574902568,92.24763541292342,109.81506589229792,524.3535602622446,0.0,0.46044404616263873,0.014471182175516455,0.026205437606961375,-0.013835661977556812,272.93697581261654,0.0
675,98.84688556274656,103.59911876631881,103.5991187663188,99.17628901474829,100.77151574902568,92.24763541292342,109.81506589229792,524.3535602622446,0.0,0.46044404616263873,0.014471182175516455,0.026205437606961375,-0.013835661977556812,272.93697581261654,0.0
676,98.90946179145254,103.59911876631881,103.5991187663188,99.27789056496289,100.77151574902568,92.24763541292342,109.81506589229792,524.3535602622446,0.0,0.46044404616263873,0.014471182175516455,0.026205437606961375,-0.013835661977556812,272.93697581261654,0.0
677,98.92883127575688,103.59911876631881,103.5991187663188,99.22651080818142,100.77151574902568,92.24763541292342,109.81506589229792,524.3535602622446,0.0,0.46044404616263873,0.014471182175516455,0.026205437606961375,-0.013835661977556812,272.93697581261654,0.0
678,98.90398142775061,103.59911876631881,103.5991187663188,99.20158618630953,100.77151574902568,92.24763541292342,109.81506589229792,524.3535602622446,0.0,0.46044404616263873,0.014471182175516455,0.026205437606961375,-0.013835661977556812,272.93697581261654,0.0
679,98.85220154445803,103.59911876631881,103.5991187663188,98.95487347997371,100.77151574902568,92.24763541292342,109.81506589229792,524.3535602622446,0.0,0.46044404616263873,0.014471182175516455,0.026205437606961375,-0.013835661977556812,272.93697581261654,0.0
680,98.87487274600848,103.59911876631881,103.5991187663188,98.95487347997371,100.77151574902568,92.24763541292342,109.81506589229792,524.3535602622446,0.0,0.46044404616263873,0.014471182175516455,0.026205437606961375,-0.013835661977556812,272.93697581261654,0.0
681,98.8357683565303,103.54904894621296,103.54904894621295,98.41466168359212,100.76684921606777,92.23225263662884,109.76199188298573,524.3535602622446,0.0,0.42610852246962766,0.013024063957964809,0.02626727006595491,-0.013617147540498234,268.68423790066373,0.0
682,98.8755812699682,103.54904894621296,103.54904894621295,99.19347879607513,100.76684921606777,92.23225263662884,109.76199188298573,524.3535602622446,0.0,0.42610852246962766,0.013024063957964809,0.02626727006595491,-0.013617147540498234,268.68423790066373,0.0
683,98.84922565123037,103.54904894621296,103.54904894621295,99.14666564817489,100.76684921606777,92.23225263662884,109.76199188298573,524.3535602622446,0.0,0.42610852246962766,0.013024063957964809,0.02626727006595491,-0.013617147540498234,268.68423790066373,0.0
684,98.77941172547891,103.54904894621296,103.54904894621295,99.07664165043018,100.76684921606777,92.23225263662884,109.76199188298573,524.3535602622446,0.0,0.42610852246962766,0.013024063957964809,0.02626727006595491,-0.013617147540498234,268.68423790066373,0.0
685,98.57331783430108,103.40591122094719,103.40591122094719,98.27862131480505,100.75814151410972,92.10475832380902,109.61026589420402,521.3535602622446,0.0,0.4120198406720575,0.011721657562168327,0.026247581199183,-0.012968833990935057,256.05593293211103,0.0
686,98.53473339797955,103.40591122094719,103.40591122094719,98.27862131480505,100.75814151410972,92.10475832380902,109.61026589420402,521.3535602622446,0.0,0.4120198406720575,0.011721657562168327,0.026247581199183,-0.012968833990935057,256.05593293211103,0.0
687,98.62005902629865,103.40591122094719,103.40591122094719,98.5419927112193,100.75814151410972,92.10475832380902,109.61026589420402,521.3535602622446,0.0,0.4120198406720575,0.011721657562168327,0.026247581199183,-0.012968833990935057,256.05593293211103,0.0
688,98.52188551452264,103.40591122094719,103.40591122094719,98.39200318586472,100.75814151410972,92.10475832380902,109.61026589420402,521.3535602622446,0.0,0.4120198406720575,0.011721657562168327,0.026247581199183,-0.012968833990935057,256.05593293211103,0.0
689,98.57041220110492,103.40591122094719,103.40591122094719,98.91292269338827,100.75814151410972,92.10475832380902,109.61026589420402,521.3535602622446,0.0,0.4120198406720575,0.011721657562168327,0.026247581199183,-0.012968833990935057,256.05593293211103,0.0
690,98.57705836348678,103.40591122094719,103.40591122094719,98.78989791973557,100.75814151410972,92.10475832380902,109.61026589420402,521.3535602622446,0.0,0.4120198406720575,0.011721657562168327,0.026247581199183,-0.012968833990935057,256.05593293211103,0.0
691,98.55088635742399,103.40591122094719,103.40591122094719,98.590732077921,100.75814151410972,92.10475832380902,109.61026589420402,521.3535602622446,0.0,0.4120198406720575,0.011721657562168327,0.026247581199183,-0.012968833990935057,256.05593293211103,0.0
692,98.43915328766836,103.40591122094719,103.40591122094719,99.04745702791217,100.75814151410972,92.10475832380902,109.61026589420402,521.3535602622446,0.0,0.4120198406720575,0.011721657562168327,0.026247581199183,-0.012968833990935057,256.05593293211103,0.0
693,98.41872159875153,102.90569736604364,102.90569736604364,97.83417472090072,100.73551872613625,91.68823186493375,109.08003920800627,518.3535602622446,0.0,0.3890582534182929,0.010549491805951494,0.02595159953892555,-0.010656873306654421,210.89003771947557,0.0
694,98.4044535067651,102.90569736604364,102.90569736604364,98.1092401462448,100.73551872613625,91.68823186493375,109.08003920800627,518.3535602622446,0.0,0.3890582534182929,0.010549491805951494,0.02595159953892555,-0.010656873306654421,210.89003771947557,0.0
695,98.44003111022123,102.90569736604364,102.90569736604364,98.14471101689055,100.73551872613625,91.68823186493375,109.08003920800627,518.3535602622446,0.0,0.3890582534182929,0.010549491805951494,0.02595159953892555,-0.010656873306654421,210.89003771947557,0.0
696,98.57175468520344,102.90569736604364,102.90569736604364,98.33217824872254,100.73551872613625,91.68823186493375,109.08003920800627,518.3535602622446,0.0,0.3890582534182929,0.010549491805951494,0.02595159953892555,-0.010656873306654421,210.89003771947557,0.0
697,98.63959442009279,102.90569736604364,102.90569736604364,98.35049934906583,100.73551872613625,91.68823186493375,109.08003920800627,518.3535602622446,0.0,0.3890582534182929,0.010549491805951494,0.02595159953892555,-0.010656873306654421,210.89003771947557,0.0
698,98.65999238853195,102.90569736604364,102.90569736604364,98.42034953174729,100.73551872613625,91.68823186493375,109.08003920800627,518.3535602622446,0.0,0.3890582534182929,0.010549491805951494,0.02595159953892555,-0.010656873306654421,210.89003771947557,0.0
699,98.67157977946943,102.90569736604364,102.90569736604364,97.98171181040885,100.73551872613625,91.68823186493375,109.08003920800627,518.3535602622446,0.0,0.3890582534182929,0.010549491805951494,0.02595159953892555,-0.010656873306654421,210.89003771947557,0.0
700,98.69858761016651,102.90569736604364,102.90569736604364,98.66701023709608,100.73551872613625,91.68823186493375,109.08003920800627,518.3535602622446,0.0,0.3890582534182929,0.010549491805951494,0.02595159953892555,-0.010656873306654421,210.89003771947557,0.0
701,98.78013127576918,102.90569736604364,102.90569736604364,98.66701023709608,100.73551872613625,91.68823186493375,109.08003920800627,518.3535602622446,0.0,0.3890582534182929,0.010549491805951494,0.02595159953892555,-0.010656873306654421,210.89003771947557,0.0
702,98.72244814320443,102.42121905480322,102.42121905480323,97.4352106982688,100.69475224692737,91.39801302116017,108.56649219809142,512.3535602622446,0.0,0.5085659804307447,0.007215852395270822,0.024464244749435506,-0.008499906712462237,168.56534454565252,0.0
703,98.72186300208756,102.42121905480322,102.42121905480323,98.42569741308128,100.69475224692737,91.39801302116017,108.56649219809142,512.3535602622446,0.0,0.5085659804307447,0.007215852395270822,0.024464244749435506,-0.008499906712462237,168.56534454565252,0.0
704,98.68731831791992,102.42121905480322,102.42121905480323,98.42569741308128,100.69475224692737,91.39801302116017,108.56649219809142,512.3535602622446,0.0,0.5085659804307447,0.007215852395270822,0.024464244749435506,-0.008499906712462237,168.56534454565252,0.0
705,98.64014615202463,102.42121905480322,102.42121905480323,98.37552049011997,100.69475224692737,91.39801302116017,108.56649219809142,512.3535602622446,0.0,0.5085659804307447,0.007215852395270822,0.024464244749435506,-0.008499906712462237,168.56534454565252,0.0
706,98.73657020568142,102.42121905480322,102.42121905480323,98.44036049506437,100.69475224692737,91.39801302116017,108.56649219809142,512.3535602622446,0.0,0.5085659804307447,0.007215852395270822,0.024464244749435506,-0.008499906712462237,168.56534454565252,0.0
707,98.69821532366896,102.42121905480322,102.42121905480323,98.44036049506437,100.69475224692737,91.39801302116017,108.56649219809142,512.3535602622446,0.0,0.5085659804307447,0.007215852395270822,0.024464244749435506,-0.008499906712462237,168.56534454565252,0.0
708,98.9306834425965,102.42121905480322,102.42121905480323,98.61702572816614,100.69475224692737,91.39801302116017,108.56649219809142,512.3535602622446,0.0,0.5085659804307447,0.007215852395270822,0.024464244749435506,-0.008499906712462237,168.56534454565252,0.0
709,98.95172489371564,102.42121905480322,102.42121905480323,97.96263703087743,100.69475224692737,91.39801302116017,108.56649219809142,512.3535602622446,0.0,0.5085659804307447,0.007215852395270822,0.024464244749435506,-0.008499906712462237,168.56534454565252,0.0
710,98.88397241847666,102.42121905480322,102.42121905480323,98.79882983307046,100.69475224692737,91.39801302116017,108.56649219809142,512.3535602622446,0.0,0.5085659804307447,0.007215852395270822,0.024464244749435506,-0.008499906712462237,168.56534454565252,0.0
711,98.86992557089052,102.42121905480322,102.42121905480323,98.79882983307046,100.69475224692737,91.39801302116017,108.56649219809142,512.3535602622446,0.0,0.5085659804307447,0.007215852395270822,0.024464244749435506,-0.008499906712462237,168.56534454565252,0.0
712,98.71580834997654,102.42121905480322,102.42121905480323,98.50902916747441,100.69475224692737,91.39801302116017,108.56649219809142,512.3535602622446,0.0,0.5085659804307447,0.007215852395270822,0.024464244749435506,-0.008499906712462237,168.56534454565252,0.0
713,98.64916435065288,102.42121905480322,102.42121905480323,98.93557746034168,100.69475224692737,91.39801302116017,108.56649219809142,512.3535602622446,0.0,0.5085659804307447,0.007215852395270822,0.024464244749435506,-0.008499906712462237,168.56534454565252,0.0
714,98.71754931269966,102.42121905480322,102.42121905480323,98.93557746034168,100.69475224692737,91.39801302116017,108.56649219809142,512.3535602622446,0.0,0.5085659804307447,0.007215852395270822,0.024464244749435506,-0.008499906712462237,168.56534454565252,0.0
715,98.65341414789376,102.42121905480322,102.42121905480323,98.93557746034168,100.69475224692737,91.39801302116017,108.56649219809142,512.3535602622446,0.0,0.5085659804307447,0.007215852395270822,0.024464244749435506,-0.008499906712462237,168.56534454565252,0.0
716,98.79660035876161,102.42121905480322,102.42121905480323,98.93557746034168,100.69475224692737,91.39801302116017,108.56649219809142,512.3535602622446,0.0,0.5085659804307447,0.007215852395270822,0.024464244749435506,-0.008499906712462237,168.56534454565252,0.0
717,98.56684968451809,102.42121905480322,102.42121905480323,98.91392489653337,100.69475224692737,91.39801302116017,108.56649219809142,512.3535602622446,0.0,0.5085659804307447,0.007215852395270822,0.024464244749435506,-0.008499906712462237,168.56534454565252,0.0
718,98.62380314950327,102.42121905480322,102.42121905480323,98.91392489653337,100.69475224692737,91.39801302116017,108.56649219809142,512.3535602622446,0.0,0.5085659804307447,0.007215852395270822,0.024464244749435506,-0.008499906712462237,168.56534454565252,0.0
719,98.68572000793115,102.42121905480322,102.42121905480323,98.76469863023196,100.69475224692737,91.39801302116017,108.56649219809142,512.3535602622446,0.0,0.5085659804307447,0.007215852395270822,0.024464244749435506,-0.008499906712462237,168.56534454565252,0.0
720,98.72167891293114,102.42121905480322,102.42121905480323,98.64685838879389,100.69475224692737,91.39801302116017,108.56649219809142,512.3535602622446,0.0,0.5085659804307447,0.007215852395270822,0.024464244749435506,-0.008499906712462237,168.56534454565252,0.0
721,98.75421954579605,102.42121905480322,102.42121905480323,98.64685838879389,100.69475224692737,91.39801302116017,108.56649219809142,512.3535602622446,0.0,0.5085659804307447,0.007215852395270822,0.024464244749435506,-0.008499906712462237,168.56534454565252,0.0
722,98.62878192947292,102.42121905480322,102.42121905480323,98.64685838879389,100.69475224692737,91.39801302116017,108.56649219809142,512.3535602622446,0.0,0.5085659804307447,0.007215852395270822,0.024464244749435506,-0.008499906712462237,168.56534454565252,0.0
723,98.59677950053823,102.42121905480322,102.42121905480323,98.64685838879389,100.69475224692737,91.39801302116017,108.56649219809142,512.3535602622446,0.0,0.5085659804307447,0.007215852395270822,0.024464244749435506,-0.008499906712462237,168.56534454565252,0.0
724,98.61475610462769,102.42121905480322,102.42121905480323,98.64685838879389,100.69475224692737,91.39801302116017,108.56649219809142,512.3535602622446,0.0,0.5085659804307447,0.007215852395270822,0.024464244749435506,-0.008499906712462237,168.56534454565252,0.0
725,98.4708745865231,102.42121905480322,102.42121905480323,98.2701636105458,100.69475224692737,91.39801302116017,108.56649219809142,512.3535602622446,0.0,0.5085659804307447,0.007215852395270822,0.024464244749435506,-0.008499906712462237,168.56534454565252,0.0
726,98.58670588932635,102.42121905480322,102.42121905480323,98.29094577165839,100.69475224692737,91.39801302116017,108.56649219809142,512.3535602622446,0.0,0.5085659804307447,0.007215852395270822,0.024464244749435506,-0.008499906712462237,168.56534454565252,0.0
727,98.60116516058842,102.42121905480322,102.42121905480323,98.30536166510664,100.69475224692737,91.39801302116017,108.56649219809142,512.3535602622446,0.0,0.5085659804307447,0.007215852395270822,0.024464244749435506,-0.008499906712462237,168.56534454565252,0.0
728,98.66172941456333,102.42121905480322,102.42121905480323,98.36574422631965,100.69475224692737,91.39801302116017,108.56649219809142,512.3535602622446,0.0,0.5085659804307447,0.007215852395270822,0.024464244749435506,-0.008499906712462237,168.56534454565252,0.0
729,98.76460591303716,102.42121905480322,102.42121905480323,98.80985065458601,100.69475224692737,91.39801302116017,108.56649219809142,512.3535602622446,0.0,0.5085659804307447,0.007215852395270822,0.024464244749435506,-0.008499906712462237,168.56534454565252,0.0
730,98.63731855768823,102.42121905480322,102.42121905480323,98.80985065458601,100.69475224692737,91.39801302116017,108.56649219809142,512.3535602622446,0.0,0.5085659804307447,0.007215852395270822,0.024464244749435506,-0.008499906712462237,168.56534454565252,0.0
731,98.62843791496773,102.42121905480322,102.42121905480323,98.80985065458601,100.69475224692737,91.39801302116017,108.56649219809142,512.3535602622446,0.0,0.5085659804307447,0.007215852395270822,0.024464244749435506,-0.008499906712462237,168.56534454565252,0.0
732,98.73068971687954,102.42121905480322,102.42121905480323,98.80985065458601,100.69475224692737,91.39801302116017,108.56649219809142,512.3535602622446,0.0,0.5085659804307447,0.007215852395270822,0.024464244749435506,-0.008499906712462237,168.56534454565252,0.0
733,98.70556195352096,102.42121905480322,102.42121905480323,98.61485902380007,100.69475224692737,91.39801302116017,108.56649219809142,512.3535602622446,0.0,0.5085659804307447,0.007215852395270822,0.024464244749435506,-0.008499906712462237,168.56534454565252,0.0
734,98.74350078269873,102.42121905480322,102.42121905480323,98.58324928014287,100.69475224692737,91.39801302116017,108.56649219809142,512.3535602622446,0.0,0.5085659804307447,0.007215852395270822,0.024464244749435506,-0.008499906712462237,168.56534454565252,0.0
735,98.76959310177658,102.42121905480322,102.42121905480323,98.7017019101406,100.69475224692737,91.39801302116017,108.56649219809142,512.3535602622446,0.0,0.5085659804307447,0.007215852395270822,0.024464244749435506,-0.008499906712462237,168.56534454565252,0.0
736,98.60942860407316,102.42121905480322,102.42121905480323,98.7017019101406,100.69475224692737,91.39801302116017,108.56649219809142,512.3535602622446,0.0,0.5085659804307447,0.007215852395270822,0.024464244749435506,-0.008499906712462237,168.56534454565252,0.0
737,98.70786836475257,102.42121905480322,102.42121905480323,98.7017019101406,100.69475224692737,91.39801302116017,108.56649219809142,512.3535602622446,0.0,0.5085659804307447,0.007215852395270822,0.024464244749435506,-0.008499906712462237,168.56534454565252,0.0
738,98.63641907387112,102.42121905480322,102.42121905480323,98.7017019101406,100.69475224692737,91.39801302116017,108.56649219809142,512.3535602622446,0.0,0.5085659804307447,0.007215852395270822,0.024464244749435506,-0.008499906712462237,168.56534454565252,0.0
739,98.74494600524902,102.42121905480322,102.42121905480323,98.48547984927136,100.69475224692737,91.39801302116017,108.56649219809142,512.3535602622446,0.0,0.5085659804307447,0.007215852395270822,0.024464244749435506,-0.008499906712462237,168.56534454565252,0.0
740,98.64738861410767,102.42121905480322,102.42121905480323,98.262108958774,100.69475224692737,91.39801302116017,108.56649219809142,512.3535602622446,0.0,0.5085659804307447,0.007215852395270822,0.024464244749435506,-0.008499906712462237,168.56534454565252,0.0
741,98.7558087836544,102.42121905480322,102.42121905480323,98.45954135730344,100.69475224692737,91.39801302116017,108.56649219809142,512.3535602622446,0.0,0.5085659804307447,0.007215852395270822,0.024464244749435506,-0.008499906712462237,168.56534454565252,0.0
742,98.55217275054694,102.42121905480322,102.42121905480323,98.43087791076832,100.69475224692737,91.39801302116017,108.56649219809142,512.3535602622446,0.0,0.5085659804307447,0.007215852395270822,0.024464244749435506,-0.008499906712462237,168.56534454565252,0.0
743,98.69961699741117,102.42121905480322,102.42121905480323,98.43087791076832,100.69475224692737,91.39801302116017,108.56649219809142,512.3535602622446,0.0,0.5085659804307447,0.007215852395270822,0.024464244749435506,-0.008499906712462237,168.56534454565252,0.0
744,98.58458710106008,102.42121905480322,102.42121905480323,97.8040038189047,100.69475224692737,91.39801302116017,108.56649219809142,512.3535602622446,0.0,0.5085659804307447,0.007215852395270822,0.024464244749435506,-0.008499906712462237,168.56534454565252,0.0
745,98.63847954322813,102.42121905480322,102.42121905480323,98.34256410459842,100.69475224692737,91.39801302116017,108.56649219809142,512.3535602622446,0.0,0.5085659804307447,0.007215852395270822,0.024464244749435506,-0.008499906712462237,168.56534454565252,0.0
746,98.5213759444757,102.42121905480322,102.42121905480323,98.30905738841652,100.69475224692737,91.39801302116017,108.56649219809142,512.3535602622446,0.0,0.5085659804307447,0.007215852395270822,0.024464244749435506,-0.008499906712462237,168.56534454565252,0.0
747,98.53948422910203,102.42121905480322,102.42121905480323,98.30905738841652,100.69475224692737,91.39801302116017,108.56649219809142,512.3535602622446,0.0,0.5085659804307447,0.007215852395270822,0.024464244749435506,-0.008499906712462237,168.56534454565252,0.0
748,98.39199155502692,102.42121905480322,102.42121905480323,98.30905738841652,100.69475224692737,91.39801302116017,108.56649219809142,512.3535602622446,0.0,0.5085659804307447,0.007215852395270822,0.024464244749435506,-0.008499906712462237,168.56534454565252,0.0
749,98.39534246764225,102.42121905480322,102.42121905480323,98.30905738841652,100.69475224692737,91.39801302116017,108.56649219809142,512.3535602622446,0.0,0.5085659804307447,0.007215852395270822,0.024464244749435506,-0.008499906712462237,168.56534454565252,0.0
750,98.39700550090147,102.42121905480322,102.42121905480323,98.37557913660754,100.69475224692737,91.39801302116017,108.56649219809142,512.3535602622446,0.0,0.5085659804307447,0.007215852395270822,0.024464244749435506,-0.008499906712462237,168.56534454565252,0.0
751,98.4568370070445,102.42121905480322,102.42121905480323,98.57281695754948,100.69475224692737,91.39801302116017,108.56649219809142,512.3535602622446,0.0,0.5085659804307447,0.007215852395270822,0.024464244749435506,-0.008499906712462237,168.56534454565252,0.0
752,98.52348309673788,102.42121905480322,102.42121905480323,98.6403210204793,100.69475224692737,91.39801302116017,108.56649219809142,512.3535602622446,0.0,0.5085659804307447,0.007215852395270822,0.024464244749435506,-0.008499906712462237,168.56534454565252,0.0
753,98.37572018134173,102.42121905480322,102.42121905480323,98.6403210204793,100.69475224692737,91.39801302116017,108.56649219809142,512.3535602622446,0.0,0.5085659804307447,0.007215852395270822,0.024464244749435506,-0.008499906712462237,168.56534454565252,0.0
754,98.39618726176684,102.42121905480322,102.42121905480323,98.04848006579816,100.69475224692737,91.39801302116017,108.56649219809142,512.3535602622446,0.0,0.5085659804307447,0.007215852395270822,0.024464244749435506,-0.008499906712462237,168.56534454565252,0.0
755,98.49169057741143,102.42121905480322,102.42121905480323,98.26777057153257,100.69475224692737,91.39801302116017,108.56649219809142,512.3535602622446,0.0,0.5085659804307447,0.007215852395270822,0.024464244749435506,-0.008499906712462237,168.56534454565252,0.0
756,98.27697296742669,102.42121905480322,102.42121905480323,98.26777057153257,100.69475224692737,91.39801302116017,108.56649219809142,512.3535602622446,0.0,0.5085659804307447,0.007215852395270822,0.024464244749435506,-0.008499906712462237,168.56534454565252,0.0
757,98.36197823953569,102.42121905480322,102.42121905480323,98.26777057153257,100.69475224692737,91.39801302116017,108.56649219809142,512.3535602622446,0.0,0.5085659804307447,0.007215852395270822,0.024464244749435506,-0.008499906712462237,168.56534454565252,0.0
758,98.30277111370803,102.42121905480322,102.42121905480323,98.45069188417986,100.69475224692737,91.39801302116017,108.56649219809142,512.3535602622446,0.0,0.5085659804307447,0.007215852395270822,0.024464244749435506,-0.008499906712462237,168.56534454565252,0.0
759,98.26370637660602,102.41727008748357,102.41727008748357,97.46227160613576,100.6611091878199,91.33969170383833,108.56230629273259,509.3535602622446,0.0,0.469284210768215,0.00649426715574374,0.02403413993309958,-0.00864769999608343,171.47116869680067,0.0
760,98.27733979748619,102.41727008748357,102.41727008748357,97.9277436867346,100.6611091878199,91.33969170383833,108.56230629273259,509.3535602622446,0.0,0.469284210768215,0.00649426715574374,0.02403413993309958,-0.00864769999608343,171.47116869680067,0.0
761,98.25748239011949,102.41727008748357,102.41727008748357,97.84115098515868,100.6611091878199,91.33969170383833,108.56230629273259,509.3535602622446,0.0,0.469284210768215,0.00649426715574374,0.02403413993309958,-0.00864769999608343,171.47116869680067,0.0
762,98.14382224534762,102.14730930062545,102.14730930062545,97.26684446044877,100.61426689411036,91.22556548908346,108.27614785866298,503.35356026224457,0.0,0.6288916829806045,0.004442078734528718,0.022598027683214984,-0.007560813223520842,150.08152608339987,0.0
763,98.20990661233745,102.14730930062545,102.14730930062545,98.81049696956137,100.61426689411036,91.22556548908346,108.27614785866298,503.35356026224457,0.0,0.6288916829806045,0.004442078734528718,0.022598027683214984,-0.007560813223520842,150.08152608339987,0.0
764,98.05387425532174,101.73894721016329,101.73894721016329,96.90860690131039,100.56444407157876,90.82080821577007,107.84328404277309,500.35356026224457,0.0,0.6185803483421562,0.003997870861075846,0.02193883211958518,-0.005805652249046218,115.44282408961215,0.0
765,98.15471637909955,101.73894721016329,101.73894721016329,98.13074553061976,100.56444407157876,90.82080821577007,107.84328404277309,500.35356026224457,0.0,0.6185803483421562,0.003997870861075846,0.02193883211958518,-0.005805652249046218,115.44282408961215,0.0
766,98.10956979247821,101.73894721016329,101.73894721016329,98.2256023115507,100.56444407157876,90.82080821577007,107.84328404277309,500.35356026224457,0.0,0.6185803483421562,0.003997870861075846,0.02193883211958518,-0.005805652249046218,115.44282408961215,0.0
767,98.22046473527311,101.73894721016329,101.73894721016329,98.03742638030869,100.56444407157876,90.82080821577007,107.84328404277309,500.35356026224457,0.0,0.6185803483421562,0.003997870861075846,0.02193883211958518,-0.005805652249046218,115.44282408961215,0.0
768,98.11929645485407,101.73894721016329,101.73894721016329,98.03742638030869,100.56444407157876,90.82080821577007,107.84328404277309,500.35356026224457,0.0,0.6185803483421562,0.003997870861075846,0.02193883211958518,-0.005805652249046218,115.44282408961215,0.0
769,98.0483471778357,101.73894721016329,101.73894721016329,98.03742638030869,100.56444407157876,90.82080821577007,107.84328404277309,500.35356026224457,0.0,0.6185803483421562,0.003997870861075846,0.02193883211958518,-0.005805652249046218,115.44282408961215,0.0
770,98.15643337190043,101.73894721016329,101.73894721016329,98.03742638030869,100.56444407157876,90.82080821577007,107.84328404277309,500.35356026224457,0.0,0.6185803483421562,0.003997870861075846,0.02193883211958518,-0.005805652249046218,115.44282408961215,0.0
771,97.98530402618321,101.73894721016329,101.73894721016329,98.03260797941671,100.56444407157876,90.82080821577007,107.84328404277309,500.35356026224457,0.0,0.6185803483421562,0.003997870861075846,0.02193883211958518,-0.005805652249046218,115.44282408961215,0.0
772,98.14960401870944,101.73894721016329,101.73894721016329,98.10674095480638,100.56444407157876,90.82080821577007,107.84328404277309,500.35356026224457,0.0,0.6185803483421562,0.003997870861075846,0.02193883211958518,-0.005805652249046218,115.44282408961215,0.0
773,98.1524412959749,101.73894721016329,101.73894721016329,99.05213777941978,100.56444407157876,90.82080821577007,107.84328404277309,500.35356026224457,0.0,0.6185803483421562,0.003997870861075846,0.02193883211958518,-0.005805652249046218,115.44282408961215,0.0
774,98.24199402683384,101.73894721016329,101.73894721016329,98.21159338856178,100.56444407157876,90.82080821577007,107.84328404277309,500.35356026224457,0.0,0.6185803483421562,0.003997870861075846,0.02193883211958518,-0.005805652249046218,115.44282408961215,0.0
775,98.26924873772579,101.73894721016329,101.73894721016329,97.90767871110455,100.56444407157876,90.82080821577007,107.84328404277309,500.35356026224457,0.0,0.6185803483421562,0.003997870861075846,0.02193883211958518,-0.005805652249046218,115.44282408961215,0.0
776,98.27712700532527,101.73894721016329,101.73894721016329,97.83737090017625,100.56444407157876,90.82080821577007,107.84328404277309,500.35356026224457,0.0,0.6185803483421562,0.003997870861075846,0.02193883211958518,-0.005805652249046218,115.44282408961215,0.0
777,98.24346719545292,101.73894721016329,101.73894721016329,97.94873679386657,100.56444407157876,90.82080821577007,107.84328404277309,500.35356026224457,0.0,0.6185803483421562,0.003997870861075846,0.02193883211958518,-0.005805652249046218,115.44282408961215,0.0
778,98.3851324186459,101.73894721016329,101.73894721016329,98.14340072052403,100.56444407157876,90.82080821577007,107.84328404277309,500.35356026224457,0.0,0.6185803483421562,0.003997870861075846,0.02193883211958518,-0.005805652249046218,115.44282408961215,0.0
779,98.46252877764175,101.73894721016329,101.73894721016329,98.16714119130881,100.56444407157876,90.82080821577007,107.84328404277309,500.35356026224457,0.0,0.6185803483421562,0.003997870861075846,0.02193883211958518,-0.005805652249046218,115.44282408961215,0.0
780,98.4142940841858,101.73894721016329,101.73894721016329,98.16714119130881,100.56444407157876,90.82080821577007,107.84328404277309,500.35356026224457,0.0,0.6185803483421562,0.003997870861075846,0.02193883211958518,-0.005805652249046218,115.44282408961215,0.0
781,98.2210610822246,101.73894721016329,101.73894721016329,98.16714119130881,100.56444407157876,90.82080821577007,107.84328404277309,500.35356026224457,0.0,0.6185803483421562,0.003997870861075846,0.02193883211958518,-0.005805652249046218,115.44282408961215,0.0
782,98.3211161602754,101.73894721016329,101.73894721016329,98.16714119130881,100.56444407157876,90.82080821577007,107.84328404277309,500.35356026224457,0.0,0.6185803483421562,0.003997870861075846,0.02193883211958518,-0.005805652249046218,115.44282408961215,0.0
783,98.45091325977366,101.73894721016329,101.73894721016329,98.16714119130881,100.56444407157876,90.82080821577007,107.84328404277309,500.35356026224457,0.0,0.6185803483421562,0.003997870861075846,0.02193883211958518,-0.005805652249046218,115.44282408961215,0.0
784,98.43852545279373,101.73894721016329,101.73894721016329,98.30193143300815,100.56444407157876,90.82080821577007,107.84328404277309,500.35356026224457,0.0,0.6185803483421562,0.003997870861075846,0.02193883211958518,-0.005805652249046218,115.44282408961215,0.0
785,98.48214967338956,101.73894721016329,101.73894721016329,98.02154012191588,100.56444407157876,90.82080821577007,107.84328404277309,500.35356026224457,0.0,0.6185803483421562,0.003997870861075846,0.02193883211958518,-0.005805652249046218,115.44282408961215,0.0
786,98.65228000873844,101.73894721016329,101.73894721016329,99.87406083406763,100.56444407157876,90.82080821577007,107.84328404277309,500.35356026224457,0.0,0.6185803483421562,0.003997870861075846,0.02193883211958518,-0.005805652249046218,115.44282408961215,0.0
787,98.70723340556037,101.73894721016329,101.73894721016329,99.23944638315224,100.56444407157876,90.82080821577007,107.84328404277309,500.35356026224457,0.0,0.6185803483421562,0.003997870861075846,0.02193883211958518,-0.005805652249046218,115.44282408961215,0.0
788,98.65566746534907,101.73894721016329,101.73894721016329,98.9525250404705,100.56444407157876,90.82080821577007,107.84328404277309,500.35356026224457,0.0,0.6185803483421562,0.003997870861075846,0.02193883211958518,-0.005805652249046218,115.44282408961215,0.0
789,98.5112330702899,101.73894721016329,101.73894721016329,98.17069427342501,100.56444407157876,90.82080821577007,107.84328404277309,500.35356026224457,0.0,0.6185803483421562,0.003997870861075846,0.02193883211958518,-0.005805652249046218,115.44282408961215,0.0
790,98.4427911047974,101.73894721016329,101.73894721016329,98.00956518601828,100.56444407157876,90.82080821577007,107.84328404277309,500.35356026224457,0.0,0.6185803483421562,0.003997870861075846,0.02193883211958518,-0.005805652249046218,115.44282408961215,0.0
791,98.56739923279481,101.73894721016329,101.73894721016329,98.27169703509641,100.56444407157876,90.82080821577007,107.84328404277309,500.35356026224457,0.0,0.6185803483421562,0.003997870861075846,0.02193883211958518,-0.005805652249046218,115.44282408961215,0.0
792,98.63922857888765,101.73894721016329,101.73894721016329,98.343310893151,100.56444407157876,90.82080821577007,107.84328404277309,500.35356026224457,0.0,0.6185803483421562,0.003997870861075846,0.02193883211958518,-0.005805652249046218,115.44282408961215,0.0
793,98.7899219802551,101.73894721016329,101.73894721016329,98.49355221431433,100.56444407157876,90.82080821577007,107.84328404277309,500.35356026224457,0.0,0.6185803483421562,0.003997870861075846,0.02193883211958518,-0.005805652249046218,115.44282408961215,0.0
794,98.68344902480791,101.73894721016329,101.73894721016329,98.49355221431433,100.56444407157876,90.82080821577007,107.84328404277309,500.35356026224457,0.0,0.6185803483421562,0.003997870861075846,0.02193883211958518,-0.005805652249046218,115.44282408961215,0.0
795,98.79006619685138,101.73894721016329,101.73894721016329,98.56821528157633,100.56444407157876,90.82080821577007,107.84328404277309,500.35356026224457,0.0,0.6185803483421562,0.003997870861075846,0.02193883211958518,-0.005805652249046218,115.44282408961215,0.0
796,98.8277576920897,101.73894721016329,101.73894721016329,98.56821528157633,100.56444407157876,90.82080821577007,107.84328404277309,500.35356026224457,0.0,0.6185803483421562,0.003997870861075846,0.02193883211958518,-0.005805652249046218,115.44282408961215,0.0
797,98.70780867952834,101.73894721016329,101.73894721016329,98.35626727340727,100.56444407157876,90.82080821577007,107.84328404277309,500.35356026224457,0.0,0.6185803483421562,0.003997870861075846,0.02193883211958518,-0.005805652249046218,115.44282408961215,0.0
798,98.59667075953354,101.73894721016329,101.73894721016329,99.45180473804434,100.56444407157876,90.82080821577007,107.84328404277309,500.35356026224457,0.0,0.6185803483421562,0.003997870861075846,0.02193883211958518,-0.005805652249046218,115.44282408961215,0.0
799,98.65380391815486,101.73894721016329,101.73894721016329,98.95065588581232,100.56444407157876,90.82080821577007,107.84328404277309,500.35356026224457,0.0,0.6185803483421562,0.003997870861075846,0.02193883211958518,-0.005805652249046218,115.44282408961215,0.0
800,98.58498290420823,101.73894721016329,101.73894721016329,98.88162778757093,100.56444407157876,90.82080821577007,107.84328404277309,500.35356026224457,0.0,0.6185803483421562,0.003997870861075846,0.02193883211958518,-0.005805652249046218,115.44282408961215,0.0
801,98.61268642449214,101.73894721016329,101.73894721016329,97.00905365019703,100.56444407157876,90.82080821577007,107.84328404277309,500.35356026224457,0.0,0.6185803483421562,0.003997870861075846,0.02193883211958518,-0.005805652249046218,115.44282408961215,0.0
802,98.55324782829479,101.73894721016329,101.73894721016329,98.25758808480988,100.56444407157876,90.82080821577007,107.84328404277309,500.35356026224457,0.0,0.6185803483421562,0.003997870861075846,0.02193883211958518,-0.005805652249046218,115.44282408961215,0.0
803,98.5800093456944,101.73894721016329,101.73894721016329,98.2842693176573,100.56444407157876,90.82080821577007,107.84328404277309,500.35356026224457,0.0,0.6185803483421562,0.003997870861075846,0.02193883211958518,-0.005805652249046218,115.44282408961215,0.0
804,98.74762541096561,101.73894721016329,101.73894721016329,98.45138253473272,100.56444407157876,90.82080821577007,107.84328404277309,500.35356026224457,0.0,0.6185803483421562,0.003997870861075846,0.02193883211958518,-0.005805652249046218,115.44282408961215,0.0
805,98.61888908340416,101.73894721016329,101.73894721016329,98.45138253473272,100.56444407157876,90.82080821577007,107.84328404277309,500.35356026224457,0.0,0.6185803483421562,0.003997870861075846,0.02193883211958518,-0.005805652249046218,115.44282408961215,0.0
806,98.71530184712503,101.73894721016329,101.73894721016329,98.45138253473272,100.56444407157876,90.82080821577007,107.84328404277309,500.35356026224457,0.0,0.6185803483421562,0.003997870861075846,0.02193883211958518,-0.005805652249046218,115.44282408961215,0.0
807,98.71211080760071,101.73894721016329,101.73894721016329,98.45138253473272,100.56444407157876,90.82080821577007,107.84328404277309,500.35356026224457,0.0,0.6185803483421562,0.003997870861075846,0.02193883211958518,-0.005805652249046218,115.44282408961215,0.0
808,98.74876919294728,101.73894721016329,101.73894721016329,98.45252288536844,100.56444407157876,90.82080821577007,107.84328404277309,500.35356026224457,0.0,0.6185803483421562,0.003997870861075846,0.02193883211958518,-0.005805652249046218,115.44282408961215,0.0
809,98.56146503656437,101.73894721016329,101.73894721016329,98.45252288536844,100.56444407157876,90.82080821577007,107.84328404277309,500.35356026224457,0.0,0.6185803483421562,0.003997870861075846,0.02193883211958518,-0.005805652249046218,115.44282408961215,0.0
810,98.72341872487948,101.73894721016329,101.73894721016329,98.45252288536844,100.56444407157876,90.82080821577007,107.84328404277309,500.35356026224457,0.0,0.6185803483421562,0.003997870861075846,0.02193883211958518,-0.005805652249046218,115.44282408961215,0.0
811,98.818038358347,101.73894721016329,101.73894721016329,98.52158424327195,100.56444407157876,90.82080821577007,107.84328404277309,500.35356026224457,0.0,0.6185803483421562,0.003997870861075846,0.02193883211958518,-0.005805652249046218,115.44282408961215,0.0
812,98.8570880806474,101.73894721016329,101.73894721016329,98.56051681640547,100.56444407157876,90.82080821577007,107.84328404277309,500.35356026224457,0.0,0.6185803483421562,0.003997870861075846,0.02193883211958518,-0.005805652249046218,115.44282408961215,0.0
813,98.75278315322805,101.73894721016329,101.73894721016329,98.56051681640547,100.56444407157876,90.82080821577007,107.84328404277309,500.35356026224457,0.0,0.6185803483421562,0.003997870861075846,0.02193883211958518,-0.005805652249046218,115.44282408961215,0.0
814,98.79750571262153,101.73894721016329,101.73894721016329,97.89990664800166,100.56444407157876,90.82080821577007,107.84328404277309,500.35356026224457,0.0,0.6185803483421562,0.003997870861075846,0.02193883211958518,-0.005805652249046218,115.44282408961215,0.0
815,98.7383861969135,101.73894721016329,101.73894721016329,98.44217103832274,100.56444407157876,90.82080821577007,107.84328404277309,500.35356026224457,0.0,0.6185803483421562,0.003997870861075846,0.02193883211958518,-0.005805652249046218,115.44282408961215,0.0
816,98.8057659991805,101.73894721016329,101.73894721016329,98.50934870118297,100.56444407157876,90.82080821577007,107.84328404277309,500.35356026224457,0.0,0.6185803483421562,0.003997870861075846,0.02193883211958518,-0.005805652249046218,115.44282408961215,0.0
817,98.83227031233177,101.73894721016329,101.73894721016329,98.53577350139476,100.56444407157876,90.82080821577007,107.84328404277309,500.35356026224457,0.0,0.6185803483421562,0.003997870861075846,0.02193883211958518,-0.005805652249046218,115.44282408961215,0.0
818,99.00732834803816,101.73894721016329,101.73894721016329,98.71030636299403,100.56444407157876,90.82080821577007,107.84328404277309,500.35356026224457,0.0,0.6185803483421562,0.003997870861075846,0.02193883211958518,-0.005805652249046218,115.44282408961215,0.0
819,98.98633147356313,101.73894721016329,101.73894721016329,98.71030636299403,100.56444407157876,90.82080821577007,107.84328404277309,500.35356026224457,0.0,0.6185803483421562,0.003997870861075846,0.02193883211958518,-0.005805652249046218,115.44282408961215,0.0
820,98.9542854372814,101.73894721016329,101.73894721016329,98.54700583463604,100.56444407157876,90.82080821577007,107.84328404277309,500.35356026224457,0.0,0.6185803483421562,0.003997870861075846,0.02193883211958518,-0.005805652249046218,115.44282408961215,0.0
821,98.88795319117075,101.73894721016329,101.73894721016329,97.97711128950912,100.56444407157876,90.82080821577007,107.84328404277309,500.35356026224457,0.0,0.6185803483421562,0.003997870861075846,0.02193883211958518,-0.005805652249046218,115.44282408961215,0.0
822,98.85102040929469,101.73894721016329,101.73894721016329,98.41687756537125,100.56444407157876,90.82080821577007,107.84328404277309,500.35356026224457,0.0,0.6185803483421562,0.003997870861075846,0.02193883211958518,-0.005805652249046218,115.44282408961215,0.0
823,98.98166841004532,101.73894721016329,101.73894721016329,98.68472340481516,100.56444407157876,90.82080821577007,107.84328404277309,500.35356026224457,0.0,0.6185803483421562,0.003997870861075846,0.02193883211958518,-0.005805652249046218,115.44282408961215,0.0
824,98.82069330482258,101.73894721016329,101.73894721016329,98.72490264414135,100.56444407157876,90.82080821577007,107.84328404277309,500.35356026224457,0.0,0.6185803483421562,0.003997870861075846,0.02193883211958518,-0.005805652249046218,115.44282408961215,0.0
825,98.71378805196639,101.73894721016329,101.73894721016329,98.6812655215353,100.56444407157876,90.82080821577007,107.84328404277309,500.35356026224457,0.0,0.6185803483421562,0.003997870861075846,0.02193883211958518,-0.005805652249046218,115.44282408961215,0.0
826,98.75411418879659,101.73894721016329,101.73894721016329,98.8278972684209,100.56444407157876,90.82080821577007,107.84328404277309,500.35356026224457,0.0,0.6185803483421562,0.003997870861075846,0.02193883211958518,-0.005805652249046218,115.44282408961215,0.0
827,98.91819949590847,101.73894721016329,101.73894721016329,98.93296110543663,100.56444407157876,90.82080821577007,107.84328404277309,500.35356026224457,0.0,0.6185803483421562,0.003997870861075846,0.02193883211958518,-0.005805652249046218,115.44282408961215,0.0
828,98.94536497832598,101.73894721016329,101.73894721016329,97.46701628328115,100.56444407157876,90.82080821577007,107.84328404277309,500.35356026224457,0.0,0.6185803483421562,0.003997870861075846,0.02193883211958518,-0.005805652249046218,115.44282408961215,0.0
829,98.98355847841692,101.73894721016329,101.73894721016329,98.57608847125275,100.56444407157876,90.82080821577007,107.84328404277309,500.35356026224457,0.0,0.6185803483421562,0.003997870861075846,0.02193883211958518,-0.005805652249046218,115.44282408961215,0.0
830,99.01629804034015,101.73894721016329,101.73894721016329,98.76652515627906,100.56444407157876,90.82080821577007,107.84328404277309,500.35356026224457,0.0,0.6185803483421562,0.003997870861075846,0.02193883211958518,-0.005805652249046218,115.44282408961215,0.0
831,98.96473297289923,101.73894721016329,101.73894721016329,98.86389063556967,100.56444407157876,90.82080821577007,107.84328404277309,500.35356026224457,0.0,0.6185803483421562,0.003997870861075846,0.02193883211958518,-0.005805652249046218,115.44282408961215,0.0
832,98.98948430399729,101.73894721016329,101.73894721016329,98.86389063556967,100.56444407157876,90.82080821577007,107.84328404277309,500.35356026224457,0.0,0.6185803483421562,0.003997870861075846,0.02193883211958518,-0.005805652249046218,115.44282408961215,0.0
833,99.04106338104305,101.73894721016329,101.73894721016329,98.8198402927674,100.56444407157876,90.82080821577007,107.84328404277309,500.35356026224457,0.0,0.6185803483421562,0.003997870861075846,0.02193883211958518,-0.005805652249046218,115.44282408961215,0.0
834,99.0045474369127,101.73894721016329,101.73894721016329,98.53397536684753,100.56444407157876,90.82080821577007,107.84328404277309,500.35356026224457,0.0,0.6185803483421562,0.003997870861075846,0.02193883211958518,-0.005805652249046218,115.44282408961215,0.0
835,99.07051562477136,101.73894721016329,101.73894721016329,98.00984132257679,100.56444407157876,90.82080821577007,107.84328404277309,500.35356026224457,0.0,0.6185803483421562,0.003997870861075846,0.02193883211958518,-0.005805652249046218,115.44282408961215,0.0
836,99.1727706181623,101.73894721016329,101.73894721016329,98.87525230630779,100.56444407157876,90.82080821577007,107.84328404277309,500.35356026224457,0.0,0.6185803483421562,0.003997870861075846,0.02193883211958518,-0.005805652249046218,115.44282408961215,0.0
837,99.20079029465289,101.73894721016329,101.73894721016329,99.07215224066186,100.56444407157876,90.82080821577007,107.84328404277309,500.35356026224457,0.0,0.6185803483421562,0.003997870861075846,0.02193883211958518,-0.005805652249046218,115.44282408961215,0.0
838,99.20421228768534,101.73894721016329,101.73894721016329,98.98093713741548,100.56444407157876,90.82080821577007,107.84328404277309,500.35356026224457,0.0,0.6185803483421562,0.003997870861075846,0.02193883211958518,-0.005805652249046218,115.44282408961215,0.0
839,99.2151140290159,101.73894721016329,101.73894721016329,98.1542218960494,100.56444407157876,90.82080821577007,107.84328404277309,500.35356026224457,0.0,0.6185803483421562,0.003997870861075846,0.02193883211958518,-0.005805652249046218,115.44282408961215,0.0
840,99.26410565456278,101.73894721016329,101.73894721016329,98.96631333759908,100.56444407157876,90.82080821577007,107.84328404277309,500.35356026224457,0.0,0.6185803483421562,0.003997870861075846,0.02193883211958518,-0.005805652249046218,115.44282408961215,0.0
841,99.40809919860682,101.73894721016329,101.73894721016329,99.109874901011,100.56444407157876,90.82080821577007,107.84328404277309,500.35356026224457,0.0,0.6185803483421562,0.003997870861075846,0.02193883211958518,-0.005805652249046218,115.44282408961215,0.0
842,99.38675906713823,101.4043576658532,101.4043576658532,96.79726409618925,100.50668278756905,90.55072125578573,107.48861912580439,497.35356026224457,0.0,0.5701195615004249,0.003598083774968261,0.02115601286570955,-0.00444589298469411,88.52429017322527,0.0
843,99.41296279140329,101.4043576658532,101.4043576658532,99.22593187623043,100.50668278756905,90.55072125578573,107.48861912580439,497.35356026224457,0.0,0.5701195615004249,0.003598083774968261,0.02115601286570955,-0.00444589298469411,88.52429017322527,0.0
844,99.44328625394397,101.4043576658532,101.4043576658532,99.22593187623043,100.50668278756905,90.55072125578573,107.48861912580439,497.35356026224457,0.0,0.5701195615004249,0.003598083774968261,0.02115601286570955,-0.00444589298469411,88.52429017322527,0.0
845,99.60655974147545,101.4043576658532,101.4043576658532,99.68171931955347,100.50668278756905,90.55072125578573,107.48861912580439,497.35356026224457,0.0,0.5701195615004249,0.003598083774968261,0.02115601286570955,-0.00444589298469411,88.52429017322527,0.0
846,99.64685592792739,101.4043576658532,101.4043576658532,99.38571498256215,100.50668278756905,90.55072125578573,107.48861912580439,497.35356026224457,0.0,0.5701195615004249,0.003598083774968261,0.02115601286570955,-0.00444589298469411,88.52429017322527,0.0
847,99.61813551425236,101.4043576658532,101.4043576658532,99.45746229264364,100.50668278756905,90.55072125578573,107.48861912580439,497.35356026224457,0.0,0.5701195615004249,0.003598083774968261,0.02115601286570955,-0.00444589298469411,88.52429017322527,0.0
848,99.72909155631332,101.4043576658532,101.4043576658532,99.45746229264364,100.50668278756905,90.55072125578573,107.48861912580439,497.35356026224457,0.0,0.5701195615004249,0.003598083774968261,0.02115601286570955,-0.00444589298469411,88.52429017322527,0.0
849,99.80339295782281,101.4043576658532,101.4043576658532,99.50398277894934,100.50668278756905,90.55072125578573,107.48861912580439,497.35356026224457,0.0,0.5701195615004249,0.003598083774968261,0.02115601286570955,-0.00444589298469411,88.52429017322527,0.0
850,99.92002302649966,101.4043576658532,101.4043576658532,99.60110611069649,100.50668278756905,90.55072125578573,107.48861912580439,497.35356026224457,0.0,0.5701195615004249,0.003598083774968261,0.02115601286570955,-0.00444589298469411,88.52429017322527,0.0
851,100.18691274186709,101.4043576658532,101.4043576658532,99.49258759177054,100.50668278756905,90.55072125578573,107.48861912580439,497.35356026224457,0.0,0.5701195615004249,0.003598083774968261,0.02115601286570955,-0.00444589298469411,88.52429017322527,0.0
852,100.12052090055383,101.4043576658532,101.4043576658532,99.82015933785213,100.50668278756905,90.55072125578573,107.48861912580439,497.35356026224457,0.0,0.5701195615004249,0.003598083774968261,0.02115601286570955,-0.00444589298469411,88.52429017322527,0.0
853,100.01822885154809,101.4043576658532,101.4043576658532,99.82015933785213,100.50668278756905,90.55072125578573,107.48861912580439,497.35356026224457,0.0,0.5701195615004249,0.003598083774968261,0.02115601286570955,-0.00444589298469411,88.52429017322527,0.0
854,100.0470141463774,101.4043576658532,101.4043576658532,99.62367752447227,100.50668278756905,90.55072125578573,107.48861912580439,497.35356026224457,0.0,0.5701195615004249,0.003598083774968261,0.02115601286570955,-0.00444589298469411,88.52429017322527,0.0
855,100.12159224205078,101.4043576658532,101.4043576658532,99.34481456023228,100.50668278756905,90.55072125578573,107.48861912580439,497.35356026224457,0.0,0.5701195615004249,0.003598083774968261,0.02115601286570955,-0.00444589298469411,88.52429017322527,0.0
856,100.24545800036536,101.4043576658532,101.4043576658532,100.12476710857833,100.50668278756905,90.55072125578573,107.48861912580439,497.35356026224457,0.0,0.5701195615004249,0.003598083774968261,0.02115601286570955,-0.00444589298469411,88.52429017322527,0.0
857,100.40838993128207,101.4043576658532,101.4043576658532,100.32541034473118,100.50668278756905,90.55072125578573,107.48861912580439,497.35356026224457,0.0,0.5701195615004249,0.003598083774968261,0.02115601286570955,-0.00444589298469411,88.52429017322527,0.0
858,100.40980595917334,101.4043576658532,101.4043576658532,100.32541034473118,100.50668278756905,90.55072125578573,107.48861912580439,497.35356026224457,0.0,0.5701195615004249,0.003598083774968261,0.02115601286570955,-0.00444589298469411,88.52429017322527,0.0
859,100.5790990090487,101.4043576658532,101.4043576658532,100.32541034473118,100.50668278756905,90.55072125578573,107.48861912580439,497.35356026224457,0.0,0.5701195615004249,0.003598083774968261,0.02115601286570955,-0.00444589298469411,88.52429017322527,0.0
860,100.41051086813454,101.4043576658532,101.4043576658532,100.40514318748569,100.50668278756905,90.55072125578573,107.48861912580439,497.35356026224457,0.0,0.5701195615004249,0.003598083774968261,0.02115601286570955,-0.00444589298469411,88.52429017322527,0.0
861,100.48883918365617,101.4043576658532,101.4043576658532,99.5284538119777,100.50668278756905,90.55072125578573,107.48861912580439,497.35356026224457,0.0,0.5701195615004249,0.003598083774968261,0.02115601286570955,-0.00444589298469411,88.52429017322527,0.0
862,100.43297517149682,101.4043576658532,101.4043576658532,100.1937669582886,100.50668278756905,90.55072125578573,107.48861912580439,497.35356026224457,0.0,0.5701195615004249,0.003598083774968261,0.02115601286570955,-0.00444589298469411,88.52429017322527,0.0
863,100.43115331318079,101.4043576658532,101.4043576658532,100.1937669582886,100.50668278756905,90.55072125578573,107.48861912580439,497.35356026224457,0.0,0.5701195615004249,0.003598083774968261,0.02115601286570955,-0.00444589298469411,88.52429017322527,0.0
864,100.62417844467231,101.4043576658532,101.4043576658532,100.26895648136468,100.50668278756905,90.55072125578573,107.48861912580439,497.35356026224457,0.0,0.5701195615004249,0.003598083774968261,0.02115601286570955,-0.00444589298469411,88.52429017322527,0.0
865,100.71484622134689,101.4043576658532,101.4043576658532,100.4143933773666,100.50668278756905,90.55072125578573,107.48861912580439,497.35356026224457,0.0,0.5701195615004249,0.003598083774968261,0.02115601286570955,-0.00444589298469411,88.52429017322527,0.0
866,100.60095418451716,101.4043576658532,101.4043576658532,100.98473518981186,100.50668278756905,90.55072125578573,107.48861912580439,497.35356026224457,0.0,0.5701195615004249,0.003598083774968261,0.02115601286570955,-0.00444589298469411,88.52429017322527,0.0
867,100.5353508130361,101.4043576658532,101.4043576658532,100.73484317239733,100.50668278756905,90.55072125578573,107.48861912580439,497.35356026224457,0.0,0.5701195615004249,0.003598083774968261,0.02115601286570955,-0.00444589298469411,88.52429017322527,0.0
868,100.41966585178014,101.4043576658532,101.4043576658532,100.64015949819567,100.50668278756905,90.55072125578573,107.48861912580439,497.35356026224457,0.0,0.5701195615004249,0.003598083774968261,0.02115601286570955,-0.00444589298469411,88.52429017322527,0.0
869,100.26695728712556,101.4043576658532,101.4043576658532,100.42361861692558,100.50668278756905,90.55072125578573,107.48861912580439,497.35356026224457,0.0,0.5701195615004249,0.003598083774968261,0.02115601286570955,-0.00444589298469411,88.52429017322527,0.0
870,100.09262140627119,101.4043576658532,101.4043576658532,100.46434206377216,100.50668278756905,90.55072125578573,107.48861912580439,497.35356026224457,0.0,0.5701195615004249,0.003598083774968261,0.02115601286570955,-0.00444589298469411,88.52429017322527,0.0
871,100.07655089254405,101.4043576658532,101.4043576658532,100.37768394437715,100.50668278756905,90.55072125578573,107.48861912580439,497.35356026224457,0.0,0.5701195615004249,0.003598083774968261,0.02115601286570955,-0.00444589298469411,88.52429017322527,0.0
872,100.01971224525566,101.4043576658532,101.4043576658532,101.00498848111222,100.50668278756905,90.55072125578573,107.48861912580439,497.35356026224457,0.0,0.5701195615004249,0.003598083774968261,0.02115601286570955,-0.00444589298469411,88.52429017322527,0.0
873,99.97252124534032,101.4043576658532,101.4043576658532,100.33462799305997,100.50668278756905,90.55072125578573,107.48861912580439,497.35356026224457,0.0,0.5701195615004249,0.003598083774968261,0.02115601286570955,-0.00444589298469411,88.52429017322527,0.0
874,99.97970868736395,101.4043576658532,101.4043576658532,100.0304389554918,100.50668278756905,90.55072125578573,107.48861912580439,497.35356026224457,0.0,0.5701195615004249,0.003598083774968261,0.02115601286570955,-0.00444589298469411,88.52429017322527,0.0
875,99.95476244226549,101.4043576658532,101.4043576658532,100.51100426852729,100.50668278756905,90.55072125578573,107.48861912580439,497.35356026224457,0.0,0.5701195615004249,0.003598083774968261,0.02115601286570955,-0.00444589298469411,88.52429017322527,0.0
876,99.9152581008919,101.4043576658532,101.4043576658532,100.21590581834694,100.50668278756905,90.55072125578573,107.48861912580439,497.35356026224457,0.0,0.5701195615004249,0.003598083774968261,0.02115601286570955,-0.00444589298469411,88.52429017322527,0.0
877,99.99927748642375,101.4043576658532,101.4043576658532,100.21590581834694,100.50668278756905,90.55072125578573,107.48861912580439,497.35356026224457,0.0,0.5701195615004249,0.003598083774968261,0.02115601286570955,-0.00444589298469411,88.52429017322527,0.0
878,99.95237493407534,101.4043576658532,101.4043576658532,100.64709968716205,100.50668278756905,90.55072125578573,107.48861912580439,497.35356026224457,0.0,0.5701195615004249,0.003598083774968261,0.02115601286570955,-0.00444589298469411,88.52429017322527,0.0
879,100.07656825271948,101.4043576658532,101.4043576658532,101.02324597770753,100.50668278756905,90.55072125578573,107.48861912580439,497.35356026224457,0.0,0.5701195615004249,0.003598083774968261,0.02115601286570955,-0.00444589298469411,88.52429017322527,0.0
880,100.1006775557189,101.4043576658532,101.4043576658532,100.40188320533491,100.50668278756905,90.55072125578573,107.48861912580439,497.35356026224457,0.0,0.5701195615004249,0.003598083774968261,0.02115601286570955,-0.00444589298469411,88.52429017322527,0.0
881,100.13447917900265,101.4043576658532,101.4043576658532,100.40188320533491,100.50668278756905,90.55072125578573,107.48861912580439,497.35356026224457,0.0,0.5701195615004249,0.003598083774968261,0.02115601286570955,-0.00444589298469411,88.52429017322527,0.0
882,100.08528799279473,101.4043576658532,101.4043576658532,100.44050481687064,100.50668278756905,90.55072125578573,107.48861912580439,497.35356026224457,0.0,0.5701195615004249,0.003598083774968261,0.02115601286570955,-0.00444589298469411,88.52429017322527,0.0
883,100.04000889829703,101.4043576658532,101.4043576658532,100.34103199427985,100.50668278756905,90.55072125578573,107.48861912580439,497.35356026224457,0.0,0.5701195615004249,0.003598083774968261,0.02115601286570955,-0.00444589298469411,88.52429017322527,0.0
884,100.1433154116977,101.4043576658532,101.4043576658532,100.34103199427985,100.50668278756905,90.55072125578573,107.48861912580439,497.35356026224457,0.0,0.5701195615004249,0.003598083774968261,0.02115601286570955,-0.00444589298469411,88.52429017322527,0.0
885,100.18031964575886,101.4043576658532,101.4043576658532,100.34103199427985,100.50668278756905,90.55072125578573,107.48861912580439,497.35356026224457,0.0,0.5701195615004249,0.003598083774968261,0.02115601286570955,-0.00444589298469411,88.52429017322527,0.0
886,100.27403360521879,101.4043576658532,101.4043576658532,100.97157131090685,100.50668278756905,90.55072125578573,107.48861912580439,497.35356026224457,0.0,0.5701195615004249,0.003598083774968261,0.02115601286570955,-0.00444589298469411,88.52429017322527,0.0
887,100.36532613120423,101.4043576658532,101.4043576658532,100.32163037557464,100.50668278756905,90.55072125578573,107.48861912580439,497.35356026224457,0.0,0.5701195615004249,0.003598083774968261,0.02115601286570955,-0.00444589298469411,88.52429017322527,0.0
888,100.30106478125963,101.4043576658532,101.4043576658532,99.6278336686027,100.50668278756905,90.55072125578573,107.48861912580439,497.35356026224457,0.0,0.5701195615004249,0.003598083774968261,0.02115601286570955,-0.00444589298469411,88.52429017322527,0.0
889,100.27909057597135,101.4043576658532,101.4043576658532,99.97825330424342,100.50668278756905,90.55072125578573,107.48861912580439,497.35356026224457,0.0,0.5701195615004249,0.003598083774968261,0.02115601286570955,-0.00444589298469411,88.52429017322527,0.0
890,100.27576373855256,101.4043576658532,101.4043576658532,99.71967748904521,100.50668278756905,90.55072125578573,107.48861912580439,497.35356026224457,0.0,0.5701195615004249,0.003598083774968261,0.02115601286570955,-0.00444589298469411,88.52429017322527,0.0
891,100.25016374843631,101.4043576658532,101.4043576658532,99.94941325719103,100.50668278756905,90.55072125578573,107.48861912580439,497.35356026224457,0.0,0.5701195615004249,0.003598083774968261,0.02115601286570955,-0.00444589298469411,88.52429017322527,0.0
892,100.14560487639888,101.4043576658532,101.4043576658532,100.20607705114743,100.50668278756905,90.55072125578573,107.48861912580439,497.35356026224457,0.0,0.5701195615004249,0.003598083774968261,0.02115601286570955,-0.00444589298469411,88.52429017322527,0.0
893,100.1063805626046,101.4043576658532,101.4043576658532,100.20607705114743,100.50668278756905,90.55072125578573,107.48861912580439,497.35356026224457,0.0,0.5701195615004249,0.003598083774968261,0.02115601286570955,-0.00444589298469411,88.52429017322527,0.0
894,100.13809707036373,101.4043576658532,101.4043576658532,100.20607705114743,100.50668278756905,90.55072125578573,107.48861912580439,497.35356026224457,0.0,0.5701195615004249,0.003598083774968261,0.02115601286570955,-0.00444589298469411,88.52429017322527,0.0
895,100.1447901500963,101.4043576658532,101.4043576658532,100.20607705114743,100.50668278756905,90.55072125578573,107.48861912580439,497.35356026224457,0.0,0.5701195615004249,0.003598083774968261,0.02115601286570955,-0.00444589298469411,88.52429017322527,0.0
896,100.27412796726092,101.4043576658532,101.4043576658532,100.66392648904558,100.50668278756905,90.55072125578573,107.48861912580439,497.35356026224457,0.0,0.5701195615004249,0.003598083774968261,0.02115601286570955,-0.00444589298469411,88.52429017322527,0.0
897,100.23228185988397,101.61341360741196,101.61341360741194,101.30857336658974,100.45554900587827,94.20383997817015,107.58310673760617,148.94800749506717,0.0,0.6122523427872504,0.002461089302078291,0.019617993961234228,-0.005730046745226988,113.94800749506717,0.0
898,100.1150965044848,101.61341360741196,101.61341360741194,100.47546030096306,100.45554900587827,94.20383997817015,107.58310673760617,148.94800749506717,0.0,0.6122523427872504,0.002461089302078291,0.019617993961234228,-0.005730046745226988,113.94800749506717,0.0
899,99.93630744847108,101.44734544544741,101.44734544544741,100.23701850398304,100.31500963778247,99.9363074484711,101.44734544544741,148.94800749506717,0.0,0.6032721553642704,0.10221498037187046,0.01911438843869563,-0.005612225368790144,111.6180815469292,0.0
900,99.95698888298824,101.44734544544741,101.44734544544741,100.91113303650174,100.31500963778247,99.9363074484711,101.44734544544741,148.94800749506717,0.0,0.6032721553642704,0.10221498037187046,0.01911438843869563,-0.005612225368790144,111.6180815469292,0.0
901,100.01731120266058,101.44734544544741,101.44734544544741,100.31826600066258,100.31500963778247,99.9363074484711,101.44734544544741,148.94800749506717,0.0,0.6032721553642704,0.10221498037187046,0.01911438843869563,-0.005612225368790144,111.6180815469292,0.0
902,99.91687890101771,101.28415175980467,101.28415175980467,100.0757718157067,100.28052270394724,99.91687890101772,101.42762313815662,151.94800749506717,0.0,0.7250414320227337,0.1459150465743594,0.017831480852059284,-0.004979191212584785,99.09043403330654,0.0
903,100.0472026299787,101.28415175980467,101.28415175980467,100.0757718157067,100.28052270394724,99.91687890101772,101.42762313815662,151.94800749506717,0.0,0.7250414320227337,0.1459150465743594,0.017831480852059284,-0.004979191212584785,99.09043403330654,0.0
904,100.10784996835436,101.28415175980467,101.28415175980467,100.0757718157067,100.28052270394724,99.91687890101772,101.42762313815662,151.94800749506717,0.0,0.7250414320227337,0.1459150465743594,0.017831480852059284,-0.004979191212584785,99.09043403330654,0.0
905,100.2134675233477,101.1489605198104,101.14896051981039,99.91175749116564,100.28275820189732,93.93151216767512,107.21789815099902,154.94800749506717,0.0,0.6937047841275817,0.13132354191692347,0.017277622542339482,-0.00430022800485451,85.63630446240866,0.0
906,100.18655568076986,101.1330217687083,101.13302176870829,99.8655824946907,100.14246057167111,99.56598574720662,101.13302176870829,154.94800749506717,0.0,0.7182084013973752,0.21819118772523113,0.016831540365408192,-0.0049214200632844134,97.94636605465979,0.0
907,100.170855681223,101.04097647539885,101.04097647539885,99.77469074962579,100.00235922069967,99.47536667737695,101.04097647539885,154.94800749506717,0.0,0.7407517292855852,0.29637206895270807,0.01644158980295805,-0.005166136201943856,102.7916881773261,0.0
908,100.22363979995889,101.04097647539885,101.04097647539885,100.18021804410317,100.00235922069967,99.47536667737695,101.04097647539885,154.94800749506717,0.0,0.7407517292855852,0.29637206895270807,0.01644158980295805,-0.005166136201943856,102.7916881773261,0.0
909,100.20885229316701,101.04097647539885,101.04097647539885,100.18021804410317,100.00235922069967,99.47536667737695,101.04097647539885,154.94800749506717,0.0,0.7407517292855852,0.29637206895270807,0.01644158980295805,-0.005166136201943856,102.7916881773261,0.0
910,100.24918356739505,101.04097647539885,101.04097647539885,100.1002207251933,100.00235922069967,99.47536667737695,101.04097647539885,154.94800749506717,0.0,0.7407517292855852,0.29637206895270807,0.01644158980295805,-0.005166136201943856,102.7916881773261,0.0
911,100.25635081146203,101.04097647539885,101.04097647539885,100.25771223132682,100.00235922069967,99.47536667737695,101.04097647539885,154.94800749506717,0.0,0.7407517292855852,0.29637206895270807,0.01644158980295805,-0.005166136201943856,102.7916881773261,0.0
912,100.42628607979631,101.04097647539885,101.04097647539885,100.37249321382959,100.00235922069967,99.47536667737695,101.04097647539885,154.94800749506717,0.0,0.7407517292855852,0.29637206895270807,0.01644158980295805,-0.005166136201943856,102.7916881773261,0.0
913,100.37667937230846,101.04097647539885,101.04097647539885,100.37249321382959,100.00235922069967,99.47536667737695,101.04097647539885,154.94800749506717,0.0,0.7407517292855852,0.29637206895270807,0.01644158980295805,-0.005166136201943856,102.7916881773261,0.0
914,100.1877555866738,101.04097647539885,101.04097647539885,100.63661352013062,100.00235922069967,99.47536667737695,101.04097647539885,154.94800749506717,0.0,0.7407517292855852,0.29637206895270807,0.01644158980295805,-0.005166136201943856,102.7916881773261,0.0
915,100.19113636718389,101.04097647539885,101.04097647539885,100.49261420981331,100.00235922069967,99.47536667737695,101.04097647539885,154.94800749506717,0.0,0.7407517292855852,0.29637206895270807,0.01644158980295805,-0.005166136201943856,102.7916881773261,0.0
916,100.25590816642392,101.04097647539885,101.04097647539885,100.49261420981331,100.00235922069967,99.47536667737695,101.04097647539885,154.94800749506717,0.0,0.7407517292855852,0.29637206895270807,0.01644158980295805,-0.005166136201943856,102.7916881773261,0.0
917,100.18516260471321,101.04097647539885,101.04097647539885,100.4866224721296,100.00235922069967,99.47536667737695,101.04097647539885,154.94800749506717,0.0,0.7407517292855852,0.29637206895270807,0.01644158980295805,-0.005166136201943856,102.7916881773261,0.0
918,100.12010992818156,101.04097647539885,101.04097647539885,100.42137405033256,100.00235922069967,99.47536667737695,101.04097647539885,154.94800749506717,0.0,0.7407517292855852,0.29637206895270807,0.01644158980295805,-0.005166136201943856,102.7916881773261,0.0
919,100.06460175590439,101.04097647539885,101.04097647539885,100.35289396793378,100.00235922069967,99.47536667737695,101.04097647539885,154.94800749506717,0.0,0.7407517292855852,0.29637206895270807,0.01644158980295805,-0.005166136201943856,102.7916881773261,0.0
920,99.90917299624769,101.04097647539885,101.04097647539885,100.20980240345807,100.00235922069967,99.47536667737695,101.04097647539885,154.94800749506717,0.0,0.7407517292855852,0.29637206895270807,0.01644158980295805,-0.005166136201943856,102.7916881773261,0.0
921,99.89766703739407,101.04097647539885,101.04097647539885,100.34000094616974,100.00235922069967,99.47536667737695,101.04097647539885,154.94800749506717,0.0,0.7407517292855852,0.29637206895270807,0.01644158980295805,-0.005166136201943856,102.7916881773261,0.0
922,100.03885715401574,101.04097647539885,101.04097647539885,99.87586252660445,100.00235922069967,99.47536667737695,101.04097647539885,154.94800749506717,0.0,0.7407517292855852,0.29637206895270807,0.01644158980295805,-0.005166136201943856,102.7916881773261,0.0
923,100.06220988504148,101.04097647539885,101.04097647539885,99.87586252660445,100.00235922069967,99.47536667737695,101.04097647539885,154.94800749506717,0.0,0.7407517292855852,0.29637206895270807,0.01644158980295805,-0.005166136201943856,102.7916881773261,0.0
924,100.06796062570557,101.04097647539885,101.04097647539885,99.80723821067266,100.00235922069967,99.47536667737695,101.04097647539885,154.94800749506717,0.0,0.7407517292855852,0.29637206895270807,0.01644158980295805,-0.005166136201943856,102.7916881773261,0.0
925,100.02998403015268,100.99784772972593,100.99784772972592,99.7321025105565,99.86245387438431,99.4329062030248,100.99784772972592,154.94800749506717,0.0,0.6859360353871828,0.3667348620574373,0.016133420160224742,-0.005652654338732619,112.41762877759132,0.0
926,99.85460284223674,100.83860837959932,100.83860837959931,99.57485881133388,99.72274425851052,99.27613423489989,100.83860837959931,154.94800749506717,0.0,0.7110611525562082,0.4300613758516936,0.015833066392174674,-0.005563704604157912,110.6584213149997,0.0
927,99.84025118384172,100.83860837959932,100.83860837959931,99.78166783367134,99.72274425851052,99.27613423489989,100.83860837959931,154.94800749506717,0.0,0.7110611525562082,0.4300613758516936,0.015833066392174674,-0.005563704604157912,110.6584213149997,0.0
928,100.00996505097648,100.83860837959932,100.83860837959931,99.82826121576403,99.72274425851052,99.27613423489989,100.83860837959931,154.94800749506717,0.0,0.7110611525562082,0.4300613758516936,0.015833066392174674,-0.005563704604157912,110.6584213149997,0.0
929,100.02160433324744,100.83860837959932,100.83860837959931,99.82826121576403,99.72274425851052,99.27613423489989,100.83860837959931,154.94800749506717,0.0,0.7110611525562082,0.4300613758516936,0.015833066392174674,-0.005563704604157912,110.6584213149997,0.0
930,100.01773432348145,100.83860837959932,100.83860837959931,99.82826121576403,99.72274425851052,99.27613423489989,100.83860837959931,154.94800749506717,0.0,0.7110611525562082,0.4300613758516936,0.015833066392174674,-0.005563704604157912,110.6584213149997,0.0
931,100.13785531724305,100.83860837959932,100.83860837959931,99.83744175129134,99.72274425851052,99.27613423489989,100.83860837959931,154.94800749506717,0.0,0.7110611525562082,0.4300613758516936,0.015833066392174674,-0.005563704604157912,110.6584213149997,0.0
932,99.93527674869169,100.83860837959932,100.83860837959931,99.83744175129134,99.72274425851052,99.27613423489989,100.83860837959931,154.94800749506717,0.0,0.7110611525562082,0.4300613758516936,0.015833066392174674,-0.005563704604157912,110.6584213149997,0.0
933,99.7968300839585,100.83860837959932,100.83860837959931,99.83744175129134,99.72274425851052,99.27613423489989,100.83860837959931,154.94800749506717,0.0,0.7110611525562082,0.4300613758516936,0.015833066392174674,-0.005563704604157912,110.6584213149997,0.0
934,99.70519790691759,100.83860837959932,100.83860837959931,99.83744175129134,99.72274425851052,99.27613423489989,100.83860837959931,154.94800749506717,0.0,0.7110611525562082,0.4300613758516936,0.015833066392174674,-0.005563704604157912,110.6584213149997,0.0
935,99.75828791609877,100.83860837959932,100.83860837959931,99.83744175129134,99.72274425851052,99.27613423489989,100.83860837959931,154.94800749506717,0.0,0.7110611525562082,0.4300613758516936,0.015833066392174674,-0.005563704604157912,110.6584213149997,0.0
936,99.84898195559988,100.83860837959932,100.83860837959931,99.83744175129134,99.72274425851052,99.27613423489989,100.83860837959931,154.94800749506717,0.0,0.7110611525562082,0.4300613758516936,0.015833066392174674,-0.005563704604157912,110.6584213149997,0.0
937,99.79696201539073,100.83860837959932,100.83860837959931,99.83744175129134,99.72274425851052,99.27613423489989,100.83860837959931,154.94800749506717,0.0,0.7110611525562082,0.4300613758516936,0.015833066392174674,-0.005563704604157912,110.6584213149997,0.0
938,99.66837365171929,100.83860837959932,100.83860837959931,99.83744175129134,99.72274425851052,99.27613423489989,100.83860837959931,154.94800749506717,0.0,0.7110611525562082,0.4300613758516936,0.015833066392174674,-0.005563704604157912,110.6584213149997,0.0
939,99.7805015638545,100.83860837959932,100.83860837959931,99.83744175129134,99.72274425851052,99.27613423489989,100.83860837959931,154.94800749506717,0.0,0.7110611525562082,0.4300613758516936,0.015833066392174674,-0.005563704604157912,110.6584213149997,0.0
940,99.89778045807242,100.83860837959932,100.83860837959931,99.83744175129134,99.72274425851052,99.27613423489989,100.83860837959931,154.94800749506717,0.0,0.7110611525562082,0.4300613758516936,0.015833066392174674,-0.005563704604157912,110.6584213149997,0.0
941,99.79023993965912,100.83860837959932,100.83860837959931,99.83744175129134,99.72274425851052,99.27613423489989,100.83860837959931,154.94800749506717,0.0,0.7110611525562082,0.4300613758516936,0.015833066392174674,-0.005563704604157912,110.6584213149997,0.0
942,99.76447637152147,100.83860837959932,100.83860837959931,99.83744175129134,99.72274425851052,99.27613423489989,100.83860837959931,154.94800749506717,0.0,0.7110611525562082,0.4300613758516936,0.015833066392174674,-0.005563704604157912,110.6584213149997,0.0
943,99.82559272827825,100.83860837959932,100.83860837959931,99.83744175129134,99.72274425851052,99.27613423489989,100.83860837959931,154.94800749506717,0.0,0.7110611525562082,0.4300613758516936,0.015833066392174674,-0.005563704604157912,110.6584213149997,0.0
944,99.73356698667406,100.83860837959932,100.83860837959931,99.83744175129134,99.72274425851052,99.27613423489989,100.83860837959931,154.94800749506717,0.0,0.7110611525562082,0.4300613758516936,0.015833066392174674,-0.005563704604157912,110.6584213149997,0.0
945,99.89278813609172,100.83860837959932,100.83860837959931,99.83744175129134,99.72274425851052,99.27613423489989,100.83860837959931,154.94800749506717,0.0,0.7110611525562082,0.4300613758516936,0.015833066392174674,-0.005563704604157912,110.6584213149997,0.0
946,99.94972319242288,100.83860837959932,100.83860837959931,99.93691592692825,99.72274425851052,99.27613423489989,100.83860837959931,154.94800749506717,0.0,0.7110611525562082,0.4300613758516936,0.015833066392174674,-0.005563704604157912,110.6584213149997,0.0
947,99.86384080070421,100.70824580510667,100.70824580510667,99.44612999250167,99.5832300992474,99.1477916025242,100.70824580510667,154.94800749506717,0.0,0.6579857841612353,0.4870552382665242,0.015557116607388533,-0.005616892585066875,111.71038645995557,0.0
948,99.89547553283698,100.62380712396505,100.62380712396505,99.36274953051397,99.50494025175506,99.12948732245395,100.68965344004432,157.94800749506717,0.0,0.9525705987141024,0.40914578297430254,0.014751084355403545,-0.005590735398495481,111.19305701001613,0.0
949,99.82494495750265,100.62380712396505,100.62380712396505,99.52547012263015,99.50494025175506,99.12948732245395,100.68965344004432,157.94800749506717,0.0,0.9525705987141024,0.40914578297430254,0.014751084355403545,-0.005590735398495481,111.19305701001613,0.0
950,99.89065646751682,100.62380712396505,100.62380712396505,99.59098449811427,99.50494025175506,99.12948732245395,100.68965344004432,157.94800749506717,0.0,0.9525705987141024,0.40914578297430254,0.014751084355403545,-0.005590735398495481,111.19305701001613,0.0
951,99.70242381797057,100.62380712396505,100.62380712396505,99.59098449811427,99.50494025175506,99.12948732245395,100.68965344004432,157.94800749506717,0.0,0.9525705987141024,0.40914578297430254,0.014751084355403545,-0.005590735398495481,111.19305701001613,0.0
952,99.83064716407355,100.62380712396505,100.62380712396505,99.81626714702338,99.50494025175506,99.12948732245395,100.68965344004432,157.94800749506717,0.0,0.9525705987141024,0.40914578297430254,0.014751084355403545,-0.005590735398495481,111.19305701001613,0.0
953,99.81612725965373,100.62380712396505,100.62380712396505,99.81626714702338,99.50494025175506,99.12948732245395,100.68965344004432,157.94800749506717,0.0,0.9525705987141024,0.40914578297430254,0.014751084355403545,-0.005590735398495481,111.19305701001613,0.0
954,99.79544488307961,100.62380712396505,100.62380712396505,99.81626714702338,99.50494025175506,99.12948732245395,100.68965344004432,157.94800749506717,0.0,0.9525705987141024,0.40914578297430254,0.014751084355403545,-0.005590735398495481,111.19305701001613,0.0
955,99.714761470365,100.62380712396505,100.62380712396505,99.79981780506643,99.50494025175506,99.12948732245395,100.68965344004432,157.94800749506717,0.0,0.9525705987141024,0.40914578297430254,0.014751084355403545,-0.005590735398495481,111.19305701001613,0.0
956,99.7042938901601,100.24583012584917,100.24583012584915,98.95934524878885,99.49793881846705,92.74271918025993,106.26057993340011,160.94800749506717,0.0,0.8863649508169743,0.3682312046768723,0.014315331814636212,-0.0037442535070548277,74.60572738469007,0.0
957,99.71339613480586,100.24583012584917,100.24583012584915,99.4833239080937,99.49793881846705,92.74271918025993,106.26057993340011,160.94800749506717,0.0,0.8863649508169743,0.3682312046768723,0.014315331814636212,-0.0037442535070548277,74.60572738469007,0.0
958,99.75740986322289,100.07988018604955,100.07988018604955,98.765410687483,99.48574796816736,92.56096758809534,106.08467299721252,163.94800749506717,0.0,0.8554557547516164,0.3314080842091851,0.013813668200065478,-0.0029771269901401453,59.36580027650851,0.0
959,99.67822086155122,100.07988018604955,100.07988018604955,99.2472703678627,99.48574796816736,92.56096758809534,106.08467299721252,163.94800749506717,0.0,0.8554557547516164,0.3314080842091851,0.013813668200065478,-0.0029771269901401453,59.36580027650851,0.0
960,99.68649967008454,100.07988018604955,100.07988018604955,99.47778640393882,99.48574796816736,92.56096758809534,106.08467299721252,163.94800749506717,0.0,0.8554557547516164,0.3314080842091851,0.013813668200065478,-0.0029771269901401453,59.36580027650851,0.0
961,99.75978678460169,100.07988018604955,100.07988018604955,99.14754551103037,99.48574796816736,92.56096758809534,106.08467299721252,163.94800749506717,0.0,0.8554557547516164,0.3314080842091851,0.013813668200065478,-0.0029771269901401453,59.36580027650851,0.0
962,99.55623928645187,100.07988018604955,100.07988018604955,99.25757056859251,99.48574796816736,92.56096758809534,106.08467299721252,163.94800749506717,0.0,0.8554557547516164,0.3314080842091851,0.013813668200065478,-0.0029771269901401453,59.36580027650851,0.0
963,99.69499679478375,100.07988018604955,100.07988018604955,99.39591180439939,99.48574796816736,92.56096758809534,106.08467299721252,163.94800749506717,0.0,0.8554557547516164,0.3314080842091851,0.013813668200065478,-0.0029771269901401453,59.36580027650851,0.0
964,99.67016307036839,100.07988018604955,100.07988018604955,99.39591180439939,99.48574796816736,92.56096758809534,106.08467299721252,163.94800749506717,0.0,0.8554557547516164,0.3314080842091851,0.013813668200065478,-0.0029771269901401453,59.36580027650851,0.0
965,99.70376375580264,100.07988018604955,100.07988018604955,99.34116766511877,99.48574796816736,92.56096758809534,106.08467299721252,163.94800749506717,0.0,0.8554557547516164,0.3314080842091851,0.013813668200065478,-0.0029771269901401453,59.36580027650851,0.0
966,99.70475504601033,100.07988018604955,100.07988018604955,99.40564078087229,99.48574796816736,92.56096758809534,106.08467299721252,163.94800749506717,0.0,0.8554557547516164,0.3314080842091851,0.013813668200065478,-0.0029771269901401453,59.36580027650851,0.0
967,99.76449800665371,100.07988018604955,100.07988018604955,99.46520451263373,99.48574796816736,92.56096758809534,106.08467299721252,163.94800749506717,0.0,0.8554557547516164,0.3314080842091851,0.013813668200065478,-0.0029771269901401453,59.36580027650851,0.0
968,99.85711580829721,100.07988018604955,100.07988018604955,99.55754446087231,99.48574796816736,92.56096758809534,106.08467299721252,163.94800749506717,0.0,0.8554557547516164,0.3314080842091851,0.013813668200065478,-0.0029771269901401453,59.36580027650851,0.0
969,99.88829315415401,100.07988018604955,100.07988018604955,99.53099943939006,99.48574796816736,92.56096758809534,106.08467299721252,163.94800749506717,0.0,0.8554557547516164,0.3314080842091851,0.013813668200065478,-0.0029771269901401453,59.36580027650851,0.0
970,99.83672877055021,100.07988018604955,100.07988018604955,99.53721858423856,99.48574796816736,92.56096758809534,106.08467299721252,163.94800749506717,0.0,0.8554557547516164,0.3314080842091851,0.013813668200065478,-0.0029771269901401453,59.36580027650851,0.0
971,99.83500184601698,100.07988018604955,100.07988018604955,99.60386382772586,99.48574796816736,92.56096758809534,106.08467299721252,163.94800749506717,0.0,0.8554557547516164,0.3314080842091851,0.013813668200065478,-0.0029771269901401453,59.36580027650851,0.0
972,99.88696588372909,100.07988018604955,100.07988018604955,99.60386382772586,99.48574796816736,92.56096758809534,106.08467299721252,163.94800749506717,0.0,0.8554557547516164,0.3314080842091851,0.013813668200065478,-0.0029771269901401453,59.36580027650851,0.0
973,99.93820111469805,100.07988018604955,100.07988018604955,99.63838651135397,99.48574796816736,92.56096758809534,106.08467299721252,163.94800749506717,0.0,0.8554557547516164,0.3314080842091851,0.013813668200065478,-0.0029771269901401453,59.36580027650851,0.0
974,99.92094939879964,100.07988018604955,100.07988018604955,99.63838651135397,99.48574796816736,92.56096758809534,106.08467299721252,163.94800749506717,0.0,0.8554557547516164,0.3314080842091851,0.013813668200065478,-0.0029771269901401453,59.36580027650851,0.0
975,99.94729493597096,100.07988018604955,100.07988018604955,99.32050648181568,99.48574796816736,92.56096758809534,106.08467299721252,163.94800749506717,0.0,0.8554557547516164,0.3314080842091851,0.013813668200065478,-0.0029771269901401453,59.36580027650851,0.0
976,99.90234270138944,100.07988018604955,100.07988018604955,99.27515916800854,99.48574796816736,92.56096758809534,106.08467299721252,163.94800749506717,0.0,0.8554557547516164,0.3314080842091851,0.013813668200065478,-0.0029771269901401453,59.36580027650851,0.0
977,99.73815886871364,100.07988018604955,100.07988018604955,99.4389443921075,99.48574796816736,92.56096758809534,106.08467299721252,163.94800749506717,0.0,0.8554557547516164,0.3314080842091851,0.013813668200065478,-0.0029771269901401453,59.36580027650851,0.0
978,99.75866592060922,100.07988018604955,100.07988018604955,99.27769523057962,99.48574796816736,92.56096758809534,106.08467299721252,163.94800749506717,0.0,0.8554557547516164,0.3314080842091851,0.013813668200065478,-0.0029771269901401453,59.36580027650851,0.0
979,99.91066291334447,100.07988018604955,100.07988018604955,99.60220761263827,99.48574796816736,92.56096758809534,106.08467299721252,163.94800749506717,0.0,0.8554557547516164,0.3314080842091851,0.013813668200065478,-0.0029771269901401453,59.36580027650851,0.0
980,99.91092815702069,100.07988018604955,100.07988018604955,99.61119537254962,99.48574796816736,92.56096758809534,106.08467299721252,163.94800749506717,0.0,0.8554557547516164,0.3314080842091851,0.013813668200065478,-0.0029771269901401453,59.36580027650851,0.0
981,99.98357532891548,100.07988018604955,100.07988018604955,99.68362460292873,99.48574796816736,92.56096758809534,106.08467299721252,163.94800749506717,0.0,0.8554557547516164,0.3314080842091851,0.013813668200065478,-0.0029771269901401453,59.36580027650851,0.0
982,99.86030782507379,100.07988018604955,100.07988018604955,99.68362460292873,99.48574796816736,92.56096758809534,106.08467299721252,163.94800749506717,0.0,0.8554557547516164,0.3314080842091851,0.013813668200065478,-0.0029771269901401453,59.36580027650851,0.0
983,99.9012321962283,100.07988018604955,100.07988018604955,99.73603612555722,99.48574796816736,92.56096758809534,106.08467299721252,163.94800749506717,0.0,0.8554557547516164,0.3314080842091851,0.013813668200065478,-0.0029771269901401453,59.36580027650851,0.0
984,99.84281735751726,100.07988018604955,100.07988018604955,99.00657627673583,99.48574796816736,92.56096758809534,106.08467299721252,163.94800749506717,0.0,0.8554557547516164,0.3314080842091851,0.013813668200065478,-0.0029771269901401453,59.36580027650851,0.0
985,99.9155809779195,100.11407949237466,100.11407949237467,99.81373725389757,99.62512555686989,98.47272910687691,100.11407949237467,163.94800749506717,0.0,0.78998225733445,0.3982672757882666,0.013278604105784257,-0.002447961757854377,48.839677494315616,0.0
986,99.95346453912394,100.11407949237466,100.11407949237467,99.78739153936078,99.62512555686989,98.47272910687691,100.11407949237467,163.94800749506717,0.0,0.78998225733445,0.3982672757882666,0.013278604105784257,-0.002447961757854377,48.839677494315616,0.0
987,99.84665701413603,100.11407949237466,100.11407949237467,99.78739153936078,99.62512555686989,98.47272910687691,100.11407949237467,163.94800749506717,0.0,0.78998225733445,0.3982672757882666,0.013278604105784257,-0.002447961757854377,48.839677494315616,0.0
988,99.67925871202324,100.11407949237466,100.11407949237467,99.78739153936078,99.62512555686989,98.47272910687691,100.11407949237467,163.94800749506717,0.0,0.78998225733445,0.3982672757882666,0.013278604105784257,-0.002447961757854377,48.839677494315616,0.0
989,99.70628327998182,100.11407949237466,100.11407949237467,99.78739153936078,99.62512555686989,98.47272910687691,100.11407949237467,163.94800749506717,0.0,0.78998225733445,0.3982672757882666,0.013278604105784257,-0.002447961757854377,48.839677494315616,0.0
990,99.95424812376828,100.11407949237466,100.11407949237467,99.78739153936078,99.62512555686989,98.47272910687691,100.11407949237467,163.94800749506717,0.0,0.78998225733445,0.3982672757882666,0.013278604105784257,-0.002447961757854377,48.839677494315616,0.0
991,100.023307510844,100.11407949237466,100.11407949237467,99.78739153936078,99.62512555686989,98.47272910687691,100.11407949237467,163.94800749506717,0.0,0.78998225733445,0.3982672757882666,0.013278604105784257,-0.002447961757854377,48.839677494315616,0.0
992,100.13390822416451,100.17538471515711,100.17538471515712,99.87485856101164,99.73399829309271,98.49223275055995,100.13390822416451,166.94800749506717,0.0,0.8052341250060585,0.34841481663917434,0.01208921007384179,-0.0022079324913237947,44.0613653064037,0.0
993,100.20603610777576,100.20603610777576,100.20603610777576,99.90541799945241,99.80196298528004,98.53311630105857,100.20603610777576,166.94800749506717,0.0,0.8208153950055738,0.41357333497525695,0.011606291976477593,-0.0020202848102476314,40.32422977605088,0.0
994,100.2124628286244,100.2124628286244,100.2124628286244,99.91182544013851,99.78885798259368,96.27218803607364,102.55934981114021,169.94800749506717,0.0,0.8351501634051278,0.37221600147773126,0.011164076067066372,-0.002118010242695096,42.270675131009796,0.0
995,100.19731398183865,100.36213523675434,100.36213523675434,99.97325787109146,99.92866022250288,98.65650074561064,100.36213523675434,169.94800749506717,0.0,0.8483381503327176,0.43499440132995815,0.010753939308411087,-0.002164228332398012,43.19109126453835,0.0
996,100.19029604205195,100.37099575329904,100.37099575329904,100.06988276603913,99.95893682228237,98.66521067944214,100.37099575329904,169.94800749506717,0.0,0.8604710983061002,0.49149496119696234,0.010355531473336376,-0.0020569014610995313,41.05358604087894,0.0
997,100.32551474025483,100.37099575329904,100.37099575329904,100.06988276603913,99.95893682228237,98.66521067944214,100.37099575329904,169.94800749506717,0.0,0.8604710983061002,0.49149496119696234,0.010355531473336376,-0.0020569014610995313,41.05358604087894,0.0
998,100.23630971014096,100.37099575329904,100.37099575329904,100.06988276603913,99.95893682228237,98.66521067944214,100.37099575329904,169.94800749506717,0.0,0.8604710983061002,0.49149496119696234,0.010355531473336376,-0.0020569014610995313,41.05358604087894,0.0
999,100.31268074707914,100.37099575329904,100.37099575329904,100.06988276603913,99.95893682228237,98.66521067944214,100.37099575329904,169.94800749506717,0.0,0.8604710983061002,0.49149496119696234,0.010355531473336376,-0.0020569014610995313,41.05358604087894,0.0
1000,100.35694666762421,100.37099575329904,100.37099575329904,100.06988276603913,99.95893682228237,98.66521067944214,100.37099575329904,169.94800749506717,0.0,0.8604710983061002,0.49149496119696234,0.010355531473336376,-0.0020569014610995313,41.05358604087894,0.0
1001,100.39997064008371,100.39997064008372,100.39997064008371,100.09877072816346,99.98779275676621,98.69369314379915,100.39997064008371,169.94800749506717,0.0,0.8076334104416123,0.5423454650772661,0.009981028108366189,-0.002056901461099793,41.0535860408845,0.0
1002,100.27080671573482,100.39997064008372,100.39997064008371,100.09877072816346,99.98779275676621,98.69369314379915,100.39997064008371,169.94800749506717,0.0,0.8076334104416123,0.5423454650772661,0.009981028108366189,-0.002056901461099793,41.0535860408845,0.0
1003,100.27311716920093,100.39997064008372,100.39997064008371,99.36005605854734,99.98779275676621,98.69369314379915,100.39997064008371,169.94800749506717,0.0,0.8076334104416123,0.5423454650772661,0.009981028108366189,-0.002056901461099793,41.0535860408845,0.0
1004,100.13559693985921,100.39997064008372,100.39997064008371,99.8351901490396,99.98779275676621,98.69369314379915,100.39997064008371,169.94800749506717,0.0,0.8076334104416123,0.5423454650772661,0.009981028108366189,-0.002056901461099793,41.0535860408845,0.0
1005,100.2785959195246,100.40969398593258,100.40969398593258,100.10846490397473,99.99747618479354,98.70325124332271,100.40969398593258,169.94800749506717,0.0,0.7630227376062834,0.5881109185695396,0.009628994945294211,-0.002056901461099802,41.0535860408845,0.0
1006,100.26426330116229,100.40969398593258,100.40969398593258,100.10846490397473,99.99747618479354,98.70325124332271,100.40969398593258,169.94800749506717,0.0,0.7630227376062834,0.5881109185695396,0.009628994945294211,-0.002056901461099802,41.0535860408845,0.0
1007,100.20602191623854,100.40969398593258,100.40969398593258,100.10846490397473,99.99747618479354,98.70325124332271,100.40969398593258,169.94800749506717,0.0,0.7630227376062834,0.5881109185695396,0.009628994945294211,-0.002056901461099802,41.0535860408845,0.0
1008,100.26407253111759,100.40969398593258,100.40969398593258,100.10846490397473,99.99747618479354,98.70325124332271,100.40969398593258,169.94800749506717,0.0,0.7630227376062834,0.5881109185695396,0.009628994945294211,-0.002056901461099802,41.0535860408845,0.0
1009,100.23710729546497,100.40969398593258,100.40969398593258,100.10846490397473,99.99747618479354,98.70325124332271,100.40969398593258,169.94800749506717,0.0,0.7630227376062834,0.5881109185695396,0.009628994945294211,-0.002056901461099802,41.0535860408845,0.0
1010,100.21797783627382,100.40969398593258,100.40969398593258,99.55284315266591,99.99747618479354,98.70325124332271,100.40969398593258,169.94800749506717,0.0,0.7630227376062834,0.5881109185695396,0.009628994945294211,-0.002056901461099802,41.0535860408845,0.0
1011,100.20024137455853,100.40969398593258,100.40969398593258,99.89964065043486,99.99747618479354,98.70325124332271,100.40969398593258,169.94800749506717,0.0,0.7630227376062834,0.5881109185695396,0.009628994945294211,-0.002056901461099802,41.0535860408845,0.0
1012,100.1285696047204,100.40969398593258,100.40969398593258,99.89964065043486,99.99747618479354,98.70325124332271,100.40969398593258,169.94800749506717,0.0,0.7630227376062834,0.5881109185695396,0.009628994945294211,-0.002056901461099802,41.0535860408845,0.0
1013,100.30524899606039,100.40969398593258,100.40969398593258,99.99114093117419,99.99747618479354,98.70325124332271,100.40969398593258,169.94800749506717,0.0,0.7630227376062834,0.5881109185695396,0.009628994945294211,-0.002056901461099802,41.0535860408845,0.0
1014,100.42933279259289,100.42933279259289,100.4293327925929,100.12804479421511,100.01703436710999,98.72255629237688,100.4293327925929,169.94800749506717,0.0,0.7108698074866696,0.6292998267125856,0.009298083772006539,-0.0020569014610996987,41.05358604088227,0.0
1015,100.55034287711136,100.55034287711135,100.55034287711136,100.09714644096647,100.13754766183682,98.84150983462027,100.55034287711136,169.94800749506717,0.0,0.734000222887736,0.666369844041327,0.008987027269116113,-0.0020569014610994822,41.05358604087894,0.0
1016,100.5634248591485,100.82442584851812,100.82442584851812,100.52195257097262,100.14700533191902,98.85436949097927,100.5634248591485,169.94800749506717,0.0,1.0071185599442394,0.5317969733242677,0.008375200698163795,-0.003370730419842053,67.18813530531608,0.0
1017,100.66031589881075,100.82442584851812,100.82442584851812,100.52195257097262,100.14700533191902,98.85436949097927,100.5634248591485,169.94800749506717,0.0,1.0071185599442394,0.5317969733242677,0.008375200698163795,-0.003370730419842053,67.18813530531608,0.0
1018,100.66955766694927,100.82442584851812,100.82442584851812,100.52195257097262,100.14700533191902,98.85436949097927,100.5634248591485,169.94800749506717,0.0,1.0071185599442394,0.5317969733242677,0.008375200698163795,-0.003370730419842053,67.18813530531608,0.0
1019,100.68329202719397,100.82442584851812,100.82442584851812,100.52195257097262,100.14700533191902,98.85436949097927,100.5634248591485,169.94800749506717,0.0,1.0071185599442394,0.5317969733242677,0.008375200698163795,-0.003370730419842053,67.18813530531608,0.0
1020,100.41861402305328,100.82442584851812,100.82442584851812,100.52195257097262,100.14700533191902,98.85436949097927,100.5634248591485,169.94800749506717,0.0,1.0071185599442394,0.5317969733242677,0.008375200698163795,-0.003370730419842053,67.18813530531608,0.0
1021,100.44358214569348,100.82442584851812,100.82442584851812,100.52195257097262,100.14700533191902,98.85436949097927,100.5634248591485,169.94800749506717,0.0,1.0071185599442394,0.5317969733242677,0.008375200698163795,-0.003370730419842053,67.18813530531608,0.0
1022,100.29300224850958,100.82442584851812,100.82442584851812,100.52195257097262,100.14700533191902,98.85436949097927,100.5634248591485,169.94800749506717,0.0,1.0071185599442394,0.5317969733242677,0.008375200698163795,-0.003370730419842053,67.18813530531608,0.0
1023,100.45229705343715,100.82442584851812,100.82442584851812,100.05864838597492,100.14700533191902,98.85436949097927,100.5634248591485,169.94800749506717,0.0,1.0071185599442394,0.5317969733242677,0.008375200698163795,-0.003370730419842053,67.18813530531608,0.0
1024,100.43141375819123,100.82442584851812,100.82442584851812,100.13011951691666,100.14700533191902,98.85436949097927,100.5634248591485,169.94800749506717,0.0,1.0071185599442394,0.5317969733242677,0.008375200698163795,-0.003370730419842053,67.18813530531608,0.0
1025,100.52672492340506,100.82442584851812,100.82442584851812,100.22514474863486,100.14700533191902,98.85436949097927,100.5634248591485,169.94800749506717,0.0,1.0071185599442394,0.5317969733242677,0.008375200698163795,-0.003370730419842053,67.18813530531608,0.0
1026,100.60328726073492,100.82442584851812,100.82442584851812,100.15220683065078,100.14700533191902,98.85436949097927,100.5634248591485,169.94800749506717,0.0,1.0071185599442394,0.5317969733242677,0.008375200698163795,-0.003370730419842053,67.18813530531608,0.0
1027,100.73046671005667,100.82442584851812,100.82442584851812,100.4282753099265,100.14700533191902,98.85436949097927,100.5634248591485,169.94800749506717,0.0,1.0071185599442394,0.5317969733242677,0.008375200698163795,-0.003370730419842053,67.18813530531608,0.0
1028,100.66840402480398,100.96543507715111,100.96543507715113,100.6625387719196,100.13034489489719,93.29457476790202,106.57137929346258,169.94800749506717,0.0,0.9442416119493197,0.3637491297537991,0.008093734922172162,-0.004152698690991982,82.71050202634301,0.0
1029,100.63576204016034,102.46241831532836,102.46241831532836,102.15503106038236,100.16420020892183,94.67782453584194,108.31057381506395,259.2986398519076,0.0,0.9487022829933741,0.32737421677841916,0.008969225184708107,-0.011342133245595723,224.29863985190758,0.0
1030,100.57904643495861,102.46241831532836,102.46241831532836,100.88169150948706,100.16420020892183,94.67782453584194,108.31057381506395,259.2986398519076,0.0,0.9487022829933741,0.32737421677841916,0.008969225184708107,-0.011342133245595723,224.29863985190758,0.0
1031,100.60439391212725,102.46241831532836,102.46241831532836,101.23974099492474,100.16420020892183,94.67782453584194,108.31057381506395,259.2986398519076,0.0,0.9487022829933741,0.32737421677841916,0.008969225184708107,-0.011342133245595723,224.29863985190758,0.0
1032,100.51627973184932,102.46241831532836,102.46241831532836,100.81873593966831,100.16420020892183,94.67782453584194,108.31057381506395,259.2986398519076,0.0,0.9487022829933741,0.32737421677841916,0.008969225184708107,-0.011342133245595723,224.29863985190758,0.0
1033,100.62564449606023,102.46241831532836,102.46241831532836,100.81873593966831,100.16420020892183,94.67782453584194,108.31057381506395,259.2986398519076,0.0,0.9487022829933741,0.32737421677841916,0.008969225184708107,-0.011342133245595723,224.29863985190758,0.0
1034,100.63356503595084,102.46241831532836,102.46241831532836,100.26370818810916,100.16420020892183,94.67782453584194,108.31057381506395,259.2986398519076,0.0,0.9487022829933741,0.32737421677841916,0.008969225184708107,-0.011342133245595723,224.29863985190758,0.0
1035,100.68589565866995,102.46241831532836,102.46241831532836,100.38383797169394,100.16420020892183,94.67782453584194,108.31057381506395,259.2986398519076,0.0,0.9487022829933741,0.32737421677841916,0.008969225184708107,-0.011342133245595723,224.29863985190758,0.0
1036,100.52005401414337,102.46241831532836,102.46241831532836,100.38383797169394,100.16420020892183,94.67782453584194,108.31057381506395,259.2986398519076,0.0,0.9487022829933741,0.32737421677841916,0.008969225184708107,-0.011342133245595723,224.29863985190758,0.0
1037,100.54849022735095,102.46241831532836,102.46241831532836,100.35528999055336,100.16420020892183,94.67782453584194,108.31057381506395,259.2986398519076,0.0,0.9487022829933741,0.32737421677841916,0.008969225184708107,-0.011342133245595723,224.29863985190758,0.0
1038,100.5151140288741,102.46241831532836,102.46241831532836,100.35528999055336,100.16420020892183,94.67782453584194,108.31057381506395,259.2986398519076,0.0,0.9487022829933741,0.32737421677841916,0.008969225184708107,-0.011342133245595723,224.29863985190758,0.0
1039,100.50561553803095,102.46241831532836,102.46241831532836,100.35528999055336,100.16420020892183,94.67782453584194,108.31057381506395,259.2986398519076,0.0,0.9487022829933741,0.32737421677841916,0.008969225184708107,-0.011342133245595723,224.29863985190758,0.0
1040,100.55581680961626,102.46241831532836,102.46241831532836,100.35528999055336,100.16420020892183,94.67782453584194,108.31057381506395,259.2986398519076,0.0,0.9487022829933741,0.32737421677841916,0.008969225184708107,-0.011342133245595723,224.29863985190758,0.0
1041,100.52430636674099,102.46241831532836,102.46241831532836,100.35528999055336,100.16420020892183,94.67782453584194,108.31057381506395,259.2986398519076,0.0,0.9487022829933741,0.32737421677841916,0.008969225184708107,-0.011342133245595723,224.29863985190758,0.0
1042,100.42585780107596,102.46241831532836,102.46241831532836,100.35528999055336,100.16420020892183,94.67782453584194,108.31057381506395,259.2986398519076,0.0,0.9487022829933741,0.32737421677841916,0.008969225184708107,-0.011342133245595723,224.29863985190758,0.0
1043,100.45927232563456,102.46241831532836,102.46241831532836,100.35528999055336,100.16420020892183,94.67782453584194,108.31057381506395,259.2986398519076,0.0,0.9487022829933741,0.32737421677841916,0.008969225184708107,-0.011342133245595723,224.29863985190758,0.0
1044,100.47764194289172,102.31105732006138,102.31105732006138,99.98452480496255,100.19279808120932,93.81417131757956,108.44972075926506,242.04108571818148,0.0,0.897615424942712,0.22392396427643874,0.009817398466488995,-0.010460340296507652,207.04108571818148,0.0
1045,100.52226235196352,102.31105732006138,102.31105732006138,100.18838950427589,100.19279808120932,93.81417131757956,108.44972075926506,242.04108571818148,0.0,0.897615424942712,0.22392396427643874,0.009817398466488995,-0.010460340296507652,207.04108571818148,0.0
1046,100.52204903473515,102.31105732006138,102.31105732006138,100.45517982944004,100.19279808120932,93.81417131757956,108.44972075926506,242.04108571818148,0.0,0.897615424942712,0.22392396427643874,0.009817398466488995,-0.010460340296507652,207.04108571818148,0.0
1047,100.34426798884371,102.31105732006138,102.31105732006138,100.45517982944004,100.19279808120932,93.81417131757956,108.44972075926506,242.04108571818148,0.0,0.897615424942712,0.22392396427643874,0.009817398466488995,-0.010460340296507652,207.04108571818148,0.0
1048,100.3857405361045,102.31105732006138,102.31105732006138,100.71974871370654,100.19279808120932,93.81417131757956,108.44972075926506,242.04108571818148,0.0,0.897615424942712,0.22392396427643874,0.009817398466488995,-0.010460340296507652,207.04108571818148,0.0
1049,100.29064078786527,102.31105732006138,102.31105732006138,101.28556202648302,100.19279808120932,93.81417131757956,108.44972075926506,242.04108571818148,0.0,0.897615424942712,0.22392396427643874,0.009817398466488995,-0.010460340296507652,207.04108571818148,0.0
1050,100.40732998040562,102.31105732006138,102.31105732006138,100.77727885211576,100.19279808120932,93.81417131757956,108.44972075926506,242.04108571818148,0.0,0.897615424942712,0.22392396427643874,0.009817398466488995,-0.010460340296507652,207.04108571818148,0.0
1051,100.39320270480371,102.31105732006138,102.31105732006138,100.76186889320194,100.19279808120932,93.81417131757956,108.44972075926506,242.04108571818148,0.0,0.897615424942712,0.22392396427643874,0.009817398466488995,-0.010460340296507652,207.04108571818148,0.0
1052,100.24292822507644,102.31105732006138,102.31105732006138,100.54456191080887,100.19279808120932,93.81417131757956,108.44972075926506,242.04108571818148,0.0,0.897615424942712,0.22392396427643874,0.009817398466488995,-0.010460340296507652,207.04108571818148,0.0
1053,100.18640224044404,102.31105732006138,102.31105732006138,100.7129809536556,100.19279808120932,93.81417131757956,108.44972075926506,242.04108571818148,0.0,0.897615424942712,0.22392396427643874,0.009817398466488995,-0.010460340296507652,207.04108571818148,0.0
1054,100.0474519302677,102.31105732006138,102.31105732006138,100.34849742253529,100.19279808120932,93.81417131757956,108.44972075926506,242.04108571818148,0.0,0.897615424942712,0.22392396427643874,0.009817398466488995,-0.010460340296507652,207.04108571818148,0.0
1055,100.00886670926005,102.31105732006138,102.31105732006138,100.41054193494274,100.19279808120932,93.81417131757956,108.44972075926506,242.04108571818148,0.0,0.897615424942712,0.22392396427643874,0.009817398466488995,-0.010460340296507652,207.04108571818148,0.0
1056,100.00221657273994,102.31105732006138,102.31105732006138,100.3031259505917,100.19279808120932,93.81417131757956,108.44972075926506,242.04108571818148,0.0,0.897615424942712,0.22392396427643874,0.009817398466488995,-0.010460340296507652,207.04108571818148,0.0
1057,100.14503522225887,102.31105732006138,102.31105732006138,100.3031259505917,100.19279808120932,93.81417131757956,108.44972075926506,242.04108571818148,0.0,0.897615424942712,0.22392396427643874,0.009817398466488995,-0.010460340296507652,207.04108571818148,0.0
1058,100.2233234790218,102.31105732006138,102.31105732006138,100.3031259505917,100.19279808120932,93.81417131757956,108.44972075926506,242.04108571818148,0.0,0.897615424942712,0.22392396427643874,0.009817398466488995,-0.010460340296507652,207.04108571818148,0.0
1059,100.24060189579198,102.31105732006138,102.31105732006138,100.85649443541904,100.19279808120932,93.81417131757956,108.44972075926506,242.04108571818148,0.0,0.897615424942712,0.22392396427643874,0.009817398466488995,-0.010460340296507652,207.04108571818148,0.0
1060,100.07912928705542,102.31105732006138,102.31105732006138,100.38027009734746,100.19279808120932,93.81417131757956,108.44972075926506,242.04108571818148,0.0,0.897615424942712,0.22392396427643874,0.009817398466488995,-0.010460340296507652,207.04108571818148,0.0
1061,99.9693100718998,102.31105732006138,102.31105732006138,100.27012043319941,100.19279808120932,93.81417131757956,108.44972075926506,242.04108571818148,0.0,0.897615424942712,0.22392396427643874,0.009817398466488995,-0.010460340296507652,207.04108571818148,0.0
1062,99.8900425485655,102.27461466521918,102.27461466521918,100.09944712910868,100.33316623330268,99.79914878772135,102.27461466521918,242.04108571818148,0.0,0.8302506353917395,0.30153156784879487,0.010378265691119515,-0.009582299471948177,189.8270101795585,0.0
1063,99.92722043920193,102.27461466521918,102.27461466521918,100.1981874871436,100.33316623330268,99.79914878772135,102.27461466521918,242.04108571818148,0.0,0.8302506353917395,0.30153156784879487,0.010378265691119515,-0.009582299471948177,189.8270101795585,0.0
1064,99.98734435074202,102.27461466521918,102.27461466521918,100.1981874871436,100.33316623330268,99.79914878772135,102.27461466521918,242.04108571818148,0.0,0.8302506353917395,0.30153156784879487,0.010378265691119515,-0.009582299471948177,189.8270101795585,0.0
1065,99.90142410096306,102.27461466521918,102.27461466521918,100.27320770198256,100.33316623330268,99.79914878772135,102.27461466521918,242.04108571818148,0.0,0.8302506353917395,0.30153156784879487,0.010378265691119515,-0.009582299471948177,189.8270101795585,0.0
1066,99.69103214705541,102.16381624762418,102.16381624762418,99.99100516254303,100.35398029344013,95.7409478001384,106.60976019882605,239.04108571818148,0.0,0.7838305845604003,0.2713784110639154,0.010827999433024302,-0.008936676109929374,177.1503865710522,0.0
1067,99.65874917328826,102.0993429523321,102.0993429523321,99.95862504843356,100.23911776776791,99.65874917328826,102.0993429523321,239.04108571818148,0.0,0.8011241377955683,0.3442405699575239,0.011281586294980148,-0.009193631195689904,182.19756668098051,0.0
1068,99.65807449618146,102.09865175271459,102.09865175271459,99.95794834120507,100.25803634777758,97.43528801152374,104.42923726813005,236.04108571818148,0.0,0.8170342067719228,0.3098165129617715,0.011696228749789577,-0.009095896074474863,180.27813035132235,0.0
1069,99.69602988688034,101.92933684327288,101.92933684327288,99.82285427258857,100.2763907818996,95.1824690882657,106.90091261037067,236.04108571818148,0.0,0.831671470230169,0.27883486166559435,0.011975425980026044,-0.00817457586778819,162.16588006599753,0.0
1070,99.74931276570487,101.80436927952631,101.80436927952631,99.70046930187247,100.28053003672963,93.43728582032888,107.9126314362979,239.04108571818148,0.0,0.8451377526117554,0.2509513754990349,0.012161788296183362,-0.007540589365917572,149.68308861210477,0.0
1071,99.66880363443877,101.80436927952631,101.80436927952631,99.70046930187247,100.28053003672963,93.43728582032888,107.9126314362979,239.04108571818148,0.0,0.8451377526117554,0.2509513754990349,0.012161788296183362,-0.007540589365917572,149.68308861210477,0.0
1072,99.66871524690211,101.50753113254115,101.50753113254113,99.37922175274988,100.27529842798464,93.13621904224216,107.5979830004936,241.04108571818148,0.0,0.817526732402815,0.22585623794913143,0.012164897378342442,-0.0061067272534549005,121.39322972475219,0.0
1073,99.74588396649078,101.40994703493143,101.40994703493143,99.26334068338927,100.26680834009366,93.0805710990518,107.49454385702732,238.0410857181815,0.0,1.06705718317226,0.1544856667572059,0.011759385727836991,-0.005668172778325713,112.72451354737534,0.0
1074,99.63586633571299,101.40994703493143,101.40994703493143,99.33695873670584,100.26680834009366,93.0805710990518,107.49454385702732,238.0410857181815,0.0,1.06705718317226,0.1544856667572059,0.011759385727836991,-0.005668172778325713,112.72451354737534,0.0
1075,99.60033457635737,101.40994703493143,101.40994703493143,99.38499661749657,100.26680834009366,93.0805710990518,107.49454385702732,238.0410857181815,0.0,1.06705718317226,0.1544856667572059,0.011759385727836991,-0.005668172778325713,112.72451354737534,0.0
1076,99.68984881246449,101.40994703493143,101.40994703493143,99.42459730114253,100.26680834009366,93.0805710990518,107.49454385702732,238.0410857181815,0.0,1.06705718317226,0.1544856667572059,0.011759385727836991,-0.005668172778325713,112.72451354737534,0.0
1077,99.81440816566193,101.40994703493143,101.40994703493143,99.51496494116498,100.26680834009366,93.0805710990518,107.49454385702732,238.0410857181815,0.0,1.06705718317226,0.1544856667572059,0.011759385727836991,-0.005668172778325713,112.72451354737534,0.0
1078,99.80105729637836,101.40994703493143,101.40994703493143,99.51496494116498,100.26680834009366,93.0805710990518,107.49454385702732,238.0410857181815,0.0,1.06705718317226,0.1544856667572059,0.011759385727836991,-0.005668172778325713,112.72451354737534,0.0
1079,99.89931737901053,100.32836633499704,100.32836633499703,98.23484354054729,100.22700381362074,92.06373066933007,106.34806831509685,238.0410857181815,0.0,0.9950259418518125,0.13903710008148532,0.011114471688660036,-0.0005054091610769919,10.103077033850605,0.0
1080,99.90517977318336,100.32836633499704,100.32836633499703,99.6054642338638,100.22700381362074,92.06373066933007,106.34806831509685,238.0410857181815,0.0,0.9950259418518125,0.13903710008148532,0.011114471688660036,-0.0005054091610769919,10.103077033850605,0.0
1081,100.05085216726081,100.32836633499704,100.32836633499703,99.75069961075901,100.22700381362074,92.06373066933007,106.34806831509685,238.0410857181815,0.0,0.9950259418518125,0.13903710008148532,0.011114471688660036,-0.0005054091610769919,10.103077033850605,0.0
1082,100.16070649849702,100.32836633499704,100.32836633499703,99.86022437900151,100.22700381362074,92.06373066933007,106.34806831509685,238.0410857181815,0.0,0.9950259418518125,0.13903710008148532,0.011114471688660036,-0.0005054091610769919,10.103077033850605,0.0
1083,100.13714407740248,100.89415804907347,100.89415804907347,100.59147557492626,100.07599529955056,98.221685523006,100.61677823628918,238.0410857181815,0.0,1.2174518803808314,0.13003704610635936,0.009960850454002471,-0.0040710659562648525,81.09119153608124,0.0
1084,100.20417732832966,100.89415804907347,100.89415804907347,100.50569441156433,100.07599529955056,98.221685523006,100.61677823628918,238.0410857181815,0.0,1.2174518803808314,0.13003704610635936,0.009960850454002471,-0.0040710659562648525,81.09119153608124,0.0
1085,100.17232231759093,100.89415804907347,100.89415804907347,100.47374354823565,100.07599529955056,98.221685523006,100.61677823628918,238.0410857181815,0.0,1.2174518803808314,0.13003704610635936,0.009960850454002471,-0.0040710659562648525,81.09119153608124,0.0
1086,100.27192160515541,100.89415804907347,100.89415804907347,100.53365195102053,100.07599529955056,98.221685523006,100.61677823628918,238.0410857181815,0.0,1.2174518803808314,0.13003704610635936,0.009960850454002471,-0.0040710659562648525,81.09119153608124,0.0
1087,100.27939543262217,100.96850511459836,100.96850511459836,100.66559959925459,100.05601163718939,94.38511472479432,104.70665400024883,238.0410857181815,0.0,1.1400557299503649,0.11703334149572342,0.009907908953369064,-0.004539214878629273,90.37407024827249,0.0
1088,100.22286333086706,100.96850511459836,100.96850511459836,100.50002426715054,100.05601163718939,94.38511472479432,104.70665400024883,238.0410857181815,0.0,1.1400557299503649,0.11703334149572342,0.009907908953369064,-0.004539214878629273,90.37407024827249,0.0
1089,100.36719500501471,100.96850511459836,100.96850511459836,100.50002426715054,100.05601163718939,94.38511472479432,104.70665400024883,238.0410857181815,0.0,1.1400557299503649,0.11703334149572342,0.009907908953369064,-0.004539214878629273,90.37407024827249,0.0
1090,100.46195711340175,100.96850511459836,100.96850511459836,100.50002426715054,100.05601163718939,94.38511472479432,104.70665400024883,238.0410857181815,0.0,1.1400557299503649,0.11703334149572342,0.009907908953369064,-0.004539214878629273,90.37407024827249,0.0
1091,100.48153985513196,100.96850511459836,100.96850511459836,100.50002426715054,100.05601163718939,94.38511472479432,104.70665400024883,238.0410857181815,0.0,1.1400557299503649,0.11703334149572342,0.009907908953369064,-0.004539214878629273,90.37407024827249,0.0
1092,100.5206836445648,101.71204407513049,101.71204407513048,101.40690794290511,100.06371523017376,93.33342676281025,107.81476671963831,238.0410857181815,0.0,1.0648512715543357,0.10533000734615108,0.010293749704094654,-0.008169112338527544,162.05837371031205,0.0
1093,100.45824250942903,101.71204407513049,101.71204407513048,100.69950893935768,100.06371523017376,93.33342676281025,107.81476671963831,238.0410857181815,0.0,1.0648512715543357,0.10533000734615108,0.010293749704094654,-0.008169112338527544,162.05837371031205,0.0
1094,100.45169385958964,101.71204407513049,101.71204407513048,100.7667335161641,100.06371523017376,93.33342676281025,107.81476671963831,238.0410857181815,0.0,1.0648512715543357,0.10533000734615108,0.010293749704094654,-0.008169112338527544,162.05837371031205,0.0
1095,100.51726879791444,101.71204407513049,101.71204407513048,100.7667335161641,100.06371523017376,93.33342676281025,107.81476671963831,238.0410857181815,0.0,1.0648512715543357,0.10533000734615108,0.010293749704094654,-0.008169112338527544,162.05837371031205,0.0
1096,100.4963360200846,101.73773649579601,101.737736495796,101.43252328630862,100.07194652741155,93.3570027481751,107.84200068554377,238.0410857181815,0.0,0.9996631698299889,0.09479700661153598,0.010666658640722994,-0.008254261854189097,163.73373595286122,0.0
1097,100.54819672328637,101.73773649579601,101.737736495796,100.85074897019696,100.07194652741155,93.3570027481751,107.84200068554377,238.0410857181815,0.0,0.9996631698299889,0.09479700661153598,0.010666658640722994,-0.008254261854189097,163.73373595286122,0.0
1098,100.56699289921123,101.73773649579601,101.737736495796,101.19429510238805,100.07194652741155,93.3570027481751,107.84200068554377,238.0410857181815,0.0,0.9996631698299889,0.09479700661153598,0.010666658640722994,-0.008254261854189097,163.73373595286122,0.0
1099,100.54436756592497,101.73773649579601,101.737736495796,100.84690829079739,100.07194652741155,93.3570027481751,107.84200068554377,238.0410857181815,0.0,0.9996631698299889,0.09479700661153598,0.010666658640722994,-0.008254261854189097,163.73373595286122,0.0
1100,100.59286771064801,101.73773649579601,101.737736495796,101.1173272552974,100.07194652741155,93.3570027481751,107.84200068554377,238.0410857181815,0.0,0.9996631698299889,0.09479700661153598,0.010666658640722994,-0.008254261854189097,163.73373595286122,0.0
1101,100.40369504222281,101.73773649579601,101.737736495796,101.26047024743323,100.07194652741155,93.3570027481751,107.84200068554377,238.0410857181815,0.0,0.9996631698299889,0.09479700661153598,0.010666658640722994,-0.008254261854189097,163.73373595286122,0.0
1102,100.39867464352523,101.73773649579601,101.737736495796,100.74525535962972,100.07194652741155,93.3570027481751,107.84200068554377,238.0410857181815,0.0,0.9996631698299889,0.09479700661153598,0.010666658640722994,-0.008254261854189097,163.73373595286122,0.0
1103,100.42834196080115,101.73773649579601,101.737736495796,100.63118221325118,100.07194652741155,93.3570027481751,107.84200068554377,238.0410857181815,0.0,0.9996631698299889,0.09479700661153598,0.010666658640722994,-0.008254261854189097,163.73373595286122,0.0
1104,100.66069551151595,101.73773649579601,101.737736495796,100.3924487959691,100.07194652741155,93.3570027481751,107.84200068554377,238.0410857181815,0.0,0.9996631698299889,0.09479700661153598,0.010666658640722994,-0.008254261854189097,163.73373595286122,0.0
1105,100.74640088276503,101.73773649579601,101.737736495796,100.44416168011672,100.07194652741155,93.3570027481751,107.84200068554377,238.0410857181815,0.0,0.9996631698299889,0.09479700661153598,0.010666658640722994,-0.008254261854189097,163.73373595286122,0.0
1106,100.76048188373348,101.5837313409891,101.5837313409891,99.46401321064975,100.0753833229187,93.21568390075672,107.67875522144845,238.0410857181815,0.0,0.9276901162435899,0.08531730595038238,0.01092423887220668,-0.0074796917589580285,148.48322641420663,0.0
1107,100.872206084756,101.5837313409891,101.5837313409891,100.69556896862072,100.0753833229187,93.21568390075672,107.67875522144845,238.0410857181815,0.0,0.9276901162435899,0.08531730595038238,0.01092423887220668,-0.0074796917589580285,148.48322641420663,0.0
1108,100.91918662884837,101.5837313409891,101.5837313409891,100.66377938816538,100.0753833229187,93.21568390075672,107.67875522144845,238.0410857181815,0.0,0.9276901162435899,0.08531730595038238,0.01092423887220668,-0.0074796917589580285,148.48322641420663,0.0
1109,100.9737343376289,101.5837313409891,101.5837313409891,100.63575738076096,100.0753833229187,93.21568390075672,107.67875522144845,238.0410857181815,0.0,0.9276901162435899,0.08531730595038238,0.01092423887220668,-0.0074796917589580285,148.48322641420663,0.0
1110,101.00087476903086,101.5837313409891,101.5837313409891,100.69787214472376,100.0753833229187,93.21568390075672,107.67875522144845,238.0410857181815,0.0,0.9276901162435899,0.08531730595038238,0.01092423887220668,-0.0074796917589580285,148.48322641420663,0.0
1111,101.01967585366002,101.5837313409891,101.5837313409891,100.71661682609903,100.0753833229187,93.21568390075672,107.67875522144845,238.0410857181815,0.0,0.9276901162435899,0.08531730595038238,0.01092423887220668,-0.0074796917589580285,148.48322641420663,0.0
1112,101.02129754876562,101.5837313409891,101.5837313409891,100.7851352471093,100.0753833229187,93.21568390075672,107.67875522144845,238.0410857181815,0.0,0.9276901162435899,0.08531730595038238,0.01092423887220668,-0.0074796917589580285,148.48322641420663,0.0
1113,101.2172536082694,101.5837313409891,101.5837313409891,100.9136018474446,100.0753833229187,93.21568390075672,107.67875522144845,238.0410857181815,0.0,0.9276901162435899,0.08531730595038238,0.01092423887220668,-0.0074796917589580285,148.48322641420663,0.0
1114,101.07798250038452,101.5837313409891,101.5837313409891,101.12070963561193,100.0753833229187,93.21568390075672,107.67875522144845,238.0410857181815,0.0,0.9276901162435899,0.08531730595038238,0.01092423887220668,-0.0074796917589580285,148.48322641420663,0.0
1115,101.01910233704106,101.5837313409891,101.5837313409891,101.12070963561193,100.0753833229187,93.21568390075672,107.67875522144845,238.0410857181815,0.0,0.9276901162435899,0.08531730595038238,0.01092423887220668,-0.0074796917589580285,148.48322641420663,0.0
1116,101.06457717626886,101.5837313409891,101.5837313409891,101.12070963561193,100.0753833229187,93.21568390075672,107.67875522144845,238.0410857181815,0.0,0.9276901162435899,0.08531730595038238,0.01092423887220668,-0.0074796917589580285,148.48322641420663,0.0
1117,101.13267334610595,101.5837313409891,101.5837313409891,100.81977910400724,100.0753833229187,93.21568390075672,107.67875522144845,238.0410857181815,0.0,0.9276901162435899,0.08531730595038238,0.01092423887220668,-0.0074796917589580285,148.48322641420663,0.0
1118,101.22200170847871,101.5837313409891,101.5837313409891,100.45642497910902,100.0753833229187,93.21568390075672,107.67875522144845,238.0410857181815,0.0,0.9276901162435899,0.08531730595038238,0.01092423887220668,-0.0074796917589580285,148.48322641420663,0.0
1119,101.32886626697909,101.88445584311599,101.88445584311599,101.42358799679366,100.08759246432092,93.49163596277909,107.99752319370295,238.0410857181815,0.0,0.859628753097949,0.07678557535534414,0.011336404026621342,-0.00889659432507185,176.36285770244675,0.0
1120,101.3625859114098,102.09035796608954,102.09035796608954,101.78408689219127,100.10549965543504,93.68057672087322,108.21577944405492,238.0410857181815,0.0,0.870858452850113,0.06910701781980973,0.01183423921268623,-0.009816513226348198,194.42172113000032,0.0
1121,101.32611206952518,102.09035796608954,102.09035796608954,101.2424654266778,100.10549965543504,93.68057672087322,108.21577944405492,238.0410857181815,0.0,0.870858452850113,0.06910701781980973,0.01183423921268623,-0.009816513226348198,194.42172113000032,0.0
1122,101.40042650282271,102.09035796608954,102.09035796608954,101.40934697858184,100.10549965543504,93.68057672087322,108.21577944405492,238.0410857181815,0.0,0.870858452850113,0.06910701781980973,0.01183423921268623,-0.009816513226348198,194.42172113000032,0.0
1123,101.21222353692468,102.09035796608954,102.09035796608954,101.40934697858184,100.10549965543504,93.68057672087322,108.21577944405492,238.0410857181815,0.0,0.870858452850113,0.06910701781980973,0.01183423921268623,-0.009816513226348198,194.42172113000032,0.0
1124,101.28902758365754,102.09035796608954,102.09035796608954,101.40934697858184,100.10549965543504,93.68057672087322,108.21577944405492,238.0410857181815,0.0,0.870858452850113,0.06910701781980973,0.01183423921268623,-0.009816513226348198,194.42172113000032,0.0
1125,101.36085475378088,102.09035796608954,102.09035796608954,101.446912004025,100.10549965543504,93.68057672087322,108.21577944405492,238.0410857181815,0.0,0.870858452850113,0.06910701781980973,0.01183423921268623,-0.009816513226348198,194.42172113000032,0.0
1126,101.44188322182366,102.09035796608954,102.09035796608954,101.446912004025,100.10549965543504,93.68057672087322,108.21577944405492,238.0410857181815,0.0,0.870858452850113,0.06910701781980973,0.01183423921268623,-0.009816513226348198,194.42172113000032,0.0
1127,101.47753095136453,102.09035796608954,102.09035796608954,101.47374056781548,100.10549965543504,93.68057672087322,108.21577944405492,238.0410857181815,0.0,0.870858452850113,0.06910701781980973,0.01183423921268623,-0.009816513226348198,194.42172113000032,0.0
1128,101.49538954318359,102.09035796608954,102.09035796608954,101.47374056781548,100.10549965543504,93.68057672087322,108.21577944405492,238.0410857181815,0.0,0.870858452850113,0.06910701781980973,0.01183423921268623,-0.009816513226348198,194.42172113000032,0.0
1129,101.45569176161743,102.09035796608954,102.09035796608954,101.54129271733154,100.10549965543504,93.68057672087322,108.21577944405492,238.0410857181815,0.0,0.870858452850113,0.06910701781980973,0.01183423921268623,-0.009816513226348198,194.42172113000032,0.0
1130,101.51795033837962,102.2226279239391,102.22262792393909,101.91596004016726,100.13207144362855,93.79721263620657,108.35051224492757,239.54960944471412,0.0,0.8511680257652411,0.04726920018874985,0.012242246981460361,-0.01033114865552563,204.5101483661782,0.0
1131,101.63319334231478,102.2226279239391,102.22262792393909,101.91596004016726,100.13207144362855,93.79721263620657,108.35051224492757,239.54960944471412,0.0,0.8511680257652411,0.04726920018874985,0.012242246981460361,-0.01033114865552563,204.5101483661782,0.0
1132,101.55131169808399,102.2226279239391,102.22262792393909,101.85688234511936,100.13207144362855,93.79721263620657,108.35051224492757,239.54960944471412,0.0,0.8511680257652411,0.04726920018874985,0.012242246981460361,-0.01033114865552563,204.5101483661782,0.0
1133,101.61811280448282,102.2226279239391,102.22262792393909,101.85688234511936,100.13207144362855,93.79721263620657,108.35051224492757,239.54960944471412,0.0,0.8511680257652411,0.04726920018874985,0.012242246981460361,-0.01033114865552563,204.5101483661782,0.0
1134,101.57249052381029,102.2226279239391,102.22262792393909,101.56737897750563,100.13207144362855,93.79721263620657,108.35051224492757,239.54960944471412,0.0,0.8511680257652411,0.04726920018874985,0.012242246981460361,-0.01033114865552563,204.5101483661782,0.0
1135,101.51743290233196,102.2226279239391,102.22262792393909,101.5639692497823,100.13207144362855,93.79721263620657,108.35051224492757,239.54960944471412,0.0,0.8511680257652411,0.04726920018874985,0.012242246981460361,-0.01033114865552563,204.5101483661782,0.0
1136,101.53360013724657,102.2226279239391,102.22262792393909,101.47318200651333,100.13207144362855,93.79721263620657,108.35051224492757,239.54960944471412,0.0,0.8511680257652411,0.04726920018874985,0.012242246981460361,-0.01033114865552563,204.5101483661782,0.0
1137,101.42761478359881,102.2226279239391,102.22262792393909,101.41102190111752,100.13207144362855,93.79721263620657,108.35051224492757,239.54960944471412,0.0,0.8511680257652411,0.04726920018874985,0.012242246981460361,-0.01033114865552563,204.5101483661782,0.0
1138,101.41971733625373,102.2226279239391,102.22262792393909,101.41102190111752,100.13207144362855,93.79721263620657,108.35051224492757,239.54960944471412,0.0,0.8511680257652411,0.04726920018874985,0.012242246981460361,-0.01033114865552563,204.5101483661782,0.0
1139,101.31966990013697,102.2226279239391,102.22262792393909,101.41102190111752,100.13207144362855,93.79721263620657,108.35051224492757,239.54960944471412,0.0,0.8511680257652411,0.04726920018874985,0.012242246981460361,-0.01033114865552563,204.5101483661782,0.0
1140,101.21599859517295,102.2226279239391,102.22262792393909,101.11000060245209,100.13207144362855,93.79721263620657,108.35051224492757,239.54960944471412,0.0,0.8511680257652411,0.04726920018874985,0.012242246981460361,-0.01033114865552563,204.5101483661782,0.0
1141,101.27112953288501,102.2226279239391,102.22262792393909,101.11000060245209,100.13207144362855,93.79721263620657,108.35051224492757,239.54960944471412,0.0,0.8511680257652411,0.04726920018874985,0.012242246981460361,-0.01033114865552563,204.5101483661782,0.0
1142,101.08789823123176,102.2226279239391,102.22262792393909,100.45779101721689,100.13207144362855,93.79721263620657,108.35051224492757,239.54960944471412,0.0,0.8511680257652411,0.04726920018874985,0.012242246981460361,-0.01033114865552563,204.5101483661782,0.0
1143,101.0950985738589,102.2226279239391,102.22262792393909,100.56687254821799,100.13207144362855,93.79721263620657,108.35051224492757,239.54960944471412,0.0,0.8511680257652411,0.04726920018874985,0.012242246981460361,-0.01033114865552563,204.5101483661782,0.0
1144,101.09371929188141,102.2226279239391,102.22262792393909,100.79043813400577,100.13207144362855,93.79721263620657,108.35051224492757,239.54960944471412,0.0,0.8511680257652411,0.04726920018874985,0.012242246981460361,-0.01033114865552563,204.5101483661782,0.0
1145,100.97321329311413,102.2226279239391,102.22262792393909,100.79043813400577,100.13207144362855,93.79721263620657,108.35051224492757,239.54960944471412,0.0,0.8511680257652411,0.04726920018874985,0.012242246981460361,-0.01033114865552563,204.5101483661782,0.0
1146,101.13325053746485,102.2226279239391,102.22262792393909,100.82985078585244,100.13207144362855,93.79721263620657,108.35051224492757,239.54960944471412,0.0,0.8511680257652411,0.04726920018874985,0.012242246981460361,-0.01033114865552563,204.5101483661782,0.0
1147,101.03194800480985,102.2226279239391,102.22262792393909,100.84444061055996,100.13207144362855,93.79721263620657,108.35051224492757,239.54960944471412,0.0,0.8511680257652411,0.04726920018874985,0.012242246981460361,-0.01033114865552563,204.5101483661782,0.0
1148,101.13737926285653,102.2226279239391,102.22262792393909,100.63723595916952,100.13207144362855,93.79721263620657,108.35051224492757,239.54960944471412,0.0,0.8511680257652411,0.04726920018874985,0.012242246981460361,-0.01033114865552563,204.5101483661782,0.0
1149,101.07695890060599,102.2226279239391,102.22262792393909,100.95504028337552,100.13207144362855,93.79721263620657,108.35051224492757,239.54960944471412,0.0,0.8511680257652411,0.04726920018874985,0.012242246981460361,-0.01033114865552563,204.5101483661782,0.0
1150,101.13767679412506,102.2226279239391,102.22262792393909,100.95504028337552,100.13207144362855,93.79721263620657,108.35051224492757,239.54960944471412,0.0,0.8511680257652411,0.04726920018874985,0.012242246981460361,-0.01033114865552563,204.5101483661782,0.0
1151,101.2423954030259,102.2226279239391,102.22262792393909,101.5431085613748,100.13207144362855,93.79721263620657,108.35051224492757,239.54960944471412,0.0,0.8511680257652411,0.04726920018874985,0.012242246981460361,-0.01033114865552563,204.5101483661782,0.0
1152,101.24711167248134,102.24516204180853,102.24516204180854,101.9384265556831,100.152971974253,93.80813018763571,108.37987176431706,239.6248473546386,0.0,0.7867109473403855,0.042542280169874866,0.012748196677039058,-0.010337002748204654,204.6248473546386,0.0
1153,101.26658808725918,102.24516204180853,102.24516204180854,101.65776384327842,100.152971974253,93.80813018763571,108.37987176431706,239.6248473546386,0.0,0.7867109473403855,0.042542280169874866,0.012748196677039058,-0.010337002748204654,204.6248473546386,0.0
1154,101.19010720069785,102.24516204180853,102.24516204180854,101.49459097361871,100.152971974253,93.80813018763571,108.37987176431706,239.6248473546386,0.0,0.7867109473403855,0.042542280169874866,0.012748196677039058,-0.010337002748204654,204.6248473546386,0.0
1155,101.05282272097047,102.24516204180853,102.24516204180854,101.35689340117399,100.152971974253,93.80813018763571,108.37987176431706,239.6248473546386,0.0,0.7867109473403855,0.042542280169874866,0.012748196677039058,-0.010337002748204654,204.6248473546386,0.0
1156,101.12746235083571,102.24516204180853,102.24516204180854,101.35689340117399,100.152971974253,93.80813018763571,108.37987176431706,239.6248473546386,0.0,0.7867109473403855,0.042542280169874866,0.012748196677039058,-0.010337002748204654,204.6248473546386,0.0
1157,101.11448764236394,102.24516204180853,102.24516204180854,101.35689340117399,100.152971974253,93.80813018763571,108.37987176431706,239.6248473546386,0.0,0.7867109473403855,0.042542280169874866,0.012748196677039058,-0.010337002748204654,204.6248473546386,0.0
1158,101.02364851060877,102.24516204180853,102.24516204180854,101.23008026485708,100.152971974253,93.80813018763571,108.37987176431706,239.6248473546386,0.0,0.7867109473403855,0.042542280169874866,0.012748196677039058,-0.010337002748204654,204.6248473546386,0.0
1159,101.00630791972365,102.24516204180853,102.24516204180854,100.88861454904988,100.152971974253,93.80813018763571,108.37987176431706,239.6248473546386,0.0,0.7867109473403855,0.042542280169874866,0.012748196677039058,-0.010337002748204654,204.6248473546386,0.0
1160,100.77781651470015,102.24516204180853,102.24516204180854,101.31773154344226,100.152971974253,93.80813018763571,108.37987176431706,239.6248473546386,0.0,0.7867109473403855,0.042542280169874866,0.012748196677039058,-0.010337002748204654,204.6248473546386,0.0
1161,100.75535917800795,102.24516204180853,102.24516204180854,101.05853478235503,100.152971974253,93.80813018763571,108.37987176431706,239.6248473546386,0.0,0.7867109473403855,0.042542280169874866,0.012748196677039058,-0.010337002748204654,204.6248473546386,0.0
1162,100.91046563199983,102.24516204180853,102.24516204180854,101.05853478235503,100.152971974253,93.80813018763571,108.37987176431706,239.6248473546386,0.0,0.7867109473403855,0.042542280169874866,0.012748196677039058,-0.010337002748204654,204.6248473546386,0.0
1163,100.86964058099636,102.1861715990569,102.1861715990569,100.03764997185455,100.29328433074883,99.73753702193902,102.1861715990569,239.6248473546386,0.0,0.731046798825882,0.1382880521528874,0.013105162344233192,-0.00934853987835827,185.2390826162964,0.0
1164,100.87430880890842,102.1861715990569,102.1861715990569,100.57168588248169,100.29328433074883,99.73753702193902,102.1861715990569,239.6248473546386,0.0,0.731046798825882,0.1382880521528874,0.013105162344233192,-0.00934853987835827,185.2390826162964,0.0
1165,100.64671937104454,102.1861715990569,102.1861715990569,100.75083546880472,100.29328433074883,99.73753702193902,102.1861715990569,239.6248473546386,0.0,0.731046798825882,0.1382880521528874,0.013105162344233192,-0.00934853987835827,185.2390826162964,0.0
1166,100.63842059137927,102.1861715990569,102.1861715990569,100.75083546880472,100.29328433074883,99.73753702193902,102.1861715990569,239.6248473546386,0.0,0.731046798825882,0.1382880521528874,0.013105162344233192,-0.00934853987835827,185.2390826162964,0.0
1167,100.7661690533177,102.1861715990569,102.1861715990569,100.75083546880472,100.29328433074883,99.73753702193902,102.1861715990569,239.6248473546386,0.0,0.731046798825882,0.1382880521528874,0.013105162344233192,-0.00934853987835827,185.2390826162964,0.0
1168,100.80964625829922,102.1861715990569,102.1861715990569,100.42987998613853,100.29328433074883,99.73753702193902,102.1861715990569,239.6248473546386,0.0,0.731046798825882,0.1382880521528874,0.013105162344233192,-0.00934853987835827,185.2390826162964,0.0
1169,100.76842833924823,102.1861715990569,102.1861715990569,100.4661230542305,100.29328433074883,99.73753702193902,102.1861715990569,239.6248473546386,0.0,0.731046798825882,0.1382880521528874,0.013105162344233192,-0.00934853987835827,185.2390826162964,0.0
1170,100.79836572091186,102.1861715990569,102.1861715990569,100.49597062374914,100.29328433074883,99.73753702193902,102.1861715990569,239.6248473546386,0.0,0.731046798825882,0.1382880521528874,0.013105162344233192,-0.00934853987835827,185.2390826162964,0.0
1171,100.83971031180863,102.1861715990569,102.1861715990569,100.53719118087322,100.29328433074883,99.73753702193902,102.1861715990569,239.6248473546386,0.0,0.731046798825882,0.1382880521528874,0.013105162344233192,-0.00934853987835827,185.2390826162964,0.0
1172,100.8814178732488,102.1861715990569,102.1861715990569,100.57877361962905,100.29328433074883,99.73753702193902,102.1861715990569,239.6248473546386,0.0,0.731046798825882,0.1382880521528874,0.013105162344233192,-0.00934853987835827,185.2390826162964,0.0
1173,101.03439757860053,102.1861715990569,102.1861715990569,100.73129438586471,100.29328433074883,99.73753702193902,102.1861715990569,239.6248473546386,0.0,0.731046798825882,0.1382880521528874,0.013105162344233192,-0.00934853987835827,185.2390826162964,0.0
1174,101.06200963244689,102.1861715990569,102.1861715990569,100.5615345898538,100.29328433074883,99.73753702193902,102.1861715990569,239.6248473546386,0.0,0.731046798825882,0.1382880521528874,0.013105162344233192,-0.00934853987835827,185.2390826162964,0.0
1175,101.01073365782932,102.1861715990569,102.1861715990569,100.70770145685584,100.29328433074883,99.73753702193902,102.1861715990569,239.6248473546386,0.0,0.731046798825882,0.1382880521528874,0.013105162344233192,-0.00934853987835827,185.2390826162964,0.0
1176,101.04659751216455,102.1861715990569,102.1861715990569,100.32224010979253,100.29328433074883,99.73753702193902,102.1861715990569,239.6248473546386,0.0,0.731046798825882,0.1382880521528874,0.013105162344233192,-0.00934853987835827,185.2390826162964,0.0
1177,101.09531860658986,102.1861715990569,102.1861715990569,100.72996635213661,100.29328433074883,99.73753702193902,102.1861715990569,239.6248473546386,0.0,0.731046798825882,0.1382880521528874,0.013105162344233192,-0.00934853987835827,185.2390826162964,0.0
1178,101.02130238460174,102.1861715990569,102.1861715990569,100.70312417094232,100.29328433074883,99.73753702193902,102.1861715990569,239.6248473546386,0.0,0.731046798825882,0.1382880521528874,0.013105162344233192,-0.00934853987835827,185.2390826162964,0.0
1179,100.85002673195244,102.1861715990569,102.1861715990569,100.70312417094232,100.29328433074883,99.73753702193902,102.1861715990569,239.6248473546386,0.0,0.731046798825882,0.1382880521528874,0.013105162344233192,-0.00934853987835827,185.2390826162964,0.0
1180,100.89344996936678,102.1861715990569,102.1861715990569,100.0424080715543,100.29328433074883,99.73753702193902,102.1861715990569,239.6248473546386,0.0,0.731046798825882,0.1382880521528874,0.013105162344233192,-0.00934853987835827,185.2390826162964,0.0
1181,101.06261509554618,100.31419098510355,100.31419098510355,98.20502880127646,100.2451773194512,92.14043033264994,106.33304244420977,239.6248473546386,0.0,0.7382880717263419,0.09458902767257499,0.011697506706050288,-0.0003441059185405696,6.879751007771162,0.0
1182,100.98842873189322,101.04577257750519,101.0457725775052,100.74263525977273,100.22076272256693,92.73549181472842,107.0477344558068,236.6248473546386,0.0,1.010195520270823,0.06469889492804129,0.011009561125024138,-0.004099091057081338,81.64714207172463,0.0
1183,100.7861587501754,101.1472590443923,101.1472590443923,100.84381726725917,100.20700947539748,92.82863175694713,107.21609458705585,236.6248473546386,0.0,1.0093798786491572,0.05822900543523716,0.010909346913626139,-0.004669628192671781,92.95848230372216,0.0
1184,100.89560006952973,101.25430144617289,101.2543014461729,100.86777971572974,100.19684999441564,92.92687069877462,107.32955953294328,236.6248473546386,0.0,1.0086294883572247,0.05240610489171344,0.01088469235049577,-0.005249170551745988,104.43521279137057,0.0
1185,101.00114166281226,101.25430144617289,101.2543014461729,100.86777971572974,100.19684999441564,92.92687069877462,107.32955953294328,236.6248473546386,0.0,1.0086294883572247,0.05240610489171344,0.01088469235049577,-0.005249170551745988,104.43521279137057,0.0
1186,100.75494966011841,101.25430144617289,101.2543014461729,100.86777971572974,100.19684999441564,92.92687069877462,107.32955953294328,236.6248473546386,0.0,1.0086294883572247,0.05240610489171344,0.01088469235049577,-0.005249170551745988,104.43521279137057,0.0
1187,100.72846807573559,101.25430144617289,101.2543014461729,100.7813797754087,100.19684999441564,92.92687069877462,107.32955953294328,236.6248473546386,0.0,1.0086294883572247,0.05240610489171344,0.01088469235049577,-0.005249170551745988,104.43521279137057,0.0
1188,100.85194425723353,101.25430144617289,101.2543014461729,100.7813797754087,100.19684999441564,92.92687069877462,107.32955953294328,236.6248473546386,0.0,1.0086294883572247,0.05240610489171344,0.01088469235049577,-0.005249170551745988,104.43521279137057,0.0
1189,100.78330255596583,101.25430144617289,101.2543014461729,100.80341992813861,100.19684999441564,92.92687069877462,107.32955953294328,236.6248473546386,0.0,1.0086294883572247,0.05240610489171344,0.01088469235049577,-0.005249170551745988,104.43521279137057,0.0
1190,100.81128733729152,101.25430144617289,101.2543014461729,100.80341992813861,100.19684999441564,92.92687069877462,107.32955953294328,236.6248473546386,0.0,1.0086294883572247,0.05240610489171344,0.01088469235049577,-0.005249170551745988,104.43521279137057,0.0
1191,100.79296687744622,101.57801262543538,101.57801262543539,101.27327858755909,100.18901994772605,93.22395898509363,107.43411202476354,236.6248473546386,0.0,0.9621353779880016,0.03584577574593199,0.010681694397435276,-0.006884140882657231,136.74147010841688,0.0
1192,100.81153807887502,103.40338926162723,103.40338926162724,103.09317909384235,100.24254245483753,94.89921165313103,109.60759261732488,340.6811608749355,0.0,0.9651645477489615,0.032261198171338795,0.011903496678846746,-0.015521286284228494,305.6811608749355,0.0
1193,100.93328262956072,103.40338926162723,103.40338926162724,101.2369936103919,100.24254245483753,94.89921165313103,109.60759261732488,340.6811608749355,0.0,0.9651645477489615,0.032261198171338795,0.011903496678846746,-0.015521286284228494,305.6811608749355,0.0
1194,100.88556154929354,103.40338926162723,103.40338926162724,101.18912893610182,100.24254245483753,94.89921165313103,109.60759261732488,340.6811608749355,0.0,0.9651645477489615,0.032261198171338795,0.011903496678846746,-0.015521286284228494,305.6811608749355,0.0
1195,100.72510629839722,103.40338926162723,103.40338926162724,101.13178295144887,100.24254245483753,94.89921165313103,109.60759261732488,340.6811608749355,0.0,0.9651645477489615,0.032261198171338795,0.011903496678846746,-0.015521286284228494,305.6811608749355,0.0
1196,100.68125616536707,103.40338926162723,103.40338926162724,100.8211361011051,100.24254245483753,94.89921165313103,109.60759261732488,340.6811608749355,0.0,0.9651645477489615,0.032261198171338795,0.011903496678846746,-0.015521286284228494,305.6811608749355,0.0
1197,100.61954854284761,103.40338926162723,103.40338926162724,100.8211361011051,100.24254245483753,94.89921165313103,109.60759261732488,340.6811608749355,0.0,0.9651645477489615,0.032261198171338795,0.011903496678846746,-0.015521286284228494,305.6811608749355,0.0
1198,100.60859362983011,103.40338926162723,103.40338926162724,100.8211361011051,100.24254245483753,94.89921165313103,109.60759261732488,340.6811608749355,0.0,0.9651645477489615,0.032261198171338795,0.011903496678846746,-0.015521286284228494,305.6811608749355,0.0
1199,100.55955743472366,103.40338926162723,103.40338926162724,100.8211361011051,100.24254245483753,94.89921165313103,109.60759261732488,340.6811608749355,0.0,0.9651645477489615,0.032261198171338795,0.011903496678846746,-0.015521286284228494,305.6811608749355,0.0
