step,event_index,event_type,amm,trade_side,amount_x,amount_y,fair_price,edge,submission_spot,internal_price_estimate,bid_fee_bps,ask_fee_bps,probable_arb
0,0,retail,submission,sell,0.009909838001249227,0.9939645118308872,100.0,0.0029807117059644783,100.0198226225385,100.14009804574935,28.999999999999996,28.999999999999996,True
0,1,retail,normalizer,sell,0.004895415583305862,0.49103864051994595,100.0,0.0,100.0198226225385,100.14009804574935,28.999999999999996,28.999999999999996,True
2,0,arb,submission,buy,0.025837314624066528,2.5760855923290364,99.67839436360673,-0.0006635559347496489,99.96830244068471,100.00000000000001,28.999999999999996,28.999999999999996,True
2,1,arb,normalizer,buy,0.0157798406562636,1.5731566499980545,99.67839436360673,0.0,99.96830244068471,100.00000000000001,28.999999999999996,28.999999999999996,True
2,2,retail,submission,buy,0.1482366208509203,14.754184131043075,99.67839436360673,0.02180422126340531,99.67348321488248,99.99974637964928,28.999999999999996,28.999999999999996,False
2,3,retail,normalizer,buy,0.14824405479796662,14.75492404148281,99.67839436360673,0.0,99.67348321488248,99.99974637964928,28.999999999999996,28.999999999999996,False
4,0,retail,submission,buy,0.15195994739453278,15.07964154277397,99.81775621291175,0.08865944038039686,99.37261055780354,99.99880291759135,0.0,97.61998559161208,False
4,1,retail,normalizer,buy,0.1519675680634185,15.080397774643643,99.81775621291175,0.0,99.37261055780354,99.99880291759135,0.0,97.61998559161208,False
5,0,arb,normalizer,sell,0.07848211154235685,7.829349863220717,99.83778655022516,0.0,99.37261055780354,99.99880291759135,0.0,97.61998559161208,False
6,0,arb,normalizer,sell,0.024142505134889802,2.410914984412395,99.88589919778433,0.0,99.37261055780354,99.99880291759135,0.0,97.61998559161208,False
6,1,retail,submission,buy,0.15370351527551931,15.250552577163035,99.88589919778433,0.10226125599259106,99.06879039462903,99.9978877678998,0.0,127.91169983782542,False
6,2,retail,normalizer,buy,0.11087470869810054,10.996340319752562,99.88589919778433,0.0,99.06879039462903,99.9978877678998,0.0,127.91169983782542,False
7,0,arb,normalizer,sell,0.11821809601369182,11.796212647213897,99.90120370558397,0.0,99.06879039462903,99.9978877678998,0.0,127.91169983782542,False
8,0,arb,normalizer,sell,0.07055136445002574,7.053132388028318,100.04203460294946,0.0,99.06879039462903,99.9978877678998,0.0,127.91169983782542,False
9,0,arb,normalizer,sell,0.0017211494826767648,0.17219025592725778,100.0454739906732,0.0,99.06879039462903,99.9978877678998,0.0,127.91169983782542,False
9,1,retail,normalizer,buy,0.10573652585852315,10.50402612490143,100.0454739906732,0.0,99.06879039462903,99.9978877678998,0.0,127.91169983782542,False
10,0,arb,normalizer,sell,0.11529044450753645,11.523292095100684,100.06520297664015,0.0,99.06879039462903,99.9978877678998,0.0,127.91169983782542,False
10,1,retail,normalizer,buy,0.10071589288719321,10.007740697625195,100.06520297664015,0.0,99.06879039462903,99.9978877678998,0.0,127.91169983782542,False
11,0,arb,normalizer,sell,0.02391523749957969,2.3888600463453793,99.91246127540013,0.0,99.06879039462903,99.9978877678998,0.0,127.91169983782542,False
11,1,retail,normalizer,buy,0.04541010917932074,4.507817485458872,99.91246127540013,0.0,99.06879039462903,99.9978877678998,0.0,127.91169983782542,False
12,0,arb,normalizer,sell,0.08544553857232984,8.536640896432187,99.99262688241636,0.0,99.06879039462903,99.9978877678998,0.0,127.91169983782542,False
12,1,retail,normalizer,sell,0.045414688625868394,4.5431941190177705,99.99262688241636,0.0,99.06879039462903,99.9978877678998,0.0,127.91169983782542,False
12,2,retail,normalizer,sell,0.06239276856037179,6.248372944048816,99.99262688241636,0.0,99.06879039462903,99.9978877678998,0.0,127.91169983782542,False
12,3,retail,normalizer,buy,0.08835793200723263,8.793404814940004,99.99262688241636,0.0,99.06879039462903,99.9978877678998,0.0,127.91169983782542,False
12,4,retail,normalizer,sell,0.04331789778719042,4.335051466127516,99.99262688241636,0.0,99.06879039462903,99.9978877678998,0.0,127.91169983782542,False
15,0,retail,submission,sell,0.04065801629985799,4.0817819592118045,100.05654516501023,0.013681314985340975,99.14902194072656,100.12385687195554,0.0,127.91169983782542,True
15,1,retail,normalizer,sell,0.157125122639016,15.755882444929581,100.05654516501023,0.0,99.14902194072656,100.12385687195554,0.0,127.91169983782542,True
17,0,retail,submission,sell,0.1887287810995275,18.990414751231683,100.07719565982246,0.10296759849446246,99.4364761722515,100.11120315209533,0.0,102.39774956242783,False
17,1,retail,normalizer,sell,0.18779977667725234,18.896935742984418,100.07719565982246,0.0,99.4364761722515,100.11120315209533,0.0,102.39774956242783,False
17,2,retail,submission,buy,0.04346311600067914,4.323693007896509,100.07719565982246,0.02597375608901764,99.4364761722515,100.11120315209533,0.0,102.39774956242783,False
17,3,retail,normalizer,buy,0.387510230556612,38.68190080432032,100.07719565982246,0.0,99.4364761722515,100.11120315209533,0.0,102.39774956242783,False
18,0,arb,normalizer,sell,0.04990300086799948,4.994575291627226,100.13557486812107,0.0,99.4364761722515,100.11120315209533,0.0,102.39774956242783,False
18,1,retail,submission,sell,0.06339737043667526,6.373259681261361,100.13557486812107,0.02492754745766046,99.06475221428306,100.24865875873962,0.0,153.09699592148948,False
18,2,retail,normalizer,sell,0.22749508820238873,22.832250859710236,100.13557486812107,0.0,99.06475221428306,100.24865875873962,0.0,153.09699592148948,False
18,3,retail,submission,buy,0.23007144560581494,22.853981590604235,100.13557486812107,0.18435487587369082,99.06475221428306,100.24865875873962,0.0,153.09699592148948,False
18,4,retail,normalizer,buy,0.44515743764958593,44.31420328374588,100.13557486812107,0.0,99.06475221428306,100.24865875873962,0.0,153.09699592148948,False
18,5,retail,normalizer,sell,0.055780401504563315,5.5646289639704305,100.13557486812107,0.0,99.06475221428306,100.24865875873962,0.0,153.09699592148948,False
18,6,retail,submission,buy,0.021297293835060894,2.110258457980308,100.13557486812107,0.02235830332880573,99.06475221428306,100.24865875873962,0.0,153.09699592148948,False
18,7,retail,normalizer,buy,0.07727755807768034,7.661366062722664,100.13557486812107,0.0,99.06475221428306,100.24865875873962,0.0,153.09699592148948,False
19,0,arb,normalizer,sell,0.2265315295031911,22.62764110622293,100.11344546636744,0.0,99.06475221428306,100.24865875873962,0.0,153.09699592148948,False
19,1,retail,normalizer,sell,0.027181892806794394,2.7220121458737077,100.11344546636744,0.0,99.06475221428306,100.24865875873962,0.0,153.09699592148948,False
21,0,retail,normalizer,buy,0.045449753231295256,4.523280768371478,99.98132429804349,0.0,99.06475221428306,100.24865875873962,0.0,153.09699592148948,False
22,0,retail,submission,sell,0.33417668004655354,33.73203588216857,99.88417390966177,0.3530742558452147,99.72705388193144,100.24347515502662,0.0,86.51669695175111,False
22,1,retail,normalizer,sell,0.5950582872398087,59.90784717904237,99.88417390966177,0.0,99.72705388193144,100.24347515502662,0.0,86.51669695175111,False
23,0,arb,normalizer,buy,0.37062197495200244,37.17279717713791,99.92738125027716,0.0,99.72705388193144,100.24347515502662,0.0,86.51669695175111,False
24,0,arb,normalizer,buy,0.08506029786918101,8.492642410923509,99.75791687241569,0.0,99.72705388193144,100.24347515502662,0.0,86.51669695175111,False
25,0,retail,normalizer,sell,0.006436928291449817,0.6460463696183018,100.03476597428987,0.0,99.72705388193144,100.24347515502662,0.0,86.51669695175111,False
25,1,retail,normalizer,sell,0.00823202856756211,0.8263339913044643,100.03476597428987,0.0,99.72705388193144,100.24347515502662,0.0,86.51669695175111,False
26,0,retail,normalizer,sell,0.0518508817428085,5.207940369097163,100.12666195291955,0.0,100.3497840142902,100.23714682208046,0.0,86.51669695175111,False
26,1,retail,submission,sell,0.2789384454850392,28.138862295751977,100.12666195291955,0.20968685899857675,100.3497840142902,100.23714682208046,0.0,86.51669695175111,False
26,2,retail,normalizer,sell,0.3300656411315259,33.27918794746904,100.12666195291955,0.0,100.3497840142902,100.23714682208046,0.0,86.51669695175111,False
26,3,retail,submission,sell,0.0322491561745295,3.263384449220316,100.12666195291955,0.034384090666292,100.3497840142902,100.23714682208046,0.0,86.51669695175111,False
26,4,retail,normalizer,sell,0.032157621265398006,3.2541217696810754,100.12666195291955,0.0,100.3497840142902,100.23714682208046,0.0,86.51669695175111,False
27,0,arb,submission,buy,0.17764522064189237,17.794992330676905,99.99357893239292,-0.03161093845948315,99.99357893239292,100.20232663481873,0.0,86.51669695175111,True
27,1,arb,normalizer,buy,0.3118046389932256,31.275831759603534,99.99357893239292,0.0,99.99357893239292,100.20232663481873,0.0,86.51669695175111,True
28,0,retail,normalizer,sell,0.006973460554448252,0.7015529832773514,100.0667984022594,0.0,99.99357893239292,100.20232663481873,0.0,86.51669695175111,True
29,0,retail,normalizer,sell,0.047689088359177845,4.800306392736593,100.06716708468291,0.0,99.99357893239292,100.20232663481873,0.0,86.51669695175111,True
30,0,arb,submission,buy,0.01630467770053201,1.6300973030374735,99.9609806902627,-0.0002657302536361872,99.96098069026269,100.16966034023739,0.0,86.51669695175111,True
30,1,arb,normalizer,buy,0.0711562198869533,7.117901762247129,99.9609806902627,0.0,99.96098069026269,100.16966034023739,0.0,86.51669695175111,True
31,0,arb,submission,buy,0.0008025208525310745,0.08022012778565113,99.9593766071862,-6.436523773134528e-07,99.95937660718619,100.17644973320066,0.0,86.51669695175111,False
31,1,arb,normalizer,buy,0.0008037273490891998,0.08034072939699399,99.9593766071862,0.0,99.95937660718619,100.17644973320066,0.0,86.51669695175111,False
32,0,arb,submission,buy,0.012028543777901746,1.202221157209351,99.93533851370407,-0.00014456293783138285,99.93533851370404,100.14396463278705,0.0,86.51669695175111,True
32,1,arb,normalizer,buy,0.012046627291671169,1.204028556612684,99.93533851370407,0.0,99.93533851370404,100.14396463278705,0.0,86.51669695175111,True
32,2,retail,normalizer,sell,0.04809702139606031,4.837891592856168,99.93533851370407,0.0,99.93533851370404,100.14396463278705,0.0,86.51669695175111,True
33,0,arb,submission,buy,0.08568288357562892,8.55541981495844,99.76435864217486,-0.007321888423684086,99.76435864217486,100.00386117760334,0.0,86.51669695175111,True
33,1,arb,normalizer,buy,0.13405344444155,13.391659809678458,99.76435864217486,0.0,99.76435864217486,100.00386117760334,0.0,86.51669695175111,True
33,2,retail,normalizer,sell,0.01408468075806013,1.4138173246357069,99.76435864217486,0.0,99.73861367023069,100.00541873067844,0.0,86.51669695175111,False
33,3,retail,submission,buy,0.012920620465765219,1.288851082788824,99.76435864217486,0.00016633123720155574,99.73861367023069,100.00541873067844,0.0,86.51669695175111,False
33,4,retail,normalizer,buy,0.02706710705674885,2.7003645928489277,99.76435864217486,0.0,99.73861367023069,100.00541873067844,0.0,86.51669695175111,False
34,0,arb,submission,buy,0.011152684776973842,1.1122294371361932,99.71639940972189,-0.00012386742474435053,99.71639940972186,99.92456846910751,0.0,86.51669695175111,True
34,1,arb,normalizer,buy,0.011169451538788358,1.113901544473265,99.71639940972189,0.0,99.71639940972186,99.92456846910751,0.0,86.51669695175111,True
34,2,retail,submission,sell,0.027724242300948276,2.789460689230126,99.71639940972189,0.024899070616860808,99.82042181126313,99.92816611316385,0.0,86.51669695175111,False
34,3,retail,normalizer,sell,0.16155950909936223,16.23345890645157,99.71639940972189,0.0,99.82042181126313,99.92816611316385,0.0,86.51669695175111,False
34,4,retail,submission,sell,0.02446817042608984,2.463136401964236,99.71639940972189,0.02325854693111662,99.82042181126313,99.92816611316385,0.0,86.51669695175111,False
34,5,retail,normalizer,sell,0.024398720802523144,2.4561451192923625,99.71639940972189,0.0,99.82042181126313,99.92816611316385,0.0,86.51669695175111,False
35,0,arb,submission,buy,0.01877635947225542,1.8739125861047796,99.78298073759346,-0.00035147056258644227,99.78298073759343,99.99128879289621,0.0,86.51669695175111,True
35,1,arb,normalizer,buy,0.15305149285511552,15.295283304611075,99.78298073759346,0.0,99.78298073759343,99.99128879289621,0.0,86.51669695175111,True
35,2,retail,normalizer,sell,0.036509042417719684,3.666276797649923,99.78298073759346,0.0,99.78298073759343,99.99128879289621,0.0,86.51669695175111,True
36,0,arb,normalizer,buy,0.019227191498963757,1.9195804541504913,99.81760794956308,0.0,99.78298073759343,99.99128879289621,0.0,86.51669695175111,True
36,1,retail,submission,sell,0.12877115501021308,12.978000400789185,99.81760794956308,0.124371734767319,100.04018128234456,99.99806609602585,0.0,86.51669695175111,False
36,2,retail,normalizer,sell,0.24493539593100877,24.65664975820861,99.81760794956308,0.0,100.04018128234456,99.99806609602585,0.0,86.51669695175111,False
37,0,arb,submission,buy,0.12390662172086309,12.38029780866782,99.79267885731696,-0.015324098982675949,99.79267885731696,100.00100715852192,0.0,86.51669695175111,True
37,1,arb,normalizer,buy,0.2581922742384051,25.83222632846264,99.79267885731696,0.0,99.79267885731696,100.00100715852192,0.0,86.51669695175111,True
38,0,arb,submission,buy,0.018684881575651957,1.8642664118688117,99.7554356748064,-0.00034790975748744124,99.7554356748064,99.96368622673114,0.0,86.51669695175111,True
38,1,arb,normalizer,buy,0.018712972117544236,1.8670691191546211,99.7554356748064,0.0,99.7554356748064,99.96368622673114,0.0,86.51669695175111,True
38,2,retail,submission,buy,0.013556049822414207,1.3521065880922833,99.7554356748064,0.00018306797202782832,99.72842845918304,99.96549296376547,0.0,86.51669695175111,False
38,3,retail,normalizer,buy,0.013576429763515724,1.3541393227733352,99.7554356748064,0.0,99.72842845918304,99.96549296376547,0.0,86.51669695175111,False
40,0,arb,submission,buy,0.02923197676186362,2.914408321650626,99.67022798737001,-0.0008505332741766125,99.67022798737001,99.87830065878312,0.0,86.51669695175111,True
40,1,arb,normalizer,buy,0.02927592363221151,2.918789794915938,99.67022798737001,0.0,99.67022798737001,99.87830065878312,0.0,86.51669695175111,True
40,2,retail,submission,buy,0.059983519122886554,5.974992929848668,99.67022798737001,0.0035780966142038295,99.35079482431337,99.8818966370318,0.0,88.1729803498271,False
40,3,retail,normalizer,buy,0.060073697353371765,5.9839756353885605,99.67022798737001,0.0,99.35079482431337,99.8818966370318,0.0,88.1729803498271,False
40,4,retail,submission,buy,0.10091322957584001,10.03590419385182,99.67022798737001,0.022140404913963962,99.35079482431337,99.8818966370318,0.0,88.1729803498271,False
40,5,retail,normalizer,buy,0.10106494085606926,10.050992006223169,99.67022798737001,0.0,99.35079482431337,99.8818966370318,0.0,88.1729803498271,False
40,6,retail,normalizer,sell,0.03353197735626168,3.3526297162261383,99.67022798737001,0.0,99.35079482431337,99.8818966370318,0.0,88.1729803498271,False
41,0,retail,submission,buy,0.054139392544591936,5.375890668918146,99.77042467088437,0.025619516679502574,99.24365548502689,99.88855863713427,0.0,99.5622642779453,False
41,1,retail,normalizer,buy,0.08785366079606463,8.726544521106916,99.77042467088437,0.0,99.24365548502689,99.88855863713427,0.0,99.5622642779453,False
42,0,retail,submission,buy,0.31499854816695266,31.16381377117068,99.79749882275844,0.272253468691396,98.62371192465778,99.8950212017849,0.0,162.26452848526804,False
42,1,retail,normalizer,buy,0.31547211177413276,31.210664933340013,99.79749882275844,0.0,98.62371192465778,99.8950212017849,0.0,162.26452848526804,False
43,0,arb,normalizer,sell,0.21132946573231948,21.011877884533863,99.6365310168946,0.0,98.62371192465778,99.8950212017849,0.0,162.26452848526804,False
44,0,arb,normalizer,sell,0.08579866106532563,8.555997532994525,99.80715628048948,0.0,98.62371192465778,99.8950212017849,0.0,162.26452848526804,False
45,0,arb,normalizer,sell,0.027354846595287086,2.730954656624511,99.86164820811699,0.0,98.62371192465778,99.8950212017849,0.0,162.26452848526804,False
46,0,arb,normalizer,sell,0.021851929093529066,2.1826455604505894,99.90521017802705,0.0,98.62371192465778,99.8950212017849,0.0,162.26452848526804,False
46,1,retail,submission,sell,0.001314410009911171,0.1317718764619382,99.90521017802705,0.0004554681616600331,98.62628671204631,99.90129028898225,0.0,162.62633728230722,False
46,2,retail,normalizer,sell,0.17396913326105334,17.410652178386734,99.90521017802705,0.0,98.62628671204631,99.90129028898225,0.0,162.62633728230722,False
47,0,retail,normalizer,buy,0.07775384276403219,7.742358258843524,99.81547889023129,0.0,98.62628671204631,99.90129028898225,0.0,162.62633728230722,False
48,0,retail,submission,sell,0.1809335040932467,18.172454021315946,99.95381959097979,0.08745919521576084,98.98168046874055,99.90737167946376,0.0,127.65494579250299,False
48,1,retail,normalizer,sell,0.2590859569439914,26.001237319616944,99.95381959097979,0.0,98.98168046874055,99.90737167946376,0.0,127.65494579250299,False
51,0,retail,submission,sell,0.13057473642761863,13.108657164644221,100.19671398514092,0.025497645120955426,99.23935310801994,99.91327098193682,0.0,102.4502863627313,False
51,1,retail,normalizer,buy,0.05432351788757273,5.430231364365682,100.19671398514092,0.0,99.23935310801994,99.91327098193682,0.0,102.4502863627313,False
52,0,retail,submission,sell,0.009472711104180576,0.9498860507082514,100.2171072035316,0.0005583464725025244,99.25808543166413,100.03796489380039,0.0,102.4502863627313,True
52,1,retail,normalizer,buy,0.06693538301281796,6.6828336138441955,100.2171072035316,0.0,99.25808543166413,100.03796489380039,0.0,102.4502863627313,True
53,0,retail,submission,sell,0.052760675955752845,5.293914199328127,100.09681750002837,0.012738447006999998,99.36251698077163,100.14321697072684,0.0,102.4502863627313,True
53,1,retail,normalizer,sell,0.008095062491804583,0.8126058179118552,100.09681750002837,0.0,99.36251698077163,100.14321697072684,0.0,102.4502863627313,True
54,0,retail,normalizer,buy,0.10129258340036275,10.097742527004812,100.14701855631931,0.0,99.36251698077163,100.14321697072684,0.0,102.4502863627313,True
55,0,arb,normalizer,sell,0.01667837158886698,1.67125919194743,100.22188389555184,0.0,99.36251698077163,100.14321697072684,0.0,102.4502863627313,True
55,1,retail,submission,buy,0.04639972848100792,4.608262414145429,100.22188389555184,0.04200578646327724,99.2706672071549,100.13517345137504,0.0,121.33392387740304,False
55,2,retail,normalizer,buy,0.17712744366746822,17.614599153095696,100.22188389555184,0.0,99.2706672071549,100.13517345137504,0.0,121.33392387740304,False
56,0,arb,normalizer,sell,0.17201979252008925,17.20898065645801,100.2127152930151,0.0,99.2706672071549,100.13517345137504,0.0,121.33392387740304,False
56,1,retail,normalizer,buy,0.013038126397718973,1.2985895620440715,100.2127152930151,0.0,99.2706672071549,100.13517345137504,0.0,121.33392387740304,False
56,2,retail,normalizer,buy,0.008368995083875232,0.8333690992749325,100.2127152930151,0.0,99.2706672071549,100.13517345137504,0.0,121.33392387740304,False
57,0,arb,normalizer,sell,0.007440896737122671,0.7454098406850568,100.1848701987326,0.0,99.2706672071549,100.13517345137504,0.0,121.33392387740304,False
58,0,arb,normalizer,sell,0.0192603613613187,1.9299683067616304,100.22345094528544,0.0,99.2706672071549,100.13517345137504,0.0,121.33392387740304,False
58,1,retail,normalizer,buy,0.17331028713981672,17.235922348230815,100.22345094528544,0.0,99.2706672071549,100.13517345137504,0.0,121.33392387740304,False
59,0,arb,normalizer,sell,0.21004542141206173,21.02300792032262,100.29814045087936,0.0,99.2706672071549,100.13517345137504,0.0,121.33392387740304,False
59,1,retail,submission,sell,0.011382528905471645,1.1439595102441775,100.29814045087936,0.002313027396988465,99.29318750102016,100.21869435579495,0.0,121.33392387740304,True
59,2,retail,normalizer,sell,0.10681495629607696,10.724797018341048,100.29814045087936,0.0,99.29318750102016,100.21869435579495,0.0,121.33392387740304,True
62,0,retail,submission,sell,0.08860100804461979,8.913400207391376,100.16206413652532,0.03894035706537302,99.46874657220866,100.35909878806294,0.0,121.33392387740304,True
62,1,retail,normalizer,sell,0.08819424293983502,8.87247900063161,100.16206413652532,0.0,99.46874657220866,100.35909878806294,0.0,121.33392387740304,True
64,0,retail,normalizer,buy,0.11989014167432993,11.985118152344512,100.30290861472479,0.0,99.46874657220866,100.35909878806294,0.0,121.33392387740304,True
65,0,retail,normalizer,sell,0.05633000510236741,5.661524600002278,100.14014292516185,0.0,99.46874657220866,100.35909878806294,0.0,121.33392387740304,True
68,0,retail,normalizer,sell,0.04772446789387175,4.80161325122619,100.12568855280581,0.0,99.44906552002534,100.34846035218372,0.0,124.62716807032866,False
68,1,retail,submission,sell,0.2517156566399166,25.40915483403549,100.12568855280581,0.2059513934421986,99.44906552002534,100.34846035218372,0.0,124.62716807032866,False
68,2,retail,normalizer,sell,0.26603603434523393,26.850545859282192,100.12568855280581,0.0,99.44906552002534,100.34846035218372,0.0,124.62716807032866,False
68,3,retail,normalizer,buy,0.0884366495213479,8.888117278209393,100.12568855280581,0.0,99.44906552002534,100.34846035218372,0.0,124.62716807032866,False
68,4,retail,submission,buy,0.26163659617386553,26.087581376359594,100.12568855280581,0.10896296616109069,99.44906552002534,100.34846035218372,0.0,124.62716807032866,False
68,5,retail,normalizer,buy,0.48355437246039595,48.32169781331868,100.12568855280581,0.0,99.44906552002534,100.34846035218372,0.0,124.62716807032866,False
69,0,retail,submission,buy,0.050366827773322694,5.00641933636507,100.02448641706145,0.03149674411811887,99.34923839938419,100.34032811872488,0.0,133.7728202530902,False
69,1,retail,normalizer,buy,0.050442548429133295,5.013945904389402,100.02448641706145,0.0,99.34923839938419,100.34032811872488,0.0,133.7728202530902,False
70,0,arb,normalizer,sell,0.05096040615241293,5.095984413648069,100.04979316535132,0.0,99.34923839938419,100.34032811872488,0.0,133.7728202530902,False
70,1,retail,normalizer,buy,0.03238313705925062,3.219477628987079,100.04979316535132,0.0,99.34923839938419,100.34032811872488,0.0,133.7728202530902,False
70,2,retail,normalizer,sell,0.05670301855926141,5.672679903172303,100.04979316535132,0.0,99.34923839938419,100.34032811872488,0.0,133.7728202530902,False
71,0,arb,normalizer,sell,0.003992363172713453,0.39964593623850575,100.1065932140623,0.0,99.34923839938419,100.34032811872488,0.0,133.7728202530902,False
72,0,retail,normalizer,buy,0.07027680181864432,6.988131943800909,99.97857251437262,0.0,99.34923839938419,100.34032811872488,0.0,133.7728202530902,False
73,0,arb,normalizer,sell,0.011881451698556589,1.1878891713506416,99.99031442271404,0.0,99.34923839938419,100.34032811872488,0.0,133.7728202530902,False
73,1,retail,submission,buy,0.16167045374774916,16.035995479045596,99.99031442271404,0.1294840240546904,99.0298209072832,100.32760749145817,0.0,164.35488213306368,False
73,2,retail,normalizer,buy,0.18316253403834018,18.171624982758658,99.99031442271404,0.0,99.0298209072832,100.32760749145817,0.0,164.35488213306368,False
74,0,arb,normalizer,sell,0.18694841448807153,18.65981747437195,99.998971447244,0.0,99.0298209072832,100.32760749145817,0.0,164.35488213306368,False
74,1,retail,normalizer,sell,0.021090615902735976,2.1094841305167353,99.998971447244,0.0,98.90026305370714,100.30399446305299,0.0,174.94770765215492,False
74,2,retail,submission,buy,0.06579776549047459,6.511677229011184,99.998971447244,0.06803164356324132,98.90026305370714,100.30399446305299,0.0,174.94770765215492,False
74,3,retail,normalizer,buy,0.2745617102300002,27.228460476924738,99.998971447244,0.0,98.90026305370714,100.30399446305299,0.0,174.94770765215492,False
75,0,arb,normalizer,sell,0.24428941359015255,24.365186301692045,99.98228289548332,0.0,98.90026305370714,100.30399446305299,0.0,174.94770765215492,False
76,0,retail,normalizer,sell,0.08250375789660325,8.255714509582074,99.90901844802292,0.0,98.90026305370714,100.30399446305299,0.0,174.94770765215492,False
76,1,retail,normalizer,sell,0.18107775961468064,18.16730282189567,99.90901844802292,0.0,98.90026305370714,100.30399446305299,0.0,174.94770765215492,False
77,0,arb,normalizer,buy,0.06445695934713036,6.4356541709566955,99.78002056570897,0.0,98.90026305370714,100.30399446305299,0.0,174.94770765215492,False
77,1,retail,normalizer,buy,0.009347721737871269,0.9326289143573376,99.78002056570897,0.0,98.90026305370714,100.30399446305299,0.0,174.94770765215492,False
77,2,retail,normalizer,buy,0.06848230078289279,6.8272285371531325,99.78002056570897,0.0,98.90026305370714,100.30399446305299,0.0,174.94770765215492,False
79,0,retail,normalizer,sell,0.059819374581095985,5.99902828208958,99.67504948404012,0.0,98.9706558585858,100.3071628339393,0.0,174.94770765215492,True
79,1,retail,normalizer,sell,0.008869074998699489,0.890052592363078,99.67504948404012,0.0,98.9706558585858,100.3071628339393,0.0,174.94770765215492,True
79,2,retail,submission,sell,0.03576599790008572,3.601533209135161,99.67504948404012,0.036555598598041694,98.9706558585858,100.3071628339393,0.0,174.94770765215492,True
79,3,retail,normalizer,sell,0.18348669984126786,18.449232910428236,99.67504948404012,0.0,98.9706558585858,100.3071628339393,0.0,174.94770765215492,True
80,0,arb,normalizer,buy,0.27092441446790655,27.054282603117827,99.58957139687402,0.0,98.9706558585858,100.3071628339393,0.0,174.94770765215492,True
80,1,retail,normalizer,buy,0.08079748028504471,8.040113299033692,99.58957139687402,0.0,98.9706558585858,100.3071628339393,0.0,174.94770765215492,True
81,0,retail,submission,sell,0.12825639275654055,12.93615137509272,99.61749865442795,0.1595703422462602,99.22370246229525,100.29335480019276,0.0,141.65236396055212,False
81,1,retail,normalizer,sell,0.47798738789046524,48.04176759645096,99.61749865442795,0.0,99.22370246229525,100.29335480019276,0.0,141.65236396055212,False
82,0,arb,normalizer,buy,0.419455358801006,41.93126797971672,99.54824823535807,0.0,99.22370246229525,100.29335480019276,0.0,141.65236396055212,False
82,1,retail,submission,buy,0.01731405205890005,1.7176681085529708,99.54824823535807,0.0059154437663240245,98.91087705279193,100.2764990567124,0.0,171.18564835895629,False
82,2,retail,normalizer,buy,0.18136561173765936,18.02206597601071,99.54824823535807,0.0,98.91087705279193,100.2764990567124,0.0,171.18564835895629,False
82,3,retail,submission,buy,0.14131300968667584,13.997065394079982,99.54824823535807,0.07039717309478455,98.91087705279193,100.2764990567124,0.0,171.18564835895629,False
82,4,retail,normalizer,buy,0.14152545732806962,14.018108350677721,99.54824823535807,0.0,98.91087705279193,100.2764990567124,0.0,171.18564835895629,False
83,0,retail,submission,buy,0.0064479090426319795,0.6377274430160469,99.49061039623103,0.0037789634147864515,98.89819255714033,100.26361489436323,0.0,171.18564835895629,False
83,1,retail,normalizer,buy,0.00645760272242161,0.6386861919017974,99.49061039623103,0.0,98.89819255714033,100.26361489436323,0.0,171.18564835895629,False
84,0,retail,normalizer,sell,0.17179457021144628,17.121870022274045,99.43383804117872,0.0,98.89819255714033,100.26361489436323,0.0,171.18564835895629,False
85,0,retail,normalizer,sell,0.057853787326095585,5.77920402374109,99.4773369390157,0.0,98.89819255714033,100.26361489436323,0.0,171.18564835895629,False
87,0,retail,normalizer,sell,0.04291028814179754,4.290762525490158,99.42576441344465,0.0,98.89819255714033,100.26361489436323,0.0,171.18564835895629,False
89,0,retail,submission,sell,0.024653190345247822,2.481228953890197,99.51823155850371,0.027787048455956143,98.94670413419192,100.25371440941548,0.0,171.18564835895629,True
89,1,retail,normalizer,sell,0.31549706313930415,31.6610257493332,99.51823155850371,0.0,98.94670413419192,100.25371440941548,0.0,171.18564835895629,True
90,0,arb,normalizer,buy,0.26141914198482286,26.09127943970998,99.54637857434544,0.0,98.94670413419192,100.25371440941548,0.0,171.18564835895629,True
91,0,arb,normalizer,buy,0.034809394924512085,3.4639479696343187,99.47737264894643,0.0,98.94670413419192,100.25371440941548,0.0,171.18564835895629,True
91,1,retail,normalizer,sell,0.034081121863252406,3.4118956816247135,99.47737264894643,0.0,98.94670413419192,100.25371440941548,0.0,171.18564835895629,True
92,0,retail,normalizer,buy,0.0058826264142835235,0.5855525394999859,99.70900155017213,0.0,98.94670413419192,100.25371440941548,0.0,171.18564835895629,True
92,1,retail,normalizer,buy,0.04886444455834489,4.861281442679683,99.70900155017213,0.0,98.94670413419192,100.25371440941548,0.0,171.18564835895629,True
93,0,retail,normalizer,buy,0.11753735740839928,11.673858182844924,99.6566020307155,0.0,98.94670413419192,100.25371440941548,0.0,171.18564835895629,True
93,1,retail,normalizer,buy,0.03586481103964256,3.5566751720762113,99.6566020307155,0.0,98.94670413419192,100.25371440941548,0.0,171.18564835895629,True
93,2,retail,normalizer,sell,0.15986717774245562,15.969180948145546,99.6566020307155,0.0,98.94670413419192,100.25371440941548,0.0,171.18564835895629,True
96,0,arb,normalizer,buy,0.05269192906550179,5.237485270183242,99.34611993915667,0.0,98.94670413419192,100.25371440941548,0.0,171.18564835895629,True
100,0,retail,normalizer,sell,0.020559351129577408,2.055223872598799,99.35069861072829,0.0,98.94670413419192,100.25371440941548,0.0,171.18564835895629,True
101,0,arb,normalizer,buy,0.03772838302655113,3.748299684812082,99.31230012895084,0.0,98.94670413419192,100.25371440941548,0.0,171.18564835895629,True
102,0,arb,normalizer,buy,0.018729597434390167,1.8597328020696295,99.27529267715619,0.0,98.94670413419192,100.25371440941548,0.0,171.18564835895629,True
102,1,retail,submission,buy,0.07569451056109955,7.484087211696533,99.27529267715619,0.030507478310714653,98.79786878410762,100.23896890823472,0.0,178.76645528411115,False
102,2,retail,normalizer,buy,0.24256866347323908,24.023101238444724,99.27529267715619,0.0,98.79786878410762,100.23896890823472,0.0,178.76645528411115,False
103,0,retail,normalizer,sell,0.16921484978621493,16.847206830838836,99.35915560828562,0.0,98.79786878410762,100.23896890823472,0.0,178.76645528411115,False
103,1,retail,normalizer,buy,0.03642228812208919,3.6092912244639592,99.35915560828562,0.0,98.79786878410762,100.23896890823472,0.0,178.76645528411115,False
103,2,retail,normalizer,buy,0.019960921766348255,1.9769328733327711,99.35915560828562,0.0,98.79786878410762,100.23896890823472,0.0,178.76645528411115,False
105,0,retail,normalizer,buy,0.02955279534051178,2.925474039675464,99.39625841518132,0.0,98.79786878410762,100.23896890823472,0.0,178.76645528411115,False
106,0,arb,normalizer,sell,0.05476264142757259,5.455081737139481,99.66757437725408,0.0,98.79786878410762,100.23896890823472,0.0,178.76645528411115,False
106,1,retail,normalizer,sell,0.07608355495661101,7.58881895805807,99.66757437725408,0.0,98.79786878410762,100.23896890823472,0.0,178.76645528411115,False
109,0,arb,normalizer,sell,0.03458396316983681,3.453325561663072,99.88784049439312,0.0,98.79786878410762,100.23896890823472,0.0,178.76645528411115,False
109,1,retail,normalizer,sell,0.12581427840841286,12.583115297073205,99.88784049439312,0.0,98.79786878410762,100.23896890823472,0.0,178.76645528411115,False
109,2,retail,normalizer,sell,0.15741800990555532,15.78853838842878,99.88784049439312,0.0,98.79786878410762,100.23896890823472,0.0,178.76645528411115,False
110,0,retail,normalizer,sell,0.00743966981997346,0.7474069833531489,99.88725576174753,0.0,98.79786878410762,100.23896890823472,0.0,178.76645528411115,False
111,0,arb,normalizer,buy,0.029369440742624084,2.9322065770847985,99.80944283212469,0.0,98.79786878410762,100.23896890823472,0.0,178.76645528411115,False
111,1,retail,normalizer,buy,0.07229990765126859,7.211012732459494,99.80944283212469,0.0,98.79786878410762,100.23896890823472,0.0,178.76645528411115,False
111,2,retail,normalizer,sell,0.09420991488913444,9.454987825130532,99.80944283212469,0.0,98.79786878410762,100.23896890823472,0.0,178.76645528411115,False
111,3,retail,normalizer,buy,0.039711762326359985,3.9637938862506417,99.80944283212469,0.0,98.79786878410762,100.23896890823472,0.0,178.76645528411115,False
113,0,arb,normalizer,buy,0.012082614602845678,1.2053923916373606,99.75052490525316,0.0,98.79786878410762,100.23896890823472,0.0,178.76645528411115,False
113,1,retail,normalizer,buy,0.1260776641133394,12.560520671047925,99.75052490525316,0.0,98.79786878410762,100.23896890823472,0.0,178.76645528411115,False
113,2,retail,normalizer,sell,0.013694576891410293,1.3710127988146705,99.75052490525316,0.0,98.79786878410762,100.23896890823472,0.0,178.76645528411115,False
114,0,retail,submission,buy,0.21323347633315284,21.022456354470705,99.86101415861818,0.2712548447256431,98.3803964167782,100.2043938421856,0.0,217.02768915303812,False
114,1,retail,normalizer,buy,0.5835043958313183,57.73906266904305,99.86101415861818,0.0,98.3803964167782,100.2043938421856,0.0,217.02768915303812,False
115,0,arb,normalizer,sell,0.5061509509550461,50.34860086744085,99.97615891568682,0.0,98.3803964167782,100.2043938421856,0.0,217.02768915303812,False
115,1,retail,normalizer,buy,0.03097419211359176,3.0771798060450237,99.97615891568682,0.0,98.3803964167782,100.2043938421856,0.0,217.02768915303812,False
116,0,arb,normalizer,sell,0.08728425455804256,8.728570091573262,100.08885045006282,0.0,98.3803964167782,100.2043938421856,0.0,217.02768915303812,False
119,0,retail,submission,buy,0.17406827298122177,17.09539001101257,99.8443945457941,0.28435131442952866,98.04156094692094,100.16636466323804,0.0,247.12746648645475,False
119,1,retail,normalizer,buy,0.7385766403475093,72.94385057768159,99.8443945457941,0.0,98.04156094692094,100.16636466323804,0.0,247.12746648645475,False
119,2,retail,normalizer,sell,0.10260131206257483,10.130127470971235,99.8443945457941,0.0,98.04156094692094,100.16636466323804,0.0,247.12746648645475,False
119,3,retail,normalizer,sell,0.021766117626768278,2.1516860681327277,99.8443945457941,0.0,98.04156094692094,100.16636466323804,0.0,247.12746648645475,False
120,0,arb,normalizer,sell,0.48024001048246134,47.711806891422356,99.82590754429455,0.0,98.04156094692094,100.16636466323804,0.0,247.12746648645475,False
120,1,retail,normalizer,buy,0.15770316350346486,15.624038489328086,99.82590754429455,0.0,98.04156094692094,100.16636466323804,0.0,247.12746648645475,False
121,0,arb,normalizer,sell,0.16589867223858334,16.536479168548688,99.84317580879421,0.0,98.04156094692094,100.16636466323804,0.0,247.12746648645475,False
121,1,retail,normalizer,buy,0.1098146525239753,10.886664815052427,99.84317580879421,0.0,98.04156094692094,100.16636466323804,0.0,247.12746648645475,False
122,0,arb,normalizer,sell,0.014808560312133068,1.4755265873387677,99.65481826702141,0.0,98.04156094692094,100.16636466323804,0.0,247.12746648645475,False
123,0,arb,normalizer,sell,0.008476615256924447,0.844806932969803,99.6716606114058,0.0,98.04156094692094,100.16636466323804,0.0,247.12746648645475,False
123,1,retail,normalizer,buy,0.01693112638807224,1.6771611292697344,99.6716606114058,0.0,98.04156094692094,100.16636466323804,0.0,247.12746648645475,False
123,2,retail,normalizer,sell,0.2126493196792012,21.232981855713653,99.6716606114058,0.0,98.04156094692094,100.16636466323804,0.0,247.12746648645475,False
124,0,retail,normalizer,sell,0.04682040770559581,4.687127531852192,99.60074664081897,0.0,98.04156094692094,100.16636466323804,0.0,247.12746648645475,False
127,0,arb,normalizer,buy,0.003246199105079844,0.32316636080759054,99.54901074079291,0.0,98.04156094692094,100.16636466323804,0.0,247.12746648645475,False
127,1,retail,normalizer,buy,0.018862213535918076,1.8773619156418135,99.54901074079291,0.0,98.04156094692094,100.16636466323804,0.0,247.12746648645475,False
128,0,retail,normalizer,sell,0.08876542064294313,8.894315950686117,99.60619697747717,0.0,98.04156094692094,100.16636466323804,0.0,247.12746648645475,False
128,1,retail,normalizer,buy,0.09411360697413938,9.373234728669559,99.60619697747717,0.0,98.04156094692094,100.16636466323804,0.0,247.12746648645475,False
128,2,retail,normalizer,buy,0.06595278324152211,6.5580952662203345,99.60619697747717,0.0,98.04156094692094,100.16636466323804,0.0,247.12746648645475,False
131,0,retail,normalizer,sell,0.05393437208114449,5.394716438524032,99.7646940709429,0.0,98.04156094692094,100.16636466323804,0.0,247.12746648645475,False
131,1,retail,normalizer,sell,0.023247970785632788,2.327141656313155,99.7646940709429,0.0,98.04156094692094,100.16636466323804,0.0,247.12746648645475,False
132,0,retail,normalizer,sell,0.05638279720439243,5.648458875389162,99.74926972292187,0.0,98.04156094692094,100.16636466323804,0.0,247.12746648645475,False
133,0,arb,normalizer,buy,0.012904580725837169,1.2856016901587282,99.61085816163744,0.0,98.04156094692094,100.16636466323804,0.0,247.12746648645475,False
133,1,retail,normalizer,buy,0.05420297511424411,5.3962899951384316,99.61085816163744,0.0,98.04156094692094,100.16636466323804,0.0,247.12746648645475,False
136,0,retail,normalizer,buy,0.045392652135643224,4.514679025813166,99.6222561789081,0.0,99.71111042628807,100.1848561618292,0.0,247.12746648645475,False
136,1,retail,submission,sell,0.849082914100677,86.07845008314128,99.6222561789081,1.4908944974698102,99.71111042628807,100.1848561618292,0.0,247.12746648645475,False
136,2,retail,normalizer,sell,1.0957563798332473,110.80181096252288,99.6222561789081,0.0,99.71111042628807,100.1848561618292,0.0,247.12746648645475,False
136,3,retail,normalizer,buy,0.09014985148801406,9.153188864374897,99.6222561789081,0.0,99.71111042628807,100.1848561618292,0.0,247.12746648645475,False
137,0,arb,submission,buy,0.045148322075888814,4.499760698232421,99.62126554758497,-0.0020277156824093368,99.62126554758495,100.22134872933883,0.0,247.12746648645475,True
137,1,arb,normalizer,buy,0.9040663874009728,90.88309269216188,99.62126554758497,0.0,99.62126554758495,100.22134872933883,0.0,247.12746648645475,True
138,0,retail,submission,buy,0.22416450336185195,22.281698531121947,99.64450138955708,0.05506163560748334,99.17697273627833,100.24091196297044,0.0,247.12746648645475,False
138,1,retail,normalizer,buy,0.22450150856847634,22.315196468151044,99.64450138955708,0.0,99.17697273627833,100.24091196297044,0.0,247.12746648645475,False
139,0,retail,submission,buy,0.36332873056431486,35.903932230052305,99.73642579158624,0.33317674382671925,98.4631442807832,100.25989194820902,0.0,247.12746648645475,False
139,1,retail,normalizer,buy,0.36387495296824574,35.957909607903275,99.73642579158624,0.0,98.4631442807832,100.25989194820902,0.0,247.12746648645475,False
140,0,arb,normalizer,sell,0.3561526270687949,35.40457532044447,99.76152763617776,0.0,98.4631442807832,100.25989194820902,0.0,247.12746648645475,False
142,0,arb,normalizer,sell,0.046469667333738585,4.638034478257953,99.85406002283241,0.0,98.4631442807832,100.25989194820902,0.0,247.12746648645475,False
143,0,arb,normalizer,sell,0.007374853924687841,0.736463298430101,99.86875698332976,0.0,98.4631442807832,100.25989194820902,0.0,247.12746648645475,False
144,0,retail,normalizer,buy,0.15361591817259032,15.226250804449592,99.84992239922177,0.0,98.4631442807832,100.25989194820902,0.0,247.12746648645475,False
145,0,arb,normalizer,sell,0.19822329353563362,19.77499944277386,99.95864162970148,0.0,98.4631442807832,100.25989194820902,0.0,247.12746648645475,False
145,1,retail,submission,buy,0.1296315580324596,12.747533448706236,99.95864162970148,0.21026100456024288,98.21032280897042,100.2299807574137,0.0,247.12746648645475,False
145,2,retail,normalizer,buy,0.5862611194438755,57.912857397483094,99.95864162970148,0.0,98.21032280897042,100.2299807574137,0.0,247.12746648645475,False
146,0,arb,normalizer,sell,0.6442149070032741,64.0594663833899,100.07792017308684,0.0,98.21032280897042,100.2299807574137,0.0,247.12746648645475,False
146,1,retail,normalizer,buy,0.06395631937045307,6.358219562869635,100.07792017308684,0.0,98.21032280897042,100.2299807574137,0.0,247.12746648645475,False
146,2,retail,normalizer,sell,0.08750525881617932,8.753845917471336,100.07792017308684,0.0,98.21032280897042,100.2299807574137,0.0,247.12746648645475,False
148,0,retail,normalizer,sell,0.025812808858589165,2.5851846097831537,100.099172194197,0.0,98.21032280897042,100.2299807574137,0.0,247.12746648645475,False
150,0,retail,normalizer,sell,0.07003832448883429,7.021148448126517,100.13217445642728,0.0,98.21032280897042,100.2299807574137,0.0,247.12746648645475,False
153,0,retail,normalizer,sell,0.14469633277812477,14.53660327838172,100.11706000105177,0.0,99.04009908342294,100.22385243144687,0.0,244.12746648645478,False
153,1,retail,normalizer,sell,0.027866058636391244,2.8043427896978117,100.11706000105177,0.0,99.04009908342294,100.22385243144687,0.0,244.12746648645478,False
153,2,retail,submission,sell,0.4019541454787543,40.63820627550233,100.11706000105177,0.3957389749343889,99.04009908342294,100.22385243144687,0.0,244.12746648645478,False
153,3,retail,normalizer,sell,0.4145388036127855,41.90340364810436,100.11706000105177,0.0,99.04009908342294,100.22385243144687,0.0,244.12746648645478,False
153,4,retail,submission,sell,0.021643856667211026,2.197453184455597,100.11706000105177,0.03053388785026634,99.04009908342294,100.22385243144687,0.0,244.12746648645478,False
153,5,retail,normalizer,sell,0.02140687850190659,2.173393312317053,100.11706000105177,0.0,99.04009908342294,100.22385243144687,0.0,244.12746648645478,False
154,0,arb,normalizer,buy,0.3282120736627517,33.02142315855235,100.27984002479009,0.0,99.04009908342294,100.22385243144687,0.0,244.12746648645478,False
154,1,retail,submission,buy,0.006615776497005273,0.6551840228039509,100.27984002479009,0.008244985955504047,99.02705887505934,100.21946728536092,0.0,244.12746648645478,False
154,2,retail,normalizer,buy,0.6306230715561464,62.84252289608958,100.27984002479009,0.0,99.02705887505934,100.21946728536092,0.0,244.12746648645478,False
155,0,arb,normalizer,sell,0.3207900442509839,32.06085747259454,100.26397999552418,0.0,99.02705887505934,100.21946728536092,0.0,244.12746648645478,False
156,0,arb,normalizer,sell,0.0016894088322061407,0.1693897145143661,100.26736719480742,0.0,99.02705887505934,100.21946728536092,0.0,244.12746648645478,False
157,0,arb,normalizer,sell,0.007385040540100363,0.7405332511198897,100.28217593040114,0.0,99.02705887505934,100.21946728536092,0.0,244.12746648645478,False
157,1,retail,normalizer,sell,0.08357965042436888,8.388559682376602,100.28217593040114,0.0,99.02705887505934,100.21946728536092,0.0,244.12746648645478,False
157,2,retail,normalizer,sell,0.12313703963273781,12.384376915774958,100.28217593040114,0.0,99.02705887505934,100.21946728536092,0.0,244.12746648645478,False
158,0,retail,normalizer,sell,0.0944490711758732,9.519844220851462,100.42349504596429,0.0,99.02705887505934,100.21946728536092,0.0,244.12746648645478,False
160,0,arb,normalizer,buy,0.018686946153807713,1.8736602878379927,100.24699791117203,0.0,99.02705887505934,100.21946728536092,0.0,244.12746648645478,False
162,0,arb,normalizer,buy,0.011620501577442006,1.1647850798672152,100.22370982298413,0.0,99.02705887505934,100.21946728536092,0.0,244.12746648645478,False
163,0,arb,normalizer,buy,0.0064781229058545,0.6492194692655175,100.21073085125988,0.0,99.02705887505934,100.21946728536092,0.0,244.12746648645478,False
164,0,arb,normalizer,buy,0.03451256015539847,3.457336197963741,100.1416271335197,0.0,99.02705887505934,100.21946728536092,0.0,244.12746648645478,False
164,1,retail,normalizer,buy,0.01286976531015247,1.2886335266048263,100.1416271335197,0.0,99.02705887505934,100.21946728536092,0.0,244.12746648645478,False
165,0,retail,normalizer,buy,0.018599231236835292,1.8617323907928949,100.17377936535269,0.0,99.02705887505934,100.21946728536092,0.0,244.12746648645478,False
166,0,retail,normalizer,sell,0.25354990534927424,25.592891161067033,100.21313575019522,0.0,99.02705887505934,100.21946728536092,0.0,244.12746648645478,False
166,1,retail,normalizer,buy,0.22077995581088433,22.159060852460243,100.21313575019522,0.0,99.02705887505934,100.21946728536092,0.0,244.12746648645478,False
167,0,retail,normalizer,buy,0.14003594307245681,14.00440957732826,100.26775819357985,0.0,98.21577286339756,100.19048487850995,0.0,244.12746648645478,False
167,1,retail,submission,buy,0.41418248978250016,40.84691804491558,100.26775819357985,0.6822316886110045,98.21577286339756,100.19048487850995,0.0,244.12746648645478,False
167,2,retail,normalizer,buy,0.8384640245272466,83.03937230480369,100.26775819357985,0.0,98.21577286339756,100.19048487850995,0.0,244.12746648645478,False
168,0,arb,normalizer,sell,0.6869737764545647,68.34431908490191,100.16906076525746,0.0,98.21577286339756,100.19048487850995,0.0,244.12746648645478,False
169,0,retail,submission,buy,0.3033153171503487,29.701067711012,100.04872089662577,0.645241798234764,97.6279568590484,100.14434355350107,0.0,286.2759687828336,False
169,1,retail,normalizer,buy,0.992812215533269,97.88500593259414,100.04872089662577,0.0,97.6279568590484,100.14434355350107,0.0,286.2759687828336,False
170,0,arb,normalizer,sell,0.9976710072938602,98.96465386520035,100.18475324240903,0.0,97.6279568590484,100.14434355350107,0.0,286.2759687828336,False
171,0,arb,normalizer,sell,0.050337350735830455,5.045573399336813,100.28563164665509,0.0,97.6279568590484,100.14434355350107,0.0,286.2759687828336,False
172,0,retail,normalizer,buy,0.08031855469826159,8.000134873869683,100.26627448265552,0.0,97.6279568590484,100.14434355350107,0.0,286.2759687828336,False
173,0,arb,normalizer,sell,0.14998905670506701,15.040226816187314,100.42599042743493,0.0,97.6279568590484,100.14434355350107,0.0,286.2759687828336,False
175,0,retail,submission,sell,0.9584865358236243,97.25390400484154,100.16732368424691,1.2448729240040421,99.5037334435469,100.1632786821548,0.0,286.2759687828336,False
175,1,retail,normalizer,sell,0.9854658138012269,99.95198705894056,100.16732368424691,0.0,99.5037334435469,100.1632786821548,0.0,286.2759687828336,False
176,0,arb,normalizer,buy,0.7876177921054696,79.56583478224275,100.22551098805019,0.0,99.5037334435469,100.1632786821548,0.0,286.2759687828336,False
176,1,retail,normalizer,sell,0.03568884679296502,3.599779569983208,100.22551098805019,0.0,99.5037334435469,100.1632786821548,0.0,286.2759687828336,False
177,0,arb,normalizer,buy,0.06236550171241415,6.25119144994278,100.17229384420065,0.0,99.5037334435469,100.1632786821548,0.0,286.2759687828336,False
177,1,retail,normalizer,buy,0.02212125420212614,2.2154470057757862,100.17229384420065,0.0,99.5037334435469,100.1632786821548,0.0,286.2759687828336,False
179,0,retail,normalizer,buy,0.014310037423259602,1.4326308545041684,100.2525855452654,0.0,99.5037334435469,100.1632786821548,0.0,286.2759687828336,False
183,0,retail,normalizer,sell,0.08392655760729895,8.458744478655735,100.44936701401198,0.0,99.5037334435469,100.1632786821548,0.0,286.2759687828336,False
184,0,retail,normalizer,buy,0.0326589284842695,3.2735752319458697,100.39512189757481,0.0,99.5037334435469,100.1632786821548,0.0,286.2759687828336,False
188,0,retail,normalizer,sell,0.01643498140866484,1.6570250244510676,100.44123448471208,0.0,99.5037334435469,100.1632786821548,0.0,286.2759687828336,False
190,0,retail,normalizer,buy,0.059990611692402426,6.009587262227797,100.65707584653464,0.0,99.5037334435469,100.1632786821548,0.0,286.2759687828336,False
190,1,retail,normalizer,sell,0.36297735314983015,36.69211505268046,100.65707584653464,0.0,99.5037334435469,100.1632786821548,0.0,286.2759687828336,False
191,0,arb,normalizer,buy,0.10121040052953768,10.196490158672532,100.64333897814059,0.0,99.5037334435469,100.1632786821548,0.0,286.2759687828336,False
191,1,retail,normalizer,sell,0.12081758281517807,12.247638616181005,100.64333897814059,0.0,99.5037334435469,100.1632786821548,0.0,286.2759687828336,False
192,0,arb,normalizer,buy,0.1593690478634332,16.052786005406233,100.56638483406408,0.0,99.5037334435469,100.1632786821548,0.0,286.2759687828336,False
193,0,arb,normalizer,buy,0.07023135941380358,7.057950467908086,100.42508879953922,0.0,99.5037334435469,100.1632786821548,0.0,286.2759687828336,False
193,1,retail,normalizer,sell,0.03441228001106822,3.477886260450173,100.42508879953922,0.0,99.5037334435469,100.1632786821548,0.0,286.2759687828336,False
193,2,retail,normalizer,sell,0.1943227013230029,19.684464341106125,100.42508879953922,0.0,99.5037334435469,100.1632786821548,0.0,286.2759687828336,False
194,0,arb,normalizer,buy,0.21228864444542822,21.371824080350052,100.45953384422421,0.0,99.5037334435469,100.1632786821548,0.0,286.2759687828336,False
194,1,retail,normalizer,sell,0.24459529712092376,24.780870498227447,100.45953384422421,0.0,99.5037334435469,100.1632786821548,0.0,286.2759687828336,False
195,0,arb,normalizer,buy,0.23250922247046782,23.418263547242532,100.48532115218657,0.0,99.5037334435469,100.1632786821548,0.0,286.2759687828336,False
198,0,retail,normalizer,buy,0.01120980097199386,1.1262940793822054,100.8601946462896,0.0,99.5037334435469,100.1632786821548,0.0,286.2759687828336,False
199,0,retail,submission,sell,0.27193722784679153,27.931995031375084,100.83770365136854,0.510469437985634,100.0457688283127,100.1979779252593,0.0,286.2759687828336,False
199,1,retail,normalizer,sell,0.935828794109014,95.47953929574412,100.83770365136854,0.0,100.0457688283127,100.1979779252593,0.0,286.2759687828336,False
200,0,arb,normalizer,buy,0.7675060145975735,77.97053219023292,100.8078007716699,0.0,100.0457688283127,100.1979779252593,0.0,286.2759687828336,False
200,1,retail,normalizer,sell,0.3220202402102359,32.76389604627883,100.8078007716699,0.0,100.0457688283127,100.1979779252593,0.0,286.2759687828336,False
200,2,retail,normalizer,buy,0.18050599543310508,18.281638610067603,100.8078007716699,0.0,100.0457688283127,100.1979779252593,0.0,286.2759687828336,False
201,0,arb,normalizer,buy,0.14216871566126063,14.352261923468177,100.80843644938443,0.0,100.0457688283127,100.1979779252593,0.0,286.2759687828336,False
202,0,retail,normalizer,buy,0.34808371622736056,34.96775057835475,100.8340520938769,0.0,100.0457688283127,100.1979779252593,0.0,286.2759687828336,False
203,0,arb,normalizer,sell,0.028614084394178008,2.882605277376836,100.76967670925168,0.0,100.0457688283127,100.1979779252593,0.0,286.2759687828336,False
203,1,retail,normalizer,buy,0.014407548964337517,1.4429383014430641,100.76967670925168,0.0,99.95433571984941,100.33835333421294,0.0,286.2759687828336,True
203,2,retail,submission,buy,0.04571652435653437,4.57165434770468,100.76967670925168,0.03518503197391887,99.95433571984941,100.33835333421294,0.0,286.2759687828336,True
203,3,retail,normalizer,buy,0.09147098933420292,9.15127826715434,100.76967670925168,0.0,99.95433571984941,100.33835333421294,0.0,286.2759687828336,True
204,0,arb,normalizer,sell,0.14949489292004614,15.055259296473164,100.85848632028897,0.0,99.95433571984941,100.33835333421294,0.0,286.2759687828336,True
204,1,retail,normalizer,buy,0.10634443758679495,10.65015788538767,100.85848632028897,0.0,99.95433571984941,100.33835333421294,0.0,286.2759687828336,True
205,0,arb,normalizer,sell,0.2320324878236022,23.407167072138087,101.11385342474547,0.0,99.95433571984941,100.33835333421294,0.0,286.2759687828336,True
205,1,retail,normalizer,sell,0.751508875085193,76.56568327609544,101.11385342474547,0.0,99.95433571984941,100.33835333421294,0.0,286.2759687828336,True
206,0,arb,normalizer,buy,0.45671767928553464,46.39076420136553,101.10849701326339,0.0,99.95433571984941,100.33835333421294,0.0,286.2759687828336,True
207,0,arb,normalizer,buy,0.006572678107444783,0.6645097532273212,101.09515386128358,0.0,99.95433571984941,100.33835333421294,0.0,286.2759687828336,True
208,0,arb,normalizer,buy,0.05072717496326414,5.125661180347379,100.99226174670318,0.0,99.95433571984941,100.33835333421294,0.0,286.2759687828336,True
208,1,retail,normalizer,buy,0.007857240835157897,0.7934579646334896,100.99226174670318,0.0,99.95433571984941,100.33835333421294,0.0,286.2759687828336,True
209,0,arb,normalizer,buy,0.08371200749878714,8.445838069226738,100.8069251774055,0.0,99.95433571984941,100.33835333421294,0.0,286.2759687828336,True
209,1,retail,normalizer,sell,0.26541732140155716,26.989195355665352,100.8069251774055,0.0,99.95433571984941,100.33835333421294,0.0,286.2759687828336,True
210,0,arb,normalizer,buy,0.21684453972000942,21.928781143458764,100.90678972965523,0.0,99.95433571984941,100.33835333421294,0.0,286.2759687828336,True
210,1,retail,normalizer,buy,0.0812290770778804,8.189892763497483,100.90678972965523,0.0,99.95433571984941,100.33835333421294,0.0,286.2759687828336,True
211,0,retail,normalizer,sell,0.08120566575108512,8.236897723095248,100.8065234827154,0.0,99.95433571984941,100.33835333421294,0.0,286.2759687828336,True
212,0,arb,normalizer,buy,0.1022447167391534,10.306662038548893,100.70058751335023,0.0,99.95433571984941,100.33835333421294,0.0,286.2759687828336,True
213,0,arb,normalizer,buy,0.06404464679905651,6.445197539571382,100.57146840192148,0.0,99.95433571984941,100.33835333421294,0.0,286.2759687828336,True
213,1,retail,normalizer,buy,0.08699349182012618,8.741448472697812,100.57146840192148,0.0,99.95433571984941,100.33835333421294,0.0,286.2759687828336,True
218,0,retail,normalizer,buy,0.12658146376419405,12.692259690498759,100.40675287124307,0.0,99.95433571984941,100.33835333421294,0.0,286.2759687828336,True
218,1,retail,normalizer,buy,0.04613211128828576,4.617664458204672,100.40675287124307,0.0,99.95433571984941,100.33835333421294,0.0,286.2759687828336,True
219,0,retail,normalizer,sell,0.0076444443957086605,0.7694984761435383,100.28999366609379,0.0,99.95433571984941,100.33835333421294,0.0,286.2759687828336,True
221,0,retail,normalizer,sell,0.4417426965367923,44.667404777321664,100.17292061833143,0.0,99.95433571984941,100.33835333421294,0.0,286.2759687828336,True
221,1,retail,normalizer,buy,0.4461059715839941,44.83699875420825,100.17292061833143,0.0,99.95433571984941,100.33835333421294,0.0,286.2759687828336,True
221,2,retail,normalizer,sell,0.24885874836884625,25.1134146189919,100.17292061833143,0.0,99.95433571984941,100.33835333421294,0.0,286.2759687828336,True
222,0,arb,normalizer,buy,0.17076112139481506,17.142506295389467,100.21745932912037,0.0,99.95433571984941,100.33835333421294,0.0,286.2759687828336,True
222,1,retail,normalizer,buy,0.07531808631023479,7.542508741837082,100.21745932912037,0.0,99.95433571984941,100.33835333421294,0.0,286.2759687828336,True
223,0,retail,normalizer,buy,0.010787003683749047,1.0793038818392233,100.1904325763522,0.0,99.70967789557793,100.35772301220184,0.0,286.2759687828336,False
223,1,retail,submission,buy,0.12263793217212154,12.243181688054392,100.1904325763522,0.04396578653980576,99.70967789557793,100.35772301220184,0.0,286.2759687828336,False
223,2,retail,normalizer,buy,0.16830736335864538,16.81008208509411,100.1904325763522,0.0,99.70967789557793,100.35772301220184,0.0,286.2759687828336,False
225,0,arb,normalizer,sell,0.0375708793585261,3.7701754705703423,100.38606027404671,0.0,99.70967789557793,100.35772301220184,0.0,286.2759687828336,False
226,0,arb,normalizer,sell,0.0635432799450939,6.382917166915344,100.5138134175968,0.0,99.70967789557793,100.35772301220184,0.0,286.2759687828336,False
226,1,retail,normalizer,sell,0.03538226367011532,3.5576663670389124,100.5138134175968,0.0,99.70967789557793,100.35772301220184,0.0,286.2759687828336,False
227,0,arb,normalizer,sell,0.05748758404833154,5.785722574476649,100.70096646227155,0.0,99.70967789557793,100.35772301220184,0.0,286.2759687828336,False
227,1,retail,normalizer,buy,0.05948734340046615,5.951007780722648,100.70096646227155,0.0,99.70967789557793,100.35772301220184,0.0,286.2759687828336,False
228,0,arb,normalizer,sell,0.055434089708924716,5.578734407946681,100.69314746435305,0.0,99.70967789557793,100.35772301220184,0.0,286.2759687828336,False
228,1,retail,normalizer,sell,0.20491987164942316,20.67647983765938,100.69314746435305,0.0,99.74676982778492,100.37763517025569,0.0,283.2759687828336,False
228,2,retail,submission,sell,0.018621829434948722,1.911853720079593,100.69314746435305,0.03676310273027128,99.74676982778492,100.37763517025569,0.0,283.2759687828336,False
228,3,retail,normalizer,sell,0.7685052948082216,78.30616817502873,100.69314746435305,0.0,99.74676982778492,100.37763517025569,0.0,283.2759687828336,False
229,0,arb,normalizer,buy,0.6993980210021077,70.88827665957979,100.64602856892373,0.0,99.74676982778492,100.37763517025569,0.0,283.2759687828336,False
230,0,retail,normalizer,sell,0.30668142052586234,31.148279476316123,100.6707572674443,0.0,99.74676982778492,100.37763517025569,0.0,283.2759687828336,False
230,1,retail,normalizer,sell,0.2610062979685779,26.66132816287332,100.6707572674443,0.0,99.74676982778492,100.37763517025569,0.0,283.2759687828336,False
231,0,arb,normalizer,buy,0.5489057916144912,55.57350678662442,100.68735716500092,0.0,99.74676982778492,100.37763517025569,0.0,283.2759687828336,False
231,1,retail,normalizer,buy,0.15865110437281793,15.948808750719763,100.68735716500092,0.0,99.74676982778492,100.37763517025569,0.0,283.2759687828336,False
231,2,retail,normalizer,buy,0.022857398232626794,2.293627379633108,100.68735716500092,0.0,99.74676982778492,100.37763517025569,0.0,283.2759687828336,False
233,0,retail,normalizer,sell,0.41631402590412847,42.19344287557941,100.62996777935454,0.0,99.74676982778492,100.37763517025569,0.0,283.2759687828336,False
234,0,arb,normalizer,buy,0.19247763657148853,19.434495457608136,100.77534397713528,0.0,99.74676982778492,100.37763517025569,0.0,283.2759687828336,False
235,0,retail,normalizer,buy,0.04480248789398697,4.512959434066943,100.82776059737272,0.0,99.74676982778492,100.37763517025569,0.0,283.2759687828336,False
237,0,retail,normalizer,sell,0.20833724078613614,21.147114065015657,100.80508017703818,0.0,99.74676982778492,100.37763517025569,0.0,283.2759687828336,False
237,1,retail,normalizer,buy,0.05710487604708509,5.770440806349143,100.80508017703818,0.0,99.74676982778492,100.37763517025569,0.0,283.2759687828336,False
238,0,arb,normalizer,buy,0.08150721421335791,8.224847721681726,100.82698076375628,0.0,99.74676982778492,100.37763517025569,0.0,283.2759687828336,False
238,1,retail,normalizer,buy,0.20665894068829674,20.79371242478919,100.82698076375628,0.0,99.74676982778492,100.37763517025569,0.0,283.2759687828336,False
241,0,retail,normalizer,buy,0.0451747397166814,4.533966545215662,100.59165868675147,0.0,99.74676982778492,100.37763517025569,0.0,283.2759687828336,False
241,1,retail,normalizer,sell,0.06600172417910244,6.665596020346216,100.59165868675147,0.0,99.74676982778492,100.37763517025569,0.0,283.2759687828336,False
242,0,retail,normalizer,buy,0.07468173537017524,7.496379935413643,100.64230346243835,0.0,99.74676982778492,100.37763517025569,0.0,283.2759687828336,False
244,0,retail,normalizer,buy,0.10448891900820444,10.46958350465502,100.76432432067185,0.0,99.74676982778492,100.37763517025569,0.0,283.2759687828336,False
244,1,retail,normalizer,sell,0.1223795438875328,12.338347219667721,100.76432432067185,0.0,99.74676982778492,100.37763517025569,0.0,283.2759687828336,False
246,0,arb,normalizer,sell,0.07355238298580957,7.430163015988958,101.09325245337195,0.0,99.74676982778492,100.37763517025569,0.0,283.2759687828336,False
246,1,retail,submission,buy,0.06674849053389251,6.653510830279629,101.09325245337195,0.09431117414467405,99.61391247415526,100.39247443410365,0.0,283.2759687828336,False
246,2,retail,normalizer,buy,0.43717421946023993,43.739194943364055,101.09325245337195,0.0,99.61391247415526,100.39247443410365,0.0,283.2759687828336,False
247,0,arb,normalizer,sell,0.4361394192889776,43.89878221942891,101.09381415682131,0.0,99.61391247415526,100.39247443410365,0.0,283.2759687828336,False
247,1,retail,normalizer,buy,0.0735455788191692,7.385023547732999,101.09381415682131,0.0,99.61391247415526,100.39247443410365,0.0,283.2759687828336,False
248,0,arb,normalizer,sell,0.17984960827338625,18.187759299813486,101.3103908651965,0.0,99.61391247415526,100.39247443410365,0.0,283.2759687828336,False
249,0,retail,normalizer,buy,0.09584767630291519,9.642929697776708,101.22002965897377,0.0,99.61391247415526,100.39247443410365,0.0,283.2759687828336,False
249,1,retail,normalizer,buy,0.06935830232629284,6.966386121299365,101.22002965897377,0.0,99.61391247415526,100.39247443410365,0.0,283.2759687828336,False
250,0,arb,normalizer,sell,0.0028239528326139407,0.28515900221290785,100.98153161438384,0.0,99.61391247415526,100.39247443410365,0.0,283.2759687828336,False
252,0,arb,normalizer,sell,0.011711554906554511,1.1827897443266047,101.00526893093885,0.0,99.61391247415526,100.39247443410365,0.0,283.2759687828336,False
252,1,retail,normalizer,buy,0.04334344130083997,4.349801564358131,101.00526893093885,0.0,99.61391247415526,100.39247443410365,0.0,283.2759687828336,False
253,0,arb,normalizer,sell,0.028059733369616424,2.8325216730265863,100.9745566121089,0.0,99.61391247415526,100.39247443410365,0.0,283.2759687828336,False
253,1,retail,normalizer,sell,0.19476029348994928,19.70433916761649,100.9745566121089,0.0,99.61391247415526,100.39247443410365,0.0,283.2759687828336,False
254,0,retail,normalizer,buy,0.039899770857711424,4.018815095219907,100.94219092961616,0.0,99.61391247415526,100.39247443410365,0.0,283.2759687828336,False
257,0,retail,normalizer,sell,0.2637068005678884,26.781654973412493,100.80147601351455,0.0,99.61391247415526,100.39247443410365,0.0,283.2759687828336,False
258,0,arb,normalizer,buy,0.25554966908204285,25.800057170783475,100.70055687577947,0.0,99.61391247415526,100.39247443410365,0.0,283.2759687828336,False
258,1,retail,submission,buy,0.38895760562042464,38.59575782666616,100.70055687577947,0.5724896603804126,98.8449785252976,100.38353147595933,0.0,280.2759687828336,False
258,2,retail,normalizer,buy,0.9324105198928829,93.02515591502015,100.70055687577947,0.0,98.8449785252976,100.38353147595933,0.0,280.2759687828336,False
259,0,arb,normalizer,sell,0.6639935864323547,66.467448642887,100.7687690830438,0.0,98.8449785252976,100.38353147595933,0.0,280.2759687828336,False
259,1,retail,normalizer,sell,0.06242967713049552,6.294900759975649,100.7687690830438,0.0,98.8449785252976,100.38353147595933,0.0,280.2759687828336,False
260,0,retail,normalizer,buy,0.18358921632935174,18.37852202682916,100.8604532743752,0.0,98.8449785252976,100.38353147595933,0.0,280.2759687828336,False
260,1,retail,normalizer,sell,0.15947005496553857,16.05645238101616,100.8604532743752,0.0,98.8449785252976,100.38353147595933,0.0,280.2759687828336,False
260,2,retail,normalizer,buy,0.12956200736114792,12.970902079623556,100.8604532743752,0.0,98.8449785252976,100.38353147595933,0.0,280.2759687828336,False
261,0,arb,normalizer,sell,0.1332379691804988,13.419857414004019,100.85553848220306,0.0,98.8449785252976,100.38353147595933,0.0,280.2759687828336,False
262,0,arb,normalizer,sell,0.04357234638050045,4.396433375460386,100.9437291955929,0.0,98.8449785252976,100.38353147595933,0.0,280.2759687828336,False
263,0,retail,normalizer,sell,0.14469779180198827,14.627568196200487,100.92208679436858,0.0,98.8449785252976,100.38353147595933,0.0,280.2759687828336,False
266,0,retail,normalizer,buy,0.023347757725266684,2.348956926025494,100.92791519659998,0.0,98.8449785252976,100.38353147595933,0.0,280.2759687828336,False
267,0,retail,normalizer,sell,0.17581776704801655,17.822490319491415,100.88907118365368,0.0,98.8449785252976,100.38353147595933,0.0,280.2759687828336,False
268,0,retail,normalizer,buy,0.2204731859216115,22.20546416605248,100.99146756775899,0.0,98.8449785252976,100.38353147595933,0.0,280.2759687828336,False
270,0,retail,normalizer,sell,0.056609727044715896,5.726539165811233,101.03272451430622,0.0,98.8449785252976,100.38353147595933,0.0,280.2759687828336,False
271,0,retail,normalizer,sell,0.1067646604361272,10.817866852256866,100.88156523604364,0.0,98.8449785252976,100.38353147595933,0.0,280.2759687828336,False
272,0,retail,normalizer,buy,0.07074532438806742,7.12787810309419,100.8611408162402,0.0,98.8449785252976,100.38353147595933,0.0,280.2759687828336,False
273,0,retail,normalizer,buy,0.024492646237012482,2.4653792467779567,100.89664193913613,0.0,98.8449785252976,100.38353147595933,0.0,280.2759687828336,False
273,1,retail,normalizer,buy,0.0973114404564481,9.78322983380167,100.89664193913613,0.0,98.8449785252976,100.38353147595933,0.0,280.2759687828336,False
275,0,retail,normalizer,sell,0.020995775220654878,2.1219168970510665,101.02521020505264,0.0,98.8449785252976,100.38353147595933,0.0,280.2759687828336,False
276,0,arb,normalizer,sell,0.0184375562367336,1.8641108637023653,101.12272697275172,0.0,98.8449785252976,100.38353147595933,0.0,280.2759687828336,False
276,1,retail,submission,sell,0.08020709903428269,8.163190689181555,101.12272697275172,0.05243011226132843,99.0028102999168,100.37919728221674,0.0,277.2759687828336,False
276,2,retail,normalizer,sell,0.3599340670669875,36.52953418704175,101.12272697275172,0.0,99.0028102999168,100.37919728221674,0.0,277.2759687828336,False
277,0,arb,normalizer,buy,0.01376284376101934,1.393259574428157,101.21941151785603,0.0,99.0028102999168,100.37919728221674,0.0,277.2759687828336,False
277,1,retail,submission,sell,0.02306456427709236,2.349116185486198,101.21941151785603,0.014534562443144772,99.04826680640687,100.37591093550176,0.0,274.2759687828336,False
277,2,retail,normalizer,sell,0.02118532954955299,2.1577515165859356,101.21941151785603,0.0,99.04826680640687,100.37591093550176,0.0,274.2759687828336,False
278,0,arb,normalizer,buy,0.033403703862847085,3.3814122613421205,101.19469795335971,0.0,99.04826680640687,100.37591093550176,0.0,274.2759687828336,False
278,1,retail,submission,sell,0.09243287691036528,9.422173747619926,101.19469795335971,0.06845668771543423,99.03938634824246,100.37739172467231,0.0,268.2759687828336,False
278,2,retail,normalizer,sell,0.10928989931267097,11.138479651418578,101.19469795335971,0.0,99.03938634824246,100.37739172467231,0.0,268.2759687828336,False
278,3,retail,normalizer,buy,0.07943411760502625,8.049612512624662,101.19469795335971,0.0,99.03938634824246,100.37739172467231,0.0,268.2759687828336,False
278,4,retail,submission,buy,0.0969375601842557,9.609907232872501,101.19469795335971,0.1996598903088831,99.03938634824246,100.37739172467231,0.0,268.2759687828336,False
278,5,retail,normalizer,buy,1.1076465522591927,110.92150221231532,101.19469795335971,0.0,99.03938634824246,100.37739172467231,0.0,268.2759687828336,False
279,0,arb,normalizer,sell,0.8504898019536853,85.46411487912295,101.34719968998294,0.0,99.03938634824246,100.37739172467231,0.0,268.2759687828336,False
280,0,arb,normalizer,sell,0.02579480834837966,2.6149096125516293,101.399776768199,0.0,99.03938634824246,100.37739172467231,0.0,268.2759687828336,False
282,0,retail,normalizer,sell,0.023676317240969524,2.4013449389418002,101.277789191103,0.0,99.03938634824246,100.37739172467231,0.0,268.2759687828336,False
282,1,retail,normalizer,sell,0.01884749231497551,1.91240424895433,101.277789191103,0.0,99.03938634824246,100.37739172467231,0.0,268.2759687828336,False
283,0,retail,normalizer,sell,0.0893324040016239,9.074190699748035,101.43958602354276,0.0,99.03938634824246,100.37739172467231,0.0,268.2759687828336,False
284,0,retail,submission,sell,0.9039016665760471,92.8247343728193,101.27364044980153,1.2833219900203119,100.84553746818328,100.42693048893685,76.5097177084811,0.0,False
284,1,retail,normalizer,sell,0.9420625079951037,96.69584752164714,101.27364044980153,0.0,100.84553746818328,100.42693048893685,76.5097177084811,0.0,False
284,2,retail,normalizer,buy,0.058759816186168795,6.048937745104922,101.27364044980153,0.0,100.84553746818328,100.42693048893685,76.5097177084811,0.0,False
285,0,arb,submission,sell,0.19433890496786432,19.636533742081156,101.24031058404022,-0.03839735542770484,101.24031058404022,100.43423126124753,114.62039212864092,0.0,False
285,1,arb,normalizer,buy,0.7974200820540828,81.38305357154422,101.24031058404022,0.0,101.24031058404022,100.43423126124753,114.62039212864092,0.0,False
285,2,retail,submission,sell,0.35061869753619135,35.62241686906771,101.24031058404022,0.12567103393204349,101.95843254826396,100.4374135837154,184.180300886691,0.0,False
285,3,retail,normalizer,sell,0.05254090426002733,5.35415197419605,101.24031058404022,0.0,101.95843254826396,100.4374135837154,184.180300886691,0.0,False
286,0,arb,normalizer,buy,0.06534401480463696,6.618112001257032,101.21459216174358,0.0,101.95843254826396,100.4374135837154,184.180300886691,0.0,False
286,1,retail,normalizer,buy,0.07517292720633016,7.6028559068035975,101.21459216174358,0.0,101.95843254826396,100.4374135837154,184.180300886691,0.0,False
287,0,retail,normalizer,buy,0.026317272370195943,2.6589711740125495,101.35675698090881,0.0,101.95843254826396,100.4374135837154,184.180300886691,0.0,False
288,0,retail,normalizer,buy,0.05134526742881749,5.183638953667469,101.19107800179623,0.0,101.95843254826396,100.4374135837154,184.180300886691,0.0,False
289,0,retail,normalizer,buy,0.2795787354797129,28.131870198867546,101.35843575323828,0.0,101.95843254826396,100.4374135837154,184.180300886691,0.0,False
289,1,retail,normalizer,buy,0.04358829175014009,4.371785858460498,101.35843575323828,0.0,101.95843254826396,100.4374135837154,184.180300886691,0.0,False
290,0,arb,normalizer,sell,0.26812579116115387,27.115477974748337,101.40232889929653,0.0,101.95843254826396,100.4374135837154,184.180300886691,0.0,False
291,0,retail,normalizer,buy,0.11853510444406137,11.933545184094328,101.22469666006187,0.0,101.95843254826396,100.4374135837154,184.180300886691,0.0,False
292,0,arb,normalizer,sell,0.05688697209276938,5.758076515181709,101.27745960156392,0.0,101.95843254826396,100.4374135837154,184.180300886691,0.0,False
292,1,retail,submission,sell,0.0852073599081109,8.695089911322166,101.27745960156392,0.06550496047254661,102.13410456903057,100.454450597791,199.45573966963335,0.0,False
292,2,retail,normalizer,sell,0.418224664633172,42.535489398676674,101.27745960156392,0.0,102.13410456903057,100.454450597791,199.45573966963335,0.0,False
293,0,arb,normalizer,buy,0.1721179084395335,17.443586246097766,101.17153319361103,0.0,102.13410456903057,100.454450597791,199.45573966963335,0.0,False
293,1,retail,normalizer,sell,0.15436680268550163,15.736124585953416,101.17153319361103,0.0,102.13410456903057,100.454450597791,199.45573966963335,0.0,False
294,0,arb,normalizer,buy,0.040718186637984675,4.130671329810866,101.40383239289172,0.0,102.13410456903057,100.454450597791,199.45573966963335,0.0,False
294,1,retail,normalizer,buy,0.37278071369370913,37.6602331557533,101.40383239289172,0.0,101.4664155439436,100.44886538013726,199.45573966963335,0.0,False
294,2,retail,submission,buy,0.3316451386897852,33.087989721614576,101.40383239289172,0.5420983360017289,101.4664155439436,100.44886538013726,199.45573966963335,0.0,False
294,3,retail,normalizer,buy,0.6031612869314357,60.342333417136615,101.40383239289172,0.0,101.4664155439436,100.44886538013726,199.45573966963335,0.0,False
295,0,arb,normalizer,sell,0.6683094258547584,67.308231775597,101.39090369360525,0.0,101.4664155439436,100.44886538013726,199.45573966963335,0.0,False
296,0,retail,normalizer,buy,0.021020404236057666,2.118063001154951,101.27607852844801,0.0,101.4664155439436,100.44886538013726,199.45573966963335,0.0,False
298,0,retail,normalizer,buy,0.18255666841517237,18.357357539056466,101.33253952849763,0.0,101.4664155439436,100.44886538013726,199.45573966963335,0.0,False
298,1,retail,normalizer,buy,0.15246697591126213,15.280322352749863,101.33253952849763,0.0,101.4664155439436,100.44886538013726,199.45573966963335,0.0,False
299,0,arb,normalizer,sell,0.27459787752056286,27.720311559941536,101.2272268407036,0.0,101.4664155439436,100.44886538013726,199.45573966963335,0.0,False
300,0,arb,normalizer,sell,0.010013534942089564,1.01374435238095,101.24759616104261,0.0,101.4664155439436,100.44886538013726,199.45573966963335,0.0,False
301,0,retail,normalizer,buy,0.04170794766871926,4.195777533823275,101.20483637181476,0.0,101.4664155439436,100.44886538013726,199.45573966963335,0.0,False
301,1,retail,normalizer,buy,0.013898355114080961,1.3973821793479146,101.20483637181476,0.0,101.4664155439436,100.44886538013726,199.45573966963335,0.0,False
302,0,arb,normalizer,sell,0.08140518175787292,8.239640197448676,101.3004436832002,0.0,101.4664155439436,100.44886538013726,199.45573966963335,0.0,False
302,1,retail,normalizer,sell,0.06947169966748845,7.042430813593127,101.3004436832002,0.0,101.4664155439436,100.44886538013726,199.45573966963335,0.0,False
302,2,retail,normalizer,buy,0.04425478304402838,4.460420991003048,101.3004436832002,0.0,101.4664155439436,100.44886538013726,199.45573966963335,0.0,False
305,0,retail,normalizer,buy,0.04472809125754757,4.50410700030443,101.2572446073641,0.0,101.73705259420302,100.45147489271075,199.45573966963335,0.0,False
305,1,retail,submission,sell,0.13213140613663654,13.424768081814994,101.2572446073641,0.04550597032261727,101.73705259420302,100.45147489271075,199.45573966963335,0.0,False
305,2,retail,normalizer,sell,0.2329896840631136,23.648192836716994,101.2572446073641,0.0,101.73705259420302,100.45147489271075,199.45573966963335,0.0,False
306,0,arb,normalizer,buy,0.019140502188717073,1.9352600720794726,101.08868527491933,0.0,101.73705259420302,100.45147489271075,199.45573966963335,0.0,False
306,1,retail,submission,sell,0.021307477461860458,2.168225944707803,101.08868527491933,0.014281061563354402,101.7807968250291,100.45530169118528,199.45573966963335,0.0,False
306,2,retail,normalizer,sell,0.0404225914532077,4.112568941777274,101.08868527491933,0.0,101.7807968250291,100.45530169118528,199.45573966963335,0.0,False
307,0,arb,normalizer,buy,0.05297286576438859,5.35646953266405,101.06346360797608,0.0,101.7807968250291,100.45530169118528,199.45573966963335,0.0,False
308,0,arb,normalizer,buy,0.0013255193935082295,0.13395979858796636,101.06077426457547,0.0,101.7807968250291,100.45530169118528,199.45573966963335,0.0,False
308,1,retail,normalizer,buy,0.5070021101166864,50.97858609668583,101.06077426457547,0.0,101.7807968250291,100.45530169118528,199.45573966963335,0.0,False
309,0,arb,normalizer,sell,0.18499064047841784,18.652556997660255,101.01692376235668,0.0,101.7807968250291,100.45530169118528,199.45573966963335,0.0,False
309,1,retail,normalizer,buy,0.011357196220326323,1.140266162221451,101.01692376235668,0.0,101.7807968250291,100.45530169118528,199.45573966963335,0.0,False
309,2,retail,normalizer,sell,0.12171663807448851,12.307678608289605,101.01692376235668,0.0,101.7807968250291,100.45530169118528,199.45573966963335,0.0,False
309,3,retail,normalizer,buy,0.18894028833613907,18.978011298275305,101.01692376235668,0.0,101.7807968250291,100.45530169118528,199.45573966963335,0.0,False
310,0,arb,normalizer,sell,0.12562283774491334,12.68617504356845,101.11359079381276,0.0,101.7807968250291,100.45530169118528,199.45573966963335,0.0,False
311,0,arb,normalizer,sell,0.0027212184703557796,0.2751596888412026,101.1191163129108,0.0,101.7807968250291,100.45530169118528,199.45573966963335,0.0,False
311,1,retail,normalizer,buy,0.059671799086601314,5.994229490550424,101.1191163129108,0.0,101.7807968250291,100.45530169118528,199.45573966963335,0.0,False
312,0,arb,normalizer,sell,0.07523402441799476,7.604258260925688,101.15108828357016,0.0,101.7807968250291,100.45530169118528,199.45573966963335,0.0,False
313,0,arb,normalizer,sell,0.08875423623645418,8.985596411097058,101.33164075393043,0.0,101.7807968250291,100.45530169118528,199.45573966963335,0.0,False
315,0,retail,normalizer,buy,0.12882201658178688,12.958812288770787,101.2548775332308,0.0,101.7807968250291,100.45530169118528,199.45573966963335,0.0,False
316,0,arb,normalizer,sell,0.08867166972939344,8.97007621122688,101.25068948797951,0.0,101.7807968250291,100.45530169118528,199.45573966963335,0.0,False
316,1,retail,normalizer,buy,0.12916571007715252,12.982967995354556,101.25068948797951,0.0,101.7807968250291,100.45530169118528,199.45573966963335,0.0,False
317,0,arb,normalizer,sell,0.07596804868701668,7.677804182160086,101.14332849204332,0.0,101.7807968250291,100.45530169118528,199.45573966963335,0.0,False
319,0,retail,normalizer,buy,0.341322580354564,34.198811768923406,100.98399831078208,0.0,101.7807968250291,100.45530169118528,199.45573966963335,0.0,False
320,0,arb,normalizer,sell,0.3144049150882182,31.68342297931349,101.09074999784211,0.0,101.7807968250291,100.45530169118528,199.45573966963335,0.0,False
321,0,arb,normalizer,sell,0.030555780858918524,3.0898546431260585,101.15279945129807,0.0,101.7807968250291,100.45530169118528,199.45573966963335,0.0,False
321,1,retail,normalizer,buy,0.017936602271088734,1.8031440172417206,101.15279945129807,0.0,101.7807968250291,100.45530169118528,199.45573966963335,0.0,False
322,0,retail,normalizer,buy,0.08859394085885082,8.896747837790826,101.07396909278012,0.0,101.7807968250291,100.45530169118528,199.45573966963335,0.0,False
323,0,arb,normalizer,sell,0.10262414518371088,10.369285687518161,101.14551278474461,0.0,101.7807968250291,100.45530169118528,199.45573966963335,0.0,False
323,1,retail,submission,buy,0.03478623279876397,3.4687587157677626,101.14551278474461,0.0497126385127209,101.71081869339692,100.3147626690878,199.45573966963335,0.0,True
323,2,retail,normalizer,buy,0.4286425369586437,42.911372696491526,101.14551278474461,0.0,101.71081869339692,100.3147626690878,199.45573966963335,0.0,True
323,3,retail,normalizer,sell,0.026248781917630026,2.6329959081290637,101.14551278474461,0.0,101.71081869339692,100.3147626690878,199.45573966963335,0.0,True
324,0,arb,normalizer,sell,0.3682285423041094,37.08300377944678,101.07875455311324,0.0,101.71081869339692,100.3147626690878,199.45573966963335,0.0,True
325,0,arb,normalizer,sell,0.022816587454187243,2.306800613164711,101.12507442184261,0.0,101.71081869339692,100.3147626690878,199.45573966963335,0.0,True
325,1,retail,normalizer,buy,0.05530529018188173,5.556169212686655,101.12507442184261,0.0,101.71081869339692,100.3147626690878,199.45573966963335,0.0,True
326,0,arb,normalizer,sell,0.14516733993023934,14.68520987334908,101.3081508740114,0.0,101.71081869339692,100.3147626690878,199.45573966963335,0.0,True
327,0,arb,normalizer,sell,0.003092873190666978,0.31334300367604756,101.31444922010142,0.0,101.71081869339692,100.3147626690878,199.45573966963335,0.0,True
327,1,retail,normalizer,buy,0.10232006230498869,10.293841060387422,101.31444922010142,0.0,101.71081869339692,100.3147626690878,199.45573966963335,0.0,True
328,0,arb,normalizer,sell,0.10576326424107663,10.704775437810722,101.32208686132071,0.0,101.71081869339692,100.3147626690878,199.45573966963335,0.0,True
329,0,retail,normalizer,buy,0.44422711929851283,44.54208761407608,101.28319370279858,0.0,101.71081869339692,100.3147626690878,199.45573966963335,0.0,True
329,1,retail,normalizer,buy,0.012230981008767051,1.2208009540518105,101.28319370279858,0.0,101.71081869339692,100.3147626690878,199.45573966963335,0.0,True
330,0,arb,normalizer,sell,0.4064524635478648,40.97507048258889,101.22310044478398,0.0,101.71081869339692,100.3147626690878,199.45573966963335,0.0,True
333,0,retail,normalizer,buy,0.10613386219594513,10.6674964570484,100.85562711049131,0.0,101.71081869339692,100.3147626690878,199.45573966963335,0.0,True
334,0,retail,normalizer,buy,0.1878499532868536,18.825336398276704,100.69271371791321,0.0,101.71081869339692,100.3147626690878,199.45573966963335,0.0,True
334,1,retail,normalizer,buy,0.015753258778530347,1.575499513251998,100.69271371791321,0.0,101.71081869339692,100.3147626690878,199.45573966963335,0.0,True
335,0,arb,normalizer,sell,0.08206114863017433,8.261975174252678,100.76352575605688,0.0,101.71081869339692,100.3147626690878,199.45573966963335,0.0,True
335,1,retail,normalizer,sell,0.0901359168027085,9.090625567871106,100.76352575605688,0.0,101.71081869339692,100.3147626690878,199.45573966963335,0.0,True
337,0,retail,normalizer,sell,0.030945233757208257,3.1247626680952014,100.85251700414751,0.0,101.71081869339692,100.3147626690878,199.45573966963335,0.0,True
338,0,retail,normalizer,buy,0.013679948778284733,1.3733254421567835,100.91625610222562,0.0,101.71081869339692,100.3147626690878,199.45573966963335,0.0,True
339,0,retail,normalizer,sell,0.043068303618412074,4.350956318926085,100.8546897592763,0.0,101.71081869339692,100.3147626690878,199.45573966963335,0.0,True
341,0,retail,normalizer,sell,0.16865217990888937,17.074283950443746,100.78481763465507,0.0,101.71081869339692,100.3147626690878,199.45573966963335,0.0,True
341,1,retail,normalizer,sell,0.045148694026096337,4.580667884731099,100.78481763465507,0.0,101.71081869339692,100.3147626690878,199.45573966963335,0.0,True
341,2,retail,normalizer,sell,0.05452566438566464,5.537580679769253,100.78481763465507,0.0,101.71081869339692,100.3147626690878,199.45573966963335,0.0,True
342,0,arb,normalizer,buy,0.15560051331290034,15.692101847962476,100.6914246984561,0.0,101.71081869339692,100.3147626690878,199.45573966963335,0.0,True
344,0,retail,submission,sell,0.690996169896593,70.77500438394664,100.88266312703445,1.0654705541975886,103.14338485284051,100.3627157647748,304.59257658966675,0.0,False
344,1,retail,normalizer,sell,0.894027790753384,91.38455331393901,100.88266312703445,0.0,103.14338485284051,100.3627157647748,304.59257658966675,0.0,False
345,0,arb,normalizer,buy,0.8242006202324693,83.8032176707784,100.8379058018919,0.0,103.14338485284051,100.3627157647748,304.59257658966675,0.0,False
346,0,arb,normalizer,buy,0.08337083173704442,8.399918273647927,100.66952865873661,0.0,103.14338485284051,100.3627157647748,304.59257658966675,0.0,False
346,1,retail,normalizer,buy,0.06783275364093203,6.82405389464293,100.66952865873661,0.0,103.14338485284051,100.3627157647748,304.59257658966675,0.0,False
346,2,retail,normalizer,sell,0.3539416667198907,35.924906527938184,100.66952865873661,0.0,103.14338485284051,100.3627157647748,304.59257658966675,0.0,False
346,3,retail,normalizer,sell,0.0043759967104932684,0.4457654454019488,100.66952865873661,0.0,103.14338485284051,100.3627157647748,304.59257658966675,0.0,False
347,0,arb,normalizer,buy,0.3366969570037153,33.97905690103289,100.57855144774581,0.0,103.14338485284051,100.3627157647748,304.59257658966675,0.0,False
348,0,arb,normalizer,buy,0.006305256731205276,0.6341335494798841,100.56585163598817,0.0,103.14338485284051,100.3627157647748,304.59257658966675,0.0,False
348,1,retail,normalizer,sell,0.021934353705177045,2.2196308104001132,100.56585163598817,0.0,103.14338485284051,100.3627157647748,304.59257658966675,0.0,False
348,2,retail,normalizer,buy,0.19694822072861343,19.775986375670982,100.56585163598817,0.0,103.14338485284051,100.3627157647748,304.59257658966675,0.0,False
351,0,retail,normalizer,sell,0.006490744200448262,0.6544292818862799,100.57533666056004,0.0,103.14338485284051,100.3627157647748,304.59257658966675,0.0,False
353,0,arb,normalizer,sell,0.005189743923480705,0.5233172128880663,100.84205552224287,0.0,103.14338485284051,100.3627157647748,304.59257658966675,0.0,False
354,0,arb,normalizer,sell,0.06330276219426878,6.387635102759689,100.97019307184227,0.0,103.14338485284051,100.3627157647748,304.59257658966675,0.0,False
355,0,arb,normalizer,sell,0.0364958985387176,3.686347768757811,101.04417915015478,0.0,103.14338485284051,100.3627157647748,304.59257658966675,0.0,False
356,0,arb,normalizer,sell,0.050219934660475474,5.076991166042298,101.14612020626116,0.0,103.14338485284051,100.3627157647748,304.59257658966675,0.0,False
357,0,arb,normalizer,sell,0.055081447674666606,5.574358074630554,101.25810710357855,0.0,103.14338485284051,100.3627157647748,304.59257658966675,0.0,False
357,1,retail,normalizer,buy,0.03955195540767762,3.979385771570378,101.25810710357855,0.0,103.14338485284051,100.3627157647748,304.59257658966675,0.0,False
358,0,arb,normalizer,sell,0.05763158611671315,5.834420904436503,101.2951471830346,0.0,103.14338485284051,100.3627157647748,304.59257658966675,0.0,False
359,0,arb,normalizer,sell,0.025905938629264824,2.6248292149250196,101.34791018405711,0.0,103.14338485284051,100.3627157647748,304.59257658966675,0.0,False
359,1,retail,normalizer,sell,0.10033613554307408,10.179124161472558,101.34791018405711,0.0,103.14338485284051,100.3627157647748,304.59257658966675,0.0,False
362,0,arb,normalizer,sell,0.014872446178642917,1.5105624624464558,101.5830572346097,0.0,103.14338485284051,100.3627157647748,304.59257658966675,0.0,False
362,1,retail,normalizer,sell,0.04224547693203817,4.293249960562511,101.5830572346097,0.0,103.14338485284051,100.3627157647748,304.59257658966675,0.0,False
363,0,retail,normalizer,sell,0.020724519308274125,2.1074909975164235,101.54158889674797,0.0,103.14338485284051,100.3627157647748,304.59257658966675,0.0,False
366,0,retail,normalizer,sell,0.0797699462112007,8.120077850876916,101.5052381428791,0.0,106.06340556694488,100.4595077724615,563.3535602622446,0.0,False
366,1,retail,submission,sell,1.1567530922457365,120.72975410200804,101.5052381428791,3.3132560010927676,106.06340556694488,100.4595077724615,563.3535602622446,0.0,False
366,2,retail,normalizer,sell,1.7702154141599635,183.617480792861,101.5052381428791,0.0,106.06340556694488,100.4595077724615,563.3535602622446,0.0,False
366,3,retail,submission,sell,0.2081133283434724,22.026000053069584,101.5052381428791,0.901407098858229,106.06340556694488,100.4595077724615,563.3535602622446,0.0,False
366,4,retail,normalizer,sell,0.2084262024790462,22.059113577231262,101.5052381428791,0.0,106.06340556694488,100.4595077724615,563.3535602622446,0.0,False
367,0,arb,normalizer,buy,1.841455030943171,190.54354858813713,101.55712045823832,0.0,106.06340556694488,100.4595077724615,563.3535602622446,0.0,False
369,0,retail,normalizer,buy,0.08361373480251146,8.484431700007917,101.59198549154502,0.0,106.06340556694488,100.4595077724615,563.3535602622446,0.0,False
370,0,retail,normalizer,sell,0.1951362819366409,19.942658245380187,101.50937397750853,0.0,106.06340556694488,100.4595077724615,563.3535602622446,0.0,False
370,1,retail,normalizer,sell,0.0448338680863003,4.593074173028412,101.50937397750853,0.0,106.06340556694488,100.4595077724615,563.3535602622446,0.0,False
371,0,arb,normalizer,buy,0.264898354610238,26.915701338117287,101.33711391595804,0.0,106.06340556694488,100.4595077724615,563.3535602622446,0.0,False
371,1,retail,normalizer,buy,0.1205711087936224,12.203538435429437,101.33711391595804,0.0,106.06340556694488,100.4595077724615,563.3535602622446,0.0,False
371,2,retail,normalizer,buy,0.1657369364380797,16.726835810301054,101.33711391595804,0.0,106.06340556694488,100.4595077724615,563.3535602622446,0.0,False
373,0,retail,normalizer,sell,0.6798853758268706,69.38991377061554,101.17067015679872,0.0,106.06340556694488,100.4595077724615,563.3535602622446,0.0,False
374,0,arb,normalizer,buy,0.4477453678956429,45.530521750899425,101.23101467328136,0.0,106.06340556694488,100.4595077724615,563.3535602622446,0.0,False
374,1,retail,normalizer,sell,0.11711979449303556,11.941707050583421,101.23101467328136,0.0,106.06340556694488,100.4595077724615,563.3535602622446,0.0,False
375,0,arb,normalizer,buy,0.13872432705299548,14.05679595931906,101.18780200659998,0.0,106.06340556694488,100.4595077724615,563.3535602622446,0.0,False
377,0,retail,normalizer,buy,0.1496308907497741,15.11809980662838,101.302569064968,0.0,106.06340556694488,100.4595077724615,563.3535602622446,0.0,False
378,0,retail,normalizer,buy,0.16387383279754983,16.50517626913279,101.26381713946078,0.0,106.06340556694488,100.4595077724615,563.3535602622446,0.0,False
379,0,arb,normalizer,sell,0.10575403239643322,10.709408621817492,101.37480793639126,0.0,106.06340556694488,100.4595077724615,563.3535602622446,0.0,False
380,0,arb,normalizer,sell,0.007717056095003727,0.7823757782027977,101.39053960688615,0.0,106.06340556694488,100.4595077724615,563.3535602622446,0.0,False
381,0,arb,normalizer,sell,0.03543677762486652,3.594234585975486,101.46282658975863,0.0,106.06340556694488,100.4595077724615,563.3535602622446,0.0,False
382,0,arb,normalizer,sell,0.03399018855787972,3.4499200142834576,101.53223535739465,0.0,106.06340556694488,100.4595077724615,563.3535602622446,0.0,False
385,0,arb,normalizer,sell,0.011137794462584338,1.130971904904428,101.55499448971001,0.0,106.06340556694488,100.4595077724615,563.3535602622446,0.0,False
385,1,retail,normalizer,buy,0.07131408939485011,7.193766669368415,101.55499448971001,0.0,106.06340556694488,100.4595077724615,563.3535602622446,0.0,False
385,2,retail,normalizer,sell,0.048255882285673124,4.895996873753192,101.55499448971001,0.0,106.06340556694488,100.4595077724615,563.3535602622446,0.0,False
385,3,retail,normalizer,buy,0.01054176438880759,1.0635535365890973,101.55499448971001,0.0,106.06340556694488,100.4595077724615,563.3535602622446,0.0,False
386,0,retail,normalizer,buy,0.20634926058305017,20.773287810767215,101.45687583820889,0.0,106.06340556694488,100.4595077724615,563.3535602622446,0.0,False
386,1,retail,normalizer,buy,0.05655041825060536,5.677989771615103,101.45687583820889,0.0,106.06340556694488,100.4595077724615,563.3535602622446,0.0,False
387,0,arb,normalizer,sell,0.3071154472556543,31.100300871806805,101.57880858955515,0.0,106.06340556694488,100.4595077724615,563.3535602622446,0.0,False
388,0,arb,normalizer,sell,0.07744152222720402,7.872552902783971,101.73732128421148,0.0,106.06340556694488,100.4595077724615,563.3535602622446,0.0,False
388,1,retail,normalizer,sell,0.016058875855264887,1.6340512949413784,101.73732128421148,0.0,106.06340556694488,100.4595077724615,563.3535602622446,0.0,False
389,0,retail,normalizer,sell,0.07545650645587898,7.685067836310741,101.66487009418775,0.0,106.06340556694488,100.4595077724615,563.3535602622446,0.0,False
390,0,retail,normalizer,buy,0.12333965835953893,12.480623036486577,101.8881875553925,0.0,106.06340556694488,100.4595077724615,563.3535602622446,0.0,False
391,0,arb,normalizer,sell,0.1534846515614987,15.629380890530442,101.98785561248526,0.0,106.06340556694488,100.4595077724615,563.3535602622446,0.0,False
392,0,arb,normalizer,sell,0.04185256205961707,4.270255234384724,102.07399411362766,0.0,106.06340556694488,100.4595077724615,563.3535602622446,0.0,False
393,0,arb,normalizer,sell,0.08593198746972064,8.779031567682832,102.25119671919943,0.0,106.06340556694488,100.4595077724615,563.3535602622446,0.0,False
393,1,retail,normalizer,sell,0.24697895523216573,25.317026445686437,102.25119671919943,0.0,106.06340556694488,100.4595077724615,563.3535602622446,0.0,False
395,0,retail,normalizer,buy,0.142298853863886,14.514617652685047,102.19704143978713,0.0,106.06340556694488,100.4595077724615,563.3535602622446,0.0,False
396,0,retail,normalizer,buy,0.03281791206279263,3.341552826053885,102.20958354530747,0.0,106.06340556694488,100.4595077724615,563.3535602622446,0.0,False
398,0,retail,normalizer,buy,0.018745558721625602,1.9077003835318465,102.20370004739607,0.0,106.06340556694488,100.4595077724615,563.3535602622446,0.0,False
400,0,retail,normalizer,sell,0.22459978074022047,23.042802672177896,102.19885143175809,0.0,106.06340556694488,100.4595077724615,563.3535602622446,0.0,False
401,0,arb,normalizer,buy,0.024491446443319843,2.5027062600347563,102.16169376722355,0.0,106.06340556694488,100.4595077724615,563.3535602622446,0.0,False
402,0,arb,normalizer,buy,0.04698054230227613,4.797337150283056,102.06488405347912,0.0,106.06340556694488,100.4595077724615,563.3535602622446,0.0,False
402,1,retail,normalizer,sell,0.28780254016282925,29.637880671751915,102.06488405347912,0.0,106.06340556694488,100.4595077724615,563.3535602622446,0.0,False
403,0,arb,normalizer,buy,0.3196643865564525,32.71156506639272,102.00108828620067,0.0,106.06340556694488,100.4595077724615,563.3535602622446,0.0,False
404,0,retail,normalizer,buy,0.22871495432862896,23.275490432244624,102.06811780730358,0.0,105.80011967679464,100.52282157916706,560.3535602622446,0.0,False
404,1,retail,submission,buy,0.12795021708466037,12.790413181019176,102.06811780730358,0.269224649848006,105.80011967679464,100.52282157916706,560.3535602622446,0.0,False
404,2,retail,normalizer,buy,0.8388416955352661,84.45664148436481,102.06811780730358,0.0,105.80011967679464,100.52282157916706,560.3535602622446,0.0,False
405,0,arb,normalizer,sell,0.8324204742700516,84.31194770639273,102.13608597893192,0.0,105.80011967679464,100.52282157916706,560.3535602622446,0.0,False
406,0,arb,normalizer,sell,0.026494488054765952,2.7067669849574694,102.19072162947931,0.0,105.80011967679464,100.52282157916706,560.3535602622446,0.0,False
407,0,arb,normalizer,sell,0.016669382451624415,1.7037428883061692,102.22511889390151,0.0,105.80011967679464,100.52282157916706,560.3535602622446,0.0,False
407,1,retail,normalizer,buy,0.3062433925690425,31.02259048986525,102.22511889390151,0.0,105.80011967679464,100.52282157916706,560.3535602622446,0.0,False
408,0,arb,normalizer,sell,0.1946801521349215,19.81791007615252,101.99712842576369,0.0,105.80011967679464,100.52282157916706,560.3535602622446,0.0,False
408,1,retail,normalizer,buy,0.051797003403244966,5.248760914661034,101.99712842576369,0.0,105.80011967679464,100.52282157916706,560.3535602622446,0.0,False
411,0,arb,normalizer,sell,0.009377136095210403,0.9555358805831703,101.91024090474355,0.0,105.80011967679464,100.52282157916706,560.3535602622446,0.0,False
412,0,retail,normalizer,sell,0.15895913478982493,16.225561827461537,101.84968419466502,0.0,105.80011967679464,100.52282157916706,560.3535602622446,0.0,False
414,0,arb,normalizer,buy,0.015844900987493245,1.6099829029535613,101.59269322958076,0.0,105.80011967679464,100.52282157916706,560.3535602622446,0.0,False
414,1,retail,submission,buy,0.3820731671210084,38.01721334982176,101.59269322958076,0.7986287087571924,105.01948106801375,100.56240888676932,557.3535602622446,0.0,False
414,2,retail,normalizer,buy,1.2242862378449706,122.8646654775639,101.59269322958076,0.0,105.01948106801375,100.56240888676932,557.3535602622446,0.0,False
414,3,retail,normalizer,sell,0.3338415100779173,33.4059453535596,101.59269322958076,0.0,105.01948106801375,100.56240888676932,557.3535602622446,0.0,False
415,0,arb,normalizer,sell,0.5787946857175825,58.449168101905926,101.5724710112695,0.0,105.01948106801375,100.56240888676932,557.3535602622446,0.0,False
415,1,retail,normalizer,sell,0.02158859525020773,2.193283456262177,101.5724710112695,0.0,105.01948106801375,100.56240888676932,557.3535602622446,0.0,False
418,0,retail,normalizer,buy,0.015185021910890016,1.5335724722262967,101.19176089001964,0.0,105.01948106801375,100.56240888676932,557.3535602622446,0.0,False
418,1,retail,normalizer,sell,0.027598404355700268,2.8043809208023482,101.19176089001964,0.0,105.01948106801375,100.56240888676932,557.3535602622446,0.0,False
419,0,retail,normalizer,sell,0.1311501415727463,13.347999649886468,101.05624010043184,0.0,105.01948106801375,100.56240888676932,557.3535602622446,0.0,False
420,0,arb,normalizer,buy,0.12184545651600383,12.327907244774906,101.05284515254482,0.0,105.01948106801375,100.56240888676932,557.3535602622446,0.0,False
420,1,retail,normalizer,sell,0.23522101582136656,23.969778962397985,101.05284515254482,0.0,105.01948106801375,100.56240888676932,557.3535602622446,0.0,False
421,0,arb,normalizer,buy,0.2163141888181575,21.915366818717303,101.09264747527212,0.0,105.01948106801375,100.56240888676932,557.3535602622446,0.0,False
424,0,retail,normalizer,buy,0.07122722907326752,7.19540388436144,101.2861339695189,0.0,105.01948106801375,100.56240888676932,557.3535602622446,0.0,False
429,0,retail,normalizer,buy,0.06959562803393651,7.020653249379393,101.03745419257183,0.0,105.01948106801375,100.56240888676932,557.3535602622446,0.0,False
432,0,arb,normalizer,sell,0.04094588263062349,4.1542364835756125,101.49854712052426,0.0,105.01948106801375,100.56240888676932,557.3535602622446,0.0,False
432,1,retail,normalizer,buy,0.17916397769412795,18.04351544473866,101.49854712052426,0.0,105.01948106801375,100.56240888676932,557.3535602622446,0.0,False
432,2,retail,normalizer,sell,0.17677074496992873,17.909457393344987,101.49854712052426,0.0,105.01948106801375,100.56240888676932,557.3535602622446,0.0,False
433,0,arb,normalizer,sell,0.028623966104106557,2.9060192580110855,101.5532313802643,0.0,105.01948106801375,100.56240888676932,557.3535602622446,0.0,False
435,0,retail,normalizer,buy,0.044200972462076424,4.459881844089978,101.51813143975555,0.0,105.01948106801375,100.56240888676932,557.3535602622446,0.0,False
436,0,arb,normalizer,sell,0.0013367970408353358,0.13563756729418822,101.46595694709781,0.0,105.01948106801375,100.56240888676932,557.3535602622446,0.0,False
436,1,retail,normalizer,buy,0.2564064973898757,25.79434377176949,101.46595694709781,0.0,105.01948106801375,100.56240888676932,557.3535602622446,0.0,False
437,0,arb,normalizer,sell,0.26190590872013786,26.508052381084866,101.47875287771359,0.0,105.01948106801375,100.56240888676932,557.3535602622446,0.0,False
438,0,arb,normalizer,sell,0.035233812865712366,3.576750992414835,101.55071945022854,0.0,105.01948106801375,100.56240888676932,557.3535602622446,0.0,False
438,1,retail,normalizer,buy,0.1340013832958542,13.508252699006334,101.55071945022854,0.0,105.01948106801375,100.56240888676932,557.3535602622446,0.0,False
439,0,arb,normalizer,sell,0.1680532907158181,17.048932293121066,101.62116709906604,0.0,105.01948106801375,100.56240888676932,557.3535602622446,0.0,False
440,0,arb,normalizer,sell,0.031389929480880596,3.19088945757052,101.68541368421985,0.0,105.01948106801375,100.56240888676932,557.3535602622446,0.0,False
440,1,retail,normalizer,buy,0.03162841194425961,3.195865508470888,101.68541368421985,0.0,105.01948106801375,100.56240888676932,557.3535602622446,0.0,False
440,2,retail,normalizer,sell,0.16689290926207434,16.988341480048195,101.68541368421985,0.0,105.01948106801375,100.56240888676932,557.3535602622446,0.0,False
441,0,retail,normalizer,buy,0.0775923416939983,7.858032800748333,101.59438698305662,0.0,105.01948106801375,100.56240888676932,557.3535602622446,0.0,False
442,0,retail,normalizer,sell,0.42556865390284315,43.51126490155325,101.55907244422005,0.0,105.01948106801375,100.56240888676932,557.3535602622446,0.0,False
443,0,arb,normalizer,buy,0.3001397043835393,30.54210276385311,101.45245237628455,0.0,105.01948106801375,100.56240888676932,557.3535602622446,0.0,False
443,1,retail,normalizer,sell,0.1994177781011075,20.394385520430493,101.45245237628455,0.0,105.01948106801375,100.56240888676932,557.3535602622446,0.0,False
443,2,retail,normalizer,sell,0.05332633325321012,5.467605181922837,101.45245237628455,0.0,105.01948106801375,100.56240888676932,557.3535602622446,0.0,False
444,0,arb,normalizer,buy,0.2315284901423525,23.554379053168304,101.49731314538566,0.0,105.01948106801375,100.56240888676932,557.3535602622446,0.0,False
445,0,arb,normalizer,buy,0.07460132346508444,7.566155872060335,101.34514727119318,0.0,105.01948106801375,100.56240888676932,557.3535602622446,0.0,False
445,1,retail,normalizer,sell,0.11158273782768902,11.38933872250315,101.34514727119318,0.0,105.01948106801375,100.56240888676932,557.3535602622446,0.0,False
446,0,arb,normalizer,buy,0.17951568889033642,18.201166719074536,101.2075631787765,0.0,105.01948106801375,100.56240888676932,557.3535602622446,0.0,False
446,1,retail,normalizer,sell,0.019835922813626894,2.0200488186095718,101.2075631787765,0.0,105.01948106801375,100.56240888676932,557.3535602622446,0.0,False
447,0,retail,normalizer,buy,0.07885375190045765,7.97746676839779,101.29544792035617,0.0,105.01948106801375,100.56240888676932,557.3535602622446,0.0,False
448,0,retail,normalizer,buy,0.2116986828063369,21.354767500912203,101.21111757140332,0.0,105.01948106801375,100.56240888676932,557.3535602622446,0.0,False
450,0,retail,normalizer,sell,0.005289890714678336,0.5357154157254893,100.91513838804468,0.0,105.01948106801375,100.56240888676932,557.3535602622446,0.0,False
451,0,retail,normalizer,sell,0.031644291786221856,3.2058561210314975,100.9599670881122,0.0,105.01948106801375,100.56240888676932,557.3535602622446,0.0,False
451,1,retail,normalizer,sell,0.3963763989230813,40.33001242317997,100.9599670881122,0.0,105.01948106801375,100.56240888676932,557.3535602622446,0.0,False
452,0,arb,normalizer,buy,0.24913314445907778,25.2341636584315,101.03459952370717,0.0,105.01948106801375,100.56240888676932,557.3535602622446,0.0,False
452,1,retail,normalizer,sell,0.2808128594849961,28.623730112839457,101.03459952370717,0.0,105.01948106801375,100.56240888676932,557.3535602622446,0.0,False
453,0,arb,normalizer,buy,0.37293203427524746,37.75127112700284,100.84974318276117,0.0,105.01948106801375,100.56240888676932,557.3535602622446,0.0,False
458,0,retail,normalizer,sell,0.011144239116433141,1.130794224696051,101.32913915460477,0.0,105.01948106801375,100.56240888676932,557.3535602622446,0.0,False
459,0,arb,normalizer,sell,0.03271380083293707,3.3208998267241325,101.54714105586575,0.0,105.01948106801375,100.56240888676932,557.3535602622446,0.0,False
459,1,retail,normalizer,sell,0.03636332324366265,3.6939430742610897,101.54714105586575,0.0,105.01948106801375,100.56240888676932,557.3535602622446,0.0,False
459,2,retail,normalizer,buy,0.3636625962840941,36.60095684133739,101.54714105586575,0.0,105.01948106801375,100.56240888676932,557.3535602622446,0.0,False
459,3,retail,normalizer,sell,0.19169295501475858,19.375962951714115,101.54714105586575,0.0,105.01948106801375,100.56240888676932,557.3535602622446,0.0,False
460,0,arb,normalizer,sell,0.10015354863664072,10.153049411052516,101.47695843030095,0.0,105.01948106801375,100.56240888676932,557.3535602622446,0.0,False
461,0,arb,normalizer,sell,0.007853081779941817,0.7969698058783696,101.49299163425125,0.0,105.01948106801375,100.56240888676932,557.3535602622446,0.0,False
461,1,retail,normalizer,buy,0.1479213183376954,14.900928648256013,101.49299163425125,0.0,105.01948106801375,100.56240888676932,557.3535602622446,0.0,False
461,2,retail,normalizer,buy,0.2691979850286449,27.0048250512682,101.49299163425125,0.0,105.01948106801375,100.56240888676932,557.3535602622446,0.0,False
462,0,arb,normalizer,sell,0.43643718041396085,44.11991448258436,101.53500472205964,0.0,105.01948106801375,100.56240888676932,557.3535602622446,0.0,False
463,0,arb,normalizer,sell,0.023753392277257035,2.412377332936048,101.58355398222017,0.0,105.01948106801375,100.56240888676932,557.3535602622446,0.0,False
463,1,retail,normalizer,sell,1.1530166474309596,118.50259220306548,101.58355398222017,0.0,105.1817483385924,100.60596270172547,557.3535602622446,0.0,False
463,2,retail,submission,sell,0.07529969430626693,7.914041800472483,101.58355398222017,0.26483123906714034,105.1817483385924,100.60596270172547,557.3535602622446,0.0,False
463,3,retail,normalizer,sell,0.5614054613917148,58.7120706326268,101.58355398222017,0.0,105.1817483385924,100.60596270172547,557.3535602622446,0.0,False
464,0,arb,normalizer,buy,1.4066582101964424,144.98614608706703,101.6120326392673,0.0,105.1817483385924,100.60596270172547,557.3535602622446,0.0,False
467,0,arb,normalizer,buy,0.013155581359606682,1.3365883809983643,101.58512850166196,0.0,105.1817483385924,100.60596270172547,557.3535602622446,0.0,False
467,1,retail,submission,buy,0.00787833377708085,0.7824117377622315,101.58512850166196,0.017909811361510486,105.165700410152,100.64776720393725,554.3535602622446,0.0,False
467,2,retail,normalizer,buy,1.1346674233033136,113.96397193948542,101.58512850166196,0.0,105.165700410152,100.64776720393725,554.3535602622446,0.0,False
468,0,arb,normalizer,sell,0.9035495235722664,91.08849495301581,101.7291930286007,0.0,105.165700410152,100.64776720393725,554.3535602622446,0.0,False
469,0,arb,normalizer,sell,0.017813096864045974,1.8124371110813993,101.7657022256013,0.0,105.165700410152,100.64776720393725,554.3535602622446,0.0,False
470,0,retail,normalizer,sell,0.32034284871828334,32.705446769719515,101.68264535605854,0.0,105.165700410152,100.64776720393725,554.3535602622446,0.0,False
470,1,retail,normalizer,sell,0.14097601263219417,14.46015798024599,101.68264535605854,0.0,105.165700410152,100.64776720393725,554.3535602622446,0.0,False
471,0,arb,normalizer,buy,0.22197484147056853,22.61358781002309,101.64690510818588,0.0,105.165700410152,100.64776720393725,554.3535602622446,0.0,False
472,0,arb,normalizer,buy,0.02234778484120575,2.2710722366791742,101.60118505161252,0.0,105.165700410152,100.64776720393725,554.3535602622446,0.0,False
472,1,retail,normalizer,sell,0.10839846648613616,11.091929262844484,101.60118505161252,0.0,105.165700410152,100.64776720393725,554.3535602622446,0.0,False
472,2,retail,normalizer,buy,0.021623532058660945,2.2013129598963133,101.60118505161252,0.0,105.165700410152,100.64776720393725,554.3535602622446,0.0,False
473,0,arb,normalizer,buy,0.10876548736478062,11.057987259808215,101.55689257592448,0.0,105.165700410152,100.64776720393725,554.3535602622446,0.0,False
473,1,retail,normalizer,sell,0.04475780496645143,4.574926209724115,101.55689257592448,0.0,105.165700410152,100.64776720393725,554.3535602622446,0.0,False
473,2,retail,normalizer,sell,0.09367476010609721,9.58837709481753,101.55689257592448,0.0,105.165700410152,100.64776720393725,554.3535602622446,0.0,False
474,0,arb,normalizer,buy,0.2007703909867671,20.405430226741373,101.4304550920778,0.0,105.165700410152,100.64776720393725,554.3535602622446,0.0,False
475,0,arb,normalizer,buy,0.02107277449268235,2.136968259779678,101.38748029596287,0.0,105.165700410152,100.64776720393725,554.3535602622446,0.0,False
475,1,retail,normalizer,sell,0.10515163940102923,10.736700089415558,101.38748029596287,0.0,105.165700410152,100.64776720393725,554.3535602622446,0.0,False
476,0,arb,normalizer,buy,0.07416953758495415,7.530214466483812,101.45131880084425,0.0,105.165700410152,100.64776720393725,554.3535602622446,0.0,False
476,1,retail,normalizer,buy,0.1090168777992215,11.04779319201225,101.45131880084425,0.0,105.165700410152,100.64776720393725,554.3535602622446,0.0,False
481,0,retail,normalizer,sell,0.1552262623198004,15.83290478743735,101.60463814687535,0.0,105.165700410152,100.64776720393725,554.3535602622446,0.0,False
481,1,retail,normalizer,buy,0.465037681864863,47.003076650560615,101.60463814687535,0.0,105.165700410152,100.64776720393725,554.3535602622446,0.0,False
482,0,arb,normalizer,sell,0.1477904288546199,14.980005126435554,101.51047905418099,0.0,105.165700410152,100.64776720393725,554.3535602622446,0.0,False
482,1,retail,normalizer,sell,0.24648971968318278,25.083489440527348,101.51047905418099,0.0,105.165700410152,100.64776720393725,554.3535602622446,0.0,False
483,0,retail,normalizer,buy,0.19077252626413466,19.30817784557985,101.40925351940864,0.0,105.165700410152,100.64776720393725,554.3535602622446,0.0,False
484,0,retail,normalizer,sell,0.02216931031449576,2.2534710723050133,101.39692105641969,0.0,105.165700410152,100.64776720393725,554.3535602622446,0.0,False
484,1,retail,normalizer,buy,0.11085904084735071,11.191161270160592,101.39692105641969,0.0,105.165700410152,100.64776720393725,554.3535602622446,0.0,False
486,0,retail,normalizer,sell,0.19410208540270446,19.72920160945445,101.22123140149472,0.0,105.165700410152,100.64776720393725,554.3535602622446,0.0,False
487,0,arb,normalizer,buy,0.07605754336771145,7.693585780565627,101.07756937910219,0.0,105.165700410152,100.64776720393725,554.3535602622446,0.0,False
487,1,retail,normalizer,buy,0.15232205092551263,15.37283596600355,101.07756937910219,0.0,105.165700410152,100.64776720393725,554.3535602622446,0.0,False
489,0,retail,normalizer,buy,0.5489182785462714,55.01136247030445,101.1527202204988,0.0,105.165700410152,100.64776720393725,554.3535602622446,0.0,False
489,1,retail,normalizer,sell,0.19503410818761324,19.594299831079525,101.1527202204988,0.0,105.165700410152,100.64776720393725,554.3535602622446,0.0,False
490,0,arb,normalizer,sell,0.2342078176384348,23.631346422258346,101.13634610677623,0.0,105.165700410152,100.64776720393725,554.3535602622446,0.0,False
490,1,retail,normalizer,buy,0.11237004960276357,11.283916091137144,101.13634610677623,0.0,105.165700410152,100.64776720393725,554.3535602622446,0.0,False
491,0,arb,normalizer,sell,0.07997786834428666,8.076980121063821,101.0712694011319,0.0,105.165700410152,100.64776720393725,554.3535602622446,0.0,False
491,1,retail,normalizer,buy,0.09081963378621036,9.115976855055123,101.0712694011319,0.0,105.165700410152,100.64776720393725,554.3535602622446,0.0,False
492,0,arb,normalizer,sell,0.08384204518934268,8.465756717954665,101.05766490403906,0.0,105.165700410152,100.64776720393725,554.3535602622446,0.0,False
497,0,retail,normalizer,buy,0.24564870798743968,24.615447004624002,100.86756673364758,0.0,105.165700410152,100.64776720393725,554.3535602622446,0.0,False
498,0,arb,normalizer,sell,0.12422348165252117,12.507797036577118,100.81326110914799,0.0,105.165700410152,100.64776720393725,554.3535602622446,0.0,False
498,1,retail,normalizer,buy,0.07189565530890299,7.199438771509449,100.81326110914799,0.0,103.96281854020035,100.65407055646395,551.3535602622446,0.0,False
498,2,retail,submission,buy,0.5955186667567759,58.8170375466907,100.81326110914799,1.2191413004318363,103.96281854020035,100.65407055646395,551.3535602622446,0.0,False
498,3,retail,normalizer,buy,0.9466530903700637,93.83994147234625,100.81326110914799,0.0,103.96281854020035,100.65407055646395,551.3535602622446,0.0,False
499,0,arb,normalizer,sell,0.9979412952269229,99.57426716267209,100.77779110687653,0.0,103.96281854020035,100.65407055646395,551.3535602622446,0.0,False
500,0,arb,normalizer,sell,0.07597483060204979,7.662410934504676,100.93146174520913,0.0,103.96281854020035,100.65407055646395,551.3535602622446,0.0,False
500,1,retail,normalizer,buy,0.046529900462616396,4.666023774034329,100.93146174520913,0.0,103.96281854020035,100.65407055646395,551.3535602622446,0.0,False
504,0,arb,normalizer,sell,0.03258956571428939,3.28732740642318,100.9035215282927,0.0,103.96281854020035,100.65407055646395,551.3535602622446,0.0,False
507,0,retail,normalizer,sell,0.0979156383404387,9.88974537507834,100.78591296549851,0.0,103.96281854020035,100.65407055646395,551.3535602622446,0.0,False
507,1,retail,normalizer,sell,0.18990181479345836,19.236130007013347,100.78591296549851,0.0,103.96281854020035,100.65407055646395,551.3535602622446,0.0,False
508,0,arb,normalizer,buy,0.08495624130800218,8.563141844697384,100.70892976474227,0.0,103.96281854020035,100.65407055646395,551.3535602622446,0.0,False
509,0,arb,normalizer,buy,0.04023996128867574,4.050890046335553,100.62776370013825,0.0,103.96281854020035,100.65407055646395,551.3535602622446,0.0,False
511,0,arb,normalizer,buy,0.0289249231811379,2.9098073051027313,100.56948124782268,0.0,103.96281854020035,100.65407055646395,551.3535602622446,0.0,False
512,0,arb,normalizer,buy,0.009450063242273285,0.9502980341148941,100.55045075811246,0.0,103.96281854020035,100.65407055646395,551.3535602622446,0.0,False
513,0,arb,normalizer,buy,0.021519413496713623,2.163320614474287,100.50713522188728,0.0,103.96281854020035,100.65407055646395,551.3535602622446,0.0,False
514,0,retail,normalizer,buy,0.07175122511994614,7.2063341393968585,100.59537507488446,0.0,103.96281854020035,100.65407055646395,551.3535602622446,0.0,False
515,0,retail,submission,sell,0.6873444116711482,71.96259869017457,100.63238550511343,2.79349088009819,105.4354895407682,100.70315032932896,548.3535602622446,0.0,False
515,1,retail,normalizer,sell,2.134526956489111,220.23509307228005,100.63238550511343,0.0,105.4354895407682,100.70315032932896,548.3535602622446,0.0,False
516,0,arb,normalizer,buy,2.0211718075098917,207.53869849092916,100.60384482506947,0.0,105.4354895407682,100.70315032932896,548.3535602622446,0.0,False
517,0,arb,normalizer,buy,0.0294420163753012,2.961106921587998,100.54454206063,0.0,105.4354895407682,100.70315032932896,548.3535602622446,0.0,False
518,0,retail,normalizer,buy,0.17315498912786262,17.379658813091737,100.55970955882434,0.0,105.4354895407682,100.70315032932896,548.3535602622446,0.0,False
521,0,retail,normalizer,sell,0.07713030286508626,7.780806763053331,100.40138222630539,0.0,105.4354895407682,100.70315032932896,548.3535602622446,0.0,False
522,0,retail,normalizer,buy,0.07908288154868366,7.929849170895977,100.37611791125106,0.0,105.4354895407682,100.70315032932896,548.3535602622446,0.0,False
522,1,retail,normalizer,sell,0.8351826939805846,84.89490576624354,100.37611791125106,0.0,105.4354895407682,100.70315032932896,548.3535602622446,0.0,False
522,2,retail,normalizer,buy,0.2969870094071797,30.17041526804678,100.37611791125106,0.0,105.4354895407682,100.70315032932896,548.3535602622446,0.0,False
523,0,arb,normalizer,buy,0.4367689628889455,44.044894941629536,100.40187702916349,0.0,105.4354895407682,100.70315032932896,548.3535602622446,0.0,False
523,1,retail,normalizer,buy,0.11487684198269664,11.520609389992387,100.40187702916349,0.0,105.4354895407682,100.70315032932896,548.3535602622446,0.0,False
524,0,retail,submission,buy,0.2871366207066747,28.534765513210004,100.30784037459061,0.2672888023344875,104.35056454061942,100.74060918590638,542.3535602622446,0.0,False
524,1,retail,normalizer,buy,0.5390947910830829,53.712549060746824,100.30784037459061,0.0,104.35056454061942,100.74060918590638,542.3535602622446,0.0,False
524,2,retail,submission,buy,0.24704118514530074,24.431318347244087,100.30784037459061,0.3488494182604249,104.35056454061942,100.74060918590638,542.3535602622446,0.0,False
524,3,retail,normalizer,buy,0.22460938467269856,22.209384658674026,100.30784037459061,0.0,104.35056454061942,100.74060918590638,542.3535602622446,0.0,False
525,0,arb,normalizer,sell,0.5610691280470803,56.00114273144199,100.37169379124987,0.0,104.35056454061942,100.74060918590638,542.3535602622446,0.0,False
525,1,retail,normalizer,sell,0.10479052481906592,10.529039798368482,100.37169379124987,0.0,104.35056454061942,100.74060918590638,542.3535602622446,0.0,False
525,2,retail,normalizer,buy,0.03268693955689422,3.2669698022364173,100.37169379124987,0.0,104.35056454061942,100.74060918590638,542.3535602622446,0.0,False
526,0,retail,normalizer,sell,0.1632402398824695,16.435251240679445,100.33893025549713,0.0,104.35056454061942,100.74060918590638,542.3535602622446,0.0,False
526,1,retail,normalizer,sell,0.009195744142957096,0.927441095346954,100.33893025549713,0.0,104.35056454061942,100.74060918590638,542.3535602622446,0.0,False
527,0,retail,normalizer,sell,0.01669362802147134,1.6840808776059684,100.3898015177715,0.0,104.35056454061942,100.74060918590638,542.3535602622446,0.0,False
527,1,retail,normalizer,buy,0.18004681123102698,18.025174120790325,100.3898015177715,0.0,104.35056454061942,100.74060918590638,542.3535602622446,0.0,False
530,0,retail,normalizer,buy,0.39797079448084277,39.613411946313136,100.0154327507636,0.0,104.28148021531888,100.75530060299353,539.3535602622446,0.0,False
530,1,retail,submission,buy,0.03427993200436153,3.382003255870586,100.0154327507636,0.04651897821238338,104.28148021531888,100.75530060299353,539.3535602622446,0.0,False
530,2,retail,normalizer,buy,0.26425208793817134,26.130528348081498,100.0154327507636,0.0,104.28148021531888,100.75530060299353,539.3535602622446,0.0,False
531,0,arb,normalizer,sell,0.39083828636388773,38.93037211678726,99.9960773962218,0.0,104.28148021531888,100.75530060299353,539.3535602622446,0.0,False
531,1,retail,normalizer,buy,0.06374605024967246,6.332147949011414,99.9960773962218,0.0,104.28148021531888,100.75530060299353,539.3535602622446,0.0,False
532,0,retail,normalizer,buy,0.011547564317425972,1.1462062316277297,99.85563160739649,0.0,104.28148021531888,100.75530060299353,539.3535602622446,0.0,False
532,1,retail,normalizer,buy,0.016087923474871223,1.5964414012778434,99.85563160739649,0.0,104.28148021531888,100.75530060299353,539.3535602622446,0.0,False
533,0,arb,normalizer,sell,0.03408113718842287,3.4029450285057226,99.88229997733706,0.0,104.28148021531888,100.75530060299353,539.3535602622446,0.0,False
533,1,retail,submission,buy,0.11278416211637095,11.114838621913805,99.88229997733706,0.1503028912861719,104.05459806099023,100.76344849449018,536.3535602622446,0.0,False
533,2,retail,normalizer,buy,0.4286913757631247,42.381391947132215,99.88229997733706,0.0,104.05459806099023,100.76344849449018,536.3535602622446,0.0,False
534,0,arb,normalizer,sell,0.4803330900833771,47.79826163034352,99.98789374919261,0.0,104.05459806099023,100.76344849449018,536.3535602622446,0.0,False
535,0,arb,normalizer,sell,0.029014443102397536,2.901933719212984,100.04585018814306,0.0,104.05459806099023,100.76344849449018,536.3535602622446,0.0,False
535,1,retail,normalizer,buy,0.33127312296109107,32.835633179853176,100.04585018814306,0.0,104.05459806099023,100.76344849449018,536.3535602622446,0.0,False
536,0,arb,normalizer,sell,0.28417736459707044,28.324251487893864,99.95378498395824,0.0,104.05459806099023,100.76344849449018,536.3535602622446,0.0,False
537,0,retail,normalizer,sell,0.5986454659832674,60.196620418972515,99.88084941730257,0.0,104.05459806099023,100.76344849449018,536.3535602622446,0.0,False
538,0,arb,normalizer,buy,0.3334828515621901,33.4211739144539,99.88505004483798,0.0,104.05459806099023,100.76344849449018,536.3535602622446,0.0,False
538,1,retail,normalizer,buy,0.1775476144880572,17.702986353935557,99.88505004483798,0.0,104.05459806099023,100.76344849449018,536.3535602622446,0.0,False
539,0,retail,normalizer,sell,0.36573040235073506,36.75560341138313,100.01820248442701,0.0,104.05459806099023,100.76344849449018,536.3535602622446,0.0,False
540,0,arb,normalizer,buy,0.11361484746206724,11.378493446894936,100.0360702940463,0.0,104.05459806099023,100.76344849449018,536.3535602622446,0.0,False
544,0,retail,normalizer,sell,0.12471008616338963,12.566396132803272,100.1918303340588,0.0,104.05459806099023,100.76344849449018,536.3535602622446,0.0,False
545,0,arb,normalizer,buy,0.011642140925351457,1.1674133111046103,100.26312447899777,0.0,104.05459806099023,100.76344849449018,536.3535602622446,0.0,False
546,0,arb,normalizer,buy,0.11185724887794105,11.202628675995584,100.03923922642697,0.0,104.05459806099023,100.76344849449018,536.3535602622446,0.0,False
546,1,retail,normalizer,sell,0.06014132042514575,6.0564025825986265,100.03923922642697,0.0,104.05459806099023,100.76344849449018,536.3535602622446,0.0,False
547,0,arb,normalizer,buy,0.06806866123136669,6.813114784145,100.02376242507167,0.0,104.05459806099023,100.76344849449018,536.3535602622446,0.0,False
548,0,arb,normalizer,buy,0.06383051874928167,6.380501566116436,99.89636940328089,0.0,104.05459806099023,100.76344849449018,536.3535602622446,0.0,False
549,0,retail,normalizer,sell,0.030582070862948285,3.0743920305558534,100.00593691591234,0.0,104.05459806099023,100.76344849449018,536.3535602622446,0.0,False
551,0,retail,normalizer,sell,0.02931203723879605,2.9484842350658362,99.98844901960375,0.0,104.05459806099023,100.76344849449018,536.3535602622446,0.0,False
552,0,arb,normalizer,buy,0.028084460528645022,2.808115156067288,99.96018438191376,0.0,104.05459806099023,100.76344849449018,536.3535602622446,0.0,False
553,0,retail,normalizer,sell,0.010124021190890176,1.018201670129879,99.97532127122385,0.0,104.05459806099023,100.76344849449018,536.3535602622446,0.0,False
553,1,retail,normalizer,buy,0.027586557534917337,2.7573570983222453,99.97532127122385,0.0,104.05459806099023,100.76344849449018,536.3535602622446,0.0,False
554,0,retail,normalizer,buy,0.06104035440156218,6.095768071747443,100.12416174478834,0.0,104.05459806099023,100.76344849449018,536.3535602622446,0.0,False
555,0,retail,normalizer,buy,0.12355469121296159,12.316042538919646,100.21904182606082,0.0,104.05459806099023,100.76344849449018,536.3535602622446,0.0,False
555,1,retail,normalizer,buy,0.07876869409032185,7.835919581633789,100.21904182606082,0.0,104.05459806099023,100.76344849449018,536.3535602622446,0.0,False
556,0,arb,normalizer,sell,0.14829487265943442,14.851660343909064,100.29803467296408,0.0,104.05459806099023,100.76344849449018,536.3535602622446,0.0,False
557,0,arb,normalizer,sell,0.00586696920804286,0.5884800065010356,100.30980445009085,0.0,104.05459806099023,100.76344849449018,536.3535602622446,0.0,False
558,0,retail,normalizer,buy,0.37206191203467537,36.96075436419051,100.07639182352872,0.0,104.05459806099023,100.76344849449018,536.3535602622446,0.0,False
559,0,arb,normalizer,sell,0.29089709224598437,29.04873022576254,100.14939670787251,0.0,104.05459806099023,100.76344849449018,536.3535602622446,0.0,False
559,1,retail,normalizer,sell,0.37619538341988346,37.81790240626899,100.14939670787251,0.0,104.05459806099023,100.76344849449018,536.3535602622446,0.0,False
559,2,retail,normalizer,buy,0.012734143908109338,1.2770984632370528,100.14939670787251,0.0,104.05459806099023,100.76344849449018,536.3535602622446,0.0,False
559,3,retail,normalizer,sell,0.33797723208832053,34.21141296791665,100.14939670787251,0.0,104.05459806099023,100.76344849449018,536.3535602622446,0.0,False
560,0,arb,normalizer,buy,0.43214742702484504,43.44116792331988,100.08999893007771,0.0,104.05459806099023,100.76344849449018,536.3535602622446,0.0,False
560,1,retail,normalizer,buy,0.15808447166121412,15.797727116092574,100.08999893007771,0.0,104.05459806099023,100.76344849449018,536.3535602622446,0.0,False
562,0,retail,normalizer,sell,0.12433305429900088,12.495593895702825,100.09442420618248,0.0,104.05459806099023,100.76344849449018,536.3535602622446,0.0,False
563,0,retail,normalizer,buy,0.06937231964819732,6.934043855671916,100.07810278599992,0.0,104.05459806099023,100.76344849449018,536.3535602622446,0.0,False
563,1,retail,normalizer,buy,0.12711514162004406,12.680790736570998,100.07810278599992,0.0,104.05459806099023,100.76344849449018,536.3535602622446,0.0,False
564,0,retail,normalizer,buy,0.15881242841350246,15.797781825960556,100.06295081780611,0.0,104.05459806099023,100.76344849449018,536.3535602622446,0.0,False
564,1,retail,normalizer,buy,0.35152091291864224,34.790401868222034,100.06295081780611,0.0,104.05459806099023,100.76344849449018,536.3535602622446,0.0,False
565,0,arb,normalizer,sell,0.4291995402786739,42.767968398299544,100.07307954460099,0.0,104.05459806099023,100.76344849449018,536.3535602622446,0.0,False
565,1,retail,normalizer,buy,0.12355334411158976,12.275185010930727,100.07307954460099,0.0,104.05459806099023,100.76344849449018,536.3535602622446,0.0,False
566,0,arb,normalizer,sell,0.19253202114158796,19.256933807801918,100.21186604505041,0.0,104.05459806099023,100.76344849449018,536.3535602622446,0.0,False
567,0,arb,normalizer,sell,0.08478325727300273,8.503494759895796,100.38193253084088,0.0,104.05459806099023,100.76344849449018,536.3535602622446,0.0,False
568,0,retail,normalizer,buy,0.15800397446561584,15.740915912159835,100.32881498910665,0.0,104.05459806099023,100.76344849449018,536.3535602622446,0.0,False
569,0,arb,normalizer,sell,0.18785926353960747,18.833718633894648,100.44287513342888,0.0,104.05459806099023,100.76344849449018,536.3535602622446,0.0,False
569,1,retail,normalizer,sell,0.01001929404526436,1.0064676130058057,100.44287513342888,0.0,104.05459806099023,100.76344849449018,536.3535602622446,0.0,False
570,0,arb,normalizer,sell,0.008126860554426685,0.8165153629465316,100.47936390080791,0.0,104.05459806099023,100.76344849449018,536.3535602622446,0.0,False
570,1,retail,normalizer,sell,0.03230090335648583,3.246623844041835,100.47936390080791,0.0,104.05459806099023,100.76344849449018,536.3535602622446,0.0,False
571,0,retail,normalizer,buy,0.21543401461700581,21.48470453050686,100.42212587416958,0.0,104.05459806099023,100.76344849449018,536.3535602622446,0.0,False
572,0,arb,normalizer,sell,0.10806624073342164,10.8305631348981,100.32984336435432,0.0,104.05459806099023,100.76344849449018,536.3535602622446,0.0,False
572,1,retail,normalizer,buy,0.025912269859187025,2.5835311907903815,100.32984336435432,0.0,104.05459806099023,100.76344849449018,536.3535602622446,0.0,False
573,0,arb,normalizer,sell,0.10832667046325639,10.874562353287953,100.49560081446086,0.0,104.05459806099023,100.76344849449018,536.3535602622446,0.0,False
574,0,retail,normalizer,buy,0.015060775124749695,1.5042479260373511,100.45107671232249,0.0,104.05459806099023,100.76344849449018,536.3535602622446,0.0,False
578,0,retail,normalizer,buy,0.14752260313222124,14.71047107081722,100.36988738828475,0.0,104.05459806099023,100.76344849449018,536.3535602622446,0.0,False
579,0,arb,normalizer,sell,0.0561797449196888,5.6307019643345315,100.28285108303692,0.0,104.05459806099023,100.76344849449018,536.3535602622446,0.0,False
579,1,retail,normalizer,sell,0.01686895022945123,1.6919518126111548,100.28285108303692,0.0,104.05459806099023,100.76344849449018,536.3535602622446,0.0,False
579,2,retail,normalizer,sell,0.5742384705322792,57.93843355048811,100.28285108303692,0.0,104.05459806099023,100.76344849449018,536.3535602622446,0.0,False
580,0,arb,normalizer,buy,0.3758906626598624,37.774051130192674,100.11473434033184,0.0,104.05459806099023,100.76344849449018,536.3535602622446,0.0,False
581,0,arb,normalizer,buy,0.004807985228761682,0.4813270432441641,100.10511696850168,0.0,104.05459806099023,100.76344849449018,536.3535602622446,0.0,False
582,0,arb,normalizer,buy,0.031691636775070565,3.171490890365021,100.04175911610285,0.0,104.05459806099023,100.76344849449018,536.3535602622446,0.0,False
582,1,retail,submission,buy,0.00035901900997783515,0.035353769211724284,100.04175911610285,0.000563124102580026,104.05387679475228,100.77181087211265,533.3535602622446,0.0,False
582,2,retail,normalizer,buy,0.7944683935578616,78.85435256600613,100.04175911610285,0.0,104.05387679475228,100.77181087211265,533.3535602622446,0.0,False
583,0,arb,normalizer,sell,0.46923480736136014,46.70320599116084,99.9968897924165,0.0,104.05387679475228,100.77181087211265,533.3535602622446,0.0,False
585,0,retail,normalizer,sell,0.005039367141165485,0.5039463978300859,99.98568639433353,0.0,104.05387679475228,100.77181087211265,533.3535602622446,0.0,False
586,0,retail,normalizer,sell,0.43344001552389955,43.535438859898754,99.95033023078125,0.0,104.05387679475228,100.77181087211265,533.3535602622446,0.0,False
587,0,arb,normalizer,buy,0.12079784620534198,12.098260315744483,100.03212682758857,0.0,104.05387679475228,100.77181087211265,533.3535602622446,0.0,False
588,0,retail,normalizer,sell,0.1071873951534883,10.798400653484867,100.14774415316015,0.0,104.05387679475228,100.77181087211265,533.3535602622446,0.0,False
589,0,arb,normalizer,buy,0.03371076218811237,3.3782734700471337,100.17973778054066,0.0,104.05387679475228,100.77181087211265,533.3535602622446,0.0,False
589,1,retail,normalizer,buy,0.02537183029698157,2.541098972380496,100.17973778054066,0.0,104.05387679475228,100.77181087211265,533.3535602622446,0.0,False
590,0,retail,normalizer,buy,0.04891708098865839,4.895623358104785,100.20755260874981,0.0,104.05387679475228,100.77181087211265,533.3535602622446,0.0,False
594,0,retail,normalizer,buy,0.016321630423204937,1.6324053573134734,100.32835226827659,0.0,104.05387679475228,100.77181087211265,533.3535602622446,0.0,False
597,0,retail,normalizer,buy,0.5770715893397566,57.37572078409539,100.20410666792716,0.0,104.05387679475228,100.77181087211265,533.3535602622446,0.0,False
597,1,retail,normalizer,sell,0.21325674506898906,21.25391343074101,100.20410666792716,0.0,104.05387679475228,100.77181087211265,533.3535602622446,0.0,False
597,2,retail,normalizer,sell,0.05882238954821162,5.878371154818689,100.20410666792716,0.0,104.05387679475228,100.77181087211265,533.3535602622446,0.0,False
598,0,arb,normalizer,sell,0.058460798262544245,5.849081231219859,100.10977552930751,0.0,104.05387679475228,100.77181087211265,533.3535602622446,0.0,False
598,1,retail,normalizer,sell,0.1368865993893138,13.722453031606207,100.10977552930751,0.0,104.05387679475228,100.77181087211265,533.3535602622446,0.0,False
599,0,retail,normalizer,buy,0.17602499935869567,17.53347490059423,100.04395075101436,0.0,104.05387679475228,100.77181087211265,533.3535602622446,0.0,False
600,0,arb,normalizer,sell,0.06561558627629438,6.568000802764477,100.16381567032069,0.0,104.05387679475228,100.77181087211265,533.3535602622446,0.0,False
601,0,retail,normalizer,sell,0.028550307261426155,2.8605238439145153,100.09787284202055,0.0,104.05387679475228,100.77181087211265,533.3535602622446,0.0,False
602,0,arb,normalizer,sell,0.007564847706703404,0.7582139005425814,100.23615400489639,0.0,104.05387679475228,100.77181087211265,533.3535602622446,0.0,False
606,0,retail,normalizer,buy,0.06392825962098647,6.365477189654484,99.90671444983408,0.0,104.05387679475228,100.77181087211265,533.3535602622446,0.0,False
607,0,retail,normalizer,sell,0.03333737200071596,3.33846763630127,99.70918272126303,0.0,104.05387679475228,100.77181087211265,533.3535602622446,0.0,False
607,1,retail,normalizer,sell,0.25263423786138617,25.3717579638479,99.70918272126303,0.0,104.05387679475228,100.77181087211265,533.3535602622446,0.0,False
608,0,arb,normalizer,buy,0.23391661714896628,23.355761746206554,99.6137704172033,0.0,104.05387679475228,100.77181087211265,533.3535602622446,0.0,False
608,1,retail,normalizer,buy,0.04968088482359461,4.946451246267316,99.6137704172033,0.0,104.05387679475228,100.77181087211265,533.3535602622446,0.0,False
610,0,retail,normalizer,sell,0.11552199082782977,11.578847150356896,99.6686414009739,0.0,104.05387679475228,100.77181087211265,533.3535602622446,0.0,False
611,0,arb,normalizer,buy,0.039209252391184723,3.9094106014872523,99.66735811683075,0.0,104.05387679475228,100.77181087211265,533.3535602622446,0.0,False
611,1,retail,normalizer,sell,0.0778398424055382,7.810929326675016,99.66735811683075,0.0,104.05387679475228,100.77181087211265,533.3535602622446,0.0,False
611,2,retail,normalizer,sell,0.5188811036046417,52.380239239808965,99.66735811683075,0.0,104.05387679475228,100.77181087211265,533.3535602622446,0.0,False
611,3,retail,normalizer,buy,0.06662882828372439,6.716186736883174,99.66735811683075,0.0,104.05387679475228,100.77181087211265,533.3535602622446,0.0,False
612,0,arb,normalizer,buy,0.43839809952885617,43.96785833132708,99.85338580115612,0.0,104.05387679475228,100.77181087211265,533.3535602622446,0.0,False
612,1,retail,normalizer,buy,0.0746813754084573,7.451635635483399,99.85338580115612,0.0,104.05387679475228,100.77181087211265,533.3535602622446,0.0,False
614,0,retail,normalizer,sell,0.03922492956563417,3.9360268823751925,99.76531053435367,0.0,104.05387679475228,100.77181087211265,533.3535602622446,0.0,False
616,0,retail,normalizer,sell,0.022170987651790597,2.2261152813031715,99.88755763149273,0.0,104.05387679475228,100.77181087211265,533.3535602622446,0.0,False
617,0,retail,normalizer,sell,0.34895044906504324,35.1675249157026,99.9285563630804,0.0,104.05387679475228,100.77181087211265,533.3535602622446,0.0,False
617,1,retail,normalizer,sell,0.014429783135767593,1.459553006192684,99.9285563630804,0.0,104.05387679475228,100.77181087211265,533.3535602622446,0.0,False
617,2,retail,normalizer,buy,0.09286740921034024,9.329814322572929,99.9285563630804,0.0,104.05387679475228,100.77181087211265,533.3535602622446,0.0,False
618,0,arb,normalizer,buy,0.22420592805612916,22.453298792222995,99.92176654277714,0.0,104.05387679475228,100.77181087211265,533.3535602622446,0.0,False
619,0,arb,normalizer,buy,0.04725102364396327,4.719180110962043,99.82758369772041,0.0,104.05387679475228,100.77181087211265,533.3535602622446,0.0,False
620,0,arb,normalizer,buy,0.07347677192462775,7.329635741683887,99.68139083911545,0.0,104.05387679475228,100.77181087211265,533.3535602622446,0.0,False
620,1,retail,normalizer,sell,0.09868140333678355,9.905760620297816,99.68139083911545,0.0,104.05387679475228,100.77181087211265,533.3535602622446,0.0,False
621,0,arb,normalizer,buy,0.11833838205731938,11.805507032086098,99.64292463546333,0.0,104.05387679475228,100.77181087211265,533.3535602622446,0.0,False
621,1,retail,normalizer,buy,0.39712292106911873,39.41447960885489,99.64292463546333,0.0,104.05387679475228,100.77181087211265,533.3535602622446,0.0,False
621,2,retail,normalizer,sell,0.6308615941381532,63.13872546034912,99.64292463546333,0.0,104.05387679475228,100.77181087211265,533.3535602622446,0.0,False
622,0,arb,normalizer,buy,0.24990801198200543,24.956637520177537,99.61458391868753,0.0,104.05387679475228,100.77181087211265,533.3535602622446,0.0,False
623,0,retail,normalizer,buy,0.01129655406655673,1.125174862681888,99.71434862524131,0.0,104.05387679475228,100.77181087211265,533.3535602622446,0.0,False
623,1,retail,normalizer,buy,0.05948668352152928,5.920897552701717,99.71434862524131,0.0,104.05387679475228,100.77181087211265,533.3535602622446,0.0,False
625,0,retail,normalizer,buy,0.02766199710708065,2.7508970818107628,99.57835020742998,0.0,104.05387679475228,100.77181087211265,533.3535602622446,0.0,False
627,0,retail,normalizer,sell,0.11613089760005835,11.628738043272175,99.5821300426476,0.0,104.05387679475228,100.77181087211265,533.3535602622446,0.0,False
628,0,arb,normalizer,buy,0.051094964386094774,5.089041923323748,99.54897718859793,0.0,104.05387679475228,100.77181087211265,533.3535602622446,0.0,False
630,0,arb,normalizer,buy,0.11368112151970636,11.304037075797169,99.32387286866123,0.0,104.05387679475228,100.77181087211265,533.3535602622446,0.0,False
630,1,retail,normalizer,buy,0.09729983514728324,9.65484817108154,99.32387286866123,0.0,104.05387679475228,100.77181087211265,533.3535602622446,0.0,False
632,0,retail,normalizer,buy,0.04938064319136418,4.892790649122617,99.46228841375539,0.0,104.05387679475228,100.77181087211265,533.3535602622446,0.0,False
632,1,retail,normalizer,buy,0.008484058093833433,0.8401440625166288,99.46228841375539,0.0,104.05387679475228,100.77181087211265,533.3535602622446,0.0,False
632,2,retail,normalizer,buy,0.16228204734383878,16.042952597450494,99.46228841375539,0.0,104.05387679475228,100.77181087211265,533.3535602622446,0.0,False
633,0,arb,normalizer,sell,0.09380079320811774,9.322573844350693,99.47978375860411,0.0,104.05387679475228,100.77181087211265,533.3535602622446,0.0,False
633,1,retail,normalizer,sell,0.375453353328723,37.49019926436309,99.47978375860411,0.0,104.05387679475228,100.77181087211265,533.3535602622446,0.0,False
634,0,arb,normalizer,buy,0.08351475203331916,8.313442025288168,99.46180734723916,0.0,104.05387679475228,100.77181087211265,533.3535602622446,0.0,False
634,1,retail,normalizer,buy,0.030524085491123714,3.035058170085904,99.46180734723916,0.0,104.05387679475228,100.77181087211265,533.3535602622446,0.0,False
634,2,retail,normalizer,buy,0.0032638585734107075,0.32442147198344173,99.46180734723916,0.0,104.05387679475228,100.77181087211265,533.3535602622446,0.0,False
635,0,arb,normalizer,buy,0.05112830486936232,5.079308085185403,99.29381004537908,0.0,104.05387679475228,100.77181087211265,533.3535602622446,0.0,False
635,1,retail,normalizer,sell,0.037191800365590666,3.7165525973834184,99.29381004537908,0.0,104.05387679475228,100.77181087211265,533.3535602622446,0.0,False
635,2,retail,normalizer,buy,0.11625695159792468,11.538817357746666,99.29381004537908,0.0,104.05387679475228,100.77181087211265,533.3535602622446,0.0,False
636,0,retail,normalizer,sell,0.067782697695705,6.764914210858962,99.22466516563995,0.0,104.05387679475228,100.77181087211265,533.3535602622446,0.0,False
636,1,retail,normalizer,sell,0.36710042271572263,36.79728417712511,99.22466516563995,0.0,104.05387679475228,100.77181087211265,533.3535602622446,0.0,False
637,0,arb,normalizer,buy,0.38225910961530907,38.08187513188568,99.24439065906994,0.0,104.05387679475228,100.77181087211265,533.3535602622446,0.0,False
637,1,retail,normalizer,sell,0.0375551562896419,3.7510079449488183,99.24439065906994,0.0,103.90070113822826,100.77594829319139,530.3535602622446,0.0,False
637,2,retail,submission,buy,0.07630552944172544,7.510875087673412,99.24439065906994,0.06202068568835095,103.90070113822826,100.77594829319139,530.3535602622446,0.0,False
637,3,retail,normalizer,buy,0.4890632485570494,48.33793443306604,99.24439065906994,0.0,103.90070113822826,100.77594829319139,530.3535602622446,0.0,False
638,0,arb,normalizer,sell,0.10707534528127383,10.606593701414935,99.16275404355343,0.0,103.90070113822826,100.77594829319139,530.3535602622446,0.0,False
638,1,retail,submission,buy,0.08788222545027488,8.639428952337767,99.16275404355343,0.07521455478795325,103.72464945338392,100.77531358582976,527.3535602622446,0.0,False
638,2,retail,normalizer,buy,0.17704921077965305,17.42092911095824,99.16275404355343,0.0,103.72464945338392,100.77531358582976,527.3535602622446,0.0,False
639,0,arb,normalizer,sell,0.23835759249237753,23.609300050356122,99.28481234450881,0.0,103.72464945338392,100.77531358582976,527.3535602622446,0.0,False
639,1,retail,normalizer,sell,0.09537131914780161,9.477916836882336,99.28481234450881,0.0,103.72464945338392,100.77531358582976,527.3535602622446,0.0,False
640,0,retail,normalizer,sell,0.3613444967891155,36.07401365084316,99.15125107099522,0.0,103.72464945338392,100.77531358582976,527.3535602622446,0.0,False
641,0,arb,normalizer,buy,0.24264755463842477,24.107716483535114,99.11316484668953,0.0,103.72464945338392,100.77531358582976,527.3535602622446,0.0,False
643,0,arb,normalizer,buy,0.0772029146902301,7.645957362818081,98.96121209601424,0.0,103.72464945338392,100.77531358582976,527.3535602622446,0.0,False
643,1,retail,normalizer,buy,0.05840150914683961,5.776133388502785,98.96121209601424,0.0,103.72464945338392,100.77531358582976,527.3535602622446,0.0,False
644,0,retail,normalizer,sell,0.048473449011382286,4.822636764426979,98.95625983466267,0.0,103.72464945338392,100.77531358582976,527.3535602622446,0.0,False
646,0,retail,normalizer,buy,0.08087473314578499,7.995484136625237,99.1657729255758,0.0,103.72464945338392,100.77531358582976,527.3535602622446,0.0,False
647,0,retail,normalizer,sell,0.07477815329345106,7.436883847064085,99.14890019925684,0.0,103.72464945338392,100.77531358582976,527.3535602622446,0.0,False
647,1,retail,normalizer,sell,0.105332148224349,10.494373276751277,99.14890019925684,0.0,103.72464945338392,100.77531358582976,527.3535602622446,0.0,False
647,2,retail,normalizer,sell,0.501444241686059,50.26332173976369,99.14890019925684,0.0,103.72464945338392,100.77531358582976,527.3535602622446,0.0,False
648,0,arb,normalizer,buy,0.4524970569858133,45.107890995372145,99.23791302822005,0.0,103.72464945338392,100.77531358582976,527.3535602622446,0.0,False
648,1,retail,normalizer,buy,0.07513470205227539,7.450642752364729,99.23791302822005,0.0,103.72464945338392,100.77531358582976,527.3535602622446,0.0,False
649,0,retail,submission,buy,0.0627798154473199,6.164677773425865,99.42891402627305,0.07745109927099492,103.59911876631881,100.77151574902568,524.3535602622446,0.0,False
649,1,retail,normalizer,buy,0.4878220902244288,48.104922309275935,99.42891402627305,0.0,103.59911876631881,100.77151574902568,524.3535602622446,0.0,False
649,2,retail,normalizer,sell,0.21202277336156783,20.976551707656533,99.42891402627305,0.0,103.59911876631881,100.77151574902568,524.3535602622446,0.0,False
650,0,arb,normalizer,sell,0.0792491279339913,7.863264962276772,99.30034028885662,0.0,103.59911876631881,100.77151574902568,524.3535602622446,0.0,False
652,0,retail,normalizer,sell,0.0735931511467669,7.313180039803381,99.2151070237745,0.0,103.59911876631881,100.77151574902568,524.3535602622446,0.0,False
654,0,retail,normalizer,sell,0.6979381015789983,69.89282583958365,99.14410306268753,0.0,103.59911876631881,100.77151574902568,524.3535602622446,0.0,False
655,0,arb,normalizer,buy,0.5656700802119898,56.383096276005745,99.11439195661355,0.0,103.59911876631881,100.77151574902568,524.3535602622446,0.0,False
656,0,arb,normalizer,buy,0.02062524941889701,2.043840008773259,99.07376181677587,0.0,103.59911876631881,100.77151574902568,524.3535602622446,0.0,False
656,1,retail,normalizer,sell,0.1370305852113205,13.676642633527305,99.07376181677587,0.0,103.59911876631881,100.77151574902568,524.3535602622446,0.0,False
657,0,arb,normalizer,buy,0.09207233912009576,9.138551358331824,99.1631713161492,0.0,103.59911876631881,100.77151574902568,524.3535602622446,0.0,False
657,1,retail,normalizer,sell,0.09586669996188846,9.57289485033142,99.1631713161492,0.0,103.59911876631881,100.77151574902568,524.3535602622446,0.0,False
658,0,arb,normalizer,buy,0.14727507206480975,14.610812893963157,99.06244053229682,0.0,103.59911876631881,100.77151574902568,524.3535602622446,0.0,False
658,1,retail,normalizer,sell,0.052379889641272825,5.222880621005967,99.06244053229682,0.0,103.59911876631881,100.77151574902568,524.3535602622446,0.0,False
658,2,retail,normalizer,buy,0.025164378762554274,2.4948257047926745,99.06244053229682,0.0,103.59911876631881,100.77151574902568,524.3535602622446,0.0,False
658,3,retail,normalizer,buy,0.4144712578868662,40.91231673852781,99.06244053229682,0.0,103.59911876631881,100.77151574902568,524.3535602622446,0.0,False
658,4,retail,normalizer,sell,0.06318159886212982,6.252400840669704,99.06244053229682,0.0,103.59911876631881,100.77151574902568,524.3535602622446,0.0,False
659,0,retail,normalizer,buy,0.05997343030688252,5.899565383544541,98.88350404275502,0.0,103.59911876631881,100.77151574902568,524.3535602622446,0.0,False
660,0,arb,normalizer,sell,0.06437914499556996,6.371413698454915,99.0303536626688,0.0,103.59911876631881,100.77151574902568,524.3535602622446,0.0,False
660,1,retail,normalizer,buy,0.07866323478078949,7.737348150763864,99.0303536626688,0.0,103.59911876631881,100.77151574902568,524.3535602622446,0.0,False
661,0,arb,normalizer,sell,0.05755027992510975,5.693605588621703,98.9892801056064,0.0,103.59911876631881,100.77151574902568,524.3535602622446,0.0,False
661,1,retail,normalizer,buy,0.02037763151197356,2.004677617129346,98.9892801056064,0.0,103.59911876631881,100.77151574902568,524.3535602622446,0.0,False
662,0,arb,normalizer,sell,0.027414341689564026,2.7133696689109152,99.00324160795506,0.0,103.59911876631881,100.77151574902568,524.3535602622446,0.0,False
663,0,arb,normalizer,sell,0.004108781058491218,0.4067992498623267,99.01132495621256,0.0,103.59911876631881,100.77151574902568,524.3535602622446,0.0,False
664,0,arb,normalizer,sell,0.11582232742962617,11.48093382305572,99.23959415968257,0.0,103.59911876631881,100.77151574902568,524.3535602622446,0.0,False
665,0,arb,normalizer,sell,0.03148985337084298,3.126019425775559,99.30179263941235,0.0,103.59911876631881,100.77151574902568,524.3535602622446,0.0,False
666,0,retail,normalizer,sell,0.30690286399740785,30.56935434801226,98.99034117256348,0.0,103.59911876631881,100.77151574902568,524.3535602622446,0.0,False
666,1,retail,normalizer,buy,0.20801373778938065,20.615690933713267,98.99034117256348,0.0,103.59911876631881,100.77151574902568,524.3535602622446,0.0,False
666,2,retail,normalizer,buy,0.074959481797369,7.4081762122059445,98.99034117256348,0.0,103.59911876631881,100.77151574902568,524.3535602622446,0.0,False
666,3,retail,normalizer,buy,0.18518267241575087,18.254277224341422,98.99034117256348,0.0,103.59911876631881,100.77151574902568,524.3535602622446,0.0,False
667,0,retail,normalizer,sell,0.16420523359720107,16.280686432177852,98.73824344399716,0.0,103.59911876631881,100.77151574902568,524.3535602622446,0.0,False
667,1,retail,normalizer,sell,0.10119423121798832,10.059769350375236,98.73824344399716,0.0,103.59911876631881,100.77151574902568,524.3535602622446,0.0,False
668,0,arb,normalizer,buy,0.05962400071367153,5.894190282320778,98.79750263871992,0.0,103.59911876631881,100.77151574902568,524.3535602622446,0.0,False
669,0,retail,normalizer,sell,0.13795635006881923,13.730747305933244,98.85684510325575,0.0,103.59911876631881,100.77151574902568,524.3535602622446,0.0,False
670,0,arb,normalizer,buy,0.09692239987038952,9.592805705449791,98.87883798286552,0.0,103.59911876631881,100.77151574902568,524.3535602622446,0.0,False
670,1,retail,normalizer,buy,0.030635854548924358,3.0283165480523166,98.87883798286552,0.0,103.59911876631881,100.77151574902568,524.3535602622446,0.0,False
670,2,retail,normalizer,buy,0.04699159146444316,4.641483596973558,98.87883798286552,0.0,103.59911876631881,100.77151574902568,524.3535602622446,0.0,False
675,0,retail,normalizer,sell,0.07735504170027241,7.6889473426908115,98.84688556274656,0.0,103.59911876631881,100.77151574902568,524.3535602622446,0.0,False
676,0,retail,normalizer,sell,0.05139549208203675,5.115169949112582,98.90946179145254,0.0,103.59911876631881,100.77151574902568,524.3535602622446,0.0,False
677,0,arb,normalizer,buy,0.02605893669132401,2.578647507345522,98.92883127575688,0.0,103.59911876631881,100.77151574902568,524.3535602622446,0.0,False
678,0,arb,normalizer,buy,0.012648635315174349,1.251157540760687,98.90398142775061,0.0,103.59911876631881,100.77151574902568,524.3535602622446,0.0,False
679,0,arb,normalizer,buy,0.026371412876884093,2.6075548856733803,98.85220154445803,0.0,103.59911876631881,100.77151574902568,524.3535602622446,0.0,False
679,1,retail,normalizer,buy,0.09908689510383237,9.78533202043036,98.85220154445803,0.0,103.59911876631881,100.77151574902568,524.3535602622446,0.0,False
681,0,retail,submission,buy,0.0250645869866287,2.4599171951595054,98.8357683565303,0.017360518203032527,103.54904894621296,100.76684921606777,524.3535602622446,0.0,False
681,1,retail,normalizer,buy,0.27635400253449544,27.19001287152787,98.8357683565303,0.0,103.54904894621296,100.76684921606777,524.3535602622446,0.0,False
682,0,arb,normalizer,sell,0.08403410934897693,8.301994648158281,98.8755812699682,0.0,103.54904894621296,100.76684921606777,524.3535602622446,0.0,False
682,1,retail,normalizer,sell,0.31246978066106124,30.991780609229103,98.8755812699682,0.0,103.54904894621296,100.76684921606777,524.3535602622446,0.0,False
683,0,arb,normalizer,buy,0.0237723306724118,2.350431172953904,98.84922565123037,0.0,103.54904894621296,100.76684921606777,524.3535602622446,0.0,False
684,0,arb,normalizer,buy,0.03559054987808765,3.5168557185115787,98.77941172547891,0.0,103.54904894621296,100.76684921606777,524.3535602622446,0.0,False
685,0,arb,normalizer,buy,0.10528539421639171,10.38917430075162,98.57331783430108,0.0,103.54904894621296,100.76684921606777,524.3535602622446,0.0,False
685,1,retail,submission,buy,0.07175408511974271,7.035601282736025,98.57331783430108,0.037436955681867445,103.40591122094719,100.75814151410972,521.3535602622446,0.0,False
685,2,retail,normalizer,buy,0.3030012442015224,29.778389485505613,98.57331783430108,0.0,103.40591122094719,100.75814151410972,521.3535602622446,0.0,False
687,0,arb,normalizer,sell,0.02338197679590337,2.305397420037414,98.62005902629865,0.0,103.40591122094719,100.75814151410972,521.3535602622446,0.0,False
687,1,retail,normalizer,sell,0.11150754553153774,11.009053352747603,98.62005902629865,0.0,103.40591122094719,100.75814151410972,521.3535602622446,0.0,False
688,0,retail,normalizer,buy,0.07698389637005515,7.557629854465631,98.52188551452264,0.0,103.40591122094719,100.75814151410972,521.3535602622446,0.0,False
689,0,retail,normalizer,sell,0.17842692707660035,17.63982872988796,98.57041220110492,0.0,103.40591122094719,100.75814151410972,521.3535602622446,0.0,False
689,1,retail,normalizer,sell,0.08738876742434343,8.662359389520775,98.57041220110492,0.0,103.40591122094719,100.75814151410972,521.3535602622446,0.0,False
690,0,arb,normalizer,buy,0.0200119760507621,1.9731131821899908,98.57705836348678,0.0,103.40591122094719,100.75814151410972,521.3535602622446,0.0,False
690,1,retail,normalizer,buy,0.042763963467988685,4.213759304249834,98.57705836348678,0.0,103.40591122094719,100.75814151410972,521.3535602622446,0.0,False
691,0,retail,normalizer,sell,0.052183061841489575,5.173354597626098,98.55088635742399,0.0,103.40591122094719,100.75814151410972,521.3535602622446,0.0,False
691,1,retail,normalizer,buy,0.1542175578719785,15.181986646581208,98.55088635742399,0.0,103.40591122094719,100.75814151410972,521.3535602622446,0.0,False
692,0,retail,normalizer,sell,0.23246891326087393,23.041430471510562,98.43915328766836,0.0,103.40591122094719,100.75814151410972,521.3535602622446,0.0,False
693,0,arb,normalizer,buy,0.16963503233158594,16.72336427017217,98.41872159875153,0.0,103.40591122094719,100.75814151410972,521.3535602622446,0.0,False
693,1,retail,submission,buy,0.25184914927317337,24.625168184496943,98.41872159875153,0.16150312270192302,102.90569736604364,100.73551872613625,518.3535602622446,0.0,False
693,2,retail,normalizer,buy,0.4533594668745442,44.41957723035557,98.41872159875153,0.0,102.90569736604364,100.73551872613625,518.3535602622446,0.0,False
694,0,arb,normalizer,sell,0.1418258935833876,13.936721425873172,98.4044535067651,0.0,102.90569736604364,100.73551872613625,518.3535602622446,0.0,False
695,0,arb,normalizer,sell,0.018245645876902472,1.7957773502407322,98.44003111022123,0.0,102.90569736604364,100.73551872613625,518.3535602622446,0.0,False
696,0,arb,normalizer,sell,0.06746720791024075,6.645916071030993,98.57175468520344,0.0,102.90569736604364,100.73551872613625,518.3535602622446,0.0,False
696,1,retail,normalizer,sell,0.02879889730311902,2.839568524977586,98.57175468520344,0.0,102.90569736604364,100.73551872613625,518.3535602622446,0.0,False
697,0,arb,normalizer,sell,0.00589505177831029,0.5814515246830809,98.63959442009279,0.0,102.90569736604364,100.73551872613625,518.3535602622446,0.0,False
697,1,retail,normalizer,sell,0.0034982307567901216,0.34507603420418775,98.63959442009279,0.0,102.90569736604364,100.73551872613625,518.3535602622446,0.0,False
698,0,arb,normalizer,sell,0.006926505433028751,0.6833220317204691,98.65999238853195,0.0,102.90569736604364,100.73551872613625,518.3535602622446,0.0,False
698,1,retail,normalizer,sell,0.028861825081861525,2.848322768552219,98.65999238853195,0.0,102.90569736604364,100.73551872613625,518.3535602622446,0.0,False
699,0,retail,normalizer,buy,0.22605187192895176,22.131876031853608,98.67157977946943,0.0,102.90569736604364,100.73551872613625,518.3535602622446,0.0,False
700,0,arb,normalizer,sell,0.21622780684631948,21.295701195013574,98.69858761016651,0.0,102.90569736604364,100.73551872613625,518.3535602622446,0.0,False
700,1,retail,normalizer,sell,0.05171649489967933,5.106964964850023,98.69858761016651,0.0,102.90569736604364,100.73551872613625,518.3535602622446,0.0,False
700,2,retail,normalizer,sell,0.0835039088080265,8.257023814069237,98.69858761016651,0.0,102.90569736604364,100.73551872613625,518.3535602622446,0.0,False
702,0,retail,submission,buy,0.18141198315857582,17.669815297535024,98.72244814320443,0.2396198023933529,102.42121905480322,100.69475224692737,512.3535602622446,0.0,False
702,1,retail,normalizer,buy,0.5897500216967746,57.67744043662606,98.72244814320443,0.0,102.42121905480322,100.69475224692737,512.3535602622446,0.0,False
702,2,retail,submission,buy,0.06417331202921807,6.237824368319707,98.72244814320443,0.09752210066245137,102.42121905480322,100.69475224692737,512.3535602622446,0.0,False
702,3,retail,normalizer,buy,0.046527847848699025,4.521920872344708,98.72244814320443,0.0,102.42121905480322,100.69475224692737,512.3535602622446,0.0,False
703,0,arb,normalizer,sell,0.5110330036616944,50.19564106624422,98.72186300208756,0.0,102.42121905480322,100.69475224692737,512.3535602622446,0.0,False
705,0,retail,normalizer,buy,0.025779958255488712,2.529153218109059,98.64014615202463,0.0,102.42121905480322,100.69475224692737,512.3535602622446,0.0,False
706,0,arb,normalizer,sell,0.033209922245248436,3.2779537359309905,98.73657020568142,0.0,102.42121905480322,100.69475224692737,512.3535602622446,0.0,False
708,0,arb,normalizer,sell,0.09892834408054796,9.777442326678536,98.9306834425965,0.0,102.42121905480322,100.69475224692737,512.3535602622446,0.0,False
708,1,retail,normalizer,buy,0.008635644218171418,0.8491392847627139,98.9306834425965,0.0,102.42121905480322,100.69475224692737,512.3535602622446,0.0,False
709,0,arb,normalizer,sell,0.019315862743809475,1.9109713066974843,98.95172489371564,0.0,102.42121905480322,100.69475224692737,512.3535602622446,0.0,False
709,1,retail,normalizer,buy,0.35615744778519565,34.90813816105219,98.95172489371564,0.0,102.42121905480322,100.69475224692737,512.3535602622446,0.0,False
710,0,arb,normalizer,sell,0.3206035467149917,31.60195347453287,98.88397241847666,0.0,102.42121905480322,100.69475224692737,512.3535602622446,0.0,False
710,1,retail,normalizer,sell,0.10786233740948603,10.677291536705356,98.88397241847666,0.0,102.42121905480322,100.69475224692737,512.3535602622446,0.0,False
712,0,retail,normalizer,buy,0.14832119901388022,14.588555967628054,98.71580834997654,0.0,102.42121905480322,100.69475224692737,512.3535602622446,0.0,False
713,0,retail,normalizer,buy,0.015563678735780774,1.52832801797922,98.64916435065288,0.0,102.42121905480322,100.69475224692737,512.3535602622446,0.0,False
713,1,retail,normalizer,sell,0.1574393121884583,15.575405579947299,98.64916435065288,0.0,102.42121905480322,100.69475224692737,512.3535602622446,0.0,False
713,2,retail,normalizer,sell,0.0755062207711319,7.487106679395488,98.64916435065288,0.0,102.42121905480322,100.69475224692737,512.3535602622446,0.0,False
717,0,arb,normalizer,buy,0.03678277596130351,3.6268848357703973,98.56684968451809,0.0,102.42121905480322,100.69475224692737,512.3535602622446,0.0,False
717,1,retail,normalizer,sell,0.025669154721043697,2.546026887947695,98.56684968451809,0.0,102.42121905480322,100.69475224692737,512.3535602622446,0.0,False
719,0,retail,normalizer,buy,0.0761597841674201,7.504995770786991,98.68572000793115,0.0,102.42121905480322,100.69475224692737,512.3535602622446,0.0,False
720,0,retail,normalizer,sell,0.045525931504855066,4.511925928356758,98.72167891293114,0.0,102.42121905480322,100.69475224692737,512.3535602622446,0.0,False
720,1,retail,normalizer,buy,0.10592646854370119,10.428904461170532,98.72167891293114,0.0,102.42121905480322,100.69475224692737,512.3535602622446,0.0,False
725,0,retail,normalizer,buy,0.19336841791394543,18.981615471680925,98.4708745865231,0.0,102.42121905480322,100.69475224692737,512.3535602622446,0.0,False
726,0,arb,normalizer,sell,0.010664962096171848,1.05131232167908,98.58670588932635,0.0,102.42121905480322,100.69475224692737,512.3535602622446,0.0,False
727,0,arb,normalizer,sell,0.007395942537641531,0.729195079741912,98.60116516058842,0.0,102.42121905480322,100.69475224692737,512.3535602622446,0.0,False
728,0,arb,normalizer,sell,0.030961052367146635,3.0537332605912884,98.66172941456333,0.0,102.42121905480322,100.69475224692737,512.3535602622446,0.0,False
729,0,arb,normalizer,sell,0.0525262069324981,5.185027567718076,98.76460591303716,0.0,102.42121905480322,100.69475224692737,512.3535602622446,0.0,False
729,1,retail,normalizer,sell,0.1743159116114299,17.24607384408967,98.76460591303716,0.0,102.42121905480322,100.69475224692737,512.3535602622446,0.0,False
733,0,retail,normalizer,buy,0.09970887442665108,9.812965513345262,98.70556195352096,0.0,102.42121905480322,100.69475224692737,512.3535602622446,0.0,False
734,0,retail,normalizer,buy,0.016191485812885473,1.591675770456277,98.74350078269873,0.0,102.42121905480322,100.69475224692737,512.3535602622446,0.0,False
735,0,retail,normalizer,sell,0.06045314026255255,5.981189907856859,98.76959310177658,0.0,102.42121905480322,100.69475224692737,512.3535602622446,0.0,False
739,0,retail,normalizer,buy,0.1107648970723517,10.887940273207278,98.74494600524902,0.0,102.42121905480322,100.69475224692737,512.3535602622446,0.0,False
740,0,retail,normalizer,buy,0.114810771936411,11.260480902941708,98.64738861410767,0.0,102.42121905480322,100.69475224692737,512.3535602622446,0.0,False
741,0,arb,normalizer,sell,0.10119416105003154,9.983486629145295,98.7558087836544,0.0,102.42121905480322,100.69475224692737,512.3535602622446,0.0,False
742,0,retail,normalizer,buy,0.014716731925591633,1.4444453689575312,98.55217275054694,0.0,102.42121905480322,100.69475224692737,512.3535602622446,0.0,False
744,0,retail,normalizer,buy,0.3234734338429381,31.64300890197046,98.58458710106008,0.0,102.42121905480322,100.69475224692737,512.3535602622446,0.0,False
745,0,arb,normalizer,sell,0.2772555820368723,27.273082177108392,98.63847954322813,0.0,102.42121905480322,100.69475224692737,512.3535602622446,0.0,False
746,0,retail,normalizer,buy,0.017234767012012063,1.6895385476400406,98.5213759444757,0.0,102.42121905480322,100.69475224692737,512.3535602622446,0.0,False
750,0,retail,normalizer,sell,0.03410539050391037,3.3640952613555988,98.39700550090147,0.0,102.42121905480322,100.69475224692737,512.3535602622446,0.0,False
751,0,retail,normalizer,sell,0.10091989578796756,9.96790453470029,98.4568370070445,0.0,102.42121905480322,100.69475224692737,512.3535602622446,0.0,False
752,0,retail,normalizer,sell,0.03446999158055064,3.4091949886903334,98.52348309673788,0.0,102.42121905480322,100.69475224692737,512.3535602622446,0.0,False
754,0,retail,normalizer,buy,0.3043391771150835,29.840128682993964,98.39618726176684,0.0,102.42121905480322,100.69475224692737,512.3535602622446,0.0,False
755,0,arb,normalizer,sell,0.0759981378649286,7.479552258353445,98.49169057741143,0.0,102.42121905480322,100.69475224692737,512.3535602622446,0.0,False
755,1,retail,normalizer,sell,0.03674777027113407,3.6206684794709276,98.49169057741143,0.0,102.42121905480322,100.69475224692737,512.3535602622446,0.0,False
758,0,retail,normalizer,sell,0.0937587610365398,9.249785024602442,98.30277111370803,0.0,102.42121905480322,100.69475224692737,512.3535602622446,0.0,False
759,0,retail,normalizer,buy,0.12938987271208185,12.684071504439999,98.26370637660602,0.0,102.41727008748357,100.6611091878199,509.3535602622446,0.0,False
759,1,retail,submission,buy,0.0020078104006356454,0.19510246654863295,98.26370637660602,0.0021924251193238264,102.41727008748357,100.6611091878199,509.3535602622446,0.0,False
759,2,retail,normalizer,buy,0.3819075861004898,37.249938461904094,98.26370637660602,0.0,102.41727008748357,100.6611091878199,509.3535602622446,0.0,False
760,0,arb,normalizer,sell,0.269265898364921,26.39239100596716,98.27733979748619,0.0,102.41727008748357,100.6611091878199,509.3535602622446,0.0,False
760,1,retail,normalizer,buy,0.0283289190830416,2.7666378340582014,98.27733979748619,0.0,102.41727008748357,100.6611091878199,509.3535602622446,0.0,False
761,0,arb,normalizer,sell,0.01803616642804684,1.7718719995220595,98.25748239011949,0.0,102.41727008748357,100.6611091878199,509.3535602622446,0.0,False
761,1,retail,normalizer,buy,0.06293250737404094,6.142729135221089,98.25748239011949,0.0,102.41727008748357,100.6611091878199,509.3535602622446,0.0,False
762,0,arb,normalizer,sell,0.0042567345686137514,0.4177546103993093,98.14382224534762,0.0,102.41727008748357,100.6611091878199,509.3535602622446,0.0,False
762,1,retail,submission,buy,0.0815757223144001,7.92300223390157,98.14382224534762,0.08315095645875026,102.14730930062545,100.61426689411036,503.35356026224457,0.0,False
762,2,retail,normalizer,buy,0.26470626248685925,25.756403107699953,98.14382224534762,0.0,102.14730930062545,100.61426689411036,503.35356026224457,0.0,False
762,3,retail,submission,buy,0.0558977459598957,5.423595265170661,98.14382224534762,0.06242317823294119,102.14730930062545,100.61426689411036,503.35356026224457,0.0,False
762,4,retail,normalizer,buy,0.03848215717753245,3.7332214876951184,98.14382224534762,0.0,102.14730930062545,100.61426689411036,503.35356026224457,0.0,False
763,0,arb,normalizer,sell,0.3362967507914334,32.91812988691519,98.20990661233745,0.0,102.14730930062545,100.61426689411036,503.35356026224457,0.0,False
763,1,retail,normalizer,sell,0.06930363140304507,6.8109739590406795,98.20990661233745,0.0,102.14730930062545,100.61426689411036,503.35356026224457,0.0,False
763,2,retail,normalizer,sell,0.3895334817876659,38.45690546011801,98.20990661233745,0.0,102.14730930062545,100.61426689411036,503.35356026224457,0.0,False
764,0,arb,normalizer,buy,0.2365038469762156,23.244473269143782,98.05387425532174,0.0,102.14730930062545,100.61426689411036,503.35356026224457,0.0,False
764,1,retail,submission,buy,0.20888598748086804,20.222584663672023,98.05387425532174,0.25949568647572363,101.73894721016329,100.56444407157876,500.35356026224457,0.0,False
764,2,retail,normalizer,buy,0.7488246752861244,72.88552396486193,98.05387425532174,0.0,101.73894721016329,100.56444407157876,500.35356026224457,0.0,False
765,0,arb,normalizer,sell,0.4951278069393936,48.362250231527405,98.15471637909955,0.0,101.73894721016329,100.56444407157876,500.35356026224457,0.0,False
765,1,retail,normalizer,buy,0.01757752299688525,1.7146831492209458,98.15471637909955,0.0,101.73894721016329,100.56444407157876,500.35356026224457,0.0,False
765,2,retail,normalizer,sell,0.15694246751087348,15.423244690040361,98.15471637909955,0.0,101.73894721016329,100.56444407157876,500.35356026224457,0.0,False
766,0,retail,normalizer,buy,0.11013393522777246,10.76339498940797,98.10956979247821,0.0,101.73894721016329,100.56444407157876,500.35356026224457,0.0,False
766,1,retail,normalizer,sell,0.1585581813721717,15.596827218436122,98.10956979247821,0.0,101.73894721016329,100.56444407157876,500.35356026224457,0.0,False
767,0,retail,normalizer,sell,0.1220023943407682,12.034369497373868,98.22046473527311,0.0,101.73894721016329,100.56444407157876,500.35356026224457,0.0,False
767,1,retail,normalizer,buy,0.21944875413715406,21.496216361831102,98.22046473527311,0.0,101.73894721016329,100.56444407157876,500.35356026224457,0.0,False
771,0,retail,normalizer,sell,0.12256259596570374,12.06652030881608,97.98530402618321,0.0,101.73894721016329,100.56444407157876,500.35356026224457,0.0,False
771,1,retail,normalizer,buy,0.12542085460889066,12.273643276095754,97.98530402618321,0.0,101.73894721016329,100.56444407157876,500.35356026224457,0.0,False
772,0,retail,normalizer,sell,0.03816623972494426,3.7542130773434974,98.14960401870944,0.0,101.73894721016329,100.56444407157876,500.35356026224457,0.0,False
773,0,retail,normalizer,sell,0.3932940696596603,38.85225232579951,98.1524412959749,0.0,101.73894721016329,100.56444407157876,500.35356026224457,0.0,False
773,1,retail,normalizer,sell,0.05767172302188328,5.722765706009418,98.1524412959749,0.0,101.73894721016329,100.56444407157876,500.35356026224457,0.0,False
773,2,retail,normalizer,sell,0.0319938803686739,3.1775862369698946,98.1524412959749,0.0,101.73894721016329,100.56444407157876,500.35356026224457,0.0,False
774,0,arb,normalizer,buy,0.26277652707296506,25.883002761958778,98.24199402683384,0.0,101.73894721016329,100.56444407157876,500.35356026224457,0.0,False
774,1,retail,normalizer,buy,0.12182900064641278,11.954310390050523,98.24199402683384,0.0,101.73894721016329,100.56444407157876,500.35356026224457,0.0,False
774,2,retail,normalizer,buy,0.045737287970794065,4.480480883876226,98.24199402683384,0.0,101.73894721016329,100.56444407157876,500.35356026224457,0.0,False
775,0,retail,normalizer,buy,0.15696100002393912,15.345345495639776,98.26924873772579,0.0,101.73894721016329,100.56444407157876,500.35356026224457,0.0,False
776,0,arb,normalizer,sell,0.03848876731804296,3.7811249223473933,98.27712700532527,0.0,101.73894721016329,100.56444407157876,500.35356026224457,0.0,False
776,1,retail,normalizer,sell,0.02456451499534751,2.4147171089305055,98.27712700532527,0.0,101.73894721016329,100.56444407157876,500.35356026224457,0.0,False
776,2,retail,normalizer,buy,0.0996585945232466,9.730647088455953,98.27712700532527,0.0,101.73894721016329,100.56444407157876,500.35356026224457,0.0,False
777,0,arb,normalizer,sell,0.05749028788713417,5.644833437677111,98.24346719545292,0.0,101.73894721016329,100.56444407157876,500.35356026224457,0.0,False
778,0,arb,normalizer,sell,0.07277140844043117,7.154468209928482,98.3851324186459,0.0,101.73894721016329,100.56444407157876,500.35356026224457,0.0,False
778,1,retail,normalizer,sell,0.0274846148083725,2.704813741178636,98.3851324186459,0.0,101.73894721016329,100.56444407157876,500.35356026224457,0.0,False
779,0,arb,normalizer,sell,0.012206436491595696,1.20173126627578,98.46252877764175,0.0,101.73894721016329,100.56444407157876,500.35356026224457,0.0,False
784,0,retail,normalizer,sell,0.06922010996224515,6.820264599139002,98.43852545279373,0.0,101.73894721016329,100.56444407157876,500.35356026224457,0.0,False
785,0,retail,normalizer,buy,0.1445861211821875,14.150231718955183,98.48214967338956,0.0,101.73894721016329,100.56444407157876,500.35356026224457,0.0,False
786,0,arb,normalizer,sell,0.1720443634231259,16.943658668173313,98.65228000873844,0.0,101.73894721016329,100.56444407157876,500.35356026224457,0.0,False
786,1,retail,normalizer,sell,0.5657958811025452,56.13202546520659,98.65228000873844,0.0,101.73894721016329,100.56444407157876,500.35356026224457,0.0,False
786,2,retail,normalizer,sell,0.2032854842813805,20.32275175923849,98.65228000873844,0.0,101.73894721016329,100.56444407157876,500.35356026224457,0.0,False
787,0,arb,normalizer,buy,0.4399169021257927,43.61331232741759,98.70723340556037,0.0,101.73894721016329,100.56444407157876,500.35356026224457,0.0,False
787,1,retail,normalizer,buy,0.030857778530995777,3.044953837252251,98.70723340556037,0.0,101.73894721016329,100.56444407157876,500.35356026224457,0.0,False
787,2,retail,normalizer,sell,0.14993167428590937,14.90165090568842,98.70723340556037,0.0,101.73894721016329,100.56444407157876,500.35356026224457,0.0,False
788,0,arb,normalizer,buy,0.14586603450756883,14.411359154168167,98.65566746534907,0.0,101.73894721016329,100.56444407157876,500.35356026224457,0.0,False
789,0,arb,normalizer,buy,0.07389025699302026,7.284354521054411,98.5112330702899,0.0,101.73894721016329,100.56444407157876,500.35356026224457,0.0,False
789,1,retail,normalizer,buy,0.326819753100471,32.09147549891895,98.5112330702899,0.0,101.73894721016329,100.56444407157876,500.35356026224457,0.0,False
790,0,retail,normalizer,buy,0.08317848637944877,8.134508810408079,98.4427911047974,0.0,101.73894721016329,100.56444407157876,500.35356026224457,0.0,False
791,0,arb,normalizer,sell,0.13480841724921788,13.269981293474881,98.56739923279481,0.0,101.73894721016329,100.56444407157876,500.35356026224457,0.0,False
792,0,arb,normalizer,sell,0.03673559743825194,3.622251405447106,98.63922857888765,0.0,101.73894721016329,100.56444407157876,500.35356026224457,0.0,False
793,0,arb,normalizer,sell,0.07693870939951353,7.594969808538086,98.7899219802551,0.0,101.73894721016329,100.56444407157876,500.35356026224457,0.0,False
795,0,arb,normalizer,sell,7.354755291544279e-05,0.007265762317235723,98.79006619685138,0.0,101.73894721016329,100.56444407157876,500.35356026224457,0.0,False
795,1,retail,normalizer,sell,0.03809602561966585,3.7649323390235647,98.79006619685138,0.0,101.73894721016329,100.56444407157876,500.35356026224457,0.0,False
797,0,retail,normalizer,buy,0.10879274230609919,10.679835124679812,98.70780867952834,0.0,101.73894721016329,100.56444407157876,500.35356026224457,0.0,False
798,0,retail,normalizer,sell,0.5569093928484818,55.24547830741239,98.59667075953354,0.0,101.73894721016329,100.56444407157876,500.35356026224457,0.0,False
799,0,arb,normalizer,buy,0.25437107789878965,25.15814185336967,98.65380391815486,0.0,101.73894721016329,100.56444407157876,500.35356026224457,0.0,False
800,0,arb,normalizer,buy,0.03518844168943878,3.470262563250799,98.58498290420823,0.0,101.73894721016329,100.56444407157876,500.35356026224457,0.0,False
801,0,retail,normalizer,buy,0.9688644026055483,94.60674388975713,98.61268642449214,0.0,101.73894721016329,100.56444407157876,500.35356026224457,0.0,False
802,0,arb,normalizer,sell,0.6471195703838504,63.369248879072906,98.55324782829479,0.0,101.73894721016329,100.56444407157876,500.35356026224457,0.0,False
803,0,arb,normalizer,sell,0.013694251884842856,1.349796226871805,98.5800093456944,0.0,101.73894721016329,100.56444407157876,500.35356026224457,0.0,False
804,0,arb,normalizer,sell,0.0856448771217373,8.450047467237217,98.74762541096561,0.0,101.73894721016329,100.56444407157876,500.35356026224457,0.0,False
808,0,arb,normalizer,sell,0.0005836761016979608,0.05763696285115075,98.74876919294728,0.0,101.73894721016329,100.56444407157876,500.35356026224457,0.0,False
811,0,arb,normalizer,sell,0.03532941398071898,3.48995955190673,98.818038358347,0.0,101.73894721016329,100.56444407157876,500.35356026224457,0.0,False
812,0,arb,normalizer,sell,0.019900195417491773,1.9668867842788136,98.8570880806474,0.0,101.73894721016329,100.56444407157876,500.35356026224457,0.0,False
814,0,retail,normalizer,sell,0.021299900661844617,2.106091510803703,98.79750571262153,0.0,101.73894721016329,100.56444407157876,500.35356026224457,0.0,False
814,1,retail,normalizer,buy,0.36165897785046686,35.42655152809493,98.79750571262153,0.0,101.73894721016329,100.56444407157876,500.35356026224457,0.0,False
815,0,arb,normalizer,sell,0.27874563841086797,27.4469854865744,98.7383861969135,0.0,101.73894721016329,100.56444407157876,500.35356026224457,0.0,False
816,0,arb,normalizer,sell,0.03437169231162329,3.394963211137613,98.8057659991805,0.0,101.73894721016329,100.56444407157876,500.35356026224457,0.0,False
817,0,arb,normalizer,sell,0.013510710318342944,1.3351151162407209,98.83227031233177,0.0,101.73894721016329,100.56444407157876,500.35356026224457,0.0,False
818,0,arb,normalizer,sell,0.08910044000282369,8.813794194899264,99.00732834803816,0.0,101.73894721016329,100.56444407157876,500.35356026224457,0.0,False
820,0,retail,normalizer,buy,0.08360994710108097,8.221594891601853,98.9542854372814,0.0,101.73894721016329,100.56444407157876,500.35356026224457,0.0,False
821,0,arb,normalizer,sell,0.022625616702882212,2.236898390851533,98.88795319117075,0.0,101.73894721016329,100.56444407157876,500.35356026224457,0.0,False
821,1,retail,normalizer,buy,0.0778464363357788,7.6460632024991355,98.88795319117075,0.0,101.73894721016329,100.56444407157876,500.35356026224457,0.0,False
821,2,retail,normalizer,sell,0.08201014031661202,8.103923788756383,98.88795319117075,0.0,101.73894721016329,100.56444407157876,500.35356026224457,0.0,False
821,3,retail,normalizer,buy,0.3205262862231298,31.409379783448458,98.88795319117075,0.0,101.73894721016329,100.56444407157876,500.35356026224457,0.0,False
822,0,arb,normalizer,sell,0.29635520132245574,29.20907935138935,98.85102040929469,0.0,101.73894721016329,100.56444407157876,500.35356026224457,0.0,False
822,1,retail,normalizer,buy,0.15942619022160237,15.640347097572885,98.85102040929469,0.0,101.73894721016329,100.56444407157876,500.35356026224457,0.0,False
822,2,retail,normalizer,sell,0.0885602172811133,8.7343724936066,98.85102040929469,0.0,101.73894721016329,100.56444407157876,500.35356026224457,0.0,False
823,0,arb,normalizer,sell,0.13688793622664264,13.530996224375743,98.98166841004532,0.0,101.73894721016329,100.56444407157876,500.35356026224457,0.0,False
824,0,retail,normalizer,sell,0.020486333140084412,2.0281841928445585,98.82069330482258,0.0,101.73894721016329,100.56444407157876,500.35356026224457,0.0,False
825,0,retail,normalizer,buy,0.02231695207711897,2.1961436876918015,98.71378805196639,0.0,101.73894721016329,100.56444407157876,500.35356026224457,0.0,False
826,0,retail,normalizer,sell,0.07470716977921654,7.399872864184643,98.75411418879659,0.0,101.73894721016329,100.56444407157876,500.35356026224457,0.0,False
827,0,retail,normalizer,sell,0.0534266353291315,5.298744118184146,98.91819949590847,0.0,101.73894721016329,100.56444407157876,500.35356026224457,0.0,False
828,0,retail,normalizer,buy,0.7555103806164591,73.96647698899324,98.94536497832598,0.0,101.73894721016329,100.56444407157876,500.35356026224457,0.0,False
829,0,arb,normalizer,sell,0.6278347969298608,61.76012554350926,98.98355847841692,0.0,101.73894721016329,100.56444407157876,500.35356026224457,0.0,False
829,1,retail,normalizer,buy,0.18608051117392335,18.27488286724474,98.98355847841692,0.0,101.73894721016329,100.56444407157876,500.35356026224457,0.0,False
829,2,retail,normalizer,sell,0.12910840062623663,12.748954649985345,98.98355847841692,0.0,101.73894721016329,100.56444407157876,500.35356026224457,0.0,False
830,0,arb,normalizer,sell,0.07305730449347436,7.22861673063034,99.01629804034015,0.0,101.73894721016329,100.56444407157876,500.35356026224457,0.0,False
830,1,retail,normalizer,sell,0.024090848923563613,2.3859577818216136,99.01629804034015,0.0,101.73894721016329,100.56444407157876,500.35356026224457,0.0,False
831,0,retail,normalizer,sell,0.016902608301961664,1.674716513195469,98.96473297289923,0.0,101.73894721016329,100.56444407157876,500.35356026224457,0.0,False
831,1,retail,normalizer,sell,0.04677629124925886,4.637546639113084,98.96473297289923,0.0,101.73894721016329,100.56444407157876,500.35356026224457,0.0,False
831,2,retail,normalizer,buy,0.014160457083344211,1.3959539645165933,98.96473297289923,0.0,101.73894721016329,100.56444407157876,500.35356026224457,0.0,False
833,0,retail,normalizer,buy,0.022480851247036714,2.215383071654287,99.04106338104305,0.0,101.73894721016329,100.56444407157876,500.35356026224457,0.0,False
834,0,retail,normalizer,buy,0.1462557639955591,14.388755249034148,99.0045474369127,0.0,101.73894721016329,100.56444407157876,500.35356026224457,0.0,False
835,0,arb,normalizer,sell,0.12212245787360132,12.084068302952625,99.07051562477136,0.0,101.73894721016329,100.56444407157876,500.35356026224457,0.0,False
835,1,retail,normalizer,buy,0.10361052266454215,10.192787461275657,99.07051562477136,0.0,101.73894721016329,100.56444407157876,500.35356026224457,0.0,False
835,2,retail,normalizer,buy,0.2727551225855915,26.732860169167907,99.07051562477136,0.0,101.73894721016329,100.56444407157876,500.35356026224457,0.0,False
835,3,retail,normalizer,buy,0.015944856067142025,1.5583098020106263,99.07051562477136,0.0,101.73894721016329,100.56444407157876,500.35356026224457,0.0,False
836,0,arb,normalizer,sell,0.44302005870561345,43.74283005319553,99.1727706181623,0.0,101.73894721016329,100.56444407157876,500.35356026224457,0.0,False
837,0,arb,normalizer,sell,0.014203810089227886,1.4088301789104858,99.20079029465289,0.0,101.73894721016329,100.56444407157876,500.35356026224457,0.0,False
837,1,retail,normalizer,sell,0.08578148211400105,8.516856527727285,99.20079029465289,0.0,101.73894721016329,100.56444407157876,500.35356026224457,0.0,False
838,0,retail,normalizer,buy,0.04642097087325419,4.5831171355748666,99.20421228768534,0.0,101.73894721016329,100.56444407157876,500.35356026224457,0.0,False
839,0,retail,normalizer,buy,0.32980298260894936,32.44015293515986,99.2151140290159,0.0,101.73894721016329,100.56444407157876,500.35356026224457,0.0,False
839,1,retail,normalizer,buy,0.09387356665426143,9.194970591337551,99.2151140290159,0.0,101.73894721016329,100.56444407157876,500.35356026224457,0.0,False
840,0,arb,normalizer,sell,0.41497958668938395,41.02322169111598,99.26410565456278,0.0,101.73894721016329,100.56444407157876,500.35356026224457,0.0,False
841,0,arb,normalizer,sell,0.07282909525471837,7.234556565682682,99.40809919860682,0.0,101.73894721016329,100.56444407157876,500.35356026224457,0.0,False
842,0,retail,submission,buy,0.1720350299290531,16.599547830948723,99.38675906713823,0.49845623971799213,101.4043576658532,100.50668278756905,497.35356026224457,0.0,False
842,1,retail,normalizer,buy,1.2896791860591919,125.82581849901908,99.38675906713823,0.0,101.4043576658532,100.50668278756905,497.35356026224457,0.0,False
842,2,retail,normalizer,sell,0.09297622576264075,9.018675202164145,99.38675906713823,0.0,101.4043576658532,100.50668278756905,497.35356026224457,0.0,False
843,0,arb,normalizer,sell,1.1952910691862542,117.43002282528433,99.41296279140329,0.0,101.4043576658532,100.50668278756905,497.35356026224457,0.0,False
843,1,retail,normalizer,sell,0.056303240561433654,5.600411183602331,99.41296279140329,0.0,101.4043576658532,100.50668278756905,497.35356026224457,0.0,False
845,0,arb,normalizer,sell,0.041358096692874824,4.117840573586325,99.60655974147545,0.0,101.4043576658532,100.50668278756905,497.35356026224457,0.0,False
845,1,retail,normalizer,sell,0.18841625316407828,18.802799469045052,99.60655974147545,0.0,101.4043576658532,100.50668278756905,497.35356026224457,0.0,False
846,0,retail,normalizer,buy,0.14949208027107605,14.834847526508383,99.64685592792739,0.0,101.4043576658532,100.50668278756905,497.35356026224457,0.0,False
847,0,retail,normalizer,sell,0.03618716956813728,3.608611487020141,99.61813551425236,0.0,101.4043576658532,100.50668278756905,497.35356026224457,0.0,False
849,0,arb,normalizer,sell,0.023442604940896672,2.339104527476257,99.80339295782281,0.0,101.4043576658532,100.50668278756905,497.35356026224457,0.0,False
850,0,arb,normalizer,sell,0.05852407584144714,5.844313175713236,99.92002302649966,0.0,101.4043576658532,100.50668278756905,497.35356026224457,0.0,False
850,1,retail,normalizer,buy,0.053214022136178686,5.282494025441338,99.92002302649966,0.0,101.4043576658532,100.50668278756905,497.35356026224457,0.0,False
850,2,retail,normalizer,sell,0.043419747778571605,4.335789079356908,99.92002302649966,0.0,101.4043576658532,100.50668278756905,497.35356026224457,0.0,False
851,0,arb,normalizer,sell,0.14317314271256976,14.32357929380371,100.18691274186709,0.0,101.4043576658532,100.50668278756905,497.35356026224457,0.0,False
851,1,retail,normalizer,buy,0.19839852443668343,19.71887052229613,100.18691274186709,0.0,101.4043576658532,100.50668278756905,497.35356026224457,0.0,False
852,0,arb,normalizer,sell,0.1646340093445673,16.456174685946948,100.12052090055383,0.0,101.4043576658532,100.50668278756905,497.35356026224457,0.0,False
854,0,retail,normalizer,buy,0.07339648185780993,7.299132738644403,100.0470141463774,0.0,101.4043576658532,100.50668278756905,497.35356026224457,0.0,False
854,1,retail,normalizer,buy,0.02555254559178651,2.5386471711226477,100.0470141463774,0.0,101.4043576658532,100.50668278756905,497.35356026224457,0.0,False
855,0,arb,normalizer,sell,0.0991876837470187,9.920997220113298,100.12159224205078,0.0,101.4043576658532,100.50668278756905,497.35356026224457,0.0,False
855,1,retail,normalizer,sell,0.03485233315505809,3.490686586605619,100.12159224205078,0.0,101.4043576658532,100.50668278756905,497.35356026224457,0.0,False
855,2,retail,normalizer,buy,0.275383503416446,27.350696253644855,100.12159224205078,0.0,101.4043576658532,100.50668278756905,497.35356026224457,0.0,False
856,0,arb,normalizer,sell,0.30156066351864297,30.13922390990707,100.24545800036536,0.0,101.4043576658532,100.50668278756905,497.35356026224457,0.0,False
856,1,retail,normalizer,sell,0.08997589026863295,9.02779492242737,100.24545800036536,0.0,101.4043576658532,100.50668278756905,497.35356026224457,0.0,False
857,0,retail,normalizer,sell,0.09998391223422232,10.051044588573061,100.40838993128207,0.0,101.4043576658532,100.50668278756905,497.35356026224457,0.0,False
860,0,retail,normalizer,buy,0.11300895192196563,11.290914319404692,100.41051086813454,0.0,101.4043576658532,100.50668278756905,497.35356026224457,0.0,False
860,1,retail,normalizer,sell,0.15231890931978853,15.316244015627085,100.41051086813454,0.0,101.4043576658532,100.50668278756905,497.35356026224457,0.0,False
861,0,retail,normalizer,sell,0.02025279475955699,2.0400175651556376,100.48883918365617,0.0,101.4043576658532,100.50668278756905,497.35356026224457,0.0,False
861,1,retail,normalizer,buy,0.36039584245196954,35.96218146257161,100.48883918365617,0.0,101.4043576658532,100.50668278756905,497.35356026224457,0.0,False
861,2,retail,normalizer,buy,0.09980591181891665,9.913568859527004,100.48883918365617,0.0,101.4043576658532,100.50668278756905,497.35356026224457,0.0,False
862,0,arb,normalizer,sell,0.30238339283971527,30.27764894520343,100.43297517149682,0.0,101.4043576658532,100.50668278756905,497.35356026224457,0.0,False
862,1,retail,normalizer,sell,0.030969735599597925,3.111346896641155,100.43297517149682,0.0,101.4043576658532,100.50668278756905,497.35356026224457,0.0,False
864,0,arb,normalizer,sell,0.06402153392305365,6.437985919541445,100.62417844467231,0.0,101.4043576658532,100.50668278756905,497.35356026224457,0.0,False
864,1,retail,normalizer,buy,0.026636772934183997,2.663537204374734,100.62417844467231,0.0,101.4043576658532,100.50668278756905,497.35356026224457,0.0,False
865,0,arb,normalizer,sell,0.07150673874562585,7.196633510590993,100.71484622134689,0.0,101.4043576658532,100.50668278756905,497.35356026224457,0.0,False
865,1,retail,normalizer,buy,0.03627325202253994,3.6300528545307316,100.71484622134689,0.0,101.4043576658532,100.50668278756905,497.35356026224457,0.0,False
865,2,retail,normalizer,sell,0.037005059630331516,3.7256401507372914,100.71484622134689,0.0,101.4043576658532,100.50668278756905,497.35356026224457,0.0,False
866,0,retail,normalizer,sell,0.016545942893174015,1.666726515406365,100.60095418451716,0.0,101.4043576658532,100.50668278756905,497.35356026224457,0.0,False
866,1,retail,normalizer,sell,0.26565990268569806,26.83667542708171,100.60095418451716,0.0,101.4043576658532,100.50668278756905,497.35356026224457,0.0,False
867,0,arb,normalizer,buy,0.07266088803325775,7.310305806253382,100.5353508130361,0.0,101.4043576658532,100.50668278756905,497.35356026224457,0.0,False
867,1,retail,normalizer,buy,0.003200838329476728,0.3217870924345334,100.5353508130361,0.0,101.4043576658532,100.50668278756905,497.35356026224457,0.0,False
867,2,retail,normalizer,buy,0.047861307702423986,4.80914065010802,100.5353508130361,0.0,101.4043576658532,100.50668278756905,497.35356026224457,0.0,False
868,0,arb,normalizer,buy,0.0064548419976762994,0.6482349438392703,100.41966585178014,0.0,101.4043576658532,100.50668278756905,497.35356026224457,0.0,False
868,1,retail,normalizer,buy,0.04054394649997866,4.069758542522322,100.41966585178014,0.0,101.4043576658532,100.50668278756905,497.35356026224457,0.0,False
869,0,arb,normalizer,buy,0.035533045535194076,3.56405656248171,100.26695728712556,0.0,101.4043576658532,100.50668278756905,497.35356026224457,0.0,False
869,1,retail,normalizer,buy,0.027764359638932413,2.7830752897552884,100.26695728712556,0.0,101.4043576658532,100.50668278756905,497.35356026224457,0.0,False
869,2,retail,normalizer,buy,0.08222624333203972,8.233232947035503,100.26695728712556,0.0,101.4043576658532,100.50668278756905,497.35356026224457,0.0,False
869,3,retail,normalizer,sell,0.03767466923453355,3.7933788810659816,100.26695728712556,0.0,101.4043576658532,100.50668278756905,497.35356026224457,0.0,False
870,0,arb,normalizer,buy,0.014861555403125724,1.487752912009455,100.09262140627119,0.0,101.4043576658532,100.50668278756905,497.35356026224457,0.0,False
870,1,retail,normalizer,sell,0.03504384029128005,3.5300101886969975,100.09262140627119,0.0,101.4043576658532,100.50668278756905,497.35356026224457,0.0,False
871,0,arb,normalizer,buy,0.04318642551039982,4.323813721504848,100.07655089254405,0.0,101.4043576658532,100.50668278756905,497.35356026224457,0.0,False
872,0,arb,normalizer,buy,0.028441513729817375,2.8455201928609313,100.01971224525566,0.0,101.4043576658532,100.50668278756905,497.35356026224457,0.0,False
872,1,retail,normalizer,sell,0.08792816693139116,8.855354485988096,100.01971224525566,0.0,101.4043576658532,100.50668278756905,497.35356026224457,0.0,False
872,2,retail,normalizer,sell,0.2508574685848828,25.35018643142543,100.01971224525566,0.0,101.4043576658532,100.50668278756905,497.35356026224457,0.0,False
873,0,arb,normalizer,buy,0.3634374010758236,36.4660674991901,99.97252124534032,0.0,101.4043576658532,100.50668278756905,497.35356026224457,0.0,False
873,1,retail,normalizer,sell,0.03050416612725826,3.068895955493555,99.97252124534032,0.0,101.4043576658532,100.50668278756905,497.35356026224457,0.0,False
874,0,arb,normalizer,buy,0.026995540370803504,2.6997339020199433,99.97970868736395,0.0,101.4043576658532,100.50668278756905,497.35356026224457,0.0,False
874,1,retail,normalizer,buy,0.12514011691773028,12.495860158353025,99.97970868736395,0.0,101.4043576658532,100.50668278756905,497.35356026224457,0.0,False
875,0,retail,normalizer,sell,0.2393110613360676,24.068027996289864,99.95476244226549,0.0,101.4043576658532,100.50668278756905,497.35356026224457,0.0,False
876,0,arb,normalizer,buy,0.1471902204993301,14.728185604366445,99.9152581008919,0.0,101.4043576658532,100.50668278756905,497.35356026224457,0.0,False
878,0,retail,normalizer,sell,0.21420958042025973,21.578074719152273,99.95237493407534,0.0,101.4043576658532,100.50668278756905,497.35356026224457,0.0,False
879,0,arb,normalizer,buy,0.13407282654962588,13.435541631652086,100.07656825271948,0.0,101.4043576658532,100.50668278756905,497.35356026224457,0.0,False
879,1,retail,normalizer,sell,0.31941241295987766,32.261600854711006,100.07656825271948,0.0,101.4043576658532,100.50668278756905,497.35356026224457,0.0,False
880,0,arb,normalizer,buy,0.30831679029227055,30.958073230467562,100.1006775557189,0.0,101.4043576658532,100.50668278756905,497.35356026224457,0.0,False
882,0,arb,normalizer,buy,0.007695613810234754,0.7702769382685801,100.08528799279473,0.0,101.4043576658532,100.50668278756905,497.35356026224457,0.0,False
882,1,retail,normalizer,sell,0.026861968444137574,2.7054197873604906,100.08528799279473,0.0,101.4043576658532,100.50668278756905,497.35356026224457,0.0,False
883,0,arb,normalizer,buy,0.049595090431425765,4.963951960644408,100.04000889829703,0.0,101.4043576658532,100.50668278756905,497.35356026224457,0.0,False
886,0,retail,normalizer,sell,0.2195768503549118,22.147578167291712,100.27403360521879,0.0,101.4043576658532,100.50668278756905,497.35356026224457,0.0,False
886,1,retail,normalizer,sell,0.09261631053851715,9.37103250059549,100.27403360521879,0.0,101.4043576658532,100.50668278756905,497.35356026224457,0.0,False
887,0,arb,normalizer,buy,0.15072311240493907,15.150216542202543,100.36532613120423,0.0,101.4043576658532,100.50668278756905,497.35356026224457,0.0,False
887,1,retail,normalizer,buy,0.1720912872974004,17.242316122345073,100.36532613120423,0.0,101.4043576658532,100.50668278756905,497.35356026224457,0.0,False
888,0,retail,normalizer,buy,0.34807671788871924,34.694271104077416,100.30106478125963,0.0,101.4043576658532,100.50668278756905,497.35356026224457,0.0,False
889,0,arb,normalizer,sell,0.17572906435808022,17.591041550281876,100.27909057597135,0.0,101.4043576658532,100.50668278756905,497.35356026224457,0.0,False
890,0,retail,normalizer,buy,0.1299714158086499,12.938568019035301,100.27576373855256,0.0,101.4043576658532,100.50668278756905,497.35356026224457,0.0,False
891,0,arb,normalizer,sell,0.11515365143513634,11.530897522005413,100.25016374843631,0.0,101.4043576658532,100.50668278756905,497.35356026224457,0.0,False
892,0,retail,normalizer,buy,0.2091848328758832,20.80180490075145,100.14560487639888,0.0,101.4043576658532,100.50668278756905,497.35356026224457,0.0,False
892,1,retail,normalizer,sell,0.06977732339896647,6.970961311267757,100.14560487639888,0.0,101.4043576658532,100.50668278756905,497.35356026224457,0.0,False
892,2,retail,normalizer,sell,0.2669624712531089,26.760243854911895,100.14560487639888,0.0,101.4043576658532,100.50668278756905,497.35356026224457,0.0,False
896,0,retail,normalizer,sell,0.11542466416673847,11.61447573478703,100.27412796726092,0.0,101.4043576658532,100.50668278756905,497.35356026224457,0.0,False
896,1,retail,normalizer,sell,0.11201513465634605,11.2971163001002,100.27412796726092,0.0,101.4043576658532,100.50668278756905,497.35356026224457,0.0,False
897,0,arb,normalizer,buy,0.06463563020116914,6.48276544721557,100.23228185988397,0.0,101.4043576658532,100.50668278756905,497.35356026224457,0.0,False
897,1,retail,submission,sell,0.0436182135927794,4.425020552430982,100.23228185988397,0.05306747337489526,101.61341360741196,100.45554900587827,148.94800749506717,0.0,False
897,2,retail,normalizer,sell,0.3233809854662866,32.71464701600356,100.23228185988397,0.0,101.61341360741196,100.45554900587827,148.94800749506717,0.0,False
897,3,retail,normalizer,buy,0.03084920909732878,3.111273726761283,100.23228185988397,0.0,101.61341360741196,100.45554900587827,148.94800749506717,0.0,False
897,4,retail,submission,sell,0.05858786295948448,5.949798883110682,100.23228185988397,0.07740368938737774,101.61341360741196,100.45554900587827,148.94800749506717,0.0,False
897,5,retail,normalizer,sell,0.08943260445366263,9.079379346004231,100.23228185988397,0.0,101.61341360741196,100.45554900587827,148.94800749506717,0.0,False
898,0,arb,normalizer,buy,0.4417347736156759,44.4203578250108,100.1150965044848,0.0,101.61341360741196,100.45554900587827,148.94800749506717,0.0,False
898,1,retail,normalizer,sell,0.029360781896315302,2.958044253118702,100.1150965044848,0.0,101.61341360741196,100.45554900587827,148.94800749506717,0.0,False
899,0,arb,submission,buy,0.08239103133289054,8.240592046779057,99.93630744847108,-0.006736608498693286,101.44734544544741,100.31500963778247,148.94800749506717,0.0,True
899,1,arb,normalizer,buy,0.11894359125387481,11.900912926883393,99.93630744847108,0.0,101.44734544544741,100.31500963778247,148.94800749506717,0.0,True
900,0,retail,normalizer,sell,0.3341778551283312,33.71057189537062,99.95698888298824,0.0,101.44734544544741,100.31500963778247,148.94800749506717,0.0,True
901,0,arb,normalizer,buy,0.29460651997517023,29.552692980993015,100.01731120266058,0.0,101.44734544544741,100.31500963778247,148.94800749506717,0.0,True
902,0,arb,submission,buy,0.009798225088449094,0.9791032476205146,99.91687890101771,-9.517801303293716e-05,101.42762313815663,100.2773925733125,148.94800749506717,0.0,True
902,1,arb,normalizer,buy,0.05031648576060692,5.029992280089573,99.91687890101771,0.0,101.42762313815663,100.2773925733125,148.94800749506717,0.0,True
902,2,retail,submission,buy,0.07136402371576603,7.125425635080319,99.91687890101771,0.00504488041723139,101.28415175980467,100.28052270394724,151.94800749506717,0.0,False
902,3,retail,normalizer,buy,0.07093703880462551,7.082792819928727,99.91687890101771,0.0,101.28415175980467,100.28052270394724,151.94800749506717,0.0,False
905,0,retail,submission,buy,0.06740482870290802,6.718816835662437,100.2134675233477,0.03605477647325106,101.1489605198104,100.28275820189732,154.94800749506717,0.0,False
905,1,retail,normalizer,buy,0.08226165244896687,8.200972600046953,100.2134675233477,0.0,101.1489605198104,100.28275820189732,154.94800749506717,0.0,False
906,0,retail,submission,buy,0.007958211426769777,0.7924296022956696,100.18655568076986,0.00487618993173955,101.1330217687083,100.14246057167111,154.94800749506717,0.0,True
906,1,retail,normalizer,buy,0.02319569478796204,2.3100360789230763,100.18655568076986,0.0,101.1330217687083,100.14246057167111,154.94800749506717,0.0,True
907,0,arb,normalizer,sell,0.002385031879384769,0.23890498992027748,100.170855681223,0.0,101.1330217687083,100.14246057167111,154.94800749506717,0.0,True
907,1,retail,submission,buy,0.045995005614143276,4.577453586705815,100.170855681223,0.029905482725572696,101.04097647539885,100.00235922069967,154.94800749506717,0.0,True
907,2,retail,normalizer,buy,0.0480980915563693,4.786868191693429,100.170855681223,0.0,101.04097647539885,100.00235922069967,154.94800749506717,0.0,True
908,0,arb,normalizer,sell,0.0743075235494075,7.4418427558470315,100.22363979995889,0.0,101.04097647539885,100.00235922069967,154.94800749506717,0.0,True
908,1,retail,normalizer,sell,0.12852523587810083,12.897837536023003,100.22363979995889,0.0,101.04097647539885,100.00235922069967,154.94800749506717,0.0,True
910,0,retail,normalizer,buy,0.04003478619760855,3.9970646771798783,100.24918356739505,0.0,101.04097647539885,100.00235922069967,154.94800749506717,0.0,True
911,0,retail,normalizer,sell,0.07853486256048825,7.891212570952578,100.25635081146203,0.0,101.04097647539885,100.00235922069967,154.94800749506717,0.0,True
912,0,retail,normalizer,buy,0.06808749514200578,6.801194788840803,100.42628607979631,0.0,101.04097647539885,100.00235922069967,154.94800749506717,0.0,True
912,1,retail,normalizer,sell,0.05344427276244801,5.369896652574045,100.42628607979631,0.0,101.04097647539885,100.00235922069967,154.94800749506717,0.0,True
912,2,retail,normalizer,sell,0.07155926884433939,7.199033649336828,100.42628607979631,0.0,101.04097647539885,100.00235922069967,154.94800749506717,0.0,True
914,0,retail,normalizer,buy,0.00281930167991135,0.282123452912856,100.1877555866738,0.0,101.04097647539885,100.00235922069967,154.94800749506717,0.0,True
914,1,retail,normalizer,sell,0.13387793411702376,13.495437770569772,100.1877555866738,0.0,101.04097647539885,100.00235922069967,154.94800749506717,0.0,True
915,0,arb,normalizer,buy,0.07160900043747359,7.179725643687561,100.19113636718389,0.0,101.04097647539885,100.00235922069967,154.94800749506717,0.0,True
917,0,arb,normalizer,buy,0.002982949101089626,0.2988561503170786,100.18516260471321,0.0,101.04097647539885,100.00235922069967,154.94800749506717,0.0,True
918,0,arb,normalizer,buy,0.032500799573915044,3.255040586433097,100.12010992818156,0.0,101.04097647539885,100.00235922069967,154.94800749506717,0.0,True
919,0,arb,normalizer,buy,0.02775735032929726,2.778298479584919,100.06460175590439,0.0,101.04097647539885,100.00235922069967,154.94800749506717,0.0,True
919,1,retail,normalizer,buy,0.006387252745411222,0.6390971296495991,100.06460175590439,0.0,101.04097647539885,100.00235922069967,154.94800749506717,0.0,True
920,0,arb,normalizer,buy,0.07145930206984591,7.144535228189852,99.90917299624769,0.0,101.04097647539885,100.00235922069967,154.94800749506717,0.0,True
921,0,arb,normalizer,buy,0.005769985330557926,0.576441267014161,99.89766703739407,0.0,101.04097647539885,100.00235922069967,154.94800749506717,0.0,True
921,1,retail,normalizer,sell,0.07058444480554726,7.098735408343125,99.89766703739407,0.0,101.04097647539885,100.00235922069967,154.94800749506717,0.0,True
922,0,arb,normalizer,buy,6.195153919519381e-05,0.006197565015099826,100.03885715401574,0.0,101.04097647539885,100.00235922069967,154.94800749506717,0.0,True
922,1,retail,normalizer,buy,0.1852359683289714,18.49657704787751,100.03885715401574,0.0,101.04097647539885,100.00235922069967,154.94800749506717,0.0,True
922,2,retail,normalizer,buy,0.047094035752429604,4.691648258649366,100.03885715401574,0.0,101.04097647539885,100.00235922069967,154.94800749506717,0.0,True
924,0,retail,normalizer,buy,0.03449736565456986,3.4339374563878664,100.06796062570557,0.0,101.04097647539885,100.00235922069967,154.94800749506717,0.0,True
925,0,retail,submission,buy,0.02157305124830492,2.145529133396849,100.02998403015268,0.012422838452757379,100.99784772972593,99.86245387438431,154.94800749506717,0.0,True
925,1,retail,normalizer,buy,0.03781145731282141,3.76111905541984,100.02998403015268,0.0,100.99784772972593,99.86245387438431,154.94800749506717,0.0,True
926,0,retail,submission,buy,0.07977156843878133,7.92566344270017,99.85460284223674,0.039894841856646934,100.83860837959932,99.72274425851052,154.94800749506717,0.0,True
926,1,retail,normalizer,buy,0.07927012790220664,7.875843074274599,99.85460284223674,0.0,100.83860837959932,99.72274425851052,154.94800749506717,0.0,True
927,0,retail,normalizer,sell,0.10390563094924232,10.388292145904039,99.84025118384172,0.0,100.83860837959932,99.72274425851052,154.94800749506717,0.0,True
928,0,retail,normalizer,buy,0.027286804260258722,2.7138171843871532,100.00996505097648,0.0,100.83860837959932,99.72274425851052,154.94800749506717,0.0,True
928,1,retail,normalizer,sell,0.05056995744513415,5.060944307012327,100.00996505097648,0.0,100.83860837959932,99.72274425851052,154.94800749506717,0.0,True
931,0,arb,normalizer,sell,0.004601800709494341,0.4607932661003676,100.13785531724305,0.0,100.83860837959932,99.72274425851052,154.94800749506717,0.0,True
946,0,retail,normalizer,sell,0.04982138533834757,4.991491484827134,99.94972319242288,0.0,100.83860837959932,99.72274425851052,154.94800749506717,0.0,True
947,0,retail,submission,buy,0.06544643432060414,6.493067856745256,99.86384080070421,0.042664441221299754,100.70824580510667,99.5832300992474,154.94800749506717,0.0,True
947,1,retail,normalizer,buy,0.247275593192412,24.57725217639927,99.86384080070421,0.0,100.70824580510667,99.5832300992474,154.94800749506717,0.0,True
948,0,arb,normalizer,sell,0.0753705170869381,7.5235146057113225,99.89547553283698,0.0,100.70824580510667,99.5832300992474,154.94800749506717,0.0,True
948,1,retail,submission,buy,0.00934435264953226,0.926386404385994,99.89547553283698,0.007072147085556368,100.62380712396505,99.50494025175506,157.94800749506717,0.0,False
948,2,retail,normalizer,buy,0.08488292347772909,8.421507242481312,99.89547553283698,0.0,100.62380712396505,99.50494025175506,157.94800749506717,0.0,False
948,3,retail,normalizer,sell,0.023405562287237558,2.334710261130758,99.89547553283698,0.0,100.62380712396505,99.50494025175506,157.94800749506717,0.0,False
948,4,retail,submission,buy,0.033114581714375195,3.281557989099383,99.89547553283698,0.02643889832911528,100.62380712396505,99.50494025175506,157.94800749506717,0.0,False
948,5,retail,normalizer,buy,0.05638241518233624,5.5886363916579285,99.89547553283698,0.0,100.62380712396505,99.50494025175506,157.94800749506717,0.0,False
949,0,arb,normalizer,sell,0.08204348600644096,8.183288568070676,99.82494495750265,0.0,100.62380712396505,99.50494025175506,157.94800749506717,0.0,False
950,0,arb,normalizer,sell,0.032975463332604704,3.292857067631663,99.89065646751682,0.0,100.62380712396505,99.50494025175506,157.94800749506717,0.0,False
952,0,retail,normalizer,sell,0.11314403599975265,11.314807853700746,99.83064716407355,0.0,100.62380712396505,99.50494025175506,157.94800749506717,0.0,False
955,0,retail,normalizer,buy,0.00827322946533174,0.8232576305817929,99.714761470365,0.0,100.62380712396505,99.50494025175506,157.94800749506717,0.0,False
956,0,retail,normalizer,buy,0.15988921959702687,15.88374938207744,99.7042938901601,0.0,100.24583012584917,99.49793881846705,160.94800749506717,0.0,False
956,1,retail,normalizer,sell,0.15394972511005278,15.385044511534025,99.7042938901601,0.0,100.24583012584917,99.49793881846705,160.94800749506717,0.0,False
956,2,retail,submission,buy,0.19077621696510053,18.857903902251564,99.7042938901601,0.16330410128976425,100.24583012584917,99.49793881846705,160.94800749506717,0.0,False
956,3,retail,normalizer,buy,0.41998252516812606,41.609832948433905,99.7042938901601,0.0,100.24583012584917,99.49793881846705,160.94800749506717,0.0,False
957,0,arb,normalizer,sell,0.2302590767063606,22.907323044429827,99.71339613480586,0.0,100.24583012584917,99.49793881846705,160.94800749506717,0.0,False
957,1,retail,normalizer,sell,0.034821495725068985,3.4733755311170786,99.71339613480586,0.0,100.24583012584917,99.49793881846705,160.94800749506717,0.0,False
958,0,retail,submission,buy,0.0841267266176342,8.290749491574388,99.75740986322289,0.10151485607224942,100.07988018604955,99.48574796816736,163.94800749506717,0.0,False
958,1,retail,normalizer,buy,0.3648209032031075,36.053916882136036,99.75740986322289,0.0,100.07988018604955,99.48574796816736,163.94800749506717,0.0,False
959,0,arb,normalizer,sell,0.31121018935454003,30.924935643587602,99.67822086155122,0.0,100.07988018604955,99.48574796816736,163.94800749506717,0.0,False
959,1,retail,normalizer,sell,0.006251751427626573,0.6232022995064064,99.67822086155122,0.0,100.07988018604955,99.48574796816736,163.94800749506717,0.0,False
959,2,retail,normalizer,buy,0.02698322856179506,2.6731429126575676,99.67822086155122,0.0,100.07988018604955,99.48574796816736,163.94800749506717,0.0,False
959,3,retail,normalizer,buy,0.04613115050383783,4.566748047473084,99.67822086155122,0.0,100.07988018604955,99.48574796816736,163.94800749506717,0.0,False
960,0,arb,normalizer,sell,0.07080874284142169,7.053696407210363,99.68649967008454,0.0,100.07988018604955,99.48574796816736,163.94800749506717,0.0,False
960,1,retail,normalizer,sell,0.04556032657966114,4.543813306461046,99.68649967008454,0.0,100.07988018604955,99.48574796816736,163.94800749506717,0.0,False
961,0,retail,normalizer,buy,0.16733989255461182,16.569091036686586,99.75978678460169,0.0,100.07988018604955,99.48574796816736,163.94800749506717,0.0,False
962,0,arb,normalizer,sell,0.055677199894986984,5.539939623673689,99.55623928645187,0.0,100.07988018604955,99.48574796816736,163.94800749506717,0.0,False
963,0,arb,normalizer,sell,0.06987511031070426,6.9613493623517115,99.69499679478375,0.0,100.07988018604955,99.48574796816736,163.94800749506717,0.0,False
965,0,arb,normalizer,sell,0.004409941344533763,0.439668418675956,99.70376375580264,0.0,100.07988018604955,99.48574796816736,163.94800749506717,0.0,False
965,1,retail,normalizer,buy,0.03213975882041371,3.1842397362270276,99.70376375580264,0.0,100.07988018604955,99.48574796816736,163.94800749506717,0.0,False
966,0,arb,normalizer,sell,0.03254194000228949,3.2435337892612837,99.70475504601033,0.0,100.07988018604955,99.48574796816736,163.94800749506717,0.0,False
967,0,arb,normalizer,sell,0.030035871787063684,2.99561632071431,99.76449800665371,0.0,100.07988018604955,99.48574796816736,163.94800749506717,0.0,False
968,0,arb,normalizer,sell,0.046510456504037734,4.642245693644751,99.85711580829721,0.0,100.07988018604955,99.48574796816736,163.94800749506717,0.0,False
969,0,arb,normalizer,sell,0.015641966696193776,1.5622054983242828,99.88829315415401,0.0,100.07988018604955,99.48574796816736,163.94800749506717,0.0,False
969,1,retail,normalizer,buy,0.029093006049291513,2.8878046630634344,99.88829315415401,0.0,100.07988018604955,99.48574796816736,163.94800749506717,0.0,False
970,0,arb,normalizer,sell,0.003131430496637222,0.31262201029517633,99.83672877055021,0.0,100.07988018604955,99.48574796816736,163.94800749506717,0.0,False
971,0,retail,normalizer,sell,0.03353844263466499,3.349489164825757,99.83500184601698,0.0,100.07988018604955,99.48574796816736,163.94800749506717,0.0,False
973,0,arb,normalizer,sell,0.017359907108755124,1.7346173049678881,99.93820111469805,0.0,100.07988018604955,99.48574796816736,163.94800749506717,0.0,False
975,0,arb,normalizer,sell,0.00455765985770995,0.45550505027300237,99.94729493597096,0.0,100.07988018604955,99.48574796816736,163.94800749506717,0.0,False
975,1,retail,normalizer,buy,0.257539111477609,25.52071413887097,99.94729493597096,0.0,100.07988018604955,99.48574796816736,163.94800749506717,0.0,False
975,2,retail,normalizer,sell,0.09201938746646476,9.158513980905594,99.94729493597096,0.0,100.07988018604955,99.48574796816736,163.94800749506717,0.0,False
976,0,arb,normalizer,sell,0.14221178975211046,14.187155274195105,99.90234270138944,0.0,100.07988018604955,99.48574796816736,163.94800749506717,0.0,False
976,1,retail,normalizer,sell,0.024363632163257876,2.4345759012835906,99.90234270138944,0.0,100.07988018604955,99.48574796816736,163.94800749506717,0.0,False
976,2,retail,normalizer,buy,0.19006018395014077,18.847234203978587,99.90234270138944,0.0,100.07988018604955,99.48574796816736,163.94800749506717,0.0,False
977,0,arb,normalizer,sell,0.08268883318605447,8.240437201437832,99.73815886871364,0.0,100.07988018604955,99.48574796816736,163.94800749506717,0.0,False
978,0,arb,normalizer,sell,0.010307816302187689,1.0281883059668522,99.75866592060922,0.0,100.07988018604955,99.48574796816736,163.94800749506717,0.0,False
978,1,retail,normalizer,buy,0.09199070207624375,9.113555241166978,99.75866592060922,0.0,100.07988018604955,99.48574796816736,163.94800749506717,0.0,False
979,0,arb,normalizer,sell,0.16801666191453535,16.758553738581064,99.91066291334447,0.0,100.07988018604955,99.48574796816736,163.94800749506717,0.0,False
979,1,retail,normalizer,buy,0.004400725477986072,0.4370261432341067,99.91066291334447,0.0,100.07988018604955,99.48574796816736,163.94800749506717,0.0,False
980,0,arb,normalizer,sell,0.004520522443201003,0.4516292167826465,99.91092815702069,0.0,100.07988018604955,99.48574796816736,163.94800749506717,0.0,False
981,0,arb,normalizer,sell,0.03640699951623105,3.6387793055510813,99.98357532891548,0.0,100.07988018604955,99.48574796816736,163.94800749506717,0.0,False
983,0,retail,normalizer,sell,0.026320239314586047,2.6322833566345385,99.9012321962283,0.0,100.07988018604955,99.48574796816736,163.94800749506717,0.0,False
984,0,retail,normalizer,buy,0.24310138927377842,24.114860537018103,99.84281735751726,0.0,100.07988018604955,99.48574796816736,163.94800749506717,0.0,False
984,1,retail,normalizer,buy,0.12620634010231127,12.473388692351364,99.84281735751726,0.0,100.07988018604955,99.48574796816736,163.94800749506717,0.0,False
985,0,arb,normalizer,sell,0.30780551021798885,30.660373513853585,99.9155809779195,0.0,100.07988018604955,99.48574796816736,163.94800749506717,0.0,False
985,1,retail,normalizer,sell,0.041403317004252926,4.138546673991689,99.9155809779195,0.0,100.11407949237466,99.62512555686989,163.94800749506717,0.0,True
985,2,retail,submission,sell,0.017074808770146888,1.709136764284965,99.9155809779195,0.0030973259288635813,100.11407949237466,99.62512555686989,163.94800749506717,0.0,True
985,3,retail,normalizer,sell,0.05797310363684005,5.800564272030667,99.9155809779195,0.0,100.11407949237466,99.62512555686989,163.94800749506717,0.0,True
986,0,retail,normalizer,buy,0.013252119289899214,1.3186012661426503,99.95346453912394,0.0,100.11407949237466,99.62512555686989,163.94800749506717,0.0,True
992,0,arb,submission,sell,0.009895954687380026,0.9908225014823984,100.13390822416451,-9.811697420381016e-05,100.13390822416451,99.73742758789831,163.94800749506717,0.0,True
992,1,arb,normalizer,sell,0.023123195033974753,2.3148810607030867,100.13390822416451,0.0,100.13390822416451,99.73742758789831,163.94800749506717,0.0,True
992,2,retail,submission,sell,0.020690232430098376,2.0722228699890857,100.13390822416451,0.0004290346969826331,100.17538471515711,99.73399829309271,166.94800749506717,0.0,False
992,3,retail,normalizer,sell,0.020721337783314198,2.075338215577139,100.13390822416451,0.0,100.17538471515711,99.73399829309271,166.94800749506717,0.0,False
993,0,arb,submission,sell,0.015281959266019385,1.531110337429709,100.20603610777576,-0.00023422457858779389,100.20603610777576,99.80196298528004,166.94800749506717,0.0,True
993,1,arb,normalizer,sell,0.015304933910812224,1.5334121833852044,100.20603610777576,0.0,100.20603610777576,99.80196298528004,166.94800749506717,0.0,True
994,0,arb,submission,sell,0.0032033008336185276,0.3210003721924295,100.2124628286244,-1.0293525468718645e-05,100.2124628286244,99.78885798259368,169.94800749506717,0.0,False
994,1,arb,normalizer,sell,0.0032081166231137104,0.3214829588433899,100.2124628286244,0.0,100.2124628286244,99.78885798259368,169.94800749506717,0.0,False
995,0,retail,submission,sell,0.07451487878707042,7.47289385069453,100.19731398183865,0.006703144547786977,100.36213523675434,99.92866022250288,169.94800749506717,0.0,True
995,1,retail,normalizer,sell,0.07462690322334709,7.484128475706123,100.19731398183865,0.0,100.36213523675434,99.92866022250288,169.94800749506717,0.0,True
995,2,retail,normalizer,buy,0.04401624208809386,4.389171674447425,100.19731398183865,0.0,100.36213523675434,99.92866022250288,169.94800749506717,0.0,True
996,0,retail,submission,sell,0.004406009722885074,0.442216062993035,100.19029604205195,0.0007766444930201732,100.37099575329904,99.95893682228237,169.94800749506717,0.0,True
996,1,retail,normalizer,sell,0.04829682700683691,4.845259694186988,100.19029604205195,0.0,100.37099575329904,99.95893682228237,169.94800749506717,0.0,True
1001,0,arb,submission,sell,0.01440407543152844,1.4459600571371993,100.39997064008371,-0.00020869328580719326,100.39997064008372,99.98779275676621,169.94800749506717,0.0,True
1001,1,arb,normalizer,sell,0.014425730280279936,1.4481338895716194,100.39997064008371,0.0,100.39997064008372,99.98779275676621,169.94800749506717,0.0,True
1003,0,retail,normalizer,buy,0.3719806901545153,36.98587011162999,100.27311716920093,0.0,100.39997064008372,99.98779275676621,169.94800749506717,0.0,True
1004,0,arb,normalizer,sell,0.23900901347691672,23.876290796417805,100.13559693985921,0.0,100.39997064008372,99.98779275676621,169.94800749506717,0.0,True
1005,0,arb,normalizer,sell,0.07138513489769593,7.1532952754430825,100.2785959195246,0.0,100.39997064008372,99.98779275676621,169.94800749506717,0.0,True
1005,1,retail,submission,sell,0.004832299190127287,0.4851861893013925,100.2785959195246,0.0006100114523722722,100.40969398593258,99.99747618479354,169.94800749506717,0.0,True
1005,2,retail,normalizer,sell,0.06531016369822851,6.553491134750132,100.2785959195246,0.0,100.40969398593258,99.99747618479354,169.94800749506717,0.0,True
1010,0,retail,normalizer,buy,0.08354365323548256,8.331393365484473,100.21797783627382,0.0,100.40969398593258,99.99747618479354,169.94800749506717,0.0,True
1010,1,retail,normalizer,buy,0.1958138320008045,19.473274110370767,100.21797783627382,0.0,100.40969398593258,99.99747618479354,169.94800749506717,0.0,True
1011,0,arb,normalizer,sell,0.17411356194233463,17.41591268731655,100.20024137455853,0.0,100.40969398593258,99.99747618479354,169.94800749506717,0.0,True
1013,0,arb,normalizer,sell,0.052384030519576186,5.251642143255854,100.30524899606039,0.0,100.40969398593258,99.99747618479354,169.94800749506717,0.0,True
1013,1,retail,normalizer,buy,0.006616231565673551,0.6596233586424205,100.30524899606039,0.0,100.40969398593258,99.99747618479354,169.94800749506717,0.0,True
1014,0,arb,submission,sell,0.009757935267103335,0.9798871065213461,100.42933279259289,-9.582178715339396e-05,100.42933279259289,100.01703436710999,169.94800749506717,0.0,True
1014,1,arb,normalizer,sell,0.06839080837525557,6.863746078485009,100.42933279259289,0.0,100.42933279259289,100.01703436710999,169.94800749506717,0.0,True
1015,0,arb,submission,sell,0.06006319757285894,6.035739889883189,100.55034287711136,-0.003635220363460867,100.55034287711135,100.13754766183682,169.94800749506717,0.0,True
1015,1,arb,normalizer,sell,0.060153495590625994,6.0448139214013,100.55034287711136,0.0,100.55034287711135,100.13754766183682,169.94800749506717,0.0,True
1015,2,retail,normalizer,buy,0.0758040285622216,7.570728125665482,100.55034287711136,0.0,100.55034287711135,100.13754766183682,169.94800749506717,0.0,True
1016,0,arb,submission,sell,0.0064867303361779705,0.6522853877195303,100.5634248591485,-4.243102426215728e-05,100.5634248591485,100.15057593764644,169.94800749506717,0.0,True
1016,1,arb,normalizer,sell,0.08207309885582958,8.246774674402753,100.5634248591485,0.0,100.5634248591485,100.15057593764644,169.94800749506717,0.0,True
1016,2,retail,submission,sell,0.12915395412916553,13.005007694315198,100.5634248591485,0.0168437329849489,100.82442584851812,100.14700533191902,169.94800749506717,0.0,False
1016,3,retail,normalizer,sell,0.12934812204757407,13.024559207778372,100.5634248591485,0.0,100.82442584851812,100.14700533191902,169.94800749506717,0.0,False
1023,0,retail,normalizer,buy,0.23134180439583057,23.131673352010694,100.45229705343715,0.0,100.82442584851812,100.14700533191902,169.94800749506717,0.0,False
1024,0,arb,normalizer,sell,0.03568503497942288,3.58261922257894,100.43141375819123,0.0,100.82442584851812,100.14700533191902,169.94800749506717,0.0,False
1025,0,arb,normalizer,sell,0.04738630652556708,4.761331443667609,100.52672492340506,0.0,100.82442584851812,100.14700533191902,169.94800749506717,0.0,False
1026,0,arb,normalizer,sell,0.03801607899909243,3.8230869391525544,100.60328726073492,0.0,100.82442584851812,100.14700533191902,169.94800749506717,0.0,False
1026,1,retail,normalizer,buy,0.07460588941207026,7.455078093831617,100.60328726073492,0.0,100.82442584851812,100.14700533191902,169.94800749506717,0.0,False
1027,0,arb,normalizer,sell,0.13743562716327062,13.824913866218346,100.73046671005667,0.0,100.82442584851812,100.14700533191902,169.94800749506717,0.0,False
1028,0,retail,submission,sell,0.049909885789148234,5.034658708060348,100.66840402480398,0.010310160606551655,100.96543507715111,100.13034489489719,169.94800749506717,0.0,False
1028,1,retail,normalizer,sell,0.09649172254502503,9.729064068336926,100.66840402480398,0.0,100.96543507715111,100.13034489489719,169.94800749506717,0.0,False
1028,2,retail,submission,sell,0.019658777007862227,1.9844649734786473,100.66840402480398,0.0054472670176455296,100.96543507715111,100.13034489489719,169.94800749506717,0.0,False
1028,3,retail,normalizer,sell,0.019688331688016092,1.9874483852933038,100.66840402480398,0.0,100.96543507715111,100.13034489489719,169.94800749506717,0.0,False
1029,0,retail,normalizer,buy,0.053090281018070555,5.325341784513512,100.63576204016034,0.0,102.46241831532836,100.16420020892183,259.2986398519076,0.0,False
1029,1,retail,normalizer,sell,0.03172469139198597,3.2007161341808854,100.63576204016034,0.0,102.46241831532836,100.16420020892183,259.2986398519076,0.0,False
1029,2,retail,submission,sell,0.7296775925735233,74.21636360578553,100.63576204016034,0.7847030335193779,102.46241831532836,100.16420020892183,259.2986398519076,0.0,False
1029,3,retail,normalizer,sell,0.7519808965801644,76.46858900725054,100.63576204016034,0.0,102.46241831532836,100.16420020892183,259.2986398519076,0.0,False
1030,0,arb,normalizer,buy,0.6243280576421665,63.18937633250607,100.57904643495861,0.0,102.46241831532836,100.16420020892183,259.2986398519076,0.0,False
1031,0,retail,normalizer,sell,0.17621397668322913,17.86186836053385,100.60439391212725,0.0,102.46241831532836,100.16420020892183,259.2986398519076,0.0,False
1032,0,arb,normalizer,buy,0.20791830019716837,20.94276459010689,100.51627973184932,0.0,102.46241831532836,100.16420020892183,259.2986398519076,0.0,False
1034,0,retail,normalizer,buy,0.27610570034501064,27.676619087316794,100.63356503595084,0.0,102.46241831532836,100.16420020892183,259.2986398519076,0.0,False
1035,0,arb,normalizer,sell,0.05977437041717337,6.014833800339913,100.68589565866995,0.0,102.46241831532836,100.16420020892183,259.2986398519076,0.0,False
1037,0,retail,normalizer,buy,0.014237941244687339,1.4247687724473508,100.54849022735095,0.0,102.46241831532836,100.16420020892183,259.2986398519076,0.0,False
1044,0,retail,submission,buy,0.001662433892653894,0.16591746214362502,100.47764194289172,0.0011199752761806292,102.31105732006138,100.19279808120932,242.04108571818148,0.0,False
1044,1,retail,normalizer,buy,0.12628244610086178,12.619175968786294,100.47764194289172,0.0,102.31105732006138,100.19279808120932,242.04108571818148,0.0,False
1044,2,retail,submission,buy,0.07331244084070399,7.313403243831999,100.47764194289172,0.05285793691968799,102.31105732006138,100.19279808120932,242.04108571818148,0.0,False
1044,3,retail,normalizer,buy,0.05918547965436549,5.903362344393827,100.47764194289172,0.0,102.31105732006138,100.19279808120932,242.04108571818148,0.0,False
1045,0,arb,normalizer,sell,0.11790396391693037,11.838000328287038,100.52226235196352,0.0,102.31105732006138,100.19279808120932,242.04108571818148,0.0,False
1045,1,retail,normalizer,buy,0.016152053422957925,1.6136535759032995,100.52226235196352,0.0,102.31105732006138,100.19279808120932,242.04108571818148,0.0,False
1046,0,arb,normalizer,sell,0.01599760951400242,1.6078549862372131,100.52204903473515,0.0,102.31105732006138,100.19279808120932,242.04108571818148,0.0,False
1046,1,retail,normalizer,sell,0.11675641214165466,11.750328163987405,100.52204903473515,0.0,102.31105732006138,100.19279808120932,242.04108571818148,0.0,False
1048,0,retail,normalizer,sell,0.1311273998266529,13.229449587746979,100.3857405361045,0.0,102.31105732006138,100.19279808120932,242.04108571818148,0.0,False
1049,0,arb,normalizer,buy,0.06323360519997216,6.345751226834182,100.29064078786527,0.0,102.31105732006138,100.19279808120932,242.04108571818148,0.0,False
1049,1,retail,normalizer,sell,0.34174976945620017,34.599471655487434,100.29064078786527,0.0,102.31105732006138,100.19279808120932,242.04108571818148,0.0,False
1050,0,arb,normalizer,buy,0.2846503323149003,28.66261133853368,100.40732998040562,0.0,102.31105732006138,100.19279808120932,242.04108571818148,0.0,False
1050,1,retail,normalizer,sell,0.03353561677454309,3.388656781026138,100.40732998040562,0.0,102.31105732006138,100.19279808120932,242.04108571818148,0.0,False
1051,0,arb,normalizer,buy,0.04066852124946739,4.084504969399859,100.39320270480371,0.0,102.31105732006138,100.19279808120932,242.04108571818148,0.0,False
1051,1,retail,normalizer,sell,0.03292963147501382,3.32693560229969,100.39320270480371,0.0,102.31105732006138,100.19279808120932,242.04108571818148,0.0,False
1052,0,arb,normalizer,buy,0.10792134859617902,10.8300365444411,100.24292822507644,0.0,102.31105732006138,100.19279808120932,242.04108571818148,0.0,False
1053,0,arb,normalizer,buy,0.028214584743846506,2.82751505233864,100.18640224044404,0.0,102.31105732006138,100.19279808120932,242.04108571818148,0.0,False
1053,1,retail,normalizer,sell,0.11155146768345503,11.25588551174501,100.18640224044404,0.0,102.31105732006138,100.19279808120932,242.04108571818148,0.0,False
1054,0,arb,normalizer,buy,0.18134489488369337,18.176014256290728,100.0474519302677,0.0,102.31105732006138,100.19279808120932,242.04108571818148,0.0,False
1055,0,arb,normalizer,buy,0.01931345676322099,1.931889494193456,100.00886670926005,0.0,102.31105732006138,100.19279808120932,242.04108571818148,0.0,False
1055,1,retail,normalizer,sell,0.050102005199192945,5.04337520207929,100.00886670926005,0.0,102.31105732006138,100.19279808120932,242.04108571818148,0.0,False
1056,0,arb,normalizer,buy,0.05358255381327149,5.361242561153631,100.00221657273994,0.0,102.31105732006138,100.19279808120932,242.04108571818148,0.0,False
1059,0,retail,normalizer,sell,0.2742964978042579,27.671600098400827,100.24060189579198,0.0,102.31105732006138,100.19279808120932,242.04108571818148,0.0,False
1060,0,arb,normalizer,buy,0.23663117335312392,23.737951049339244,100.07912928705542,0.0,102.31105732006138,100.19279808120932,242.04108571818148,0.0,False
1061,0,arb,normalizer,buy,0.054972195787795324,5.498550159218212,99.9693100718998,0.0,102.31105732006138,100.19279808120932,242.04108571818148,0.0,False
1062,0,arb,normalizer,buy,0.039735257890683745,3.970731146811886,99.8900425485655,0.0,102.31105732006138,100.19279808120932,242.04108571818148,0.0,False
1062,1,retail,submission,buy,0.018049002562713117,1.8015959802596626,99.8900425485655,0.0013196536889183985,102.27461466521918,100.33316623330268,242.04108571818148,0.0,True
1062,2,retail,normalizer,buy,0.045621515794352155,4.5550613263840205,99.8900425485655,0.0,102.27461466521918,100.33316623330268,242.04108571818148,0.0,True
1063,0,retail,normalizer,sell,0.049260184095871296,4.948193157609866,99.92722043920193,0.0,102.27461466521918,100.33316623330268,242.04108571818148,0.0,True
1065,0,retail,normalizer,sell,0.037377884702891606,3.757871700567553,99.90142410096306,0.0,102.27461466521918,100.33316623330268,242.04108571818148,0.0,True
1066,0,arb,submission,buy,0.054934584204508294,5.479454266538596,99.69103214705541,-0.002968866621837485,102.16381624762418,100.35398029344013,239.04108571818148,0.0,False
1066,1,arb,normalizer,buy,0.14124603783419887,14.100819503601087,99.69103214705541,0.0,102.16381624762418,100.35398029344013,239.04108571818148,0.0,False
1067,0,arb,submission,buy,0.03199759530354197,3.1898470038377127,99.65874917328826,-0.0010066793336367397,102.0993429523321,100.23911776776791,239.04108571818148,0.0,True
1067,1,arb,normalizer,buy,0.016244910149844867,1.619209621738264,99.65874917328826,0.0,102.0993429523321,100.23911776776791,239.04108571818148,0.0,True
1068,0,arb,submission,buy,0.0003432011962624331,0.034202886159619084,99.65807449618146,-1.1577531892903448e-07,102.09865175271459,100.25803634777758,236.04108571818148,0.0,False
1068,1,arb,normalizer,buy,0.0003395841849554947,0.033842420556538855,99.65807449618146,0.0,102.09865175271459,100.25803634777758,236.04108571818148,0.0,False
1069,0,retail,submission,buy,0.0841491671484606,8.38176283521534,99.69602988688034,0.007575047773677568,101.92933684327288,100.2763907818996,236.04108571818148,0.0,False
1069,1,retail,normalizer,buy,0.06786183748288391,6.758408395868173,99.69602988688034,0.0,101.92933684327288,100.2763907818996,236.04108571818148,0.0,False
1070,0,retail,submission,buy,0.062243231462371956,6.190858576441315,99.74931276570487,0.017860986246987842,101.80436927952631,100.28053003672963,239.04108571818148,0.0,False
1070,1,retail,normalizer,buy,0.06159671112216884,6.126554138851134,99.74931276570487,0.0,101.80436927952631,100.28053003672963,239.04108571818148,0.0,False
1072,0,retail,submission,buy,0.14835377565850089,14.720529427861038,99.66871524690211,0.06570079404888496,101.50753113254115,100.27529842798464,241.04108571818148,0.0,False
1072,1,retail,normalizer,buy,0.16222580285747829,16.099466602096072,99.66871524690211,0.0,101.50753113254115,100.27529842798464,241.04108571818148,0.0,False
1073,0,arb,normalizer,sell,0.03401134690537333,3.391341616736178,99.74588396649078,0.0,101.50753113254115,100.27529842798464,241.04108571818148,0.0,False
1073,1,retail,normalizer,buy,0.019043107328707152,1.8877344279262616,99.74588396649078,0.0,101.40994703493143,100.26680834009366,238.0410857181815,0.0,False
1073,2,retail,submission,buy,0.019974488295509733,1.9782999159178871,99.74588396649078,0.014073075896054998,101.40994703493143,100.26680834009366,238.0410857181815,0.0,False
1073,3,retail,normalizer,buy,0.045141882637531765,4.472040123113402,99.74588396649078,0.0,101.40994703493143,100.26680834009366,238.0410857181815,0.0,False
1073,4,retail,submission,buy,0.028948326560389103,2.865702342855002,99.74588396649078,0.021774079261652535,101.40994703493143,100.26680834009366,238.0410857181815,0.0,False
1073,5,retail,normalizer,buy,0.028640304354610024,2.8352100808970135,99.74588396649078,0.0,101.40994703493143,100.26680834009366,238.0410857181815,0.0,False
1074,0,arb,normalizer,sell,0.03719885017507352,3.7049660357519985,99.63586633571299,0.0,101.40994703493143,100.26680834009366,238.0410857181815,0.0,False
1075,0,retail,normalizer,sell,0.11703438306021496,11.674439884608383,99.60033457635737,0.0,101.40994703493143,100.26680834009366,238.0410857181815,0.0,False
1075,1,retail,normalizer,buy,0.09306254700116648,9.22981121084922,99.60033457635737,0.0,101.40994703493143,100.26680834009366,238.0410857181815,0.0,False
1076,0,arb,normalizer,sell,0.0029180760675444617,0.29089409938220934,99.68984881246449,0.0,101.40994703493143,100.26680834009366,238.0410857181815,0.0,False
1076,1,retail,normalizer,sell,0.01706036903804886,1.7010349275841148,99.68984881246449,0.0,101.40994703493143,100.26680834009366,238.0410857181815,0.0,False
1077,0,arb,normalizer,sell,0.045545582163626364,4.54404074368021,99.81440816566193,0.0,101.40994703493143,100.26680834009366,238.0410857181815,0.0,False
1079,0,arb,normalizer,sell,0.04260989020909278,4.25488957480338,99.89931737901053,0.0,101.40994703493143,100.26680834009366,238.0410857181815,0.0,False
1079,1,retail,submission,buy,0.5468423928878033,53.84573366857876,99.89931737901053,0.7834480948174729,100.32836633499704,100.22700381362074,238.0410857181815,0.0,False
1079,2,retail,normalizer,buy,0.6957307124879727,68.61166398529167,99.89931737901053,0.0,100.32836633499704,100.22700381362074,238.0410857181815,0.0,False
1080,0,arb,normalizer,sell,0.6965834338090104,69.1118223053076,99.90517977318336,0.0,100.32836633499704,100.22700381362074,238.0410857181815,0.0,False
1081,0,arb,normalizer,sell,0.0729697831956031,7.295372213684185,100.05085216726081,0.0,100.32836633499704,100.22700381362074,238.0410857181815,0.0,False
1082,0,arb,normalizer,sell,0.054922584404835106,5.4980672871913026,100.16070649849702,0.0,100.32836633499704,100.22700381362074,238.0410857181815,0.0,False
1083,0,retail,submission,sell,0.14318992424088606,14.38664519546013,100.13714407740248,0.04801512131817631,100.89415804907347,100.07599529955056,238.0410857181815,0.0,False
1083,1,retail,normalizer,sell,0.22705416127958244,22.793622894180455,100.13714407740248,0.0,100.89415804907347,100.07599529955056,238.0410857181815,0.0,False
1083,2,retail,submission,sell,0.09650812614476934,9.719745954489342,100.13714407740248,0.05569782209044227,100.89415804907347,100.07599529955056,238.0410857181815,0.0,False
1083,3,retail,normalizer,sell,0.09665321486535561,9.73435845979134,100.13714407740248,0.0,100.89415804907347,100.07599529955056,238.0410857181815,0.0,False
1083,4,retail,submission,sell,0.04062501736777335,4.097155028174693,100.13714407740248,0.02908181087099404,100.89415804907347,100.07599529955056,238.0410857181815,0.0,False
1083,5,retail,normalizer,sell,0.04068609234695941,4.103314623277208,100.13714407740248,0.0,100.89415804907347,100.07599529955056,238.0410857181815,0.0,False
1084,0,arb,normalizer,buy,0.0426680585567626,4.277341884406269,100.20417732832966,0.0,100.89415804907347,100.07599529955056,238.0410857181815,0.0,False
1085,0,arb,normalizer,buy,0.015906513661802218,1.593645744422247,100.17232231759093,0.0,100.89415804907347,100.07599529955056,238.0410857181815,0.0,False
1086,0,retail,normalizer,buy,0.03314426651673641,3.3190387827762606,100.27192160515541,0.0,100.89415804907347,100.07599529955056,238.0410857181815,0.0,False
1086,1,retail,normalizer,sell,0.06277413542422039,6.325921166642364,100.27192160515541,0.0,100.89415804907347,100.07599529955056,238.0410857181815,0.0,False
1087,0,retail,submission,sell,0.03666020324708086,3.700162878828361,100.27939543262217,0.023899860774040604,100.96850511459836,100.05601163718939,238.0410857181815,0.0,False
1087,1,retail,normalizer,sell,0.065384864385166,6.597483925811537,100.27939543262217,0.0,100.96850511459836,100.05601163718939,238.0410857181815,0.0,False
1088,0,arb,normalizer,buy,0.07016669510859211,7.0372429737599305,100.22286333086706,0.0,100.96850511459836,100.05601163718939,238.0410857181815,0.0,False
1088,1,retail,normalizer,buy,0.012149446491997977,1.2175044528175931,100.22286333086706,0.0,100.96850511459836,100.05601163718939,238.0410857181815,0.0,False
1092,0,retail,submission,sell,0.3644217356210504,36.93035024774203,100.5206836445648,0.29842824817519187,101.71204407513049,100.06371523017376,238.0410857181815,0.0,False
1092,1,retail,normalizer,sell,0.4470387944065237,45.26545691059688,100.5206836445648,0.0,101.71204407513049,100.06371523017376,238.0410857181815,0.0,False
1093,0,arb,normalizer,buy,0.31896742095753594,32.14552065503267,100.45824250942903,0.0,101.71204407513049,100.06371523017376,238.0410857181815,0.0,False
1093,1,retail,normalizer,sell,0.10480618647254403,10.60325763167664,100.45824250942903,0.0,101.71204407513049,100.06371523017376,238.0410857181815,0.0,False
1093,2,retail,normalizer,buy,0.1353888832156112,13.611130093910106,100.45824250942903,0.0,101.71204407513049,100.06371523017376,238.0410857181815,0.0,False
1094,0,retail,normalizer,buy,0.007886769623921827,0.7917487733266171,100.45169385958964,0.0,101.71204407513049,100.06371523017376,238.0410857181815,0.0,False
1094,1,retail,normalizer,sell,0.04110913034378427,4.153183604330721,100.45169385958964,0.0,101.71204407513049,100.06371523017376,238.0410857181815,0.0,False
1096,0,retail,submission,sell,0.012520860809189571,1.2736831819382959,100.4963360200846,0.015382546797272356,101.73773649579601,100.07194652741155,238.0410857181815,0.0,False
1096,1,retail,normalizer,sell,0.32748071222356145,33.207621697180514,100.4963360200846,0.0,101.73773649579601,100.07194652741155,238.0410857181815,0.0,False
1097,0,arb,normalizer,buy,0.2868379918795087,28.924110386054963,100.54819672328637,0.0,101.73773649579601,100.07194652741155,238.0410857181815,0.0,False
1098,0,retail,normalizer,sell,0.1372039568738046,13.89790750633683,100.56699289921123,0.0,101.73773649579601,100.07194652741155,238.0410857181815,0.0,False
1098,1,retail,normalizer,sell,0.03196806612616854,3.243676963171849,100.56699289921123,0.0,101.73773649579601,100.07194652741155,238.0410857181815,0.0,False
1099,0,arb,normalizer,buy,0.17158291774835097,17.281383818588438,100.54436756592497,0.0,101.73773649579601,100.07194652741155,238.0410857181815,0.0,False
1100,0,retail,normalizer,sell,0.015673896817631316,1.5856698822943511,100.59286771064801,0.0,101.73773649579601,100.07194652741155,238.0410857181815,0.0,False
1100,1,retail,normalizer,sell,0.1175680362629663,11.90985721672116,100.59286771064801,0.0,101.73773649579601,100.07194652741155,238.0410857181815,0.0,False
1101,0,arb,normalizer,buy,0.20358696314386485,20.482604637210898,100.40369504222281,0.0,101.73773649579601,100.07194652741155,238.0410857181815,0.0,False
1101,1,retail,normalizer,sell,0.27329006016348956,27.68062658599939,100.40369504222281,0.0,101.73773649579601,100.07194652741155,238.0410857181815,0.0,False
1102,0,arb,normalizer,buy,0.27661131749188,27.848479248677904,100.39867464352523,0.0,101.73773649579601,100.07194652741155,238.0410857181815,0.0,False
1102,1,retail,normalizer,sell,0.022000165383786907,2.2225907318101177,100.39867464352523,0.0,101.73773649579601,100.07194652741155,238.0410857181815,0.0,False
1103,0,arb,normalizer,buy,0.007302076896754386,0.7333890622558101,100.42834196080115,0.0,101.73773649579601,100.07194652741155,238.0410857181815,0.0,False
1103,1,retail,normalizer,buy,0.04932059598708965,4.950742393142718,100.42834196080115,0.0,101.73773649579601,100.07194652741155,238.0410857181815,0.0,False
1104,0,retail,normalizer,buy,0.11881267317105909,11.906242856824974,100.66069551151595,0.0,101.73773649579601,100.07194652741155,238.0410857181815,0.0,False
1105,0,arb,normalizer,sell,0.025695049054633046,2.588017245276386,100.74640088276503,0.0,101.73773649579601,100.07194652741155,238.0410857181815,0.0,False
1106,0,arb,normalizer,sell,0.006972140356126033,0.702467132971376,100.76048188373348,0.0,101.73773649579601,100.07194652741155,238.0410857181815,0.0,False
1106,1,retail,normalizer,buy,0.15961347114418958,15.96092115418287,100.76048188373348,0.0,101.5837313409891,100.0753833229187,238.0410857181815,0.0,False
1106,2,retail,submission,buy,0.07695530808754913,7.637103437811675,100.76048188373348,0.11695048860094825,101.5837313409891,100.0753833229187,238.0410857181815,0.0,False
1106,3,retail,normalizer,buy,0.3392746388566352,33.75826350488387,100.76048188373348,0.0,101.5837313409891,100.0753833229187,238.0410857181815,0.0,False
1107,0,arb,normalizer,sell,0.5526593948985834,55.44070275745588,100.872206084756,0.0,101.5837313409891,100.0753833229187,238.0410857181815,0.0,False
1107,1,retail,normalizer,buy,0.007525458855878115,0.7545050401404296,100.872206084756,0.0,101.5837313409891,100.0753833229187,238.0410857181815,0.0,False
1107,2,retail,normalizer,sell,0.06989965015343103,7.054815923719397,100.872206084756,0.0,101.5837313409891,100.0753833229187,238.0410857181815,0.0,False
1108,0,retail,normalizer,buy,0.01578145157398799,1.5841047685826197,100.91918662884837,0.0,101.5837313409891,100.0753833229187,238.0410857181815,0.0,False
1109,0,arb,normalizer,sell,0.003481962640350389,0.3515744879373866,100.9737343376289,0.0,101.5837313409891,100.0753833229187,238.0410857181815,0.0,False
1109,1,retail,normalizer,buy,0.017409737912089895,1.7470902478871722,100.9737343376289,0.0,101.5837313409891,100.0753833229187,238.0410857181815,0.0,False
1110,0,arb,normalizer,sell,0.0307493102706502,3.1047492214465153,101.00087476903086,0.0,101.5837313409891,100.0753833229187,238.0410857181815,0.0,False
1111,0,arb,normalizer,sell,0.009273784497509041,0.9367475212144171,101.01967585366002,0.0,101.5837313409891,100.0753833229187,238.0410857181815,0.0,False
1112,0,arb,normalizer,sell,0.0007997927193486021,0.08079544976632715,101.02129754876562,0.0,101.5837313409891,100.0753833229187,238.0410857181815,0.0,False
1112,1,retail,normalizer,sell,0.0330771441916653,3.342605627362761,101.02129754876562,0.0,101.5837313409891,100.0753833229187,238.0410857181815,0.0,False
1113,0,arb,normalizer,sell,0.06342355347302941,6.415470432694932,101.2172536082694,0.0,101.5837313409891,100.0753833229187,238.0410857181815,0.0,False
1114,0,retail,normalizer,buy,0.03750220161265226,3.7717121362475154,101.07798250038452,0.0,101.5837313409891,100.0753833229187,238.0410857181815,0.0,False
1114,1,retail,normalizer,sell,0.13938355209802467,14.11718763195744,101.07798250038452,0.0,101.5837313409891,100.0753833229187,238.0410857181815,0.0,False
1117,0,retail,normalizer,buy,0.14874815583730436,14.974063605199262,101.13267334610595,0.0,101.5837313409891,100.0753833229187,238.0410857181815,0.0,False
1118,0,arb,normalizer,sell,0.04864283016162574,4.921319801735113,101.22200170847871,0.0,101.5837313409891,100.0753833229187,238.0410857181815,0.0,False
1118,1,retail,normalizer,buy,0.10806263019221346,10.861029177947785,101.22200170847871,0.0,101.5837313409891,100.0753833229187,238.0410857181815,0.0,False
1118,2,retail,normalizer,buy,0.12122031787344008,12.155551970892702,101.22200170847871,0.0,101.5837313409891,100.0753833229187,238.0410857181815,0.0,False
1119,0,arb,normalizer,sell,0.2811000223808975,28.403296804226795,101.32886626697909,0.0,101.5837313409891,100.0753833229187,238.0410857181815,0.0,False
1119,1,retail,submission,sell,0.14653441394756328,14.907529500502221,101.32886626697909,0.05936346609942511,101.88445584311599,100.08759246432092,238.0410857181815,0.0,False
1119,2,retail,normalizer,sell,0.2716409702752287,27.60042883998804,101.32886626697909,0.0,101.88445584311599,100.08759246432092,238.0410857181815,0.0,False
1119,3,retail,normalizer,buy,0.07612030172311297,7.703120450174538,101.32886626697909,0.0,101.88445584311599,100.08759246432092,238.0410857181815,0.0,False
1120,0,retail,submission,sell,0.09995655524694769,10.194304678817652,101.3625859114098,0.062449760190336434,102.09035796608954,100.10549965543504,238.0410857181815,0.0,False
1120,1,retail,normalizer,sell,0.17599876909672219,17.93592997607427,101.3625859114098,0.0,102.09035796608954,100.10549965543504,238.0410857181815,0.0,False
1121,0,arb,normalizer,buy,0.0748460382784085,7.589567510460256,101.32611206952518,0.0,102.09035796608954,100.10549965543504,238.0410857181815,0.0,False
1121,1,retail,normalizer,buy,0.1907296890907191,19.288920611536014,101.32611206952518,0.0,102.09035796608954,100.10549965543504,238.0410857181815,0.0,False
1122,0,retail,normalizer,sell,0.08180837637085858,8.31424780352181,101.40042650282271,0.0,102.09035796608954,100.10549965543504,238.0410857181815,0.0,False
1125,0,retail,normalizer,sell,0.018387220168179397,1.8705930955124768,101.36085475378088,0.0,102.09035796608954,100.10549965543504,238.0410857181815,0.0,False
1127,0,retail,normalizer,buy,0.15367458833643613,15.519094244478765,101.47753095136453,0.0,102.09035796608954,100.10549965543504,238.0410857181815,0.0,False
1127,1,retail,normalizer,sell,0.16633928202753623,16.901538423944437,101.47753095136453,0.0,102.09035796608954,100.10549965543504,238.0410857181815,0.0,False
1129,0,retail,normalizer,sell,0.03302645066246157,3.3625203657747074,101.45569176161743,0.0,102.09035796608954,100.10549965543504,238.0410857181815,0.0,False
1130,0,retail,normalizer,buy,0.10441076370555917,10.559121739550392,101.51795033837962,0.0,102.2226279239391,100.13207144362855,239.54960944471412,0.0,False
1130,1,retail,submission,sell,0.06155383039448736,6.287963305666857,101.51795033837962,0.03914460854224622,102.2226279239391,100.13207144362855,239.54960944471412,0.0,False
1130,2,retail,normalizer,sell,0.2841751363488356,28.964569099759473,101.51795033837962,0.0,102.2226279239391,100.13207144362855,239.54960944471412,0.0,False
1130,3,retail,submission,sell,0.0024981217674451273,0.25535812228332005,101.51795033837962,0.0017539207566005244,102.2226279239391,100.13207144362855,239.54960944471412,0.0,False
1130,4,retail,normalizer,sell,0.0025018774023664037,0.25574202345879266,101.51795033837962,0.0,102.2226279239391,100.13207144362855,239.54960944471412,0.0,False
1132,0,arb,normalizer,buy,0.028808719164158652,2.9264115199075604,101.55131169808399,0.0,102.2226279239391,100.13207144362855,239.54960944471412,0.0,False
1134,0,retail,normalizer,buy,0.1415369679465735,14.352823962632101,101.57249052381029,0.0,102.2226279239391,100.13207144362855,239.54960944471412,0.0,False
1135,0,retail,normalizer,buy,0.036442456319373,3.6889099182262726,101.51743290233196,0.0,102.2226279239391,100.13207144362855,239.54960944471412,0.0,False
1135,1,retail,normalizer,sell,0.03466753447349902,3.5303336934818432,101.51743290233196,0.0,102.2226279239391,100.13207144362855,239.54960944471412,0.0,False
1136,0,retail,normalizer,buy,0.04451244558918259,4.505283103324473,101.53360013724657,0.0,102.2226279239391,100.13207144362855,239.54960944471412,0.0,False
1137,0,retail,normalizer,buy,0.030511197588467553,3.085834511619396,101.42761478359881,0.0,102.2226279239391,100.13207144362855,239.54960944471412,0.0,False
1140,0,retail,normalizer,buy,0.14815369831766703,14.957096355417889,101.21599859517295,0.0,102.2226279239391,100.13207144362855,239.54960944471412,0.0,False
1142,0,retail,normalizer,buy,0.32327948974535686,32.48345226622587,101.08789823123176,0.0,102.2226279239391,100.13207144362855,239.54960944471412,0.0,False
1143,0,arb,normalizer,sell,0.1654583176674862,16.699285403040065,101.0950985738589,0.0,102.2226279239391,100.13207144362855,239.54960944471412,0.0,False
1143,1,retail,normalizer,buy,0.11166902548653428,11.20902882327755,101.0950985738589,0.0,102.2226279239391,100.13207144362855,239.54960944471412,0.0,False
1144,0,arb,normalizer,sell,0.11065452573321011,11.174064184020187,101.09371929188141,0.0,102.2226279239391,100.13207144362855,239.54960944471412,0.0,False
1146,0,arb,normalizer,sell,0.019469254224759425,1.968604105743231,101.13325053746485,0.0,102.2226279239391,100.13207144362855,239.54960944471412,0.0,False
1147,0,retail,normalizer,sell,0.09360432876879088,9.475416157815191,101.03194800480985,0.0,102.2226279239391,100.13207144362855,239.54960944471412,0.0,False
1147,1,retail,normalizer,buy,0.08666005081689251,8.720533087127478,101.03194800480985,0.0,102.2226279239391,100.13207144362855,239.54960944471412,0.0,False
1148,0,retail,normalizer,buy,0.10276998493529194,10.322069571209795,101.13737926285653,0.0,102.2226279239391,100.13207144362855,239.54960944471412,0.0,False
1149,0,arb,normalizer,sell,0.06753017323897836,6.82112044473829,101.07695890060599,0.0,102.2226279239391,100.13207144362855,239.54960944471412,0.0,False
1149,1,retail,normalizer,sell,0.08949332249217434,9.053846753291241,101.07695890060599,0.0,102.2226279239391,100.13207144362855,239.54960944471412,0.0,False
1151,0,retail,normalizer,sell,0.2886113816432925,29.30944035805832,101.2423954030259,0.0,102.2226279239391,100.13207144362855,239.54960944471412,0.0,False
1152,0,retail,submission,sell,0.010899791952454052,1.1143281790361195,101.24711167248134,0.010755726019190615,102.24516204180853,100.152971974253,239.6248473546386,0.0,False
1152,1,retail,normalizer,sell,0.19260834407897676,19.655048930135663,101.24711167248134,0.0,102.24516204180853,100.152971974253,239.6248473546386,0.0,False
1153,0,arb,normalizer,buy,0.17937272348781183,18.19726138196893,101.26658808725918,0.0,102.24516204180853,100.152971974253,239.6248473546386,0.0,False
1153,1,retail,normalizer,sell,0.042204702142768724,4.301515252831251,101.26658808725918,0.0,102.24516204180853,100.152971974253,239.6248473546386,0.0,False
1154,0,arb,normalizer,buy,0.07993466788114979,8.09509702053765,101.19010720069785,0.0,102.24516204180853,100.152971974253,239.6248473546386,0.0,False
1155,0,arb,normalizer,buy,0.06760502277610057,6.836317366800358,101.05282272097047,0.0,102.24516204180853,100.152971974253,239.6248473546386,0.0,False
1158,0,arb,normalizer,buy,0.014384438387467658,1.4533782598482503,101.02364851060877,0.0,102.24516204180853,100.152971974253,239.6248473546386,0.0,False
1158,1,retail,normalizer,buy,0.04799865614067557,4.846664666554716,101.02364851060877,0.0,102.24516204180853,100.152971974253,239.6248473546386,0.0,False
1159,0,retail,normalizer,buy,0.16856134667984116,16.983571357290202,101.00630791972365,0.0,102.24516204180853,100.152971974253,239.6248473546386,0.0,False
1160,0,retail,normalizer,sell,0.05452594251005394,5.520623112222642,100.77781651470015,0.0,102.24516204180853,100.152971974253,239.6248473546386,0.0,False
1160,1,retail,normalizer,sell,0.15653105829797198,15.88206939021095,100.77781651470015,0.0,102.24516204180853,100.152971974253,239.6248473546386,0.0,False
1161,0,arb,normalizer,buy,0.12770576005296938,12.883529964699846,100.75535917800795,0.0,102.24516204180853,100.152971974253,239.6248473546386,0.0,False
1163,0,retail,submission,buy,0.02924212793254019,2.9173795311326103,100.86964058099636,0.03226340324623278,102.1861715990569,100.29328433074883,239.6248473546386,0.0,True
1163,1,retail,normalizer,buy,0.5078060027785414,50.905092130173216,100.86964058099636,0.0,102.1861715990569,100.29328433074883,239.6248473546386,0.0,True
1164,0,arb,normalizer,sell,0.2658034862685241,26.741460335637598,100.87430880890842,0.0,102.1861715990569,100.29328433074883,239.6248473546386,0.0,True
1165,0,retail,normalizer,sell,0.13018294053719615,13.149281127437648,100.64671937104454,0.0,102.1861715990569,100.29328433074883,239.6248473546386,0.0,True
1165,1,retail,normalizer,buy,0.04161414247290118,4.181823153105142,100.64671937104454,0.0,102.1861715990569,100.29328433074883,239.6248473546386,0.0,True
1168,0,retail,normalizer,buy,0.15954595825603485,16.000618297712208,100.80964625829922,0.0,102.1861715990569,100.29328433074883,239.6248473546386,0.0,True
1169,0,arb,normalizer,sell,0.01800043569784293,1.8135484081420696,100.76842833924823,0.0,102.1861715990569,100.29328433074883,239.6248473546386,0.0,True
1170,0,arb,normalizer,sell,0.014816743279538969,1.4932817041643116,100.79836572091186,0.0,102.1861715990569,100.29328433074883,239.6248473546386,0.0,True
1171,0,arb,normalizer,sell,0.02045160102075272,2.0619106974626336,100.83971031180863,0.0,102.1861715990569,100.29328433074883,239.6248473546386,0.0,True
1172,0,arb,normalizer,sell,0.020618408789985665,2.0795842967980294,100.8814178732488,0.0,102.1861715990569,100.29328433074883,239.6248473546386,0.0,True
1173,0,arb,normalizer,sell,0.0755172016970107,7.624056492465443,101.03439757860053,0.0,102.1861715990569,100.29328433074883,239.6248473546386,0.0,True
1174,0,arb,normalizer,sell,0.01361219763808208,1.3754881056138129,101.06200963244689,0.0,102.1861715990569,100.29328433074883,239.6248473546386,0.0,True
1174,1,retail,normalizer,buy,0.09796962827149326,9.832050685743525,101.06200963244689,0.0,102.1861715990569,100.29328433074883,239.6248473546386,0.0,True
1175,0,arb,normalizer,sell,0.07239323463593905,7.307185149373385,101.01073365782932,0.0,102.1861715990569,100.29328433074883,239.6248473546386,0.0,True
1176,0,arb,normalizer,sell,0.017685301599968284,1.7867223929679568,101.04659751216455,0.0,102.1861715990569,100.29328433074883,239.6248473546386,0.0,True
1176,1,retail,normalizer,buy,0.2095658783484994,21.005003928723454,101.04659751216455,0.0,102.1861715990569,100.29328433074883,239.6248473546386,0.0,True
1177,0,arb,normalizer,sell,0.23294760876557064,23.494965450542807,101.09531860658986,0.0,102.1861715990569,100.29328433074883,239.6248473546386,0.0,True
1177,1,retail,normalizer,buy,0.030774571755938885,3.0915738329022133,101.09531860658986,0.0,102.1861715990569,100.29328433074883,239.6248473546386,0.0,True
1178,0,retail,normalizer,buy,0.01331807400991236,1.3373263407302147,101.02130238460174,0.0,102.1861715990569,100.29328433074883,239.6248473546386,0.0,True
1180,0,retail,normalizer,buy,0.1045896488614606,10.489930028121307,100.89344996936678,0.0,102.1861715990569,100.29328433074883,239.6248473546386,0.0,True
1180,1,retail,normalizer,buy,0.22492053115400867,22.484518057308378,100.89344996936678,0.0,102.1861715990569,100.29328433074883,239.6248473546386,0.0,True
1181,0,arb,normalizer,sell,0.3563671912567514,35.88702600038155,101.06261509554618,0.0,102.1861715990569,100.29328433074883,239.6248473546386,0.0,True
1181,1,retail,submission,buy,0.8832105007453396,87.32824548872304,101.06261509554618,1.9313173964478096,100.31419098510355,100.2451773194512,239.6248473546386,0.0,False
1181,2,retail,normalizer,buy,1.2337004631441695,122.42252799627204,101.06261509554618,0.0,100.31419098510355,100.2451773194512,239.6248473546386,0.0,False
1181,3,retail,submission,buy,0.058103077629283316,5.692129487168131,101.06261509554618,0.17991948314676875,100.31419098510355,100.2451773194512,239.6248473546386,0.0,False
1181,4,retail,normalizer,buy,0.0574890077774766,5.631971484299356,101.06261509554618,0.0,100.31419098510355,100.2451773194512,239.6248473546386,0.0,False
1182,0,arb,submission,sell,0.3338542931256825,33.60268342080781,100.98842873189322,-0.11273706735176603,100.98842873189321,100.22550094967025,236.6248473546386,0.0,False
1182,1,arb,normalizer,sell,1.2507311693525764,124.74382742532387,100.98842873189322,0.0,100.98842873189321,100.22550094967025,236.6248473546386,0.0,False
1182,2,retail,submission,sell,0.028239986933357386,2.852721487624937,100.98842873189322,0.0008095798159790668,101.04577257750519,100.22076272256693,236.6248473546386,0.0,False
1182,3,retail,normalizer,sell,0.028282442462625568,2.8570102219263425,100.98842873189322,0.0,101.04577257750519,100.22076272256693,236.6248473546386,0.0,False
1183,0,retail,submission,sell,0.049919924935366566,5.046729844793267,100.7861587501754,0.015492365460572977,101.1472590443923,100.20700947539748,236.6248473546386,0.0,False
1183,1,retail,normalizer,sell,0.049994973724821534,5.054317014966742,100.7861587501754,0.0,101.1472590443923,100.20700947539748,236.6248473546386,0.0,False
1184,0,retail,submission,sell,0.05257147158904729,5.320273199427683,100.89560006952973,0.016043026912521796,101.25430144617289,100.19684999441564,236.6248473546386,0.0,False
1184,1,retail,normalizer,sell,0.05265050666986326,5.328271610155283,100.89560006952973,0.0,101.25430144617289,100.19684999441564,236.6248473546386,0.0,False
1184,2,retail,normalizer,buy,0.04094428887025012,4.119258453405564,100.89560006952973,0.0,101.25430144617289,100.19684999441564,236.6248473546386,0.0,False
1187,0,retail,normalizer,buy,0.04279950120249862,4.302295601981314,100.72846807573559,0.0,101.25430144617289,100.19684999441564,236.6248473546386,0.0,False
1189,0,retail,normalizer,sell,0.010890377357355874,1.1009701730972963,100.78330255596583,0.0,101.25430144617289,100.19684999441564,236.6248473546386,0.0,False
1191,0,retail,submission,sell,0.04836833666718121,4.899886952281441,100.79296687744622,0.02469879666907726,101.57801262543538,100.18901994772605,236.6248473546386,0.0,False
1191,1,retail,normalizer,sell,0.1210432341697043,12.25317792778857,100.79296687744622,0.0,101.57801262543538,100.18901994772605,236.6248473546386,0.0,False
1191,2,retail,submission,sell,0.11010918425942862,11.17227372814975,100.79296687744622,0.07404236618653925,101.57801262543538,100.18901994772605,236.6248473546386,0.0,False
1191,3,retail,normalizer,sell,0.11027472058580656,11.189069939677733,100.79296687744622,0.0,101.57801262543538,100.18901994772605,236.6248473546386,0.0,False
1192,0,arb,normalizer,buy,0.07803441448215047,7.8729285595036345,100.81153807887502,0.0,101.57801262543538,100.18901994772605,236.6248473546386,0.0,False
1192,1,retail,normalizer,sell,0.023538963249663425,2.3878666163661504,100.81153807887502,0.0,103.40338926162723,100.24254245483753,340.6811608749355,0.0,False
1192,2,retail,submission,sell,0.8796650199848415,90.15390965499672,100.81153807887502,1.4735259961405234,103.40338926162723,100.24254245483753,340.6811608749355,0.0,False
1192,3,retail,normalizer,sell,0.935248841814996,95.79819734998183,100.81153807887502,0.0,103.40338926162723,100.24254245483753,340.6811608749355,0.0,False
1193,0,arb,normalizer,buy,0.9014981895215072,91.8215465045214,100.93328262956072,0.0,103.40338926162723,100.24254245483753,340.6811608749355,0.0,False
1194,0,arb,normalizer,buy,0.023574100365586527,2.378848777667372,100.88556154929354,0.0,103.40338926162723,100.24254245483753,340.6811608749355,0.0,False
1195,0,arb,normalizer,buy,0.07938734214116364,8.00266499940517,100.72510629839722,0.0,103.40338926162723,100.24254245483753,340.6811608749355,0.0,False
1195,1,retail,normalizer,sell,0.05096814940962702,5.167361282672125,100.72510629839722,0.0,103.40338926162723,100.24254245483753,340.6811608749355,0.0,False
1196,0,arb,normalizer,buy,0.07284995499396948,7.339982283152494,100.68125616536707,0.0,103.40338926162723,100.24254245483753,340.6811608749355,0.0,False
1196,1,retail,normalizer,buy,0.08068675634920518,8.11708216849729,100.68125616536707,0.0,103.40338926162723,100.24254245483753,340.6811608749355,0.0,False
