step,event_index,event_type,amm,trade_side,amount_x,amount_y,fair_price,edge,submission_spot,internal_price_estimate,bid_fee_bps,ask_fee_bps,probable_arb
0,0,retail,submission,sell,0.009909838001249227,0.9939645118308872,100.0,0.0029807117059644783,100.0198226225385,100.14009804574935,28.999999999999996,28.999999999999996,True
0,1,retail,normalizer,sell,0.004895415583305862,0.49103864051994595,100.0,0.0,100.0198226225385,100.14009804574935,28.999999999999996,28.999999999999996,True
2,0,arb,submission,buy,0.025837314624066528,2.5760855923290364,99.67839436360673,-0.0006635559347496489,99.96830244068471,100.00000000000001,28.999999999999996,28.999999999999996,True
2,1,arb,normalizer,buy,0.0157798406562636,1.5731566499980545,99.67839436360673,0.0,99.96830244068471,100.00000000000001,28.999999999999996,28.999999999999996,True
2,2,retail,submission,buy,0.1482366208509203,14.754184131043075,99.67839436360673,0.02180422126340531,99.67348321488248,99.99974637964928,28.999999999999996,28.999999999999996,False
2,3,retail,normalizer,buy,0.14824405479796662,14.75492404148281,99.67839436360673,0.0,99.67348321488248,99.99974637964928,28.999999999999996,28.999999999999996,False
4,0,retail,submission,buy,0.15195994739453278,15.07964154277397,99.81775621291175,0.08865944038039686,99.37261055780354,99.99880291759135,28.999999999999996,30.999999999999993,False
4,1,retail,normalizer,buy,0.1519675680634185,15.080397774643643,99.81775621291175,0.0,99.37261055780354,99.99880291759135,28.999999999999996,30.999999999999993,False
5,0,arb,submission,sell,0.07848554315282286,7.829692238945196,99.83778655022516,-0.006130665624818121,99.52828941191947,99.85890254661679,28.999999999999996,30.999999999999993,True
5,1,arb,normalizer,sell,0.07848211154235685,7.829349863220717,99.83778655022516,0.0,99.52828941191947,99.85890254661679,28.999999999999996,30.999999999999993,True
6,0,arb,submission,sell,0.024143715983512948,2.411035901983788,99.88589919778433,-0.0005808790053203339,99.57625291027121,99.74195089941954,28.999999999999996,30.999999999999993,True
6,1,arb,normalizer,sell,0.024142505134889802,2.410914984412395,99.88589919778433,0.0,99.57625291027121,99.74195089941954,28.999999999999996,30.999999999999993,True
6,2,retail,submission,buy,0.1322855421930937,13.117033438122235,99.88589919778433,0.09642689470137,99.31464071862926,99.74070425466391,28.999999999999996,30.999999999999993,False
6,3,retail,normalizer,buy,0.13229268178052614,13.11774144395713,99.88589919778433,0.0,99.31464071862926,99.74070425466391,28.999999999999996,30.999999999999993,False
7,0,arb,submission,sell,0.139578310546824,13.924645187559479,99.90120370558397,-0.01939604726004518,99.59150997409667,99.75723335147484,28.999999999999996,30.999999999999993,True
7,1,arb,normalizer,sell,0.139571815176879,13.923997124853202,99.90120370558397,0.0,99.59150997409667,99.75723335147484,28.999999999999996,30.999999999999993,True
8,0,arb,submission,sell,0.07055490289897648,7.053486132411056,100.04203460294946,-0.004969904816087833,99.7319042956803,99.89699128589388,28.999999999999996,30.999999999999993,True
8,1,arb,normalizer,sell,0.07055136445002574,7.053132388028318,100.04203460294946,0.0,99.7319042956803,99.89699128589388,28.999999999999996,30.999999999999993,True
9,0,arb,submission,sell,0.0017212358055900268,0.17219889199670946,100.0454739906732,-2.9600232629989343e-06,99.73533302130213,99.892335280661,28.999999999999996,30.999999999999993,False
9,1,arb,normalizer,sell,0.001721149482662554,0.17219025592543333,100.0454739906732,0.0,99.73533302130213,99.892335280661,28.999999999999996,30.999999999999993,False
9,2,retail,submission,buy,0.05286668473305373,5.254619426865247,100.0454739906732,0.03445310556860015,99.63040740835659,99.89113096263385,28.999999999999996,30.999999999999993,False
9,3,retail,normalizer,buy,0.05286984112546942,5.2549331790596625,100.0454739906732,0.0,99.63040740835659,99.89113096263385,28.999999999999996,30.999999999999993,False
10,0,arb,submission,sell,0.06258499465266709,6.258668007409563,100.06520297664015,-0.003912185801508095,99.75500084741255,99.92099627870071,28.999999999999996,30.999999999999993,True
10,1,arb,normalizer,sell,0.06258235982868143,6.258404486432915,100.06520297664015,0.0,99.75500084741255,99.92099627870071,28.999999999999996,30.999999999999993,True
10,2,retail,submission,buy,0.05035643121588292,5.0062276859516714,100.06520297664015,0.03269882484487141,99.65502408337959,99.91974739611045,28.999999999999996,30.999999999999993,False
10,3,retail,normalizer,buy,0.050359461671310286,5.006528986454214,100.06520297664015,0.0,99.65502408337959,99.91974739611045,28.999999999999996,30.999999999999993,False
11,0,retail,submission,buy,0.02270448528384798,2.2555446981132263,99.91246127540013,0.012916308587127112,99.60999615498235,99.7799576254277,28.999999999999996,30.999999999999993,True
11,1,retail,normalizer,buy,0.022705623895472763,2.2556578118619655,99.91246127540013,0.0,99.60999615498235,99.7799576254277,28.999999999999996,30.999999999999993,True
12,0,arb,submission,sell,0.03652036990861518,3.6504366859610764,99.99262688241636,-0.001331035918907375,99.68264973908086,99.8485247758692,28.999999999999996,30.999999999999993,True
12,1,arb,normalizer,sell,0.0365190423216859,3.650303967082593,99.99262688241636,0.0,99.68264973908086,99.8485247758692,28.999999999999996,30.999999999999993,True
12,2,retail,submission,sell,0.022713063463982053,2.2716540231750493,99.99262688241636,0.0005151428644487588,99.74548486516964,99.8435925437485,28.999999999999996,30.999999999999993,False
12,3,retail,normalizer,sell,0.022711924365026448,2.271540095842721,99.99262688241636,0.0,99.74548486516964,99.8435925437485,28.999999999999996,30.999999999999993,False
12,4,retail,submission,sell,0.0312210453569719,3.124264815632745,99.99262688241636,0.002390476374056316,99.74548486516964,99.8435925437485,28.999999999999996,30.999999999999993,False
12,5,retail,normalizer,sell,0.031219479568207475,3.1241081284160708,99.99262688241636,0.0,99.74548486516964,99.8435925437485,28.999999999999996,30.999999999999993,False
12,6,retail,submission,buy,0.044177605751869325,4.393769313435769,99.99262688241636,0.02366553506939173,99.74548486516964,99.8435925437485,28.999999999999996,30.999999999999993,False
12,7,retail,normalizer,buy,0.044180326255363306,4.3940399084822275,99.99262688241636,0.0,99.74548486516964,99.8435925437485,28.999999999999996,30.999999999999993,False
12,8,retail,submission,sell,0.02166817973314039,2.167554896308517,99.99262688241636,0.0008966850314737762,99.74548486516964,99.8435925437485,28.999999999999996,30.999999999999993,False
12,9,retail,normalizer,sell,0.02166759677554353,2.167496569818999,99.99262688241636,0.0,99.74548486516964,99.8435925437485,28.999999999999996,30.999999999999993,False
15,0,arb,submission,sell,0.00044419671219486645,0.044444591224431264,100.05654516501023,-1.9717144344316706e-07,99.74636987499868,99.83906089886476,28.999999999999996,30.999999999999993,False
15,1,arb,normalizer,sell,0.00044417443496058695,0.0444423622522541,100.05654516501023,0.0,99.74636987499868,99.83906089886476,28.999999999999996,30.999999999999993,False
15,2,retail,submission,sell,0.09903669820435823,9.919080931500394,100.05654516501023,0.009811064622537558,99.94398333260705,99.83788874687059,28.999999999999996,30.999999999999993,False
15,3,retail,normalizer,sell,0.09903173134470933,9.918583472640991,100.05654516501023,0.0,99.94398333260705,99.83788874687059,28.999999999999996,30.999999999999993,False
17,0,retail,submission,sell,0.1886037973002601,18.944150287865043,100.07719565982246,0.0692111632614143,99.89154343646055,99.8324006329824,28.999999999999996,30.999999999999993,False
17,1,retail,normalizer,sell,0.18859433849749507,18.943200206351058,100.07719565982246,0.0,99.89154343646055,99.8324006329824,28.999999999999996,30.999999999999993,False
17,2,retail,submission,buy,0.2154810183331237,21.50849703718268,100.07719565982246,0.05623899551913425,99.89154343646055,99.8324006329824,28.999999999999996,30.999999999999993,False
17,3,retail,normalizer,buy,0.21549232822416745,21.5096260557566,100.07719565982246,0.0,99.89154343646055,99.8324006329824,28.999999999999996,30.999999999999993,False
18,0,retail,submission,sell,0.14552436022728443,14.603096241663973,100.13557486812107,0.030930772989313127,99.46882179690965,99.824975675125,28.999999999999996,30.999999999999993,False
18,1,retail,normalizer,sell,0.145517565193245,14.602414299307625,100.13557486812107,0.0,99.46882179690965,99.824975675125,28.999999999999996,30.999999999999993,False
18,2,retail,submission,buy,0.3376057242795107,33.61093990025256,100.13557486812107,0.19540337924462392,99.46882179690965,99.824975675125,28.999999999999996,30.999999999999993,False
18,3,retail,normalizer,buy,0.3376231589758902,33.61267581161701,100.13557486812107,0.0,99.46882179690965,99.824975675125,28.999999999999996,30.999999999999993,False
18,4,retail,submission,sell,0.027865877355253588,2.7823590861462986,100.13557486812107,-0.008006562026576791,99.46882179690965,99.824975675125,28.999999999999996,30.999999999999993,False
18,5,retail,normalizer,sell,0.027864984056392927,2.782269877824132,100.13557486812107,0.0,99.46882179690965,99.824975675125,28.999999999999996,30.999999999999993,False
18,6,retail,submission,buy,0.049285937331771744,4.890594110038364,100.13557486812107,0.04468155759278858,99.46882179690965,99.824975675125,28.999999999999996,30.999999999999993,False
18,7,retail,normalizer,buy,0.04928891458096949,4.890889564090685,100.13557486812107,0.0,99.46882179690965,99.824975675125,28.999999999999996,30.999999999999993,False
19,0,arb,submission,sell,0.16805312899037972,16.796179063727873,100.11344546636744,-0.028198700902919427,99.8030937854217,99.96482851521561,28.999999999999996,30.999999999999993,True
19,1,arb,normalizer,sell,0.1680452051683261,16.795387027706862,100.11344546636744,0.0,99.8030937854217,99.96482851521561,28.999999999999996,30.999999999999993,True
19,2,retail,submission,sell,0.013593132971053024,1.361040202183438,100.11344546636744,0.00018482576883993573,99.83020531612308,99.96361380943472,28.999999999999996,30.999999999999993,False
19,3,retail,normalizer,sell,0.013592451252193882,1.3609719436902696,100.11344546636744,0.0,99.83020531612308,99.96361380943472,28.999999999999996,30.999999999999993,False
21,0,retail,submission,buy,0.022724054353806138,2.2614562563703657,99.98132429804349,0.010524791343892836,99.78501971981854,99.82376266874235,28.999999999999996,30.999999999999993,True
21,1,retail,normalizer,buy,0.02272569887748912,2.2616199277290434,99.98132429804349,0.0,99.78501971981854,99.82376266874235,28.999999999999996,30.999999999999993,True
22,0,retail,submission,sell,0.46558953004655734,46.82109040896631,99.88417390966177,0.31606481927828867,100.71971328358242,99.8229005307955,28.999999999999996,30.999999999999993,False
22,1,retail,normalizer,sell,0.4655666834657666,46.818792652244625,99.88417390966177,0.0,100.71971328358242,99.8229005307955,28.999999999999996,30.999999999999993,False
23,0,arb,submission,buy,0.2498214181981828,25.026408034225824,99.92738125027716,-0.062407933451083863,100.2180134893964,99.96275046364946,28.999999999999996,30.999999999999993,True
23,1,arb,normalizer,buy,0.24983444923697637,25.027713572984794,99.92738125027716,0.0,100.2180134893964,99.96275046364946,28.999999999999996,30.999999999999993,True
24,0,arb,submission,buy,0.08505603237770952,8.492216533108149,99.75791687241569,-0.007203925675105083,100.04805623549863,99.90188821298722,28.999999999999996,30.999999999999993,True
24,1,arb,normalizer,buy,0.08506029786918101,8.492642410923509,99.75791687241569,0.0,100.04805623549863,99.90188821298722,28.999999999999996,30.999999999999993,True
25,0,retail,submission,sell,0.0032183970209587187,0.32300605077836386,100.03476597428987,0.0010544579744067306,100.06273832531201,99.90778202223439,28.999999999999996,30.999999999999993,False
25,1,retail,normalizer,sell,0.0032187384803705754,0.3230403188399379,100.03476597428987,0.0,100.06273832531201,99.90778202223439,28.999999999999996,30.999999999999993,False
25,2,retail,submission,sell,0.004116552022949804,0.41317735642774983,100.03476597428987,0.0013790381909766225,100.06273832531201,99.90778202223439,28.999999999999996,30.999999999999993,False
25,3,retail,normalizer,sell,0.004116345570835733,0.41315663487671445,100.03476597428987,0.0,100.06273832531201,99.90778202223439,28.999999999999996,30.999999999999993,False
26,0,retail,submission,sell,0.025936622364241657,2.604035482962791,100.12666195291955,0.007088063297833624,100.80865815623201,100.04897703141688,35.0,24.999999999999986,False
26,1,retail,normalizer,sell,0.025935321598325345,2.603904886134372,100.12666195291955,0.0,100.80865815623201,100.04897703141688,35.0,24.999999999999986,False
26,2,retail,submission,sell,0.30486247105301345,30.70979519596656,100.12666195291955,0.18493361470975955,100.80865815623201,100.04897703141688,35.0,24.999999999999986,False
26,3,retail,normalizer,sell,0.30484718167909364,30.708255047254458,100.12666195291955,0.0,100.80865815623201,100.04897703141688,35.0,24.999999999999986,False
26,4,retail,submission,sell,0.039739753693126545,4.015757561183966,100.12666195291955,0.03674867705999807,100.80865815623201,100.04897703141688,35.0,24.999999999999986,False
26,5,retail,normalizer,sell,0.02475346634247444,2.5017486577174255,100.12666195291955,0.0,100.80865815623201,100.04897703141688,35.0,24.999999999999986,False
27,0,arb,submission,buy,0.23075256232041752,23.127045621431535,99.99357893239292,-0.05327106719294861,100.34478568228089,100.13789618484573,35.0,24.999999999999986,True
27,1,arb,normalizer,buy,0.24573438089127514,24.632297431962797,99.99357893239292,0.0,100.34478568228089,100.13789618484573,35.0,24.999999999999986,True
28,0,retail,submission,sell,0.0034801368757513274,0.3501010159492109,100.0667984022594,0.0018548607911339499,100.35178234995115,100.14258998860821,35.0,24.999999999999986,False
28,1,retail,normalizer,sell,0.003493566284120675,0.3514519673281405,100.0667984022594,0.0,100.35178234995115,100.14258998860821,35.0,24.999999999999986,False
29,0,retail,submission,sell,0.023848911816500618,2.3998523498852684,100.06716708468291,0.01335930635563276,100.39974927244538,100.28288780014503,35.0,24.999999999999986,True
29,1,retail,normalizer,sell,0.023854891235387754,2.400454042851325,100.06716708468291,0.0,100.39974927244538,100.28288780014503,35.0,24.999999999999986,True
30,0,arb,submission,buy,0.04375832232460031,4.376035965904521,99.9609806902627,-0.00191115297685851,100.31207294557221,100.14258998860821,35.0,24.999999999999986,True
30,1,arb,normalizer,buy,0.04375993965213116,4.376198256510179,99.9609806902627,0.0,100.31207294557221,100.14258998860821,35.0,24.999999999999986,True
31,0,arb,submission,buy,0.0008039289613886553,0.08036088259905227,99.9593766071862,-6.447821796207176e-07,100.3104632284859,100.14616358443732,35.0,24.999999999999986,False
31,1,arb,normalizer,buy,0.0008037273491034535,0.08034072939881298,99.9593766071862,0.0,100.3104632284859,100.14616358443732,35.0,24.999999999999986,False
32,0,arb,submission,buy,0.01204964914730012,1.2043305830957252,99.93533851370407,-0.0001448165889219588,100.28634070617566,100.0795717097875,35.0,24.999999999999986,True
32,1,arb,normalizer,buy,0.012046627291656916,1.204028556610865,99.93533851370407,0.0,100.28634070617566,100.0795717097875,35.0,24.999999999999986,True
32,2,retail,submission,sell,0.024045003919212604,2.418011270611273,99.93533851370407,0.01506566438142043,100.334654863648,100.08082264026034,35.0,24.999999999999986,False
32,3,retail,normalizer,sell,0.0240635930265114,2.419880322244895,99.93533851370407,0.0,100.334654863648,100.08082264026034,35.0,24.999999999999986,False
33,0,arb,submission,buy,0.10996268039795679,10.982397458510604,99.76435864217486,-0.012041174033992519,100.11476030323618,99.94080752201587,35.0,24.999999999999986,True
33,1,arb,normalizer,buy,0.10994769883518199,10.980902572879131,99.76435864217486,0.0,100.11476030323618,99.94080752201587,35.0,24.999999999999986,True
33,2,retail,submission,sell,0.007035667936676759,0.7061892715809511,99.76435864217486,0.0042803722590805116,100.0889520565607,99.94277851866306,35.0,24.999999999999986,False
33,3,retail,normalizer,sell,0.007050003207922373,0.7076280530547557,99.76435864217486,0.0,100.0889520565607,99.94277851866306,35.0,24.999999999999986,False
33,4,retail,submission,buy,0.019990066241445458,1.9941794541118725,99.76435864217486,0.00011668368052464295,100.0889520565607,99.94277851866306,35.0,24.999999999999986,False
33,5,retail,normalizer,buy,0.01999766128106861,1.9949373749059305,99.76435864217486,0.0,100.0889520565607,99.94277851866306,35.0,24.999999999999986,False
34,0,arb,submission,buy,0.011185857459835752,1.115537817357108,99.71639940972189,-0.00012438715190898897,100.06663262390556,99.8603166186162,35.0,24.999999999999986,True
34,1,arb,normalizer,buy,0.01118305222907594,1.1152580586513068,99.71639940972189,0.0,100.06663262390556,99.8603166186162,35.0,24.999999999999986,True
34,2,retail,submission,sell,0.09470565734781644,9.509636954918713,99.71639940972189,0.06592980046358754,100.30563564428536,99.86280302836134,35.0,24.999999999999986,False
34,3,retail,normalizer,sell,0.0947419763340207,9.513282640762982,99.71639940972189,0.0,100.30563564428536,99.86280302836134,35.0,24.999999999999986,False
34,4,retail,submission,sell,0.024463083770683625,2.459332457696526,99.71639940972189,0.019961825625552265,100.30563564428536,99.86280302836134,35.0,24.999999999999986,False
34,5,retail,normalizer,sell,0.024469217175237645,2.4599490635600727,99.71639940972189,0.0,100.30563564428536,99.86280302836134,35.0,24.999999999999986,False
35,0,arb,submission,buy,0.08611261135473743,8.599957690848896,99.78298073759346,-0.007384650775259516,100.13344780491065,99.92699404100102,35.0,24.999999999999986,True
35,1,arb,normalizer,buy,0.08610361282240457,8.599060100155839,99.78298073759346,0.0,100.13344780491065,99.92699404100102,35.0,24.999999999999986,True
35,2,retail,submission,sell,0.018249279974469346,1.8322777822916843,99.78298073759346,0.011310230124259357,100.17002946922884,99.92824306435082,35.0,24.999999999999986,False
35,3,retail,normalizer,sell,0.018266425558664423,1.8339990153582386,99.78298073759346,0.0,100.17002946922884,99.92824306435082,35.0,24.999999999999986,False
36,0,arb,submission,buy,0.000917306526189902,0.09156418088969076,99.81760794956308,-8.376888915029301e-07,100.16819663779536,99.93288956827449,35.0,24.999999999999986,False
36,1,arb,normalizer,buy,0.0009296821117183381,0.09279950520431157,99.81760794956308,0.0,100.16819663779536,99.93288956827449,35.0,24.999999999999986,False
36,2,retail,submission,sell,0.18700719950456346,18.814335475734275,99.81760794956308,0.1477241518420307,100.54421036912115,99.93409149912671,35.0,24.999999999999986,False
36,3,retail,normalizer,sell,0.1870666540332735,18.82031468326352,99.81760794956308,0.0,100.54421036912115,99.93409149912671,35.0,24.999999999999986,False
37,0,arb,submission,buy,0.20018702521973084,20.017159601082312,99.79267885731696,-0.039960081928104074,100.14317998727242,99.9367061576832,35.0,24.999999999999986,True
37,1,arb,normalizer,buy,0.20014940372915627,20.013400258741967,99.79267885731696,0.0,100.14317998727242,99.9367061576832,35.0,24.999999999999986,True
38,0,arb,submission,buy,0.018717666203205807,1.8675374671202007,99.7554356748064,-0.0003485202038060464,100.10580599579167,99.8994092233835,35.0,24.999999999999986,True
38,1,arb,normalizer,buy,0.018712972117544236,1.8670691191546211,99.7554356748064,0.0,100.10580599579167,99.8994092233835,35.0,24.999999999999986,True
38,2,retail,submission,buy,0.013567941102205798,1.3532928077675024,99.7554356748064,0.00018306809315005168,100.07872765617392,99.90065790194079,35.0,24.999999999999986,False
38,3,retail,normalizer,buy,0.013564538483724133,1.3529534239878558,99.7554356748064,0.0,100.07872765617392,99.90065790194079,35.0,24.999999999999986,False
40,0,arb,submission,buy,0.029295161661139216,2.920708159712376,99.67022798737001,-0.0008527180197690498,100.02029903398895,99.81407855865727,35.0,24.999999999999986,True
40,1,arb,normalizer,buy,0.029287814911998503,2.919975693701417,99.67022798737001,0.0,100.02029903398895,99.81407855865727,35.0,24.999999999999986,True
40,2,retail,submission,buy,0.0600361362804081,5.980237290097648,99.67022798737001,0.0035781004514436887,99.73340237270283,99.81779157760747,35.0,24.999999999999986,False
40,3,retail,normalizer,buy,0.060021080195850215,5.978737544046453,99.67022798737001,0.0,99.73340237270283,99.81779157760747,35.0,24.999999999999986,False
40,4,retail,submission,buy,0.10100175001238797,10.04472699955113,99.67022798737001,0.022140451306929876,99.73340237270283,99.81779157760747,35.0,24.999999999999986,False
40,5,retail,normalizer,buy,0.1009764204195213,10.042207945718474,99.67022798737001,0.0,99.73340237270283,99.81779157760747,35.0,24.999999999999986,False
40,6,retail,submission,sell,0.01676034585395314,1.6754752653474605,99.67022798737001,0.004967772936779191,99.73340237270283,99.81779157760747,35.0,24.999999999999986,False
40,7,retail,normalizer,sell,0.016777145424626383,1.6771544508786778,99.67022798737001,0.0,99.73340237270283,99.81779157760747,35.0,24.999999999999986,False
41,0,retail,submission,buy,0.07099911278338149,7.051217517140685,99.77042467088437,0.032394116513300375,99.59261585127183,99.67814444520053,35.0,24.999999999999986,True
41,1,retail,normalizer,buy,0.07099394055727508,7.050704728477285,99.77042467088437,0.0,99.59261585127183,99.67814444520053,35.0,24.999999999999986,True
42,0,retail,submission,buy,0.3152748628693226,31.191357122997942,99.79749882275844,0.2722856330486074,98.97103359280456,99.67563920861168,35.0,24.999999999999986,False
42,1,retail,normalizer,buy,0.3151957970717628,31.18353483895953,99.79749882275844,0.0,98.97103359280456,99.67563920861168,35.0,24.999999999999986,False
43,0,arb,submission,sell,0.21079346262308718,20.958685359230394,99.6365310168946,-0.04404401757344445,99.38743968935239,99.536190950277,35.0,24.999999999999986,True
43,1,arb,normalizer,sell,0.21085895664631948,20.965194635483297,99.6365310168946,0.0,99.38743968935239,99.536190950277,35.0,24.999999999999986,True
44,0,arb,submission,sell,0.08577715494614324,8.553852903925307,99.80715628048948,-0.007321005080171972,99.55763838978827,99.66331568548698,35.0,24.999999999999986,True
44,1,arb,normalizer,sell,0.08579866106529721,8.5559975329927,99.80715628048948,0.0,99.55763838978827,99.66331568548698,35.0,24.999999999999986,True
45,0,arb,submission,sell,0.027347989884674462,2.730270121043433,99.86164820811699,-0.0007452240190701787,99.61199408759671,99.7177290801557,35.0,24.999999999999986,True
45,1,arb,normalizer,sell,0.027354846595301296,2.730954656624511,99.86164820811699,0.0,99.61199408759671,99.7177290801557,35.0,24.999999999999986,True
46,0,arb,submission,sell,0.021846451733097183,2.182098462921509,99.90521017802705,-0.0004758891176881441,99.655447152582,99.76122826920006,35.0,24.999999999999986,True
46,1,arb,normalizer,sell,0.021851929093529066,2.1826455604505894,99.90521017802705,0.0,99.655447152582,99.76122826920006,35.0,24.999999999999986,True
46,2,retail,submission,sell,0.08770747597127126,8.770112602484128,99.90521017802705,0.007678781390014322,99.83018574841067,99.759981333402,35.0,24.999999999999986,False
46,3,retail,normalizer,sell,0.08772946606214305,8.772311452364542,99.90521017802705,0.0,99.83018574841067,99.759981333402,35.0,24.999999999999986,False
47,0,retail,submission,buy,0.038875482516250975,3.8658669851520244,99.81547889023129,0.0145079192963804,99.75294902945963,99.62041507870934,35.0,24.999999999999986,True
47,1,retail,normalizer,buy,0.03887836024778121,3.86615363954661,99.81547889023129,0.0,99.75294902945963,99.62041507870934,35.0,24.999999999999986,True
48,0,retail,submission,sell,0.22034197175044312,22.083447558788215,99.95381959097979,0.0594258661236573,100.19345450525257,99.62288968272347,35.0,24.999999999999986,False
48,1,retail,normalizer,sell,0.22040981013229555,22.090243782144675,99.95381959097979,0.0,100.19345450525257,99.62288968272347,35.0,24.999999999999986,False
51,0,retail,submission,sell,0.06520243076262489,6.553507031972759,100.19671398514092,0.0204377257140802,100.26999702347449,99.62591102660039,35.0,24.999999999999986,False
51,1,retail,normalizer,sell,0.06521877836996737,6.555150132671462,100.19671398514092,0.0,100.26999702347449,99.62591102660039,35.0,24.999999999999986,False
51,2,retail,submission,buy,0.027158866478711987,2.714423810448352,100.19671398514092,0.006805366279784231,100.26999702347449,99.62591102660039,35.0,24.999999999999986,False
51,3,retail,normalizer,buy,0.027164651408860745,2.71500233329607,100.19671398514092,0.0,100.26999702347449,99.62591102660039,35.0,24.999999999999986,False
52,0,retail,submission,sell,0.004717704766363795,0.4742522214264191,100.2171072035316,0.0014574971011266924,100.21252816735031,99.76918612191618,35.0,24.999999999999986,False
52,1,retail,normalizer,sell,0.004731449140862765,0.4756338292818323,100.2171072035316,0.0,100.21252816735031,99.76918612191618,35.0,24.999999999999986,False
52,2,retail,submission,buy,0.03346558844325651,3.343049414743291,100.2171072035316,0.01077504990381506,100.21252816735031,99.76918612191618,35.0,24.999999999999986,False
52,3,retail,normalizer,buy,0.033469794569561444,3.343470006742791,100.2171072035316,0.0,100.21252816735031,99.76918612191618,35.0,24.999999999999986,False
53,0,retail,submission,sell,0.03037234908644848,3.052246207254516,100.09681750002837,0.012070723701129271,100.27349442118286,99.78295557157348,35.0,24.999999999999986,False
53,1,retail,normalizer,sell,0.030392529215902186,3.0542738099854665,100.09681750002837,0.0,100.27349442118286,99.78295557157348,35.0,24.999999999999986,False
54,0,retail,submission,buy,0.05064634277587999,5.058154776881565,100.14701855631931,0.013925452904196334,100.17221866732103,99.92274954232019,35.0,24.999999999999986,True
54,1,retail,normalizer,buy,0.05064624062448276,5.058145210889052,100.14701855631931,0.0,100.17221866732103,99.92274954232019,35.0,24.999999999999986,True
55,0,retail,submission,buy,0.11177760207473174,11.145395722460307,100.22188389555184,0.05716613479665078,99.94924311076781,99.78295557157348,35.0,24.999999999999986,True
55,1,retail,normalizer,buy,0.1117495700737444,11.142600638848307,100.22188389555184,0.0,99.94924311076781,99.78295557157348,35.0,24.999999999999986,True
56,0,arb,submission,sell,0.006474497559295855,0.6487849829497456,100.2127152930151,-4.1997625291001484e-05,99.96218350478254,99.92274954232019,35.0,24.999999999999986,True
56,1,arb,normalizer,sell,0.006488702538234747,0.6502083285533112,100.2127152930151,0.0,99.96218350478254,99.92274954232019,35.0,24.999999999999986,True
56,2,retail,submission,buy,0.006513570582853032,0.6487897467850416,100.2127152930151,0.003952847575367624,99.94087670976121,99.92257925784658,35.0,24.999999999999986,False
56,3,retail,normalizer,buy,0.006524555814865941,0.6498840219028352,100.2127152930151,0.0,99.94087670976121,99.92257925784658,35.0,24.999999999999986,False
56,4,retail,submission,buy,0.004185022309626771,0.4168082842061267,100.2127152930151,0.0025841650034174046,99.94087670976121,99.92257925784658,35.0,24.999999999999986,False
56,5,retail,normalizer,buy,0.004183972774248461,0.41670375548346783,100.2127152930151,0.0,99.94087670976121,99.92257925784658,35.0,24.999999999999986,False
58,0,arb,submission,sell,0.016018162683465675,1.6051384630999765,100.22345094528544,-0.00025707883994718905,99.97289231792223,100.06256883864917,35.0,24.999999999999986,True
58,1,arb,normalizer,sell,0.016034760984652507,1.6068015336744885,100.22345094528544,0.0,99.97289231792223,100.06256883864917,35.0,24.999999999999986,True
58,2,retail,submission,buy,0.08665970096350478,8.625850315969728,100.22345094528544,0.05948397247919779,99.80047310116214,100.06144965640325,35.0,24.999999999999986,False
58,3,retail,normalizer,buy,0.08665058617631194,8.624944141627566,100.22345094528544,0.0,99.80047310116214,100.06144965640325,35.0,24.999999999999986,False
59,0,arb,submission,sell,0.12360211886438321,12.381754940157807,100.29814045087936,-0.015307737728386783,100.04739509975217,100.15359225676438,35.0,24.999999999999986,True
59,1,arb,normalizer,sell,0.12364569955143168,12.386119047099703,100.29814045087936,0.0,100.04739509975217,100.15359225676438,35.0,24.999999999999986,True
59,2,retail,submission,sell,0.05912497782573212,5.933634421429518,100.29814045087936,0.003509091309109813,100.16583418754728,100.15234041672937,35.0,24.999999999999986,False
59,3,retail,normalizer,sell,0.059139801689028104,5.935122107155709,100.29814045087936,0.0,100.16583418754728,100.15234041672937,35.0,24.999999999999986,False
62,0,retail,submission,sell,0.0884707039429884,8.891824921166236,100.16206413652532,0.03041659862508972,100.34345179173027,100.29265188842544,35.0,24.999999999999986,True
62,1,retail,normalizer,sell,0.088492885390977,8.89405428685675,100.16206413652532,0.0,100.34345179173027,100.29265188842544,35.0,24.999999999999986,True
64,0,retail,submission,buy,0.05994629024685513,5.990579722178154,100.30290861472479,0.022207550243924068,100.22347051315637,100.15234041672937,35.0,24.999999999999986,True
64,1,retail,normalizer,buy,0.0599438514274748,5.990336758286503,100.30290861472479,0.0,100.22347051315637,100.15234041672937,35.0,24.999999999999986,True
65,0,retail,submission,sell,0.02815614193227134,2.8297763530893887,100.14014292516185,0.010216275770594141,100.2799955629096,100.29265188842544,35.0,24.999999999999986,True
65,1,retail,normalizer,sell,0.028175765726501822,2.8317482469128894,100.14014292516185,0.0,100.2799955629096,100.29265188842544,35.0,24.999999999999986,True
68,0,retail,submission,sell,0.023872478177651146,2.400505697228749,100.12568855280581,0.010257382229597045,100.01452705497279,100.42945481731454,35.0,24.999999999999986,False
68,1,retail,normalizer,sell,0.023878463505084824,2.401107553997441,100.12568855280581,0.0,100.01452705497279,100.42945481731454,35.0,24.999999999999986,False
68,2,retail,submission,sell,0.25908657205454233,26.126575108409046,100.12568855280581,0.18535368666185903,100.01452705497279,100.42945481731454,35.0,24.999999999999986,False
68,3,retail,normalizer,sell,0.2591515304539911,26.133125584908637,100.12568855280581,0.0,100.01452705497279,100.42945481731454,35.0,24.999999999999986,False
68,4,retail,submission,buy,0.04421758777663458,4.44180211517596,100.12568855280581,-0.014485692896293756,100.01452705497279,100.42945481731454,35.0,24.999999999999986,False
68,5,retail,normalizer,buy,0.04421906174471332,4.441950738708329,100.12568855280581,0.0,100.01452705497279,100.42945481731454,35.0,24.999999999999986,False
68,6,retail,submission,buy,0.37264221061386915,37.27762676876773,100.12568855280581,0.03343115278559594,100.01452705497279,100.42945481731454,35.0,24.999999999999986,False
68,7,retail,normalizer,buy,0.37254875802039233,37.26827814748685,100.12568855280581,0.0,100.01452705497279,100.42945481731454,35.0,24.999999999999986,False
69,0,retail,submission,buy,0.05041100923101685,5.021664035646609,100.02448641706145,0.020671272451595613,99.9141116966355,100.42489751317001,35.0,24.999999999999986,False
69,1,retail,normalizer,buy,0.05039836697143914,5.020404684144523,100.02448641706145,0.0,99.9141116966355,100.42489751317001,35.0,24.999999999999986,False
70,0,retail,submission,buy,0.016193599074987623,1.612046152129551,100.04979316535132,0.008120085925584997,99.9384271245541,100.28077215801594,35.0,24.999999999999986,False
70,1,retail,normalizer,buy,0.016189537984262994,1.6116418772289762,100.04979316535132,0.0,99.9384271245541,100.28077215801594,35.0,24.999999999999986,False
70,2,retail,submission,sell,0.02830809388423461,2.835354381969342,100.04979316535132,0.0031354439463227024,99.9384271245541,100.28077215801594,35.0,24.999999999999986,False
70,3,retail,normalizer,sell,0.02832777724208313,2.8373255212029607,100.04979316535132,0.0,99.9384271245541,100.28077215801594,35.0,24.999999999999986,False
72,0,retail,submission,buy,0.035136496625139034,3.497971619823147,99.97857251437262,0.014925155914324417,99.86850146929659,100.26727391766534,35.0,24.999999999999986,False
72,1,retail,normalizer,buy,0.035140305193505285,3.498351217191157,99.97857251437262,0.0,99.86850146929659,100.26727391766534,35.0,24.999999999999986,False
73,0,retail,submission,buy,0.17243811622771804,17.13144390323214,99.99031442271404,0.11069755683789495,99.52639142767974,100.25418236050713,32.0,27.999999999999986,False
73,1,retail,normalizer,buy,0.1723948715583713,17.12714761629104,99.99031442271404,0.0,99.52639142767974,100.25418236050713,32.0,27.999999999999986,False
74,0,arb,submission,sell,0.09683907426266103,9.674452345495833,99.998971447244,-0.009355476673547969,99.71897432719172,100.1139247084676,32.0,27.999999999999986,True
74,1,arb,normalizer,sell,0.11193963883579272,11.181351236484522,99.998971447244,0.0,99.71897432719172,100.1139247084676,32.0,27.999999999999986,True
74,2,retail,submission,sell,0.010545889518198237,1.0546891747734621,99.998971447244,0.00011106995736676062,99.40287463987914,100.10729850769609,28.999999999999996,30.999999999999986,False
74,3,retail,normalizer,sell,0.010546947227368264,1.0547949557432732,99.998971447244,0.0,99.40287463987914,100.10729850769609,28.999999999999996,30.999999999999986,False
74,4,retail,submission,buy,0.17018726278629653,16.891537990941288,99.998971447244,0.1270132411101912,99.40287463987914,100.10729850769609,28.999999999999996,30.999999999999986,False
74,5,retail,normalizer,buy,0.17017221293417828,16.890044592972117,99.998971447244,0.0,99.40287463987914,100.10729850769609,28.999999999999996,30.999999999999986,False
75,0,arb,submission,sell,0.13567166093118033,13.546413874061281,99.98228289548332,-0.018348510060082646,99.67233781850733,99.96724634917146,28.999999999999996,30.999999999999986,True
75,1,arb,normalizer,sell,0.150756753461593,15.050351019140148,99.98228289548332,0.0,99.67233781850733,99.96724634917146,28.999999999999996,30.999999999999986,True
76,0,retail,submission,sell,0.0412699113784214,4.127960766934669,99.90901844802292,0.004724429679694886,99.93549704174448,99.91926884552387,28.999999999999996,30.999999999999986,False
76,1,retail,normalizer,sell,0.04126784162184549,4.127753742647404,99.90901844802292,0.0,99.93549704174448,99.91926884552387,28.999999999999996,30.999999999999986,False
76,2,retail,submission,sell,0.09069780136802308,9.083879196980753,99.90901844802292,0.022350886907817724,99.93549704174448,99.91926884552387,28.999999999999996,30.999999999999986,False
76,3,retail,normalizer,sell,0.09069325271828177,9.083423624914918,99.90901844802292,0.0,99.93549704174448,99.91926884552387,28.999999999999996,30.999999999999986,False
77,0,retail,submission,buy,0.004673491350710591,0.46567154977128666,99.78002056570897,0.000649513316279049,99.85801533027403,99.78144399619342,28.999999999999996,30.999999999999986,False
77,1,retail,normalizer,buy,0.004674230387160678,0.4657451904768095,99.78002056570897,0.0,99.85801533027403,99.78144399619342,28.999999999999996,30.999999999999986,False
77,2,retail,submission,buy,0.03424029182994108,3.410415523367192,99.78002056570897,0.006081499600206097,99.85801533027403,99.78144399619342,28.999999999999996,30.999999999999986,False
77,3,retail,normalizer,buy,0.03424200895295171,3.4105865529527364,99.78002056570897,0.0,99.85801533027403,99.78144399619342,28.999999999999996,30.999999999999986,False
79,0,retail,submission,sell,0.029936214460747124,2.9995641479735093,99.67504948404012,0.015670490233702594,100.14652659780664,99.92134060286804,28.999999999999996,30.999999999999986,False
79,1,retail,normalizer,sell,0.029935216454219926,2.999464134116071,99.67504948404012,0.0,100.14652659780664,99.92134060286804,28.999999999999996,30.999999999999986,False
79,2,retail,submission,sell,0.004440031771579811,0.4450374558761478,99.67504948404012,0.002477069333219839,100.14652659780664,99.92134060286804,28.999999999999996,30.999999999999986,False
79,3,retail,normalizer,sell,0.004439809096382419,0.4450151364869302,99.67504948404012,0.0,100.14652659780664,99.92134060286804,28.999999999999996,30.999999999999986,False
79,4,retail,submission,sell,0.10987466128817402,11.025659537615313,99.67504948404012,0.07389723667442105,100.14652659780664,99.92134060286804,28.999999999999996,30.999999999999986,False
79,5,retail,normalizer,sell,0.10986915088616911,11.025106581948085,99.67504948404012,0.0,100.14652659780664,99.92134060286804,28.999999999999996,30.999999999999986,False
80,0,arb,submission,buy,0.13401571928896272,13.364415734202339,99.58957139687402,-0.017847689770759345,99.87922113817473,99.78154860325644,28.999999999999996,30.999999999999986,True
80,1,arb,normalizer,buy,0.1340229442018801,13.365136289598013,99.58957139687402,0.0,99.87922113817473,99.78154860325644,28.999999999999996,30.999999999999986,True
80,2,retail,submission,buy,0.04039772718578871,4.021573401552814,99.58957139687402,0.0016189342877295232,99.7988544299772,99.7824096705035,28.999999999999996,30.999999999999986,False
80,3,retail,normalizer,buy,0.040399753099256,4.021775080216685,99.58957139687402,0.0,99.7988544299772,99.7824096705035,28.999999999999996,30.999999999999986,False
81,0,retail,submission,sell,0.30364057494722374,30.48969883878582,99.61749865442795,0.24178427255102974,100.4070702190895,99.78561290589776,28.999999999999996,30.999999999999986,False
81,1,retail,normalizer,sell,0.30362585034845324,30.48822013275786,99.61749865442795,0.0,100.4070702190895,99.78561290589776,28.999999999999996,30.999999999999986,False
82,0,arb,submission,buy,0.2849520962603469,28.447242364798512,99.54824823535807,-0.08076035108785007,99.83777779095182,99.69191698064992,28.999999999999996,30.999999999999986,True
82,1,arb,normalizer,buy,0.2849668898563952,28.44871937723292,99.54824823535807,0.0,99.83777779095182,99.69191698064992,28.999999999999996,30.999999999999986,True
82,2,retail,submission,buy,0.09933734105448894,9.879081069435415,99.54824823535807,0.00977721689727673,99.3605535851093,99.69439909769876,28.999999999999996,30.999999999999986,False
82,3,retail,normalizer,buy,0.09934232274207047,9.87957649738928,99.54824823535807,0.0,99.3605535851093,99.69439909769876,28.999999999999996,30.999999999999986,False
82,4,retail,submission,buy,0.14141568756599515,14.030112582126094,99.54824823535807,0.047571388067432,99.3605535851093,99.69439909769876,28.999999999999996,30.999999999999986,False
82,5,retail,normalizer,buy,0.1414227794487503,14.030816180964393,99.54824823535807,0.0,99.3605535851093,99.69439909769876,28.999999999999996,30.999999999999986,False
83,0,retail,submission,buy,0.006452594086348577,0.6392330380585918,99.49061039623103,0.0027394862313387947,99.34781027404848,99.55492459389548,28.999999999999996,30.999999999999986,True
83,1,retail,normalizer,buy,0.006452917678705013,0.6392650950765528,99.49061039623103,0.0,99.34781027404848,99.55492459389548,28.999999999999996,30.999999999999986,True
84,0,retail,submission,sell,0.08583262683191606,8.561124543429152,99.43383804117872,0.026457028375480363,99.51801728694741,99.68361837020304,28.999999999999996,30.999999999999986,True
84,1,retail,normalizer,sell,0.08582882681561443,8.560745478844893,99.43383804117872,0.0,99.51801728694741,99.68361837020304,28.999999999999996,30.999999999999986,True
85,0,retail,submission,sell,0.028938326353767252,2.889674472926814,99.4773369390157,0.010966831781911601,99.57550090185421,99.74119763963698,28.999999999999996,30.999999999999986,True
85,1,retail,normalizer,sell,0.0289368750472363,2.889529550814276,99.4773369390157,0.0,99.57550090185421,99.74119763963698,28.999999999999996,30.999999999999986,True
87,0,retail,submission,sell,0.021474417680380498,2.1454350613634325,99.42576441344465,0.010324668158010475,99.61819027275165,99.78395804697848,28.999999999999996,30.999999999999986,True
87,1,retail,normalizer,sell,0.021473340701604116,2.1453274641267255,99.42576441344465,0.0,99.61819027275165,99.78395804697848,28.999999999999996,30.999999999999986,True
89,0,retail,submission,sell,0.17054780982411444,17.071555435449945,99.51823155850371,0.098939005578071,99.95820216950257,99.92375342217365,28.999999999999996,30.999999999999986,True
89,1,retail,normalizer,sell,0.17053925656003344,17.07069926777345,99.51823155850371,0.0,99.95820216950257,99.92375342217365,28.999999999999996,30.999999999999986,True
90,0,arb,submission,buy,0.0614224279736171,6.118124194905249,99.54637857434544,-0.003743926888096105,99.83590269215267,99.78395804697848,28.999999999999996,30.999999999999986,True
90,1,arb,normalizer,buy,0.06142601286618833,6.118481307268667,99.54637857434544,0.0,99.83590269215267,99.78395804697848,28.999999999999996,30.999999999999986,True
91,0,arb,submission,buy,0.034807649348950635,3.4637742641461955,99.47737264894643,-0.0012007588267755054,99.7666960675423,99.64435824837304,28.999999999999996,30.999999999999986,True
91,1,arb,normalizer,buy,0.03480939492449783,3.4639479696324997,99.47737264894643,0.0,99.7666960675423,99.64435824837304,28.999999999999996,30.999999999999986,True
91,2,retail,submission,sell,0.017043637571489967,1.7059654211759194,99.47737264894643,0.010509135183227603,99.80067279778089,99.64541631158968,28.999999999999996,30.999999999999986,False
91,3,retail,normalizer,sell,0.017043286380058476,1.705930260448794,99.47737264894643,0.0,99.80067279778089,99.64541631158968,28.999999999999996,30.999999999999986,False
92,0,retail,submission,buy,0.0029409869603744263,0.2926527177896787,99.70900155017213,0.0005901556013309661,99.74627174314237,99.65037056696332,28.999999999999996,30.999999999999986,False
92,1,retail,normalizer,buy,0.002941639453909097,0.29271764780787635,99.70900155017213,0.0,99.74627174314237,99.65037056696332,28.999999999999996,30.999999999999986,False
92,2,retail,submission,buy,0.024431609666405046,2.430486120396381,99.70900155017213,0.005565285704399958,99.74627174314237,99.65037056696332,28.999999999999996,30.999999999999986,False
92,3,retail,normalizer,buy,0.024432834891939845,2.4306080073165504,99.70900155017213,0.0,99.74627174314237,99.65037056696332,28.999999999999996,30.999999999999986,False
93,0,retail,submission,buy,0.058767205140214565,5.841391843228848,99.6566020307155,0.015148131886933314,99.75301460086551,99.51300671621802,28.999999999999996,30.999999999999986,False
93,1,retail,normalizer,buy,0.05877015226818472,5.841684784321842,99.6566020307155,0.0,99.75301460086551,99.51300671621802,28.999999999999996,30.999999999999986,False
93,2,retail,submission,buy,0.017931955883266563,1.7810551957609277,99.6566020307155,0.005982595330115803,99.75301460086551,99.51300671621802,28.999999999999996,30.999999999999986,False
93,3,retail,normalizer,buy,0.017932855156376,1.7811445142415323,99.6566020307155,0.0,99.75301460086551,99.51300671621802,28.999999999999996,30.999999999999986,False
93,4,retail,submission,sell,0.07986086296189399,7.98476552252432,99.6566020307155,0.02610328450134336,99.75301460086551,99.51300671621802,28.999999999999996,30.999999999999986,False
93,5,retail,normalizer,sell,0.07985736181544212,7.984415425621226,99.6566020307155,0.0,99.75301460086551,99.51300671621802,28.999999999999996,30.999999999999986,False
96,0,arb,submission,buy,0.05942053127653635,5.9066924451472005,99.34611993915667,-0.0034932181000106866,99.63506161784844,99.48949697144278,28.999999999999996,30.999999999999986,True
96,1,arb,normalizer,buy,0.05942401629428482,5.907038902729255,99.34611993915667,0.0,99.63506161784844,99.48949697144278,28.999999999999996,30.999999999999986,True
100,0,retail,submission,sell,0.010280736331949925,1.0276125230137756,99.35069861072829,0.0062141862018543215,99.65551378634169,99.62887981242562,28.999999999999996,30.999999999999986,True
100,1,retail,normalizer,sell,0.010280724644118777,1.0276113495850232,99.35069861072829,0.0,99.65551378634169,99.62887981242562,28.999999999999996,30.999999999999986,True
101,0,arb,submission,buy,0.027416947564745674,2.723583196706386,99.31230012895084,-0.0007430715366556484,99.60114344494119,99.48949697144278,28.999999999999996,30.999999999999986,True
101,1,arb,normalizer,buy,0.02741882787562551,2.723769999367505,99.31230012895084,0.0,99.60114344494119,99.48949697144278,28.999999999999996,30.999999999999986,True
102,0,arb,submission,buy,0.018728658207276087,1.8596395426447998,99.27529267715619,-0.00034651766704296705,99.56402835939845,99.41856749103023,28.999999999999996,30.999999999999986,True
102,1,arb,normalizer,buy,0.018729597434390167,1.8597328020696295,99.27529267715619,0.0,99.56402835939845,99.41856749103023,28.999999999999996,30.999999999999986,True
102,2,retail,submission,buy,0.15912759695681664,15.772467808876172,99.27529267715619,0.02497095202434707,99.24951615993987,99.41981010944468,28.999999999999996,30.999999999999986,False
102,3,retail,normalizer,buy,0.159135577077522,15.773258785420694,99.27529267715619,0.0,99.24951615993987,99.41981010944468,28.999999999999996,30.999999999999986,False
103,0,retail,submission,sell,0.08454049296399546,8.423789516360795,99.35915560828562,0.02391752074999509,99.36120539585457,99.55698697328033,28.999999999999996,30.999999999999986,False
103,1,retail,normalizer,sell,0.0845367580002403,8.42341731447804,99.35915560828562,0.0,99.36120539585457,99.55698697328033,28.999999999999996,30.999999999999986,False
103,2,retail,submission,buy,0.018210434452164873,1.8048481072419236,99.35915560828562,0.004525283185211393,99.36120539585457,99.55698697328033,28.999999999999996,30.999999999999986,False
103,3,retail,normalizer,buy,0.018211853669924317,1.8049887759243575,99.35915560828562,0.0,99.36120539585457,99.55698697328033,28.999999999999996,30.999999999999986,False
103,4,retail,submission,buy,0.009980210633411995,0.988868076046856,99.35915560828562,0.0027572252817931187,99.36120539585457,99.55698697328033,28.999999999999996,30.999999999999986,False
103,5,retail,normalizer,buy,0.00998071113293626,0.9889176669839799,99.35915560828562,0.0,99.36120539585457,99.55698697328033,28.999999999999996,30.999999999999986,False
105,0,retail,submission,buy,0.01477602716733205,1.4636912367459445,99.39625841518132,0.004990577927931561,99.33202736311486,99.41770471185018,28.999999999999996,30.999999999999986,True
105,1,retail,normalizer,buy,0.014776768173179732,1.4637646396804485,99.39625841518132,0.0,99.33202736311486,99.41770471185018,28.999999999999996,30.999999999999986,True
106,0,arb,submission,sell,0.013420342217258963,1.3373940497720402,99.66757437725408,-0.00017890633482031681,99.35860489668457,99.52394071275307,28.999999999999996,30.999999999999986,True
106,1,arb,normalizer,sell,0.013420173840870575,1.3373772636225374,99.66757437725408,0.0,99.35860489668457,99.52394071275307,28.999999999999996,30.999999999999986,True
106,2,retail,submission,sell,0.03805716363542899,3.7945046294752927,99.66757437725408,0.001439442253844181,99.43403102562745,99.52269679284136,28.999999999999996,30.999999999999986,False
106,3,retail,normalizer,sell,0.03805525500361284,3.7943143285827774,99.66757437725408,0.0,99.43403102562745,99.52269679284136,28.999999999999996,30.999999999999986,False
109,0,arb,submission,sell,0.07261590493453696,7.248193700438985,99.88784049439312,-0.005252229018056553,99.57818818886048,99.66212614612517,28.999999999999996,30.999999999999986,True
109,1,arb,normalizer,sell,0.07261226312283497,7.247830191139576,99.88784049439312,0.0,99.57818818886048,99.66212614612517,28.999999999999996,30.999999999999986,True
109,2,retail,submission,sell,0.06294823499591473,6.291715418677042,99.88784049439312,0.0039521620015365855,99.86063513366115,99.66094725366243,28.999999999999996,30.999999999999986,False
109,3,retail,normalizer,sell,0.06294507803436034,6.291399878396162,99.88784049439312,0.0,99.86063513366115,99.66094725366243,28.999999999999996,30.999999999999986,False
109,4,retail,submission,sell,0.07887189163714936,7.894467154724369,99.88784049439312,0.016124223381734915,99.86063513366115,99.66094725366243,28.999999999999996,30.999999999999986,False
109,5,retail,normalizer,sell,0.07886793607700326,7.894071233704411,99.88784049439312,0.0,99.86063513366115,99.66094725366243,28.999999999999996,30.999999999999986,False
110,0,retail,submission,sell,0.003730603792320153,0.3737128628471602,99.88725576174753,0.0010730876979318515,99.86808116560832,99.8005702931401,28.999999999999996,30.999999999999986,True
110,1,retail,normalizer,sell,0.00373041669615759,0.3736941205059887,99.88725576174753,0.0,99.86808116560832,99.8005702931401,28.999999999999996,30.999999999999986,True
111,0,retail,submission,buy,0.03614879499170083,3.5983453404587635,99.80944283212469,0.009645746715595926,99.85084115547444,99.66326010182661,28.999999999999996,30.999999999999986,False
111,1,retail,normalizer,buy,0.03615111265956776,3.598576065265661,99.80944283212469,0.0,99.85084115547444,99.66326010182661,28.999999999999996,30.999999999999986,False
111,2,retail,submission,sell,0.047203305755985525,4.727587258955778,99.80944283212469,0.016251611616438844,99.85084115547444,99.66326010182661,28.999999999999996,30.999999999999986,False
111,3,retail,normalizer,sell,0.0472014419312643,4.727400566174754,99.80944283212469,0.0,99.85084115547444,99.66326010182661,28.999999999999996,30.999999999999986,False
111,4,retail,submission,buy,0.019855130914458057,1.977193267452094,99.80944283212469,0.004536286478858953,99.85084115547444,99.66326010182661,28.999999999999996,30.999999999999986,False
111,5,retail,normalizer,buy,0.01985663141190193,1.9773426983920217,99.80944283212469,0.0,99.85084115547444,99.66326010182661,28.999999999999996,30.999999999999986,False
113,0,retail,submission,buy,0.06303725142300218,6.272129672293886,99.75052490525316,0.01586924573499804,99.73918065559491,99.58107930407068,28.999999999999996,30.999999999999986,False
113,1,retail,normalizer,buy,0.06304041269033722,6.272444214539064,99.75052490525316,0.0,99.73918065559491,99.58107930407068,28.999999999999996,30.999999999999986,False
113,2,retail,submission,sell,0.006852072680999299,0.6854983958884059,99.75052490525316,0.0020005492697805494,99.73918065559491,99.58107930407068,28.999999999999996,30.999999999999986,False
113,3,retail,normalizer,sell,0.006852232717861284,0.6855144029262646,99.75052490525316,0.0,99.73918065559491,99.58107930407068,28.999999999999996,30.999999999999986,False
114,0,retail,submission,buy,0.39835869481798813,39.46021431532063,99.86101415861818,0.3202889481071409,98.95256334848902,99.58570947938549,28.999999999999996,30.999999999999986,False
114,1,retail,normalizer,buy,0.398379177346483,39.46224345149494,99.86101415861818,0.0,98.95256334848902,99.58570947938549,28.999999999999996,30.999999999999986,False
115,0,arb,submission,sell,0.36056627697840327,35.91873686757286,99.97615891568682,-0.1292945392575362,99.66623282304818,99.72522711221173,28.999999999999996,30.999999999999986,True
115,1,arb,normalizer,sell,0.3605486996068805,35.91698567184227,99.97615891568682,0.0,99.66623282304818,99.72522711221173,28.999999999999996,30.999999999999986,True
115,2,retail,submission,buy,0.015486455067233444,1.538763342126913,99.97615891568682,0.009512950715461432,99.63551132579437,99.72483503926014,28.999999999999996,30.999999999999986,False
115,3,retail,normalizer,buy,0.015487737046358314,1.5388907297274272,99.97615891568682,0.0,99.63551132579437,99.72483503926014,28.999999999999996,30.999999999999986,False
116,0,arb,submission,sell,0.07184735821630284,7.185962286847426,100.08885045006282,-0.005157204896200973,99.77857501366763,99.8645475842769,28.999999999999996,30.999999999999986,True
116,1,arb,normalizer,sell,0.07184425885598955,7.185652261764421,100.08885045006282,0.0,99.77857501366763,99.8645475842769,28.999999999999996,30.999999999999986,True
119,0,retail,submission,buy,0.4563107623252793,45.19260759514509,99.8443945457941,0.36746419395217345,98.98962256020097,99.86109315603251,23.999999999999996,35.999999999999986,False
119,1,retail,normalizer,buy,0.4563341510034517,45.194924216137224,99.8443945457941,0.0,98.98962256020097,99.86109315603251,23.999999999999996,35.999999999999986,False
119,2,retail,submission,sell,0.05104181652501438,5.065165663176206,99.8443945457941,-0.031073604281363743,98.98962256020097,99.86109315603251,23.999999999999996,35.999999999999986,False
119,3,retail,normalizer,sell,0.05103976252534892,5.064961807795029,99.8443945457941,0.0,98.98962256020097,99.86109315603251,23.999999999999996,35.999999999999986,False
119,4,retail,submission,sell,0.005792861376860969,0.5752985985720641,99.8443945457941,-0.0030861382883345945,98.98962256020097,99.86109315603251,23.999999999999996,35.999999999999986,False
119,5,retail,normalizer,sell,0.015874730560767603,1.5763874695606637,99.8443945457941,0.0,98.98962256020097,99.86109315603251,23.999999999999996,35.999999999999986,False
120,0,arb,submission,sell,0.2412446508901951,24.024662801746768,99.82590754429455,-0.0578034135734633,99.4665342771351,99.72138544383152,23.999999999999996,35.999999999999986,True
120,1,arb,normalizer,sell,0.25629718520967515,25.51984752072925,99.82590754429455,0.0,99.4665342771351,99.72138544383152,23.999999999999996,35.999999999999986,True
120,2,retail,submission,buy,0.07883062029082072,7.816059930655683,99.82590754429455,0.05327828215517627,99.3106916868938,99.719824140067,23.999999999999996,35.999999999999986,False
120,3,retail,normalizer,buy,0.07887254321264414,7.820218006567302,99.82590754429455,0.0,99.3106916868938,99.719824140067,23.999999999999996,35.999999999999986,False
121,0,arb,submission,sell,0.08731265461635473,8.709987459895071,99.84317580879421,-0.0075852652981627244,99.48374037588253,99.6992806550555,23.999999999999996,35.999999999999986,True
121,1,arb,normalizer,sell,0.08730454380864217,8.709176778619938,99.84317580879421,0.0,99.48374037588253,99.6992806550555,23.999999999999996,35.999999999999986,True
121,2,retail,submission,buy,0.054889966950264775,5.444579989225531,99.84317580879421,0.03580863112865895,99.37515986494843,99.69803447060478,23.999999999999996,35.999999999999986,False
121,3,retail,normalizer,buy,0.05492468557371053,5.448024743978749,99.84317580879421,0.0,99.37515986494843,99.69803447060478,23.999999999999996,35.999999999999986,False
123,0,retail,submission,buy,0.008464289921707828,0.8390508001684793,99.6716606114058,0.004599032224525845,99.56944339595631,99.55743161247928,23.999999999999996,35.999999999999986,False
123,1,retail,normalizer,buy,0.00846683646636441,0.8393032348503766,99.6716606114058,0.0,99.56944339595631,99.55743161247928,23.999999999999996,35.999999999999986,False
123,2,retail,submission,sell,0.10635982616886963,10.617183034268837,99.6716606114058,0.016122537677146553,99.56944339595631,99.55743161247928,23.999999999999996,35.999999999999986,False
123,3,retail,normalizer,sell,0.1063459787883545,10.615798821444816,99.6716606114058,0.0,99.56944339595631,99.55743161247928,23.999999999999996,35.999999999999986,False
124,0,retail,submission,sell,0.02345028544351635,2.3439164644021906,99.60074664081897,0.008250525287633703,99.61605775368395,99.6969096285666,23.999999999999996,35.999999999999986,True
124,1,retail,normalizer,sell,0.02344322812722055,2.3432110674500013,99.60074664081897,0.0,99.61605775368395,99.6969096285666,23.999999999999996,35.999999999999986,True
127,0,retail,submission,buy,0.009420593403310343,0.9361023091387324,99.54901074079291,0.0017084447520517854,99.59737255927553,99.55743161247928,23.999999999999996,35.999999999999986,True
127,1,retail,normalizer,buy,0.009441620132607733,0.9381918558883626,99.54901074079291,0.0,99.59737255927553,99.55743161247928,23.999999999999996,35.999999999999986,True
128,0,retail,submission,sell,0.04446849462746627,4.446920529556623,99.60619697747717,0.01758289440133254,99.52713322265669,99.69768921670824,23.999999999999996,35.999999999999986,False
128,1,retail,normalizer,sell,0.044473251520741997,4.447395421129494,99.60619697747717,0.0,99.52713322265669,99.69768921670824,23.999999999999996,35.999999999999986,False
128,2,retail,submission,buy,0.04704063417159378,4.675839648305555,99.60619697747717,0.009699024935658329,99.52713322265669,99.69768921670824,23.999999999999996,35.999999999999986,False
128,3,retail,normalizer,buy,0.047072972802545604,4.6790549559500505,99.60619697747717,0.0,99.52713322265669,99.69768921670824,23.999999999999996,35.999999999999986,False
128,4,retail,submission,buy,0.032971431770325056,3.27475094852889,99.60619697747717,0.009407979015556123,99.52713322265669,99.69768921670824,23.999999999999996,35.999999999999986,False
128,5,retail,normalizer,buy,0.03298135147119705,3.275736181745742,99.60619697747717,0.0,99.52713322265669,99.69768921670824,23.999999999999996,35.999999999999986,False
131,0,retail,submission,sell,0.026991890391613538,2.696857754272069,99.7646940709429,0.004020066956321067,99.60390001678458,99.79525928062273,23.999999999999996,35.999999999999986,False
131,1,retail,normalizer,sell,0.027001913233561936,2.697858684251963,99.7646940709429,0.0,99.60390001678458,99.79525928062273,23.999999999999996,35.999999999999986,False
131,2,retail,submission,sell,0.011643030001167176,1.1637459416603901,99.7646940709429,0.002182615535136989,99.60390001678458,99.79525928062273,23.999999999999996,35.999999999999986,False
131,3,retail,normalizer,sell,0.011639526054636917,1.163395714652765,99.7646940709429,0.0,99.60390001678458,99.79525928062273,23.999999999999996,35.999999999999986,False
132,0,retail,submission,sell,0.028248815914281522,2.824654474742197,99.74926972292187,0.006855716755361563,99.6600860600985,99.87600840771672,23.999999999999996,35.999999999999986,True
132,1,retail,normalizer,sell,0.02824031448984954,2.823804400646965,99.74926972292187,0.0,99.6600860600985,99.87600840771672,23.999999999999996,35.999999999999986,True
133,0,retail,submission,buy,0.027088318468619695,2.692418708911646,99.61085816163744,0.0058719399032947095,99.60633653200784,99.73627982877352,23.999999999999996,35.999999999999986,True
133,1,retail,normalizer,buy,0.027114656645624412,2.6950370560243755,99.61085816163744,0.0,99.60633653200784,99.73627982877352,23.999999999999996,35.999999999999986,True
136,0,retail,submission,buy,0.022692912401942163,2.2544236497105885,99.6222561789081,0.0062954830412143,101.43674081775269,99.5971375931238,23.999999999999996,35.999999999999986,False
136,1,retail,normalizer,buy,0.022699739733701062,2.2551019098591496,99.6222561789081,0.0,101.43674081775269,99.5971375931238,23.999999999999996,35.999999999999986,False
136,2,retail,submission,sell,0.9757253307002429,98.45403886784021,99.6222561789081,1.250080012570777,101.43674081775269,99.5971375931238,23.999999999999996,35.999999999999986,False
136,3,retail,normalizer,sell,0.9754498309997643,98.42622217782395,99.6222561789081,0.0,101.43674081775269,99.5971375931238,23.999999999999996,35.999999999999986,False
136,4,retail,submission,buy,0.04505913740318233,4.56174770636062,99.6222561789081,-0.07285477678017038,101.43674081775269,99.5971375931238,23.999999999999996,35.999999999999986,False
136,5,retail,normalizer,buy,0.045090714084831736,4.564945328665999,99.6222561789081,0.0,101.43674081775269,99.5971375931238,23.999999999999996,35.999999999999986,False
137,0,arb,submission,buy,0.7822051071644187,78.53667996864351,99.62126554758497,-0.6124172751397907,99.86093178386626,99.73667123651406,23.999999999999996,35.999999999999986,True
137,1,arb,normalizer,buy,0.782440439398754,78.56030831395219,99.62126554758497,0.0,99.86093178386626,99.73667123651406,23.999999999999996,35.999999999999986,True
138,0,retail,submission,buy,0.22429926491267402,22.29512355355837,99.64450138955708,0.055064860709208574,99.41583654750724,99.5971375931238,23.999999999999996,35.999999999999986,True
138,1,retail,normalizer,buy,0.22436674701765427,22.301831207587384,99.64450138955708,0.0,99.41583654750724,99.5971375931238,23.999999999999996,35.999999999999986,True
139,0,retail,submission,buy,0.3635471538313665,35.92569054742671,99.73642579158624,0.3332031824177619,98.70071511321012,99.59349181513693,23.999999999999996,35.999999999999986,False
139,1,retail,normalizer,buy,0.3636565297011941,35.93649905909115,99.73642579158624,0.0,98.70071511321012,99.59349181513693,23.999999999999996,35.999999999999986,False
140,0,arb,submission,sell,0.3558893841944979,35.37853696637069,99.76152763617776,-0.12553167037099655,99.40238613668751,99.61775015474123,23.999999999999996,35.999999999999986,True
140,1,arb,normalizer,sell,0.35580050180537626,35.36969486972015,99.76152763617776,0.0,99.40238613668751,99.61775015474123,23.999999999999996,35.999999999999986,True
142,0,arb,submission,sell,0.046483656496874914,4.639430705617556,99.85406002283241,-0.0021511203021153946,99.49458540675022,99.71014918263711,23.999999999999996,35.999999999999986,True
142,1,arb,normalizer,sell,0.046469667333738585,4.638034478257953,99.85406002283241,0.0,99.49458540675022,99.71014918263711,23.999999999999996,35.999999999999986,True
143,0,arb,submission,sell,0.007377074040320508,0.7366850023024591,99.86875698332976,-5.4212278340237674e-05,99.50922945818976,99.7248249617028,23.999999999999996,35.999999999999986,True
143,1,arb,normalizer,sell,0.007374853924687841,0.736463298430101,99.86875698332976,0.0,99.50922945818976,99.7248249617028,23.999999999999996,35.999999999999986,True
144,0,retail,submission,buy,0.07678730695146055,7.616886807254559,99.84992239922177,0.05031983309399912,99.35732401314746,99.72015065301449,23.999999999999996,35.999999999999986,False
144,1,retail,normalizer,buy,0.07682861122112977,7.620985348134127,99.84992239922177,0.0,99.35732401314746,99.72015065301449,23.999999999999996,35.999999999999986,False
145,0,arb,submission,sell,0.12168480780667323,12.148694665008696,99.95864162970148,-0.014753430317654193,99.59879051983454,99.81458006527009,23.999999999999996,35.999999999999986,True
145,1,arb,normalizer,sell,0.12166634850501623,12.146849536738472,99.95864162970148,0.0,99.59879051983454,99.81458006527009,23.999999999999996,35.999999999999986,True
145,2,retail,submission,buy,0.35788340576838873,35.432956648715844,99.95864162970148,0.3405824537035613,98.89280991385881,99.81333243964217,23.999999999999996,35.999999999999986,False
145,3,retail,normalizer,buy,0.3580092717079464,35.445424674415335,99.95864162970148,0.0,98.89280991385881,99.81333243964217,23.999999999999996,35.999999999999986,False
146,0,arb,submission,sell,0.4167550323004292,41.535121699656436,100.07792017308684,-0.1728551546381425,99.7176396604637,99.93368670302242,23.999999999999996,35.999999999999986,True
146,1,arb,normalizer,sell,0.41664781481053126,41.524428546812416,100.07792017308684,0.0,99.7176396604637,99.93368670302242,23.999999999999996,35.999999999999986,True
146,2,retail,submission,buy,0.03196425973992112,3.1787385838069895,100.07792017308684,0.020178050836649586,99.74125125577372,99.93119848257737,23.999999999999996,35.999999999999986,False
146,3,retail,normalizer,buy,0.03199205963053195,3.1815037659507652,100.07792017308684,0.0,99.74125125577372,99.93119848257737,23.999999999999996,35.999999999999986,False
146,4,retail,submission,sell,0.043741417505060554,4.376674684335053,100.07792017308684,-0.0008754049940602471,99.74125125577372,99.93119848257737,23.999999999999996,35.999999999999986,False
146,5,retail,normalizer,sell,0.04374638804119968,4.377171233136283,100.07792017308684,0.0,99.74125125577372,99.93119848257737,23.999999999999996,35.999999999999986,False
148,0,retail,submission,sell,0.012913079238501268,1.2927868356933125,100.099172194197,0.00019829344126387483,99.76698221925865,99.98313616681372,23.999999999999996,35.999999999999986,True
148,1,retail,normalizer,sell,0.012909193073213032,1.2923977740898411,100.099172194197,0.0,99.76698221925865,99.98313616681372,23.999999999999996,35.999999999999986,True
150,0,arb,submission,sell,0.002366387288788019,0.23694590417878728,100.13217445642728,-5.6006536065800194e-06,99.77169862838412,99.97844975054528,23.999999999999996,35.999999999999986,False
150,1,arb,normalizer,sell,0.0023656751292975287,0.23687459578575137,100.13217445642728,0.0,99.77169862838412,99.97844975054528,23.999999999999996,35.999999999999986,False
150,2,retail,submission,sell,0.03505240201417337,3.5111025536970915,100.13217445642728,0.001229320097060782,99.84160020329558,99.97723756662919,23.999999999999996,35.999999999999986,False
150,3,retail,normalizer,sell,0.035041853064129214,3.510045894429426,100.13217445642728,0.0,99.84160020329558,99.97723756662919,23.999999999999996,35.999999999999986,False
153,0,retail,submission,sell,0.07249462014956976,7.269395494183396,100.11706000105177,0.01144725891546372,100.88241275184059,100.11561962203777,26.999999999999996,32.999999999999986,False
153,1,retail,normalizer,sell,0.07247280303911907,7.267207784198325,100.11706000105177,0.0,100.88241275184059,100.11561962203777,26.999999999999996,32.999999999999986,False
153,2,retail,submission,sell,0.01397328603167125,1.402382416935101,100.11706000105177,0.003418100890411724,100.88241275184059,100.11561962203777,26.999999999999996,32.999999999999986,False
153,3,retail,normalizer,sell,0.01396908079929915,1.4019603727627108,100.11706000105177,0.0,100.88241275184059,100.11561962203777,26.999999999999996,32.999999999999986,False
153,4,retail,submission,sell,0.409540924735893,41.2770160793768,100.11706000105177,0.27498274470717377,100.88241275184059,100.11561962203777,26.999999999999996,32.999999999999986,False
153,5,retail,normalizer,sell,0.4094176742165416,41.264593844229886,100.11706000105177,0.0,100.88241275184059,100.11561962203777,26.999999999999996,32.999999999999986,False
153,6,retail,submission,sell,0.021593018259309815,2.185752147246589,100.11706000105177,0.02392264257546195,100.88241275184059,100.11561962203777,26.999999999999996,32.999999999999986,False
153,7,retail,normalizer,sell,0.02158651988379745,2.185094349526061,100.11706000105177,0.0,100.88241275184059,100.11561962203777,26.999999999999996,32.999999999999986,False
154,0,arb,submission,buy,0.16422147936346895,16.495193560493135,100.27984002479009,-0.02708988129010237,100.5513286120426,100.25587964861809,26.999999999999996,32.999999999999986,True
154,1,arb,normalizer,buy,0.17927836103933292,18.010290528212863,100.27984002479009,0.0,100.5513286120426,100.25587964861809,26.999999999999996,32.999999999999986,True
154,2,retail,submission,buy,0.318595459270074,31.8472332406036,100.27984002479009,0.10146844762394736,99.91364477785419,100.25826741731098,26.999999999999996,32.999999999999986,False
154,3,retail,normalizer,buy,0.3186433887830777,31.852024339585114,100.27984002479009,0.0,99.91364477785419,100.25826741731098,26.999999999999996,32.999999999999986,False
155,0,arb,submission,sell,0.009743238123050446,0.9768006920808843,100.26397999552418,-9.514018027423354e-05,99.93310886153898,100.1528260527761,26.999999999999996,32.999999999999986,True
155,1,arb,normalizer,sell,0.009746300526202845,0.9771076666704901,100.26397999552418,0.0,99.93310886153898,100.1528260527761,26.999999999999996,32.999999999999986,True
156,0,arb,submission,sell,0.0016896630634306575,0.1694152051790791,100.26736719480742,-2.861637425827235e-06,99.93648488306457,100.14921561788931,26.999999999999996,32.999999999999986,False
156,1,arb,normalizer,sell,0.0016894088322203515,0.16938971451619056,100.26736719480742,0.0,99.93648488306457,100.14921561788931,26.999999999999996,32.999999999999986,False
157,0,arb,submission,sell,0.007386151880254488,0.7406446904993026,100.28217593040114,-5.469180504114046e-05,99.9512447498308,100.13765461257901,26.999999999999996,32.999999999999986,True
157,1,arb,normalizer,sell,0.007385040540086152,0.7405332511180652,100.28217593040114,0.0,99.9512447498308,100.13765461257901,26.999999999999996,32.999999999999986,True
157,2,retail,submission,sell,0.041810441546829225,4.194595406207097,100.28217593040114,0.001753351280215476,100.15836088796124,100.13516142629192,26.999999999999996,32.999999999999986,False
157,3,retail,normalizer,sell,0.041804150636039594,4.193964276169505,100.28217593040114,0.0,100.15836088796124,100.13516142629192,26.999999999999996,32.999999999999986,False
157,4,retail,submission,sell,0.06166262596464378,6.192654339552452,100.28217593040114,0.008992034235522972,100.15836088796124,100.13516142629192,26.999999999999996,32.999999999999986,False
157,5,retail,normalizer,sell,0.06165334804106237,6.191722576222506,100.28217593040114,0.0,100.15836088796124,100.13516142629192,26.999999999999996,32.999999999999986,False
158,0,retail,submission,sell,0.047348249475504645,4.760280232670276,100.42349504596429,0.0054035360318538395,100.25334993080595,100.2754488305581,26.999999999999996,32.999999999999986,True
158,1,retail,normalizer,sell,0.047341125331300304,4.759563988181187,100.42349504596429,0.0,100.25334993080595,100.2754488305581,26.999999999999996,32.999999999999986,True
164,0,retail,submission,buy,0.006432131669461313,0.64306036860944,100.1416271335197,0.0010637627074584488,100.24047285533625,100.13516142629192,26.999999999999996,32.999999999999986,True
164,1,retail,normalizer,buy,0.006437633640691156,0.6436104641670681,100.1416271335197,0.0,100.24047285533625,100.13516142629192,26.999999999999996,32.999999999999986,True
165,0,retail,submission,buy,0.00929891615375918,0.9295247014324559,100.17377936535269,0.0019828736911301492,100.22186088619968,100.09551417266981,26.999999999999996,32.999999999999986,True
165,1,retail,normalizer,buy,0.009300315083076112,0.9296645391659695,100.17377936535269,0.0,100.22186088619968,100.09551417266981,26.999999999999996,32.999999999999986,True
166,0,retail,submission,sell,0.12710520455799212,12.797181006433073,100.21313575019522,0.05956988750667591,100.25603062839154,100.10141948416351,26.999999999999996,32.999999999999986,False
166,1,retail,normalizer,sell,0.12709060139738426,12.79571015463396,100.21313575019522,0.0,100.25603062839154,100.10141948416351,26.999999999999996,32.999999999999986,False
166,2,retail,submission,buy,0.11037941053271515,11.048500721339224,100.21313575019522,0.01296613040228678,100.25603062839154,100.10141948416351,26.999999999999996,32.999999999999986,False
166,3,retail,normalizer,buy,0.11040054527816918,11.050616718059246,100.21313575019522,0.0,100.25603062839154,100.10141948416351,26.999999999999996,32.999999999999986,False
167,0,retail,submission,buy,0.0700127051792275,6.995353424503264,100.26775819357985,0.0246635688859147,98.87628241480684,99.99103003187068,26.999999999999996,32.999999999999986,False
167,1,retail,normalizer,buy,0.07002323789322931,6.996405805737595,100.26775819357985,0.0,98.87628241480684,99.99103003187068,26.999999999999996,32.999999999999986,False
167,2,retail,submission,buy,0.6262761486510904,62.142609549377084,100.26775819357985,0.6526958859769181,98.87628241480684,99.99103003187068,26.999999999999996,32.999999999999986,False
167,3,retail,normalizer,buy,0.6263703656586563,62.15195828591459,100.26775819357985,0.0,98.87628241480684,99.99103003187068,26.999999999999996,32.999999999999986,False
168,0,arb,submission,sell,0.4857923508206028,48.42630227519827,100.16906076525746,-0.23506123344795782,99.83850286473212,100.02470246297203,26.999999999999996,32.999999999999986,True
168,1,arb,normalizer,sell,0.4857238092943845,48.41946750819803,100.16906076525746,0.0,99.83850286473212,100.02470246297203,26.999999999999996,32.999999999999986,True
169,0,retail,submission,buy,0.6480127509444894,64.10797052298585,100.04872089662577,0.724876333714036,98.56148902985878,100.02001431031712,23.999999999999996,35.999999999999986,False
169,1,retail,normalizer,buy,0.6481147817391283,64.1180673430772,100.04872089662577,0.0,98.56148902985878,100.02001431031712,23.999999999999996,35.999999999999986,False
170,0,arb,submission,sell,0.639037472228793,63.61564140382777,100.18475324240903,-0.40617006406666434,99.82408813073634,100.04036580327458,23.999999999999996,35.999999999999986,True
170,1,arb,normalizer,sell,0.6540076658011174,65.09610964301868,100.18475324240903,0.0,99.82408813073634,100.04036580327458,23.999999999999996,35.999999999999986,True
171,0,arb,submission,sell,0.050352504220938954,5.047092311640141,100.28563164665509,-0.002540379147588645,99.92460337272713,100.1410988203835,23.999999999999996,35.999999999999986,True
171,1,arb,normalizer,sell,0.050337350735830455,5.045573399336813,100.28563164665509,0.0,99.92460337272713,100.1410988203835,23.999999999999996,35.999999999999986,True
172,0,retail,submission,buy,0.04014415633254533,4.000160193369084,100.26627448265552,0.02494480434453994,99.84464633568707,100.00099937452997,23.999999999999996,35.999999999999986,True
172,1,retail,normalizer,buy,0.040174398365716256,4.00317438246384,100.26627448265552,0.0,99.84464633568707,100.00099937452997,23.999999999999996,35.999999999999986,True
173,0,arb,submission,sell,0.10998031407488895,11.032744211837688,100.42599042743493,-0.012137756653396892,100.06445686189618,100.1410988203835,23.999999999999996,35.999999999999986,True
173,1,arb,normalizer,sell,0.10996533284151155,11.031239362420168,100.42599042743493,0.0,100.06445686189618,100.1410988203835,23.999999999999996,35.999999999999986,True
175,0,retail,submission,sell,0.9724422384272913,98.61778494411575,100.16732368424691,1.210848483335667,102.04000091933693,100.14060664642018,26.999999999999996,38.999999999999986,False
175,1,retail,normalizer,sell,0.972149583887358,98.58810611966635,100.16732368424691,0.0,102.04000091933693,100.14060664642018,26.999999999999996,38.999999999999986,False
176,0,arb,submission,buy,0.7592006120621771,76.67324173384804,100.22551098805019,-0.5819724474758772,100.4968524897726,100.28090167933335,28.999999999999996,40.999999999999986,True
176,1,arb,normalizer,buy,0.7742614932951698,78.20604548578558,100.22551098805019,0.0,100.4968524897726,100.28090167933335,28.999999999999996,40.999999999999986,True
176,2,retail,normalizer,sell,0.03568884679296502,3.599779569983208,100.22551098805019,0.0,100.4968524897726,100.28090167933335,28.999999999999996,40.999999999999986,True
177,0,arb,submission,buy,0.01653608431426436,1.656731293478515,100.17229384420065,-0.00027379651754833034,100.46363839554775,100.34102916298475,28.999999999999996,40.999999999999986,True
177,1,arb,normalizer,buy,0.06236550171241415,6.25119144994278,100.17229384420065,0.0,100.46363839554775,100.34102916298475,28.999999999999996,40.999999999999986,True
177,2,retail,submission,buy,0.011060349767248468,1.1078181507818954,100.17229384420065,0.0001224561225545706,100.44143195648685,100.34249277737855,28.999999999999996,40.999999999999986,False
177,3,retail,normalizer,buy,0.01106090443487767,1.107873706969258,100.17229384420065,0.0,100.44143195648685,100.34249277737855,28.999999999999996,40.999999999999986,False
179,0,retail,submission,buy,0.0071548393069179655,0.7165070137652947,100.2525855452654,0.0007841259141261325,100.42707073551276,100.30450613136271,28.999999999999996,38.999999999999986,True
179,1,retail,normalizer,buy,0.007155198116341637,0.7165429460146697,100.2525855452654,0.0,100.42707073551276,100.30450613136271,28.999999999999996,38.999999999999986,True
183,0,retail,submission,sell,0.021935033336845322,2.2119822128260753,100.44936701401198,0.008621998708711498,100.47123669854348,100.44503078425129,28.999999999999996,38.999999999999986,True
183,1,retail,normalizer,sell,0.061970639351301315,6.246762265829659,100.44936701401198,0.0,100.47123669854348,100.44503078425129,28.999999999999996,38.999999999999986,True
184,0,retail,normalizer,buy,0.0326589284842695,3.273326091164563,100.39512189757481,0.0,100.47123669854348,100.44503078425129,28.999999999999996,38.999999999999986,True
188,0,retail,normalizer,sell,0.01643623200767763,1.6570250244510676,100.44123448471208,0.0,100.47123669854348,100.44503078425129,28.999999999999996,38.999999999999986,True
190,0,retail,submission,buy,0.018002885377750997,1.8032022700026573,100.65707584653464,0.00891552892209413,100.77157068587479,100.30910364877874,28.999999999999996,33.999999999999986,False
190,1,retail,normalizer,buy,0.04198772631465143,4.206576557688095,100.65707584653464,0.0,100.77157068587479,100.30910364877874,28.999999999999996,33.999999999999986,False
190,2,retail,submission,sell,0.16672895699058188,16.835757271190836,100.65707584653464,0.05330800157622306,100.77157068587479,100.30910364877874,28.999999999999996,33.999999999999986,False
190,3,retail,normalizer,sell,0.19670196672507245,19.85635778148962,100.65707584653464,0.0,100.77157068587479,100.30910364877874,28.999999999999996,33.999999999999986,False
191,0,retail,submission,sell,0.06801995987891019,6.882562471076923,100.64333897814059,0.036806591704242386,100.90932918503069,100.31439080787938,28.999999999999996,30.999999999999986,False
191,1,retail,normalizer,sell,0.053014750675558275,5.365076145104082,100.64333897814059,0.0,100.90932918503069,100.31439080787938,28.999999999999996,30.999999999999986,False
192,0,arb,submission,buy,0.024968328244883417,2.5116024729577475,100.56638483406408,-0.0006279660195698256,100.85887557322643,100.45492930900657,28.999999999999996,30.999999999999986,True
192,1,arb,normalizer,buy,0.03999422673519087,4.023686167471169,100.56638483406408,0.0,100.85887557322643,100.45492930900657,28.999999999999996,30.999999999999986,True
193,0,arb,submission,buy,0.07022783754434407,7.057596535129051,100.42508879953922,-0.004959713538682742,100.71716858844572,100.57002300741742,28.999999999999996,30.999999999999986,True
193,1,arb,normalizer,buy,0.07023135941378933,7.057950467906267,100.42508879953922,0.0,100.71716858844572,100.57002300741742,28.999999999999996,30.999999999999986,True
193,2,retail,submission,sell,0.01720929270575766,1.7389614182465998,100.42508879953922,0.01071667009362387,100.94903917699204,100.57252698744176,28.999999999999996,30.999999999999986,False
193,3,retail,normalizer,sell,0.017208930824637036,1.738924842203573,100.42508879953922,0.0,100.94903917699204,100.57252698744176,28.999999999999996,30.999999999999986,False
193,4,retail,submission,sell,0.09729224616449983,9.842478979123126,100.42508879953922,0.07189651854660006,100.94903917699204,100.57252698744176,28.999999999999996,30.999999999999986,False
193,5,retail,normalizer,sell,0.09728736679208794,9.841985361983,100.42508879953922,0.0,100.94903917699204,100.57252698744176,28.999999999999996,30.999999999999986,False
194,0,arb,submission,buy,0.09770081169335183,9.824584767151464,100.45953384422421,-0.00960676823500961,100.75171381428564,100.60451776343767,28.999999999999996,30.999999999999986,True
194,1,arb,normalizer,buy,0.0977062134350652,9.825128004171347,100.45953384422421,0.0,100.75171381428564,100.60451776343767,28.999999999999996,30.999999999999986,True
194,2,retail,submission,sell,0.12245079204340925,12.390720634756956,100.45953384422421,0.08937114722002448,100.99983938354728,100.60577520487446,28.999999999999996,30.999999999999986,False
194,3,retail,normalizer,sell,0.12244515203532558,12.39014986347049,100.45953384422421,0.0,100.99983938354728,100.60577520487446,28.999999999999996,30.999999999999986,False
195,0,arb,submission,buy,0.10998550660734935,11.064109663477211,100.48532115218657,-0.01218070995177456,100.7775761229431,100.63034228782773,28.999999999999996,30.999999999999986,True
195,1,arb,normalizer,buy,0.10999152429034346,11.064715074389824,100.48532115218657,0.0,100.7775761229431,100.63034228782773,28.999999999999996,30.999999999999986,True
198,0,retail,submission,buy,0.00560475994890008,0.5631645088396908,100.8601946462896,0.002132670552099425,100.76626944438947,100.61905212808415,28.999999999999996,30.999999999999986,True
198,1,retail,normalizer,buy,0.005605041023093779,0.5631927510858077,100.8601946462896,0.0,100.76626944438947,100.61905212808415,28.999999999999996,30.999999999999986,True
199,0,retail,submission,sell,0.6067636806529322,61.70728920247109,100.83770365136854,0.52263298637709,102.00507838156389,100.62376829575909,31.999999999999996,30.999999999999986,False
199,1,retail,normalizer,sell,0.6067337514896138,61.70424512464811,100.83770365136854,0.0,102.00507838156389,100.62376829575909,31.999999999999996,30.999999999999986,False
200,0,arb,submission,buy,0.4281254386814293,43.344401997917885,100.8078007716699,-0.18601807003657456,101.13142131989358,100.7647402287008,34.0,30.999999999999986,True
200,1,arb,normalizer,buy,0.4430254760315386,44.859665229947495,100.8078007716699,0.0,101.13142131989358,100.7647402287008,34.0,30.999999999999986,True
200,2,retail,submission,sell,0.15377021907913502,15.623518669254175,100.8078007716699,0.12228105970869763,101.29689938754758,100.77049267336001,36.0,27.999999999999986,False
200,3,retail,normalizer,sell,0.16872487208014775,17.140377377024656,100.8078007716699,0.0,101.29689938754758,100.77049267336001,36.0,27.999999999999986,False
200,4,retail,submission,buy,0.07277747676428374,7.350958100789285,100.8078007716699,-0.014420722470533498,101.29689938754758,100.77049267336001,36.0,27.999999999999986,False
200,5,retail,normalizer,buy,0.10772851866882134,10.885042825202618,100.8078007716699,0.0,101.29689938754758,100.77049267336001,36.0,27.999999999999986,False
201,0,arb,submission,buy,0.061207974798489606,6.174067668360294,100.80843644938443,-0.0037874306912311084,101.17265801825012,100.91167016428737,36.0,27.999999999999986,True
201,1,arb,normalizer,buy,0.06118955438129786,6.172209595084496,100.80843644938443,0.0,101.17265801825012,100.91167016428737,36.0,27.999999999999986,True
202,0,retail,submission,buy,0.17406805082894253,17.516968745612758,100.8340520938769,0.035018159552446804,100.82057733310769,100.77049267336001,34.0,27.999999999999986,True
202,1,retail,normalizer,buy,0.17401566539841803,17.511697049027134,100.8340520938769,0.0,100.82057733310769,100.77049267336001,34.0,27.999999999999986,True
203,0,retail,submission,buy,0.012218394656941082,1.227527174154602,100.76967670925168,0.0037165053313987784,100.65769960649237,100.63060065769727,34.0,25.999999999999986,False
203,1,retail,normalizer,buy,0.002189154307396435,0.2199124206763372,100.76967670925168,0.0,100.65769960649237,100.63060065769727,34.0,25.999999999999986,False
203,2,retail,submission,buy,0.06860063824158079,6.8864283455022814,100.76967670925168,0.026435792150142134,100.65769960649237,100.63060065769727,34.0,25.999999999999986,False
203,3,retail,normalizer,buy,0.0685868754491565,6.885046776958916,100.76967670925168,0.0,100.65769960649237,100.63060065769727,34.0,25.999999999999986,False
204,0,retail,submission,buy,0.05317755308506847,5.331695979293727,100.85848632028897,0.03171153108309177,100.55074402314673,100.48981638875951,34.0,25.999999999999986,True
204,1,retail,normalizer,buy,0.05316688450172648,5.3306263241556735,100.85848632028897,0.0,100.55074402314673,100.48981638875951,34.0,25.999999999999986,True
205,0,arb,submission,sell,0.14854257434242868,14.997340069424638,101.11385342474547,-0.022372019970053003,100.85095740584113,100.490434159421,34.0,25.999999999999986,False
205,1,arb,normalizer,sell,0.14858039701918813,15.001157562213175,101.11385342474547,0.0,100.85095740584113,100.490434159421,34.0,25.999999999999986,False
205,2,retail,submission,sell,0.37713946354324435,38.27900260455134,101.11385342474547,0.14497816715258693,101.61924665070352,100.490593956717,37.0,22.999999999999986,False
205,3,retail,normalizer,sell,0.37721511081380754,38.286680671544104,101.11385342474547,0.0,101.61924665070352,100.490593956717,37.0,22.999999999999986,False
206,0,arb,submission,buy,0.06633084412048205,6.7110797864806955,101.10849701326339,-0.004467831837696501,101.48398776800502,100.49118840488894,40.0,24.999999999999986,False
206,1,arb,normalizer,buy,0.08129765494111589,8.226598604627725,101.10849701326339,0.0,101.48398776800502,100.49118840488894,40.0,24.999999999999986,False
207,0,arb,normalizer,buy,0.00657267810743053,0.6645097532255022,101.09515386128358,0.0,101.48398776800502,100.49118840488894,40.0,24.999999999999986,False
208,0,arb,submission,buy,0.04232223826250392,4.276033592837848,100.99226174670318,-0.0018150285247156006,101.39785315934057,100.63197459599449,43.0,26.999999999999986,True
208,1,arb,normalizer,buy,0.050727174963278394,5.125661180347379,100.99226174670318,0.0,101.39785315934057,100.63197459599449,43.0,26.999999999999986,True
208,2,retail,normalizer,buy,0.007857240835157897,0.7934579646334896,100.99226174670318,0.0,101.39785315934057,100.63197459599449,43.0,26.999999999999986,True
209,0,arb,submission,buy,0.07660721403043119,7.728469302868689,100.8069251774055,-0.005931610053522718,101.2422669251838,100.77295802580247,45.0,26.999999999999986,True
209,1,arb,normalizer,buy,0.08371200749878714,8.445838069226738,100.8069251774055,0.0,101.2422669251838,100.77295802580247,45.0,26.999999999999986,True
209,2,retail,submission,sell,0.10786428852254915,10.961887241046645,100.8069251774055,0.0884199786399531,101.46238613355256,100.77605661691196,45.0,26.999999999999986,False
209,3,retail,normalizer,sell,0.15778689646548116,16.027308114618705,100.8069251774055,0.0,101.46238613355256,100.77605661691196,45.0,26.999999999999986,False
210,0,arb,submission,buy,0.04891625825090442,4.938403729840502,100.90678972965523,-0.002421144154976851,101.36292288262706,100.9172419028155,45.0,26.999999999999986,True
210,1,arb,normalizer,buy,0.10889025192053499,10.99977956413386,100.90678972965523,0.0,101.36292288262706,100.9172419028155,45.0,26.999999999999986,True
210,2,retail,submission,buy,0.0406298263222348,4.098156502865095,100.90678972965523,0.0016688385850640586,101.28041989061094,100.92007031078029,45.0,24.999999999999986,False
210,3,retail,normalizer,buy,0.04059925075564559,4.095072476464338,100.90678972965523,0.0,101.28041989061094,100.92007031078029,45.0,24.999999999999986,False
211,0,arb,submission,buy,0.008977674423943252,0.9050895468772069,100.8065234827154,-8.139923979799679e-05,101.26220339800643,100.97634274935541,45.0,24.999999999999986,True
211,1,arb,normalizer,buy,0.008970918365470417,0.9044084308552556,100.8065234827154,0.0,101.26220339800643,100.97634274935541,45.0,24.999999999999986,True
211,2,retail,submission,sell,0.015615328523040262,1.5854547185009003,100.8065234827154,0.011327737052726494,101.2940347111494,100.97781576605496,45.0,21.999999999999982,False
211,3,retail,normalizer,sell,0.06554374175144062,6.6514430045943485,100.8065234827154,0.0,101.2940347111494,100.97781576605496,45.0,21.999999999999982,False
212,0,arb,submission,buy,0.06817902720141522,6.870358030062562,100.70058751335023,-0.004689934791362482,101.1557885618787,100.86294881837219,45.0,21.999999999999982,True
212,1,arb,normalizer,buy,0.11819457354281536,11.916375540384252,100.70058751335023,0.0,101.1557885618787,100.86294881837219,45.0,21.999999999999982,True
213,0,arb,submission,buy,0.06409287924982626,6.45005146083713,100.57146840192148,-0.0041364805750596645,101.02608578796735,100.73362152595911,45.0,21.999999999999982,True
213,1,arb,normalizer,buy,0.06404464679905651,6.445197539571382,100.57146840192148,0.0,101.02608578796735,100.73362152595911,45.0,21.999999999999982,True
213,2,retail,submission,buy,0.04351311858964943,4.374273717205142,100.57146840192148,0.0019045141028479762,100.9381717553808,100.73502799516103,45.0,21.999999999999982,False
213,3,retail,normalizer,buy,0.04348037323047675,4.370981901571213,100.57146840192148,0.0,100.9381717553808,100.73502799516103,45.0,21.999999999999982,False
214,0,arb,submission,buy,0.020576380613587002,2.0671705839431525,100.44260425743187,-0.00042532892233992925,100.89663913353279,100.60454961157279,43.0,19.999999999999982,True
214,1,arb,normalizer,buy,0.02056089606561663,2.065614955541605,100.44260425743187,0.0,100.89663913353279,100.60454961157279,43.0,19.999999999999982,True
218,0,arb,submission,buy,0.02789367947882657,2.801495124500434,100.40675287124307,-0.0007813424002303115,100.84036644696502,100.55895480587388,43.0,19.999999999999982,True
218,1,arb,normalizer,buy,0.017838885197472037,1.7914642833620746,100.40675287124307,0.0,100.84036644696502,100.55895480587388,43.0,19.999999999999982,True
218,2,retail,submission,buy,0.06331137672582705,6.352868171263253,100.40675287124307,0.004021585585033627,100.65122634386768,100.56158444498921,40.0,19.999999999999982,False
218,3,retail,normalizer,buy,0.06327008703836699,6.348725030569767,100.40675287124307,0.0,100.65122634386768,100.56158444498921,40.0,19.999999999999982,False
218,4,retail,submission,buy,0.030605213639618784,3.0690690554547473,100.40675287124307,0.003901067030053884,100.65122634386768,100.56158444498921,40.0,19.999999999999982,False
218,5,retail,normalizer,buy,0.015526897648666976,1.556791742948917,100.40675287124307,0.0,100.65122634386768,100.56158444498921,40.0,19.999999999999982,False
219,0,retail,submission,sell,0.003788777794156317,0.3821238749165249,100.28999366609379,0.002147373938351016,100.65887847668762,100.70246925957122,40.0,19.999999999999982,True
219,1,retail,normalizer,sell,0.00384084094649495,0.3873746012270134,100.28999366609379,0.0,100.65887847668762,100.70246925957122,40.0,19.999999999999982,True
220,0,arb,submission,buy,0.07184754253576346,7.197996842018256,100.1124388816469,-0.005164131110110937,100.51449686912343,100.56158444498921,40.0,19.999999999999982,True
220,1,arb,normalizer,buy,0.07186181419964545,7.199430260303416,100.1124388816469,0.0,100.51449686912343,100.56158444498921,40.0,19.999999999999982,True
221,0,retail,submission,sell,0.22117724646166437,22.32557775269108,100.17292061833143,0.16960700030564624,100.76376934247862,100.7049863615824,40.0,19.999999999999982,False
221,1,retail,normalizer,sell,0.2213383376956557,22.341827024630586,100.17292061833143,0.0,100.76376934247862,100.7049863615824,40.0,19.999999999999982,False
221,2,retail,submission,buy,0.22308382007386296,22.382871216204876,100.17292061833143,-0.03591341671166859,100.76376934247862,100.7049863615824,40.0,19.999999999999982,False
221,3,retail,normalizer,buy,0.22302215151013116,22.37669502406243,100.17292061833143,0.0,100.76376934247862,100.7049863615824,40.0,19.999999999999982,False
221,4,retail,submission,sell,0.12446518164954057,12.55103307408503,100.17292061833143,0.08299231295940146,100.76376934247862,100.7049863615824,40.0,19.999999999999982,False
221,5,retail,normalizer,sell,0.12457778401271469,12.56238154490687,100.17292061833143,0.0,100.76376934247862,100.7049863615824,40.0,19.999999999999982,False
222,0,arb,submission,buy,0.07146107636320738,7.166764262135985,100.21745932912037,-0.005116748091083423,100.61993908546222,100.56409802552318,40.0,19.999999999999982,True
222,1,arb,normalizer,buy,0.07147551569676262,7.16821597505259,100.21745932912037,0.0,100.61993908546222,100.56409802552318,40.0,19.999999999999982,True
222,2,retail,submission,buy,0.03766849098389253,3.7736203015028877,100.21745932912037,0.001420161664699382,100.54424733962462,100.56373769680924,40.0,19.999999999999982,False
222,3,retail,normalizer,buy,0.03764959532634226,3.7717273391062918,100.21745932912037,0.0,100.54424733962462,100.56373769680924,40.0,19.999999999999982,False
223,0,retail,submission,buy,0.005394854953301504,0.5402228377170104,100.1904325763522,0.00029001374094361765,100.2418729498438,100.42312361841441,40.0,19.999999999999982,False
223,1,retail,normalizer,buy,0.005392148730447543,0.539951845559699,100.1904325763522,0.0,100.2418729498438,100.42312361841441,40.0,19.999999999999982,False
223,2,retail,submission,buy,0.14550914366527345,14.548875404578212,100.1904325763522,0.029748643060113267,100.2418729498438,100.42312361841441,40.0,19.999999999999982,False
223,3,retail,normalizer,buy,0.14543615186549347,14.541577247404348,100.1904325763522,0.0,100.2418729498438,100.42312361841441,40.0,19.999999999999982,False
226,0,arb,submission,sell,0.035309436281565354,3.54783141337866,100.5138134175968,-0.0012546769071226649,100.3127857907616,100.36893622348755,40.0,19.999999999999982,True
226,1,arb,normalizer,sell,0.03537740554556024,3.5546590600514882,100.5138134175968,0.0,100.3127857907616,100.36893622348755,40.0,19.999999999999982,True
226,2,retail,submission,sell,0.01768983003293556,1.7783873606385892,100.5138134175968,0.00031508531910406923,100.34834102334003,100.36768153430732,40.0,19.999999999999982,False
226,3,retail,normalizer,sell,0.017698699339106838,1.7792790064003232,100.5138134175968,0.0,100.34834102334003,100.36768153430732,40.0,19.999999999999982,False
227,0,arb,submission,sell,0.07513347804456316,7.56031935109646,100.70096646227155,-0.005694501662910412,100.49956452934701,100.50829469470082,40.0,19.999999999999982,True
227,1,arb,normalizer,sell,0.07517114837936845,7.564109935116274,100.70096646227155,0.0,100.49956452934701,100.50829469470082,40.0,19.999999999999982,True
227,2,retail,submission,buy,0.02972595120318307,2.9746124785306165,100.70096646227155,0.018819536640242607,100.43993271213498,100.50741836807956,40.0,19.999999999999982,False
227,3,retail,normalizer,buy,0.02976139219728308,2.9781604812069418,100.70096646227155,0.0,100.43993271213498,100.50741836807956,40.0,19.999999999999982,False
228,0,arb,submission,sell,0.025734197501961376,2.5905890394472615,100.69314746435305,-0.0006683044945212657,100.49176116942434,100.54801178424447,40.0,19.999999999999982,True
228,1,arb,normalizer,sell,0.025797316359359,2.596941730398329,100.69314746435305,0.0,100.49176116942434,100.54801178424447,40.0,19.999999999999982,True
228,2,retail,submission,sell,0.10253949739295365,10.335648881092874,100.69314746435305,0.01062414918354726,101.50344160143374,100.5455079996651,40.0,19.999999999999982,False
228,3,retail,normalizer,sell,0.10259090852551367,10.340830956566505,100.69314746435305,0.0,101.50344160143374,100.5455079996651,40.0,19.999999999999982,False
228,4,retail,submission,sell,0.3958324327115861,40.098958563227185,100.69314746435305,0.2413450450258452,101.50344160143374,100.5455079996651,40.0,19.999999999999982,False
228,5,retail,normalizer,sell,0.3960308947108757,40.11906333188114,100.69314746435305,0.0,101.50344160143374,100.5455079996651,40.0,19.999999999999982,False
229,0,arb,submission,buy,0.2232278366366882,22.51732129911943,100.64602856892373,-0.05032607560427138,101.05022948687119,100.68637029146139,40.0,19.999999999999982,True
229,1,arb,normalizer,buy,0.22316596160266813,22.511091196514826,100.64602856892373,0.0,101.05022948687119,100.68637029146139,40.0,19.999999999999982,True
230,0,retail,submission,sell,0.15351366845253267,15.567702502311947,100.6707572674443,0.11336524829210859,101.6308264445517,100.69212569851078,40.0,19.999999999999982,False
230,1,retail,normalizer,sell,0.15364070135947827,15.580576974004176,100.6707572674443,0.0,101.6308264445517,100.69212569851078,40.0,19.999999999999982,False
230,2,retail,submission,sell,0.13104527761137774,13.327323062660762,100.6707572674443,0.13489572920090076,101.6308264445517,100.69212569851078,40.0,19.999999999999982,False
230,3,retail,normalizer,sell,0.13111098093841633,13.33400510021256,100.6707572674443,0.0,101.6308264445517,100.69212569851078,40.0,19.999999999999982,False
231,0,arb,submission,buy,0.26520135485607094,26.773528266045105,100.68735716500092,-0.07110472900973974,101.09172406124591,100.83269398271781,40.0,19.999999999999982,True
231,1,arb,normalizer,buy,0.26511839322275615,26.76516629834441,100.68735716500092,0.0,101.09172406124591,100.83269398271781,40.0,19.999999999999982,True
231,2,retail,submission,buy,0.0793454532293584,7.9827410396246705,100.68735716500092,0.006342949098614881,100.90817728034611,100.83520491880347,40.0,19.999999999999982,False
231,3,retail,normalizer,buy,0.07930565114345953,7.978736654602471,100.68735716500092,0.0,100.90817728034611,100.83520491880347,40.0,19.999999999999982,False
231,4,retail,submission,buy,0.011431566326508503,1.1490557897759572,100.68735716500092,0.0019584118966018416,100.90817728034611,100.83520491880347,40.0,19.999999999999982,False
231,5,retail,normalizer,buy,0.01142583190611829,1.1484793885410909,100.68735716500092,0.0,100.90817728034611,100.83520491880347,40.0,19.999999999999982,False
233,0,retail,submission,sell,0.2081369435405378,21.088901877850642,100.62996777935454,0.14408795567298682,101.33146182191976,100.83985666874365,40.0,19.999999999999982,False
233,1,retail,normalizer,sell,0.20829139862721036,21.104540997728765,100.62996777935454,0.0,101.33146182191976,100.83985666874365,40.0,19.999999999999982,False
234,0,arb,submission,buy,0.07459335610276405,7.522793057982199,100.77534397713528,-0.005621938317208475,101.18006423407157,100.92080779911197,40.0,19.999999999999982,True
234,1,arb,normalizer,buy,0.07460608313146974,7.52408037260102,100.77534397713528,0.0,101.18006423407157,100.92080779911197,40.0,19.999999999999982,True
235,0,retail,submission,buy,0.02240686392825391,2.2575526324599196,100.82776059737272,0.0016812794359721828,101.13465265359072,100.8755125779609,40.0,19.999999999999982,True
235,1,retail,normalizer,buy,0.02239562396573306,2.2564201755885733,100.82776059737272,0.0,101.13465265359072,100.8755125779609,40.0,19.999999999999982,True
237,0,retail,submission,sell,0.10417977170781967,10.56837201733251,100.80508017703818,0.06652177750021515,101.28893383705761,100.8814648135462,40.0,19.999999999999982,False
237,1,retail,normalizer,sell,0.10428204874347102,10.578742047683146,100.80508017703818,0.0,101.28893383705761,100.8814648135462,40.0,19.999999999999982,False
237,2,retail,submission,buy,0.028534524165616068,2.8794942247332074,100.80508017703818,-0.003069228404646296,101.28893383705761,100.8814648135462,40.0,19.999999999999982,False
237,3,retail,normalizer,buy,0.028570351881469024,2.883111144443319,100.80508017703818,0.0,101.28893383705761,100.8814648135462,40.0,19.999999999999982,False
238,0,arb,submission,buy,0.028094398376063656,2.8334710958242795,100.82698076375628,-0.0007977311916036456,101.23190839734568,100.97251912067416,40.0,19.999999999999982,True
238,1,arb,normalizer,buy,0.028080305373746162,2.8320497407858056,100.82698076375628,0.0,101.23190839734568,100.97251912067416,40.0,19.999999999999982,True
238,2,retail,submission,buy,0.10335539344421647,10.410229963970778,100.82698076375628,0.010782302659698928,101.02253365147764,100.97378137088563,40.0,19.999999999999982,False
238,3,retail,normalizer,buy,0.10330354724408027,10.40500787687779,100.82698076375628,0.0,101.02253365147764,100.97378137088563,40.0,19.999999999999982,False
240,0,arb,submission,buy,0.019216831803694812,1.9331958054808638,100.57974159439725,-0.0003718284022447005,100.98367629959561,100.83251698510962,40.0,19.999999999999982,True
240,1,arb,normalizer,buy,0.01920719205801768,1.9322260558310518,100.57974159439725,0.0,100.98367629959561,100.83251698510962,40.0,19.999999999999982,True
241,0,retail,submission,buy,0.022593036534517594,2.2718880328375235,100.59165868675147,0.0007829869399764711,101.0047981897597,100.69261243510914,40.0,19.999999999999982,False
241,1,retail,normalizer,buy,0.022581703182163806,2.2707483848971606,100.59165868675147,0.0,101.0047981897597,100.69261243510914,40.0,19.999999999999982,False
241,2,retail,submission,sell,0.03290804323408736,3.329430187231795,100.59165868675147,0.01915553417961835,101.0047981897597,100.69261243510914,40.0,19.999999999999982,False
241,3,retail,normalizer,sell,0.032974634854198825,3.3361658331144213,100.59165868675147,0.0,101.0047981897597,100.69261243510914,40.0,19.999999999999982,False
242,0,retail,submission,buy,0.037325116219457895,3.75353336819353,100.64230346243835,0.0029523051359312547,100.92936539973515,100.6707513372284,40.0,19.999999999999982,True
242,1,retail,normalizer,buy,0.03735661915071734,3.7567032936476608,100.64230346243835,0.0,100.92936539973515,100.6707513372284,40.0,19.999999999999982,True
244,0,retail,submission,buy,0.05225756649427486,5.250480263914142,100.76432432067185,0.015218114524045312,100.94749559307843,100.56680987503685,40.0,19.999999999999982,False
244,1,retail,normalizer,buy,0.052231352513929574,5.24784646376429,100.76432432067185,0.0,100.94749559307843,100.56680987503685,40.0,19.999999999999982,False
244,2,retail,submission,sell,0.06098750912948958,6.165096347864998,100.76432432067185,0.019731198431174768,100.94749559307843,100.56680987503685,40.0,19.999999999999982,False
244,3,retail,normalizer,sell,0.06106820754121145,6.173250871802723,100.76432432067185,0.0,100.94749559307843,100.56680987503685,40.0,19.999999999999982,False
246,0,retail,submission,buy,0.2519994399806856,25.27322407095744,101.09325245337195,0.2022189331183597,100.4402808662031,100.42611485070901,40.0,19.999999999999982,True
246,1,retail,normalizer,buy,0.2519232700134469,25.265597633360812,101.09325245337195,0.0,100.4402808662031,100.42611485070901,40.0,19.999999999999982,True
247,0,arb,submission,sell,0.22343783928543814,22.537601867342033,101.09381415682131,-0.05058153298175938,100.89162652850766,100.42351798477313,40.0,19.999999999999982,False
247,1,arb,normalizer,sell,0.22360008247505903,22.553955576871285,101.09381415682131,0.0,100.89162652850766,100.42351798477313,40.0,19.999999999999982,False
247,2,retail,submission,buy,0.03675688134108055,3.6922699509686936,101.09381415682131,0.02362338031083633,100.81746628034507,100.42284627304912,40.0,19.999999999999982,False
247,3,retail,normalizer,buy,0.036788697478088654,3.6954677764806547,101.09381415682131,0.0,100.81746628034507,100.42284627304912,40.0,19.999999999999982,False
248,0,arb,submission,sell,0.14308113755946295,14.474780893003057,101.3103908651965,-0.020825078583079915,101.10777008346611,100.42034754488003,40.0,19.999999999999982,False
248,1,arb,normalizer,sell,0.1432029975763527,14.48710155532951,101.3103908651965,0.0,101.10777008346611,100.42034754488003,40.0,19.999999999999982,False
249,0,retail,submission,buy,0.04791075451580988,4.822459008220903,101.22002965897377,0.027068984853184652,100.94069941125318,100.56381781104787,40.0,19.999999999999982,False
249,1,retail,normalizer,buy,0.047936921787105305,4.825095303101989,101.22002965897377,0.0,100.94069941125318,100.56381781104787,40.0,19.999999999999982,False
249,2,retail,submission,buy,0.034687851402315804,3.4886212607398193,101.22002965897377,0.022484087008661557,100.94069941125318,100.56381781104787,40.0,19.999999999999982,False
249,3,retail,normalizer,buy,0.03467045092397703,3.486871262506611,101.22002965897377,0.0,100.94069941125318,100.56381781104787,40.0,19.999999999999982,False
252,0,retail,submission,buy,0.021677157610283174,2.1788823826482258,101.00526893093885,0.010624751436774105,100.89692202356882,100.63839109160865,40.0,19.999999999999982,True
252,1,retail,normalizer,buy,0.021666283690556794,2.177789389161262,101.00526893093885,0.0,100.89692202356882,100.63839109160865,40.0,19.999999999999982,True
253,0,retail,submission,sell,0.09730592679245831,9.847168348689946,100.9745566121089,0.02174553509114041,101.09444756318136,100.64310894758076,40.0,19.999999999999982,False
253,1,retail,normalizer,sell,0.09740481634868559,9.857170818926543,100.9745566121089,0.0,101.09444756318136,100.64310894758076,40.0,19.999999999999982,False
254,0,retail,submission,buy,0.0199297820871536,2.0063307175732916,100.94219092961616,0.005425151053811028,101.05410598935444,100.7841079763977,40.0,19.999999999999982,True
254,1,retail,normalizer,buy,0.019969988770557823,2.010379334740719,100.94219092961616,0.0,101.05410598935444,100.7841079763977,40.0,19.999999999999982,True
257,0,retail,submission,sell,0.13201284792994272,13.384937398344785,100.80147601351455,0.07784747425892036,101.32285218163707,100.78916459108818,40.0,19.999999999999982,False
257,1,retail,normalizer,sell,0.13212909982054555,13.396717575067708,100.80147601351455,0.0,101.32285218163707,100.78916459108818,40.0,19.999999999999982,False
258,0,arb,submission,buy,0.10741349375141011,10.828246938137454,100.70055687577947,-0.01164830139739692,101.10497678291112,100.84591274657328,40.0,19.999999999999982,True
258,1,arb,normalizer,buy,0.10740975933410793,10.827875921830127,100.70055687577947,0.0,101.10497678291112,100.84591274657328,40.0,19.999999999999982,True
258,2,retail,submission,buy,0.6608498139117744,66.1104038439862,100.70055687577947,0.43754042818471817,99.7798543144313,100.84717341408755,40.0,19.999999999999982,False
258,3,retail,normalizer,buy,0.6605183116015332,66.07724086028975,100.70055687577947,0.0,99.7798543144313,100.84717341408755,40.0,19.999999999999982,False
259,0,arb,submission,sell,0.3926697963444781,39.413648222858875,100.7687690830438,-0.15520381086366797,100.56723154487771,100.70608615543314,40.0,19.999999999999982,True
259,1,arb,normalizer,sell,0.39291705476587424,39.438446581973864,100.7687690830438,0.0,100.56723154487771,100.70608615543314,40.0,19.999999999999982,True
259,2,retail,submission,sell,0.0312167798167593,3.1466615452570195,100.7687690830438,0.0009850683857797193,100.63022665093467,100.70416649714475,40.0,19.999999999999982,False
259,3,retail,normalizer,sell,0.03123243124908015,3.1482392147186293,100.7687690830438,0.0,100.63022665093467,100.70416649714475,40.0,19.999999999999982,False
260,0,arb,submission,sell,0.014116175204804904,1.4235622163373145,100.8604532743752,-0.00020161331980439456,100.65873236782646,100.715076445359,40.0,19.999999999999982,True
260,1,arb,normalizer,sell,0.014123252756121474,1.4242759602861856,100.8604532743752,0.0,100.65873236782646,100.715076445359,40.0,19.999999999999982,True
260,2,retail,submission,buy,0.09179247480596327,9.194321720719017,100.8604532743752,0.06390889538710454,100.50479166495163,100.7113295788488,40.0,19.999999999999982,False
260,3,retail,normalizer,buy,0.09179674152338847,9.194753718233187,100.8604532743752,0.0,100.50479166495163,100.7113295788488,40.0,19.999999999999982,False
260,4,retail,submission,sell,0.07963475229598771,8.023687392201847,100.8604532743752,-0.008309820764065279,100.50479166495163,100.7113295788488,40.0,19.999999999999982,False
260,5,retail,normalizer,sell,0.07972488715469694,8.032764988814314,100.8604532743752,0.0,100.50479166495163,100.7113295788488,40.0,19.999999999999982,False
260,6,retail,submission,buy,0.064772090223816,6.488062006568725,100.8604532743752,0.04488037293408276,100.50479166495163,100.7113295788488,40.0,19.999999999999982,False
260,7,retail,normalizer,buy,0.06478991713733193,6.489850949417814,100.8604532743752,0.0,100.50479166495163,100.7113295788488,40.0,19.999999999999982,False
261,0,arb,submission,sell,0.07387501934165641,7.44518677152383,100.85553848220306,-0.005518084562093684,100.65382740523867,100.7101687372012,40.0,19.999999999999982,True
261,1,arb,normalizer,sell,0.07396225878193263,7.45397508645887,100.85553848220306,0.0,100.65382740523867,100.7101687372012,40.0,19.999999999999982,True
262,0,arb,submission,sell,0.04355051107650354,4.394230201492365,100.9437291955929,-0.001920794943877091,100.7418417372017,100.79823233549438,40.0,19.999999999999982,True
262,1,arb,normalizer,sell,0.04357234638051466,4.396433375462211,100.9437291955929,0.0,100.7418417372017,100.79823233549438,40.0,19.999999999999982,True
263,0,retail,submission,sell,0.07238328623230927,7.311951069389117,100.92208679436858,0.006878773790376158,100.88838187744058,100.93944868914629,40.0,19.999999999999982,True
263,1,retail,normalizer,sell,0.07241957767917029,7.31561712681137,100.92208679436858,0.0,100.88838187744058,100.93944868914629,40.0,19.999999999999982,True
266,0,retail,submission,buy,0.01165167362325874,1.170679963694056,100.92791519659998,0.005299163652662919,100.86486587753325,100.79823233549438,40.0,19.999999999999982,True
266,1,retail,normalizer,buy,0.011696084102007944,1.1751426140199328,100.92791519659998,0.0,100.86486587753325,100.79823233549438,40.0,19.999999999999982,True
267,0,retail,submission,sell,0.08804658759805761,8.90648014755829,100.88907118365368,0.0235417039000545,101.04348532516153,100.93944868914629,40.0,19.999999999999982,True
267,1,retail,normalizer,sell,0.08814084267865496,8.916010171933126,100.88907118365368,0.0,101.04348532516153,100.93944868914629,40.0,19.999999999999982,True
268,0,retail,submission,buy,0.11023913424473465,11.08215922812451,100.99146756775899,0.051052722650439364,100.82081154889643,100.79823233549438,40.0,19.999999999999982,True
268,1,retail,normalizer,buy,0.11023405167687685,11.081653860142978,100.99146756775899,0.0,100.82081154889643,100.79823233549438,40.0,19.999999999999982,True
269,0,arb,submission,sell,0.01329881344986461,1.343663556089704,101.04984240042936,-0.00017944713182527217,100.84774271562848,100.9041925923643,40.0,19.999999999999982,True
269,1,arb,normalizer,sell,0.013355602526274879,1.349400638261514,101.04984240042936,0.0,100.84774271562848,100.9041925923643,40.0,19.999999999999982,True
270,0,retail,submission,sell,0.0283200626341511,2.862551971435953,101.03272451430622,0.0012988850918671524,100.90512908874165,100.96161108770058,40.0,19.999999999999982,True
270,1,retail,normalizer,sell,0.02833426171383735,2.86398719437528,101.03272451430622,0.0,100.90512908874165,100.96161108770058,40.0,19.999999999999982,True
271,0,retail,submission,sell,0.05345481286289555,5.407577803631262,100.88156523604364,0.014972612622559112,101.01358084307307,101.07012354828076,40.0,19.999999999999982,True
271,1,retail,normalizer,sell,0.05348161397405704,5.410289048625605,100.88156523604364,0.0,101.01358084307307,101.07012354828076,40.0,19.999999999999982,True
272,0,retail,submission,buy,0.0353564180408258,3.5559339265182643,100.8611408162402,0.010154732255322152,100.94211529525245,100.92872437782768,40.0,19.999999999999982,True
272,1,retail,normalizer,buy,0.03538890634724162,3.559203193513895,100.8611408162402,0.0,100.94211529525245,100.92872437782768,40.0,19.999999999999982,True
273,0,retail,submission,buy,0.012249395452636945,1.231383028869459,100.89664193913613,0.00453983808613323,100.81916154732058,100.78775243581052,40.0,19.999999999999982,False
273,1,retail,normalizer,buy,0.012243250784375537,1.2307653297957586,100.89664193913613,0.0,100.81916154732058,100.78775243581052,40.0,19.999999999999982,False
273,2,retail,submission,buy,0.0486679268823488,4.88941268918461,100.89664193913613,0.021017703383794384,100.81916154732058,100.78775243581052,40.0,19.999999999999982,False
273,3,retail,normalizer,buy,0.0486435135740993,4.886960011481278,100.89664193913613,0.0,100.81916154732058,100.78775243581052,40.0,19.999999999999982,False
275,0,arb,submission,sell,0.0019747450509299824,0.19949507817024326,101.02521020505264,-3.955701345620399e-06,100.82315978464253,100.7886058385408,40.0,19.999999999999982,False
275,1,arb,normalizer,sell,0.002025856889375177,0.204658457063298,101.02521020505264,0.0,100.82315978464253,100.7886058385408,40.0,19.999999999999982,False
275,2,retail,submission,sell,0.010498178931911184,1.0606925441360662,101.02521020505264,0.00011181076948374447,100.84441928713153,100.78882658655675,40.0,19.999999999999982,False
275,3,retail,normalizer,sell,0.010503442496499815,1.0612243529150003,101.02521020505264,0.0,100.84441928713153,100.78882658655675,40.0,19.999999999999982,False
276,0,arb,submission,sell,0.03753320687619066,3.794029671434818,101.12272697275172,-0.0014305599180177708,100.9204815188062,100.93002976293822,40.0,19.999999999999982,True
276,1,arb,normalizer,sell,0.03755202523130663,3.7959319175687036,101.12272697275172,0.0,100.9204815188062,100.93002976293822,40.0,19.999999999999982,True
276,2,retail,submission,sell,0.22043796537300864,22.340761845670702,101.12272697275172,0.04947365882705057,101.36894785225286,100.9291435071436,40.0,19.999999999999982,False
276,3,retail,normalizer,sell,0.22054848830063634,22.3519630305526,101.12272697275172,0.0,101.36894785225286,100.9291435071436,40.0,19.999999999999982,False
277,0,retail,submission,sell,0.02217504880329102,2.2528690806116,101.21941151785603,0.008323690362745495,101.41422691723692,100.9258467039079,40.0,19.999999999999982,False
277,1,retail,normalizer,sell,0.022186166903168214,2.2539986214605334,101.21941151785603,0.0,101.41422691723692,100.9258467039079,40.0,19.999999999999982,False
278,0,retail,submission,sell,0.10103866320389443,10.277750176373926,101.19469795335971,0.05317317184458936,100.32310634793984,100.92100123792851,40.0,19.999999999999982,False
278,1,retail,normalizer,sell,0.10108932184996888,10.282903222664578,101.19469795335971,0.0,100.32310634793984,100.92100123792851,40.0,19.999999999999982,False
278,2,retail,submission,buy,0.03970197973609667,4.016812363781355,101.19469795335971,0.0008174837633552201,100.32310634793984,100.92100123792851,40.0,19.999999999999982,False
278,3,retail,normalizer,buy,0.03973213786892958,4.019865607999236,101.19469795335971,0.0,100.32310634793984,100.92100123792851,40.0,19.999999999999982,False
278,4,retail,submission,buy,0.6024431581018346,60.56118707418318,101.19469795335971,0.40286634400009547,100.32310634793984,100.92100123792851,40.0,19.999999999999982,False
278,5,retail,normalizer,buy,0.6021409543416139,60.5308077459249,101.19469795335971,0.0,100.32310634793984,100.92100123792851,40.0,19.999999999999982,False
279,0,arb,submission,sell,0.40622420021027494,41.0021739478229,101.34719968998294,-0.16751118979144763,101.14450529060299,101.06238958841352,40.0,19.999999999999982,True
279,1,arb,normalizer,sell,0.4064781179274064,41.0277824539881,101.34719968998294,0.0,101.14450529060299,101.06238958841352,40.0,19.999999999999982,True
280,0,arb,submission,sell,0.02578188185879071,2.6135992092548292,101.399776768199,-0.0006778558906286314,101.1969772146626,101.20397602121449,40.0,19.999999999999982,True
280,1,arb,normalizer,sell,0.02579480834837966,2.6149096125516293,101.399776768199,0.0,101.1969772146626,101.20397602121449,40.0,19.999999999999982,True
282,0,retail,submission,sell,0.011836600200538783,1.2003715490338722,101.277789191103,0.001586849184337824,101.24027909877677,101.27647383797836,40.0,19.999999999999982,False
282,1,retail,normalizer,sell,0.011842534821226991,1.200973389907928,101.277789191103,0.0,101.24027909877677,101.27647383797836,40.0,19.999999999999982,False
282,2,retail,submission,sell,0.009424519854292157,0.955962474807729,101.277789191103,0.0014679397773631475,101.24027909877677,101.27647383797836,40.0,19.999999999999982,False
282,3,retail,normalizer,sell,0.00942924510894727,0.956441774146601,101.277789191103,0.0,101.24027909877677,101.27647383797836,40.0,19.999999999999982,False
283,0,retail,submission,sell,0.04469417305291756,4.535958233173007,101.43958602354276,0.00219982102046945,101.33139704785337,101.38811765179328,40.0,19.999999999999982,True
283,1,retail,normalizer,sell,0.044716581764816965,4.538232466575028,101.43958602354276,0.0,101.33139704785337,101.38811765179328,40.0,19.999999999999982,True
284,0,retail,submission,sell,0.9243661035398532,94.73654149938884,101.27364044980153,1.122621085509735,103.18249235896863,101.38213552253954,40.0,19.999999999999982,False
284,1,retail,normalizer,sell,0.9248295611290303,94.7840403950776,101.27364044980153,0.0,103.18249235896863,101.38213552253954,40.0,19.999999999999982,False
284,2,retail,submission,buy,0.02936243327030815,3.0184669772515917,101.27364044980153,-0.04482646750311403,103.18249235896863,101.38213552253954,40.0,19.999999999999982,False
284,3,retail,normalizer,buy,0.029397382915860644,3.022061331470468,101.27364044980153,0.0,103.18249235896863,101.38213552253954,40.0,19.999999999999982,False
285,0,arb,submission,buy,0.743804779078736,75.86970144312,101.24031058404022,-0.5666745952953391,101.64689817674721,101.38644556045878,40.0,19.999999999999982,True
285,1,arb,normalizer,buy,0.7434316640419159,75.83164289974593,101.24031058404022,0.0,101.64689817674721,101.38644556045878,40.0,19.999999999999982,True
285,2,retail,submission,sell,0.2006779646094401,20.480608100457605,101.24031058404022,0.1639086360248605,102.05946134880155,101.38771298513498,40.0,19.999999999999982,False
285,3,retail,normalizer,sell,0.2008284975400585,20.495960742806158,101.24031058404022,0.0,102.05946134880155,101.38771298513498,40.0,19.999999999999982,False
286,0,arb,submission,buy,0.2141352600569128,21.720311787599712,101.21459216174358,-0.04669877349038387,101.62107646761403,101.36069001499426,40.0,19.999999999999982,True
286,1,arb,normalizer,buy,0.21407780946864594,21.714495343561794,101.21459216174358,0.0,101.62107646761403,101.36069001499426,40.0,19.999999999999982,True
286,2,retail,submission,buy,0.03759589322332048,3.803817142279513,101.21459216174358,0.001435857275328356,101.54440044489742,101.3619571177023,40.0,19.999999999999982,False
286,3,retail,normalizer,buy,0.03757703398300968,3.801909032234107,101.21459216174358,0.0,101.54440044489742,101.3619571177023,40.0,19.999999999999982,False
287,0,retail,submission,buy,0.01316193739861337,1.3309991309306497,101.35675698090881,0.003052159378540864,101.51757746186806,101.2574562075702,40.0,19.999999999999982,True
287,1,retail,normalizer,buy,0.013155334971582573,1.3303314613931434,101.35675698090881,0.0,101.51757746186806,101.2574562075702,40.0,19.999999999999982,True
288,0,retail,submission,buy,0.02567907441568421,2.5957809915180405,101.19107800179623,0.0027122306933899942,101.46527613355748,101.20528889237805,40.0,19.999999999999982,True
288,1,retail,normalizer,buy,0.02566619301313328,2.594478869044906,101.19107800179623,0.0,101.46527613355748,101.20528889237805,40.0,19.999999999999982,True
289,0,retail,submission,buy,0.13982443782930512,14.110781044748364,101.35843575323828,0.06160525370591863,101.1370175029592,101.0638291254486,40.0,19.999999999999982,False
289,1,retail,normalizer,buy,0.13975429765040778,14.10370264899575,101.35843575323828,0.0,101.1370175029592,101.0638291254486,40.0,19.999999999999982,False
289,2,retail,submission,buy,0.021799613548738973,2.196408502295526,101.35843575323828,0.013166227029755895,101.1370175029592,101.0638291254486,40.0,19.999999999999982,False
289,3,retail,normalizer,buy,0.021788678201401117,2.1953067171762086,101.35843575323828,0.0,101.1370175029592,101.0638291254486,40.0,19.999999999999982,False
290,0,arb,submission,sell,0.030713575559161654,3.1134661155861494,101.40232889929653,-0.0009619749373563913,101.19952424149793,101.20541757501282,40.0,19.999999999999982,True
290,1,arb,normalizer,sell,0.030779017614747772,3.1200984732782002,101.40232889929653,0.0,101.19952424149793,101.20541757501282,40.0,19.999999999999982,True
291,0,retail,submission,buy,0.059257325859955724,5.969281777146534,101.22469666006187,0.0290230579139239,101.07946034291557,101.0638291254486,40.0,19.999999999999982,True
291,1,retail,normalizer,buy,0.05927777858410565,5.9713450842755265,101.22469666006187,0.0,101.07946034291557,101.0638291254486,40.0,19.999999999999982,True
292,0,retail,submission,sell,0.25218111203598426,25.606335473597618,101.27745960156392,0.06607308709575932,101.59396703291466,101.0612570194354,40.0,19.999999999999982,False
292,1,retail,normalizer,sell,0.2523576074701879,25.62424383640122,101.27745960156392,0.0,101.59396703291466,101.0612570194354,40.0,19.999999999999982,False
293,0,arb,submission,buy,0.00790481694091263,0.7998059146702872,101.17153319361103,-6.346514332633557e-05,101.57784457189862,101.20284186552935,40.0,19.999999999999982,True
293,1,arb,normalizer,buy,0.007950932137271492,0.8044722346930939,101.17153319361103,0.0,101.57784457189862,101.20284186552935,40.0,19.999999999999982,True
293,2,retail,submission,sell,0.07719908485076132,7.8635497983394576,101.17153319361103,0.053200022844264616,101.73609603232599,101.20502430699612,40.0,19.999999999999982,False
293,3,retail,normalizer,sell,0.07728772505018355,7.872574787613958,101.17153319361103,0.0,101.73609603232599,101.20502430699612,40.0,19.999999999999982,False
294,0,retail,submission,buy,0.18641208907678428,18.853671350383593,101.40383239289172,0.04922888636744105,100.41245079244946,101.09767522639203,40.0,19.999999999999982,False
294,1,retail,normalizer,buy,0.18636862461692486,18.84928484739794,101.40383239289172,0.0,100.41245079244946,101.09767522639203,40.0,19.999999999999982,False
294,2,retail,submission,buy,0.4675204740354445,46.97629302400492,101.40383239289172,0.432074765330583,100.41245079244946,101.09767522639203,40.0,19.999999999999982,False
294,3,retail,normalizer,buy,0.46728595158577635,46.95272829063288,101.40383239289172,0.0,100.41245079244946,101.09767522639203,40.0,19.999999999999982,False
295,0,arb,submission,sell,0.3832295429384516,38.706775279598574,101.39090369360525,-0.14921440101832673,101.18812188621803,101.23931109368223,40.0,19.999999999999982,True
295,1,arb,normalizer,sell,0.3834719092628234,38.73123517005552,101.39090369360525,0.0,101.18812188621803,101.23931109368223,40.0,19.999999999999982,True
296,0,retail,submission,buy,0.010487742191249119,1.0568789421486144,101.27607852844801,0.005278459598448748,101.16686022504997,101.09767522639204,40.0,19.999999999999982,True
296,1,retail,normalizer,buy,0.010532662044808547,1.0614061745945946,101.27607852844801,0.0,101.16686022504997,101.09767522639204,40.0,19.999999999999982,True
298,0,retail,submission,buy,0.09130123394163178,9.191305704558545,101.33253952849763,0.060480192832468305,100.82808726325044,100.95563389912981,40.0,19.999999999999982,False
298,1,retail,normalizer,buy,0.09125543447354059,9.186695066848188,101.33253952849763,0.0,100.82808726325044,100.95563389912981,40.0,19.999999999999982,False
298,2,retail,submission,buy,0.07625261326742182,7.663495814018461,101.33253952849763,0.06337513405380335,100.82808726325044,100.95563389912981,40.0,19.999999999999982,False
298,3,retail,normalizer,buy,0.07621436264384031,7.659651572081202,101.33253952849763,0.0,100.82808726325044,100.95563389912981,40.0,19.999999999999982,False
299,0,arb,submission,sell,0.09699166379766666,9.808634972736645,101.2272268407036,-0.009562180167016265,101.02477238702218,101.08132135673574,40.0,19.999999999999982,True
299,1,arb,normalizer,sell,0.09709041288847686,9.818616395011269,101.2272268407036,0.0,101.02477238702218,101.08132135673574,40.0,19.999999999999982,True
