seed,edge_submission,edge_normalizer,avg_fee_bps_submission,avg_bid_fee_bps_submission,avg_ask_fee_bps_submission,arb_volume_y_submission,retail_volume_y_submission,arb_trade_count_submission,retail_trade_count_submission
20260215,174.02662946181724,631.6285498518324,466.07156526765294,246.92952482247907,685.2136057128268,475.4226390835806,5959.1965574269825,29,263
20260216,159.9341090326015,636.1051307752989,574.6589814751981,538.0154345013362,611.3025284490598,135.97611374099904,4838.702865607291,13,173
20260217,117.67395623899161,495.2949403630204,331.3064413426507,485.11765338899755,177.49522929630382,407.9413229852218,4706.402753441721,61,252
20260218,240.92547855950517,882.2776020992978,382.9741722041297,646.0387750307826,119.9095693774767,581.6261142107969,8946.46086697725,32,370
20260219,237.21338657389666,735.1546289919529,299.0538726316705,234.43032147157783,363.6774237917632,1107.7066150783508,11145.71117203368,72,598
20260220,248.92244843562548,654.6385238805565,501.02291417042636,300.71551814867155,701.3303101921812,52.345940660943036,5872.964184515693,15,184
20260221,321.6825961433832,789.4934856426172,388.1609101924555,475.99689423258224,300.3249261523288,761.8308841170615,11286.753759931182,66,529
20260222,168.66609912149886,587.090968956313,527.8722679297604,617.0941553817013,438.6503804778195,55.212509189513305,3885.4267320224476,9,125
20260223,193.1293469346674,619.3938198855896,364.96750825672586,80.3517327821697,649.583283731282,357.40652458896375,6935.758885732395,37,313
20260224,184.82080417171184,572.3899805625362,611.4207734433403,906.6918261303624,316.14972075631823,513.2769245643806,4166.196204424462,7,139
20260225,190.80984385026872,935.1099910390736,522.7866833040651,359.5927635392788,685.9806030688515,31.78967163061655,5138.45163122522,7,225
20260226,122.47528220794374,618.5714881445931,423.9534919846348,725.5315808973054,122.3754030719642,326.08639586038544,4087.7386690257217,42,199
20260227,159.95373361993708,653.059670815605,428.6406996925856,605.6869323576344,251.59446702753678,141.88683233394283,5213.241784034812,24,228
20260228,299.6840438427154,662.9474938703191,703.4622598859767,900.8360197719535,506.0884999999999,578.4856084943018,3861.485012469526,5,125
20260229,208.97793071757417,747.3527449769585,552.2973800821966,156.37131463935705,948.223445525036,432.97814399101156,4576.1643055165905,9,142
20260230,131.5945489419357,614.4713361359507,408.0779172572957,643.371534478836,172.78430003575545,165.1482231486849,5093.405559160283,25,237
20260231,65.90508945706064,507.2192430986557,457.9860972163575,813.1702501700676,102.80194426264745,304.2845677601108,2836.804639706552,33,166
20260232,119.17037954903661,553.0615648557798,453.4069275648821,206.33009172353104,700.4837634062332,214.84499525366698,3922.009276715187,19,169
20260233,200.43792897191116,721.3210833907065,418.1313499965736,155.98330913891198,680.2793908542352,493.777635814818,7090.999810025935,34,322
20260234,232.16311112422244,925.435669205675,474.7246402940699,867.2482577794796,82.20102280866023,188.23831771007428,5736.208095692933,6,185
20260235,296.0422184750991,802.138280611398,341.3128481665896,146.66133008094343,535.9643662522358,535.9533627486801,10128.700062201318,26,431
20260236,207.6245791403225,756.9794677620387,446.95763272118563,141.46246174235995,752.4528037000114,256.35221958954105,6721.740003015335,26,312
20260237,123.13644188202979,654.788910798206,401.8419522765954,155.06511741790356,648.6187871352872,28.37372773017887,4099.679298582887,5,183
20260238,214.20284081924842,579.5103454332337,345.8487203973714,306.2207221006873,385.47671869405553,1091.8483049660238,10343.970001636459,127,629
20260239,258.21911032993586,781.2940726924887,403.458050598067,620.0781139583263,186.8379872378077,339.75946432186186,6947.799445955536,10,291
20260240,203.76839437223026,783.900597188565,459.970252071073,843.7535634140626,76.18694072808337,608.3097256058516,4873.017060976522,40,219
20260241,239.71605690912875,767.3003261408282,315.5124373806955,239.43058498572913,391.59428977566176,571.9120732133906,9168.388315165295,22,398
20260242,99.16619661459461,693.2919288847538,526.5042618579346,986.6913594473016,66.3171642685676,189.30511386645804,2258.520208009859,15,89
20260243,126.86423480327053,607.2889215325088,451.13905425358746,786.7790693878202,115.4990391193547,307.4004253883238,4011.7909279330884,32,172
20260244,152.54375710291865,554.5313089516151,445.96553686507184,872.7575737301437,19.1735,98.83834233057495,3828.297830124367,6,116
20260245,252.98623069034647,677.260249739775,411.4280238515751,173.57696715945565,649.2790805436946,489.92795701046646,9704.400746047271,61,514
20260246,207.07281914633393,774.1678328958341,462.4287561987674,110.31472310327612,814.5427892942587,122.71450092143722,5607.159116362683,15,209
20260247,149.5089672072997,767.0371105336444,464.004908133031,24.56835128196989,903.4414649840921,288.65226521213276,5749.693197946737,46,322
20260248,105.71030293822312,655.0488701352554,395.0488096181155,723.188864254771,66.90875498146002,125.08931459850345,3837.284100064316,24,176
20260249,154.32113644198552,682.7522726102897,318.07311653816186,383.6414072237041,252.50482585261963,616.8613158454004,7875.760352063169,64,492
20260250,129.04066582833107,727.7008646111196,444.56222341003337,72.51667062846289,816.6077761916039,92.80133234770477,4721.634049272209,19,238
20260251,94.45869130456906,545.1851306866769,385.0797720254515,746.162344050903,23.99719999999999,6.81433827654739,3114.664076479547,3,134
20260252,216.83720815265772,777.9687190052299,303.49605135935076,339.4847907939699,267.50731192473154,527.8565809468898,9753.429797218181,32,663
20260253,184.29627376561433,832.7713310421974,580.8618190059253,509.73859971859184,651.9850382932589,392.75103614327685,5679.204551342799,48,255
20260254,134.34471830039266,747.5902843138693,413.06851595756143,540.626722455535,285.51030945958786,74.77847185919379,4864.373454074454,6,199
20260255,173.9733714477224,753.356010427952,406.3596962048785,584.5574348282397,228.1619575815173,419.4188822712434,6916.495754187118,42,356
20260256,196.6767438896499,725.4200129770458,527.3893434102115,150.18937697841648,904.5893098420066,194.13562175699798,4596.240033280312,13,164
20260257,143.52695358884978,673.4590125972924,426.5938563922292,803.16788684316,50.0198259412985,36.479297863785725,5087.717994752562,8,219
20260258,198.1599982832187,657.8321487871765,458.35895665223836,193.058731784935,723.6591815195418,339.8146221049184,7928.565018024547,49,404
20260259,201.06470582966423,736.5341679931477,456.9619231814835,623.0172103883117,290.9066359746552,398.07678217012153,5215.6955516820235,44,214
20260260,105.22347925754636,550.7549105928413,662.1735535877763,870.3250307280607,454.0220764474917,108.65258736708208,2936.3460565083215,22,124
20260261,199.7145458216773,575.4362188760906,367.14754755229325,599.0655413630224,135.22955374156413,401.07983733124536,7224.867888069328,43,343
20260262,122.43088534619399,640.4473642025189,455.50770946373586,14.14435593156789,896.8710629959038,347.00415252797757,3773.063085935327,21,187
20260263,234.00655814023432,863.8078524386293,366.74014932335075,550.4625418632374,183.01775678346405,223.87921542214607,8522.229065004254,9,390
20260264,342.9686143035433,800.4285047236825,412.99748224966515,414.12489900700257,411.8700654923278,1424.1806318381443,7378.79373596291,33,361
20260265,161.2279050575286,608.0368406375925,354.81032070074446,478.8202499760444,230.80039142544447,673.0696836297363,7256.185681954105,65,413
20260266,155.1972596117438,633.0895111618252,436.88137180673135,14.8517,858.9110436134627,70.03022800669714,4645.415111579232,11,172
20260267,130.90771499579415,674.6169114399769,440.9391896592248,597.0731236236024,284.8052556948471,156.29811537543716,5324.02133482054,9,285
20260268,103.90933048326478,588.9812219015045,388.60127447969364,732.1338272900977,45.068721669289644,394.98971096476777,3977.5542027199162,35,228
20260269,164.40139972262,551.3590967836197,277.591203376569,137.7143567058917,417.4680500472463,486.09509436583755,7897.489423824737,64,467
20260270,216.15984064162387,721.568982425539,484.6030243110123,209.8077717746301,759.3982768473944,559.876568209873,6177.029678791803,26,267
20260271,189.5203772694455,639.277462365226,288.27396345588136,437.5238340734477,139.02409283831506,547.415391597927,7777.181019554904,34,372
20260272,208.47004838684407,784.2191898950016,446.0182705599292,144.6670919216307,747.3694491982277,211.71374410953467,6132.91673285337,12,252
20260273,115.86174184834682,575.9858045362157,470.7552421333069,928.8925984093772,12.617885857236605,294.1579977251812,3367.946321595015,13,130
20260274,146.3714831892081,828.7350997824852,413.02951320859125,318.3800666858234,507.6789597313591,490.6092950482303,6136.91653813067,26,342
20260275,268.4525146571254,800.5200894936348,366.79635801072743,483.77051170362614,249.8222043178287,881.261617250535,10489.05360148643,47,471
20260276,87.54362992521398,561.738682944341,478.4418729568293,40.15299614040344,916.7307497732552,123.59659332926822,3003.888890111878,26,138
20260277,174.473273633742,795.1052977809336,474.5910293573236,919.0642671187593,30.117791595887876,315.8972114565329,4611.256064691061,19,194
20260278,176.80925262496393,665.788580068738,570.9005982968705,229.84673915569093,911.95445743805,214.23458525306805,4455.711416797693,25,165
20260279,158.7224952693715,698.8909334510852,493.2312573159656,877.152579850514,109.30993478141711,100.15721906553831,4355.979307937949,14,156
20260280,161.45947718688873,557.0609610854481,367.82190588454444,592.0489994817311,143.59481228735774,1048.7983121181076,6565.737236607659,82,354
20260281,134.94100800009477,519.6396159151784,295.193016112824,525.6371341454095,64.74889808023848,231.23655456694885,6596.84835098821,45,349
20260282,141.56422249255016,692.059576912449,597.248858637519,938.1357961406745,256.36192113436346,91.19969470707993,2980.2318287924136,6,122
20260283,213.37679699169587,674.32908537855,420.3385205111755,755.6793017742939,84.99773924805707,275.7550412110426,6936.421237955714,35,279
20260284,160.3482107615265,582.9693002840911,455.09722205235096,355.3364470020504,554.8579971026514,546.512776230927,4440.605434048746,26,191
20260285,226.1316039019385,848.7806084926225,410.8702278228182,749.4730844627832,72.26737118285327,206.26452907775152,7145.64687720573,20,315
20260286,241.77127508515446,581.0097257365469,382.9747668992534,322.57119656835704,443.37833723014967,200.6937570289798,7230.964512579754,29,291
20260287,246.33507053984363,756.4189598868487,447.16559407502797,435.0738081201344,459.25738002992153,819.8785698698326,6832.754462067389,44,285
20260288,275.4369533638877,803.5032002503755,330.61502177884415,412.5659312956812,248.66411226200714,772.0627914806033,10592.947055120674,66,533
20260289,161.87475888637272,542.2030598419996,453.4586788501242,32.20541793368595,874.7119397665625,438.73784642383106,4844.88592605439,45,207
20260290,274.1753126157723,869.0306949828808,317.4361049416254,525.6714418744875,109.2007680087632,637.0693487142303,11792.028528917579,71,630
20260291,201.07650781566332,672.1809488702638,455.31750587368595,638.9026601536586,271.7323515937133,622.4488914140309,5568.530975086955,16,221
20260292,189.57509700664247,813.3732492066962,464.24692898957164,898.6680813763272,29.825776602816024,264.855975807508,4974.110293132509,13,205
20260293,252.97468496766777,753.5314030366735,474.33178397669667,557.706593373321,390.9569745800723,621.5064519281885,6006.200888211278,24,180
20260294,229.35955534229439,796.519663982843,373.51086806407227,504.8176385206554,242.2040976074891,548.7628835187035,8288.148769657117,39,379
20260295,106.63024112138382,586.4513979240024,600.4746570271388,914.0552025057325,286.8941115485452,24.169854146003097,3090.2773477816577,5,104
20260296,203.5957292984442,629.0531696652781,311.15992339514844,499.38155114661737,122.93829564367947,320.0839451643171,7604.845435463335,47,366
20260297,221.5717774811568,712.2016690586448,447.01014481409203,724.7980132504196,169.22227637776453,950.1746894223215,7235.538162013629,41,353
20260298,154.26432180725817,851.9366523304863,418.8968654764042,556.2158935248906,281.5778374279177,197.98710120659257,5631.056455259831,26,270
20260299,260.9431525180404,801.0737857019961,747.1456709337499,839.5712789275822,654.7200629399175,316.4867351890607,4912.287946650174,9,174
20260300,161.0182637314922,587.6646814006584,365.6069795465363,146.63090597351862,584.583053119554,429.62842959134895,7183.572582730794,30,354
20260301,106.80050780012677,630.9402364602778,449.563880560283,174.6949955060034,724.4327656145625,54.35422437411056,3620.9455868591117,3,194
20260302,148.61963230183514,733.8687518467585,440.2016309546367,476.6638992181343,403.73936269113904,129.42510362813024,4911.898280247787,18,281
20260303,175.29380712496524,666.6020131810948,395.9679297421414,136.73970853183377,655.196150952449,235.46772082848983,6189.0984024148465,26,271
20260304,240.171873670649,766.0439400303944,357.8297590748165,347.3475284049777,368.31198974465525,370.7672680761527,7225.7374689312555,20,245
20260305,131.97109815803134,855.9175565144558,509.4349200706983,59.0225,959.8473401413966,159.89940155055774,3253.657563124789,9,131
20260306,220.49484608475842,839.0333517481723,503.41327767243376,623.3762228005676,383.4503325442999,553.9084443053342,8285.558983073697,68,408
20260307,101.85430959693669,668.5815088003947,399.1072262014034,784.9632524028068,13.251199999999997,36.157115598594686,3394.2860439393726,10,161
20260308,113.80921501866241,643.3815049714646,480.21451205521356,922.7401732478859,37.68885086254129,41.88833551344427,3286.5855700136276,15,146
20260309,116.75628105595794,699.2493122800034,527.4568026730594,121.64587463135568,933.2677307147632,103.91573626628815,2931.4555309454777,15,120
20260310,97.52285564247921,605.1797519497065,463.16830850925794,855.188439132695,71.14817788582094,206.92093280697756,3514.6637032042,23,177
20260311,316.35521125981415,920.4197861915676,532.6763031042381,353.85669446646756,711.4959117420085,582.827787772242,7754.978486702676,29,276
20260312,482.5438459703719,800.6057568347917,363.944229897374,617.3518958225422,110.53656397220576,1638.213277350944,14188.591707679872,70,684
20260313,214.0463750181932,801.9811288987432,452.5958898118513,14.740556306223036,890.4512233174795,66.68583263269284,5855.906729659345,2,231
20260314,292.77367854001284,872.4332478965277,424.8544093513385,403.64108553537415,446.0677331673029,1123.8346573579647,9103.379278566832,40,390
20260315,115.93559934388206,624.2654388202251,449.41967042570036,703.9640751801338,194.87526567126693,653.0133586392906,5719.175886713806,63,313
20260316,192.2839700184529,642.1441886526745,463.5448783791478,207.1418660795694,719.9478906787263,296.20890878456777,6109.119905286243,29,326
20260317,305.7013671979225,905.4642669869017,389.0651595840001,709.6001091054533,68.53021006254696,215.6317336244356,8934.49186412473,8,348
20260318,203.2856962100872,811.2036512219499,434.984242977807,98.42418253117619,771.5443034244379,309.89349164436277,6303.589342588615,21,283
20260319,102.35413474815435,664.4503179300017,556.2177327183848,282.08638288872675,830.3490825480428,15.985599264277184,2826.7848397956113,7,102
20260320,217.6776015860746,745.7192088709198,419.7086634856129,685.8721513178034,153.5451756534224,631.6629125620825,7400.20219368385,57,353
20260321,226.8754315322611,798.8567052344429,392.9589577800775,490.3205492614655,295.5973662986896,464.7436002512336,8126.3372354074045,41,397
20260322,200.1948917096767,828.4274182415683,411.1162299885171,524.2402594605256,297.99220051650855,525.506304679731,6383.927266615929,32,282
20260323,249.182866967267,660.5043228393054,340.9489154726763,538.9456707626377,142.9521601827148,660.6505161711707,8964.773365089186,37,447
20260324,138.0176734930478,645.6025294955282,518.6099865908009,883.56020829105,153.65976489055177,213.2736743272301,3810.2953594792525,32,120
20260325,309.7874831444966,887.2333225658591,522.4247348831877,104.82803703362163,940.021432732754,262.4520252548683,6844.789554143477,19,211
20260326,235.75568313440488,687.0140206203604,326.33376582053825,153.11496733456698,499.55256430650957,372.68687536448977,7890.0407252618215,16,324
20260327,352.3498687738582,693.1026548227225,347.74550610907187,177.3217315324737,518.1692806856701,1593.7171555408595,9358.256741641406,34,411
20260328,103.23971037777478,586.7813203595125,479.5546262032227,797.3949833608945,161.71426904555096,82.49847161448058,3806.945289269536,13,221
20260329,143.8659264381699,790.4766414333022,507.3510654334884,197.62776857702636,817.0743622899504,215.92800077121856,5658.492495795017,33,267
20260330,328.6413847444285,904.8048553586814,396.2004497718474,583.2439579440563,209.15694159963851,860.9808283946072,10290.23162662682,51,429
20260331,188.74764356240573,890.6761970255828,462.1437825662672,840.9838401077325,83.3037250248019,408.395307143029,5832.946609530734,28,268
20260332,217.08680230768783,644.8593004835761,306.7242005109744,309.2338611349757,304.2145398869731,637.0336056920924,9099.073594369478,63,469
20260333,165.81084705807666,640.7890705972184,395.3834574305817,119.0483030029194,671.718611858244,468.1101626404437,5868.934354459992,36,271
20260334,114.08536006186768,759.4190320900477,473.79903490745573,88.7123026261701,858.8857671887414,154.36564387874375,3152.9158482875,17,155
20260335,333.3956692826909,743.4619520057169,409.44242594684096,629.5353844575936,189.34946743608828,1527.7485850677272,9123.951666078074,53,376
20260336,252.3021525555996,733.7034790235141,350.9000588929906,378.14872122251273,323.65139656346844,278.2800203847006,8081.045359718222,16,352
20260337,133.7980062754279,627.2785809781296,483.94893635107604,149.14806701035457,818.7498056917975,22.844518406877192,3742.630173025322,7,145
20260338,232.3649796621328,627.1560417960785,352.94480643110757,642.9852246282052,62.90438823400992,484.7595417553956,8770.200467317383,56,389
20260339,195.3426242109917,752.3171740269062,388.09318588232367,582.2566390393337,193.9297327253137,528.0427579613046,8814.600756321013,47,541
20260340,232.2386574247392,812.2379642172181,465.2871620405995,74.40695946485982,856.1673646163392,562.0320048294438,7159.970501109556,38,315
20260341,179.4339181589634,733.2241550494053,549.4494737895986,147.03328682989408,951.8656607493032,106.01348904364212,3878.3371449057017,11,111
20260342,252.94133701946356,926.9555501067664,567.3792993222663,584.221859545114,550.5367390994187,500.2983239662787,6736.9999608043945,20,223
20260343,155.13825390547188,859.9779892175848,488.265034215278,819.6589878713097,156.87108055924625,295.9556050116271,5267.82940706193,14,233
20260344,155.90152658241823,647.1938560599185,441.8893541243591,31.103799999999993,852.6749082487182,78.19917234718014,4313.048243130159,4,167
20260345,276.0875922901538,656.7305107108914,568.7204050438031,431.3529077370749,706.0879023505313,563.1779817443804,6207.453796180906,22,213
20260346,203.68569873029574,783.0532547756244,503.1017779371509,75.60580583705764,930.5977500372442,338.11339252933897,4709.852180047723,14,194
20260347,232.45382658252387,629.7303525070947,474.03969968601604,916.2620553507171,31.817344021314934,721.8692418062378,4919.722588550029,26,190
20260348,207.02695476471098,587.9049019289054,393.2902295787163,589.8091385300592,196.77132062737343,846.396766778211,6936.317708388368,58,304
20260349,133.40462642704932,659.9664615600894,550.7671734802508,782.4513550242195,319.08299193628204,139.56160304514347,3441.2585537107757,17,127
20260350,218.47884988441842,835.9585939567193,457.9934005214925,545.1222290325993,370.86457201038564,347.5503299001889,6147.080399785223,25,248
20260351,111.06541303563151,708.5070721834686,544.614469803038,794.8675506245733,294.3613889815026,111.76331985861236,3459.3065865084013,18,154
20260352,243.86361567629797,746.4072334766554,543.662666094192,220.5708615547822,866.7544706336017,136.4659641081612,6050.940525312472,17,224
20260353,179.14264640749263,782.9687910521321,430.6962248361052,791.2396067903275,70.15284288188303,225.71387365054554,6308.93385730457,30,317
20260354,192.85382004115357,626.3087390331427,380.0280762738099,457.53283757485264,302.52331497276725,324.05222671789323,6878.552969551735,17,343
20260355,118.53253229386206,577.3562915985107,438.5523138239406,830.7666364702085,46.33799117767278,307.9034286866485,3632.0437692406294,14,164
20260356,160.70879222355347,573.6767538043309,468.0695180156414,433.9078418806707,502.23119415061205,654.1897393550281,4285.706934819608,59,191
20260357,164.4527334452854,636.4655074362973,467.76120043445485,131.31009845443506,804.2123024144746,160.62852156247965,4518.55429009719,22,199
20260358,112.37142645144715,602.4194645455254,433.21175947260565,732.5357322123117,133.8877867328996,180.4962329157266,3847.393336442473,21,181
20260359,244.61832137687566,629.2283069343766,425.98293283375233,750.0940832600616,101.87178240744309,1220.1141540871672,5922.619241789136,28,212
20260360,218.9116165854858,842.0845538070446,394.12184700828533,715.7154070672219,72.52828694934877,642.7504339708565,8227.44606419494,32,362
20260361,273.75361566802104,805.1552593361615,392.4602330571844,696.9094498175867,88.01101629678207,1084.4180100195604,9631.22872141124,64,504
20260362,231.49842624028418,825.64682692496,334.23722860075804,639.0073771522601,29.46708004925595,332.5697219568499,9199.075886421086,41,473
20260363,251.9169363446799,926.8276132051494,445.62479159060416,802.2475868817794,89.00199629942888,511.92779944725544,8218.757050519827,32,338
20260364,311.0555770227627,566.62062220692,289.0989345479444,314.8372087805199,263.3606603153688,1092.7011697123135,10799.411675908475,114,504
20260365,116.12713477541506,602.4008628449315,580.969312979259,477.6512273867419,684.2873985717761,56.49761238571438,3028.829757483534,18,130
20260366,125.43791828488277,660.2567843396831,567.2395757756133,319.84950635983614,814.6296451913904,62.368589297403936,3265.0327968191345,12,132
20260367,216.27283619288028,586.883243621358,397.9633340500063,343.586925999766,452.3397421002467,867.908755728316,7508.775857275901,58,357
20260368,244.30474404333074,782.4621381993702,389.26060156312553,402.7263932890173,375.79480983723374,483.04915165916293,7646.447188683871,30,326
20260369,139.43427797312268,690.22646783002,484.76748940269545,689.1011336424115,280.4338451629794,374.362110910105,5277.671623001601,53,241
20260370,93.04866820686505,788.2717559664981,506.6890605395276,51.7274,961.6507210790552,0.0,2548.247354716927,0,87
20260371,96.52926304999193,625.5414417199437,493.1595604977707,173.55512071353562,812.7640002820058,148.61604904182207,4160.627294586736,24,240
20260372,140.69402617976266,718.9683967871679,502.44907837742346,867.8782995821651,137.01985717268178,66.89167501701591,3774.3676193082056,10,137
20260373,337.7771295486312,560.5408236402344,533.3368814124165,632.8669768570976,433.8067859677354,1257.9768505151224,7555.856629924048,68,317
20260374,177.30474907813516,591.2244946954714,479.64010948389534,794.731616591415,164.5486023763757,73.51694589345139,4719.751375280498,21,156
20260375,342.0598973657678,861.8054091785139,360.89560013678584,78.40058943096756,643.3906108426041,540.790585450574,11514.025169015707,42,492
20260376,155.37580495840157,637.1462151967137,399.51580241525727,218.0501488533031,580.9814559772115,125.48423128123324,4844.452201261977,7,215
20260377,329.462686789009,735.6837538066474,445.99812387607994,336.9010594413406,555.0951883108193,1427.407711701081,7253.112626057889,27,238
20260378,145.0022147714583,552.8107632634817,344.09893579478864,583.5225983508974,104.67527323867985,169.65502095533202,6011.645987744826,27,317
20260379,118.05737489524665,686.97956360398,476.22469688384297,892.1150119611016,60.334381806584354,122.62999228861615,3336.1061817355394,28,149
20260380,301.6050388430603,831.8038900498586,290.61348580341235,371.59123261607374,209.63573899075092,662.4493659399626,11229.067184604724,39,553
20260381,266.1258781487944,959.0254081686114,474.7006516251429,445.61107058065636,503.79023266962935,570.7977793771818,7387.862140590437,35,297
20260382,160.4530425658326,568.7975363602443,386.3355973271547,551.3930431119518,221.2781515423576,409.0150968527585,5524.346310239621,49,259
20260383,307.640975081967,727.2977944091189,266.33343782146505,309.8771441270734,222.78973151585677,1180.1876263990937,14813.82359173162,114,886
20260384,147.57463644628024,551.3534360165905,340.7523484339014,174.87711945311338,506.6275774146893,258.3295101557543,5338.243593690751,15,264
20260385,132.51271125312894,532.1734557469559,520.4400775433874,741.9287476457283,298.95140744104634,266.61836436724286,3323.016424891807,37,128
20260386,130.91309627242788,558.7584968612775,424.1926739352958,127.32723564011219,721.0581122304793,355.2874845651838,5168.810461599282,35,239
20260387,161.0242268352812,672.0219988781804,426.5852071250765,452.85484140985477,400.3155728402983,177.39504966373187,4753.162086557536,7,178
20260388,174.7654258509309,627.6926101665617,463.0153468411469,491.6857197106177,434.3449739716761,162.11059723576972,5348.951852974315,10,203
20260389,220.54484156111383,530.0344346325792,285.85024277579544,201.3003010343344,370.40018451725643,838.0007227757083,9532.911675458952,80,439
20260390,214.02948193359552,698.1890532493837,361.9713919884937,98.65025208857304,625.2925318884144,283.8165639627962,7647.483708923606,17,366
20260391,177.19127422845227,730.3146616005382,327.39119601761183,578.5397899378048,76.24260209741884,416.1403614703358,7039.838743254632,54,379
20260392,147.26163251161154,805.4523975526841,529.4016109732137,436.00600662518656,622.7972153212409,172.98061129046843,5481.384007924885,22,257
20260393,284.6451733538559,599.6562774061176,350.88373765071753,385.1774709356407,316.59000436579436,764.6595522970374,9301.251101812608,56,426
20260394,192.6902703823183,580.4100356227872,383.4116303768374,233.08681722481143,533.7364435288634,477.22001694536146,6563.411167276371,29,298
20260395,185.80476296545856,791.3651389255215,426.30785137905144,57.561837046719795,795.0538657113831,289.31781450035896,5865.613238730567,39,293
20260396,154.54242949128295,596.0144362860317,322.59387632822165,448.1960133017743,196.99173935466902,233.15887610941357,6413.64084590276,42,319
20260397,105.11629759132308,572.5776676487179,474.3254259664353,460.3905596765029,488.2602922563677,150.1019533142801,3385.931134704843,27,162
20260398,117.44310345705986,575.0426177935014,433.2617589743002,329.6928933501349,536.8306245984655,89.03747461361975,3752.8532460000442,24,166
20260399,215.0182993486497,667.4532786888938,400.43113239433427,754.5418705888053,46.320394199863244,563.5797681021778,7526.214376518076,49,382
20260400,252.80432557876458,759.5652867636492,416.02998614346825,427.76374257567534,404.2962297112612,704.4276786282758,7917.228688173501,59,369
20260401,229.58766480691747,673.8845142371605,385.0706736501695,201.024197458757,569.117149841582,285.923997396289,7491.657569577095,39,335
20260402,391.6002040945971,781.5167887715565,567.3955511761034,349.4380807276863,785.3530216245205,1724.3404004525607,6529.608766698188,15,222
20260403,284.9596168619119,834.4755938333398,385.8025587349564,484.55288826666066,287.0522292032521,909.5625812556641,9478.552675579722,57,440
20260404,132.3093256983375,619.2543141443583,459.6641959478918,851.1518632676,68.17652862818363,270.33290059909035,4806.473548167525,34,214
20260405,213.8802350001523,539.4033116286203,380.9704796916503,543.9242966450967,218.016662738204,600.3858010774611,7271.523484695243,57,291
20260406,99.62617826968253,782.1913399746197,484.4751654964193,938.8528644120513,30.097466580787366,47.74903452995474,3501.87300807875,2,172
20260407,223.62741735337863,844.1929508812848,424.5950828597943,574.965782776945,274.2243829426435,533.754845389291,7632.516251638726,27,341
20260408,326.1186064107242,649.5044296558565,281.30472611262167,238.49459656640119,324.1148556588421,1528.341855827731,13493.340619961307,109,733
20260409,241.48813934554477,658.8445586133555,473.19769143940744,8.95239137776091,937.4429915010539,210.389781025134,5922.065012236963,11,203
20260410,364.0331554298527,866.5483398894596,339.1360656247522,97.20381457126547,581.068316678239,1074.0761904113494,11775.715454016652,44,547
20260411,96.21902975349715,638.3604497849778,604.3906902288336,602.7690120142958,606.0123684433714,72.10820300083185,3143.667746630876,10,143
20260412,221.32130068669443,825.1965324167445,442.44614797817616,791.460186787568,93.43210916878435,481.5572361349898,7072.297861055253,42,350
20260413,243.36529376757522,724.9113061937784,461.7568284379118,62.50468045945591,861.0089764163677,157.18493427853355,5632.128567571795,10,165
20260414,253.599740846671,777.0141360802751,335.704135547359,549.6640105321061,121.74426056261188,429.28058522747807,11337.780096972552,53,586
20260415,140.149946450441,742.8087594722717,475.34052439159905,67.39282109815628,883.2882276850418,74.59832639479218,4560.428094630079,9,203
20260416,419.32614704277387,893.4481718719004,287.67475517912686,280.9932956983902,294.3562146598635,1256.8454483088622,15422.349442026756,74,668
20260417,292.2746882752974,680.390856841143,342.14888613441434,144.65295064682314,539.6448216220056,788.7579897539784,10306.274802053089,86,535
20260418,185.01886945098488,777.2715052326953,419.55828286839886,564.4482034686188,274.66836226817895,194.53194119927258,7456.308844571944,31,401
20260419,175.31267215048038,597.7886635204729,552.7009854507602,922.0733868665934,183.32858403492702,264.5940739826818,3962.2809738756946,28,134
20260420,178.77212313343068,688.8305977318767,376.48859601211916,144.66727933703194,608.3099126872064,222.15661640447792,7116.213224187245,38,363
20260421,168.55190034142652,617.1217594228303,436.20843656371676,326.7973584575421,545.6195146698914,507.82374795981895,5699.973186174182,24,244
20260422,228.053584854256,712.8547697846817,463.4937579016247,472.13804834851146,454.84946745473786,856.9467292804193,5691.853887854903,13,228
20260423,222.52427600729692,646.7961963263741,622.0368638528449,954.2245573239425,289.84917038174734,345.4717719459697,3820.4658244836273,14,103
20260424,304.80296378172085,841.3200652065627,427.13436109966534,307.03491660685415,547.2338055924765,424.15923239377514,9714.750993092228,46,436
20260425,190.58006845091424,646.9051419169218,448.5891942199774,340.8725199410784,556.3058684988764,574.7498469111432,7418.922314073071,63,414
20260426,105.33962541621986,624.0570864410189,418.3567254128635,568.3351584826847,268.37829234304235,344.94398225965824,3682.8311572469693,16,181
20260427,142.31793648680642,745.474487428828,446.3021335434572,740.8469685028102,151.75729858410418,336.83089966720223,5499.195714108043,48,315
20260428,103.1761169173725,558.221196822789,430.2233324121976,47.51723538673187,812.9294294376633,209.4657843136218,4402.912843141574,32,253
20260429,192.1799011037684,729.4562573176863,574.0478951579934,844.6505515688443,303.4452387471424,52.401101269851,4808.368440847172,4,162
20260430,268.41037114108104,808.9842251942387,380.11930232884697,502.35339110946825,257.88521354822575,515.4714524457343,8665.429914180893,36,342
20260431,341.63835999538657,844.0773046703546,434.7218402269465,275.9205870715273,593.5230933823657,1291.8211945383032,11345.210824939493,78,466
20260432,250.3341973468025,747.4115380429146,409.47535457449305,419.3523457508759,399.59836339811017,545.3313359828758,8191.481005430959,58,385
20260433,190.01367996114016,785.3558875816711,291.94475856341916,232.39981945220754,351.48969767463075,477.24418027770236,8113.6739815748615,43,431
20260434,185.7018169813744,712.694448043995,339.75808860028496,443.19912481277714,236.31705238779284,438.82287252680766,7715.487947392892,33,452
20260435,195.1130252476048,668.2505833476339,336.6932241423686,34.516793191672804,638.8696550930644,476.9441697190847,6912.992685853688,48,326
20260436,146.94142517392402,603.4467955763679,510.8231484802908,396.10314763002435,625.5431493305572,362.9856812111383,4090.9716993335883,26,171
20260437,284.4302252340705,838.5602781183533,379.02638229226056,93.28674500590078,664.7660195786203,1034.64192962811,8505.11170496934,44,394
20260438,210.33446878023364,700.4334264116447,331.4152624321398,491.9274587366725,170.90306612760708,359.4017382098232,8675.783381879806,46,490
20260439,189.20517272062358,612.8318098006168,345.43575929986036,540.3764507486628,150.49506785105797,397.48524202679147,8167.7681872684625,51,423
20260440,224.49886480161558,631.1684551310681,368.7538474000761,600.7968061289931,136.71088867115904,710.1336075554433,8099.876343619085,55,460
20260441,121.98428850810711,574.6891846121882,582.0365081120024,756.8622790050488,407.2107372189559,250.4663119889653,3502.25684175809,27,173
20260442,94.17422409857696,508.6109969980878,407.53206448339614,21.284678105868927,793.7794508609234,276.6939664198259,3313.1454367250926,14,165
20260443,233.67223281952704,801.0970886432943,290.19050351439665,269.0562515269476,311.3247555018457,878.4049031341787,11095.653844109855,75,608
20260444,339.6518576438237,634.449173091767,402.0604454046183,596.9622018893857,207.15868891985085,1452.289838248164,8706.616891534684,67,381
20260445,186.17463917386877,770.2389468167953,423.095051663093,43.997840034384666,802.1922632918013,71.36781400852539,5591.232296289156,8,239
20260446,276.14066477584487,785.351974461674,445.1246275879875,806.0065641256299,84.24269105034507,291.5395235187942,6924.362621684595,28,239
20260447,172.80396241375246,878.566329177212,477.6149909353528,604.5288419044364,350.7011399662693,298.674322778682,5384.5171460170695,30,267
20260448,187.54123926353543,594.6243278271925,398.3399453385443,126.48453399872577,670.1953566783628,874.3050294489814,4893.2336973937745,45,223
20260449,128.53259277240227,738.2420707115766,513.118865932958,825.6815657818237,200.55616608409224,328.728925521165,4092.779527151594,9,189
20260450,152.48637083362092,726.3286206567808,421.80096374699707,761.1994994204771,82.40242807351702,357.62822212037474,6156.615305134295,28,349
20260451,154.59628094043035,594.3332269039461,352.6005512130842,601.3509396914232,103.85016273474528,620.0314690607285,7226.42224038996,53,426
20260452,150.66508265264886,706.0074868274106,633.2011672722035,864.9630535923995,401.43928095200755,44.355640158998256,4172.9846558388645,9,166
20260453,99.66305106090925,533.5666099056273,511.4486813112657,157.2957875592706,865.6015750632608,169.61590010507476,3574.6217820119427,29,188
20260454,176.14985734105372,677.2243992299187,422.08105495958756,298.14350068475835,546.0186092344168,253.68019967037338,5805.543587322934,22,282
20260455,192.2384871887101,730.1284417075301,455.7400104910851,803.2766586922178,108.20336228995248,166.84359063587775,6619.518449952707,27,280
20260456,144.79104132395835,596.7274314438274,423.0677711945738,137.056208629728,709.0793337594197,263.7029693766506,4552.008816055834,19,217
20260457,130.1672076225929,570.173401678022,384.80558786754216,418.728989702107,350.88218603297724,176.75279369666453,4868.793479184977,27,228
20260458,197.2479797878992,615.2773930169652,369.59860615373833,515.3496369663371,223.8475753411395,412.73820274520415,7883.081499832925,52,429
20260459,208.24066217530662,675.6639079585756,639.6854501861683,660.3319580002186,619.0389423721181,308.07215460357406,4683.022888846927,10,192
20260460,106.39450038431792,713.4118920067452,454.7658278800639,899.5649557601279,9.966699999999998,29.199347381557537,3686.158752684169,6,182
20260461,124.9241130721233,874.7119149483434,468.8356691894892,296.6347560320617,641.0365823469167,116.12344390506739,4145.085424297493,21,216
20260462,173.97508611415998,736.9775942873991,377.87094038961584,668.9859885216498,86.75589225758186,276.0263036493052,6741.758771690219,31,387
20260463,254.8856508370155,656.8730893893805,410.135982680191,469.9967624959194,350.2752028644625,561.2208044544285,7873.805556049548,49,297
20260464,101.01422988156845,544.5793401475765,471.4121183695231,92.96141219247552,849.8628245465707,34.36202777114522,3266.2016546573072,4,170
20260465,180.82702358940423,779.3361860771709,397.3642760150042,224.90833541717035,569.820216612838,458.2619977779794,6638.990858038302,29,307
20260466,257.3495196591202,671.4195041606123,464.80008921011586,817.1198591468077,112.48031927342402,619.816294539285,7078.374956020323,37,323
20260467,133.21341147205763,624.5917592086739,454.676785946312,876.6231273818493,32.730444510774724,300.8687008567268,4468.458339162127,26,183
20260468,96.32371698531944,630.4987231372036,511.8812910322186,173.58922123372986,850.1733608307073,157.38737735334175,2924.479396629542,18,148
20260469,190.0108930195885,837.6219613371451,347.73516105616045,581.5692963571712,113.90102575514969,243.06864939692284,7104.415895714511,40,344
20260470,135.5642265526892,597.6305734086918,370.7702156030488,214.8917217458286,526.6487094602691,233.09533246519445,4773.6242413478385,24,197
20260471,214.26850781898182,769.3500229175987,351.92554105231113,326.8062399128226,377.0448421917997,500.7217674264467,8117.6810121958715,22,374
20260472,203.6526169267923,806.5472455657197,424.099496524081,97.9779806848866,750.2210123632755,281.63521932623553,6778.682437185761,32,332
20260473,172.987135561123,704.7008945715779,345.9991000616785,232.72688892784245,459.27131119551456,335.5090103362695,6759.164975809638,16,311
20260474,181.45845217563888,734.4192283774352,352.66665324894103,454.7130968055481,250.62020969233393,362.93548297725965,8574.740203011575,46,488
20260475,238.88743994719144,856.4335336558419,390.747432890377,423.14544183096916,358.3494239497848,463.582231514832,9668.110251632064,47,526
20260476,276.4874957612895,733.2231168435749,380.56005313348203,147.76561068918548,613.3544955777786,747.4406938815533,9887.630801644293,48,498
20260477,232.16051970274356,686.9540203742757,399.7458551279614,294.3002869827344,505.19142327318843,986.2239042435758,7084.0510639437025,38,386
20260478,279.17238936947774,837.2208281558875,651.6937131289251,462.3829584906454,841.0044677672047,839.9460792095292,6704.757290595308,34,280
20260479,90.4113993238443,616.5992299769591,574.2038847688225,248.01463097787095,900.3931385597741,8.752987535088435,2528.599850849147,4,94
20260480,99.69665921584286,544.4400989854565,491.8629361035761,80.9627116407951,902.7631605663571,161.99994088970178,3403.528947099226,17,170
20260481,303.8199753588287,733.677571762148,535.5459714997407,231.8288743224009,839.2630686770805,578.9061259901055,5866.79343565846,21,203
20260482,109.78156293652111,539.3308304003727,378.68430440484286,246.6990253022169,510.6695835074688,286.7727091318194,4405.831324291891,47,241
20260483,214.65232963972045,565.1892640806401,352.96599156578475,415.07038569374185,290.86159743782764,1034.2318568348128,7004.568866336467,60,348
20260484,178.01586127797702,886.1598379487839,420.228217040498,714.4960555528643,125.96037852813171,313.4072101276718,6068.665854037795,12,277
20260485,310.8639162196681,907.2714936834948,454.11762073937695,568.6755540600815,339.5596874186724,457.3908059634287,9161.75776157246,11,357
20260486,169.65484006303333,659.5915954983112,484.42882718731573,848.0830265449451,120.7746278296863,71.89524691663425,5167.283532129148,21,176
20260487,93.62848092476267,544.7379216121375,472.39202436890656,22.990071481377154,921.7939772564359,81.11320182983218,2918.1833345720397,19,127
20260488,272.1536120289276,725.1365428492528,387.679096769774,394.93525209994465,380.4229414396034,574.586266578043,7663.128481895514,49,288
20260489,149.75959922765315,524.0428341483394,354.1085015654143,270.7109324822599,437.5060706485687,579.5889089363341,6376.835200212179,52,349
20260490,141.19263039784687,630.2348624579638,484.8214747818922,918.5357352684991,51.10721429528525,198.7247547712339,3537.107254931362,28,121
20260491,123.82927649714395,662.1159160193997,682.5858748200565,748.1989238177239,616.9728258223889,26.17521365643006,3099.764148639031,5,107
20260492,199.10104959648694,612.1496672288614,356.74706099496433,583.8257274413241,129.66839454860448,529.9697751725432,7999.89626913049,75,413
20260493,376.42314184632227,699.400427542637,419.35383362329026,629.0225570293721,209.68511021720843,2026.8111948726753,8719.57815954256,36,320
20260494,174.23053020215903,681.5386439752025,495.0836073299038,611.5349197356508,378.6322949241569,428.1619335265497,6104.775774587928,36,293
20260495,203.02911679916957,867.8655170177084,534.3601891054567,154.1061098533154,914.614268357598,52.964662017258895,5029.326170423187,4,179
20260496,338.66192751848524,813.0884688642383,489.6193443221903,337.95814042826277,641.2805482161177,781.6589931452354,7822.39544156097,34,223
20260497,97.97657017788815,650.9112826377766,485.6910505066852,69.87279999999998,901.5093010133704,7.252135317018184,2885.925091904282,4,134
20260498,125.31154159827064,571.620910675959,386.15552079399185,474.52463526829024,297.7864063196935,480.353588010155,4353.316918121997,24,226
20260499,241.37324276788974,599.8035856678582,361.4201636790892,308.6489535690415,414.1913737891369,600.3900253469114,6655.449735641268,26,289
20260500,146.21663057453043,739.3929287282982,535.189956191506,637.9175260967332,432.46238628627873,222.94140787470207,4330.010374268302,20,172
20260501,201.1926945998664,821.8805756932286,456.31539609800166,134.61389506199296,778.0168971340104,206.24666533787868,5678.825867104202,11,210
20260502,85.69000124839727,749.269477640923,612.7156094393099,468.8328982616807,756.598320616939,199.59122613109398,2419.179385510011,13,106
20260503,134.7529596125345,581.2659325136814,365.0379732349151,618.3134621176614,111.76248435216885,306.77321807782374,5808.380685342607,31,271
20260504,317.03921721622675,773.4387123461737,407.66876627907675,96.6357844864099,718.7017480717436,1383.515028613564,9335.124683629938,54,389
20260505,281.1313681359955,777.3073457856644,362.80748780589187,580.6656919165684,144.94928369521526,1075.7646675209767,11012.63921744625,113,504
20260506,228.91529088401808,654.3700447966442,318.3972796500497,157.33661461757995,479.4579446825195,736.0685686321901,9860.0214057394,45,508
20260507,235.6254680408384,902.8917108960329,537.4073885164678,971.8890770329355,102.9257,426.1649615391218,4653.9332231362105,7,151
20260508,128.56855002579474,734.0578322743249,548.7660550744203,677.7075525659083,419.82455758293224,253.50206095698343,3328.029732338681,5,128
20260509,222.92750553645345,570.4949596613668,255.07200131857937,222.35411644017165,287.7898861969871,575.2373606198757,9963.39619855781,53,475
20260510,163.1235273018218,652.6150754313754,439.2665275303513,700.877099599313,177.6559554613896,302.65633548143575,5115.369745874421,34,259
20260511,152.9890767588857,714.9015634829482,476.4904737985891,369.6917009363093,583.2892466608689,192.63294752119492,5209.084811463762,13,233
20260512,133.27199636808297,680.3185678504417,444.21542103881154,172.38901930795853,716.0418227696646,22.934434796814458,3632.328267330787,6,160
20260513,194.44073489661005,785.9217490996406,390.79190418385366,66.46464100364014,715.1191673640672,536.9182813758065,7541.273766438561,53,381
20260514,168.6648820538183,567.3908847538265,321.5314632339134,338.89989830682725,304.1630281609996,389.43273951027567,6628.768926324255,37,332
20260515,241.7897857474677,551.6331349386795,281.19192877551336,328.53800561055795,233.84585194046875,811.7155874743991,8478.600041980222,61,413
20260516,84.40521334508074,656.8339724167587,482.1640102853708,925.6668205707416,38.6612,27.048545229650166,2248.014190682686,9,105
20260517,171.6529326793378,600.4700455856321,415.2329403448095,654.849077630265,175.616803059354,320.4786262937483,5948.314702810404,33,292
20260518,350.7280520743684,669.3671400660747,458.76329676491423,176.74682932713378,740.7797642026947,1487.9451850692938,10536.66531277799,80,502
20260519,217.73290689510944,900.6220896685213,417.6952555221212,197.7792607873759,637.6112502568665,112.95047314421564,6643.928564502016,6,284
20260520,90.14667243285152,571.8862435180537,482.82440804728134,68.88434055129747,896.7644755432652,53.04739533781825,2727.9859965845694,9,149
20260521,125.24696237818158,703.8180084529116,399.7518387178074,752.8187480372221,46.68492939839272,376.3579857985557,4742.346098175277,33,279
20260522,125.33633108791358,740.8991294312074,485.13545083749125,518.8503623207143,451.42053935426816,396.8634510197413,3709.3876309520147,14,160
20260523,235.08692844645034,887.6451952422938,440.54893764482165,846.379193858467,34.71868143117628,392.0674770554921,6759.3080631448765,21,242
20260524,137.23956428009032,640.2771256572591,479.3696128934129,492.994637961399,465.74458782542683,225.17294697702883,4031.5406054512946,19,152
20260525,262.991214287317,902.3870194893387,510.27313391325924,204.84590854559656,815.7003592809219,361.00491841135255,7287.980595804202,38,304
20260526,123.7527601329507,534.2790177198397,363.8923767907149,393.4873167338578,334.29743684757193,335.05073905452605,5137.012899403504,31,283
20260527,144.1938237928906,750.9737356876323,492.72305908759637,935.7875181751928,49.6586,0.0,3361.66356437082,0,90
20260528,117.14424660603794,537.9230117890986,342.6922726056374,365.0839433170661,320.3006018942088,147.20104898543374,5168.920837831006,24,268
20260529,204.45575982223713,926.9120897045993,507.7176087133124,867.1451822677886,148.29003515883616,326.43712415283164,5492.944428809191,22,244
20260530,234.18846904383415,815.7949699333606,346.8137775729232,591.2177663454108,102.40978880043558,292.7176591762522,9011.01427412676,23,364
20260531,126.76962779716527,599.3474002560845,421.69474697144386,762.2021113039601,81.18738263892757,235.6912783410048,4372.189147357849,28,198
20260532,168.12675456660074,523.516483261194,489.87955969702045,689.9138131070865,289.84530628695444,253.81867350362307,5661.910087440478,40,278
20260533,287.2490366750224,855.3822447131204,445.15048278229983,634.5231590092195,255.77780655538015,813.3197817814038,9007.775416671037,70,394
20260534,219.08209414801632,846.1397275086896,402.1992346542511,75.64463378936776,728.7538355191344,488.96726505145443,7980.182396252449,49,392
20260535,92.79908288904143,572.8285949039802,472.68554725549626,907.97017766186,37.400916849132486,63.26483996174735,3388.2148977602965,13,176
20260536,171.5474789343477,528.1243411027206,466.67657433149594,19.918899999999997,913.4342486629919,199.298467344111,4940.550565297569,18,221
20260537,231.9177042548793,767.8398367856479,343.55212090430337,152.1531412825483,534.9511005260584,387.0081757989008,8883.446539305001,35,438
20260538,393.2061512596539,831.8461297108267,399.6492654363545,603.5506726612779,195.74785821143112,1146.4704540314397,13066.16669329591,77,614
20260539,235.30517780677917,685.1128208067638,300.16648732375575,427.4250913449863,172.90788330252514,519.3902006698705,9585.474296748962,50,455
20260540,211.4123786625192,842.1445610840332,395.15723631712456,417.0431458216078,373.27132681264135,837.1233248785079,8421.281145234203,79,441
20260541,130.56743975888693,863.0487790496717,463.7511803557128,889.1932513143586,38.30910939706697,60.0358675677285,3529.5975085214523,12,129
20260542,202.74605505214416,526.5528539872205,467.40610313340693,78.27661245038726,856.5355938164266,1007.9785842731864,4597.722939400811,26,174
20260543,195.9224306783945,820.3232917999453,518.2167005552694,914.2069047344793,122.2264963760595,178.23336554836212,5102.707864715287,23,174
20260544,202.84955325668386,727.0065768468428,472.149935832006,210.7548921363119,733.5449795277001,320.4586655971657,5701.984807191091,24,213
20260545,221.23421817731355,667.5583659046405,389.10005786126555,626.0059078261011,152.19420789643,353.71086362311587,6811.121727645845,25,340
20260546,182.21593326910303,851.3048971103559,469.25066781862796,39.6509,898.8504356372559,36.95541387744217,4694.268588949392,6,157
20260547,205.51189290958231,582.1467359027608,354.1063295400828,607.8556858841843,100.35697319598137,813.4458881065079,9384.385047426947,91,541
20260548,266.42133042736657,857.0761378351594,459.3736160956408,908.1096321912815,10.6376,433.5069120859723,6391.020717631619,15,207
20260549,298.0734998893011,646.9689483103646,309.410258722364,324.0349864904719,294.78553095425605,1131.5974623275288,12568.955222159948,127,727
20260550,87.8206897305148,515.8930210303898,440.5980660940687,196.58257497202018,684.6135572161172,214.4895663541517,2993.6949644102674,11,104
20260551,145.89044147185535,549.960811949951,498.72243249208736,765.6057670413466,231.83909794282812,208.86818592216233,4614.027508354008,42,238
20260552,177.05487906847378,595.6531444458084,467.4949869304185,868.1481868574746,66.84178700336243,615.9466402670372,4170.199711153549,26,143
20260553,156.11406322359468,846.1188951034795,451.9149356224489,179.16162344502013,724.6682477998777,283.2297456379913,7027.715802398927,30,441
20260554,118.5431057698658,635.0045929969267,458.52421289598146,325.09521027413325,591.9532155178297,108.5657108045294,4240.234153585279,21,202
20260555,204.97708674931363,736.7351141158706,385.9721279728582,420.0627681310544,351.881487814662,483.9880011631828,7656.860876067648,55,373
20260556,93.84766866216194,514.0085541377751,387.9843270239508,214.71484246996002,561.2538115779416,215.29021966393884,4163.950395955932,28,214
20260557,115.18207889958255,713.4534564687594,457.6964214373193,874.6339227305835,40.75892014405507,242.17887128182997,3398.116377870262,19,138
20260558,186.52997418299992,815.1654036903483,400.70132721136724,463.17318957995417,338.2294648427804,561.6080831189364,6518.907660446127,24,302
20260559,246.96883675135356,831.7263312025175,343.769427081303,457.9803741591867,229.55848000341928,520.7925068919419,10071.141090731866,43,560
20260560,137.4780113730736,510.03167959752426,269.59824172533195,278.947390686822,260.24909276384193,435.15466165246517,6508.027746500988,47,392
20260561,189.2006218972619,766.4196669422622,499.06190275232444,126.06412906292572,872.0596764417231,203.88264899143692,4894.626792350098,18,193
20260562,131.95361102210202,753.8967976673331,514.431461932113,414.21982532026664,614.6430985439594,395.22520522889045,3747.622559480997,26,180
20260563,277.95151847094036,760.2897700336473,481.4813053700068,49.00568639908313,913.9569243409304,191.500760511358,6696.790879465493,30,228
20260564,246.67855963998852,810.5483166597437,478.69267365507716,257.5050222872429,699.8803250229114,270.5636339683362,7573.791777333727,32,382
20260565,92.1560451262725,705.5532657676815,436.1689214063865,823.457759187268,48.88008362550494,88.36865589254239,3992.2904568063473,12,230
20260566,182.54851455840318,577.3016129711921,481.48864392555225,69.40989949478526,893.5673883563193,414.8658133736495,4397.334649672601,12,132
20260567,77.77519708865194,558.9802546566265,466.51871662645283,37.85238942011498,895.1850438327907,56.823137706928655,2534.681102191497,9,127
20260568,215.7353579153576,814.3906339328876,467.87276797562316,23.678299999999997,912.0672359512463,110.13000672414455,5254.502171487916,10,187
20260569,361.3587026324064,831.3816771775731,647.1362998858968,375.3697999999999,918.9027997717938,980.231988053163,5275.632359957451,30,160
20260570,115.904668226828,698.9738538569327,474.4677792662819,8.641423473035337,940.2941350595285,216.02136882486985,3809.514162311813,32,199
20260571,157.62873073162774,508.2549229182661,264.7807374204293,139.05891967176177,390.50255516909687,354.89846963077196,7496.238584629288,60,434
20260572,118.56816625286822,535.2815577669343,495.7772179065071,518.4720032274091,473.082432585605,626.5391417791684,4008.854032456635,28,163
20260573,216.58124222350486,852.8927096574185,441.5887335393588,637.2864768026258,245.89099027609188,204.5405727900656,7293.790705470295,35,344
20260574,181.52262027414804,921.5101503403644,656.5250346108797,973.9288140578769,339.1212551638826,97.37014593623863,3721.686216182794,5,111
20260575,80.79662459340183,752.2868702512288,424.09352313677226,828.386752358084,19.800293915460593,79.23484407281146,2979.2184460520907,8,176
20260576,238.4962778214901,732.0529596391591,440.5684534580377,771.1865760934983,109.95033082257711,440.6009876560259,6590.835895842791,30,263
20260577,216.3862538076774,582.6320268991003,293.49726220891614,439.4409158583869,147.5536085594453,539.5963624037349,8705.97108823182,52,431
20260578,181.63075361850937,704.1119043520728,316.3703900810698,451.09851931162393,181.6422608505156,405.09699338169094,6990.835874034626,33,376
20260579,214.57288359140733,739.6482207970361,480.0976632305425,95.61085635701039,864.5844701040746,86.54638626799715,5061.641006878783,21,177
20260580,400.2885169254857,792.7208499637126,322.7717608130029,93.02903194747822,552.5144896785276,1202.8201285071525,14371.011645138176,93,672
20260581,138.91606960444506,681.9306019262398,475.03860598205733,925.4593119641147,24.6179,124.21630508960321,3857.230287497982,4,159
20260582,205.90312023430766,659.4964038936905,429.4151023632692,135.28289880939903,723.5473059171394,369.62723251157365,6867.183557992405,21,283
20260583,223.64919769577367,556.8557736866431,463.4829812784397,42.93537799268386,884.0305845641956,506.6896268940352,5695.387836215207,20,218
20260584,321.55359669088455,724.0858293334832,525.4413344746893,375.77893397641196,675.1037349729664,661.1528801795112,7573.169944788478,58,325
20260585,90.99460867602293,777.5107286231051,481.1366870472825,92.45980059886635,869.8135734956987,144.09071699675042,3230.2681606304623,5,177
20260586,305.33070035112206,875.0357570991483,307.6826762157733,263.03237390378837,352.33297852775826,638.6686306272878,10231.602149821036,41,436
20260587,143.1384131940016,671.233667990565,496.61485237533225,124.29496021084412,868.9347445398204,569.3841502530931,3689.580486294019,37,195
20260588,246.39359923062665,825.2617041751297,693.6061438224745,868.4519694399594,518.7603182049895,285.93999124822074,6043.171427785028,32,226
20260589,255.0976562960097,617.7639637856768,406.7414670751359,420.7748714213877,392.70806272888416,475.89398838120377,8126.286128250779,54,394
20260590,146.25147111158236,794.6134711025395,601.0243539581777,935.6076854996066,266.44102241674875,65.01528642382571,3970.778294979076,16,164
20260591,279.3299328802899,698.0691619344692,353.53653590336546,385.35385057941994,321.719221227311,431.6102085693269,9877.291706930244,36,423
20260592,160.06800049296822,545.5216101679345,344.1927678966775,568.0486866384524,120.33684915490252,266.6632396116024,6165.710563733928,26,313
20260593,201.0563491073084,745.5848326232878,388.42655794632185,605.9660476634743,170.88706822916936,308.8341601075232,6660.27385063475,29,286
20260594,313.83576950096494,869.4197831808526,297.3352417867279,300.46988308667517,294.2006004867807,824.0480418286983,13184.106407142795,69,665
20260595,147.17307765741043,537.7715381779144,398.3699398733773,134.81634515118756,661.923534595567,454.1294182494372,5625.5603998079205,55,258
20260596,146.65312575919813,664.1020128333078,439.6228911372141,679.5556861745013,199.6900960999269,439.06148392690875,4969.23274955279,22,249
20260597,280.77606859245105,772.784970495864,466.5432352128058,175.36467333912665,757.721797086485,933.9237609102273,7155.737363129961,27,246
20260598,142.4962923524908,620.1324247936224,444.0061064616123,55.65311759544743,832.3590953277773,79.40295694985544,5252.749315923181,15,259
20260599,120.69180850464933,692.3921219308048,456.003260986793,337.65556376751545,574.3509582060706,182.34617838893217,5081.981685476408,10,252
20260600,141.85556570546774,780.0579626190519,500.9033155606599,30.798211592015345,971.0084195293044,42.312912798819156,3510.2641144720124,6,135
20260601,301.9670706989096,809.7162998701966,345.4307135903371,448.10427973709574,242.75714744357848,738.6391583543616,10358.57216639754,54,466
20260602,334.0016469233057,683.9906336799198,435.25025007287644,683.7871244627283,186.7133756830245,1573.8143354246215,7380.654829125722,35,261
20260603,72.38296050337208,546.123028562963,461.5336182923263,252.11997250016708,670.9472640844855,13.722071206961438,2550.3660920056054,4,122
20260604,51.3254877856497,558.8783018659162,519.9878281906423,839.2470804095406,200.7285759717441,57.741260963581965,2353.479564145256,18,122
20260605,270.3958268808634,880.9639203867516,473.09750954743856,798.4366659667094,147.75835312816776,259.42326414930824,7342.112709163058,21,278
20260606,221.08416269022644,858.694116246891,576.4393699159477,541.7055489023637,611.1731909295318,780.1235932562821,6005.3706656878485,47,238
20260607,159.81334747143248,613.1032839910521,506.19975229524005,953.0377045904801,59.3618,748.6343786445017,3895.5208418282673,46,162
20260608,235.11186655629436,801.4723199926593,478.17978188328,945.18616376656,11.1734,463.88122229921044,5224.209726372826,16,160
20260609,191.7320125299975,764.1388488294531,533.4730968328226,751.1341238067972,315.8120698588481,130.91924404444129,4981.794033136846,20,198
20260610,252.76383781531382,651.0301882987155,410.39620335462473,614.3242047901703,206.46820191907926,462.26003121513503,8096.605358813064,66,377
20260611,257.88949091040547,815.6450154076738,421.58750336665554,451.20197279030737,391.9730339430037,401.8299784856568,7721.592025954633,22,341
20260612,213.71477302907107,664.5653481692707,379.4583625743698,118.11418398748506,640.8025411612546,360.57786442630237,7090.951326197393,57,320
20260613,107.3279598022667,851.9121689162383,496.8039922501944,933.3283001402721,60.279684360116754,148.4149694209938,3802.617917808205,13,175
20260614,152.43841513970062,598.6170181939664,351.4579740763903,668.6896481527806,34.2263,227.58103087114606,5325.626254877707,28,245
20260615,130.01938162566208,682.0907867056148,487.39223954982856,917.5170766708554,57.267402428801645,26.88906917285348,3657.1323961938565,7,146
20260616,206.58382269513487,837.0364550055518,495.7098675786415,907.693112789494,83.72662236778896,278.69316307133704,5956.238430545989,32,257
20260617,102.42642589216346,652.7479146361684,526.6948223282874,91.49487335812516,961.8947712984495,66.94917411342976,2633.5695311017607,2,107
20260618,253.88327032451284,717.9410242562315,229.11335262780813,200.06244153720155,258.1642637184147,504.25156066542996,13079.975404883933,79,803
20260619,272.40630641462604,796.8262116481526,264.5174544290692,440.4983130235305,88.53659583460784,745.8799681087002,11662.301256638615,59,638
20260620,185.48867326520354,695.622581854627,455.8904798031152,880.3521091732694,31.428850432961138,559.9279433019683,6043.932614680592,45,273
20260621,171.1828036463825,728.7383074190009,478.25416910709015,731.3561294264952,225.15220878768517,310.3214995401346,5771.8500273099335,28,255
20260622,193.68795044100654,729.1302160486283,465.8141747017844,338.051014736812,593.5773346667568,299.0494330695526,5674.496652133559,4,259
20260623,146.62284863155188,615.985440784965,389.11355203490643,493.1551485613208,285.07195550849207,270.3547594637644,6009.893150689765,52,302
20260624,294.43886018489354,822.9874340481855,503.1810826673904,873.1546452870379,133.20752004774292,841.8005511263525,6279.325760797774,20,249
20260625,140.37198717235964,762.2906999466323,399.72473816189785,66.2571077636359,733.1923685601598,68.6849963880289,4725.322628097427,16,211
20260626,112.2889458856469,530.1295844274996,505.20693418322173,734.2598454854765,276.15402288096703,239.98118386800152,4293.443865385088,57,242
20260627,189.66471486168788,626.8308999210134,442.350860336252,36.94699935570924,847.7547213167949,274.0772350904354,5282.68875231904,31,236
20260628,177.25706143992457,768.741074006232,425.42963423497656,813.7794526538328,37.07981581612035,219.32079099627154,6263.8083249030815,26,301
20260629,145.06275882473463,579.0432701988575,400.2823537246611,593.3786352462748,207.18607220304733,528.7009668161649,4967.435838157536,28,232
20260630,114.90082933808515,667.6844975680887,471.01310893797955,817.7145887023698,124.31162917358931,309.05715936924065,3575.621217077059,24,164
20260631,241.29871578935516,706.3021524887334,376.2581492604246,133.45144368055807,619.0648548402911,401.4278619698016,8471.12440530219,35,338
20260632,101.85399721082612,706.1131302469919,446.7805321354909,843.6072642709818,49.95379999999998,10.321443927951021,3160.400032679301,3,142
20260633,111.77816280244943,574.7092841435646,371.673427371001,681.6956383626347,61.65121637936738,224.0571088485931,5107.566838698147,20,334
20260634,264.72643060661346,859.5466852754126,356.4980992881369,502.6749025013378,210.32129607493613,610.1134737063749,9981.384858296693,57,469
20260635,260.12747768331496,752.5114947881145,355.9277621710013,525.7639438831796,186.0915804588229,812.0391594800519,10316.972051284692,62,500
20260636,169.92542229821942,654.0314074124931,409.5255773045494,138.15179685290678,680.8993577561921,351.95370995217456,5297.329449837779,25,222
20260637,173.1365894814048,720.6041314164436,685.5080593283715,639.9498161744054,731.0663024823375,110.59438324098723,5187.329402510242,28,256
20260638,219.01468067465174,571.5842470187953,451.39602430738347,406.6669718204397,496.12507679432724,287.9713120326467,6692.078468855658,28,258
20260639,271.63342666444197,860.2733263137046,439.0844786097259,446.22457706638363,431.94438015306827,453.33974459397336,6371.3476563498,28,223
20260640,133.6761763573611,695.1850463267729,476.9242144250433,37.50494949508662,916.343479355,119.9817207848049,4341.306222320499,17,226
20260641,180.744576383721,693.5097000396137,419.2628131814196,549.0208340893496,289.5047922734895,511.88465158957194,5798.264290271791,41,264
20260642,245.8523711253436,775.9934483106417,510.0981028141583,134.58613684653307,885.6100687817836,285.297540186027,5975.45157955199,25,230
20260643,163.1318597541263,789.5957205093622,473.6592400792863,95.23675276900742,852.0817273895651,58.02594787191691,5139.639178223741,18,214
20260644,393.1821106462887,792.2557112795498,448.5872005039338,591.5811513994099,305.59324960845765,1214.800495712602,8785.87164653856,31,366
20260645,133.91779844987073,727.1145203436702,489.58463593175696,219.09201815829178,760.0772537052221,194.45432388098786,3785.569089848729,11,162
20260646,209.97054020851678,805.1295002940338,294.7461832187264,310.10893903702924,279.3834274004236,550.9416269314771,10284.729106775887,38,612
20260647,203.67997912283332,850.9566502430409,526.9062425608332,879.3816581036812,174.43082701798525,122.13783106631386,4827.222846155316,8,176
20260648,254.82039976878391,647.1162306653637,582.3658078246058,781.3766838248488,383.35493182436284,255.30285657193502,6292.096752799324,20,249
20260649,158.62162855552918,729.7349343257872,435.9306454389707,801.8123186973959,70.04897218054556,312.21490721282083,4907.650834232571,23,203
20260650,141.28684860156352,474.096518669829,307.1293812609169,168.80247994620018,445.45628257563357,175.02938454209445,5768.982481343224,21,260
20260651,253.5398616629054,854.441431455471,297.8938271738785,103.88275279984758,491.90490154790945,803.0823832713003,11851.433580866751,64,613
20260652,94.9204954189154,637.4061311485892,467.0586809847872,917.5178619695744,16.5995,32.121949760095994,2549.913903937168,2,106
20260653,240.35133737483486,893.4567141831665,400.8288174791577,402.3412991098938,399.31633584842155,387.23497257892774,7242.39525552999,31,316
20260654,496.93447747113566,842.994525220443,613.8060084286783,787.861294463997,439.7507223933597,1797.4271001991422,8368.262759007153,51,299
20260655,193.18509519886018,790.6434311132401,465.27320117812184,619.6559946231492,310.89040773309443,476.3590391331052,5231.546558397504,36,196
20260656,193.91854180516418,799.2091653134034,499.74498735679134,78.84252741026145,920.6474473033212,161.20134027312997,4999.08570232676,14,186
20260657,207.806014926634,576.5081351509768,276.4729230447325,399.7833168784534,153.16252921101162,728.303506358904,7424.4655415724665,49,352
20260658,181.29124380746438,948.1648653347454,689.1883824823715,540.6301560164441,837.7466089482988,167.1889564842939,4291.403490885199,23,189
20260659,305.283759724304,921.1848191261877,537.1939032117316,127.0311965288283,947.356609894635,657.4903375593658,5733.154767415352,13,145
20260660,219.20353044430567,845.710627557511,431.0277524609505,215.0854474393849,646.9700574825162,672.8502574754616,8793.52406213133,58,430
20260661,123.84564988383345,645.3524934888223,364.2185274688481,458.1548214583915,270.2822334793047,179.23673981606157,5260.256932535487,13,282
20260662,239.6688841446166,685.467655316264,309.4739775339043,400.82473574241834,218.12321932539032,803.6974773931245,10397.248887987518,58,539
20260663,122.5371736014718,678.0925602619637,552.7252173685987,249.89326809635273,855.5571666408446,130.2746948594725,3655.5953603737094,26,163
20260664,293.90843580359933,568.8278575772014,704.035114431365,510.2598234993782,897.8104053633517,475.913564886087,4770.136042470694,13,139
20260665,253.47409968651795,664.0513800314791,294.53463785461264,458.61550902531025,130.453766683915,884.7059906602242,10110.758636463355,48,497
20260666,146.2526235318401,532.5879327279224,341.8104036260374,22.181017062827195,661.4397901892476,380.5819706033652,6255.736924086038,22,323
20260667,332.5760025076258,828.8588337221782,429.12866244903,690.660292017225,167.59703288083506,440.9127511776159,9606.040888470445,30,329
20260668,259.5405401334698,858.7336694874632,439.64809206430493,161.44147404430774,717.8547100843022,312.71404590430694,6817.292962111372,15,283
20260669,344.7506122776312,930.1864059149575,446.00879802328905,758.3822493170903,133.6353467294877,37.3330409600412,7982.343848184765,7,214
20260670,106.37350894496525,563.9475282815677,549.7498927620808,920.4131538216197,179.08663170254178,168.7389580115496,3427.5790982793505,36,181
20260671,185.77468002486737,581.7703679029695,417.23313935403996,116.123710332098,718.342568375982,365.4046462538102,5446.539187965224,35,246
20260672,213.13471650706646,852.3571698764067,371.15110235738354,656.0628367632885,86.23936795147856,166.2061420106242,7147.116739975288,15,315
20260673,175.17295059554775,709.3657224873423,461.64629012963434,819.2226705764227,104.06990968284595,274.379475148609,4884.3356411703035,23,200
20260674,313.35015299534564,836.9845653241013,468.28256387964893,152.79771598615002,783.7674117731478,931.3515812196026,8369.096775223652,54,342
20260675,243.00681982369284,808.6973831665441,381.6707889167636,538.9928265424558,224.34875129107152,384.2360745151183,8093.060629876177,19,333
20260676,221.23565229530743,615.2419679871915,303.3413303164485,162.9696939064089,443.71296672648805,837.8503325802519,8757.250477432652,91,476
20260677,133.75989669953293,571.7447667367253,478.64538501059496,323.67903346194606,633.6117365592439,171.51458785997283,3861.948772856348,23,185
20260678,192.76267015169884,822.5809120305198,412.04959292339,757.858060904167,66.24112494261296,513.2688252101934,6141.755298549673,44,298
20260679,144.87717971763664,819.3825348580493,491.7182380382902,948.0371760765804,35.3993,36.87315726641145,3964.609462786168,7,152
20260680,183.73423366642095,611.6630320258124,370.8987219106293,362.54857222091425,379.2488716003444,192.76340851712797,6338.510183667304,32,268
20260681,197.28168950287926,771.6016465206002,487.2440157265993,70.20715870659758,904.280872746601,247.5317209978948,5558.798958608273,19,259
20260682,215.981659489813,581.8101550794971,530.7786829940626,402.8410946706007,658.7162713175245,502.08864379664044,5791.389216114289,31,235
20260683,226.93247571474825,711.7953645141516,376.6112795178167,683.3269894418024,69.89556959383088,589.6347303817141,8562.201635307129,41,391
20260684,279.6688543217984,767.3570017625909,310.6365217485947,76.13449007171877,545.1385534254706,815.3997021495036,12480.589918711328,78,673
20260685,146.2674334636128,695.2518413345222,442.05993303105686,581.0389032748194,303.08096278729425,61.89463013334904,4278.370943892739,10,199
20260686,154.81027709120232,580.0660083935966,433.3304723429598,128.84110935710615,737.8198353288135,418.8850936540593,5918.811804072805,57,258
20260687,206.49350915104097,650.2399850570331,409.86086889224816,688.7604755387599,130.96126224573646,189.99384501882042,6712.721497714341,15,384
20260688,385.3610338675543,843.8129718316582,254.73065553084308,281.7449882389515,227.7163228227346,1255.7623734579693,17530.810756677038,91,871
20260689,74.14834278158715,576.7120291228322,493.136772709224,770.4555557149612,215.8179897034868,22.415517547431214,2989.5555144051436,10,147
20260690,155.0253888109591,603.5249042477951,467.0325370575746,287.11640211282565,646.9486720023235,320.2652697256908,6007.62141224458,40,289
20260691,303.70439969977787,815.680964504124,317.0551187889458,311.19276893944027,322.9174686384513,889.3573159827845,11394.066874187194,59,559
20260692,141.01544084839017,599.3768818779221,462.3098150474186,824.4894217278804,100.13020836695681,289.0841929621114,4630.956959986809,42,218
20260693,168.0124560186846,664.4906134151439,397.8761065830281,256.9686554791925,538.7835576868637,207.32938117285966,6106.208446246897,36,290
20260694,101.36631046818937,582.7242485012324,637.8515292903417,819.5956773358157,456.10738124486755,65.30017425640776,2729.465467287451,10,127
20260695,145.8654235549189,524.3568924745898,368.0670866423572,81.24237371358274,654.8917995711316,294.62698724972813,6119.134635178892,36,309
20260696,216.6770185197872,874.7183493742991,446.5661256280892,758.9117358306027,134.22051542557577,637.532614967437,6625.118201070431,29,264
20260697,156.88145451010462,781.3417601409143,377.32775480839297,704.5793566658799,50.076152950905986,147.840206259055,5321.788384544365,19,272
20260698,143.4587858778971,694.4879407109532,380.9393000340135,659.1229952502488,102.7556048177783,314.2623393918461,6491.375152832952,23,354
20260699,216.38431171698048,846.0778308909031,466.2148892675823,761.1187951783326,171.310983356832,374.6171922147393,5395.83848224504,17,264
20260700,127.06174937750775,604.3716009358859,435.7055499972979,73.35105026255656,798.0600497320393,279.4802329152294,4955.857124916121,35,227
20260701,297.2773014403615,917.1061286877349,424.5902903144505,580.8609539339893,268.3196266949116,230.8457312108415,9113.123678095446,18,327
20260702,127.00539787310854,721.4854802806674,460.72312606532785,586.6752018310648,334.77105029959085,276.3265983251048,4523.30994779499,19,226
20260703,173.77889800143694,661.1733274212195,484.68597497653906,746.6083600491547,222.76358990392336,544.9844336636345,5895.564577573435,31,266
20260704,204.90297494351032,681.2030963236343,399.98300201746036,775.7870042029265,24.178999831994272,540.8271706711915,8097.374267244629,66,408
20260705,239.18028725779388,795.7834862369663,401.22152504268604,96.83881000542348,705.6042400799486,752.8915981668681,9892.377915331124,60,481
20260706,241.4719402184512,729.9976794908775,509.32196982829316,631.8801663817811,386.76377327480515,73.27324051485233,5777.7643390889725,16,189
20260707,231.86490804888282,684.7055159132675,401.34492245664524,99.26274105020404,703.4271038630865,137.26885513142025,7427.682181759743,18,278
20260708,265.7865842446042,781.3663942771228,398.77987168710615,555.303905861808,242.25583751240438,612.978303794086,8353.492741717242,38,372
20260709,119.36539562629319,746.6906060900766,560.0886518626228,461.15846155737967,659.0188421678658,16.291493032149447,3454.3980932755157,2,157
20260710,211.20586846170812,901.1757968743909,505.8935778572922,207.98969685530923,803.7974588592751,252.1465001625318,6872.6175743926915,19,307
20260711,223.7632572742116,870.8452199786249,445.44520294924246,194.9336786489368,695.9567272495481,855.5565325840694,6736.260200911039,46,329
20260712,200.49350053294296,736.421990469734,450.4161444823366,71.23588931593905,829.5963996487342,487.23066545661743,6141.596690604839,60,276
20260713,159.58015120440976,820.2214769603231,590.3279903210573,494.72424734138315,685.9317333007315,218.26879331361997,4559.932700554261,28,204
20260714,219.8784083954223,861.5477065325074,477.9503805613188,45.77056162151065,910.130199501127,334.03788429009415,5577.1364320946695,11,212
20260715,114.19897618310895,569.8718812108949,446.50555403435686,42.54954451135648,850.4615635573573,214.14874315385106,4007.3572116347314,14,230
20260716,207.3016873845081,803.9882712261547,360.56556794632905,487.48526485481494,233.64587103784316,316.93569570145235,8447.763889737724,22,439
20260717,231.65557720013345,617.1931652937412,472.99304448082546,463.170091686217,482.81599727543386,225.18598078637515,5877.200731574156,20,252
20260718,121.50836108083648,853.8091961846973,502.61475933608835,887.8885965389923,117.34092213318443,219.95491447867013,4040.826776423988,23,184
20260719,152.37766760373208,763.8335233739599,407.91202430883374,795.5208804858001,20.30316813186731,59.933715818474546,6265.4699094936395,13,353
20260720,135.4420849961867,812.2946798097034,543.8154883217112,140.09147699409488,947.5394996493275,149.77348924745274,3724.3672689026785,20,146
20260721,178.01358149406025,646.8559506548423,784.7941657846602,720.4907531936436,849.0975783756768,93.77733306612879,3283.339830921391,9,64
20260722,273.4370333124954,858.3389302200923,410.13540739509216,504.68503824392593,315.5857765462584,574.7276159046461,11028.147314832728,46,604
20260723,148.0713371408338,650.9775119849105,470.01209353506977,831.9334891530916,108.09069791704786,255.21336700579496,4567.455967663846,8,183
20260724,159.8542896371132,840.5726374731731,450.2115675627105,56.784685695626656,843.6384494297944,150.94698646825148,4580.0428608098455,12,190
20260725,84.37289634983765,711.378600290233,481.7238686968041,879.392616007971,84.05512138563725,337.65964128800886,3163.7885080225446,21,128
20260726,155.168750294918,839.0566903297976,434.1166696322698,833.6212159916481,34.61212327289147,342.773690491118,5966.041607125511,37,295
20260727,307.6069800096031,933.4385711165767,466.09577934171773,686.3973540975807,245.79420458585486,350.401576308854,7067.147317008898,18,230
20260728,92.85048718679727,535.7551525838385,459.2417299944315,892.197259988863,26.2862,234.67493143591764,3461.983090245715,19,181
20260729,158.3765700405567,542.9109146811529,390.5350561691548,40.93642897480676,740.1336833635029,693.4459232297868,5233.122721686659,35,246
20260730,262.1359866250287,873.6706643382198,394.1108395023677,647.6580446085161,140.56363439621927,630.4790631383491,8312.684638604407,37,353
20260731,215.47536868795214,558.9086231482416,295.6109539287261,229.79896639546453,361.42294146198765,568.149895472054,7897.01789513819,45,380
20260732,147.4896593317398,557.8914482963232,374.04256641218495,499.4772503831532,248.60788244121667,269.4831027674841,5302.979037260181,46,245
20260733,228.46520093835747,833.3272589345465,463.66133900754704,85.53360636440401,841.7890716506901,193.05041485120364,5578.291112290149,12,198
20260734,147.50071845781343,835.257367237049,490.1578884774957,922.5985222363566,57.717254718634706,29.945672374326296,4640.800806266543,9,177
20260735,132.7799405403377,703.8362149637369,510.0301914070745,839.4348015512535,180.62558126289545,148.33029657013248,3927.433157581699,15,189
20260736,154.89363374280967,633.3491266078063,329.21755503174325,496.02203871496766,162.41307134851888,552.526460272858,7450.594776104175,62,414
20260737,154.58591779449804,628.889225665468,372.8630838728186,105.52102403340994,640.2051437122273,715.5278894724368,6894.933851541239,68,397
20260738,164.94926609435657,639.6103463414368,452.668973493768,847.7137108517375,57.624236135798576,160.5734092014548,5106.117712755145,13,198
20260739,194.83919823283514,862.2887896834832,536.1394082479993,621.8161506392082,450.46266585679035,149.960915762312,5274.932775776815,9,196
20260740,164.2956526687649,651.9326155379732,476.6647483743444,931.0150975952868,22.314399153402103,220.7554685753962,4591.052897492643,25,165
20260741,165.30444604309432,577.5464041724224,396.61186765705673,737.4431738762091,55.78056143790429,509.7120595541534,7216.3929673724415,81,399
20260742,87.48323672531664,538.704921811698,425.5247195647002,66.98921466869493,784.0602244607055,8.069526338766082,3032.8055446675094,2,181
20260743,161.1985976771411,567.3951285250159,377.8950409009501,430.4626076224928,325.3274741794074,817.8822647224985,6175.009770570036,49,277
20260744,230.21076064574072,560.5656142303437,405.6531243190321,171.39182825343812,639.914420384626,842.1693206826055,6813.306681403984,79,296
20260745,171.21113993616632,735.7933531200448,715.845938139957,579.190269066121,852.5016072137929,522.1620352635845,4845.276068806365,45,218
20260746,206.83340847825454,822.8022025365464,439.136997541634,662.0585618198425,216.21543326342552,555.3420552105129,5870.476882161266,32,205
20260747,128.44387898576437,573.1489325166556,333.4812799265875,448.45044072680474,218.51211912637018,307.4650560574135,5284.90030803181,24,285
20260748,194.59354447828446,619.246647006455,396.84652539846707,171.09226308792483,622.6007877090093,598.6931100709708,6096.371830574487,40,236
20260749,113.65947694357018,729.1525772933699,499.61695000310533,928.6376504724204,70.59624953379023,112.86544601653884,3507.6778474728594,15,138
20260750,142.0847632614097,556.7069215586538,479.6210645938487,627.1955124084625,332.0466167792349,26.467075145900946,4094.4216735028417,5,130
20260751,123.82086802999717,611.1999091016921,390.90046302853546,655.4481754464808,126.35275061059002,418.22230371674567,5740.29457367218,38,299
20260752,165.09338711292213,816.1444555788231,441.7889293002622,868.6262981024679,14.951560498056494,268.29830602570524,6334.807947175765,31,334
20260753,181.06648576823724,617.5790032625677,265.1214295633432,464.0986761222737,66.1441830044127,175.5424736549913,9005.384058171992,30,531
20260754,158.79144029792215,659.6158550166195,471.496567616261,930.9057247897351,12.087410442786954,125.99354728735786,4282.67468216258,10,150
20260755,153.23251236823296,593.0855787405304,316.14350968512406,134.76774065153037,497.51927871871777,382.5845518337766,8256.98291503123,66,497
20260756,196.2147981752767,525.5944082645673,413.9080977248706,549.3727873113523,278.4434081383888,802.1897928435097,5785.46134278186,41,208
20260757,159.20412016933906,630.0855479806512,425.15399712842475,601.24601756502,249.06197669182956,432.64053742337734,5682.6297925578865,45,252
20260758,105.84603714662978,820.7026671316316,609.1908274279701,339.46318904643846,878.9184658095018,140.9151760734959,3125.538894720816,13,160
20260759,306.6535092662682,816.8984373333961,505.62807046023494,879.7784981733512,131.47764274711867,317.6578751623629,6247.673532827161,22,212
20260760,173.10011439889507,856.8127339528684,483.3988116722461,949.7221748991037,17.07544844538848,143.55682436138989,4397.32194223093,22,166
20260761,192.74720974187187,830.7584532486806,531.9417501685359,915.0955046632087,148.7879956738631,125.44281031745848,6017.605755931096,21,229
20260762,250.94418166057636,593.0868802369669,291.49109942211396,260.98478357559617,321.9974152686318,1161.5889223475413,9065.091646021214,93,409
20260763,150.3304212250894,815.4636440942522,485.80344349199544,924.9874032700507,46.61948371394022,48.50271690933974,4184.631238233477,6,148
20260764,170.88973111869169,807.8027043443767,519.8184490731678,53.96708967615189,985.6698084701836,289.52538009758166,3602.1636269239266,9,143
20260765,215.5370964570855,847.4526403016378,492.95595055094316,261.76335312001396,724.1485479818723,115.09819277729815,5771.5697089490395,3,237
20260766,236.97106732136507,727.2277193011724,470.76528011224855,876.5664188925928,64.96414133190429,951.425041281065,5220.905762169215,38,204
20260767,246.78530709364662,942.8906180817042,555.9047123520041,197.6728762167025,914.1365484873058,346.27908337599365,4384.401977858212,4,146
20260768,166.17120021771373,857.4655667912125,438.54990573444485,780.741018112216,96.35879335667373,95.3968612235858,4968.9677005679905,7,227
20260769,317.7222061039262,687.2387818586609,462.8244286214291,678.0511989053681,247.59765833749003,1119.5912887645973,8224.38754198034,87,468
20260770,196.17529524274585,567.4803235721749,394.90803571110723,343.8080763523458,446.0079950698687,796.1334843416338,5792.4979415013995,44,313
20260771,292.8021971997137,862.4208290179424,545.7174269720063,131.4832901755568,959.9515637684558,591.0652313671801,5908.560870770868,23,226
20260772,118.3316913294792,524.5378788968185,367.91650837760704,378.42536419694693,357.40765255826716,545.871175976605,5348.665817655972,34,299
20260773,200.28986764358413,678.906474116481,452.4438966077185,491.1218126295709,413.7659805858661,574.7265863549384,7705.015862133876,43,400
20260774,170.09186979381914,604.4729252380761,319.0612749095287,447.36443056351544,190.75811925554203,176.19582654505362,6324.931124497181,22,277
20260775,188.51898778236344,823.1827559631213,481.12063813982195,88.09102427765416,874.1502520019898,646.0559003266045,5020.001756178764,37,244
20260776,267.9795924795149,881.2042436288826,404.6316159148555,556.1759857616794,253.08724606803167,248.77918699588875,8806.539110860882,22,389
20260777,224.22666901636052,804.8905258874423,474.27974091969327,389.3307387109516,559.2287431284349,454.98889301249653,5669.004866507415,12,233
20260778,107.67141456295742,674.7682927777956,514.7209967448678,366.33666554667514,663.1053279430605,62.8232531173101,3398.897603630305,8,153
20260779,186.8042855340564,501.1433040829649,397.6089887555826,578.4459657514851,216.77201175968,421.37892732515104,4717.41762987434,17,179
20260780,149.14072796950563,501.4595999337441,318.31601658503166,76.62456122491082,560.0074719451525,213.03343681551095,6409.796347884707,27,380
20260781,247.33609348723255,602.1265515260898,252.41333881148006,354.2892120776164,150.53746554534374,874.4123005080294,10896.254397730154,80,522
20260782,173.89233917991154,576.2967760736575,608.0001406188322,257.4873008839506,958.5129803537138,424.3497081246425,3209.8123074750074,13,94
20260783,311.021121315341,878.3951738455321,473.80217409905504,695.2683091989456,252.33603899916437,803.2680334875749,7586.755022804368,39,267
20260784,143.77206495537206,868.0936052737053,514.6213797109439,966.516794453059,62.72596496882874,218.4521521308867,3566.91472065974,13,115
20260785,168.33333639907954,834.8019430962329,478.11587048721196,486.4754337366603,469.7563072377637,276.61916438627486,5054.065955223324,12,225
20260786,201.18107150704014,886.3076231314801,500.94166513047435,722.6113342117493,279.27199604919946,137.4748166970408,6389.6008469678645,8,267
20260787,113.50252554370024,687.0922487944006,577.9472980590178,771.1356890507589,384.7589070672768,181.1594867004791,3490.1647912045464,22,141
20260788,210.34306891503172,604.2979475356371,400.5500187018422,675.0287535988776,126.07128380480674,538.2105132305319,6188.671224978477,36,352
20260789,143.5227956978261,560.2635473024523,297.2293533336705,329.0451853827,265.413521284641,405.702241654266,6517.679740984667,49,402
20260790,63.1019269731665,555.3052345634896,483.71680195973386,85.016382495042,882.4172214244257,0.0,1971.3959937278632,0,84
20260791,232.49612787822053,798.0442263098766,475.54893468041774,302.59879245980017,648.4990769010353,777.5400291603414,8095.568263488064,51,403
20260792,99.95387554243422,661.0481477156723,492.0612760247464,955.1726520494929,28.949899999999992,11.167257211708142,2968.1920989285454,1,100
20260793,178.77749832592497,665.0175251639612,332.56611952629174,448.7955349656945,216.336704086889,485.7562513111965,6964.871717694507,44,333
20260794,364.6175086075612,886.9362886649932,556.0346854009421,317.238690034993,794.8306807668912,770.7159398574046,8053.898224959086,35,318
20260795,202.04826424001135,587.7320941445814,513.282346951222,181.2510504780414,845.3136434244027,558.4336965449826,4413.742261609285,17,136
20260796,174.91708134508983,789.6512146799287,416.34778778526464,764.3322754336459,68.36330013688335,439.12148874522893,6882.197194310453,50,360
20260797,79.43045415370402,528.8726017515825,358.45445528813747,643.4321976108224,73.47671296545256,64.459913028589,3665.335022372364,14,202
20260798,182.4898110213757,529.3080285837201,341.6063333447632,100.11971272631875,583.0929539632076,275.2051519737836,7018.489638105151,24,359
20260799,243.49286478205565,742.7578600498296,461.5419906073531,578.1452986528664,344.9386825618398,470.154331695333,6392.477496156709,30,254
20260800,201.18213093954512,631.9702372607334,513.5215713073775,91.57504694323721,935.4680956715177,575.1761718642371,3881.3424416069747,3,97
20260801,108.8793990717497,666.8117416921501,586.4266861942847,588.397422372735,584.4559500158344,31.781374558375717,3350.221799437746,10,124
20260802,292.45553196421764,721.4415210950406,469.7661962576524,21.18041848071936,918.3519740345854,820.5266964639678,6011.307596644876,15,224
20260803,86.59017992302658,722.1404047656117,686.7611748696258,825.8486840927444,547.6736656465072,157.1364358025212,3379.4521095330165,23,150
20260804,72.55319825372676,590.340872934128,638.810330100968,626.718589369875,650.9020708320612,94.90184649778678,2687.459009006162,25,147
20260805,148.6900136673221,791.4215849975537,452.62149909253674,429.6919622760073,475.55103590906623,185.1312086682377,5560.787630146451,33,269
20260806,165.08529727216725,680.8359209238392,441.5909775544838,837.27691106207,45.90504404689764,65.34668406179058,5131.903464627303,13,221
20260807,205.38356989699292,604.8872485011938,343.11315706458333,620.4301470258247,65.796167103342,448.3290412605646,8010.277241345727,52,399
20260808,319.2703034781394,839.6834996333243,418.6016501016461,210.81758016695213,626.3857200363401,513.5051831140605,8968.965196242583,37,356
20260809,186.87544793916902,686.4002397771354,522.4995631135464,283.1015969120121,761.8975293150808,340.3706256387471,4700.521896864559,16,198
20260810,196.58363261572566,826.1009272056142,680.8997008234771,473.4650405231412,888.3343611238131,90.20551276873611,4617.389862934289,15,130
20260811,209.09119485423992,662.7915532213393,457.74235218977236,136.2522102302029,779.2324941493418,208.02196986228495,6655.866711694082,28,285
20260812,158.5969930068011,838.1947678210579,447.52499833674597,873.1977483526058,21.85224832088619,201.03941672857144,5760.675570720639,21,302
20260813,201.9783955855505,640.8286379417696,438.11115214233337,515.4399470622501,360.7823572224167,212.33883761620666,6300.163095132904,43,326
20260814,144.60123871162176,602.9051536617557,420.74341769401343,116.8173777285147,724.6694576595122,277.19218050308655,5202.655028983926,22,277
20260815,206.44940028856269,738.9128039092249,321.40830037448853,531.0646660836286,111.7519346653485,348.6804885719527,7338.2134488826305,24,360
20260816,209.23465386383873,852.5943399175703,647.521498276329,341.5716824832424,953.4713140694156,166.92023465097444,3948.5823141000615,7,100
20260817,277.50057468428963,780.3853830728481,349.7214304693435,353.6286025549435,345.8142583837435,851.7830171740467,11945.883879497433,63,677
20260818,136.13523885451116,692.6855032876957,473.7921470665107,862.125169592846,85.45912454017551,301.83157029142177,4762.090456212098,24,200
20260819,236.66571660342248,650.541682804733,265.2613891657247,388.1525925458352,142.3701857856142,622.0140115586368,11050.04681884576,58,556
20260820,83.92811107532255,540.2677492490624,702.2781048529146,845.5838521648307,558.9723575409984,269.3005385651729,3491.086136565386,22,184
20260821,233.7891727593046,811.3290767276434,360.4210110793022,206.38283782353435,514.4591843350701,534.0286932867239,8862.924214173127,42,486
20260822,120.4132461842367,615.5388540295654,428.7175876936352,53.41291702437287,804.0222583628976,206.05929413485967,4317.637988219569,25,231
20260823,91.70521137493171,591.745362516531,470.40947893801393,894.3852122449737,46.43374563105417,203.05925460525742,3343.769880421543,23,174
20260824,191.6316839407554,661.192176219887,469.478752955167,566.1646004681338,372.79290544220015,586.4182983380377,5879.722594749042,36,262
20260825,121.59710515777111,705.5590685192877,544.9902868554893,814.7521770901685,275.22839662081003,76.89160416406736,4387.712153891599,8,229
20260826,183.62427543724755,688.7123753547556,458.8453512970659,905.8936354620591,11.797067132072677,135.1945323383845,5196.809354328644,14,181
20260827,171.44642999748,751.9932531645017,371.99909161115437,690.6209943518542,53.377188870454624,77.37338234634917,6053.010994361182,10,281
20260828,148.90454261512363,659.5484389632543,511.3103482632531,81.8189163639068,940.8017801625994,114.5548704938585,3830.562942222999,16,170
20260829,136.72705257422442,707.4356502555976,494.5022348845687,922.4852920456342,66.51917772350319,51.54108544372613,4126.951797671481,9,168
20260830,237.97246582891796,693.1801313076555,446.10287933670514,367.7511528682884,524.4546058051219,655.0815281040575,5698.620616511673,22,218
20260831,271.59377578457736,790.6128929302654,332.23026127245885,328.68788569276296,335.77263685215473,610.6560392173014,8937.792331659573,29,410
20260832,129.8837818870315,722.2714562796882,447.71748557163954,39.17905011917057,856.2559210241085,165.18073712324838,4444.627575352313,25,226
20260833,205.4840049174288,864.6799734480958,449.21651490238736,101.6849430621266,796.7480867426481,399.80255315534475,6505.642127453998,24,266
20260834,212.71008449417036,606.1689620971274,315.8009089742691,504.44999747408684,127.15182047445136,596.6446151424186,7511.199133648144,33,342
20260835,174.06478774079358,731.7880571741435,426.9373566026367,247.3508763589332,606.5238368463403,208.30112993952218,5631.181221400517,16,241
20260836,162.99338485558818,790.467980734656,519.4453216637329,832.8780819078131,206.01256141965274,116.96662001105146,4914.765591163809,24,172
20260837,210.42544816489652,717.4929058911447,428.26159435869073,222.64065808206712,633.8825306353143,905.862407016295,6619.976900120593,58,309
20260838,187.5282073894504,763.1116758809457,448.02950949113324,738.7956644446664,157.26335453760012,291.50049995323093,5011.514211287422,23,212
20260839,160.5079207243596,573.9844538733539,495.770253305138,531.4023422335755,460.13816437670056,474.6846030694633,5004.527179212705,48,224
20260840,218.9382829957582,638.3066661027581,394.8576076526376,99.53794808365599,690.1772672216192,375.097704385576,5947.023287424159,34,245
20260841,172.88796922363485,913.428985268996,548.2629755247182,691.4733353265837,405.0526157228527,236.2209975675671,4383.69878096521,23,164
20260842,181.30807056173703,578.1601960327972,339.33958557350525,255.8745025937465,422.804668553264,590.9248221388799,6135.64280865109,46,255
20260843,225.8127778428551,694.8090717269583,366.6756581394105,450.67042926694296,282.680887011878,518.2945001511238,8582.5565342238,55,431
20260844,200.91097829947023,715.2738536905963,439.9124525621314,796.1912199089201,83.63368521534278,635.8441366109348,5233.44466957969,36,217
20260845,304.37060319811224,824.4518229467225,296.44162337701334,320.50889317188745,272.37435358213924,679.2487240248539,13840.940738414185,58,708
20260846,154.44970288941994,877.3736508931053,437.9912551588518,844.1566755790524,31.825834738651277,538.7617449191073,4831.025292014461,38,242
20260847,219.18459387416715,751.4290895381486,287.83517691219976,487.775040003012,87.89531382138753,1157.4581238067171,13122.712795525702,122,858
20260848,266.88864664276576,818.4998775541145,452.60103057696205,65.01850833991352,840.1835528140106,534.5139508545409,8263.958864612954,50,400
20260849,174.02279341655955,714.4783278681928,467.12494343963886,771.330030115664,162.91985676361367,467.02624736449525,3905.310211936973,21,153
20260850,193.60106838158345,698.3487474803983,575.6957799755571,864.2470006423825,287.1445593087318,104.18886246943121,3955.964542871636,10,109
20260851,137.04736326538756,746.7939203786766,654.657563113697,463.88419949005015,845.4309267373438,87.36294673803664,4034.507746687823,9,172
20260852,154.59204090042016,732.3504783370781,453.87013295692054,115.00238465394168,792.7378812598994,181.27428429843175,4654.335555460119,6,223
20260853,223.63516861498334,754.0662989703654,343.7574714880496,476.64520170215656,210.86974127394262,751.7014215426495,9280.690525607859,32,434
20260854,142.4765281607633,698.4477809343905,442.1889852509262,857.6957682109879,26.682202290864456,109.27439533025861,4230.332043379676,7,152
20260855,220.68064222834343,647.0444263648246,336.72463728776006,384.04936133204103,289.3999132434791,461.2970290054727,7784.93694977813,51,409
20260856,250.79634098740806,761.4234775852656,388.6447042198031,487.3771634164216,289.9122450231846,638.6571565102672,9214.813492637677,39,474
20260857,157.38692521307377,557.779621913156,482.51270490691087,213.1292564702685,751.8961533435532,88.76955574626564,4859.44365720633,19,203
20260858,247.0988075047619,656.6082448018508,268.22089019439676,236.72805921385583,299.7137211749377,852.290789417179,11293.750507276185,59,603
20260859,191.6881517473944,681.8430253421124,430.29220837353705,752.5033697245249,108.0810470225492,39.704646899108596,6194.4200305325,13,261
20260860,184.20809202448055,770.8059543505199,410.4703691837636,231.70943327259496,589.2313050949322,285.8340779012066,7048.598178420216,43,353
20260861,168.18822893571493,528.2831300884437,401.40516472609795,500.7308234593764,302.0795059928196,581.2477349969924,5987.301226507631,41,330
20260862,214.93320389390897,808.550246880103,719.8290171159481,719.6502202722432,720.0078139596529,52.08990928236838,4935.365820680871,12,187
20260863,217.528876687744,754.6632981539664,329.2021271706142,242.9121218151914,415.492132526037,624.0620306129299,9552.38221779448,52,508
20260864,279.9161465489545,807.1978327258292,335.666336131094,277.6103762017185,393.72229606046943,727.5636770429088,9838.633882355816,48,453
20260865,252.78780838749665,730.6668343709958,354.4540709984411,418.2584322929838,290.64970970389845,640.928961950068,8639.202909764506,52,400
20260866,125.98491908442729,646.0715070011681,354.76316764508135,621.4407208604401,88.08561442972253,509.1858929771891,5093.364354756912,36,317
20260867,158.68949150639992,634.1653909569258,406.8836987990229,701.9280145337466,111.83938306429917,393.35455614596526,5473.206011917997,30,281
20260868,215.97418440345416,721.5210707990644,515.9530851537315,492.43221828624223,539.4739520212207,619.5063081632729,5779.392325817614,49,245
20260869,132.05247907473722,904.7495879173391,763.8680888768308,593.1233470557357,934.6128306979259,64.03104406877169,3856.980164432587,10,153
20260870,152.19594670215523,701.1685957315792,469.5026689054714,142.44704145022024,796.5582963607226,427.51028425198757,4737.493909600043,33,206
20260871,142.3764922999076,910.5865934580037,514.8516763054076,963.1078977056792,66.595454905136,55.99362754126418,3667.2932153391707,13,148
20260872,105.15092138934355,666.5981705356678,501.6770399156571,520.2366383854928,483.1174414458213,93.63804572145149,3372.273730999911,13,170
20260873,235.8510531127905,705.5397663163166,462.734364857049,699.9101557220229,225.55857399207517,529.2166081992924,6018.463940840566,29,216
20260874,141.02675851779026,716.1684399566136,528.7364221659957,834.9351703546655,222.53767397732577,230.13715151611274,3736.960225565576,18,165
20260875,250.65164800426993,814.3114725724897,379.6430916650811,559.6374710583151,199.64871227184713,815.3345022769114,8942.938580493908,39,440
20260876,224.28308323252682,848.4626587278516,383.51418729723457,174.39192535022747,592.6364492442417,470.18891336315323,7978.455268916395,46,410
20260877,219.5314060737195,828.2504128939497,437.35967857034166,810.1476903255547,64.57166681512861,459.12399627453914,7496.063584525705,53,355
20260878,223.64867802712067,752.3073235477124,575.8517054658254,235.5991435373872,916.1042673942636,413.6010855319326,4553.858908352222,19,149
20260879,132.93074726516372,534.9398514056264,549.9138865741104,942.0074601788228,157.82031296939783,713.7390753249157,3381.3506919648485,41,97
20260880,135.76856488643355,719.3200706289381,426.32841903297816,713.6916825244865,138.96515554146984,340.2143353304837,4746.7074830531055,21,238
20260881,188.0832440065901,769.7609509522674,679.7625822959471,794.2318422570411,565.2933223348531,365.309986266399,4073.478942157275,16,141
20260882,209.5976007752446,871.3219172048376,556.4038721961272,473.3746642869939,639.4330801052604,525.188748053565,5910.664617242901,35,238
20260883,330.5971318735245,889.9036736408765,512.3406327248949,151.40588631098262,873.2753791388072,758.2618706543248,7783.374062078972,31,378
20260884,150.8688477842285,808.1316071724248,562.4420672800206,945.9630750007262,178.92105955931515,239.43269014122777,3249.3768194450276,12,122
20260885,103.03463073230401,613.8860277833514,448.21080037474803,854.4693734915656,41.95222725793037,490.0692471416694,3916.654248970195,48,188
20260886,121.44727701635928,550.5824477482755,455.7650304817797,361.0756326191185,550.4544283444409,241.0199423259833,5110.556254159754,17,260
20260887,102.44990494256689,597.5955691119984,424.9490713058511,818.5875618698874,31.310580741814764,271.7800168932547,4329.97402463964,56,275
20260888,234.97217262084212,898.2184854679464,474.12857420220604,33.92610135876566,914.3310470456464,225.3836386800056,6094.341067886712,17,258
20260889,137.8593505161349,753.9758529226573,552.2899324556006,493.62859757561415,610.951267335587,49.15704701655468,4054.6345184491547,12,160
20260890,172.4924237316032,697.7857740043204,452.3977887764006,18.3201,886.4754775528012,209.31866460425408,4490.059776412609,5,180
20260891,101.68918102716748,707.8716646000929,565.4069669264344,871.4003059855465,259.41362786732225,78.08494610693742,2407.278746434523,6,92
20260892,188.43903755721078,753.5136232186361,329.33484579803365,136.95642536289878,521.7132662331685,585.4506424046273,8423.22279774401,53,469
20260893,150.0622572780738,770.5140059294324,482.1955197178701,870.5895604496859,93.80147898605436,111.4077706986572,4492.840631854155,14,184
20260894,301.5486763001635,757.3770216738711,321.35010510010056,193.40113002333277,449.29908017686836,676.3052212030934,10453.645895499973,48,534
20260895,346.0292368322164,842.9517554705071,334.41390402741604,401.5889200167388,267.2388880380932,916.6699039253847,13320.153536022674,55,680
20260896,86.0420042660705,643.8073620707944,483.2266757621875,26.296699999999994,940.156651524375,21.122662895315443,2726.653664147945,7,121
20260897,115.72346924225126,562.8926114432046,415.04488070425424,772.2125197793754,57.87724162913306,96.86948414092447,4567.967970059198,20,211
20260898,132.9154383180814,862.6182479786565,572.9785093060298,768.6135936204972,377.34342499156236,342.7745124254034,3660.910735976137,14,164
20260899,156.5228344438116,764.5536954635966,482.23289829154726,908.9807965830945,55.485,136.18186829746855,4116.702909626475,16,142
20260900,206.1197512702725,772.5970563079492,429.86196870375693,790.8085360242818,68.91540138323205,398.6473268751253,6340.316189857038,28,273
20260901,200.33926964429307,716.1595885179731,402.27421525514035,96.64489564506239,707.9035348652183,587.798383763025,7964.356299854323,45,418
20260902,226.28330302947793,756.6544929793685,537.3908319397563,978.6786676079431,96.10299627156938,868.2033368887804,4683.026287870901,23,133
20260903,190.22782691067763,625.2171068876048,429.06729743326906,47.65790510281449,810.4766897637236,725.9825969152536,4575.559570506324,30,196
20260904,148.80874223992217,794.9429391411804,505.1280384553987,845.3613076307587,164.8947692800387,441.78282967831404,6313.027022129749,30,352
20260905,212.51954900901015,900.2375626988065,624.4168778105997,562.4729117881257,686.3608438330737,380.16056472631453,5952.035185386004,39,238
20260906,172.93800476620464,729.2145785114146,476.5418295989944,872.5527770718382,80.53088212615059,200.80928283930749,4932.810862307903,32,228
20260907,164.16940523703494,722.0900322567621,408.39134491970094,149.67013901719966,667.1125508222023,118.0415417213215,6326.763898481335,19,299
20260908,276.9629512144311,783.821773219115,390.21529028309425,343.01859840385504,437.41198216233346,836.6406592889754,8427.822863300886,48,338
20260909,165.33397393407023,664.5756502320635,445.02868882309565,72.53742320122252,817.5199544449688,436.16776913383075,5156.727765661327,23,205
20260910,259.5323076941345,882.3212212011513,421.2541056886221,497.05012395677187,345.45808742047234,755.7189353071861,8445.646943027656,43,410
20260911,306.4107545437819,742.0962738635162,447.74648111706495,50.560767621267665,844.9321946128622,416.3171030567764,6674.694041252421,14,202
20260912,202.751176409064,899.4462663426425,465.58966950049853,344.94499893298985,586.2343400680072,609.5898387266443,5430.5659796162545,12,202
20260913,118.60578466339233,638.5289942271178,380.7151343758346,619.588909005924,141.8413597457452,284.12076612329383,5007.019024287993,34,294
20260914,486.1229577540464,756.7476281920433,630.9036316181148,874.7947431485169,387.01252008771274,2933.6690391839866,6164.098076529529,18,123
20260915,154.51988334019106,689.3037500195172,391.41347690131164,654.5942540903568,128.2326997122665,242.1804050947865,5872.541805541031,34,326
20260916,196.31245854929708,656.2287280347351,443.82334982875943,858.1303966561595,29.51630300135939,469.1897080653385,5569.091453215934,18,280
20260917,145.98815505931913,595.1336675786303,410.2040384542715,185.4232526472742,634.9848242612687,415.078712615566,4833.229958390705,36,228
20260918,72.9537527693363,589.6422208513109,601.3171345932568,485.31421943142016,717.3200497550935,56.21807417202957,2461.1351585723,13,110
20260919,285.72183725870576,885.4016254924123,457.96227625283376,78.55332129772772,837.3712312079398,521.7394489743122,7786.151732107491,27,346
20260920,209.79052689671053,567.6514059502324,516.1474623774704,772.3233486893931,259.9715760655479,673.0883850522799,4111.707369265012,58,189
20260921,223.13345294226275,638.0468402096958,404.1371355001355,776.3121046638488,31.96216633642226,208.6451205253896,6624.473186391344,10,271
20260922,294.28453236791097,858.7787503477439,519.1044900524626,634.9236046070714,403.28537549785364,475.44610635131,8858.200070163997,66,379
20260923,170.16655523561212,761.2341316095543,521.1165070991858,187.17537127088877,855.0576429274829,319.52890530022074,4759.113007423675,32,186
20260924,170.95299245452142,585.7949304941764,322.80362749355896,327.2498922651602,318.3573627219577,402.84387839731966,7068.018902069183,35,334
20260925,188.82143797869114,602.0792586702208,354.13700354795554,271.1494901974103,437.1245168985008,319.60401636237714,6885.83093728146,23,317
20260926,181.11952121529436,840.9857744679815,551.3860134841921,554.3479272895912,548.4240996787928,575.5453439028277,6247.309639085892,36,289
20260927,222.7456657280262,657.5520785770412,423.9407973763918,254.7259889194297,593.1556058333539,523.9529388143382,6617.539932567355,25,305
20260928,134.55189037744603,543.4927499295501,417.79975384056536,764.5359821884623,71.06352549266848,409.20029158408073,4812.658154430039,62,230
20260929,215.9484402817331,787.4246641946067,421.3487113998229,180.15523472324443,662.5421880764013,377.77101435928205,6864.36349667317,27,314
20260930,209.67507552141709,666.7078444727832,426.9663588792163,782.0757374077027,71.85698035072977,251.95118577083184,6291.912989568878,25,277
20260931,211.70857254149206,674.2235239967158,312.0862319979513,221.13498694073633,403.0374770551663,368.7551179041411,8202.588149642874,28,355
20260932,135.40641573773135,617.722174157076,458.540428067108,16.512153589555336,900.5687025446607,37.00123047347508,4002.9046304037893,14,157
20260933,249.90670113058903,705.6003712855141,569.1247554786341,287.85516864616073,850.3943423111076,585.7637168309453,5404.001302890373,28,188
20260934,209.89363598596105,781.6523109399334,388.2503743977942,494.20041465252535,282.300334143063,496.1496592815172,8388.661409160337,22,366
20260935,127.8864798819875,562.1136099464109,402.5510793188224,649.1224393751021,155.97971926254272,625.8527064053387,5513.970741339478,48,274
20260936,148.3399574439073,758.6607017037685,449.9052729575483,504.2074139231789,395.6031319919176,191.4142769756818,4187.319079301855,1,152
20260937,192.43952949699505,823.5729641395228,511.5923966752311,959.3562933504622,63.8285,168.69980869786013,4122.567843722452,2,125
20260938,176.89267545290753,532.9663023722588,351.8175037650918,203.9360960953792,499.69891143480436,201.6488161378208,6441.4644543461345,25,292
20260939,168.70589083683396,563.7757178536154,454.2656954673443,181.69495919846088,726.8364317362277,383.32694159669535,5044.544092813428,43,270
20260940,295.24650992976393,677.9610584262825,513.117123692477,848.5264595454926,177.70778783946128,773.927140047699,5370.050470378545,16,181
20260941,144.08726664479656,511.0369153264663,422.19302147063297,674.3339765037737,170.05206643749224,321.36854043135753,5241.21378824251,13,274
20260942,139.6090463958843,877.3378615962646,509.4427662781794,83.66235116472187,935.223181391637,49.677403459416055,4674.856163499284,9,210
20260943,115.05208116825676,553.515138581831,457.6222009700723,31.179318509300046,884.0650834308445,86.29534472667477,4129.09666808364,31,191
20260944,154.46820655809307,652.5820528702332,350.29561941007796,291.75910630452705,408.83213251562887,323.5944199794844,5756.61995138199,19,256
20260945,86.90505638569192,591.3262888879864,498.7119758536851,603.8265393708126,393.5974123365576,355.63701461651647,4099.303715240492,49,261
20260946,220.73672384967807,627.1022841595101,282.2409846589981,94.91899718840702,469.56297212958924,531.3661737551038,10080.43095052254,72,565
20260947,115.50719295102928,672.9899040190355,478.14259040250715,878.9264992180657,77.35868158694856,373.901119341884,4243.005618102299,44,273
20260948,164.1464136368785,790.0703888212183,490.9083946960058,258.59174747869827,723.2250419133134,325.93192121959515,5584.500349612111,17,266
20260949,232.29365347986052,654.0540292131955,307.9012572353093,237.10589179522177,378.6966226753968,305.1406318121208,8726.978048285338,27,366
20260950,175.41092075264953,717.3877845033392,448.96372188359686,881.1362437671937,16.7912,48.9155940383273,4814.636441304325,6,160
20260951,124.10811138546484,695.0973117796268,540.4157121585617,159.00398976745788,921.8274345496657,95.82184471494838,3273.594528741472,5,128
20260952,227.90567200478685,683.3317939427686,294.5642884859759,455.9154972267059,133.21307974524592,378.3410223699935,9131.867283295214,66,489
20260953,227.2922933835718,643.913553962649,270.38937391017373,448.5962633945647,92.18248442578282,1103.7413578462451,10495.082777537415,102,650
20260954,182.82216169941245,567.7431971648457,321.1309753572496,557.1365724005651,85.12537831393415,636.0819857272331,7317.475390230806,57,377
20260955,116.71537284732078,614.6633554639102,481.95354131015705,154.90078580154852,809.0062968187656,72.3504277393736,3447.4947775817864,3,143
20260956,204.47737277375327,807.5421577304521,420.7521487733227,289.044790975038,552.4595065716073,360.7677328688226,5593.723796247226,3,243
20260957,320.2462914094492,821.0220424610811,426.53699981797865,209.39576973637915,643.6782298995781,381.1934284167065,8303.587638240593,32,328
20260958,114.69577758316922,664.5357950699678,461.67388490404477,408.9917633369779,514.3560064711116,287.51489747257347,3915.283628370608,27,165
20260959,226.70686471309008,717.3996812768814,390.5721015613299,120.99585552821378,660.1483475944459,544.6952563708593,7702.40622284205,48,359
20260960,248.04240725795864,831.1450321819297,363.7791083540745,159.0940956563609,568.4641210517881,339.22448734312667,9430.529749250869,30,445
20260961,215.32814132961795,768.2507014050676,389.61489825963463,327.03745474953354,452.1923417697358,390.85848062783487,8117.485979799298,29,425
20260962,251.69892880323118,972.5256429835277,502.36144718657323,917.4759255995729,87.24696877357357,40.32148241199573,6681.723210211865,7,244
20260963,269.6522919077964,658.7006855380292,452.76296568147563,73.37939901401236,832.1465323489389,486.87776446859294,5520.30622140738,16,199
20260964,177.05647495640622,720.2502561449191,434.836056072347,203.11690982190194,666.5552023227921,615.6952990926427,5676.308439065265,28,257
20260965,170.48494729346646,704.0020096534425,516.0554434267035,243.50211905075167,788.6087678026553,450.62360151823196,5864.318657462534,43,234
20260966,199.16125856494776,735.6442403548631,488.15280895089256,597.0063582709348,379.2992596308503,348.8950821600755,5394.438214180882,14,230
20260967,103.48096558323753,641.8645402441621,488.86328117209735,45.95676726910927,931.7697950750854,468.2266374120194,3527.4933449154937,17,183
20260968,150.33794959138103,550.2787052611201,468.34840167215805,533.2299321552981,403.4668711890179,373.5027496806946,4633.359740380961,29,238
20260969,236.4601222287048,755.33559283269,331.67105973139144,314.17688356907286,349.16523589370996,514.4327485144648,8768.862794184775,54,479
20260970,281.335182466131,850.2297646531172,397.64837150862036,684.9804345593806,110.31630845786012,710.2733543587167,7506.922442768461,27,288
20260971,79.39900416829128,575.9574337909619,463.0049520861972,915.042159416124,10.967744756270374,14.42681312922516,3323.7384801880935,5,176
20260972,223.82304084840726,914.3574807944772,421.3286073919255,128.21938870496763,714.4378260788834,823.0914844056526,8087.697444454161,45,415
20260973,143.4935271037288,698.3641339535093,497.2520659201314,69.90091980534538,924.6032120349173,51.63947615891702,3582.4655706455605,12,121
20260974,276.7222083455454,915.4718099681762,457.9364300192726,38.43377852842657,877.4390815101186,299.9134782379849,8204.536132075455,49,370
20260975,160.35724506878606,798.1907232853412,400.29447155635654,457.71653598261355,342.87240713009953,275.53637681102447,5918.581174610133,34,274
20260976,125.76618704131896,592.0576248334338,434.43582172407656,839.1799262153107,29.691717232842358,567.6698964557463,4642.197420163896,61,267
20260977,197.80911782548438,667.8003691393488,398.2615991715408,117.5431909799777,678.9800073631039,554.6454275615006,8254.227599580447,72,482
20260978,205.49472055639498,834.8791814510627,467.57725715999186,194.91300098194893,740.2415133380348,67.59125819165422,6448.147223644593,12,292
20260979,167.79352976465867,715.5323004099213,452.2727813494553,770.1630649456188,134.38249775329177,354.7856122823779,5022.323570411795,28,190
20260980,273.46523024644006,740.5860786117995,337.6886351578131,277.0614825338322,398.315787781794,520.5096669841809,9592.959324374015,38,449
20260981,282.53268718132944,797.5771130838309,397.7068643085431,622.4973649969485,172.91636362013773,228.1106372432959,9477.608269101225,32,388
20260982,229.36472310019985,690.4347171352489,284.35307791294565,313.6729281338799,255.03322769201134,514.8203883489475,10940.080430855865,52,550
20260983,199.23088762637406,869.7853473452861,431.55992453413756,26.175184728255957,836.9446643400191,248.64842730688497,6041.689883535147,15,287
20260984,136.2068723648985,718.7160946255551,504.3369151162866,416.28841905428555,592.3854111782877,62.799757687654576,4250.952445392513,17,218
20260985,113.02323911843267,803.9262662095374,456.53275166069045,243.7293830258919,669.336120295489,221.99521820949792,3623.7764996425412,13,170
20260986,128.15329652386342,593.3123707780718,459.6422299054883,886.0049544423282,33.27950536864841,378.2894486856832,4938.999279723035,46,253
20260987,151.83372206078016,730.4735531970393,426.5376380566337,806.6067826262574,46.46849348700993,291.7195756718935,6470.6114352193945,56,375
20260988,266.1620313159621,715.754460721973,632.5442171310085,442.9543200936399,822.1341141683772,830.7817415944203,4276.345202164358,33,128
20260989,195.9798470548357,742.5083242713163,385.78337140688797,150.9251283848407,620.6416144289352,529.8185668857202,6641.435925996252,35,281
20260990,327.4217374068437,877.4898626204499,291.18373099328267,293.7728660090978,288.5945959774676,833.1924668133329,12634.565660792543,45,593
20260991,160.19628430101196,697.5318103999438,545.8235943547895,360.48934637321497,731.1578423363641,277.7406006294525,4853.839932059186,18,159
20260992,143.05833618513822,658.9735705013252,458.0166826263687,22.507647713105257,893.5257175396322,198.55683850932257,4531.277508463401,34,196
20260993,186.23077667595797,728.3366531414858,374.9538493847382,243.55008117264606,506.35761759683027,605.7557536337447,5538.376524149991,48,257
20260994,148.71608563086966,554.555850078264,469.3774853757519,99.90975235775993,838.845218393744,342.0328301614508,4303.088213357805,38,166
20260995,191.72882753475204,685.3173376505429,411.6733989609216,577.7004435898033,245.64635433203992,623.2526428604288,7130.9213718531455,72,409
20260996,166.73510738563857,865.8152595118831,620.192382925813,789.49828855453,450.88647729709623,194.0807312137937,6582.065813707053,26,353
20260997,111.69070645556802,635.414902043445,486.5145724679222,954.6861474748408,18.34299746100362,79.5093256248962,2959.6620971217026,13,123
20260998,175.55927865258147,618.750507661726,415.6857231013829,321.5359772335846,509.8354689691812,220.88392809577553,5235.234737440195,23,218
20260999,147.58322408379254,758.3914065229312,457.02547114015414,845.9339638482762,68.1169784320321,193.48067613916453,4430.426570145047,10,186
20261000,289.5179936334248,719.8788456313565,385.9079793006727,508.01370964675203,263.8022489545934,323.2399855019714,8848.462742273163,19,374
20261001,292.53250298409137,754.4430116149704,301.1088563037973,357.9119149311232,244.3057976764715,1174.5424179231447,11245.568809593555,85,556
20261002,169.66977703752937,530.4640272086998,408.28326866603135,578.462620082477,238.10391724958575,143.62401109221935,6479.415690363458,34,342
20261003,254.78209865528078,697.2148458831952,412.96042745125703,205.08210804037498,620.838746862139,233.68404469132332,7347.230792999233,33,292
20261004,120.32357920921669,691.2074210290259,511.371701913391,848.4186926978348,174.32471112894723,141.01343839884066,3697.520757803962,13,133
20261005,199.49556177220563,676.9985519208004,466.58628804285667,10.161787014049697,923.0107890716637,123.82552817341639,5208.236198388908,11,200
20261006,234.8550230828071,664.7505325266536,278.9079279559192,289.30380342903914,268.5120524827993,798.1231481971977,10585.380449639364,60,577
20261007,179.8479833450753,940.6763134591931,503.54490652474783,876.7963229599695,130.29349008952613,95.96610132275458,4521.756352923655,2,157
20261008,330.76428593570785,872.8866040413337,314.84905223581325,265.2555977960317,364.44250667559476,508.5020586905571,12224.938519167134,64,584
20261009,211.0193033128561,696.4429571848566,392.57771615225874,59.97453804090569,725.1808942636118,269.99721158594394,7010.14226109012,23,287
20261010,165.13843725142084,479.5599621510355,330.6977742465157,345.9803754005611,315.4151730924703,458.1124755837326,6487.9691958821,47,310
20261011,201.1231406114286,529.8806722321528,468.6150887824828,607.9266761088406,329.303501456125,252.36159927334597,5719.125166663977,38,230
20261012,235.85190021938874,720.2992690583098,529.5553508922995,428.34597895353727,630.7647228310618,562.9443997334583,6235.758033899034,25,230
20261013,137.4911166391126,612.6301281575522,408.5345378133278,61.44824574202339,755.6208298846323,632.8332370345627,7026.245310161061,98,439
20261014,111.0789750630036,693.7716788464229,485.29670537270766,42.588870906562605,928.0045398388527,407.3610013749035,3864.498084357457,45,164
20261015,153.87880552442337,745.5288718727846,445.7738884461048,30.95579881378339,860.5919780784262,101.61691625621029,4208.635112562848,17,184
20261016,167.71577878537616,740.1351400072107,434.171994328658,517.5636533017083,350.78033535560775,635.923251767608,6483.0455360557835,31,286
20261017,203.22884314477383,727.7169017850387,421.97832674636226,674.7738215588773,169.18283193384718,490.20175470546616,7029.194331217167,44,302
20261018,141.72388312675665,598.3518057877683,272.03617444625377,483.23931371254446,60.83303517996307,466.9863999283231,6539.171666825895,33,377
20261019,326.6119106692303,739.9415421847332,339.4513694174202,572.6694498351715,106.233288999669,733.5737575673091,13140.710882569643,91,685
20261020,148.60266016869463,592.7828650570943,456.5464851150972,57.45097879557471,855.6419914346196,368.03994345760503,5153.491656124905,30,238
20261021,194.2660609909065,543.6910444609906,437.1024923573048,47.50836554031199,826.6966191742977,625.9751755124003,5196.448085449421,65,221
20261022,145.52871691125233,543.6159821353596,527.035552558254,467.2177063459513,586.8533987705567,190.96060165586954,3765.1395572999545,6,119
20261023,213.6241873841685,811.6073705011008,548.2170352975259,162.3344342784265,934.0996363166253,533.6783195292787,4969.980507278306,15,189
20261024,189.97510347812866,686.6463178400953,355.8504454659295,473.21075541256425,238.4901355192947,622.782745357142,6794.630033739061,51,319
20261025,148.4985723708267,581.5238100682657,659.98708090892,806.743247691333,513.230914126507,148.3665447007802,3366.6406975856858,27,163
20261026,218.5310861315019,804.83623217436,463.69075619566433,70.91208363152845,856.4694287598003,192.8135004221067,6582.560155154816,34,296
20261027,260.4743567782432,811.4143272347548,528.511900970246,808.9934988465195,248.03030309397252,609.8291694470718,7842.230437149535,44,371
20261028,130.948133730055,605.4721915939937,431.27233162175366,168.6060572772782,693.9386059662291,74.34702374088238,4013.165163822352,18,189
20261029,316.5223801165747,915.882228053935,355.14992128326594,468.22993429899344,242.06990826753844,560.576734484922,11718.933861081694,39,539
20261030,125.70903503409059,728.1106933868092,495.27846720632647,931.9237201074728,58.63321430518015,147.75962432762924,3940.9950474341626,20,202
20261031,154.36631060345064,706.8806766328676,485.64450252248946,222.90090973902474,748.3880953059542,516.7525489210651,5774.083490731706,46,288
20261032,277.0864788198371,738.4127349243828,277.8519966746462,412.8496083553711,142.85438499392131,938.1430542419732,13887.2279703359,106,803
20261033,181.61918678882645,642.4601404548113,459.7385326290139,37.14839870266597,882.3286665553618,542.5233485219976,5004.2779065709265,11,249
20261034,142.52009402900256,556.2802942332997,403.7009814832033,476.1225288406035,331.2794341258031,280.32992633346953,5345.8329651914255,45,300
20261035,192.91691071420763,648.9138069368191,655.660596779772,439.64282140261344,871.6783721569305,263.46449554726837,4047.5115152594453,14,155
20261036,231.5789001134413,762.211036481678,503.00858323733314,92.66664749451097,913.3505189801554,667.0328752733834,5435.484951441069,21,198
20261037,154.5850269929169,666.6346464613033,464.99776483339735,535.4457289675014,394.54980069929337,266.48095492957236,5699.159167926355,36,257
20261038,279.584030586919,663.4646043885418,326.39909145843455,556.871243008129,95.92693990874017,763.0088801751863,9873.842170998523,45,454
20261039,106.9041716369913,597.6286043902363,427.4146790683372,734.0852739724944,120.74408416417994,243.04740645441294,3725.700465582877,12,158
20261040,331.5878763971135,783.2281405816466,358.16702819962825,210.4762865887448,505.8577698105116,871.2484737472048,11276.207833355562,78,512
20261041,86.56218249940335,554.7609212041679,501.5030300477731,942.7064600955462,60.2996,43.55747847677545,2647.8391072919994,9,123
20261042,102.53689298194733,504.5121632872504,434.7682131959837,754.4521202286552,115.08430616331229,553.3049553284611,4293.462653443525,62,238
20261043,199.0903989579233,757.3265159800302,446.2141164378439,242.6070613967459,649.8211714789419,659.3513261975943,9699.28591031071,79,521
20261044,155.5106666980427,749.5639587771699,434.39147180108444,387.9926213336969,480.790322268472,333.73832276594527,5262.91057976204,19,280
20261045,414.91198744987935,930.195850437128,451.4812280915818,610.1284931376251,292.8339630455385,1060.7199133549882,10472.927832931113,30,407
20261046,260.56231336751574,855.6744781722217,450.4810049598122,680.5316472647536,220.43036265487083,321.1421125709043,7170.398699175107,19,292
20261047,243.0973321392423,812.8468465085411,390.9997783497791,627.3398509677745,154.65970573178367,201.75082700302536,9385.073758346763,25,419
20261048,171.02856816878057,683.8035026334975,330.81468712742674,353.58354231011214,308.0458319447414,269.90179683859253,6787.597875322556,45,340
20261049,360.6841962418912,609.4702610171763,427.5033847088869,100.7178055990503,754.2889638187236,1606.5634049300104,7570.127383227139,39,273
20261050,82.70911452166374,617.7861114573387,628.07942002615,766.9829531359461,489.17588691635405,102.6627092374096,3184.1469248024596,24,160
20261051,224.72352468024678,587.2413924970277,255.65282833813666,220.97977066342068,290.3258860128526,829.6193229006377,11167.006981123302,84,637
20261052,138.38235870669476,812.1588831950647,637.9854246911146,464.08339596540947,811.8874534168199,285.09322975379695,4020.8295283171533,28,188
20261053,187.3172941459503,633.9384805318017,270.259187463428,366.1382770922368,174.38009783461928,450.9129646675245,8828.922275223074,56,502
20261054,117.71775246355305,553.8744698683723,377.98629285921584,509.25828119493303,246.7143045234986,74.10670371588391,4211.081075783482,21,214
20261055,247.59633698905597,677.0758898980965,336.64343171345365,305.88981799489886,367.3970454320084,240.60856168424135,9025.846315015953,19,406
20261056,172.6110685957052,583.4833236183846,406.1185220761947,544.1495477069744,268.08749644541496,348.5581146505085,6342.740428622345,58,303
20261057,144.39351131812953,705.2740012662101,432.9822716388187,95.09112642215365,770.8734168554838,171.91252875704575,5016.016026175439,22,212
20261058,287.74463327109737,915.4463597955239,360.5907624800481,392.24402442395024,328.937500536146,301.8455914538568,9957.476126745716,31,429
20261059,105.12067373385275,726.939927979381,490.67490043273733,13.215799999999996,968.1340008654747,18.203681262689017,2967.5004157663434,5,110
20261060,165.21316132967547,641.9519037168293,439.0981303709252,147.5880852963134,730.6081754455371,375.64604218236775,5044.125079955382,22,251
20261061,342.52268490698805,769.031019569706,360.64984505205194,450.8515307319133,270.4481593721906,1304.2716105820207,10403.5504158222,68,443
20261062,220.7043046940438,570.7748249738588,426.9787505165038,698.3560384423246,155.601462590683,878.582062581065,4641.796376616686,21,181
20261063,151.53384547742877,782.7553977841602,487.5944408756907,929.9396424194387,45.24923933194269,138.3959731403086,4117.470746059854,13,175
20261064,141.65261270872998,642.8976242226121,459.786340318393,750.4668418146817,169.10583882210423,372.5764382092954,5339.020672416774,56,264
20261065,294.26626372178106,800.7640729230245,279.19299103691685,409.07830606758887,149.30767600624483,930.2137127330552,12571.437096070324,64,669
20261066,82.02277225440582,543.2773144322153,462.9631713479067,305.8915157191591,620.0348269766544,290.67078139640444,2931.0770260498875,22,108
20261067,325.6721891356096,883.568258800089,469.0064599394862,625.2123475321654,312.80057234680703,324.72566516859285,8243.958058652695,15,240
20261068,202.39910718117966,841.5615418430257,433.87334861672497,28.775599999999994,838.97109723345,105.69255957617679,5280.231163970455,2,210
20261069,215.87316838056103,745.37165876593,442.94155203703417,456.0946664468967,429.7884376271716,741.0757864571783,7362.689950307156,38,319
20261070,188.81564488450888,560.6910279378909,408.9114422564685,166.48179315985777,651.3410913530793,676.7532340348341,6865.426305098609,48,359
20261071,187.29611172293252,790.7186942123003,411.80565369573645,113.60000842029982,710.0112989711731,276.4505668555293,5911.256493898647,19,273
20261072,88.6158457800347,629.1058236386123,471.52820897730874,125.38029951264342,817.676118441974,461.5017059242512,3415.24656187869,33,194
20261073,117.12281636132884,746.000943129203,634.129389708723,841.4206853971837,426.83809402026225,93.80120313769007,4132.202339974254,16,252
20261074,341.6620743337173,597.5807883613503,654.8915869383804,841.1879219391298,468.59525193763113,679.559419806695,5498.771324002274,32,171
20261075,111.19609381559134,646.2008048705715,409.48180305764885,613.2960272290986,205.66757888619904,195.51605900762843,4053.624461636493,7,195
20261076,139.03600371784555,633.1584740004631,456.45520748339544,672.0263101178862,240.8841048489047,210.5714556558329,4194.017204209713,32,191
20261077,283.8522181347337,803.8636890910699,431.9162240860619,119.2436965868244,744.5887515852994,500.6885949069323,7775.3173516178,26,309
20261078,208.46806891211554,743.0450007384962,605.5215535099259,312.407617717664,898.6354893021878,244.3539128928987,4849.312489932114,7,169
20261079,141.55987577625527,575.9081589048632,435.55047760793883,409.2620532829781,461.83890193289955,593.7065210653338,5551.840498856459,50,271
20261080,161.5145089041775,708.8492476381481,406.8764041367572,470.98511091510767,342.76769735840674,32.927159715073714,5445.111584116865,8,219
20261081,130.3695341194288,716.7184017326476,427.6606573071325,219.1924068453967,636.1289077688683,503.5390392653796,4681.273440879381,35,236
20261082,193.59372306111928,791.5405750680233,416.0870800414991,378.1572899686772,454.01687011432097,702.588512308087,8894.908242937172,94,516
20261083,335.948614995098,868.8107823509553,457.81484434510617,481.0147221410219,434.6149665491904,1287.4178834875283,7763.861001106654,35,290
20261084,212.53116536276445,715.0726671217766,660.4996018357621,885.4116249689231,435.58757870260104,251.52019215830455,4352.95177707556,28,203
20261085,71.56039538379738,517.3018806736446,475.1739095076953,918.7111190153906,31.6367,23.153162194014172,2125.6141268430224,5,97
20261086,243.42718309780383,797.3042626641864,367.7976994111419,113.93467508710098,621.6607237351827,672.8294002701759,7734.580911992385,44,363
20261087,213.64186353502757,617.453576489892,321.73125860391207,438.38247917038717,205.080038037437,895.4561406401245,9124.844690417447,96,512
20261088,104.21522713971093,550.9564359101182,403.6771590048229,269.5315603301857,537.8227576794601,220.05734903720014,3845.09913979976,7,188
20261089,74.84958185784967,610.3661601281248,554.0578871779671,406.7973550387332,701.318419317201,398.8857778441241,3330.399533630981,29,174
20261090,255.93965736429766,862.7168712690532,358.0741654060539,386.293274254385,329.85505655772283,999.8420973817317,10683.792845214877,67,524
20261091,212.711661170711,608.6257795433031,389.7306068794018,238.02558685388783,541.4356269049158,567.5038803866144,6383.040723980236,42,269
20261092,159.91384140671127,618.1521551432639,390.94844006791965,475.29079252242667,306.6060876134126,395.11588826427885,4984.423446774375,21,236
20261093,87.54513185384631,562.3762453212757,492.40923981794094,457.4905310477133,527.3279485881686,232.6488498269197,2650.5165306926765,15,95
20261094,285.8566955316725,892.096287309097,379.02172467254763,531.9794196957515,226.0640296493438,244.58536458848755,8968.74258455898,25,369
20261095,189.69735964047703,692.686901679132,381.95074803198554,339.98503001522386,423.9164660487473,183.87164151352835,6048.57693394976,22,282
20261096,311.492032840189,699.1184301851943,355.09716286547564,283.9453795723278,426.2489461586235,758.2653062296474,10300.022045136957,48,448
20261097,262.72641403548096,900.4292383435202,461.0667170934369,898.6225549670647,23.51087921980915,249.32339787392237,6606.999620061315,34,263
20261098,78.53446274032652,560.2502753945989,430.2983264813867,784.9653965793403,75.63125638343308,58.21792513373335,3332.0084413929308,10,189
20261099,169.0689149463186,650.6990937062354,447.20133169760015,457.0189212176881,437.3837421775122,581.891749414463,6926.038808284354,34,314
20261100,163.98373967219635,739.0854173548704,467.6588722154817,255.37259530881053,679.9451491221529,204.49171872150526,4378.026249454242,11,163
20261101,188.92021602943908,666.9635203369801,406.29007533465006,358.23985520583153,454.3402954634686,438.02745688626015,5718.108435177501,33,223
20261102,251.8444202583455,737.8172804986768,373.12878985084353,594.7923200701035,151.46525963158354,860.0121045883648,10462.214284425376,70,542
20261103,121.71041178323199,814.6290281212858,618.0553353121992,536.1270026056818,699.9836680187166,296.0761574397612,4279.915648323482,44,249
20261104,143.15783748719159,855.4624158846931,530.0437833330943,562.7386698257421,497.3488968404466,91.89597664786436,5603.291659398702,12,267
20261105,259.906393072589,905.5133624632215,470.14982195350507,921.0843778359958,19.21526607101431,299.9266195918427,6517.26674061353,12,243
20261106,178.30306571797283,761.5816869279118,525.5663976742261,915.5053942796609,135.62740106879127,292.02390823461064,4666.2458518393005,18,186
20261107,207.74704716616378,709.1177538493159,305.03610248361434,254.8156988096131,355.2565061576156,870.5824189778385,9908.775847350087,59,605
20261108,192.92728354999628,606.0118061791746,466.656701519452,573.325759422735,359.987643616169,945.0732777701427,5259.532092230877,66,217
20261109,224.74167074771168,804.9761631901258,328.32131766716395,268.114230293591,388.5284050407369,959.6264227697477,10829.800565174539,104,620
20261110,222.23530687491655,600.349217309363,355.08690348267135,236.55444186223107,473.6193651031116,771.3587294016132,7146.526220335743,33,320
20261111,413.12424027370037,918.7750603470978,498.4409552077169,434.9479627644071,561.9339476510268,964.9697995658156,13191.982372906072,63,601
20261112,152.82858266329086,556.3757770721664,473.41238828162847,891.8733112926161,54.95146527064087,388.72415961545755,4544.105851673319,30,211
20261113,159.09373769708657,811.7529935846144,429.22588039917963,195.25280831142098,663.1989524869383,191.7321220116097,5295.899477067756,14,231
20261114,287.9696762548514,582.6009295749095,320.89740239757134,265.0440727151923,376.7507320799503,1111.7528003550349,8609.730682705956,46,367
20261115,142.4137667181832,674.2510717349072,455.6361953317182,513.2275524886311,398.04483817480536,533.1782647390712,5166.477249507374,44,220
20261116,172.30202788327608,676.0605509721604,488.5367659830764,323.21752848810104,653.8560034780518,501.6858610602627,4936.064917155265,54,201
20261117,314.6200319480955,772.0478496182357,274.74895998787906,368.59276518111665,180.90515479464142,880.7592895854801,14252.902995486826,75,782
20261118,224.3342659230687,752.5920795924833,519.9367450315999,379.7645205816308,660.1089694815689,346.8780833247716,5506.644162789175,27,196
20261119,89.52858313097525,642.9253684042934,450.391049818283,883.9458996365661,16.836199999999998,15.695716466200007,3141.7416663234376,3,179
20261120,213.42395274215093,593.545307220649,406.18551766787465,119.22881384439813,693.1422214913512,347.3917556254187,5970.104767710868,28,231
20261121,188.85211410817956,923.5456061114432,464.161207767332,888.1716151269036,40.1508004077604,50.385711310432185,5115.202656886976,6,186
20261122,158.13930623816682,847.8284724250467,528.3415341700608,138.5013001838238,918.1817681562977,42.2092532192255,3510.8488080830202,2,130
20261123,126.3654718140798,589.2519510652799,358.7597111966868,544.0175658820986,173.5018565112751,305.35762233934696,5028.371151028575,20,257
20261124,165.72368024740695,819.710008587474,430.31488607512216,735.7425283990266,124.88724375121775,368.4828666379776,6411.441907778131,25,354
20261125,96.02999634429048,563.8147411604066,483.32316763888144,940.0998774451367,26.54645783262616,156.29452429555818,2249.959355698414,17,94
20261126,135.9785075096027,575.0332097664083,494.08254627032784,956.7167121779889,31.448380362666683,200.45099323212781,3117.8508797457484,15,107
20261127,118.40226893502367,587.1987629649738,514.6072184908055,81.53431168303119,947.6801252985799,40.834340682915354,3098.5301794472684,7,116
20261128,267.55794405209633,748.2121748562637,336.1915410116935,429.6925538129199,242.6905282104671,843.8502810236893,10698.052760486815,63,544
20261129,173.61351819831668,588.6818452894152,418.4465473322341,785.3141138463138,51.57898081815443,514.5907103940704,5350.166464138286,46,245
20261130,202.44461991865379,663.1633729740381,463.76129290892607,13.78325567488721,913.739330142965,383.1308699784344,4637.6514745621225,15,172
20261131,261.70595209965416,784.1539024813233,459.90889643781816,869.0814899735557,50.73630290208066,1409.0951478833476,6001.190588113729,29,191
20261132,78.7985927826139,813.1935050421949,463.40275039036004,760.7263352284268,166.07916555229326,57.83246165808024,3536.3055126593663,9,209
20261133,297.71751624298594,837.8284560719009,451.8978062186686,152.6112065192514,751.1844059180859,554.6885733500123,8430.348142806883,50,357
20261134,205.60909040725892,812.212048205474,464.329250760758,252.1695679626198,676.4889335588962,100.03991262597594,7254.849916280263,16,328
20261135,163.693338486177,585.4733781772433,493.57306711666,228.7077698606147,758.4383643727053,285.2344668071398,5710.484869405975,42,267
20261136,121.96972512119868,712.4943446962751,493.525435995821,866.5108075607402,120.54006443090178,135.86915109402258,3743.229804911598,6,137
20261137,184.7315684257446,711.532135372738,377.8955602836846,743.0133800931475,12.777740474221677,166.79141052122833,6072.381959741325,13,266
20261138,414.76889462664695,826.8177881868771,317.3590494583163,467.5352421168363,167.18285679979633,947.3880933660864,14474.151808220924,67,643
20261139,164.96349275458135,761.113736948966,484.05640329716255,641.8299233161548,326.28288327817035,166.00977351696116,6193.700400975597,9,287
20261140,120.13652515751824,624.0907998822671,511.91133286773356,530.4201490339799,493.4025167014873,92.05126266447284,3190.887719790863,16,127
20261141,242.27394734329707,859.4457934356276,443.59358943246457,463.75172427172276,423.4354545932063,459.4106741320108,8483.814133983304,49,441
20261142,200.73217389027283,659.2427973601397,370.3629181134039,344.5188126015221,396.2070236252858,613.1229979125424,6299.9113468503865,38,314
20261143,221.54645921697076,727.3493768028626,344.7618330835797,252.33855747244158,437.18510869471777,318.8646603280056,7975.091999918946,23,354
20261144,185.76209539001715,653.1965788739644,393.344920313358,462.2418444374486,324.4479961892673,489.39799260811265,6434.662907706671,34,276
20261145,179.0037473033439,867.806857303324,456.0197870556897,323.40124557292154,588.6383285384578,196.68866892175043,5316.303365894821,21,219
20261146,129.4473363634566,677.8240007006342,445.8799132399016,551.0527078269104,340.70711865289286,245.60864728359198,4204.569136689784,17,188
20261147,161.688135176507,739.5229747502443,432.7602093399827,783.2858622584106,82.23455642155471,736.0205828691288,6259.789682952488,56,317
20261148,199.30661991434908,782.641926238894,391.07679255300593,656.4119424555552,125.74164265045665,375.56910988841526,7165.358685295381,26,334
20261149,243.82798624178398,938.0404586467143,417.4209520614279,610.1216680714217,224.72023605143406,383.1472883452221,7613.985477218907,28,350
20261150,195.84029179418565,674.4480405223661,461.26479813635416,894.4371756886646,28.092420584043662,1043.787076507153,4517.7866052381205,11,160
20261151,199.73440896913755,664.9062091492846,468.59511466101844,753.5003600650128,183.68986925702401,557.270229133369,6624.5878417439135,52,334
20261152,86.27728438698495,586.6115353595694,493.6286176766722,709.3189313092868,277.9383040440576,275.72628200844173,2995.623564044691,28,141
20261153,199.0962523971359,783.7171078522907,488.755699705392,326.17957805299756,651.3318213577865,389.89710740420156,5408.823699824121,37,234
20261154,244.6547949854108,739.464421800513,527.6936446136297,189.62005017580452,865.7672390514549,284.07225870799965,5278.780071976882,14,193
20261155,224.21320658345627,745.6376708156429,484.1320275674423,923.1549343633702,45.109120771514476,94.04392560696807,5388.171223108074,6,200
20261156,294.4038717261849,874.0334084339078,360.7688063900389,278.33147502281656,443.2061377572613,604.6644651415855,9876.9869520291,30,430
20261157,142.60853736530152,682.635726215921,435.5593365035119,618.7967084033972,252.32196460362644,362.0069995887135,4788.411336517991,46,209
20261158,281.3728489406247,621.5341261216258,407.84115190048476,780.4193054813425,35.26299831962704,617.2873332307497,7916.329871694284,35,310
20261159,164.44423344973748,570.389608556363,365.28112647480754,611.866240951034,118.69601199858111,286.7304547109099,7475.86685108458,26,378
20261160,214.3094835788701,762.5518737335907,408.8452832149783,647.8302330953094,169.8603333346472,423.84095225020604,6994.269657051798,35,305
20261161,257.1914911354531,838.5473195754037,360.92826746027015,341.0787996887019,380.77773523183845,258.33563715989,8883.14598584755,30,388
20261162,389.70915802490094,874.9518275310558,353.1327904382405,492.5417616446746,213.72381923180637,1361.899431821758,14505.722398943983,75,746
20261163,232.09307499984982,740.9058834534958,324.5870734136082,389.70973915744423,259.4644076697722,556.7678856047158,9566.813489299782,41,467
20261164,154.04945434006407,578.488311276891,576.7736656472031,384.86934285430056,768.6779884401055,52.16238936348236,3482.8844073644054,12,116
20261165,359.36764003341864,881.1648870691492,418.26436838593986,172.30511612496696,664.2236206469128,1631.3280577705286,10091.703315030223,61,547
20261166,168.42503792826662,715.5496961144822,545.3039362782297,214.61593218421956,875.9919403722398,724.3212312757204,3588.1552710792866,20,126
20261167,341.0742312999419,939.3733993467059,561.7386536663014,283.1848769574441,840.2924303751586,312.01908108745505,7840.596072247247,25,270
20261168,116.10191424772474,560.2331026686313,499.2809391940065,891.6752936954929,106.8865846925202,131.10252227815383,3983.6835723028507,14,186
20261169,135.86434109954294,712.462130487862,365.96089824235673,205.65571952021676,526.2660769644967,208.14886632705006,5172.651024340015,17,233
20261170,217.01318169572946,627.7233750990353,287.9770729702294,478.13432473196957,97.8198212084893,402.0744379887933,7909.858951646815,22,365
20261171,279.46867118223446,777.554287714034,464.9574459623508,836.1418675186125,93.77302440608909,1161.331436134913,7206.1094204862,30,303
20261172,109.75078406470762,547.9747395163262,492.15341862447815,124.82262074182655,859.4842165071298,224.96788657465612,3507.0782610467945,20,152
20261173,191.34347426744966,779.8004396169388,432.3488492417681,460.1293380823703,404.56836040116593,119.64780940557385,6680.187356396221,18,297
20261174,342.9172188411667,744.829086836792,647.20474565377,364.17751609987397,930.2319752076661,1025.1173323260412,4755.225940652239,8,128
20261175,241.2532916051825,762.1212227194136,385.67849288207606,677.6525169382129,93.7044688259392,452.637138107415,8613.504805843739,52,389
20261176,360.6693784343268,904.7511596303062,402.7374467538152,102.23224361750229,703.2426498901282,770.6262501686405,11895.932612958373,37,520
20261177,252.63831734062035,813.4289308786828,357.5543224406307,93.78267835405416,621.3259665272072,994.0837430161164,9195.239365853236,61,525
20261178,184.29383410853922,592.9270587219482,450.51417970974046,299.3855895672319,601.642769852249,653.6342642335417,6305.840163011254,60,322
20261179,155.94822530358965,712.3259239396331,396.79162278437525,501.69017654439153,291.89306902435897,525.3161004017738,5995.310296655152,44,309
20261180,107.19978244402598,676.4004121412954,435.6739327473361,827.7017157133697,43.646149781302476,122.80878548005379,4029.1990786506203,10,237
20261181,201.6474345206188,767.035116152397,386.61161109858807,498.0103653652318,275.21285683194435,119.91509424857192,6787.58098647537,27,300
20261182,105.44793291558155,602.544642158286,437.780182175259,426.3737174104692,449.1866469400487,317.61602777792535,4046.779883987302,13,221
20261183,202.20386288205708,725.0732247882593,427.10123250813575,178.30227388502328,675.9001911312482,107.12489949414423,6949.801295731201,18,334
20261184,291.4987394043213,862.5242523419557,347.5797677812524,193.18647684130065,501.9730587212041,338.85548252031447,10490.756985960403,26,449
20261185,267.03905878716,891.8074910690369,419.3402572624484,256.27791425162184,582.402600273275,958.5325115830382,8770.56022167373,63,425
20261186,149.33589179263316,719.841912669061,462.9451147451454,846.1325089911484,79.75772049914245,268.92674904765124,5010.927167170017,37,193
20261187,161.0534158151259,818.293761395956,668.6794868273347,835.3628590032027,501.9961146514666,191.5539504220111,4785.257094592306,20,229
20261188,140.56257043347043,784.1957851912856,492.84839169476913,485.1152047868948,500.5815786026435,295.0192743350397,4603.523738148079,35,197
20261189,242.81204674618144,610.6509162874983,447.53405284217115,22.273650846035466,872.7944548383068,561.3506292534228,6158.505126069341,52,229
20261190,254.5449050246265,739.4906839548164,328.1633008447407,539.0937523591225,117.2328493303589,237.2916037079051,10227.803477098072,32,520
20261191,349.2327863247909,685.7854668551146,578.2991866816933,227.38130191522353,929.2170714481631,863.9022473478338,5289.65313634517,17,182
20261192,137.10482801420164,630.1774979158998,452.85054053607195,60.99277503031031,844.7083060418336,156.09917050100162,4534.572238454555,27,191
20261193,154.2660054197559,653.131147346049,392.74198001579526,670.6401147268475,114.84384530474301,273.0422958584484,5317.554957463892,20,244
20261194,160.50874000775238,544.3808245893994,425.51253323821646,737.908633114754,113.11643336167892,358.2674639803228,4953.271751238488,15,221
20261195,84.48965595056727,605.9900617239423,450.7040682534664,122.34058823410557,779.0675482728273,360.7994286162267,3381.9951103307694,35,199
20261196,235.2084982471234,862.356762287031,407.03718583907676,718.20065758496,95.87371409319348,374.5144627619836,7992.89356991503,29,360
20261197,162.57389598041587,705.0011442860174,461.5021378879823,874.741174367964,48.26310140800062,336.55969295589483,4601.350783850832,14,207
20261198,237.72704589211105,779.9874836875802,369.63748830096733,456.1436599509023,283.1313166510324,457.3070728390132,8862.585633321123,41,467
20261199,134.09442527951765,672.460761665854,604.5573103549204,927.277178523269,281.8374421865718,149.0270158408283,3356.01285620392,25,140
20261200,133.77478644717957,763.7787338344494,472.5798904496887,869.6796938510084,75.48008704836899,304.82830649730744,4333.2629807278845,12,182
20261201,79.02299402313245,537.8537175307235,423.8275935268912,699.118625829976,148.53656122380625,372.28878778362224,3203.769291097974,29,186
20261202,104.02656194031647,550.7090268242367,317.53337169244094,84.47522025138525,550.5915231334966,160.83225455133623,4762.6938276846995,29,286
20261203,210.09812900301102,724.039165678756,416.12242379387794,771.4074079372225,60.83743965053344,574.8673280065462,8009.226489127527,32,438
20261204,211.6397124888789,782.246464293626,342.76251251227916,274.0754196512129,411.4496053733454,673.1570507251978,8589.379708844494,80,447
20261205,115.859010380823,654.9843187174089,463.95188831973394,628.6861322725484,299.2176443669194,115.65759299541992,4805.76137086066,32,242
20261206,191.8658222564801,632.7229445993695,420.449505112614,487.1285427379649,353.7704674872631,324.4561175246366,6168.514726197545,19,266
20261207,210.06030720230416,711.2169722827053,395.5621611546498,422.2794530637783,368.8448692455213,300.2943395253312,7457.257552391891,36,338
20261208,205.6812631421686,667.5327967513012,472.1367636990996,703.2568502057601,241.01667719243915,722.8403001822608,6964.450891142142,59,367
20261209,165.14705679221004,621.6356103041938,470.45923613030686,383.3665783111382,557.5518939494755,134.2106211219699,3737.9119008254133,14,124
20261210,191.95394474324513,639.2860059020469,456.5688704158171,353.3566050773554,559.7811357542788,639.5551521144723,6687.159854073309,59,298
20261211,133.12196613724228,645.7592940230898,448.2107388668587,19.595299999999998,876.8261777337175,101.32294777773131,3810.301364323606,15,176
20261212,250.42592389458366,795.5695837679749,604.4232057891709,305.85339271457326,902.9930188637685,422.5263328464304,4864.504743224979,36,179
20261213,128.69642893025494,500.91998592656955,317.7301688515983,80.29310686075675,555.1672308424398,551.9356099381431,6204.082518753307,40,356
20261214,249.42814537903786,836.2843412637533,499.25365611587296,446.72233757995923,551.7849746517867,936.9770608460908,7562.835894524686,52,351
