step,fair_price,submission_spot,normalizer_spot,internal_price_estimate,p_low,p_high,bid_fee_bps,ask_fee_bps,lambda_hat,arb_hat,stale_hat,inventory_signed,required_no_arb_bid_bps,required_no_arb_ask_bps
0,100.0,100.0198226225385,100.00979155016637,100.14009804574935,99.72976513693314,100.29999999999998,28.999999999999996,28.999999999999996,0.8160000000000001,0.55,7.210760513024374e-05,0.0006008966370954095,0.0,12.010715543329109
1,99.83181263869632,100.0198226225385,100.00979155016637,100.14009804574935,99.72976513693314,100.29999999999998,28.999999999999996,28.999999999999996,0.8160000000000001,0.55,7.210760513024374e-05,0.0006008966370954095,0.0,12.010715543329109
2,99.67839436360673,99.67348321488248,99.68348055522502,99.99974637964928,99.67839436360673,100.25905369640428,28.999999999999996,28.999999999999996,0.9247616000000001,0.45220000000000005,0.000179633755413985,0.001633985514379287,0.0,32.626399223868454
3,99.8426241003642,99.67348321488248,99.68348055522502,99.99974637964928,99.67839436360673,100.25905369640428,28.999999999999996,28.999999999999996,0.9247616000000001,0.45220000000000005,0.000179633755413985,0.001633985514379287,0.0,32.626399223868454
4,99.81775621291175,99.37261055780354,99.38257772034693,99.99880291759135,99.39398708188521,100.54593629128675,25.999999999999993,63.61998559161208,0.8907806720000001,0.40698000000000006,0.0005457569565862114,0.003140833226148987,0.0,62.61998559161208
5,99.83778655022516,99.37261055780354,99.53827319057449,99.99880291759135,99.39398708188521,100.54593629128675,25.999999999999993,63.61998559161208,0.8907806720000001,0.40698000000000006,0.0005457569565862114,0.003140833226148987,0.0,62.61998559161208
6,99.88589919778433,99.19819722702125,99.23799590193681,99.9978877678998,99.02176697320112,100.92388571067264,22.99999999999999,80.97074325556297,0.8595182182400002,0.36628200000000005,0.0009947648851722926,0.004014589648681745,0.0,79.97074325556297
7,99.90120370558397,99.19819722702125,99.60150009446724,99.9978877678998,99.02176697320112,100.92388571067264,22.99999999999999,80.97074325556297,0.8595182182400002,0.36628200000000005,0.0009947648851722926,0.004014589648681745,0.0,79.97074325556297
8,100.04203460294946,99.23198681308949,99.74190849914062,99.85798867723838,99.00375324341938,100.04203460294944,22.99999999999999,80.97074325556297,0.8307567607808003,0.4296538000000001,0.00131239819700265,0.003144316345447055,0.0,62.689212194354525
9,100.0454739906732,99.23539835183522,99.53563504937259,99.84787868420212,98.60808192253998,100.44345975191347,19.999999999999986,80.97074325556297,0.8442962199183363,0.3866884200000001,0.0016028358500188888,0.0030765031673455753,0.0,61.34134650011447
10,100.06520297664015,99.25496759073641,99.56518802148786,99.82217115977457,99.05645765555495,100.06520297664017,19.999999999999986,80.97074325556297,0.8567525223248693,0.44801957800000014,0.00184856639584872,0.002849164763961039,0.0,56.821401743534224
11,99.91246127540013,99.25496759073641,99.5227626086364,99.82217115977457,99.05645765555495,100.06520297664017,19.999999999999986,80.97074325556297,0.8567525223248693,0.44801957800000014,0.00184856639584872,0.002849164763961039,0.0,56.821401743534224
12,99.99262688241636,99.32580463184603,99.74699999584828,99.82911770603309,99.06543866243345,100.07427544195438,16.999999999999986,80.97074325556297,0.9540056100203262,0.3824453913520001,0.002106414882703312,0.002527243958013467,0.0,50.417461934217926
13,99.95253665671771,99.32580463184603,99.74699999584828,99.82911770603309,99.06543866243345,100.07427544195438,16.999999999999986,80.97074325556297,0.9540056100203262,0.3824453913520001,0.002106414882703312,0.002527243958013467,0.0,50.417461934217926
14,100.03152588873687,99.32580463184603,99.74699999584828,99.82911770603309,99.06543866243345,100.07427544195438,16.999999999999986,80.97074325556297,0.9540056100203262,0.3824453913520001,0.002106414882703312,0.002527243958013467,0.0,50.417461934217926
15,100.05654516501023,99.48255423579066,99.99376350830212,99.96897634902805,99.31343389358982,100.29464745065407,16.999999999999986,80.97074325556297,0.9043518278853668,0.44420085221680017,0.002272686401763684,0.0024387985983920276,0.0,48.65730659670997
16,99.97388834514528,99.48255423579066,99.99376350830212,99.96897634902805,99.31343389358982,100.29464745065407,16.999999999999986,80.97074325556297,0.9043518278853668,0.44420085221680017,0.002272686401763684,0.0024387985983920276,0.0,48.65730659670997
17,100.07719565982246,99.62019290053529,99.75008883912174,99.96269782347098,98.53587473635741,101.0860853077321,16.999999999999986,80.97074325556297,0.9881628716905393,0.3038333829162913,0.002170817907869652,0.0017161036283883007,0.0,34.263273240237034
18,100.13557486812107,99.22594962514047,99.38518886225201,99.95542523169964,98.02125338013711,101.61679733723783,10.999999999999988,80.97074325556297,1.5438144278456023,0.15794474577520487,0.0023174406842034335,0.0036623685677612556,0.0,72.98009136254669
19,100.11344546636744,99.32976119577643,99.84018531334858,99.88998641335164,99.19358635603554,100.11344546636742,8.0,80.97074325556297,1.5882412334220042,0.18403420611024016,0.002550004810051555,0.002812096814189242,0.0,56.084222021710595
20,100.0115430175656,99.32976119577643,99.84018531334858,99.88998641335164,99.19358635603554,100.11344546636742,8.0,80.97074325556297,1.5882412334220042,0.18403420611024016,0.002550004810051555,0.002812096814189242,0.0,56.084222021710595
21,99.98132429804349,99.32976119577643,99.74983703636401,99.88998641335164,99.19358635603554,100.11344546636742,8.0,80.97074325556297,1.5882412334220042,0.18403420611024016,0.002550004810051555,0.002812096814189242,0.0,56.084222021710595
22,99.88417390966177,100.21370835535701,100.7286747968357,99.88285222630702,98.20945937469085,101.11665171051281,8.0,80.97074325556297,1.4878486014149106,0.16563078549921614,0.0025954225829739725,-0.0016534823391677396,33.015056969728505,0.0
23,99.92738125027716,100.00738716000518,100.22806544661701,100.02278615031479,99.92738125027718,100.82376467637216,8.0,80.97074325556297,1.448820713301718,0.24906770694929453,0.002448935228494271,7.698333733743292e-05,0.0,1.5395482271873817
24,99.75791687241569,99.83778710209738,100.05809114585327,99.97195580271443,99.7579168724157,100.6527801439972,8.0,80.97074325556297,1.4129150562375805,0.3241609362543651,0.002382576999825592,0.0006714822744203285,0.0,13.420633770716561
25,100.03476597428987,99.83778710209738,100.08746109149455,99.97195580271443,99.7579168724157,100.6527801439972,8.0,80.97074325556297,1.4129150562375805,0.3241609362543651,0.002382576999825592,0.0006714822744203285,0.0,13.420633770716561
26,100.12666195291955,100.44877981382818,100.9344267013848,99.98072119238046,99.01151560868674,101.41155412938122,47.59674535770652,74.97074325556297,1.353107844356088,0.22172608039798572,0.0024648398981574893,-0.0023352780858005105,46.596745357706524,0.0
27,99.99357893239292,100.44877981382818,100.29446231935098,99.98072119238046,99.01151560868674,101.41155412938122,47.59674535770652,74.97074325556297,1.353107844356088,0.22172608039798572,0.0024648398981574893,-0.0023352780858005105,46.596745357706524,0.0
28,100.0667984022594,100.44877981382818,100.30847235604341,99.98072119238046,99.01151560868674,101.41155412938122,47.59674535770652,74.97074325556297,1.353107844356088,0.22172608039798572,0.0024648398981574893,-0.0023352780858005105,46.596745357706524,0.0
29,100.06716708468291,100.44877981382818,100.40436088868383,99.98072119238046,99.01151560868674,101.41155412938122,47.59674535770652,74.97074325556297,1.353107844356088,0.22172608039798572,0.0024648398981574893,-0.0023352780858005105,46.596745357706524,0.0
30,99.9609806902627,100.43903782097652,100.26176598822737,100.12079222889709,99.96098069026273,101.19772468451352,49.59674535770652,71.97074325556297,1.264859216807601,0.2995534723581872,0.002507364020935666,-0.0015867863071099557,31.685448107009464,0.0
31,99.9593766071862,100.43903782097652,100.26015707842146,100.12079222889709,99.96098069026273,101.19772468451352,49.59674535770652,71.97074325556297,1.264859216807601,0.2995534723581872,0.002507364020935666,-0.0015867863071099557,31.685448107009464,0.0
32,99.93533851370407,100.43345576681016,100.33265126411476,100.13446179971318,99.19100960285587,101.98327291545108,49.59674535770652,71.97074325556297,1.2036704794629929,0.26959812512236847,0.002535810723097234,-0.0014907367575265858,29.770355387470637,0.0
33,99.76435864217486,100.22571207537126,100.0488167560448,100.05931744615864,99.76435864217487,100.98844500872626,45.59674535770652,65.97074325556297,1.3441539360626438,0.26040511758370005,0.0024058382892851956,-0.0008307891488951264,16.601990224572873,0.0
34,99.71639940972189,100.17315640012733,100.49446530322314,99.98453448359183,99.71639940972189,100.83839478539637,43.59674535770652,62.97074325556297,1.3166216211776325,0.33436460582533006,0.002374572013754031,-0.0009423665695917388,18.829587018509564,0.0
35,99.78298073759346,100.17315640012733,100.15637976598985,99.98453448359183,99.71639940972189,100.83839478539637,43.59674535770652,62.97074325556297,1.3166216211776325,0.33436460582533006,0.002374572013754031,-0.0009423665695917388,18.829587018509564,0.0
36,99.81760794956308,100.3546802320267,100.6876538311714,99.99326096019436,98.99938804504278,101.56872531051268,43.59674535770652,59.97074325556297,1.251291891483422,0.30092814524279704,0.002448572888072009,-0.0018039580026708974,36.01419196361366,0.0
37,99.79267885731696,100.2296474992487,100.0929577305085,100.04169637103347,99.79267885731696,100.83435864259816,43.59674535770652,56.97074325556297,1.2311885401647482,0.3708353307185174,0.002414276433914207,-0.0009384823838650034,18.752049209456167,0.0
38,99.7554356748064,100.16514536469583,100.02854356176287,99.99921498983191,99.7554356748064,100.76631442037707,41.59674535770651,50.97074325556297,1.3639008964222235,0.32965136621146585,0.002292938433344922,-0.000828970624790652,16.565680033685524,0.0
39,99.81790572786922,100.16514536469583,100.02854356176287,99.99921498983191,99.7554356748064,100.76631442037707,41.59674535770651,50.97074325556297,1.3639008964222235,0.32965136621146585,0.002292938433344922,-0.000828970624790652,16.565680033685524,0.0
40,99.67022798737001,99.7510696889535,99.7318087586798,99.89626429372592,99.67022798737,100.59931768291816,35.59674535770651,44.97074325556297,1.5339895209526184,0.22912596621136844,0.0020715219360601987,0.0007272554152163872,0.0,14.534537982872076
41,99.77042467088437,99.6285734686238,99.5726461109452,99.90337902500991,99.2353815242609,101.04014087333347,32.59674535770651,44.97074325556297,1.4912703592764092,0.2062133695902316,0.002112500829527176,0.0013772508761215661,0.0,27.507133298996234
42,99.79749882275844,98.99168943309836,98.96590646318992,99.9102807985004,98.79569447246635,101.48981676144501,29.59674535770651,92.94162583274655,1.4519687305342965,0.18559203263120844,0.002539952165635276,0.004618312047550055,0.0,91.94162583274657
43,99.6365310168946,98.99168943309836,99.33762142384393,99.9102807985004,98.79569447246635,101.48981676144501,29.59674535770651,92.94162583274655,1.4519687305342965,0.18559203263120844,0.002539952165635276,0.004618312047550055,0.0,91.94162583274657
44,99.80715628048948,98.99168943309836,99.50773481164799,99.9102807985004,98.79569447246635,101.48981676144501,29.59674535770651,92.94162583274655,1.4519687305342965,0.18559203263120844,0.002539952165635276,0.004618312047550055,0.0,91.94162583274657
45,99.86164820811699,98.99168943309836,99.56206326349263,99.9102807985004,98.79569447246635,101.48981676144501,29.59674535770651,92.94162583274655,1.4519687305342965,0.18559203263120844,0.002539952165635276,0.004618312047550055,0.0,91.94162583274657
46,99.90521017802705,99.15745229075407,99.78742044324697,99.79261994424473,98.86397850417723,100.08768349372811,29.59674535770651,92.94162583274655,1.355811232091553,0.2670328293680876,0.0027706681279756574,0.0031925982552064892,0.0,63.64876018342236
47,99.81547889023129,99.15745229075407,99.63305272903473,99.79261994424473,98.86397850417723,100.08768349372811,29.59674535770651,92.94162583274655,1.355811232091553,0.2670328293680876,0.0027706681279756574,0.0031925982552064892,0.0,63.64876018342236
48,99.95381959097979,99.52804464887497,100.16036725257426,99.78304498744009,98.06582279509189,100.90229508533801,29.59674535770651,92.94162583274655,1.2873463335242288,0.24032954643127882,0.0027579571659465322,0.0012794086823287565,0.0,25.55547774646616
49,100.06466462591301,99.52804464887497,100.16036725257426,99.78304498744009,98.06582279509189,100.90229508533801,29.59674535770651,92.94162583274655,1.2873463335242288,0.24032954643127882,0.0027579571659465322,0.0012794086823287565,0.0,25.55547774646616
50,100.05896070943422,99.52804464887497,100.16036725257426,99.78304498744009,98.06582279509189,100.90229508533801,29.59674535770651,92.94162583274655,1.2873463335242288,0.24032954643127882,0.0027579571659465322,0.0012794086823287565,0.0,25.55547774646616
51,100.19671398514092,99.657853487764,100.18229498286262,99.77375815711547,97.1032569390431,101.9025200737447,29.59674535770651,92.94162583274655,1.2110252935089572,0.21629659178815094,0.002662220745318195,0.0005811750123037189,0.0,11.616748881899674
52,100.2171072035316,99.657853487764,100.06751561364874,99.77375815711547,97.1032569390431,101.9025200737447,29.59674535770651,92.94162583274655,1.2110252935089572,0.21629659178815094,0.002662220745318195,0.0005811750123037189,0.0,11.616748881899674
53,100.09681750002837,99.657853487764,100.18935778690059,99.77375815711547,97.1032569390431,101.9025200737447,29.59674535770651,92.94162583274655,1.2110252935089572,0.21629659178815094,0.002662220745318195,0.0005811750123037189,0.0,11.616748881899674
54,100.14701855631931,99.657853487764,99.98711312213852,99.77375815711547,97.1032569390431,101.9025200737447,29.59674535770651,92.94162583274655,1.2110252935089572,0.21629659178815094,0.002662220745318195,0.0005811750123037189,0.0,11.616748881899674
55,100.22188389555184,99.59837213378255,99.6024005696831,99.6341726283646,99.303593367974,100.5327397620733,29.59674535770651,92.94162583274655,1.1341432700282406,0.29466693260933585,0.0025240505409207113,0.00017969200074607298,0.0,3.5931943466394056
56,100.2127152930151,99.59837213378255,99.86946126806824,99.6341726283646,99.303593367974,100.5327397620733,29.59674535770651,92.94162583274655,1.1341432700282406,0.29466693260933585,0.0025240505409207113,0.00017969200074607298,0.0,3.5931943466394056
57,100.1848701987326,99.59837213378255,99.8843155881364,99.6341726283646,99.303593367974,100.5327397620733,29.59674535770651,92.94162583274655,1.1341432700282406,0.29466693260933585,0.0025240505409207113,0.00017969200074607298,0.0,3.5931943466394056
58,100.22345094528544,99.58641730692743,99.59044525929342,99.58525629221566,99.2916739235155,100.52067278275048,29.59674535770651,92.94162583274655,1.070078475092648,0.3652002393484023,0.0023733070143886715,-5.8292160265090875e-06,0.11658364094002671,0.0
59,100.29814045087936,99.59382579446039,100.22656631961488,99.72477329013553,99.29906048433655,100.52815077193065,29.59674535770651,92.94162583274655,1.0644721970852362,0.42868021541356205,0.0023097457006189858,0.0006569757979262209,0.0,13.130889282061409
60,100.16703963150626,99.59382579446039,100.22656631961488,99.72477329013553,99.29906048433655,100.52815077193065,29.59674535770651,92.94162583274655,1.0644721970852362,0.42868021541356205,0.0023097457006189858,0.0006569757979262209,0.0,13.130889282061409
61,100.25082283968338,99.59382579446039,100.22656631961488,99.72477329013553,99.29906048433655,100.52815077193065,29.59674535770651,92.94162583274655,1.0644721970852362,0.42868021541356205,0.0023097457006189858,0.0006569757979262209,0.0,13.130889282061409
62,100.16206413652532,99.77002960527118,100.4038895903008,99.73037646827554,98.4838685459348,101.36026408451332,29.59674535770651,92.94162583274655,1.0059810879850841,0.38581219387220583,0.00219501242132215,-0.00019876218688510278,3.9744537665797885,0.0
63,100.17462476823738,99.77002960527118,100.4038895903008,99.73037646827554,98.4838685459348,101.36026408451332,29.59674535770651,92.94162583274655,1.0059810879850841,0.38581219387220583,0.00219501242132215,-0.00019876218688510278,3.9744537665797885,0.0
64,100.30290861472479,99.77002960527118,100.16381027934175,99.73037646827554,98.4838685459348,101.36026408451332,29.59674535770651,92.94162583274655,1.0059810879850841,0.38581219387220583,0.00219501242132215,-0.00019876218688510278,3.9744537665797885,0.0
65,100.14014292516185,99.77002960527118,100.2768253662306,99.73037646827554,98.4838685459348,101.36026408451332,29.59674535770651,92.94162583274655,1.0059810879850841,0.38581219387220583,0.00219501242132215,-0.00019876218688510278,3.9744537665797885,0.0
66,100.21016621821643,99.77002960527118,100.2768253662306,99.73037646827554,98.4838685459348,101.36026408451332,29.59674535770651,92.94162583274655,1.0059810879850841,0.38581219387220583,0.00219501242132215,-0.00019876218688510278,3.9744537665797885,0.0
67,100.10242964423365,99.77002960527118,100.2768253662306,99.73037646827554,98.4838685459348,101.36026408451332,29.59674535770651,92.94162583274655,1.0059810879850841,0.38581219387220583,0.00219501242132215,-0.00019876218688510278,3.9744537665797885,0.0
68,100.12568855280581,99.88140914313159,99.6350727595179,99.73721785264671,97.39915502218645,102.48909163130396,54.58889763067643,89.94162583274657,0.9669586954047631,0.2638955406085888,0.002285907140419002,-0.0007223338455680395,14.436249120018951,0.0
69,100.02448641706145,99.82601246138907,99.57981270198167,99.6273812419709,99.28107326387574,100.73201255969141,54.58889763067643,89.94162583274657,0.969601999772382,0.3375059865477299,0.0022682580950184154,-0.0009958778626429157,19.89774153255075,0.0
70,100.04979316535132,99.82601246138907,99.79831237593042,99.6273812419709,99.28107326387574,100.73201255969141,54.58889763067643,89.94162583274657,0.969601999772382,0.3375059865477299,0.0022682580950184154,-0.0009958778626429157,19.89774153255075,0.0
71,100.1065932140623,99.82601246138907,99.80627343442013,99.6273812419709,99.28107326387574,100.73201255969141,54.58889763067643,89.94162583274657,0.969601999772382,0.3375059865477299,0.0022682580950184154,-0.0009958778626429157,19.89774153255075,0.0
72,99.97857251437262,99.82601246138907,99.666695073842,99.6273812419709,99.28107326387574,100.73201255969141,54.58889763067643,89.94162583274657,0.969601999772382,0.3375059865477299,0.0022682580950184154,-0.0009958778626429157,19.89774153255075,0.0
73,99.99031442271404,99.53968456348085,99.29419097131219,99.63865649608121,98.36289122213617,101.67230949292937,54.58889763067643,89.94162583274657,0.9120338397905915,0.3037553878929569,0.002191790743713618,0.0004969010790724624,0.0,9.93308582038721
74,99.998971447244,99.42646226342963,99.18124791013216,99.64959471178636,97.92260532550358,102.12945504986179,54.58889763067643,89.94162583274657,0.9190711326073442,0.27337984910366125,0.002194784179921733,0.001120840204226634,0.0,22.39170655958023
75,99.98228289548332,99.42646226342963,99.68233604679688,99.64959471178636,97.92260532550358,102.12945504986179,54.58889763067643,89.94162583274657,0.9190711326073442,0.27337984910366125,0.002194784179921733,0.001120840204226634,0.0,22.39170655958023
76,99.90901844802292,99.51637028512458,100.11830145511782,99.66020592830876,97.30333260286032,102.7794429176868,54.58889763067643,89.94162583274657,0.8855454419987567,0.24604186419329513,0.0021497553120848095,0.0007221513991184593,0.0,14.432605456147218
77,99.78002056570897,99.51637028512458,99.92506214694438,99.66020592830876,97.30333260286032,102.7794429176868,54.58889763067643,89.94162583274657,0.8855454419987567,0.24604186419329513,0.0021497553120848095,0.0007221513991184593,0.0,14.432605456147218
78,99.68988414871204,99.51637028512458,99.92506214694438,99.66020592830876,97.30333260286032,102.7794429176868,54.58889763067643,89.94162583274657,0.8855454419987567,0.24604186419329513,0.0021497553120848095,0.0007221513991184593,0.0,14.432605456147218
79,99.67504948404012,99.70705379307314,100.31013832453553,99.67049988793411,96.56624391867503,103.56395685617336,54.58889763067643,89.94162583274657,0.8413684733055229,0.2214376777739656,0.002042770808320324,-0.00018334012261748072,3.666130303570103,0.0
80,99.58957139687402,99.70705379307314,99.72859056933757,99.67049988793411,96.56624391867503,103.56395685617336,54.58889763067643,89.94162583274657,0.8413684733055229,0.2214376777739656,0.002042770808320324,-0.00018334012261748072,3.666130303570103,0.0
81,99.61749865442795,100.02261227350023,100.62760548073915,99.68048604466999,95.99833889803807,104.1766184056416,54.58889763067643,89.94162583274657,0.8140589954410812,0.19929390999656907,0.002125785684854286,-0.0017131743659037663,34.204888380113815,0.0
82,99.54824823535807,99.5807133124942,99.33511853158835,99.66531020276925,99.3158731735824,100.76732105129415,54.58889763067643,89.94162583274657,1.0645687351285198,0.21231703443765326,0.0020161543979451504,0.0004245850872329597,0.0,8.488097824903562
83,99.49061039623103,99.56795224225529,99.32238893383193,99.52587639492505,99.02442176703043,100.47161023975505,54.58889763067643,89.94162583274657,1.0594032363182382,0.29108533099388795,0.0019205455472432707,-0.00021133677331061675,4.225842390317425,0.0
84,99.43383804117872,99.56795224225529,99.66293174175095,99.52587639492505,99.02442176703043,100.47161023975505,54.58889763067643,89.94162583274657,1.0594032363182382,0.29108533099388795,0.0019205455472432707,-0.00021133677331061675,4.225842390317425,0.0
85,99.4773369390157,99.56795224225529,99.77800789092629,99.52587639492505,99.02442176703043,100.47161023975505,54.58889763067643,89.94162583274657,1.0594032363182382,0.29108533099388795,0.0019205455472432707,-0.00021133677331061675,4.225842390317425,0.0
86,99.49035064426421,99.56795224225529,99.77800789092629,99.52587639492505,99.02442176703043,100.47161023975505,54.58889763067643,89.94162583274657,1.0594032363182382,0.29108533099388795,0.0019205455472432707,-0.00021133677331061675,4.225842390317425,0.0
87,99.42576441344465,99.56795224225529,99.81039758723736,99.52587639492505,99.02442176703043,100.47161023975505,54.58889763067643,89.94162583274657,1.0594032363182382,0.29108533099388795,0.0019205455472432707,-0.00021133677331061675,4.225842390317425,0.0
88,99.67132778902716,99.56795224225529,99.81039758723736,99.52587639492505,99.02442176703043,100.47161023975505,54.58889763067643,89.94162583274657,1.0594032363182382,0.29108533099388795,0.0019205455472432707,-0.00021133677331061675,4.225842390317425,0.0
89,99.51823155850371,99.72743671275275,100.3306445316166,99.53245481104712,98.08111199632854,101.43791098500823,54.58889763067643,89.94162583274657,0.9879843107461125,0.2619767978944992,0.0019227365241865327,-0.0009785306024937344,19.55148032804943,0.0
90,99.54637857434544,99.72743671275275,99.8459163233154,99.53245481104712,98.08111199632854,101.43791098500823,54.58889763067643,89.94162583274657,0.9879843107461125,0.2619767978944992,0.0019227365241865327,-0.0009785306024937344,19.55148032804943,0.0
91,99.47737264894643,99.72743671275275,99.8446715278201,99.53245481104712,98.08111199632854,101.43791098500823,54.58889763067643,89.94162583274657,0.9879843107461125,0.2619767978944992,0.0019227365241865327,-0.0009785306024937344,19.55148032804943,0.0
92,99.70900155017213,99.72743671275275,99.73584915389638,99.53245481104712,98.08111199632854,101.43791098500823,54.58889763067643,89.94162583274657,0.9879843107461125,0.2619767978944992,0.0019227365241865327,-0.0009785306024937344,19.55148032804943,0.0
93,99.6566020307155,99.70258257210504,99.7744999802137,99.5041969502903,99.15831716475076,100.607462446439,54.58889763067643,89.94162583274657,0.9289455658864235,0.33577911810504923,0.0019268777157598945,-0.0009958778626429255,19.89774153254853,0.0
94,99.51950075643003,99.70258257210504,99.7744999802137,99.5041969502903,99.15831716475076,100.607462446439,54.58889763067643,89.94162583274657,0.9289455658864235,0.33577911810504923,0.0019268777157598945,-0.0009958778626429255,19.89774153254853,0.0
95,99.48324643001028,99.70258257210504,99.7744999802137,99.5041969502903,99.15831716475076,100.607462446439,54.58889763067643,89.94162583274657,0.9289455658864235,0.33577911810504923,0.0019268777157598945,-0.0009958778626429255,19.89774153254853,0.0
96,99.34611993915667,99.70258257210504,99.64505510447009,99.5041969502903,99.15831716475076,100.607462446439,54.58889763067643,89.94162583274657,0.9289455658864235,0.33577911810504923,0.0019268777157598945,-0.0009958778626429255,19.89774153254853,0.0
97,99.37388032449554,99.70258257210504,99.64505510447009,99.5041969502903,99.15831716475076,100.607462446439,54.58889763067643,89.94162583274657,0.9289455658864235,0.33577911810504923,0.0019268777157598945,-0.0009958778626429255,19.89774153254853,0.0
98,99.43433311412235,99.70258257210504,99.64505510447009,99.5041969502903,99.15831716475076,100.607462446439,54.58889763067643,89.94162583274657,0.9289455658864235,0.33577911810504923,0.0019268777157598945,-0.0009958778626429255,19.89774153254853,0.0
99,99.41507997406693,99.70258257210504,99.64505510447009,99.5041969502903,99.15831716475076,100.607462446439,54.58889763067643,89.94162583274657,0.9289455658864235,0.33577911810504923,0.0019268777157598945,-0.0009958778626429255,19.89774153254853,0.0
100,99.35069861072829,99.70258257210504,99.6859676722014,99.5041969502903,99.15831716475076,100.607462446439,54.58889763067643,89.94162583274657,0.9289455658864235,0.33577911810504923,0.0019268777157598945,-0.0009958778626429255,19.89774153254853,0.0
101,99.31230012895084,99.70258257210504,99.61113352953944,99.5041969502903,99.15831716475076,100.607462446439,54.58889763067643,89.94162583274657,0.9289455658864235,0.33577911810504923,0.0019268777157598945,-0.0009958778626429255,19.89774153254853,0.0
102,99.27529267715619,99.44648822624171,99.20122448313984,99.51545826311083,98.00123631569602,101.79531448224157,54.58889763067643,89.94162583274657,0.8635188095043985,0.30220120629454433,0.0018528629809701311,0.0003466493874134731,0.0,6.930585265132461
103,99.35915560828562,99.44648822624171,99.42454271175644,99.51545826311083,98.00123631569602,101.79531448224157,54.58889763067643,89.94162583274657,0.8635188095043985,0.30220120629454433,0.0018528629809701311,0.0003466493874134731,0.0,6.930585265132461
104,99.30831015373661,99.44648822624171,99.42454271175644,99.51545826311083,98.00123631569602,101.79531448224157,54.58889763067643,89.94162583274657,0.8635188095043985,0.30220120629454433,0.0018528629809701311,0.0003466493874134731,0.0,6.930585265132461
105,99.39625841518132,99.44648822624171,99.36614810103087,99.51545826311083,98.00123631569602,101.79531448224157,54.58889763067643,89.94162583274657,0.8635188095043985,0.30220120629454433,0.0018528629809701311,0.0003466493874134731,0.0,6.930585265132461
106,99.66757437725408,99.44648822624171,99.51947145075489,99.51545826311083,98.00123631569602,101.79531448224157,54.58889763067643,89.94162583274657,0.8635188095043985,0.30220120629454433,0.0018528629809701311,0.0003466493874134731,0.0,6.930585265132461
107,99.62942520424441,99.44648822624171,99.51947145075489,99.51545826311083,98.00123631569602,101.79531448224157,54.58889763067643,89.94162583274657,0.8635188095043985,0.30220120629454433,0.0018528629809701311,0.0003466493874134731,0.0,6.930585265132461
108,99.72559156345892,99.44648822624171,99.51947145075489,99.51545826311083,98.00123631569602,101.79531448224157,54.58889763067643,89.94162583274657,0.8635188095043985,0.30220120629454433,0.0018528629809701311,0.0003466493874134731,0.0,6.930585265132461
109,99.88784049439312,99.49885748249436,100.10068272517387,99.52638295425751,97.03089654425192,102.81329994570403,54.58889763067643,89.94162583274657,0.8058658761726182,0.2719810856650899,0.0017582873716499667,0.00013830141193526386,0.0,2.7656457459934725
110,99.88725576174753,99.50625702259316,100.10812702186718,99.66581747178144,98.96306333477135,100.40935508712856,54.58889763067643,89.94162583274657,0.8213966060788087,0.3447829770985809,0.001748924379332456,0.0008011185784620519,0.0,16.00954602448912
111,99.80944283212469,99.5282609934125,100.05097118073249,99.80544733433952,98.98494718833965,100.43155876140428,54.58889763067643,89.94162583274657,0.835684877592504,0.41030467938872284,0.0018108567415368745,0.0013905643117382493,0.0,27.7726665558109
112,99.82918781193709,99.5282609934125,100.05097118073249,99.80544733433952,98.98494718833965,100.43155876140428,54.58889763067643,89.94162583274657,0.835684877592504,0.41030467938872284,0.0018108567415368745,0.0013905643117382493,0.0,27.7726665558109
113,99.75052490525316,99.5282609934125,99.82687309634164,99.80544733433952,98.98494718833965,100.43155876140428,54.58889763067643,89.94162583274657,0.835684877592504,0.41030467938872284,0.0018108567415368745,0.0013905643117382493,0.0,27.7726665558109
114,99.86101415861818,99.01441330189866,98.77021518026957,99.80245134372407,98.35813872474445,101.07158054160364,51.58889763067643,89.94162583274657,0.7954967540517703,0.36927421144985056,0.0021778443649951517,0.003963637809247327,0.0,78.9597881830939
115,99.97615891568682,99.07695708794783,99.61479602234343,99.66282567261815,98.56582998827093,99.97615891568684,51.58889763067643,89.94162583274657,0.8118570137276288,0.43234679030486556,0.0024009248888823757,0.0029479180088272973,0.0,58.78506662000738
116,100.08885045006282,99.18863505634188,99.78858389871266,99.74815832755874,98.67693182233708,100.08885045006282,51.58889763067643,89.94162583274657,0.8269084526294185,0.48911211127437904,0.002594378452823319,0.002812568060937309,0.0,56.093594167367925
117,99.91991129381049,99.18863505634188,99.78858389871266,99.74815832755874,98.67693182233708,100.08885045006282,51.58889763067643,89.94162583274657,0.8269084526294185,0.48911211127437904,0.002594378452823319,0.002812568060937309,0.0,56.093594167367925
118,99.91024124390898,99.18863505634188,99.78858389871266,99.74815832755874,98.67693182233708,100.08885045006282,51.58889763067643,89.94162583274657,0.8269084526294185,0.48911211127437904,0.002594378452823319,0.002812568060937309,0.0,56.093594167367925
119,99.8443945457941,98.69858930772988,98.72805571869182,99.73710531224268,97.78761896106137,100.99909146954184,48.58889763067643,100.0,0.7874224430857316,0.44020090014694113,0.0030667431707767897,0.005233514093831069,0.0,104.1253404399045
120,99.82590754429455,98.8276484688516,99.21493394839935,99.5975710615716,98.34745581939826,99.82590754429457,48.58889763067643,100.0,0.8044286476388731,0.496180810132247,0.0033483607177644177,0.0038801650039345425,0.0,77.3033503240772
121,99.84317580879421,98.84474405070624,99.32652888964253,99.4862711926913,98.36446833570523,99.8431758087942,48.58889763067643,100.0,0.8200743558277632,0.5465627291190224,0.003535615840965116,0.0032346284377042624,0.0,64.48398701590752
122,99.65481826702141,98.84474405070624,99.35585381222036,99.4862711926913,98.36446833570523,99.8431758087942,48.58889763067643,100.0,0.8200743558277632,0.5465627291190224,0.003535615840965116,0.0032346284377042624,0.0,64.48398701590752
123,99.6716606114058,98.95275699972474,99.65242295830866,99.5949851727979,98.47195646171146,99.95227979770176,48.58889763067643,100.0,0.7944684073615422,0.5919064562071201,0.0037116356567737387,0.0032346284377040117,0.0,64.48398701590196
124,99.60074664081897,98.99900265789331,99.69899560597939,99.64153097686905,98.51797741732497,99.99899258373063,48.58889763067643,100.0,0.8109109347726189,0.6327158105864081,0.003877094283633864,0.003234628437704246,0.0,64.4839870159053
125,99.64789407745049,98.99900265789331,99.69899560597939,99.64153097686905,98.51797741732497,99.99899258373063,48.58889763067643,100.0,0.8109109347726189,0.6327158105864081,0.003877094283633864,0.003234628437704246,0.0,64.4839870159053
126,99.6283652598802,98.99900265789331,99.69899560597939,99.64153097686905,98.51797741732497,99.99899258373063,48.58889763067643,100.0,0.8109109347726189,0.6327158105864081,0.003877094283633864,0.003234628437704246,0.0,64.4839870159053
127,99.54901074079291,98.99900265789331,99.66156458475919,99.64153097686905,98.51797741732497,99.99899258373063,48.58889763067643,100.0,0.8109109347726189,0.6327158105864081,0.003877094283633864,0.003234628437704246,0.0,64.4839870159053
128,99.60619697747717,99.06822787698779,99.45140348226805,99.71120548497115,98.58686627871106,100.06891704746243,48.58889763067643,100.0,0.7660380599908094,0.6694442295277673,0.004032625392882395,0.003234628437704301,0.0,64.48398701590752
129,99.64435532732557,99.06822787698779,99.45140348226805,99.71120548497115,98.58686627871106,100.06891704746243,48.58889763067643,100.0,0.7660380599908094,0.6694442295277673,0.004032625392882395,0.003234628437704301,0.0,64.48398701590752
130,99.65386536988849,99.06822787698779,99.45140348226805,99.71120548497115,98.58686627871106,100.06891704746243,48.58889763067643,100.0,0.7660380599908094,0.6694442295277673,0.004032625392882395,0.003234628437704301,0.0,64.48398701590752
131,99.7646940709429,99.06822787698779,99.61902098535543,99.71120548497115,98.58686627871106,100.06891704746243,48.58889763067643,100.0,0.7660380599908094,0.6694442295277673,0.004032625392882395,0.003234628437704301,0.0,64.48398701590752
132,99.74926972292187,99.06822787698779,99.73146821569189,99.71120548497115,98.58686627871106,100.06891704746243,48.58889763067643,100.0,0.7660380599908094,0.6694442295277673,0.004032625392882395,0.003234628437704301,0.0,64.48398701590752
133,99.61085816163744,99.06822787698779,99.6239096158803,99.71120548497115,98.58686627871106,100.06891704746243,48.58889763067643,100.0,0.7660380599908094,0.6694442295277673,0.004032625392882395,0.003234628437704301,0.0,64.48398701590752
134,99.60477825900712,99.06822787698779,99.6239096158803,99.71120548497115,98.58686627871106,100.06891704746243,48.58889763067643,100.0,0.7660380599908094,0.6694442295277673,0.004032625392882395,0.003234628437704301,0.0,64.48398701590752
135,99.56218257284499,99.06822787698779,99.6239096158803,99.71120548497115,98.58686627871106,100.06891704746243,48.58889763067643,100.0,0.7660380599908094,0.6694442295277673,0.004032625392882395,0.003234628437704301,0.0,64.48398701590752
136,99.6222561789081,100.90367086481639,101.4332443242247,99.69960133806073,96.35619454062764,102.38553930701285,100.0,100.0,0.7147550151915447,0.6024998065749906,0.004510945643535383,-0.0060022427028905145,119.32861475067669,0.0
137,99.62126554758497,100.62754095715653,99.92102863348545,99.83927853115524,99.62126554758497,101.64398076480458,100.0,100.0,0.7375746139762211,0.6422498259174915,0.004712147434332488,-0.003932134145756992,78.33466052170613,0.0
138,99.64450138955708,100.17988332924641,99.47651403806816,99.86283631760408,98.68452209690001,102.60881629584648,97.0,100.0,0.7585686448581235,0.5780248433257423,0.0046196063307700945,-0.0015848965271119655,31.647772098150064,0.0
139,99.73642579158624,99.44548287144036,98.77719326738955,99.88569268143704,97.77481790520248,103.56349636878667,94.0,100.0,0.7778831532694735,0.5202223589931682,0.004607442500680185,0.002208434324313139,0.0,44.07135778700666
140,99.76152763617776,99.44548287144036,99.46224305326925,99.88569268143704,97.77481790520248,103.56349636878667,94.0,100.0,0.7778831532694735,0.5202223589931682,0.004607442500680185,0.002208434324313139,0.0,44.07135778700666
141,99.71391709072148,99.44548287144036,99.46224305326925,99.88569268143704,97.77481790520248,103.56349636878667,94.0,100.0,0.7778831532694735,0.5202223589931682,0.004607442500680185,0.002208434324313139,0.0,44.07135778700666
142,99.85406002283241,99.44548287144036,99.55449784276394,99.88569268143704,97.77481790520248,103.56349636878667,94.0,100.0,0.7778831532694735,0.5202223589931682,0.004607442500680185,0.002208434324313139,0.0,44.07135778700666
143,99.86875698332976,99.44548287144036,99.56915071237978,99.88569268143704,97.77481790520248,103.56349636878667,94.0,100.0,0.7778831532694735,0.5202223589931682,0.004607442500680185,0.002208434324313139,0.0,44.07135778700666
144,99.84992239922177,99.44548287144036,99.26551426507835,99.88569268143704,97.77481790520248,103.56349636878667,94.0,100.0,0.7778831532694735,0.5202223589931682,0.004607442500680185,0.002208434324313139,0.0,44.07135778700666
145,99.95864162970148,99.16680417966451,98.5302269010789,99.9078683525979,95.58778042836671,105.93301731357332,91.0,100.0,0.728985834341249,0.46820012309385134,0.0047777032609723534,0.003722543724457424,0.0,74.17475571773747
146,100.07792017308684,99.16680417966451,99.82502661928687,99.9078683525979,95.58778042836671,105.93301731357332,91.0,100.0,0.728985834341249,0.46820012309385134,0.0047777032609723534,0.003722543724457424,0.0,74.17475571773747
147,99.91384352712527,99.16680417966451,99.82502661928687,99.9078683525979,95.58778042836671,105.93301731357332,91.0,100.0,0.728985834341249,0.46820012309385134,0.0047777032609723534,0.003722543724457424,0.0,74.17475571773747
148,100.099172194197,99.17104318936671,99.87225258565516,99.90806247151876,94.01563603052227,106.18313715225123,91.0,100.0,0.6973336342606157,0.4213801107844662,0.004935300233684954,0.0037021428225998717,0.0,73.76975030039756
149,100.03978066385694,99.17104318936671,99.87225258565516,99.90806247151876,94.01563603052227,106.18313715225123,91.0,100.0,0.6973336342606157,0.4213801107844662,0.004935300233684954,0.0037021428225998717,0.0,73.76975030039756
150,100.13217445642728,99.24039790868659,99.9420976918793,99.7821615865597,98.33731028771754,100.2428261703905,91.0,100.0,0.6815469435197665,0.4792420997060196,0.004965837660574643,0.0027221219506326274,0.0,54.294642374843605
151,100.13574039475061,99.24039790868659,99.9420976918793,99.7821615865597,98.33731028771754,100.2428261703905,91.0,100.0,0.6815469435197665,0.4792420997060196,0.004965837660574643,0.0027221219506326274,0.0,54.294642374843605
152,100.1668597922917,99.24039790868659,99.9420976918793,99.7821615865597,98.33731028771754,100.2428261703905,91.0,100.0,0.6815469435197665,0.4792420997060196,0.004965837660574643,0.0027221219506326274,0.0,54.294642374843605
153,100.11706000105177,100.31883230089437,100.936397016845,99.75572920068898,96.6573067119261,101.98514976849793,88.0,88.0,1.5087023612632304,0.18933820196449475,0.004468455798505505,-0.0028144662468793493,56.131345161238855,0.0
154,100.27984002479009,100.10593720448323,99.52357568413616,99.64688073761533,99.22500495708377,100.9946904807135,85.0,85.0,1.4680061723621722,0.27040438176804527,0.004476123649011943,-0.002298122607716885,45.85706699196002,0.0
155,100.26397999552418,100.10593720448323,99.96318805553761,99.64688073761533,99.22500495708377,100.9946904807135,85.0,85.0,1.4680061723621722,0.27040438176804527,0.004476123649011943,-0.002298122607716885,45.85706699196002,0.0
156,100.26736719480742,100.10593720448323,99.96656509322301,99.64688073761533,99.22500495708377,100.9946904807135,85.0,85.0,1.4680061723621722,0.27040438176804527,0.004476123649011943,-0.002298122607716885,45.85706699196002,0.0
157,100.28217593040114,100.10593720448323,100.39593201830056,99.64688073761533,99.22500495708377,100.9946904807135,85.0,85.0,1.4680061723621722,0.27040438176804527,0.004476123649011943,-0.002298122607716885,45.85706699196002,0.0
158,100.42349504596429,100.10593720448323,100.58622321566563,99.64688073761533,99.22500495708377,100.9946904807135,85.0,85.0,1.4680061723621722,0.27040438176804527,0.004476123649011943,-0.002298122607716885,45.85706699196002,0.0
159,100.36697535698228,100.10593720448323,100.58622321566563,99.64688073761533,99.22500495708377,100.9946904807135,85.0,85.0,1.4680061723621722,0.27040438176804527,0.004476123649011943,-0.002298122607716885,45.85706699196002,0.0
160,100.24699791117203,100.10593720448323,100.54864384270014,99.64688073761533,99.22500495708377,100.9946904807135,85.0,85.0,1.4680061723621722,0.27040438176804527,0.004476123649011943,-0.002298122607716885,45.85706699196002,0.0
161,100.26083888659991,100.10593720448323,100.54864384270014,99.64688073761533,99.22500495708377,100.9946904807135,85.0,85.0,1.4680061723621722,0.27040438176804527,0.004476123649011943,-0.002298122607716885,45.85706699196002,0.0
162,100.22370982298413,100.10593720448323,100.52528568002424,99.64688073761533,99.22500495708377,100.9946904807135,85.0,85.0,1.4680061723621722,0.27040438176804527,0.004476123649011943,-0.002298122607716885,45.85706699196002,0.0
163,100.21073085125988,100.10593720448323,100.51226765422257,99.64688073761533,99.22500495708377,100.9946904807135,85.0,85.0,1.4680061723621722,0.27040438176804527,0.004476123649011943,-0.002298122607716885,45.85706699196002,0.0
164,100.1416271335197,100.10593720448323,100.4171279738442,99.64688073761533,99.22500495708377,100.9946904807135,85.0,85.0,1.4680061723621722,0.27040438176804527,0.004476123649011943,-0.002298122607716885,45.85706699196002,0.0
165,100.17377936535269,100.10593720448323,100.37981921482478,99.64688073761533,99.22500495708377,100.9946904807135,85.0,85.0,1.4680061723621722,0.27040438176804527,0.004476123649011943,-0.002298122607716885,45.85706699196002,0.0
166,100.21313575019522,100.22037048780167,100.33240832549113,99.66062175410491,96.19094176307941,104.18027394170223,82.0,82.0,1.3572323452398651,0.24336394359124075,0.00454360631107024,-0.0028004100210756505,55.85179250209515,0.0
167,100.26775819357985,99.15835312406645,98.64117816293796,99.67395235052832,95.31967224907648,105.13253379010679,82.0,82.0,1.328653757620676,0.21902754923211668,0.004582166960259653,0.0025931360863677795,0.0,51.72858247344703
168,100.16906076525746,99.34767446698233,99.86855358296165,99.77395125775283,98.53302353635307,100.16906076525744,79.00000000000001,80.0,1.302361457011022,0.29712479430890504,0.004564131656369688,0.0021407860106555437,0.0,42.724256722004306
169,100.04872089662577,98.57985588559093,98.09536110741699,99.76113638046618,97.63666572237105,101.08866734616515,76.00000000000001,100.0,1.2781725404501403,0.26741231487801453,0.005004988941623115,0.005955806116421284,0.0,118.4108900253611
170,100.18475324240903,99.18290570998492,99.88419898268182,99.76056517464767,98.42911562658905,100.18475324240903,73.00000000000001,97.0,1.2559187372141292,0.3406710833902131,0.005053126928876723,0.002903636204264893,0.0,57.90459022073868
171,100.28563164665509,99.31286101968252,99.98477475171514,99.87552298737808,98.58787713423884,100.28563164665508,70.00000000000001,94.0,1.235445238236999,0.40660397505119183,0.005088912973921624,0.002824772993166206,0.0,56.336322540876395
172,100.26627448265552,99.32377150251855,99.82484823726335,99.87074643432584,98.62850510200093,100.26627448265552,67.00000000000001,91.0,1.2166096191780391,0.46594357754607263,0.005113091062950824,0.0027459336605875195,0.0,54.76828313954463
173,100.42599042743493,99.51211391454527,100.12471245615262,100.01066339835562,98.84538275131783,100.42599042743494,64.00000000000001,88.0,1.199280849643796,0.5193492197914654,0.005106151378047558,0.0024987096236561263,0.0,49.84963271611797
174,100.31717323088672,99.51211391454527,100.12471245615262,100.01066339835562,98.84538275131783,100.42599042743494,64.00000000000001,88.0,1.199280849643796,0.5193492197914654,0.005106151378047558,0.0024987096236561263,0.0,49.84963271611797
175,100.16732368424691,101.48965769197714,102.08352372770501,99.99929921160224,97.42702839381178,101.88800403369885,100.0,88.0,1.1433383816722924,0.4674142978123189,0.005687405528385488,-0.007396725375317223,146.84831087894423,0.0
176,100.22551098805019,101.23788988691939,100.59907367399774,100.13939627556073,100.22551098805019,102.13669278341344,100.0,88.0,1.131871311138509,0.520672868031087,0.006000756078598257,-0.005454903243021938,108.50617417902053,0.0
177,100.17229384420065,101.16180944815058,100.45154599164401,100.2864070575594,100.17229384420064,102.08246085165685,100.0,88.0,1.2926308528729942,0.43214024173326354,0.006069406742396978,-0.004345545499363376,86.53486877771232,0.0
178,100.20075002631874,101.16180944815058,100.45154599164401,100.2864070575594,100.17229384420064,102.08246085165685,100.0,88.0,1.2926308528729942,0.43214024173326354,0.006069406742396978,-0.004345545499363376,86.53486877771232,0.0
179,100.2525855452654,101.14737106133356,100.43720897765313,100.42690635399929,100.13589735072021,102.04537032015088,100.0,88.0,1.2292203846431546,0.48892621755993715,0.0061341469289752665,-0.00357418970600993,71.22920742026805,0.0
180,100.31798366808589,101.14737106133356,100.43720897765313,100.42690635399929,100.13589735072021,102.04537032015088,100.0,88.0,1.2292203846431546,0.48892621755993715,0.0061341469289752665,-0.00357418970600993,71.22920742026805,0.0
181,100.34060822270138,101.14737106133356,100.43720897765313,100.42690635399929,100.13589735072021,102.04537032015088,100.0,88.0,1.2292203846431546,0.48892621755993715,0.0061341469289752665,-0.00357418970600993,71.22920742026805,0.0
182,100.41587768697653,101.14737106133356,100.43720897765313,100.42690635399929,100.13589735072021,102.04537032015088,100.0,88.0,1.2292203846431546,0.48892621755993715,0.0061341469289752665,-0.00357418970600993,71.22920742026805,0.0
183,100.44936701401198,101.14737106133356,100.6063157765538,100.42690635399929,100.13589735072021,102.04537032015088,100.0,88.0,1.2292203846431546,0.48892621755993715,0.0061341469289752665,-0.00357418970600993,71.22920742026805,0.0
184,100.39512189757481,101.14737106133356,100.54063288906707,100.42690635399929,100.13589735072021,102.04537032015088,100.0,88.0,1.2292203846431546,0.48892621755993715,0.0061341469289752665,-0.00357418970600993,71.22920742026805,0.0
185,100.41426880267512,101.14737106133356,100.54063288906707,100.42690635399929,100.13589735072021,102.04537032015088,100.0,88.0,1.2292203846431546,0.48892621755993715,0.0061341469289752665,-0.00357418970600993,71.22920742026805,0.0
186,100.59707731360491,101.14737106133356,100.54063288906707,100.42690635399929,100.13589735072021,102.04537032015088,100.0,88.0,1.2292203846431546,0.48892621755993715,0.0061341469289752665,-0.00357418970600993,71.22920742026805,0.0
187,100.55503724543313,101.14737106133356,100.54063288906707,100.42690635399929,100.13589735072021,102.04537032015088,100.0,88.0,1.2292203846431546,0.48892621755993715,0.0061341469289752665,-0.00357418970600993,71.22920742026805,0.0
188,100.44123448471208,101.14737106133356,100.57376589241484,100.42690635399929,100.13589735072021,102.04537032015088,100.0,88.0,1.2292203846431546,0.48892621755993715,0.0061341469289752665,-0.00357418970600993,71.22920742026805,0.0
189,100.56416477206665,101.14737106133356,100.57376589241484,100.42690635399929,100.13589735072021,102.04537032015088,100.0,88.0,1.2292203846431546,0.48892621755993715,0.0061341469289752665,-0.00357418970600993,71.22920742026805,0.0
190,100.65707584653464,101.14737106133356,101.18785721003995,100.42690635399929,100.13589735072021,102.04537032015088,100.0,88.0,1.2292203846431546,0.48892621755993715,0.0061341469289752665,-0.00357418970600993,71.22920742026805,0.0
191,100.64333897814059,101.14737106133356,101.19169717803926,100.42690635399929,100.13589735072021,102.04537032015088,100.0,88.0,1.2292203846431546,0.48892621755993715,0.0061341469289752665,-0.00357418970600993,71.22920742026805,0.0
192,100.56638483406408,101.14737106133356,100.86899180949256,100.42690635399929,100.13589735072021,102.04537032015088,100.0,88.0,1.2292203846431546,0.48892621755993715,0.0061341469289752665,-0.00357418970600993,71.22920742026805,0.0
193,100.42508879953922,101.14737106133356,101.19133759628423,100.42690635399929,100.13589735072021,102.04537032015088,100.0,88.0,1.2292203846431546,0.48892621755993715,0.0061341469289752665,-0.00357418970600993,71.22920742026805,0.0
194,100.45953384422421,101.14737106133356,101.25843889223508,100.42690635399929,100.13589735072021,102.04537032015088,100.0,88.0,1.2292203846431546,0.48892621755993715,0.0061341469289752665,-0.00357418970600993,71.22920742026805,0.0
195,100.48532115218657,101.14737106133356,100.78768420480097,100.42690635399929,100.13589735072021,102.04537032015088,100.0,88.0,1.2292203846431546,0.48892621755993715,0.0061341469289752665,-0.00357418970600993,71.22920742026805,0.0
196,100.74371043048824,101.14737106133356,100.78768420480097,100.42690635399929,100.13589735072021,102.04537032015088,100.0,88.0,1.2292203846431546,0.48892621755993715,0.0061341469289752665,-0.00357418970600993,71.22920742026805,0.0
197,100.8877239782026,101.14737106133356,100.78768420480097,100.42690635399929,100.13589735072021,102.04537032015088,100.0,88.0,1.2292203846431546,0.48892621755993715,0.0061341469289752665,-0.00357418970600993,71.22920742026805,0.0
198,100.8601946462896,101.14737106133356,100.76507104936266,100.42690635399929,100.13589735072021,102.04537032015088,100.0,88.0,1.2292203846431546,0.48892621755993715,0.0061341469289752665,-0.00357418970600993,71.22920742026805,0.0
199,100.83770365136854,101.89609399051047,102.4923382854509,100.44720807555167,94.82450506756904,107.80327547879403,100.0,88.0,1.1348827538717023,0.44003359580394347,0.006625376773186668,-0.007160533114586375,142.1924882708192,0.0
200,100.8078007716699,101.82606138552518,101.40061422403042,100.5879326510753,100.80780077166992,102.73008614358875,100.0,88.0,1.1240921335619662,0.49603023622354914,0.0069618809908134,-0.006116813910731796,121.59251940052518,0.0
201,100.80843644938443,101.82606138552518,101.11177176467847,100.5879326510753,100.80780077166992,102.73008614358875,100.0,88.0,1.1240921335619662,0.49603023622354914,0.0069618809908134,-0.006116813910731796,121.59251940052518,0.0
202,100.8340520938769,101.47259623223185,100.76015072207575,100.72885437897914,100.45787026990955,102.37348288158987,100.0,88.0,1.074164762877009,0.5464272126011942,0.006985556779253217,-0.0036782221443246647,73.29484815295272,0.0
203,100.76967670925168,101.31909401527261,100.60772625388151,100.8741753454689,100.44341250733594,102.3587494266066,97.0,88.0,1.2512206338405418,0.44975621341921684,0.00663229365437182,-0.002200462316131396,43.91261826094173,0.0
204,100.85848632028897,101.19629684179324,100.51624148688853,100.88980761534167,99.11946226692037,103.72596720415117,94.0,88.0,1.2311229831332986,0.40478059207729516,0.006416351405211589,-0.0015166269213556067,30.28660494669433,0.0
205,101.11385342474547,101.47446117774516,102.06823829117425,100.90497323169386,97.85524024438158,105.06603495853139,91.0,85.0,1.2126331444826348,0.36430253286956565,0.006369046597657445,-0.0028139615456141374,56.121307710494946,0.0
206,101.10849701326339,101.47446117774516,101.41273521892016,100.90497323169386,97.85524024438158,105.06603495853139,91.0,85.0,1.2126331444826348,0.36430253286956565,0.006369046597657445,-0.0028139615456141374,56.121307710494946,0.0
207,101.09515386128358,101.47446117774516,101.39935191703469,100.90497323169386,97.85524024438158,105.06603495853139,91.0,85.0,1.2126331444826348,0.36430253286956565,0.006369046597657445,-0.0028139615456141374,56.121307710494946,0.0
208,100.99226174670318,101.47446117774516,101.2801791546192,100.90497323169386,97.85524024438158,105.06603495853139,91.0,85.0,1.2126331444826348,0.36430253286956565,0.006369046597657445,-0.0028139615456141374,56.121307710494946,0.0
209,100.8069251774055,101.47446117774516,101.65212380882652,100.90497323169386,97.85524024438158,105.06603495853139,91.0,85.0,1.2126331444826348,0.36430253286956565,0.006369046597657445,-0.0028139615456141374,56.121307710494946,0.0
210,100.90678972965523,101.47446117774516,101.0457018716668,100.90497323169386,97.85524024438158,105.06603495853139,91.0,85.0,1.2126331444826348,0.36430253286956565,0.006369046597657445,-0.0028139615456141374,56.121307710494946,0.0
211,100.8065234827154,101.47446117774516,101.21086956888665,100.90497323169386,97.85524024438158,105.06603495853139,91.0,85.0,1.2126331444826348,0.36430253286956565,0.006369046597657445,-0.0028139615456141374,56.121307710494946,0.0
212,100.70058751335023,101.47446117774516,101.00359830827503,100.90497323169386,97.85524024438158,105.06603495853139,91.0,85.0,1.2126331444826348,0.36430253286956565,0.006369046597657445,-0.0028139615456141374,56.121307710494946,0.0
213,100.57146840192148,101.39654431935863,100.77616425882893,100.90102342927547,100.47383576605246,102.26580365038691,88.0,82.0,1.1256224929240242,0.4278722795826091,0.006280840236105214,-0.002449465387042416,48.86960333899238,0.0
214,100.44260425743187,101.33434650669075,100.74483877375312,100.85500822488207,100.44260425743187,102.17215820396325,85.0,79.00000000000001,1.1155726934901022,0.48508505162434823,0.006188479090213147,-0.0023707394607646584,47.30264696353736,0.0
215,100.46331869919999,101.32457760887544,100.74483877375312,100.8611603487482,100.4633186992,102.13141579364525,82.0,76.00000000000001,1.1063268780108941,0.5365765464619134,0.006092215306718154,-0.002292037335612536,45.73591827997436,0.0
216,100.51832882813585,101.32457760887544,100.74483877375312,100.8611603487482,100.4633186992,102.13141579364525,82.0,76.00000000000001,1.1063268780108941,0.5365765464619134,0.006092215306718154,-0.002292037335612536,45.73591827997436,0.0
217,100.5548612863554,101.32457760887544,100.74483877375312,100.8611603487482,100.4633186992,102.13141579364525,82.0,76.00000000000001,1.1063268780108941,0.5365765464619134,0.006092215306718154,-0.002292037335612536,45.73591827997436,0.0
218,100.40675287124307,101.03185426996438,100.56570930542895,100.79636261277837,100.40675287124309,102.01218804275986,73.00000000000001,73.00000000000001,1.3164394641086152,0.3366939519127611,0.0054487731352532145,-0.0011667925368573063,23.30865437317975,0.0
219,100.28999366609379,101.02749437503154,100.58109703306745,100.8086361565057,99.31825720587378,103.13020831036496,70.00000000000001,73.00000000000001,1.291124306979926,0.303024556721485,0.005251967139592779,-0.0010843361788073734,21.66323334847675,0.0
220,100.1124388816469,100.81816604395458,100.41367992141113,100.8205429218368,98.28025321148066,104.21943594939438,67.00000000000001,73.00000000000001,1.267834362421532,0.2727221010493365,0.004938263647877087,1.17878054984161e-05,0.0,0.2357533309538251
221,100.17292061833143,100.78453319310067,100.94332562878137,100.9610970461094,100.16901111577775,101.58625003274712,61.000000000000014,73.00000000000001,1.3901979384736913,0.26254191711774616,0.0044814250688391104,0.0008751805568199043,0.0,17.48830571126736
222,100.21745932912037,100.73272795474917,100.41951686481964,100.95851731972989,99.27502853629848,102.50104541667083,58.000000000000014,73.00000000000001,1.358982103395796,0.23628772540597154,0.004346877250410079,0.0011194802465195695,0.0,22.364568238028014
223,100.1904325763522,100.39961078808976,100.14785649825002,100.81703290985094,100.1269223339398,101.45164339989691,52.000000000000014,70.00000000000001,1.4556055573968234,0.23762080417768452,0.0040248285558253044,0.0020744910266360436,0.0,41.403928454673
224,100.27792803051052,100.39961078808976,100.14785649825002,100.81703290985094,100.1269223339398,101.45164339989691,52.000000000000014,70.00000000000001,1.4556055573968234,0.23762080417768452,0.0040248285558253044,0.0020744910266360436,0.0,41.403928454673
225,100.38606027404671,100.39961078808976,100.14785649825002,100.81703290985094,100.1269223339398,101.45164339989691,52.000000000000014,70.00000000000001,1.4556055573968234,0.23762080417768452,0.0040248285558253044,0.0020744910266360436,0.0,41.403928454673
226,100.5138134175968,100.39961078808976,100.2832996786803,100.81703290985094,100.1269223339398,101.45164339989691,52.000000000000014,70.00000000000001,1.4556055573968234,0.23762080417768452,0.0040248285558253044,0.0020744910266360436,0.0,41.403928454673
227,100.70096646227155,100.39961078808976,100.27964169396606,100.81703290985094,100.1269223339398,101.45164339989691,52.000000000000014,70.00000000000001,1.4556055573968234,0.23762080417768452,0.0040248285558253044,0.0020744910266360436,0.0,41.403928454673
228,100.69314746435305,101.20043065925027,101.60808596905595,100.81590272395971,98.340445427963,103.29463909936294,49.000000000000014,67.00000000000001,1.2990225479879607,0.1625326300575362,0.0039038933249253534,-0.001903449730280635,37.99666985462746,0.0
229,100.64602856892373,101.14162251926815,100.94887519450724,100.92745536987525,100.64602856892374,101.82384226242641,49.000000000000014,64.00000000000001,1.275100744148924,0.2462793670517826,0.00379684428933644,-0.0010598709690277119,21.174976637546862,0.0
230,100.6707572674443,101.46673104394685,101.78320842219036,100.93898434093396,99.88451369484383,102.6001424870608,53.0117971263212,58.000000000000014,1.3954122940012679,0.1684550870634193,0.003649681460001876,-0.0026073705577402233,52.0117971263212,0.0
231,100.68735716500092,101.01484106892751,100.83234770643189,100.96138194920465,100.68735716500092,101.81448761537077,45.0117971263212,49.000000000000014,1.7717633324967417,0.1453296924590479,0.003213674457482201,-0.00026468026247850886,5.2922045074921265,0.0
232,100.5102748320133,100.96473525001194,100.81271297092607,100.82013491047323,100.51027483201331,101.46189855292124,42.0117971263212,46.000000000000014,1.7100222658970026,0.23079672321314312,0.0031068467787942816,-0.0007166064503433371,14.321865865406513,0.0
233,100.62996777935454,101.23013040894928,101.39284711444887,100.8250759190499,99.88757814109191,102.09440951834144,42.0117971263212,43.000000000000014,1.6532204846252425,0.20771705089182882,0.00316099697904737,-0.0020046723727665436,40.01323403052481,0.0
234,100.77534397713528,101.20050548769832,101.07857971628412,100.96632988003778,100.77534397713528,101.63754693953832,42.0117971263212,40.00000000000002,1.6009628458552232,0.28694534580264597,0.0031103366427672565,-0.001158328502469629,23.139766598201383,0.0
235,100.82776059737272,101.15508702642813,101.03321597490785,100.9289856332848,100.73011632698315,101.56133235585153,42.0117971263212,37.00000000000002,1.5528858181868055,0.35825081122238134,0.003057978279593042,-0.0011188481613989233,22.35195478446417,0.0
236,100.93288051739614,101.15508702642813,101.03321597490785,100.9289856332848,100.73011632698315,101.56133235585153,42.0117971263212,37.00000000000002,1.5528858181868055,0.35825081122238134,0.003057978279593042,-0.0011188481613989233,22.35195478446417,0.0
237,100.80508017703818,101.27062662868457,101.22571256442241,100.93545546903397,99.86252225575804,102.44368549321763,42.0117971263212,34.00000000000002,1.468654952731861,0.3224257301001432,0.0030734084167001624,-0.001657572097601925,33.09658198122123,0.0
238,100.82698076375628,101.04295364166352,100.92121768778307,101.01304071156905,100.82698076375628,101.59779261987701,39.0117971263212,31.00000000000002,1.5343067940803836,0.29653919938849793,0.0028589041305890897,-0.00014804277492595078,2.960417230136736,0.0
239,100.67510410861782,101.04295364166352,100.92121768778307,101.01304071156905,100.82698076375628,101.59779261987701,39.0117971263212,31.00000000000002,1.5343067940803836,0.29653919938849793,0.0028589041305890897,-0.00014804277492595078,2.960417230136736,0.0
240,100.57974159439725,100.97365798042073,100.88238876067932,100.87172140117228,100.57974159439725,101.28764969447359,36.0117971263212,31.00000000000002,1.451562250553953,0.3668852794496481,0.00274797265992527,-0.0005050231001609242,10.095363611389851,0.0
241,100.59165868675147,100.96524523214035,100.91463608666055,100.7566445535831,100.59165868675147,101.26915093241853,36.0117971263212,25.00000000000002,1.8031920353780633,0.24848164366910505,0.002491812591339557,-0.0010341003585621423,20.660641993948126,0.0
242,100.64230346243835,100.89491563305823,100.83407714119632,100.67912211894556,100.53157490977274,101.14778509579772,36.0117971263212,25.00000000000002,1.7389366725478184,0.32363347930219455,0.002470768949099038,-0.001070542201363077,21.387947327047296,0.0
243,100.71381270001031,100.89491563305823,100.83407714119632,100.67912211894556,100.53157490977274,101.14778509579772,36.0117971263212,25.00000000000002,1.7389366725478184,0.32363347930219455,0.002470768949099038,-0.001070542201363077,21.387947327047296,0.0
244,100.76432432067185,100.90791799904143,100.85733758901688,100.57517947439844,100.42650811751744,101.04207429465608,36.0117971263212,25.00000000000002,1.5870609562203146,0.29736529984270105,0.0024030155205714354,-0.0016514463437155486,32.97447130424014,0.0
245,100.87582616240792,100.90791799904143,100.85733758901688,100.57517947439844,100.42650811751744,101.04207429465608,36.0117971263212,25.00000000000002,1.5870609562203146,0.29736529984270105,0.0024030155205714354,-0.0016514463437155486,32.97447130424014,0.0
246,101.09325245337195,100.40589555020289,100.34535193191459,100.43447274082988,100.04431587611884,100.65753939869963,36.0117971263212,25.00000000000002,1.5000960797226897,0.36762876985843096,0.002275909159193606,0.00014228808117691056,0.0,2.8453567631836485
247,101.09381415682131,100.80016395618846,100.68317114545995,100.43129911308434,99.58992818306359,101.11679816060895,41.57159152509037,19.00000000000002,1.5568689468090022,0.2514580785831668,0.0023502649365285118,-0.0018330376248227838,36.593674913509844,0.0
248,101.3103908651965,101.11790112255264,101.0064596926009,100.42887296920631,99.12286696258397,101.5932546696576,69.14106559740019,16.00000000000002,1.5123194310642822,0.22631227072485013,0.0026194947557422357,-0.0034187009762439886,68.14106559740019,0.0
249,101.22002965897377,101.09380475730204,100.69692218523625,100.56957185760426,100.3948314186805,101.25581405979771,69.14106559740019,16.00000000000002,1.4713338765791397,0.30368104365236515,0.0027742711000793203,-0.0025995443917357767,51.85608563811783,0.0
250,100.98153161438384,101.09380475730204,100.69692218523625,100.56957185760426,100.3948314186805,101.25581405979771,69.14106559740019,16.00000000000002,1.4713338765791397,0.30368104365236515,0.0027742711000793203,-0.0025995443917357767,51.85608563811783,0.0
251,100.93887849684579,101.09380475730204,100.69692218523625,100.56957185760426,100.3948314186805,101.25581405979771,69.14106559740019,16.00000000000002,1.4713338765791397,0.30368104365236515,0.0027742711000793203,-0.0025995443917357767,51.85608563811783,0.0
252,101.00526893093885,101.05269560088655,100.65597441860892,100.55988854393469,100.35400649535305,101.21463902332387,69.14106559740019,16.00000000000002,1.3802938331194752,0.3733129392871286,0.002901134642761733,-0.0024443268709748865,48.76733411429579,0.0
253,100.9745566121089,101.1304396938692,100.98863018308052,100.566586792556,99.77338287539419,101.80364992391591,69.14106559740019,13.000000000000021,1.3498703264699172,0.33598164535841574,0.0030625327116102943,-0.002795543945964688,55.75501332932276,0.0
254,100.94219092961616,101.1304396938692,100.90793568649345,100.566586792556,99.77338287539419,101.80364992391591,69.14106559740019,13.000000000000021,1.3498703264699172,0.33598164535841574,0.0030625327116102943,-0.002795543945964688,55.75501332932276,0.0
255,100.85314463167401,101.1304396938692,100.90793568649345,100.566586792556,99.77338287539419,101.80364992391591,69.14106559740019,13.000000000000021,1.3498703264699172,0.33598164535841574,0.0030625327116102943,-0.002795543945964688,55.75501332932276,0.0
256,100.80706584904324,101.1304396938692,100.90793568649345,100.566586792556,99.77338287539419,101.80364992391591,69.14106559740019,13.000000000000021,1.3498703264699172,0.33598164535841574,0.0030625327116102943,-0.002795543945964688,55.75501332932276,0.0
257,100.80147601351455,101.37421172279566,101.20165123423179,100.57308452000899,98.55854845473209,103.05848352298632,80.02672574927938,10.000000000000021,1.261880700352324,0.30238348082257416,0.0033548246000918015,-0.003967011283099659,79.02672574927938,0.0
258,100.70055687577947,100.11566607697887,99.61331312110728,100.57938771676079,97.89944388708325,103.75232114379354,80.02672574927938,47.105037056678455,1.2409302443241381,0.27214513274031676,0.0034308050156477746,0.0023105783177821116,0.0,46.105037056678455
259,100.7687690830438,100.35687872776789,100.52935197659868,100.45806571394847,99.49147659998947,100.76876908304382,80.02672574927938,47.105037056678455,1.3708915433270017,0.26214727079437666,0.003155320356545919,0.0005038817527344873,0.0,10.072559675666781
260,100.8604532743752,100.38534973547091,100.25064426796321,100.55213517913057,99.58199865021831,100.86045327437519,80.02672574927938,47.105037056678455,1.3412202198608416,0.33593254371493897,0.003065605536213583,0.000830036484882572,0.0,16.586961914090146
261,100.85553848220306,100.38534973547091,100.55297186675644,100.55213517913057,99.58199865021831,100.86045327437519,80.02672574927938,47.105037056678455,1.3412202198608416,0.33593254371493897,0.003065605536213583,0.000830036484882572,0.0,16.586961914090146
262,100.9437291955929,100.46823338515313,100.64089800800609,100.63515653602126,99.6642190091903,100.9437291955929,80.02672574927938,47.105037056678455,1.2739226022719743,0.4023392893434451,0.002981273605101173,0.0008300364848825175,0.0,16.58696191408793
263,100.92208679436858,100.61427615748231,100.78719176932313,100.77614442366502,99.80909304903061,101.09046315879952,80.02672574927938,47.105037056678455,1.2520087940902165,0.46210536040910055,0.002898847635984583,0.0008037535534986631,0.0,16.062161050952596
264,100.941298737457,100.61427615748231,100.78719176932313,100.77614442366502,99.80909304903061,101.09046315879952,80.02672574927938,47.105037056678455,1.2520087940902165,0.46210536040910055,0.002898847635984583,0.0008037535534986631,0.0,16.062161050952596
265,100.97698608142423,100.61427615748231,100.78719176932313,100.77614442366502,99.80909304903061,101.09046315879952,80.02672574927938,47.105037056678455,1.2520087940902165,0.46210536040910055,0.002898847635984583,0.0008037535534986631,0.0,16.062161050952596
266,100.92791519659998,100.61427615748231,100.7401020465865,100.77614442366502,99.80909304903061,101.09046315879952,80.02672574927938,47.105037056678455,1.2520087940902165,0.46210536040910055,0.002898847635984583,0.0008037535534986631,0.0,16.062161050952596
267,100.88907118365368,100.76884409363814,100.94202534580624,100.91732983258412,99.9624240286028,101.24576263370739,80.02672574927938,47.105037056678455,1.1718480905629993,0.5158948243681906,0.002813263398448793,0.0007362217055111548,0.0,14.713601637330598
268,100.99146756775899,100.76884409363814,100.49764777611846,100.91732983258412,99.9624240286028,101.24576263370739,80.02672574927938,47.105037056678455,1.1718480905629993,0.5158948243681906,0.002813263398448793,0.0007362217055111548,0.0,14.713601637330598
269,101.04984240042936,100.76884409363814,100.74669287322808,100.91732983258412,99.9624240286028,101.24576263370739,80.02672574927938,47.105037056678455,1.1718480905629993,0.5158948243681906,0.002813263398448793,0.0007362217055111548,0.0,14.713601637330598
270,101.03272451430622,100.76884409363814,100.861338181933,100.91732983258412,99.9624240286028,101.24576263370739,80.02672574927938,47.105037056678455,1.1718480905629993,0.5158948243681906,0.002813263398448793,0.0007362217055111548,0.0,14.713601637330598
271,100.88156523604364,100.8367189953334,101.01001689725148,101.00425436736862,100.02975574968373,101.3139587735722,80.02672574927938,47.105037056678455,1.0981002433179594,0.5643053419313715,0.0027440719956022576,0.0008300364848824292,0.0,16.586961914085705
272,100.8611408162402,100.8367189953334,100.86696027841732,101.00425436736862,100.02975574968373,101.3139587735722,80.02672574927938,47.105037056678455,1.0981002433179594,0.5643053419313715,0.0027440719956022576,0.0008300364848824292,0.0,16.586961914085705
273,100.89664193913613,100.8367189953334,100.62136701266962,101.00425436736862,100.02975574968373,101.3139587735722,80.02672574927938,47.105037056678455,1.0981002433179594,0.5643053419313715,0.0027440719956022576,0.0008300364848824292,0.0,16.586961914085705
274,100.94256805277375,100.8367189953334,100.63974034861543,101.00425436736862,100.02975574968373,101.3139587735722,80.02672574927938,47.105037056678455,1.0981002433179594,0.5643053419313715,0.0027440719956022576,0.0008300364848824292,0.0,16.586961914085705
275,101.02521020505264,100.8367189953334,100.76460256937189,101.00425436736862,100.02975574968373,101.3139587735722,80.02672574927938,47.105037056678455,1.0981002433179594,0.5643053419313715,0.0027440719956022576,0.0008300364848824292,0.0,16.586961914085705
276,101.12272697275172,101.18872691109192,101.36262977352305,100.9942048741803,98.80967155428449,102.56496546075722,80.02672574927938,47.105037056678455,1.0262522238525227,0.5078748077382343,0.0026948808025256555,-0.0009621090919693086,19.223686555769337,0.0
277,101.21941151785603,101.23387351889737,101.40785397025135,101.13569578152912,100.42373197563397,101.71299294909866,80.02672574927938,47.105037056678455,1.024152045944321,0.5570873269644109,0.002591404856496345,-0.0004851408129574491,9.6981113095429,0.0
278,101.19469795335971,100.48499493449044,99.9807887876995,101.13307478310344,99.90458766244959,102.24153446157553,80.02672574927938,65.08188913497482,1.2153315081696447,0.3810477316436571,0.002653216013111367,0.0032143936777132513,0.0,64.08188913497482
279,101.34719968998294,100.68761296854657,101.04315809091302,100.99356524237496,99.88184296960823,101.34719968998293,80.02672574927938,62.081889134974816,1.1981049875160732,0.4429429584792913,0.00267606433822389,0.0015170095521180366,0.0,30.29423439940171
280,101.399776768199,100.77026779823555,101.09557743789442,101.05328098965211,99.96383633975847,101.399776768199,80.02672574927938,59.081889134974816,1.1822565885147875,0.4986486626313622,0.0026837742271264924,0.0014022803241558177,0.0,28.00633375234396
281,101.36759773369698,100.77026779823555,101.09557743789442,101.05328098965211,99.96383633975847,101.399776768199,80.02672574927938,59.081889134974816,1.1822565885147875,0.4986486626313622,0.0026837742271264924,0.0014022803241558177,0.0,28.00633375234396
282,101.277789191103,100.84375935800148,101.10826231570941,101.0664516435093,100.00270513105998,101.40859126775526,80.02672574927938,56.081889134974816,1.1875873279182116,0.4170756852398518,0.0025827983182636948,0.001102927308149573,0.0,22.03424399357612
283,101.43958602354276,100.96139837511556,101.22620988803973,101.10472671208169,100.06345852803436,101.43958602354274,77.02672574927938,53.081889134974816,1.332612666514109,0.36127976870405865,0.0024570255140063603,0.0007093140272980591,0.0,14.176225150607236
284,101.27364044980153,102.88093969279252,102.99709252653678,101.09404185807351,99.57293947257192,101.93930060650408,100.0,53.081889134974816,1.3060036531929804,0.3251517918336528,0.0033608761742516657,-0.008760377479300923,173.68599470949485,0.0
285,101.24031058404022,102.26293998387898,102.36997469570724,101.2356726350857,101.2403105840402,102.6268274567832,100.0,53.081889134974816,1.281523360937542,0.3926366126502875,0.0037649924952067905,-0.00504803121541067,100.45353174426896,0.0
286,101.21459216174358,102.15993754401896,101.44266616708002,101.38243139702752,101.21459216174358,102.78255097713681,100.0,53.081889134974816,1.4000211638087803,0.3445634430527967,0.004032074359931601,-0.0038198737247508194,76.10675629636354,0.0
287,101.35675698090881,102.13299271727625,101.41591052166848,101.48539713165333,101.1116627901035,102.67802708229428,100.0,53.081889134974816,1.368019470704078,0.41010709874751705,0.00417180369864285,-0.0031804376122579222,63.40708995139277,0.0
288,101.19107800179623,102.08045376318834,101.36374044689715,101.43319131178416,101.05964922555646,102.62520775322942,100.0,53.081889134974816,1.338577913047752,0.4690963888727654,0.004303149277031451,-0.0031804376122581443,63.40708995139721,0.0
289,101.35843575323828,101.75070232171501,101.03630421113131,101.44850103396968,100.19362590005187,103.51224844968758,100.0,53.081889134974816,1.440963510403067,0.32086192998897156,0.004085599267649521,-0.0014872168923633247,29.700167256816457,0.0
290,101.40232889929653,101.75070232171501,101.09812191259864,101.44850103396968,100.19362590005187,103.51224844968758,100.0,53.081889134974816,1.440963510403067,0.32086192998897156,0.004085599267649521,-0.0014872168923633247,29.700167256816457,0.0
291,101.22469666006187,101.66116275043737,100.94739330284153,101.46020674535451,99.04246338151825,104.71536291752356,100.0,53.081889134974816,1.3656864295708218,0.2887757369900744,0.003959184096791922,-0.000989339553891817,19.767234570804426,0.0
292,101.27745960156392,101.7138363674362,101.94986399613069,101.47156257589609,98.261300826542,105.54783429490047,100.0,53.081889134974816,1.3364315152051562,0.25989816329106696,0.0038647184740230487,-0.0011923779602277963,23.819157765804235,0.0
293,101.17153319361103,101.7138363674362,101.79229268420112,101.47156257589609,98.261300826542,105.54783429490047,100.0,53.081889134974816,1.3364315152051562,0.25989816329106696,0.0038647184740230487,-0.0011923779602277963,23.819157765804235,0.0
294,101.40383239289172,100.74518184877812,100.03784356097329,101.33055741860419,100.67234348246957,102.2319020901591,100.0,58.76890848511185,1.2982232553112203,0.2537703436910898,0.00378849222616326,0.0028968127096717033,0.0,57.76890848511185
295,101.39090369360525,100.79504041956604,101.08673098252446,101.18879389583878,99.91242928770842,101.39090369360527,100.0,58.76890848511185,1.2743653948863227,0.32839330932198085,0.003795114666248439,0.0019494306443251798,0.0,38.91275516912152
296,101.27607852844801,100.79504041956604,101.04414465419833,101.18879389583878,99.91242928770842,101.39090369360527,100.0,58.76890848511185,1.2743653948863227,0.32839330932198085,0.003795114666248439,0.0019494306443251798,0.0,38.91275516912152
297,101.33012773130395,100.79504041956604,101.04414465419833,101.18879389583878,99.91242928770842,101.39090369360527,100.0,58.76890848511185,1.2743653948863227,0.32839330932198085,0.003795114666248439,0.0019494306443251798,0.0,38.91275516912152
298,101.33253952849763,100.79504041956604,100.36901941022167,101.18879389583878,99.91242928770842,101.39090369360527,100.0,58.76890848511185,1.2743653948863227,0.32839330932198085,0.003795114666248439,0.0019494306443251798,0.0,38.91275516912152
299,101.2272268407036,100.79504041956604,100.92354516018149,101.18879389583878,99.91242928770842,101.39090369360527,100.0,58.76890848511185,1.2743653948863227,0.32839330932198085,0.003795114666248439,0.0019494306443251798,0.0,38.91275516912152
300,101.24759616104261,100.79504041956604,100.94385337255949,101.18879389583878,99.91242928770842,101.39090369360527,100.0,58.76890848511185,1.2743653948863227,0.32839330932198085,0.003795114666248439,0.0019494306443251798,0.0,38.91275516912152
301,101.20483637181476,100.79504041956604,100.83149478930096,101.18879389583878,99.91242928770842,101.39090369360527,100.0,58.76890848511185,1.2743653948863227,0.32839330932198085,0.003795114666248439,0.0019494306443251798,0.0,38.91275516912152
302,101.3004436832002,100.82043924814411,101.02254268342877,101.04722870314181,99.81223485566267,101.41645267073321,100.0,58.76890848511185,1.1838447347239882,0.3955539783897828,0.00370222257026373,0.001123456060593205,0.0,22.443906469119533
303,101.30093948565062,100.82043924814411,101.02254268342877,101.04722870314181,99.81223485566267,101.41645267073321,100.0,58.76890848511185,1.1838447347239882,0.3955539783897828,0.00370222257026373,0.001123456060593205,0.0,22.443906469119533
304,101.33398199017759,100.82043924814411,101.02998004420706,101.04722870314181,99.81223485566267,101.41645267073321,100.0,58.76890848511185,1.1838447347239882,0.3955539783897828,0.00370222257026373,0.001123456060593205,0.0,22.443906469119533
305,101.2572446073641,101.10487536934117,101.39746256303205,101.03411877538335,98.54032287097684,102.72548838157743,100.0,58.76890848511185,1.1158038226127358,0.3559985805508045,0.0035220939349179543,-0.0003500393096205863,6.998336499535185,0.0
306,101.08868527491933,101.16542152570484,101.45818393379486,101.02140377057489,97.84862218394912,103.45166407320052,100.0,58.76890848511185,1.106539516803717,0.3203987224957241,0.0033962443604460325,-0.0007123003930592185,14.235867647064415,0.0
307,101.06346360797608,101.16542152570484,101.3675663068968,101.02140377057489,97.84862218394912,103.45166407320052,100.0,58.76890848511185,1.106539516803717,0.3203987224957241,0.0033962443604460325,-0.0007123003930592185,14.235867647064415,0.0
308,101.06077426457547,101.1080091039926,100.39812338310202,101.00907174479107,96.91318128089458,104.45021676525013,100.0,58.76890848511185,1.0580163554594197,0.2883588502461517,0.0032512103257994283,-0.0004895051857370714,9.785313752914693,0.0
309,101.01692376235668,101.1080091039926,100.55642491976671,101.00907174479107,96.91318128089458,104.45021676525013,100.0,58.76890848511185,1.0580163554594197,0.2883588502461517,0.0032512103257994283,-0.0004895051857370714,9.785313752914693,0.0
310,101.11359079381276,101.1080091039926,100.81025002143133,101.00907174479107,96.91318128089458,104.45021676525013,100.0,58.76890848511185,1.0580163554594197,0.2883588502461517,0.0032512103257994283,-0.0004895051857370714,9.785313752914693,0.0
311,101.1191163129108,101.1080091039926,100.69542231349149,101.00907174479107,96.91318128089458,104.45021676525013,100.0,58.76890848511185,1.0580163554594197,0.2883588502461517,0.0032512103257994283,-0.0004895051857370714,9.785313752914693,0.0
312,101.15108828357016,101.1080091039926,100.84763501871946,101.00907174479107,96.91318128089458,104.45021676525013,100.0,58.76890848511185,1.0580163554594197,0.2883588502461517,0.0032512103257994283,-0.0004895051857370714,9.785313752914693,0.0
313,101.33164075393043,101.1080091039926,101.02764583166864,101.00907174479107,96.91318128089458,104.45021676525013,100.0,58.76890848511185,1.0580163554594197,0.2883588502461517,0.0032512103257994283,-0.0004895051857370714,9.785313752914693,0.0
314,101.2495980911355,101.1080091039926,101.02764583166864,101.00907174479107,96.91318128089458,104.45021676525013,100.0,58.76890848511185,1.0580163554594197,0.2883588502461517,0.0032512103257994283,-0.0004895051857370714,9.785313752914693,0.0
315,101.2548775332308,101.1080091039926,100.76730921360632,101.00907174479107,96.91318128089458,104.45021676525013,100.0,58.76890848511185,1.0580163554594197,0.2883588502461517,0.0032512103257994283,-0.0004895051857370714,9.785313752914693,0.0
316,101.25068948797951,101.1080091039926,100.68622010797236,101.00907174479107,96.91318128089458,104.45021676525013,100.0,58.76890848511185,1.0580163554594197,0.2883588502461517,0.0032512103257994283,-0.0004895051857370714,9.785313752914693,0.0
317,101.14332849204332,101.1080091039926,100.8398985065672,101.00907174479107,96.91318128089458,104.45021676525013,100.0,58.76890848511185,1.0580163554594197,0.2883588502461517,0.0032512103257994283,-0.0004895051857370714,9.785313752914693,0.0
318,101.02836489991923,101.1080091039926,100.8398985065672,101.00907174479107,96.91318128089458,104.45021676525013,100.0,58.76890848511185,1.0580163554594197,0.2883588502461517,0.0032512103257994283,-0.0004895051857370714,9.785313752914693,0.0
319,100.98399831078208,100.98530219925092,100.27627801129226,100.99711111812871,94.84550961491128,106.72727505286112,100.0,58.76890848511185,0.9806477742953935,0.25952296522153656,0.00306315351640877,5.846508457763208e-05,0.0,1.1692333322266268
320,101.09074999784211,100.98530219925092,100.78747774784861,100.99711111812871,94.84550961491128,106.72727505286112,100.0,58.76890848511185,0.9806477742953935,0.25952296522153656,0.00306315351640877,5.846508457763208e-05,0.0,1.1692333322266268
321,101.15279945129807,100.98530219925092,100.8131285993183,100.99711111812871,94.84550961491128,106.72727505286112,100.0,58.76890848511185,0.9806477742953935,0.25952296522153656,0.00306315351640877,5.846508457763208e-05,0.0,1.1692333322266268
322,101.07396909278012,100.98530219925092,100.63455083930889,100.99711111812871,94.84550961491128,106.72727505286112,100.0,58.76890848511185,0.9806477742953935,0.25952296522153656,0.00306315351640877,5.846508457763208e-05,0.0,1.1692333322266268
323,101.14551278474461,100.80233884332496,100.14713290954204,100.97950383507711,93.80665652759821,107.48213997874393,100.0,58.76890848511185,0.9221959523517621,0.23357066869938292,0.002984724649997583,0.0008780026458303015,0.0,17.544648668654794
324,101.07875455311324,100.80233884332496,100.7755182894539,100.97950383507711,93.80665652759821,107.48213997874393,100.0,58.76890848511185,0.9221959523517621,0.23357066869938292,0.002984724649997583,0.0008780026458303015,0.0,17.544648668654794
325,101.12507442184261,100.80233884332496,100.71015106939409,100.97950383507711,93.80665652759821,107.48213997874393,100.0,58.76890848511185,0.9221959523517621,0.23357066869938292,0.002984724649997583,0.0008780026458303015,0.0,17.544648668654794
326,101.3081508740114,100.80233884332496,101.00422642138938,100.97950383507711,93.80665652759821,107.48213997874393,100.0,58.76890848511185,0.9221959523517621,0.23357066869938292,0.002984724649997583,0.0008780026458303015,0.0,17.544648668654794
327,101.31444922010142,100.80233884332496,100.80369743033634,100.97950383507711,93.80665652759821,107.48213997874393,100.0,58.76890848511185,0.9221959523517621,0.23357066869938292,0.002984724649997583,0.0008780026458303015,0.0,17.544648668654794
328,101.32208686132071,100.80233884332496,101.01812060073676,100.97950383507711,93.80665652759821,107.48213997874393,100.0,58.76890848511185,0.9221959523517621,0.23357066869938292,0.002984724649997583,0.0008780026458303015,0.0,17.544648668654794
329,101.28319370279858,100.80233884332496,100.1003096565,100.97950383507711,93.80665652759821,107.48213997874393,100.0,58.76890848511185,0.9221959523517621,0.23357066869938292,0.002984724649997583,0.0008780026458303015,0.0,17.544648668654794
330,101.22310044478398,100.80233884332496,100.91943114344961,100.97950383507711,93.80665652759821,107.48213997874393,100.0,58.76890848511185,0.9221959523517621,0.23357066869938292,0.002984724649997583,0.0008780026458303015,0.0,17.544648668654794
331,101.11267439445265,100.80233884332496,100.91943114344961,100.97950383507711,93.80665652759821,107.48213997874393,100.0,58.76890848511185,0.9221959523517621,0.23357066869938292,0.002984724649997583,0.0008780026458303015,0.0,17.544648668654794
332,100.91289033393517,100.80233884332496,100.91943114344961,100.97950383507711,93.80665652759821,107.48213997874393,100.0,58.76890848511185,0.9221959523517621,0.23357066869938292,0.002984724649997583,0.0008780026458303015,0.0,17.544648668654794
333,100.85562711049131,100.80233884332496,100.70521645108961,100.97950383507711,93.80665652759821,107.48213997874393,100.0,58.76890848511185,0.9221959523517621,0.23357066869938292,0.002984724649997583,0.0008780026458303015,0.0,17.544648668654794
334,100.69271371791321,100.80233884332496,100.29617975403836,100.97950383507711,93.80665652759821,107.48213997874393,100.0,58.76890848511185,0.9221959523517621,0.23357066869938292,0.002984724649997583,0.0008780026458303015,0.0,17.544648668654794
335,100.76352575605688,100.80233884332496,100.64300194982698,100.97950383507711,93.80665652759821,107.48213997874393,100.0,58.76890848511185,0.9221959523517621,0.23357066869938292,0.002984724649997583,0.0008780026458303015,0.0,17.544648668654794
336,100.88370152353487,100.80233884332496,100.64300194982698,100.97950383507711,93.80665652759821,107.48213997874393,100.0,58.76890848511185,0.9221959523517621,0.23357066869938292,0.002984724649997583,0.0008780026458303015,0.0,17.544648668654794
337,100.85251700414751,100.80233884332496,100.70551942216947,100.97950383507711,93.80665652759821,107.48213997874393,100.0,58.76890848511185,0.9221959523517621,0.23357066869938292,0.002984724649997583,0.0008780026458303015,0.0,17.544648668654794
338,100.91625610222562,100.80233884332496,100.67795807886748,100.97950383507711,93.80665652759821,107.48213997874393,100.0,58.76890848511185,0.9221959523517621,0.23357066869938292,0.002984724649997583,0.0008780026458303015,0.0,17.544648668654794
339,100.8546897592763,100.80233884332496,100.76502856017011,100.97950383507711,93.80665652759821,107.48213997874393,100.0,58.76890848511185,0.9221959523517621,0.23357066869938292,0.002984724649997583,0.0008780026458303015,0.0,17.544648668654794
340,100.69366684787514,100.80233884332496,100.76502856017011,100.97950383507711,93.80665652759821,107.48213997874393,100.0,58.76890848511185,0.9221959523517621,0.23357066869938292,0.002984724649997583,0.0008780026458303015,0.0,17.544648668654794
341,100.78481763465507,100.90992179629397,101.20194481423542,100.95451215157414,93.90677322363118,107.4890609434817,100.0,58.76890848511185,1.0910784515735028,0.12141937641668722,0.0026021600016432863,0.0002208925782917793,0.0,4.416875910726592
342,100.6914246984561,100.90992179629397,100.99440792222279,100.95451215157414,93.90677322363118,107.4890609434817,100.0,58.76890848511185,1.0910784515735028,0.12141937641668722,0.0026021600016432863,0.0002208925782917793,0.0,4.416875910726592
343,100.81343153493322,100.90992179629397,100.99440792222279,100.95451215157414,93.90677322363118,107.4890609434817,100.0,58.76890848511185,1.0910784515735028,0.12141937641668722,0.0026021600016432863,0.0002208925782917793,0.0,4.416875910726592
344,100.88266312703445,102.43272979283611,102.72915966174905,100.97623545987436,95.3238983452133,108.46236727160891,100.0,58.76890848511185,1.0304588421142893,0.1092774387750185,0.003305295905922615,-0.007160423490440815,142.19032685230948,0.0
345,100.8379058018919,101.85647050696153,101.14132979126569,101.1177011924249,100.8379058018919,102.45860856599421,100.0,58.76890848511185,1.0280221347451461,0.19834969489751664,0.0035437465762447585,-0.003639720799702434,72.53042549576038,0.0
346,100.66952865873661,101.61744607217969,101.63380027262097,101.05884982003228,100.66952865873661,102.28752520537878,97.0,58.76890848511185,1.218108683893117,0.21167119130990142,0.0036476342564247992,-0.002756100557731164,54.97050690987049,0.0
347,100.57855144774581,101.56371952715928,100.88119503284435,100.95683080029606,100.57855144774581,102.16412694987713,97.0,58.76890848511185,1.2006599891816678,0.2905040721789113,0.0037883785480764182,-0.0029966772551325146,59.75448021090956,0.0
348,100.56585163598817,101.37353224974015,100.69228584445106,100.94736744127087,100.56585163598817,102.15122693131481,94.0,58.76890848511185,1.341993608236765,0.27470478537037535,0.003811820511357941,-0.0021063805524794026,42.03906078949604,0.0
349,100.63788622578282,101.37353224974015,100.69228584445106,100.94736744127087,100.56585163598817,102.15122693131481,94.0,58.76890848511185,1.341993608236765,0.27470478537037535,0.003811820511357941,-0.0021063805524794026,42.03906078949604,0.0
350,100.4953131737545,101.37353224974015,100.69228584445106,100.94736744127087,100.56585163598817,102.15122693131481,94.0,58.76890848511185,1.341993608236765,0.27470478537037535,0.003811820511357941,-0.0021063805524794026,42.03906078949604,0.0
351,100.57533666056004,101.37353224974015,100.70538068143519,100.94736744127087,100.56585163598817,102.15122693131481,94.0,58.76890848511185,1.341993608236765,0.27470478537037535,0.003811820511357941,-0.0021063805524794026,42.03906078949604,0.0
352,100.62975901385911,101.37353224974015,100.70538068143519,100.94736744127087,100.56585163598817,102.15122693131481,94.0,58.76890848511185,1.341993608236765,0.27470478537037535,0.003811820511357941,-0.0021063805524794026,42.03906078949604,0.0
353,100.84205552224287,101.37353224974015,100.70538068143519,100.94736744127087,100.56585163598817,102.15122693131481,94.0,58.76890848511185,1.341993608236765,0.27470478537037535,0.003811820511357941,-0.0021063805524794026,42.03906078949604,0.0
354,100.97019307184227,101.37353224974015,100.70538068143519,100.94736744127087,100.56585163598817,102.15122693131481,94.0,58.76890848511185,1.341993608236765,0.27470478537037535,0.003811820511357941,-0.0021063805524794026,42.03906078949604,0.0
355,101.04417915015478,101.37353224974015,100.74104661270434,100.94736744127087,100.56585163598817,102.15122693131481,94.0,58.76890848511185,1.341993608236765,0.27470478537037535,0.003811820511357941,-0.0021063805524794026,42.03906078949604,0.0
356,101.14612020626116,101.37353224974015,100.84268184564239,100.94736744127087,100.56585163598817,102.15122693131481,94.0,58.76890848511185,1.341993608236765,0.27470478537037535,0.003811820511357941,-0.0021063805524794026,42.03906078949604,0.0
357,101.25810710357855,101.37353224974015,100.8743820382777,100.94736744127087,100.56585163598817,102.15122693131481,94.0,58.76890848511185,1.341993608236765,0.27470478537037535,0.003811820511357941,-0.0021063805524794026,42.03906078949604,0.0
358,101.2951471830346,101.37353224974015,100.9912617414855,100.94736744127087,100.56585163598817,102.15122693131481,94.0,58.76890848511185,1.341993608236765,0.27470478537037535,0.003811820511357941,-0.0021063805524794026,42.03906078949604,0.0
359,101.34791018405711,101.37353224974015,101.24799780974438,100.94736744127087,100.56585163598817,102.15122693131481,94.0,58.76890848511185,1.341993608236765,0.27470478537037535,0.003811820511357941,-0.0021063805524794026,42.03906078949604,0.0
360,101.27983764799365,101.37353224974015,101.24799780974438,100.94736744127087,100.56585163598817,102.15122693131481,94.0,58.76890848511185,1.341993608236765,0.27470478537037535,0.003811820511357941,-0.0021063805524794026,42.03906078949604,0.0
361,101.44234733749418,101.37353224974015,101.24799780974438,100.94736744127087,100.56585163598817,102.15122693131481,94.0,58.76890848511185,1.341993608236765,0.27470478537037535,0.003811820511357941,-0.0021063805524794026,42.03906078949604,0.0
362,101.5830572346097,101.37353224974015,101.36447921434394,100.94736744127087,100.56585163598817,102.15122693131481,94.0,58.76890848511185,1.341993608236765,0.27470478537037535,0.003811820511357941,-0.0021063805524794026,42.03906078949604,0.0
363,101.54158889674797,101.37353224974015,101.40679272844646,100.94736744127087,100.56585163598817,102.15122693131481,94.0,58.76890848511185,1.341993608236765,0.27470478537037535,0.003811820511357941,-0.0021063805524794026,42.03906078949604,0.0
364,101.55045814445347,101.37353224974015,101.40679272844646,100.94736744127087,100.56585163598817,102.15122693131481,94.0,58.76890848511185,1.341993608236765,0.27470478537037535,0.003811820511357941,-0.0021063805524794026,42.03906078949604,0.0
365,101.47924696034352,101.37353224974015,101.40679272844646,100.94736744127087,100.56585163598817,102.15122693131481,94.0,58.76890848511185,1.341993608236765,0.27470478537037535,0.003811820511357941,-0.0021063805524794026,42.03906078949604,0.0
366,101.5052381428791,104.84448703196374,105.14789628025747,100.96358802993403,97.56827963194543,105.50926412068762,100.0,58.76890848511185,1.1767035021595915,0.18789807319333676,0.0063873821980086265,-0.018856884021010795,370.15766034951713,0.0
367,101.55712045823832,102.58294995781651,101.8627085839903,101.10503604368239,101.55712045823833,103.18938269664996,100.0,58.76890848511185,1.1625672219868244,0.2691082658740031,0.0068748473797532305,-0.0072557736130948935,144.07013199969842,0.0
368,101.5936754953425,102.58294995781651,101.8627085839903,101.10503604368239,101.55712045823833,103.18938269664996,100.0,58.76890848511185,1.1625672219868244,0.2691082658740031,0.0068748473797532305,-0.0072557736130948935,144.07013199969842,0.0
369,101.59198549154502,102.49684732877841,101.7772104869515,101.24668222333376,101.47187885549062,103.10277106047988,100.0,58.76890848511185,1.1095618442278785,0.34219743928660284,0.007198682720103739,-0.006135974517536222,121.97107891860237,0.0
370,101.50937397750853,102.49684732877841,102.27137967548464,101.24668222333376,101.47187885549062,103.10277106047988,100.0,58.76890848511185,1.1095618442278785,0.34219743928660284,0.007198682720103739,-0.006135974517536222,121.97107891860237,0.0
371,101.33711391595804,102.06729543801121,101.35067450715252,101.40058907515427,101.33711391595804,102.96584013080434,100.0,52.76890848511185,1.3916288319459822,0.23564791683874764,0.0069149784327955325,-0.0032767154602907664,65.32027325656497,0.0
372,101.26882261674662,102.06729543801121,101.35067450715252,101.40058907515427,101.33711391595804,102.96584013080434,100.0,52.76890848511185,1.3916288319459822,0.23564791683874764,0.0069149784327955325,-0.0032767154602907664,65.32027325656497,0.0
373,101.17067015679872,102.29027708146165,102.52441640489317,101.42293850883864,99.37436620587053,104.99952320874516,100.0,49.76890848511185,1.3202985253903037,0.21208312515487288,0.007011000225179637,-0.004257645092439034,84.79188808260818,0.0
374,101.23101467328136,102.25355017503166,101.77570225384552,101.56503006363108,101.23101467328136,102.76500036489497,100.0,49.76890848511185,1.2946746433590794,0.29087481263938564,0.006995714086599806,-0.003378102774508373,67.33459231704208,0.0
375,101.18780200659998,102.20990101676766,101.49227884312938,101.55370102379412,101.1878020066,102.72113288296158,100.0,49.76890848511185,1.2711006718903533,0.36178733137544705,0.00696242039418217,-0.003220398473535673,64.2012159727956,0.0
376,101.22305688848581,102.20990101676766,101.49227884312938,101.55370102379412,101.1878020066,102.72113288296158,100.0,49.76890848511185,1.2711006718903533,0.36178733137544705,0.00696242039418217,-0.003220398473535673,64.2012159727956,0.0
377,101.302569064968,102.0567317012668,101.34018493907136,101.41162531856017,101.03616438425414,102.5671974476012,100.0,49.76890848511185,1.2094126181391252,0.4256085982379023,0.006925142317631711,-0.00317054893525167,63.21056651068746,0.0
378,101.26381713946078,101.88937732133581,101.17400556481688,101.2697483801443,100.87048354812245,102.39900599717981,100.0,49.76890848511185,1.1926596086879953,0.4830477384141121,0.006875631137770442,-0.003049968536003562,60.81389026820094,0.0
379,101.37480793639126,101.88937732133581,101.17400556481688,101.2697483801443,100.87048354812245,102.39900599717981,100.0,49.76890848511185,1.1926596086879953,0.4830477384141121,0.006875631137770442,-0.003049968536003562,60.81389026820094,0.0
380,101.39053960688615,101.88937732133581,101.17400556481688,101.2697483801443,100.87048354812245,102.39900599717981,100.0,49.76890848511185,1.1926596086879953,0.4830477384141121,0.006875631137770442,-0.003049968536003562,60.81389026820094,0.0
381,101.46282658975863,101.88937732133581,101.17400556481688,101.2697483801443,100.87048354812245,102.39900599717981,100.0,49.76890848511185,1.1926596086879953,0.4830477384141121,0.006875631137770442,-0.003049968536003562,60.81389026820094,0.0
382,101.53223535739465,101.88937732133581,101.2276386513225,101.2697483801443,100.87048354812245,102.39900599717981,100.0,49.76890848511185,1.1926596086879953,0.4830477384141121,0.006875631137770442,-0.003049968536003562,60.81389026820094,0.0
383,101.48663848887014,101.88937732133581,101.2276386513225,101.2697483801443,100.87048354812245,102.39900599717981,100.0,49.76890848511185,1.1926596086879953,0.4830477384141121,0.006875631137770442,-0.003049968536003562,60.81389026820094,0.0
384,101.51067691241947,101.88937732133581,101.2276386513225,101.2697483801443,100.87048354812245,102.39900599717981,100.0,49.76890848511185,1.1926596086879953,0.4830477384141121,0.006875631137770442,-0.003049968536003562,60.81389026820094,0.0
385,101.55499448971001,101.85498929412219,101.21665535209229,101.20106787756436,100.83643940118097,102.36444596847561,100.0,49.76890848511185,1.108675411421527,0.5347429645727009,0.006849542422282554,-0.003220398473535561,64.20121597279227,0.0
386,101.45687583820889,101.62593851687545,100.91241638084925,101.06241582870507,100.66658559128987,102.19201830989911,97.0,46.76890848511185,1.275985475236088,0.4417641877677274,0.006566209830696187,-0.002780242061710104,55.45067493539557,0.0
387,101.57880858955515,101.62593851687545,101.27407216378647,101.06241582870507,100.66658559128987,102.19201830989911,97.0,46.76890848511185,1.275985475236088,0.4417641877677274,0.006566209830696187,-0.002780242061710104,55.45067493539557,0.0
388,101.73732128421148,101.62593851687545,101.46492743988154,101.06241582870507,100.66658559128987,102.19201830989911,97.0,46.76890848511185,1.275985475236088,0.4417641877677274,0.006566209830696187,-0.002780242061710104,55.45067493539557,0.0
389,101.66487009418775,101.62593851687545,101.61934474737312,101.06241582870507,100.66658559128987,102.19201830989911,97.0,46.76890848511185,1.275985475236088,0.4417641877677274,0.006566209830696187,-0.002780242061710104,55.45067493539557,0.0
390,101.8881875553925,101.62593851687545,101.36787512578918,101.06241582870507,100.66658559128987,102.19201830989911,97.0,46.76890848511185,1.275985475236088,0.4417641877677274,0.006566209830696187,-0.002780242061710104,55.45067493539557,0.0
391,101.98785561248526,101.62593851687545,101.68189204564783,101.06241582870507,100.66658559128987,102.19201830989911,97.0,46.76890848511185,1.275985475236088,0.4417641877677274,0.006566209830696187,-0.002780242061710104,55.45067493539557,0.0
392,102.07399411362766,101.62593851687545,101.76777213128678,101.06241582870507,100.66658559128987,102.19201830989911,97.0,46.76890848511185,1.275985475236088,0.4417641877677274,0.006566209830696187,-0.002780242061710104,55.45067493539557,0.0
393,102.25119671919943,102.04286365182013,102.18398320180506,101.0761373989764,97.2289777752934,105.80509837010963,97.0,40.76890848511186,1.153990034172274,0.30216670443312554,0.006476543319219685,-0.004759408267284496,94.73727199015957,0.0
394,102.23767650786455,102.04286365182013,102.18398320180506,101.0761373989764,97.2289777752934,105.80509837010963,97.0,40.76890848511186,1.153990034172274,0.30216670443312554,0.006476543319219685,-0.004759408267284496,94.73727199015957,0.0
395,102.19704143978713,102.04286365182013,101.89152262811672,101.0761373989764,97.2289777752934,105.80509837010963,97.0,40.76890848511186,1.153990034172274,0.30216670443312554,0.006476543319219685,-0.004759408267284496,94.73727199015957,0.0
396,102.20958354530747,102.04286365182013,101.83567244630889,101.0761373989764,97.2289777752934,105.80509837010963,97.0,40.76890848511186,1.153990034172274,0.30216670443312554,0.006476543319219685,-0.004759408267284496,94.73727199015957,0.0
397,102.37785686457752,102.04286365182013,102.0707232939838,101.0761373989764,97.2289777752934,105.80509837010963,97.0,40.76890848511186,1.153990034172274,0.30216670443312554,0.006476543319219685,-0.004759408267284496,94.73727199015957,0.0
398,102.20370004739607,102.04286365182013,102.03218856214117,101.0761373989764,97.2289777752934,105.80509837010963,97.0,40.76890848511186,1.153990034172274,0.30216670443312554,0.006476543319219685,-0.004759408267284496,94.73727199015957,0.0
399,102.2193585262966,102.04286365182013,102.03218856214117,101.0761373989764,97.2289777752934,105.80509837010963,97.0,40.76890848511186,1.153990034172274,0.30216670443312554,0.006476543319219685,-0.004759408267284496,94.73727199015957,0.0
400,102.19885143175809,102.21437591069213,102.32490023229185,101.09604312736468,95.1495226764969,108.79076654586703,100.0,37.76890848511186,1.0730994028670635,0.271950033989813,0.006748031438729136,-0.0055006171775097605,109.41051817452419,0.0
401,102.16169376722355,102.21437591069213,102.32490023229185,101.09604312736468,95.1495226764969,108.79076654586703,100.0,37.76890848511186,1.0730994028670635,0.271950033989813,0.006748031438729136,-0.0055006171775097605,109.41051817452419,0.0
402,102.06488405347912,102.5285765271041,102.6085320231,101.12374978573565,95.41309331612307,109.09232090720762,100.0,40.76890848511186,1.0272514506376984,0.2447550305908317,0.0071709421242836715,-0.0068981620136782185,137.0180674455246,0.0
403,102.00108828620067,102.5285765271041,102.30801232317017,101.12374978573565,95.41309331612307,109.09232090720762,100.0,40.76890848511186,1.0272514506376984,0.2447550305908317,0.0071709421242836715,-0.0068981620136782185,137.0180674455246,0.0
404,102.06811780730358,101.55473072940389,100.84170854775309,100.98227559107933,100.53918342210984,101.97045313661509,100.0,40.76890848511186,0.9850713345866826,0.32027952753174854,0.007079857192052013,-0.002826422433729159,56.36912571309827,0.0
405,102.13608597893192,101.71968830470166,101.82967772099515,100.99036551636485,99.12560842642293,103.42459687546311,100.0,42.76890848511186,0.986265627819748,0.2882515747785737,0.007086811056756698,-0.003597861944137211,71.69927479055205,0.0
406,102.19072162947931,101.75366306733943,101.88414946459089,100.99821336312105,97.73054901598059,104.90093624524121,100.0,42.76890848511186,0.9873643775941682,0.25942641730071636,0.0071087222208968265,-0.0037259813202147295,74.24299837917702,0.0
407,102.22511889390151,101.7879132184162,101.2930308932424,101.00582635715266,96.35090079603097,106.40301239363315,100.0,42.76890848511186,0.9883752273866347,0.23348377557064473,0.007144988758936844,-0.003856563140954889,76.83494400610557,0.0
408,101.99712842576369,101.7879132184162,101.58530545567463,101.00582635715266,96.35090079603097,106.40301239363315,100.0,42.76890848511186,0.9883752273866347,0.23348377557064473,0.007144988758936844,-0.003856563140954889,76.83494400610557,0.0
409,101.87340299317404,101.7879132184162,101.58530545567463,101.00582635715266,96.35090079603097,106.40301239363315,100.0,42.76890848511186,0.9883752273866347,0.23348377557064473,0.007144988758936844,-0.003856563140954889,76.83494400610557,0.0
410,101.81745840412619,101.7879132184162,101.58530545567463,101.00582635715266,96.35090079603097,106.40301239363315,100.0,42.76890848511186,0.9883752273866347,0.23348377557064473,0.007144988758936844,-0.003856563140954889,76.83494400610557,0.0
411,101.91024090474355,101.7879132184162,101.60451018202933,101.00582635715266,96.35090079603097,106.40301239363315,100.0,42.76890848511186,0.9883752273866347,0.23348377557064473,0.007144988758936844,-0.003856563140954889,76.83494400610557,0.0
412,101.84968419466502,101.79412881199522,101.92466710152331,101.01518652365083,94.72961627244275,108.36524285618326,100.0,42.76890848511186,0.925305209195704,0.21013539801358025,0.0071771831259407745,-0.003840761885395981,76.52133747154011,0.0
413,101.65203250242827,101.79412881199522,101.92466710152331,101.01518652365083,94.72961627244275,108.36524285618326,100.0,42.76890848511186,0.925305209195704,0.21013539801358025,0.0071771831259407745,-0.003840761885395981,76.52133747154011,0.0
414,101.59269322958076,100.57813620173152,100.53876802651064,100.98785141809546,93.59801354933136,107.07075430305737,100.0,42.76890848511186,0.8912807924600478,0.18912185821222222,0.00699047173145341,0.0020326604761150857,0.0,40.57074297656782
415,101.5724710112695,101.16002781825951,101.2897529522542,101.12707148406187,100.12667607314532,101.5724710112695,100.0,42.76890848511186,1.1199830966693303,0.20535935101716002,0.006191420680959424,-0.00016291861572632614,3.257841551491669,0.0
416,101.44840692247345,101.16002781825951,101.2897529522542,101.12707148406187,100.12667607314532,101.5724710112695,100.0,42.76890848511186,1.1199830966693303,0.20535935101716002,0.006191420680959424,-0.00016291861572632614,3.257841551491669,0.0
417,101.38192292598356,101.16002781825951,101.2897529522542,101.12707148406187,100.12667607314532,101.5724710112695,100.0,42.76890848511186,1.1199830966693303,0.20535935101716002,0.006191420680959424,-0.00016291861572632614,3.257841551491669,0.0
418,101.19176089001964,101.17271632843725,101.30245773386558,101.2582765360258,100.16098916515287,101.60727957258335,100.0,42.76890848511186,1.0570511156024505,0.284823415915444,0.005870655072391049,0.00042266357724104575,0.0,8.44970016432356
419,101.05624010043184,101.30648951939835,101.43640247227974,101.39216285691371,100.29342462420436,101.74162735434277,100.0,42.76890848511186,1.0524870263542545,0.3563410743238996,0.00556913540033681,0.0004226635772413519,0.0,8.44970016432911
420,101.05284515254482,101.50720504527689,101.63737539081671,101.53421129561924,100.4921329948241,101.94320500583423,100.0,42.76890848511186,1.0482880642459143,0.42070696689150966,0.005250948305936066,0.00013300857937778202,0.0,2.659817808968734
421,101.09264747527212,101.50720504527689,101.39683798923981,101.53421129561924,100.4921329948241,101.94320500583423,100.0,42.76890848511186,1.0482880642459143,0.42070696689150966,0.005250948305936066,0.00013300857937778202,0.0,2.659817808968734
422,101.17659661635942,101.50720504527689,101.39683798923981,101.53421129561924,100.4921329948241,101.94320500583423,100.0,42.76890848511186,1.0482880642459143,0.42070696689150966,0.005250948305936066,0.00013300857937778202,0.0,2.659817808968734
423,101.22170650629313,101.50720504527689,101.39683798923981,101.53421129561924,100.4921329948241,101.94320500583423,100.0,42.76890848511186,1.0482880642459143,0.42070696689150966,0.005250948305936066,0.00013300857937778202,0.0,2.659817808968734
424,101.2861339695189,101.50720504527689,101.25198008957837,101.53421129561924,100.4921329948241,101.94320500583423,100.0,42.76890848511186,1.0482880642459143,0.42070696689150966,0.005250948305936066,0.00013300857937778202,0.0,2.659817808968734
425,101.29752990776439,101.50720504527689,101.25198008957837,101.53421129561924,100.4921329948241,101.94320500583423,100.0,42.76890848511186,1.0482880642459143,0.42070696689150966,0.005250948305936066,0.00013300857937778202,0.0,2.659817808968734
426,101.15934860778107,101.50720504527689,101.25198008957837,101.53421129561924,100.4921329948241,101.94320500583423,100.0,42.76890848511186,1.0482880642459143,0.42070696689150966,0.005250948305936066,0.00013300857937778202,0.0,2.659817808968734
427,101.18266649268911,101.50720504527689,101.25198008957837,101.53421129561924,100.4921329948241,101.94320500583423,100.0,42.76890848511186,1.0482880642459143,0.42070696689150966,0.005250948305936066,0.00013300857937778202,0.0,2.659817808968734
428,101.10570610472992,101.50720504527689,101.25198008957837,101.53421129561924,100.4921329948241,101.94320500583423,100.0,42.76890848511186,1.0482880642459143,0.42070696689150966,0.005250948305936066,0.00013300857937778202,0.0,2.659817808968734
429,101.03745419257183,101.50720504527689,101.11074007640417,101.53421129561924,100.4921329948241,101.94320500583423,100.0,42.76890848511186,1.0482880642459143,0.42070696689150966,0.005250948305936066,0.00013300857937778202,0.0,2.659817808968734
430,101.08496592133602,101.50720504527689,101.11074007640417,101.53421129561924,100.4921329948241,101.94320500583423,100.0,42.76890848511186,1.0482880642459143,0.42070696689150966,0.005250948305936066,0.00013300857937778202,0.0,2.659817808968734
431,101.33427940017495,101.50720504527689,101.11074007640417,101.53421129561924,100.4921329948241,101.94320500583423,100.0,42.76890848511186,1.0482880642459143,0.42070696689150966,0.005250948305936066,0.00013300857937778202,0.0,2.659817808968734
432,101.49854712052426,101.50720504527689,101.19027342982713,101.53421129561924,100.4921329948241,101.94320500583423,100.0,42.76890848511186,1.0482880642459143,0.42070696689150966,0.005250948305936066,0.00013300857937778202,0.0,2.659817808968734
433,101.5532313802643,101.50720504527689,101.24857168612353,101.53421129561924,100.4921329948241,101.94320500583423,100.0,42.76890848511186,1.0482880642459143,0.42070696689150966,0.005250948305936066,0.00013300857937778202,0.0,2.659817808968734
434,101.43925068513555,101.50720504527689,101.24857168612353,101.53421129561924,100.4921329948241,101.94320500583423,100.0,42.76890848511186,1.0482880642459143,0.42070696689150966,0.005250948305936066,0.00013300857937778202,0.0,2.659817808968734
435,101.51813143975555,101.50720504527689,101.15883881896356,101.53421129561924,100.4921329948241,101.94320500583423,100.0,42.76890848511186,1.0482880642459143,0.42070696689150966,0.005250948305936066,0.00013300857937778202,0.0,2.659817808968734
436,101.46595694709781,101.4311785997633,100.71902388542192,101.52462238955067,96.35813766090106,106.31681313120465,100.0,42.76890848511186,0.9694250191062411,0.3786362702023587,0.00499114114920916,0.0004604144810440896,0.0,9.204051942082181
437,101.47875287771359,101.4311785997633,101.17431661908047,101.52462238955067,96.35813766090106,106.31681313120465,100.0,42.76890848511186,0.9694250191062411,0.3786362702023587,0.00499114114920916,0.0004604144810440896,0.0,9.204051942082181
438,101.55071945022854,101.4311785997633,100.97440670269717,101.52462238955067,96.35813766090106,106.31681313120465,100.0,42.76890848511186,0.9694250191062411,0.3786362702023587,0.00499114114920916,0.0004604144810440896,0.0,9.204051942082181
439,101.62116709906604,101.4311785997633,101.31630359776888,101.52462238955067,96.35813766090106,106.31681313120465,100.0,42.76890848511186,0.9694250191062411,0.3786362702023587,0.00499114114920916,0.0004604144810440896,0.0,9.204051942082181
440,101.68541368421985,101.47910376957574,101.60923807873014,101.56492308430327,100.46431273187999,101.91498302781358,100.0,42.76890848511186,0.9118710175777419,0.44077264318212284,0.004742392312545821,0.0004226635772411958,0.0,8.44970016432689
441,101.59438698305662,101.47910376957574,101.45095443300215,101.56492308430327,100.46431273187999,101.91498302781358,100.0,42.76890848511186,0.9118710175777419,0.44077264318212284,0.004742392312545821,0.0004226635772411958,0.0,8.44970016432689
442,101.55907244422005,101.83695667090463,101.96754988182659,101.55356633244115,99.12573090374273,103.29123057779049,100.0,42.76890848511186,0.8789213361715227,0.39669537886391054,0.004625048612409541,-0.001393331086811811,27.827848330078673,0.0
443,101.45245237628455,102.00753760011457,102.1075857104898,101.53970252002657,98.21303584484298,104.25111736842955,94.0,36.76890848511186,1.1111139508366847,0.2713396391429148,0.004443360754026554,-0.002298410333698824,45.86279515166769,0.0
444,101.49731314538566,102.00753760011457,101.8027213093136,101.53970252002657,98.21303584484298,104.25111736842955,94.0,36.76890848511186,1.1111139508366847,0.2713396391429148,0.004443360754026554,-0.002298410333698824,45.86279515166769,0.0
445,101.34514727119318,102.00753760011457,101.87919596546044,101.53970252002657,98.21303584484298,104.25111736842955,94.0,36.76890848511186,1.1111139508366847,0.2713396391429148,0.004443360754026554,-0.002298410333698824,45.86279515166769,0.0
446,101.2075631787765,102.00753760011457,101.55268669932728,101.53970252002657,98.21303584484298,104.25111736842955,94.0,36.76890848511186,1.1111139508366847,0.2713396391429148,0.004443360754026554,-0.002298410333698824,45.86279515166769,0.0
447,101.29544792035617,102.00753760011457,101.39196712440284,101.53970252002657,98.21303584484298,104.25111736842955,94.0,36.76890848511186,1.1111139508366847,0.2713396391429148,0.004443360754026554,-0.002298410333698824,45.86279515166769,0.0
448,101.21111757140332,101.81112891394393,101.15757703325262,101.52910502947329,96.28067633129703,106.34344415840242,94.0,36.76890848511186,1.03822483476975,0.24420567522862333,0.004343193892402272,-0.0013869556408061291,27.700693183456693,0.0
449,101.16466182051171,101.81112891394393,101.15757703325262,101.52910502947329,96.28067633129703,106.34344415840242,94.0,36.76890848511186,1.03822483476975,0.24420567522862333,0.004343193892402272,-0.0013869556408061291,27.700693183456693,0.0
450,100.91513838804468,101.81112891394393,101.16832113316437,101.52910502947329,96.28067633129703,106.34344415840242,94.0,36.76890848511186,1.03822483476975,0.24420567522862333,0.004343193892402272,-0.0013869556408061291,27.700693183456693,0.0
451,100.9599670881122,101.89257768886284,101.96180237384233,101.51940040679412,94.87870021107229,107.9555062736303,91.0,33.76890848511186,0.9818335146548367,0.21978510770576098,0.004302753129558712,-0.0018345885309331155,36.6245795850062,0.0
452,101.03459952370717,101.89257768886284,101.91399437998844,101.51940040679412,94.87870021107229,107.9555062736303,91.0,33.76890848511186,0.9818335146548367,0.21978510770576098,0.004302753129558712,-0.0018345885309331155,36.6245795850062,0.0
453,100.84974318276117,101.77590390832694,101.15320279113459,101.51282424737514,94.79875859179549,108.24799982279781,91.0,33.76890848511186,0.9432868334824498,0.1978065969351849,0.00419988222309762,-0.0012941182884980812,25.848914217334595,0.0
454,100.91595394895411,101.77590390832694,101.15320279113459,101.51282424737514,94.79875859179549,108.24799982279781,91.0,33.76890848511186,0.9432868334824498,0.1978065969351849,0.00419988222309762,-0.0012941182884980812,25.848914217334595,0.0
455,101.11890651632672,101.77590390832694,101.15320279113459,101.51282424737514,94.79875859179549,108.24799982279781,91.0,33.76890848511186,0.9432868334824498,0.1978065969351849,0.00419988222309762,-0.0012941182884980812,25.848914217334595,0.0
456,101.05622610533418,101.77590390832694,101.15320279113459,101.51282424737514,94.79875859179549,108.24799982279781,91.0,33.76890848511186,0.9432868334824498,0.1978065969351849,0.00419988222309762,-0.0012941182884980812,25.848914217334595,0.0
457,101.27606904019501,101.77590390832694,101.15320279113459,101.51282424737514,94.79875859179549,108.24799982279781,91.0,33.76890848511186,0.9432868334824498,0.1978065969351849,0.00419988222309762,-0.0012941182884980812,25.848914217334595,0.0
458,101.32913915460477,101.77590390832694,101.17588173862448,101.51282424737514,94.79875859179549,108.24799982279781,91.0,33.76890848511186,0.9432868334824498,0.1978065969351849,0.00419988222309762,-0.0012941182884980812,25.848914217334595,0.0
459,101.54714105586575,101.48794313320437,101.25540499141796,101.49781798315664,94.53053867965065,107.94172715178799,91.0,33.76890848511186,0.8811572201371871,0.1780259372416664,0.003953727048915616,4.864799332709969e-05,0.0,0.9729125362989421
460,101.47695843030095,101.48794313320437,101.25540499141796,101.49781798315664,94.53053867965065,107.94172715178799,91.0,33.76890848511186,0.8811572201371871,0.1780259372416664,0.003953727048915616,4.864799332709969e-05,0.0,0.9729125362989421
461,101.49299163425125,101.25963257125089,100.64009018540874,101.47640754148259,94.31787971996134,107.69889794840263,91.0,33.76890848511186,0.8506646425262122,0.16022334351749976,0.003844813154861702,0.0010692473331883042,0.0,21.362105289655098
462,101.53500472205964,101.25963257125089,101.23039970789343,101.47640754148259,94.31787971996134,107.69889794840263,91.0,33.76890848511186,0.8506646425262122,0.16022334351749976,0.003844813154861702,0.0010692473331883042,0.0,21.362105289655098
463,101.58355398222017,103.1152949582089,103.15428985071583,101.49588711028544,96.01774175515813,108.87649070467997,100.0,30.768908485111858,0.9496369474768098,0.10959276696596984,0.004398846252127672,-0.00791456181207811,157.04826801686278,0.0
464,101.6120326392673,102.63841680734072,101.91778599725907,101.63808086464292,101.61203263926731,102.95519871607686,100.0,30.768908485111858,0.9536659916786651,0.19863349026937288,0.004722556610662215,-0.00489697030298653,97.46213686981365,0.0
465,101.69269628918595,102.63841680734072,101.91778599725907,101.63808086464292,101.61203263926731,102.95519871607686,100.0,30.768908485111858,0.9536659916786651,0.19863349026937288,0.004722556610662215,-0.00489697030298653,97.46213686981365,0.0
466,101.69721914280827,102.63841680734072,101.91778599725907,101.63808086464292,101.61203263926731,102.95519871607686,100.0,30.768908485111858,0.9536659916786651,0.19863349026937288,0.004722556610662215,-0.00489697030298653,97.46213686981365,0.0
467,101.58512850166196,101.44351927561057,100.73127791660427,101.78425594824591,101.58512850166198,102.92793894416309,100.0,30.768908485111858,0.9764840489619435,0.21186530734425105,0.00473193606997536,0.0016766245276268067,0.0,33.47636326079706
468,101.7291930286007,101.44351927561057,101.42400544951492,101.78425594824591,101.58512850166198,102.92793894416309,100.0,30.768908485111858,0.9764840489619435,0.21186530734425105,0.00473193606997536,0.0016766245276268067,0.0,33.47636326079706
469,101.7657022256013,101.45258026773104,101.46040511892451,101.64185769195615,100.43805446505372,101.7657022256013,100.0,30.768908485111858,0.9383653250449882,0.29067877660982594,0.004559856043246562,0.0009319675424232307,0.0,18.62199575284773
470,101.68264535605854,101.92674970439396,101.93461112740523,101.77135181419862,100.76344745288485,102.09539644441396,100.0,30.768908485111858,1.1537709572522836,0.27482428320112096,0.00407881198708374,-0.0007628833505900023,15.24603606472441,0.0
471,101.64690510818588,101.92674970439396,101.93461112740523,101.77135181419862,100.76344745288485,102.09539644441396,100.0,30.768908485111858,1.1537709572522836,0.27482428320112096,0.00407881198708374,-0.0007628833505900023,15.24603606472441,0.0
472,101.60118505161252,102.02456123045441,101.98800623533351,101.91393148922302,101.00431561814986,102.33944854311841,100.0,30.768908485111858,1.101469280672101,0.3473418548810089,0.003899179219451405,-0.0005424662100620012,10.843442000353365,0.0
473,101.55689257592448,102.08218919999435,102.09006261176849,102.05671091558575,101.06136730799442,102.39725437489314,100.0,30.768908485111858,1.0933517382183329,0.41260766939290805,0.00368020549488189,-0.00012480857099837463,2.495859915258025,0.0
474,101.4304550920778,102.08218919999435,101.73566207831277,102.05671091558575,101.06136730799442,102.39725437489314,100.0,30.768908485111858,1.0933517382183329,0.41260766939290805,0.00368020549488189,-0.00012480857099837463,2.495859915258025,0.0
475,101.38748029596287,102.08218919999435,101.90856655051833,102.05671091558575,101.06136730799442,102.39725437489314,100.0,30.768908485111858,1.0933517382183329,0.41260766939290805,0.00368020549488189,-0.00012480857099837463,2.495859915258025,0.0
476,101.45131880084425,102.08218919999435,101.53382256195555,102.05671091558575,101.06136730799442,102.39725437489314,100.0,30.768908485111858,1.0933517382183329,0.41260766939290805,0.00368020549488189,-0.00012480857099837463,2.495859915258025,0.0
477,101.39003933712192,102.08218919999435,101.53382256195555,102.05671091558575,101.06136730799442,102.39725437489314,100.0,30.768908485111858,1.0933517382183329,0.41260766939290805,0.00368020549488189,-0.00012480857099837463,2.495859915258025,0.0
478,101.39093320135734,102.08218919999435,101.53382256195555,102.05671091558575,101.06136730799442,102.39725437489314,100.0,30.768908485111858,1.0933517382183329,0.41260766939290805,0.00368020549488189,-0.00012480857099837463,2.495859915258025,0.0
479,101.41688464721436,102.08218919999435,101.53382256195555,102.05671091558575,101.06136730799442,102.39725437489314,100.0,30.768908485111858,1.0933517382183329,0.41260766939290805,0.00368020549488189,-0.00012480857099837463,2.495859915258025,0.0
480,101.58551239311525,102.08218919999435,101.53382256195555,102.05671091558575,101.06136730799442,102.39725437489314,100.0,30.768908485111858,1.0933517382183329,0.41260766939290805,0.00368020549488189,-0.00012480857099837463,2.495859915258025,0.0
481,101.60463814687535,101.85068177349893,101.13558170086655,102.04680760771386,98.97918164119348,104.55134467796388,100.0,30.768908485111858,1.0158835991608663,0.37134690245361723,0.003574819340546086,0.000961884497990272,0.0,19.219203306081177
482,101.51047905418099,101.85068177349893,101.70974463308285,102.04680760771386,98.97918164119348,104.55134467796388,100.0,30.768908485111858,1.0158835991608663,0.37134690245361723,0.003574819340546086,0.000961884497990272,0.0,19.219203306081177
483,101.40925351940864,101.85068177349893,101.32066666775029,102.04680760771386,98.97918164119348,104.55134467796388,100.0,30.768908485111858,1.0158835991608663,0.37134690245361723,0.003574819340546086,0.000961884497990272,0.0,19.219203306081177
484,101.39692105641969,101.85068177349893,101.14068026954321,102.04680760771386,98.97918164119348,104.55134467796388,100.0,30.768908485111858,1.0158835991608663,0.37134690245361723,0.003574819340546086,0.000961884497990272,0.0,19.219203306081177
485,101.30942999647337,101.85068177349893,101.14068026954321,102.04680760771386,98.97918164119348,104.55134467796388,100.0,30.768908485111858,1.0158835991608663,0.37134690245361723,0.003574819340546086,0.000961884497990272,0.0,19.219203306081177
486,101.22123140149472,101.85068177349893,101.53670481659204,102.04680760771386,98.97918164119348,104.55134467796388,100.0,30.768908485111858,1.0158835991608663,0.37134690245361723,0.003574819340546086,0.000961884497990272,0.0,19.219203306081177
487,101.07756937910219,101.81890473552858,101.1040277714878,102.03720231725717,97.2608528312686,106.3984762056732,100.0,30.768908485111858,0.9479462445613304,0.33421221220825553,0.0034888312105658473,0.0010708415111255344,0.0,21.39392072411428
488,101.19766637642388,101.81890473552858,101.1040277714878,102.03720231725717,97.2608528312686,106.3984762056732,100.0,30.768908485111858,0.9479462445613304,0.33421221220825553,0.0034888312105658473,0.0010708415111255344,0.0,21.39392072411428
489,101.1527202204988,101.26189413074536,100.94309473639308,102.02788604934756,96.30581179275934,107.45360371376101,97.0,76.07672149864142,0.912110544996424,0.30079099098743,0.0037316611325205074,0.0037679804558970187,0.0,75.07672149864142
490,101.13634610677623,101.26189413074536,100.71623476768256,102.02788604934756,96.30581179275934,107.45360371376101,97.0,76.07672149864142,0.912110544996424,0.30079099098743,0.0037316611325205074,0.0037679804558970187,0.0,75.07672149864142
491,101.0712694011319,101.26189413074536,100.58512033842246,102.02788604934756,96.30581179275934,107.45360371376101,97.0,76.07672149864142,0.912110544996424,0.30079099098743,0.0037316611325205074,0.0037679804558970187,0.0,75.07672149864142
492,101.05766490403906,101.26189413074536,100.75449190932696,102.02788604934756,96.30581179275934,107.45360371376101,97.0,76.07672149864142,0.912110544996424,0.30079099098743,0.0037316611325205074,0.0037679804558970187,0.0,75.07672149864142
493,101.02459706740312,101.26189413074536,100.75449190932696,102.02788604934756,96.30581179275934,107.45360371376101,97.0,76.07672149864142,0.912110544996424,0.30079099098743,0.0037316611325205074,0.0037679804558970187,0.0,75.07672149864142
494,100.91631879841975,101.26189413074536,100.75449190932696,102.02788604934756,96.30581179275934,107.45360371376101,97.0,76.07672149864142,0.912110544996424,0.30079099098743,0.0037316611325205074,0.0037679804558970187,0.0,75.07672149864142
495,101.01838537729704,101.26189413074536,100.75449190932696,102.02788604934756,96.30581179275934,107.45360371376101,97.0,76.07672149864142,0.912110544996424,0.30079099098743,0.0037316611325205074,0.0037679804558970187,0.0,75.07672149864142
496,100.97784906606472,101.26189413074536,100.75449190932696,102.02788604934756,96.30581179275934,107.45360371376101,97.0,76.07672149864142,0.912110544996424,0.30079099098743,0.0037316611325205074,0.0037679804558970187,0.0,75.07672149864142
497,100.86756673364758,101.10065755672655,100.42124491316584,101.99414462468931,94.29415486782888,107.98823610647031,94.0,88.60180020632946,0.8491417013967101,0.270711891888687,0.004035688022644251,0.004399359601358144,0.0,87.60180020632946
498,100.81326110914799,99.50586111456016,98.89704892519322,101.94436590969022,94.10144413893033,106.42809255933302,91.0,100.0,1.0897440849222793,0.1851669340518619,0.004793267858336698,0.012104750792048025,0.0,239.19956472045368
499,100.77779110687653,99.77001319580776,100.4754577335559,101.87881531580693,93.20364749864699,106.82445857328914,91.0,100.0,1.082564558128497,0.16665024064667572,0.005760652944323026,0.01045779504678701,0.0,206.9912290854814
500,100.93146174520913,99.92214712775704,100.53507577817197,101.81544121751969,93.07208425356077,106.98734944992168,91.0,100.0,1.0759593934782175,0.14998521658200814,0.0065412389952679475,0.009384934683179831,0.0,185.95353191249166
501,100.75464906047691,99.92214712775704,100.53507577817197,101.81544121751969,93.07208425356077,106.98734944992168,91.0,100.0,1.0759593934782175,0.14998521658200814,0.0065412389952679475,0.009384934683179831,0.0,185.95353191249166
502,100.79124188502068,99.92214712775704,100.53507577817197,101.81544121751969,93.07208425356077,106.98734944992168,91.0,100.0,1.0759593934782175,0.14998521658200814,0.0065412389952679475,0.009384934683179831,0.0,185.95353191249166
503,100.81914199302514,99.92214712775704,100.53507577817197,101.81544121751969,93.07208425356077,106.98734944992168,91.0,100.0,1.0759593934782175,0.14998521658200814,0.0065412389952679475,0.009384934683179831,0.0,185.95353191249166
504,100.9035215282927,99.92214712775704,100.60081096370783,101.81544121751969,93.07208425356077,106.98734944992168,91.0,100.0,1.0759593934782175,0.14998521658200814,0.0065412389952679475,0.009384934683179831,0.0,185.95353191249166
505,100.84661361366456,99.92214712775704,100.60081096370783,101.81544121751969,93.07208425356077,106.98734944992168,91.0,100.0,1.0759593934782175,0.14998521658200814,0.0065412389952679475,0.009384934683179831,0.0,185.95353191249166
506,100.80389006773261,99.92214712775704,100.60081096370783,101.81544121751969,93.07208425356077,106.98734944992168,91.0,100.0,1.0759593934782175,0.14998521658200814,0.0065412389952679475,0.009384934683179831,0.0,185.95353191249166
507,100.78591296549851,100.19727085882234,100.90573641034936,101.7421347093134,93.32834715236662,107.0775602738669,91.0,100.0,1.010451317902826,0.10258988814209356,0.007217355796447989,0.0076501356738411215,0.0,151.84110839672195
508,100.70892976474227,100.19727085882234,100.90573641034936,101.7421347093134,93.32834715236662,107.0775602738669,91.0,100.0,1.010451317902826,0.10258988814209356,0.007217355796447989,0.0076501356738411215,0.0,151.84110839672195
509,100.62776370013825,100.19727085882234,100.90573641034936,101.7421347093134,93.32834715236662,107.0775602738669,91.0,100.0,1.010451317902826,0.10258988814209356,0.007217355796447989,0.0076501356738411215,0.0,151.84110839672195
510,100.68914314945431,100.19727085882234,100.90573641034936,101.7421347093134,93.32834715236662,107.0775602738669,91.0,100.0,1.010451317902826,0.10258988814209356,0.007217355796447989,0.0076501356738411215,0.0,151.84110839672195
511,100.56948124782268,100.19727085882234,100.87209754044405,101.7421347093134,93.32834715236662,107.0775602738669,91.0,100.0,1.010451317902826,0.10258988814209356,0.007217355796447989,0.0076501356738411215,0.0,151.84110839672195
512,100.55045075811246,100.19727085882234,100.85300978747489,101.7421347093134,93.32834715236662,107.0775602738669,91.0,100.0,1.010451317902826,0.10258988814209356,0.007217355796447989,0.0076501356738411215,0.0,151.84110839672195
513,100.50713522188728,100.19727085882234,100.80956391362815,101.7421347093134,93.32834715236662,107.0775602738669,91.0,100.0,1.010451317902826,0.10258988814209356,0.007217355796447989,0.0076501356738411215,0.0,151.84110839672195
514,100.59537507488446,100.19727085882234,100.66490693927622,101.7421347093134,93.32834715236662,107.0775602738669,91.0,100.0,1.010451317902826,0.10258988814209356,0.007217355796447989,0.0076501356738411215,0.0,151.84110839672195
515,100.63238550511343,102.99785110149277,103.72611873554372,101.77546385476461,95.93693641708101,110.28052744200235,100.0,100.0,0.9396152124706,0.09233089932788421,0.007500658822161239,-0.0059694655379744005,118.68084951827007,0.0
516,100.60384482506947,101.62004527784796,100.90656451862534,101.76529245066308,94.5676141355653,108.80530100456448,97.0,97.0,0.9444459954729519,0.0830978093950958,0.007136317032381331,0.0007141477081746461,0.0,14.272761303717463
517,100.54454206063,101.52937701770173,100.84708331056166,101.75270230906877,94.51186953699221,108.67528995129136,94.0,94.0,0.9488903158351157,0.07478802845558621,0.006839969826770791,0.0010985980274634103,0.0,21.947848685994753
518,100.55970955882434,101.3154795897749,100.69559551204405,101.60957657300703,100.55970955882434,102.47722652984932,88.0,88.0,1.1613236906432791,0.12715501146362096,0.006184292274163875,0.0014492886624913877,0.0,28.943825291981582
519,100.37081467216235,101.26191956432845,100.67283317167738,101.60670618332365,99.32358855638269,103.7525957933512,85.0,85.0,1.1484177953918169,0.11443951031725887,0.006017181671171766,0.001699556142427297,0.0,33.933451043390846
520,100.47081109444444,101.26191956432845,100.67283317167738,101.60670618332365,99.32358855638269,103.7525957933512,85.0,85.0,1.1484177953918169,0.11443951031725887,0.006017181671171766,0.001699556142427297,0.0,33.933451043390846
521,100.40138222630539,101.26191956432845,100.82856370970102,101.60670618332365,99.32358855638269,103.7525957933512,85.0,85.0,1.1484177953918169,0.11443951031725887,0.006017181671171766,0.001699556142427297,0.0,33.933451043390846
522,100.37611791125106,101.47809106178777,101.37215703717192,101.60248741429136,97.27470265248496,105.93792481741649,76.00000000000001,76.00000000000001,1.3399989291124044,0.059490235043323854,0.005354989227023043,0.0006125467705334841,0.0,12.243435733650943
523,100.40187702916349,101.03945655371308,100.60367955954963,101.59914248386981,96.23845168211035,107.07861521166902,70.00000000000001,76.00000000000001,1.4419832315310614,0.04069132076963351,0.005136069256278653,0.0027619907204990495,0.0,55.08766279652355
524,100.30784037459061,99.68449309724807,99.34454597936377,101.58130767793939,95.25493700738168,106.7328915990737,61.000000000000014,100.0,1.7978303902184178,0.021152976188886286,0.005530457901365006,0.009424425676819496,0.0,186.7287027555431
525,100.37169379124987,99.68449309724807,100.2152916701076,101.58130767793939,95.25493700738168,106.7328915990737,61.000000000000014,100.0,1.7978303902184178,0.021152976188886286,0.005530457901365006,0.009424425676819496,0.0,186.7287027555431
526,100.33893025549713,99.77013818885037,100.47558361038769,101.52434676782646,93.77650523703544,106.81475576355265,55.000000000000014,100.0,1.6293230880207368,0.014468635713198221,0.006404335058028806,0.008714638055551487,0.0,172.78698507538715
527,100.3898015177715,99.78682144805589,100.1316905235916,101.38231212979711,99.23799393009158,100.79476913945038,55.000000000000014,100.0,1.5789772409790779,0.1130217721418784,0.006971825816870565,0.007931090885390617,0.0,157.3736728058217
528,100.25305286507268,99.78682144805589,100.1316905235916,101.38231212979711,99.23799393009158,100.79476913945038,55.000000000000014,100.0,1.5789772409790779,0.1130217721418784,0.006971825816870565,0.007931090885390617,0.0,157.3736728058217
529,100.2109860164367,99.78682144805589,100.1316905235916,101.38231212979711,99.23799393009158,100.79476913945038,55.000000000000014,100.0,1.5789772409790779,0.1130217721418784,0.006971825816870565,0.007931090885390617,0.0,157.3736728058217
530,100.0154327507636,99.37884340550387,99.15955207602327,101.33028140171317,96.8699958903582,103.2587087065352,49.000000000000014,100.0,1.4252074014599199,0.07730689214504483,0.007670701033749457,0.00972271688237235,0.0,192.58191818031568
531,99.9960773962218,99.37884340550387,99.56967888842296,101.33028140171317,96.8699958903582,103.2587087065352,49.000000000000014,100.0,1.4252074014599199,0.07730689214504483,0.007670701033749457,0.00972271688237235,0.0,192.58191818031568
532,99.85563160739649,99.37884340550387,99.51495160704091,101.33028140171317,96.8699958903582,103.2587087065352,49.000000000000014,100.0,1.4252074014599199,0.07730689214504483,0.007670701033749457,0.00972271688237235,0.0,192.58191818031568
533,99.88229997733706,99.04193502498812,98.85318911069774,101.29052236201252,94.32985570644917,106.03928748893331,46.000000000000014,100.0,1.337857476009793,0.06957620293054034,0.00855742898496741,0.011224278713262115,0.0,221.99385338224965
534,99.98789374919261,99.04193502498812,99.68793006794505,101.29052236201252,94.32985570644917,106.03928748893331,46.000000000000014,100.0,1.337857476009793,0.06957620293054034,0.00855742898496741,0.011224278713262115,0.0,221.99385338224965
535,100.04585018814306,99.04539168626165,99.09091365292427,101.22521715630629,92.67439591143454,106.04860119943167,43.000000000000014,100.0,1.2708288779290096,0.0626185826374863,0.009350162861656219,0.010884400275420323,0.0,215.3441139749468
536,99.95378498395824,99.04539168626165,99.65392362900636,101.22521715630629,92.67439591143454,106.04860119943167,43.000000000000014,100.0,1.2708288779290096,0.0626185826374863,0.009350162861656219,0.010884400275420323,0.0,215.3441139749468
537,99.88084941730257,99.59478892759603,100.29899450587193,101.17915767455258,93.21653945509492,106.63684471035535,41.000000000000014,100.0,1.2091625676946889,0.05635672437373768,0.009736129525484789,0.007891306485577688,0.0,156.59042666205548
538,99.88505004483798,99.59478892759603,99.83153210682605,101.17915767455258,93.21653945509492,106.63684471035535,41.000000000000014,100.0,1.2091625676946889,0.05635672437373768,0.009736129525484789,0.007891306485577688,0.0,156.59042666205548
539,100.01820248442701,99.72666277368428,100.4318007932962,101.03760596312632,99.31778345631217,100.7340028017013,41.000000000000014,100.0,1.1524295622791139,0.15072105193636393,0.009935544508048249,0.006529763476789785,0.0,129.7480454871891
540,100.0360702940463,99.72666277368428,100.33708153866229,101.03760596312632,99.31778345631217,100.7340028017013,41.000000000000014,100.0,1.1524295622791139,0.15072105193636393,0.009935544508048249,0.006529763476789785,0.0,129.7480454871891
541,100.193785756607,99.72666277368428,100.33708153866229,101.03760596312632,99.31778345631217,100.7340028017013,41.000000000000014,100.0,1.1524295622791139,0.15072105193636393,0.009935544508048249,0.006529763476789785,0.0,129.7480454871891
542,100.14562919445858,99.72666277368428,100.33708153866229,101.03760596312632,99.31778345631217,100.7340028017013,41.000000000000014,100.0,1.1524295622791139,0.15072105193636393,0.009935544508048249,0.006529763476789785,0.0,129.7480454871891
543,100.1936959783551,99.72666277368428,100.33708153866229,101.03760596312632,99.31778345631217,100.7340028017013,41.000000000000014,100.0,1.1524295622791139,0.15072105193636393,0.009935544508048249,0.006529763476789785,0.0,129.7480454871891
544,100.1918303340588,99.80417849853045,100.50986460912613,100.8962522854401,99.39498136668648,100.81230151366712,41.000000000000014,100.0,1.0762351972967847,0.23564894674272754,0.009992375796336885,0.00544131262022623,0.0,108.23729942120441
545,100.26312447899777,99.80417849853045,100.50986460912613,100.8962522854401,99.39498136668648,100.81230151366712,41.000000000000014,100.0,1.0762351972967847,0.23564894674272754,0.009992375796336885,0.00544131262022623,0.0,108.23729942120441
546,100.03923922642697,99.80417849853045,100.46126641666308,100.8962522854401,99.39498136668648,100.81230151366712,41.000000000000014,100.0,1.0762351972967847,0.23564894674272754,0.009992375796336885,0.00544131262022623,0.0,108.23729942120441
547,100.02376242507167,99.80417849853045,100.32473663497662,100.8962522854401,99.39498136668648,100.81230151366712,41.000000000000014,100.0,1.0762351972967847,0.23564894674272754,0.009992375796336885,0.00544131262022623,0.0,108.23729942120441
548,99.89636940328089,99.80417849853045,100.19696028413331,100.8962522854401,99.39498136668648,100.81230151366712,41.000000000000014,100.0,1.0762351972967847,0.23564894674272754,0.009992375796336885,0.00544131262022623,0.0,108.23729942120441
549,100.00593691591234,99.80417849853045,100.25833339843774,100.8962522854401,99.39498136668648,100.81230151366712,41.000000000000014,100.0,1.0762351972967847,0.23564894674272754,0.009992375796336885,0.00544131262022623,0.0,108.23729942120441
550,100.02648508545548,99.80417849853045,100.25833339843774,100.8962522854401,99.39498136668648,100.81230151366712,41.000000000000014,100.0,1.0762351972967847,0.23564894674272754,0.009992375796336885,0.00544131262022623,0.0,108.23729942120441
551,99.98844901960375,99.80417849853045,100.317210707267,100.8962522854401,99.39498136668648,100.81230151366712,41.000000000000014,100.0,1.0762351972967847,0.23564894674272754,0.009992375796336885,0.00544131262022623,0.0,108.23729942120441
552,99.96018438191376,99.80417849853045,100.26096728376507,100.8962522854401,99.39498136668648,100.81230151366712,41.000000000000014,100.0,1.0762351972967847,0.23564894674272754,0.009992375796336885,0.00544131262022623,0.0,108.23729942120441
553,99.97532127122385,99.80417849853045,100.22608068203901,100.8962522854401,99.39498136668648,100.81230151366712,41.000000000000014,100.0,1.0762351972967847,0.23564894674272754,0.009992375796336885,0.00544131262022623,0.0,108.23729942120441
554,100.12416174478834,99.80417849853045,100.10406474325661,100.8962522854401,99.39498136668648,100.81230151366712,41.000000000000014,100.0,1.0762351972967847,0.23564894674272754,0.009992375796336885,0.00544131262022623,0.0,108.23729942120441
555,100.21904182606082,99.80417849853045,99.7012219460768,100.8962522854401,99.39498136668648,100.81230151366712,41.000000000000014,100.0,1.0762351972967847,0.23564894674272754,0.009992375796336885,0.00544131262022623,0.0,108.23729942120441
556,100.29803467296408,99.80417849853045,99.9971405689452,100.8962522854401,99.39498136668648,100.81230151366712,41.000000000000014,100.0,1.0762351972967847,0.23564894674272754,0.009992375796336885,0.00544131262022623,0.0,108.23729942120441
557,100.30980445009085,99.80417849853045,100.00887503674059,100.8962522854401,99.39498136668648,100.81230151366712,41.000000000000014,100.0,1.0762351972967847,0.23564894674272754,0.009992375796336885,0.00544131262022623,0.0,108.23729942120441
558,100.07639182352872,99.59213041742431,99.48224943100588,100.86041446667589,93.2327745217501,106.63399822471695,44.000000000000014,100.0,0.9958506672273276,0.2120840520684548,0.010152095830815855,0.006327103754082455,0.0,125.74646415622448
559,100.14939670787251,100.07096390124651,100.77853637327557,100.713744939542,99.30563348840496,100.75202962571167,47.00000000000001,100.0,1.1950224388023303,0.22106549161482308,0.009710992310747547,0.003201344574527188,0.0,63.82257344132558
560,100.08999893007771,100.07096390124651,100.07485011286889,100.713744939542,99.30563348840496,100.75202962571167,47.00000000000001,100.0,1.1950224388023303,0.22106549161482308,0.009710992310747547,0.003201344574527188,0.0,63.82257344132558
561,100.11633170170647,100.07096390124651,100.07485011286889,100.713744939542,99.30563348840496,100.75202962571167,47.00000000000001,100.0,1.1950224388023303,0.22106549161482308,0.009710992310747547,0.003201344574527188,0.0,63.82257344132558
562,100.09442420618248,100.07096390124651,100.32426069121169,100.713744939542,99.30563348840496,100.75202962571167,47.00000000000001,100.0,1.1950224388023303,0.22106549161482308,0.009710992310747547,0.003201344574527188,0.0,63.82257344132558
563,100.07810278599992,100.07096390124651,99.9317132238868,100.713744939542,99.30563348840496,100.75202962571167,47.00000000000001,100.0,1.1950224388023303,0.22106549161482308,0.009710992310747547,0.003201344574527188,0.0,63.82257344132558
564,100.06295081780611,99.594849495589,99.39506042939924,100.68769824317805,95.08520871483556,105.2239802851985,53.00000000000001,100.0,1.1120281020845524,0.151208796264539,0.009337888568337692,0.005456535079703914,0.0,108.53845769218329
565,100.07307954460099,99.594849495589,99.52778626259916,100.68769824317805,95.08520871483556,105.2239802851985,53.00000000000001,100.0,1.1120281020845524,0.151208796264539,0.009337888568337692,0.005456535079703914,0.0,108.53845769218329
566,100.21186604505041,99.594849495589,99.9112304469153,100.68769824317805,95.08520871483556,105.2239802851985,53.00000000000001,100.0,1.1120281020845524,0.151208796264539,0.009337888568337692,0.005456535079703914,0.0,108.53845769218329
567,100.38193253084088,99.594849495589,100.08078673324836,100.68769824317805,95.08520871483556,105.2239802851985,53.00000000000001,100.0,1.1120281020845524,0.151208796264539,0.009337888568337692,0.005456535079703914,0.0,108.53845769218329
568,100.32881498910665,99.594849495589,99.76608905139429,100.68769824317805,95.08520871483556,105.2239802851985,53.00000000000001,100.0,1.1120281020845524,0.151208796264539,0.009337888568337692,0.005456535079703914,0.0,108.53845769218329
569,100.44287513342888,99.594849495589,100.16163067757668,100.68769824317805,95.08520871483556,105.2239802851985,53.00000000000001,100.0,1.1120281020845524,0.151208796264539,0.009337888568337692,0.005456535079703914,0.0,108.53845769218329
570,100.47936390080791,99.594849495589,100.24273153289828,100.68769824317805,95.08520871483556,105.2239802851985,53.00000000000001,100.0,1.1120281020845524,0.151208796264539,0.009337888568337692,0.005456535079703914,0.0,108.53845769218329
571,100.42212587416958,99.594849495589,99.81297784936912,100.68769824317805,95.08520871483556,105.2239802851985,53.00000000000001,100.0,1.1120281020845524,0.151208796264539,0.009337888568337692,0.005456535079703914,0.0,108.53845769218329
572,100.32984336435432,99.594849495589,99.97718243113839,100.68769824317805,95.08520871483556,105.2239802851985,53.00000000000001,100.0,1.1120281020845524,0.151208796264539,0.009337888568337692,0.005456535079703914,0.0,108.53845769218329
573,100.49560081446086,99.594849495589,100.19411401201747,100.68769824317805,95.08520871483556,105.2239802851985,53.00000000000001,100.0,1.1120281020845524,0.151208796264539,0.009337888568337692,0.005456535079703914,0.0,108.53845769218329
574,100.45107671232249,99.594849495589,100.16400213085491,100.68769824317805,95.08520871483556,105.2239802851985,53.00000000000001,100.0,1.1120281020845524,0.151208796264539,0.009337888568337692,0.005456535079703914,0.0,108.53845769218329
575,100.40751127797174,99.594849495589,100.16400213085491,100.68769824317805,95.08520871483556,105.2239802851985,53.00000000000001,100.0,1.1120281020845524,0.151208796264539,0.009337888568337692,0.005456535079703914,0.0,108.53845769218329
576,100.4484086069722,99.594849495589,100.16400213085491,100.68769824317805,95.08520871483556,105.2239802851985,53.00000000000001,100.0,1.1120281020845524,0.151208796264539,0.009337888568337692,0.005456535079703914,0.0,108.53845769218329
577,100.44023872514875,99.594849495589,100.16400213085491,100.68769824317805,95.08520871483556,105.2239802851985,53.00000000000001,100.0,1.1120281020845524,0.151208796264539,0.009337888568337692,0.005456535079703914,0.0,108.53845769218329
578,100.36988738828475,99.594849495589,99.86976795137232,100.68769824317805,95.08520871483556,105.2239802851985,53.00000000000001,100.0,1.1120281020845524,0.151208796264539,0.009337888568337692,0.005456535079703914,0.0,108.53845769218329
579,100.28285108303692,100.02824085845212,100.73551124836031,100.66673698105043,99.49809118190232,101.03862712974961,53.00000000000001,100.0,1.0283991872511216,0.23608791663808512,0.009159387603694879,0.0031814255118477893,0.0,63.42672284276985
580,100.11473434033184,100.02824085845212,100.41598228719344,100.66673698105043,99.49809118190232,101.03862712974961,53.00000000000001,100.0,1.0283991872511216,0.23608791663808512,0.009159387603694879,0.0031814255118477893,0.0,63.42672284276985
581,100.10511696850168,100.02824085845212,100.40633597643097,100.66673698105043,99.49809118190232,101.03862712974961,53.00000000000001,100.0,1.0283991872511216,0.23608791663808512,0.009159387603694879,0.0031814255118477893,0.0,63.42672284276985
582,100.04175911610285,99.51086050099595,99.28129683083314,100.65467354452699,96.39066977787999,104.29588836986257,56.00000000000001,100.0,0.9727939189376985,0.21247912497427662,0.009295552087233695,0.005714335632181851,0.0,113.63735068149138
583,99.9968897924165,99.51086050099595,99.69689912303926,100.65467354452699,96.39066977787999,104.29588836986257,56.00000000000001,100.0,0.9727939189376985,0.21247912497427662,0.009295552087233695,0.005714335632181851,0.0,113.63735068149138
584,99.95740071176493,99.51086050099595,99.69689912303926,100.65467354452699,96.39066977787999,104.29588836986257,56.00000000000001,100.0,0.9727939189376985,0.21247912497427662,0.009295552087233695,0.005714335632181851,0.0,113.63735068149138
585,99.98568639433353,99.51086050099595,99.70693282625976,100.65467354452699,96.39066977787999,104.29588836986257,56.00000000000001,100.0,0.9727939189376985,0.21247912497427662,0.009295552087233695,0.005714335632181851,0.0,113.63735068149138
586,99.95033023078125,99.68978002969637,100.39465726222957,100.51385559712809,99.13151726153005,100.69674750474378,56.00000000000001,100.0,0.9149704054226827,0.29123121247684897,0.009231764170737587,0.004116186825736757,0.0,81.98626572785473
587,100.03212682758857,99.68978002969637,100.3331262062072,100.51385559712809,99.13151726153005,100.69674750474378,56.00000000000001,100.0,0.9149704054226827,0.29123121247684897,0.009231764170737587,0.004116186825736757,0.0,81.98626572785473
588,100.14774415316015,99.76622052683543,100.47163824773223,100.39577576192383,99.20752969188514,100.7739601281166,56.00000000000001,100.0,0.8817727729888681,0.3621080912291641,0.009055286996899885,0.0031452285986406227,0.0,62.707343044124954
589,100.17973778054066,99.76622052683543,100.42070785478649,100.39577576192383,99.20752969188514,100.7739601281166,56.00000000000001,100.0,0.8817727729888681,0.3621080912291641,0.009055286996899885,0.0031452285986406227,0.0,62.707343044124954
590,100.20755260874981,99.76622052683543,100.32262291767252,100.39577576192383,99.20752969188514,100.7739601281166,56.00000000000001,100.0,0.8817727729888681,0.3621080912291641,0.009055286996899885,0.0031452285986406227,0.0,62.707343044124954
591,100.18212025749492,99.76622052683543,100.32262291767252,100.39577576192383,99.20752969188514,100.7739601281166,56.00000000000001,100.0,0.8817727729888681,0.3621080912291641,0.009055286996899885,0.0031452285986406227,0.0,62.707343044124954
592,100.24906239593547,99.76622052683543,100.32262291767252,100.39577576192383,99.20752969188514,100.7739601281166,56.00000000000001,100.0,0.8817727729888681,0.3621080912291641,0.009055286996899885,0.0031452285986406227,0.0,62.707343044124954
593,100.27463979225966,99.76622052683543,100.32262291767252,100.39577576192383,99.20752969188514,100.7739601281166,56.00000000000001,100.0,0.8817727729888681,0.3621080912291641,0.009055286996899885,0.0031452285986406227,0.0,62.707343044124954
594,100.32835226827659,99.76622052683543,100.28992795519379,100.39577576192383,99.20752969188514,100.7739601281166,56.00000000000001,100.0,0.8817727729888681,0.3621080912291641,0.009055286996899885,0.0031452285986406227,0.0,62.707343044124954
595,100.31302352879196,99.76622052683543,100.28992795519379,100.39577576192383,99.20752969188514,100.7739601281166,56.00000000000001,100.0,0.8817727729888681,0.3621080912291641,0.009055286996899885,0.0031452285986406227,0.0,62.707343044124954
596,100.28504117279599,99.76622052683543,100.28992795519379,100.39577576192383,99.20752969188514,100.7739601281166,56.00000000000001,100.0,0.8817727729888681,0.3621080912291641,0.009055286996899885,0.0031452285986406227,0.0,62.707343044124954
597,100.20410666792716,99.58466971616126,99.86489087558229,100.38350861124466,93.96122465053425,106.40065280930895,59.00000000000001,100.0,0.8201198400386476,0.3258972821062477,0.008991351937551977,0.003994830086292356,0.0,79.57869834746
598,100.10977552930751,99.58466971616126,100.13851885747897,100.38350861124466,93.96122465053425,106.40065280930895,59.00000000000001,100.0,0.8201198400386476,0.3258972821062477,0.008991351937551977,0.003994830086292356,0.0,79.57869834746
599,100.04395075101436,99.58466971616126,99.78771983910175,100.38350861124466,93.96122465053425,106.40065280930895,59.00000000000001,100.0,0.8201198400386476,0.3258972821062477,0.008991351937551977,0.003994830086292356,0.0,79.57869834746
600,100.16381567032069,99.58466971616126,99.86332422330973,100.38350861124466,93.96122465053425,106.40065280930895,59.00000000000001,100.0,0.8201198400386476,0.3258972821062477,0.008991351937551977,0.003994830086292356,0.0,79.57869834746
601,100.09787284202055,99.58466971616126,99.92033220986173,100.38350861124466,93.96122465053425,106.40065280930895,59.00000000000001,100.0,0.8201198400386476,0.3258972821062477,0.008991351937551977,0.003994830086292356,0.0,79.57869834746
602,100.23615400489639,99.58466971616126,99.9354455428817,100.38350861124466,93.96122465053425,106.40065280930895,59.00000000000001,100.0,0.8201198400386476,0.3258972821062477,0.008991351937551977,0.003994830086292356,0.0,79.57869834746
603,100.05557759909415,99.58466971616126,99.9354455428817,100.38350861124466,93.96122465053425,106.40065280930895,59.00000000000001,100.0,0.8201198400386476,0.3258972821062477,0.008991351937551977,0.003994830086292356,0.0,79.57869834746
604,99.889783832769,99.58466971616126,99.9354455428817,100.38350861124466,93.96122465053425,106.40065280930895,59.00000000000001,100.0,0.8201198400386476,0.3258972821062477,0.008991351937551977,0.003994830086292356,0.0,79.57869834746
605,99.83965515807782,99.58466971616126,99.9354455428817,100.38350861124466,93.96122465053425,106.40065280930895,59.00000000000001,100.0,0.8201198400386476,0.3258972821062477,0.008991351937551977,0.003994830086292356,0.0,79.57869834746
606,99.90671444983408,99.58466971616126,99.80821761701472,100.38350861124466,93.96122465053425,106.40065280930895,59.00000000000001,100.0,0.8201198400386476,0.3258972821062477,0.008991351937551977,0.003994830086292356,0.0,79.57869834746
607,99.70918272126303,99.63034325092559,100.33480022340687,100.25178092360012,99.04252422574513,100.6367103544703,59.00000000000001,100.0,0.7625102528355558,0.3933075538956229,0.008824954514016353,0.003109020755312381,0.0,61.98769407878335
608,99.6137704172033,99.63034325092559,99.81464918314924,100.25178092360012,99.04252422574513,100.6367103544703,59.00000000000001,100.0,0.7625102528355558,0.3933075538956229,0.008824954514016353,0.003109020755312381,0.0,61.98769407878335
609,99.66555157885018,99.63034325092559,99.81464918314924,100.25178092360012,99.04252422574513,100.6367103544703,59.00000000000001,100.0,0.7625102528355558,0.3933075538956229,0.008824954514016353,0.003109020755312381,0.0,61.98769407878335
610,99.6686414009739,99.63034325092559,100.04545059154273,100.25178092360012,99.04252422574513,100.6367103544703,59.00000000000001,100.0,0.7625102528355558,0.3933075538956229,0.008824954514016353,0.003109020755312381,0.0,61.98769407878335
611,99.66735811683075,100.04428458900006,100.61744401067911,100.23929545059977,95.60732872379535,104.25261281043608,59.00000000000001,100.0,0.7215094326087115,0.3539767985060606,0.00841229812839656,0.0009736737358156784,0.0,19.454532349122424
612,99.85338580115612,100.04428458900006,100.00475555997447,100.23929545059977,95.60732872379535,104.25261281043608,59.00000000000001,100.0,0.7215094326087115,0.3539767985060606,0.00841229812839656,0.0009736737358156784,0.0,19.454532349122424
613,99.74772971977387,100.04428458900006,100.00475555997447,100.23929545059977,95.60732872379535,104.25261281043608,59.00000000000001,100.0,0.7215094326087115,0.3539767985060606,0.00841229812839656,0.0009736737358156784,0.0,19.454532349122424
614,99.76531053435367,100.04428458900006,100.08325720166583,100.23929545059977,95.60732872379535,104.25261281043608,59.00000000000001,100.0,0.7215094326087115,0.3539767985060606,0.00841229812839656,0.0009736737358156784,0.0,19.454532349122424
615,99.79740497082167,100.04428458900006,100.08325720166583,100.23929545059977,95.60732872379535,104.25261281043608,59.00000000000001,100.0,0.7215094326087115,0.3539767985060606,0.00841229812839656,0.0009736737358156784,0.0,19.454532349122424
616,99.88755763149273,100.04428458900006,100.12766934084163,100.23929545059977,95.60732872379535,104.25261281043608,59.00000000000001,100.0,0.7215094326087115,0.3539767985060606,0.00841229812839656,0.0009736737358156784,0.0,19.454532349122424
617,99.9285563630804,100.09787537977371,100.61847924535891,100.37901398365476,99.49290177115515,101.09433716620501,59.00000000000001,100.0,0.7628218355066781,0.3181201301781455,0.007683994545254041,0.001402349192336981,0.0,28.007707261082928
618,99.92176654277714,100.09787537977371,100.22243384431006,100.37901398365476,99.49290177115515,101.09433716620501,59.00000000000001,100.0,0.7628218355066781,0.3181201301781455,0.007683994545254041,0.001402349192336981,0.0,28.007707261082928
619,99.82758369772041,100.09787537977371,100.12796760052198,100.37901398365476,99.49290177115515,101.09433716620501,59.00000000000001,100.0,0.7628218355066781,0.3181201301781455,0.007683994545254041,0.001402349192336981,0.0,28.007707261082928
620,99.68139083911545,100.09787537977371,100.17893481199758,100.37901398365476,99.49290177115515,101.09433716620501,59.00000000000001,100.0,0.7628218355066781,0.3181201301781455,0.007683994545254041,0.001402349192336981,0.0,28.007707261082928
621,99.64292463546333,99.90193462829448,100.6083119438481,100.3756673690752,96.48140778971084,104.24981545895226,53.00000000000001,100.0,0.8160009491595923,0.21759416904185153,0.007272599114611114,0.0023653805321023264,0.0,47.19597420347221
622,99.61458391868753,99.90193462829448,99.9143268993857,100.3756673690752,96.48140778971084,104.24981545895226,53.00000000000001,100.0,0.8160009491595923,0.21759416904185153,0.007272599114611114,0.0023653805321023264,0.0,47.19597420347221
623,99.71434862524131,99.90193462829448,99.77351547703645,100.3756673690752,96.48140778971084,104.24981545895226,53.00000000000001,100.0,0.8160009491595923,0.21759416904185153,0.007272599114611114,0.0023653805321023264,0.0,47.19597420347221
624,99.6193628176056,99.90193462829448,99.77351547703645,100.3756673690752,96.48140778971084,104.24981545895226,53.00000000000001,100.0,0.8160009491595923,0.21759416904185153,0.007272599114611114,0.0023653805321023264,0.0,47.19597420347221
625,99.57835020742998,99.90193462829448,99.71856744171332,100.3756673690752,96.48140778971084,104.24981545895226,53.00000000000001,100.0,0.8160009491595923,0.21759416904185153,0.007272599114611114,0.0023653805321023264,0.0,47.19597420347221
626,99.65603207227085,99.90193462829448,99.71856744171332,100.3756673690752,96.48140778971084,104.24981545895226,53.00000000000001,100.0,0.8160009491595923,0.21759416904185153,0.007272599114611114,0.0023653805321023264,0.0,47.19597420347221
627,99.5821300426476,99.90193462829448,99.95025237706403,100.3756673690752,96.48140778971084,104.24981545895226,53.00000000000001,100.0,0.8160009491595923,0.21759416904185153,0.007272599114611114,0.0023653805321023264,0.0,47.19597420347221
628,99.54897718859793,99.90193462829448,99.84852275686853,100.3756673690752,96.48140778971084,104.24981545895226,53.00000000000001,100.0,0.8160009491595923,0.21759416904185153,0.007272599114611114,0.0023653805321023264,0.0,47.19597420347221
629,99.62969401004698,99.90193462829448,99.84852275686853,100.3756673690752,96.48140778971084,104.24981545895226,53.00000000000001,100.0,0.8160009491595923,0.21759416904185153,0.007272599114611114,0.0023653805321023264,0.0,47.19597420347221
630,99.32387286866123,99.74149026039898,99.54140703018756,100.35745543702522,93.36444049654153,106.76156687470758,47.00000000000001,97.0,0.8149400588947012,0.14883441162462646,0.006897286414686814,0.0030783029589655604,0.0,61.37712180364963
631,99.32271468392639,99.74149026039898,99.54140703018756,100.35745543702522,93.36444049654153,106.76156687470758,47.00000000000001,97.0,0.8149400588947012,0.14883441162462646,0.006897286414686814,0.0030783029589655604,0.0,61.37712180364963
632,99.46228841375539,99.47849195343134,99.36873634545866,100.32894354384075,93.26886465325322,106.48005803356278,38.000000000000014,97.0,1.2267207692850135,0.07737008053894583,0.006524884876490081,0.004256356067494913,0.0,84.76632568524933
633,99.47978375860411,99.47849195343134,100.11532475773262,100.32894354384075,93.26886465325322,106.48005803356278,38.000000000000014,97.0,1.2267207692850135,0.07737008053894583,0.006524884876490081,0.004256356067494913,0.0,84.76632568524933
634,99.46180734723916,99.47849195343134,99.69399262147384,100.32894354384075,93.26886465325322,106.48005803356278,38.000000000000014,97.0,1.2267207692850135,0.07737008053894583,0.006524884876490081,0.004256356067494913,0.0,84.76632568524933
635,99.29381004537908,99.47849195343134,99.43630035139769,100.32894354384075,93.26886465325322,106.48005803356278,38.000000000000014,97.0,1.2267207692850135,0.07737008053894583,0.006524884876490081,0.004256356067494913,0.0,84.76632568524933
636,99.22466516563995,99.55425543259005,100.22780234907833,100.20288956269222,99.17594926194622,100.52939052064026,38.000000000000014,97.0,1.1485831077422124,0.16963307248505125,0.0065230467781046565,0.0032471135393804577,0.0,64.73207837947137
637,99.24439065906994,99.06808078492665,98.98858784146834,100.19229609199998,97.89049386514871,101.84949876076763,36.000000000000014,100.0,1.1366964591228355,0.15266976523654613,0.0068087040855089485,0.005641941085797001,0.0,112.20576340929766
638,99.16275404355343,98.79835482986786,98.73889744481475,100.18202149548004,96.5665140979337,103.2459111395296,36.000000000000014,100.0,1.1257607423930087,0.13740278871289152,0.007234649436189468,0.006953784544812596,0.0,138.1152670865826
639,99.28481234450881,98.79835482986786,99.17507715276994,100.18202149548004,96.5665140979337,103.2459111395296,36.000000000000014,100.0,1.1257607423930087,0.13740278871289152,0.007234649436189468,0.006953784544812596,0.0,138.1152670865826
640,99.15125107099522,98.99441398343991,99.69437448635313,100.0418647979669,98.6380340930995,99.9943575590302,36.000000000000014,100.0,1.075699883001568,0.22366250984160238,0.007432089803588324,0.005262612529434236,0.0,104.70124848655172
641,99.11316484668953,98.99441398343991,99.41139904382102,100.0418647979669,98.6380340930995,99.9943575590302,36.000000000000014,100.0,1.075699883001568,0.22366250984160238,0.007432089803588324,0.005262612529434236,0.0,104.70124848655172
642,99.27465887051753,98.99441398343991,99.41139904382102,100.0418647979669,98.6380340930995,99.9943575590302,36.000000000000014,100.0,1.075699883001568,0.22366250984160238,0.007432089803588324,0.005262612529434236,0.0,104.70124848655172
643,98.96121209601424,98.99441398343991,99.14392857281818,100.0418647979669,98.6380340930995,99.9943575590302,36.000000000000014,100.0,1.075699883001568,0.22366250984160238,0.007432089803588324,0.005262612529434236,0.0,104.70124848655172
644,98.95625983466267,98.99441398343991,99.23970257007369,100.0418647979669,98.6380340930995,99.9943575590302,36.000000000000014,100.0,1.075699883001568,0.22366250984160238,0.007432089803588324,0.005262612529434236,0.0,104.70124848655172
645,99.07366687749187,98.99441398343991,99.23970257007369,100.0418647979669,98.6380340930995,99.9943575590302,36.000000000000014,100.0,1.075699883001568,0.22366250984160238,0.007432089803588324,0.005262612529434236,0.0,104.70124848655172
646,99.1657729255758,98.99441398343991,99.08046586957693,100.0418647979669,98.6380340930995,99.9943575590302,36.000000000000014,100.0,1.075699883001568,0.22366250984160238,0.007432089803588324,0.005262612529434236,0.0,104.70124848655172
647,99.14890019925684,99.36293065763456,100.06549683400164,100.03816962422155,99.00522410726707,100.36659662387329,36.000000000000014,100.0,1.0010724637900141,0.30129625885744216,0.007392526193737493,0.003386335208945806,0.0,67.49813287502349
648,99.23791302822005,99.36293065763456,99.38791097454481,100.03816962422155,99.00522410726707,100.36659662387329,36.000000000000014,100.0,1.0010724637900141,0.30129625885744216,0.007392526193737493,0.003386335208945806,0.0,67.49813287502349
649,99.42891402627305,98.86373303565325,99.22043783040962,100.02751379729557,96.95659419953431,102.4872776696397,39.000000000000014,100.0,0.9609866666868131,0.27116663297169796,0.007651143709412291,0.005851342279631769,0.0,116.34606494376199
650,99.30034028885662,98.86373303565325,99.22043783040962,100.02751379729557,96.95659419953431,102.4872776696397,39.000000000000014,100.0,0.9609866666868131,0.27116663297169796,0.007651143709412291,0.005851342279631769,0.0,116.34606494376199
651,99.24393550630892,98.86373303565325,99.22043783040962,100.02751379729557,96.95659419953431,102.4872776696397,39.000000000000014,100.0,0.9609866666868131,0.27116663297169796,0.007651143709412291,0.005851342279631769,0.0,116.34606494376199
652,99.2151070237745,98.86373303565325,99.36574629297304,100.02751379729557,96.95659419953431,102.4872776696397,39.000000000000014,100.0,0.9609866666868131,0.27116663297169796,0.007651143709412291,0.005851342279631769,0.0,116.34606494376199
653,99.17044758432998,98.86373303565325,99.36574629297304,100.02751379729557,96.95659419953431,102.4872776696397,39.000000000000014,100.0,0.9609866666868131,0.27116663297169796,0.007651143709412291,0.005851342279631769,0.0,116.34606494376199
654,99.14410306268753,99.45613027545502,100.15935543901887,100.1247662169348,99.06825136738074,100.46073765197475,39.000000000000014,100.0,0.9001077333518681,0.34404996967452817,0.007594100604200565,0.003350200110486433,0.0,66.7802749252966
655,99.11439195661355,99.45613027545502,99.412629846152,100.1247662169348,99.06825136738074,100.46073765197475,39.000000000000014,100.0,0.9001077333518681,0.34404996967452817,0.007594100604200565,0.003350200110486433,0.0,66.7802749252966
656,99.07376181677587,99.45613027545502,99.64391780040384,100.1247662169348,99.06825136738074,100.46073765197475,39.000000000000014,100.0,0.9001077333518681,0.34404996967452817,0.007594100604200565,0.003350200110486433,0.0,66.7802749252966
657,99.1631713161492,99.45613027545502,99.65201600462625,100.1247662169348,99.06825136738074,100.46073765197475,39.000000000000014,100.0,0.9001077333518681,0.34404996967452817,0.007594100604200565,0.003350200110486433,0.0,66.7802749252966
658,99.06244053229682,99.08387158189365,99.08867778918737,100.11104669231987,96.10416140589804,103.55919519680164,45.000000000000014,100.0,0.9145173094533006,0.2353301792573773,0.0073946198545099505,0.005156633107538465,0.0,102.60357316841717
659,98.88350404275502,99.08387158189365,98.97082700204507,100.11104669231987,96.10416140589804,103.55919519680164,45.000000000000014,100.0,0.9145173094533006,0.2353301792573773,0.0073946198545099505,0.005156633107538465,0.0,102.60357316841717
660,99.0303536626688,99.02466311108853,98.87567916458238,100.10055949997306,94.11500336394286,105.7479599907372,48.000000000000014,100.0,0.8813559246970366,0.21179716133163956,0.007599322719611733,0.005403114556642602,0.0,107.48155597320341
661,98.9892801056064,99.01958565611513,98.84081408722746,100.07144226125213,92.6953981614756,106.02097050048691,51.000000000000014,100.0,0.8908474507212737,0.19061744519847562,0.007777364639084716,0.005283294863360609,0.0,105.11056714771483
662,99.00324160795506,99.01958565611513,98.84081408722746,100.07144226125213,92.6953981614756,106.02097050048691,51.000000000000014,100.0,0.8908474507212737,0.19061744519847562,0.007777364639084716,0.005283294863360609,0.0,105.11056714771483
663,99.01132495621256,99.01958565611513,98.84081408722746,100.07144226125213,92.6953981614756,106.02097050048691,51.000000000000014,100.0,0.8908474507212737,0.19061744519847562,0.007777364639084716,0.005283294863360609,0.0,105.11056714771483
664,99.23959415968257,99.01958565611513,98.94187537720353,100.07144226125213,92.6953981614756,106.02097050048691,51.000000000000014,100.0,0.8908474507212737,0.19061744519847562,0.007777364639084716,0.005283294863360609,0.0,105.11056714771483
665,99.30179263941235,99.01958565611513,99.0038872614941,100.07144226125213,92.6953981614756,106.02097050048691,51.000000000000014,100.0,0.8908474507212737,0.19061744519847562,0.007777364639084716,0.005283294863360609,0.0,105.11056714771483
666,98.99034117256348,98.95880465094496,98.75036584475943,100.03987877532307,92.54686786239162,105.95589184848652,54.000000000000014,100.0,0.8355796546635719,0.17155570067862808,0.007962637481659793,0.005432569229930029,0.0,108.06431771134717
667,98.73824344399716,98.95880465094496,99.27299216052779,100.03987877532307,92.54686786239162,105.95589184848652,54.000000000000014,100.0,0.8355796546635719,0.17155570067862808,0.007962637481659793,0.005432569229930029,0.0,108.06431771134717
668,98.79750263871992,98.95880465094496,99.09478699971908,100.03987877532307,92.54686786239162,105.95589184848652,54.000000000000014,100.0,0.8355796546635719,0.17155570067862808,0.007962637481659793,0.005432569229930029,0.0,108.06431771134717
669,98.85684510325575,98.95880465094496,99.36752349148958,100.03987877532307,92.54686786239162,105.95589184848652,54.000000000000014,100.0,0.8355796546635719,0.17155570067862808,0.007962637481659793,0.005432569229930029,0.0,108.06431771134717
670,98.87883798286552,98.95880465094496,99.02366292316468,100.03987877532307,92.54686786239162,105.95589184848652,54.000000000000014,100.0,0.8355796546635719,0.17155570067862808,0.007962637481659793,0.005432569229930029,0.0,108.06431771134717
671,99.00693443390722,98.95880465094496,99.02366292316468,100.03987877532307,92.54686786239162,105.95589184848652,54.000000000000014,100.0,0.8355796546635719,0.17155570067862808,0.007962637481659793,0.005432569229930029,0.0,108.06431771134717
672,98.93009867523321,98.95880465094496,99.02366292316468,100.03987877532307,92.54686786239162,105.95589184848652,54.000000000000014,100.0,0.8355796546635719,0.17155570067862808,0.007962637481659793,0.005432569229930029,0.0,108.06431771134717
673,98.97191549848006,98.95880465094496,99.02366292316468,100.03987877532307,92.54686786239162,105.95589184848652,54.000000000000014,100.0,0.8355796546635719,0.17155570067862808,0.007962637481659793,0.005432569229930029,0.0,108.06431771134717
674,98.84758741025998,98.95880465094496,99.02366292316468,100.03987877532307,92.54686786239162,105.95589184848652,54.000000000000014,100.0,0.8355796546635719,0.17155570067862808,0.007962637481659793,0.005432569229930029,0.0,108.06431771134717
675,98.84688556274656,98.95880465094496,99.1762890147483,100.03987877532307,92.54686786239162,105.95589184848652,54.000000000000014,100.0,0.8355796546635719,0.17155570067862808,0.007962637481659793,0.005432569229930029,0.0,108.06431771134717
676,98.90946179145254,98.95880465094496,99.2778905649629,100.03987877532307,92.54686786239162,105.95589184848652,54.000000000000014,100.0,0.8355796546635719,0.17155570067862808,0.007962637481659793,0.005432569229930029,0.0,108.06431771134717
677,98.92883127575688,98.95880465094496,99.22651080818143,100.03987877532307,92.54686786239162,105.95589184848652,54.000000000000014,100.0,0.8355796546635719,0.17155570067862808,0.007962637481659793,0.005432569229930029,0.0,108.06431771134717
678,98.90398142775061,98.95880465094496,99.20158618630954,100.03987877532307,92.54686786239162,105.95589184848652,54.000000000000014,100.0,0.8355796546635719,0.17155570067862808,0.007962637481659793,0.005432569229930029,0.0,108.06431771134717
679,98.85220154445803,98.95880465094496,98.95487347997373,100.03987877532307,92.54686786239162,105.95589184848652,54.000000000000014,100.0,0.8355796546635719,0.17155570067862808,0.007962637481659793,0.005432569229930029,0.0,108.06431771134717
680,98.87487274600848,98.95880465094496,98.95487347997373,100.03987877532307,92.54686786239162,105.95589184848652,54.000000000000014,100.0,0.8355796546635719,0.17155570067862808,0.007962637481659793,0.005432569229930029,0.0,108.06431771134717
681,98.8357683565303,98.7808918146564,98.54310431179266,100.00342056304002,92.35262649892582,105.76539931670281,57.000000000000014,100.0,0.7740666156238195,0.15440013061076527,0.008222891692962924,0.0061500262961434295,0.0,122.24869324474419
682,98.8755812699682,98.7808918146564,99.19347879607515,100.00342056304002,92.35262649892582,105.76539931670281,57.000000000000014,100.0,0.7740666156238195,0.15440013061076527,0.008222891692962924,0.0061500262961434295,0.0,122.24869324474419
683,98.84922565123037,98.7808918146564,99.14666564817489,100.00342056304002,92.35262649892582,105.76539931670281,57.000000000000014,100.0,0.7740666156238195,0.15440013061076527,0.008222891692962924,0.0061500262961434295,0.0,122.24869324474419
684,98.77941172547891,98.7808918146564,99.07664165043019,100.00342056304002,92.35262649892582,105.76539931670281,57.000000000000014,100.0,0.7740666156238195,0.15440013061076527,0.008222891692962924,0.0061500262961434295,0.0,122.24869324474419
685,98.57331783430108,98.59323834211774,98.32623559033868,99.96191393373425,92.14938147055359,105.56447741681293,57.000000000000014,100.0,0.732141286373914,0.13896011754968873,0.008556712401851393,0.006893175905679982,0.0,136.91970649179598
686,98.53473339797955,98.59323834211774,98.32623559033868,99.96191393373425,92.14938147055359,105.56447741681293,57.000000000000014,100.0,0.732141286373914,0.13896011754968873,0.008556712401851393,0.006893175905679982,0.0,136.91970649179598
687,98.62005902629865,98.59323834211774,98.54403170682926,99.96191393373425,92.14938147055359,105.56447741681293,57.000000000000014,100.0,0.732141286373914,0.13896011754968873,0.008556712401851393,0.006893175905679982,0.0,136.91970649179598
688,98.52188551452264,98.59323834211774,98.39403752792828,99.96191393373425,92.14938147055359,105.56447741681293,57.000000000000014,100.0,0.732141286373914,0.13896011754968873,0.008556712401851393,0.006893175905679982,0.0,136.91970649179598
689,98.57041220110492,98.59323834211774,98.91496241355179,99.96191393373425,92.14938147055359,105.56447741681293,57.000000000000014,100.0,0.732141286373914,0.13896011754968873,0.008556712401851393,0.006893175905679982,0.0,136.91970649179598
690,98.57705836348678,98.59323834211774,98.7898979197356,99.96191393373425,92.14938147055359,105.56447741681293,57.000000000000014,100.0,0.732141286373914,0.13896011754968873,0.008556712401851393,0.006893175905679982,0.0,136.91970649179598
691,98.55088635742399,98.59323834211774,98.59073207792103,99.96191393373425,92.14938147055359,105.56447741681293,57.000000000000014,100.0,0.732141286373914,0.13896011754968873,0.008556712401851393,0.006893175905679982,0.0,136.91970649179598
692,98.43915328766836,98.59323834211774,99.04745702791219,99.96191393373425,92.14938147055359,105.56447741681293,57.000000000000014,100.0,0.732141286373914,0.13896011754968873,0.008556712401851393,0.006893175905679982,0.0,136.91970649179598
693,98.41872159875153,98.10230459188381,97.83663134975932,99.90670634202702,91.69053416836744,105.03883117918872,57.000000000000014,100.0,0.6835699834640009,0.12506410579471985,0.009136866980827702,0.009112725434225198,0.0,180.60867145053504
694,98.4044535067651,98.10230459188381,98.1092401462448,99.90670634202702,91.69053416836744,105.03883117918872,57.000000000000014,100.0,0.6835699834640009,0.12506410579471985,0.009136866980827702,0.009112725434225198,0.0,180.60867145053504
695,98.44003111022123,98.10230459188381,98.14471101689058,99.90670634202702,91.69053416836744,105.03883117918872,57.000000000000014,100.0,0.6835699834640009,0.12506410579471985,0.009136866980827702,0.009112725434225198,0.0,180.60867145053504
696,98.57175468520344,98.10230459188381,98.33217824872253,99.90670634202702,91.69053416836744,105.03883117918872,57.000000000000014,100.0,0.6835699834640009,0.12506410579471985,0.009136866980827702,0.009112725434225198,0.0,180.60867145053504
697,98.63959442009279,98.10230459188381,98.35049934906584,99.90670634202702,91.69053416836744,105.03883117918872,57.000000000000014,100.0,0.6835699834640009,0.12506410579471985,0.009136866980827702,0.009112725434225198,0.0,180.60867145053504
698,98.65999238853195,98.10230459188381,98.42034953174726,99.90670634202702,91.69053416836744,105.03883117918872,57.000000000000014,100.0,0.6835699834640009,0.12506410579471985,0.009136866980827702,0.009112725434225198,0.0,180.60867145053504
699,98.67157977946943,98.10230459188381,97.98171181040883,99.90670634202702,91.69053416836744,105.03883117918872,57.000000000000014,100.0,0.6835699834640009,0.12506410579471985,0.009136866980827702,0.009112725434225198,0.0,180.60867145053504
700,98.69858761016651,98.10230459188381,98.66701023709614,99.90670634202702,91.69053416836744,105.03883117918872,57.000000000000014,100.0,0.6835699834640009,0.12506410579471985,0.009136866980827702,0.009112725434225198,0.0,180.60867145053504
701,98.78013127576918,98.10230459188381,98.66701023709614,99.90670634202702,91.69053416836744,105.03883117918872,57.000000000000014,100.0,0.6835699834640009,0.12506410579471985,0.009136866980827702,0.009112725434225198,0.0,180.60867145053504
702,98.72244814320443,97.66460622910995,97.40011832858976,99.82615737044797,91.38088486117334,104.57018444732985,57.000000000000014,100.0,0.7199075979115448,0.08554384836358839,0.009912855204918313,0.010945074604708564,0.0,216.5315382537125
703,98.72186300208756,97.73464437206668,98.4256974130813,99.76385419909947,91.34690348519715,104.64517478221282,60.00000000000001,100.0,0.7423149900786212,0.07698946352722955,0.0105510742708562,0.01027455824582683,0.0,203.401306347194
704,98.68731831791992,97.73464437206668,98.4256974130813,99.76385419909947,91.34690348519715,104.64517478221282,60.00000000000001,100.0,0.7423149900786212,0.07698946352722955,0.0105510742708562,0.01027455824582683,0.0,203.401306347194
705,98.64014615202463,97.73464437206668,98.37552049012,99.76385419909947,91.34690348519715,104.64517478221282,60.00000000000001,100.0,0.7423149900786212,0.07698946352722955,0.0105510742708562,0.01027455824582683,0.0,203.401306347194
706,98.73657020568142,97.7492045036246,98.44036049506435,99.62428252618847,97.16270927660284,98.7365702056814,60.00000000000001,100.0,0.7095964575389981,0.1692905171745066,0.011058062289270693,0.009500151468067444,0.0,188.21495874471904
707,98.69821532366896,97.7492045036246,98.44036049506435,99.62428252618847,97.16270927660284,98.7365702056814,60.00000000000001,100.0,0.7095964575389981,0.1692905171745066,0.011058062289270693,0.009500151468067444,0.0,188.21495874471904
708,98.9306834425965,97.94137660817054,98.61702572816614,99.57353267238321,94.17079155672604,101.87354812754891,63.00000000000001,100.0,0.6928287409358783,0.15236146545705595,0.011386216027055338,0.008263457529144464,0.0,163.91464884376484
709,98.95172489371564,97.96220764477849,97.96263703087746,99.43422726318153,97.34504573661637,98.95172489371564,63.00000000000001,100.0,0.7174024416610081,0.23712531891135036,0.011597920567793909,0.007457174285287407,0.0,148.03952913587048
710,98.88397241847666,98.0335433981396,98.72670986661124,99.29511674509712,97.4159320747313,99.023781210242,63.00000000000001,100.0,0.7400102463281274,0.31341278702021536,0.011669246936300646,0.006393259580447068,0.0,127.05290937883196
711,98.86992557089052,98.0335433981396,98.72670986661124,99.29511674509712,97.4159320747313,99.023781210242,63.00000000000001,100.0,0.7400102463281274,0.31341278702021536,0.011669246936300646,0.006393259580447068,0.0,127.05290937883196
712,98.71580834997654,98.0335433981396,98.43722622824659,99.29511674509712,97.4159320747313,99.023781210242,63.00000000000001,100.0,0.7400102463281274,0.31341278702021536,0.011669246936300646,0.006393259580447068,0.0,127.05290937883196
713,98.64916435065288,98.10139690995732,98.7950431507348,99.15620084547331,97.48335810942459,99.09232011106799,63.00000000000001,100.0,0.7074760932885439,0.3820715083181938,0.01161077933607022,0.005347342497923966,0.0,106.37801030313976
714,98.71754931269966,98.10139690995732,98.7950431507348,99.15620084547331,97.48335810942459,99.09232011106799,63.00000000000001,100.0,0.7074760932885439,0.3820715083181938,0.01161077933607022,0.005347342497923966,0.0,106.37801030313976
715,98.65341414789376,98.10139690995732,98.7950431507348,99.15620084547331,97.48335810942459,99.09232011106799,63.00000000000001,100.0,0.7074760932885439,0.3820715083181938,0.01161077933607022,0.005347342497923966,0.0,106.37801030313976
716,98.79660035876161,98.10139690995732,98.7950431507348,99.15620084547331,97.48335810942459,99.09232011106799,63.00000000000001,100.0,0.7074760932885439,0.3820715083181938,0.01161077933607022,0.005347342497923966,0.0,106.37801030313976
717,98.56684968451809,98.12640772078596,98.82023080568035,99.0174792920349,97.508211352145,99.11758355634944,63.00000000000001,100.0,0.6708780058254604,0.44386435748637443,0.011456524827302923,0.004519904648075685,0.0,89.99134068247704
718,98.62380314950327,98.12640772078596,98.82023080568035,99.0174792920349,97.508211352145,99.11758355634944,63.00000000000001,100.0,0.6708780058254604,0.44386435748637443,0.011456524827302923,0.004519904648075685,0.0,89.99134068247704
719,98.68572000793115,98.12640772078596,98.67121643633092,99.0174792920349,97.508211352145,99.11758355634944,63.00000000000001,100.0,0.6708780058254604,0.44386435748637443,0.011456524827302923,0.004519904648075685,0.0,89.99134068247704
720,98.72167891293114,98.12640772078596,98.55362779126207,99.0174792920349,97.508211352145,99.11758355634944,63.00000000000001,100.0,0.6708780058254604,0.44386435748637443,0.011456524827302923,0.004519904648075685,0.0,89.99134068247704
721,98.75421954579605,98.12640772078596,98.55362779126207,99.0174792920349,97.508211352145,99.11758355634944,63.00000000000001,100.0,0.6708780058254604,0.44386435748637443,0.011456524827302923,0.004519904648075685,0.0,89.99134068247704
722,98.62878192947292,98.12640772078596,98.55362779126207,99.0174792920349,97.508211352145,99.11758355634944,63.00000000000001,100.0,0.6708780058254604,0.44386435748637443,0.011456524827302923,0.004519904648075685,0.0,89.99134068247704
723,98.59677950053823,98.12640772078596,98.55362779126207,99.0174792920349,97.508211352145,99.11758355634944,63.00000000000001,100.0,0.6708780058254604,0.44386435748637443,0.011456524827302923,0.004519904648075685,0.0,89.99134068247704
724,98.61475610462769,98.12640772078596,98.55362779126207,99.0174792920349,97.508211352145,99.11758355634944,63.00000000000001,100.0,0.6708780058254604,0.44386435748637443,0.011456524827302923,0.004519904648075685,0.0,89.99134068247704
725,98.4708745865231,98.12640772078596,98.17746639550528,99.0174792920349,97.508211352145,99.11758355634944,63.00000000000001,100.0,0.6708780058254604,0.44386435748637443,0.011456524827302923,0.004519904648075685,0.0,89.99134068247704
726,98.58670588932635,98.12640772078596,98.29094577165837,99.0174792920349,97.508211352145,99.11758355634944,63.00000000000001,100.0,0.6708780058254604,0.44386435748637443,0.011456524827302923,0.004519904648075685,0.0,89.99134068247704
727,98.60116516058842,98.12640772078596,98.30536166510664,99.0174792920349,97.508211352145,99.11758355634944,63.00000000000001,100.0,0.6708780058254604,0.44386435748637443,0.011456524827302923,0.004519904648075685,0.0,89.99134068247704
728,98.66172941456333,98.12640772078596,98.36574422631963,99.0174792920349,97.508211352145,99.11758355634944,63.00000000000001,100.0,0.6708780058254604,0.44386435748637443,0.011456524827302923,0.004519904648075685,0.0,89.99134068247704
729,98.76460591303716,98.12640772078596,98.809850654586,99.0174792920349,97.508211352145,99.11758355634944,63.00000000000001,100.0,0.6708780058254604,0.44386435748637443,0.011456524827302923,0.004519904648075685,0.0,89.99134068247704
730,98.63731855768823,98.12640772078596,98.809850654586,99.0174792920349,97.508211352145,99.11758355634944,63.00000000000001,100.0,0.6708780058254604,0.44386435748637443,0.011456524827302923,0.004519904648075685,0.0,89.99134068247704
731,98.62843791496773,98.12640772078596,98.809850654586,99.0174792920349,97.508211352145,99.11758355634944,63.00000000000001,100.0,0.6708780058254604,0.44386435748637443,0.011456524827302923,0.004519904648075685,0.0,89.99134068247704
732,98.73068971687954,98.12640772078596,98.809850654586,99.0174792920349,97.508211352145,99.11758355634944,63.00000000000001,100.0,0.6708780058254604,0.44386435748637443,0.011456524827302923,0.004519904648075685,0.0,89.99134068247704
733,98.70556195352096,98.12640772078596,98.61485902380002,99.0174792920349,97.508211352145,99.11758355634944,63.00000000000001,100.0,0.6708780058254604,0.44386435748637443,0.011456524827302923,0.004519904648075685,0.0,89.99134068247704
734,98.74350078269873,98.12640772078596,98.58324928014281,99.0174792920349,97.508211352145,99.11758355634944,63.00000000000001,100.0,0.6708780058254604,0.44386435748637443,0.011456524827302923,0.004519904648075685,0.0,89.99134068247704
735,98.76959310177658,98.12640772078596,98.70170191014054,99.0174792920349,97.508211352145,99.11758355634944,63.00000000000001,100.0,0.6708780058254604,0.44386435748637443,0.011456524827302923,0.004519904648075685,0.0,89.99134068247704
736,98.60942860407316,98.12640772078596,98.70170191014054,99.0174792920349,97.508211352145,99.11758355634944,63.00000000000001,100.0,0.6708780058254604,0.44386435748637443,0.011456524827302923,0.004519904648075685,0.0,89.99134068247704
737,98.70786836475257,98.12640772078596,98.70170191014054,99.0174792920349,97.508211352145,99.11758355634944,63.00000000000001,100.0,0.6708780058254604,0.44386435748637443,0.011456524827302923,0.004519904648075685,0.0,89.99134068247704
738,98.63641907387112,98.12640772078596,98.70170191014054,99.0174792920349,97.508211352145,99.11758355634944,63.00000000000001,100.0,0.6708780058254604,0.44386435748637443,0.011456524827302923,0.004519904648075685,0.0,89.99134068247704
739,98.74494600524902,98.12640772078596,98.48547984927131,99.0174792920349,97.508211352145,99.11758355634944,63.00000000000001,100.0,0.6708780058254604,0.44386435748637443,0.011456524827302923,0.004519904648075685,0.0,89.99134068247704
740,98.64738861410767,98.12640772078596,98.26210895877396,99.0174792920349,97.508211352145,99.11758355634944,63.00000000000001,100.0,0.6708780058254604,0.44386435748637443,0.011456524827302923,0.004519904648075685,0.0,89.99134068247704
741,98.7558087836544,98.12640772078596,98.45954135730342,99.0174792920349,97.508211352145,99.11758355634944,63.00000000000001,100.0,0.6708780058254604,0.44386435748637443,0.011456524827302923,0.004519904648075685,0.0,89.99134068247704
742,98.55217275054694,98.12640772078596,98.4308779107683,99.0174792920349,97.508211352145,99.11758355634944,63.00000000000001,100.0,0.6708780058254604,0.44386435748637443,0.011456524827302923,0.004519904648075685,0.0,89.99134068247704
743,98.69961699741117,98.12640772078596,98.4308779107683,99.0174792920349,97.508211352145,99.11758355634944,63.00000000000001,100.0,0.6708780058254604,0.44386435748637443,0.011456524827302923,0.004519904648075685,0.0,89.99134068247704
744,98.58458710106008,98.12640772078596,97.80400381890469,99.0174792920349,97.508211352145,99.11758355634944,63.00000000000001,100.0,0.6708780058254604,0.44386435748637443,0.011456524827302923,0.004519904648075685,0.0,89.99134068247704
745,98.63847954322813,98.12640772078596,98.34256410459845,99.0174792920349,97.508211352145,99.11758355634944,63.00000000000001,100.0,0.6708780058254604,0.44386435748637443,0.011456524827302923,0.004519904648075685,0.0,89.99134068247704
746,98.5213759444757,98.12640772078596,98.30905738841656,99.0174792920349,97.508211352145,99.11758355634944,63.00000000000001,100.0,0.6708780058254604,0.44386435748637443,0.011456524827302923,0.004519904648075685,0.0,89.99134068247704
747,98.53948422910203,98.12640772078596,98.30905738841656,99.0174792920349,97.508211352145,99.11758355634944,63.00000000000001,100.0,0.6708780058254604,0.44386435748637443,0.011456524827302923,0.004519904648075685,0.0,89.99134068247704
748,98.39199155502692,98.12640772078596,98.30905738841656,99.0174792920349,97.508211352145,99.11758355634944,63.00000000000001,100.0,0.6708780058254604,0.44386435748637443,0.011456524827302923,0.004519904648075685,0.0,89.99134068247704
749,98.39534246764225,98.12640772078596,98.30905738841656,99.0174792920349,97.508211352145,99.11758355634944,63.00000000000001,100.0,0.6708780058254604,0.44386435748637443,0.011456524827302923,0.004519904648075685,0.0,89.99134068247704
750,98.39700550090147,98.12640772078596,98.37557913660758,99.0174792920349,97.508211352145,99.11758355634944,63.00000000000001,100.0,0.6708780058254604,0.44386435748637443,0.011456524827302923,0.004519904648075685,0.0,89.99134068247704
751,98.4568370070445,98.12640772078596,98.57281695754952,99.0174792920349,97.508211352145,99.11758355634944,63.00000000000001,100.0,0.6708780058254604,0.44386435748637443,0.011456524827302923,0.004519904648075685,0.0,89.99134068247704
752,98.52348309673788,98.12640772078596,98.64032102047935,99.0174792920349,97.508211352145,99.11758355634944,63.00000000000001,100.0,0.6708780058254604,0.44386435748637443,0.011456524827302923,0.004519904648075685,0.0,89.99134068247704
753,98.37572018134173,98.12640772078596,98.64032102047935,99.0174792920349,97.508211352145,99.11758355634944,63.00000000000001,100.0,0.6708780058254604,0.44386435748637443,0.011456524827302923,0.004519904648075685,0.0,89.99134068247704
754,98.39618726176684,98.12640772078596,98.0484800657982,99.0174792920349,97.508211352145,99.11758355634944,63.00000000000001,100.0,0.6708780058254604,0.44386435748637443,0.011456524827302923,0.004519904648075685,0.0,89.99134068247704
755,98.49169057741143,98.12640772078596,98.26777057153258,99.0174792920349,97.508211352145,99.11758355634944,63.00000000000001,100.0,0.6708780058254604,0.44386435748637443,0.011456524827302923,0.004519904648075685,0.0,89.99134068247704
756,98.27697296742669,98.12640772078596,98.26777057153258,99.0174792920349,97.508211352145,99.11758355634944,63.00000000000001,100.0,0.6708780058254604,0.44386435748637443,0.011456524827302923,0.004519904648075685,0.0,89.99134068247704
757,98.36197823953569,98.12640772078596,98.26777057153258,99.0174792920349,97.508211352145,99.11758355634944,63.00000000000001,100.0,0.6708780058254604,0.44386435748637443,0.011456524827302923,0.004519904648075685,0.0,89.99134068247704
758,98.30277111370803,98.12640772078596,98.45069188417986,99.0174792920349,97.508211352145,99.11758355634944,63.00000000000001,100.0,0.6708780058254604,0.44386435748637443,0.011456524827302923,0.004519904648075685,0.0,89.99134068247704
759,98.26370637660602,97.95415528851919,97.6299339119373,98.98559622943853,91.49682146358943,104.88020667255591,66.0,100.0,0.6191125272641854,0.399477921737737,0.011397620190430151,0.005237342552579056,0.0,104.20111412256072
760,98.27733979748619,97.95415528851919,97.9277436867346,98.98559622943853,91.49682146358943,104.88020667255591,66.0,100.0,0.6191125272641854,0.399477921737737,0.011397620190430151,0.005237342552579056,0.0,104.20111412256072
761,98.25748239011949,97.95415528851919,97.84115098515866,98.98559622943853,91.49682146358943,104.88020667255591,66.0,100.0,0.6191125272641854,0.399477921737737,0.011397620190430151,0.005237342552579056,0.0,104.20111412256072
762,98.14382224534762,97.66938447355498,97.28732770379881,98.9378365489926,91.27413260368104,104.57530054744271,72.0,100.0,0.7364084828981128,0.2732428984686121,0.011147742661799747,0.006451706447201986,0.0,128.206975175722
763,98.20990661233745,97.89254157734075,98.58471106324113,98.7994204916721,97.1877152779839,98.88135512862702,75.0,98.0,0.7574958042662637,0.34591860862175094,0.011032160705648206,0.004610655691223162,0.0,91.7899021895363
764,98.05387425532174,97.42012372058417,96.98041403478416,98.776276776856,95.06681840868474,101.08735255269991,78.0,100.0,0.7768961399249626,0.31132674775957586,0.011199710902029904,0.00691222190026631,0.0,137.29542158543717
765,98.15471637909955,97.43092418398031,98.11982970851352,98.63808674496175,96.67096297534528,98.41507493331346,81.0,100.0,0.7947444487309656,0.3801940729836183,0.011266556566799554,0.006156824861114494,0.0,122.38300648538147
766,98.10956979247821,97.47794007062491,98.16717803072025,98.50009004374911,96.68836875605287,98.46256572790396,84.0,100.0,0.8111648928324884,0.44217466568525643,0.011216445109339881,0.00521563551040729,0.0,103.77147601288384
767,98.22046473527311,97.59581114811864,97.86088761157625,98.36228640274449,96.77600633447445,98.58162742234207,87.0,100.0,0.8262717014058893,0.49795719911673075,0.011012831706401592,0.003911424249395468,0.0,77.92369236797825
768,98.11929645485407,97.59581114811864,97.86088761157625,98.36228640274449,96.77600633447445,98.58162742234207,87.0,100.0,0.8262717014058893,0.49795719911673075,0.011012831706401592,0.003911424249395468,0.0,77.92369236797825
769,98.0483471778357,97.59581114811864,97.86088761157625,98.36228640274449,96.77600633447445,98.58162742234207,87.0,100.0,0.8262717014058893,0.49795719911673075,0.011012831706401592,0.003911424249395468,0.0,77.92369236797825
770,98.15643337190043,97.59581114811864,97.86196407178471,98.36228640274449,96.77600633447445,98.58162742234207,87.0,100.0,0.8262717014058893,0.49795719911673075,0.011012831706401592,0.003911424249395468,0.0,77.92369236797825
771,97.98530402618321,97.59581114811864,97.85758379168885,98.36228640274449,96.77600633447445,98.58162742234207,87.0,100.0,0.8262717014058893,0.49795719911673075,0.011012831706401592,0.003911424249395468,0.0,77.92369236797825
772,98.14960401870944,97.59581114811864,97.9316505727406,98.36228640274449,96.77600633447445,98.58162742234207,87.0,100.0,0.8262717014058893,0.49795719911673075,0.011012831706401592,0.003911424249395468,0.0,77.92369236797825
773,98.1524412959749,97.8881645948353,98.58030313237454,98.33662729754289,96.9499849834186,98.78873979726511,94.99999999999999,100.0,1.0863060735511825,0.3166180703888413,0.00971695319980708,0.002285453832732534,0.0,45.604848877992545
774,98.24199402683384,97.8881645948353,98.21159338856178,98.33662729754289,96.9499849834186,98.78873979726511,94.99999999999999,100.0,1.0863060735511825,0.3166180703888413,0.00971695319980708,0.002285453832732534,0.0,45.604848877992545
775,98.26924873772579,97.8881645948353,97.90767871110455,98.33662729754289,96.9499849834186,98.78873979726511,94.99999999999999,100.0,1.0863060735511825,0.3166180703888413,0.00971695319980708,0.002285453832732534,0.0,45.604848877992545
776,98.27712700532527,97.8881645948353,97.83737090017621,98.33662729754289,96.9499849834186,98.78873979726511,94.99999999999999,100.0,1.0863060735511825,0.3166180703888413,0.00971695319980708,0.002285453832732534,0.0,45.604848877992545
777,98.24346719545292,97.8881645948353,97.94873679386657,98.33662729754289,96.9499849834186,98.78873979726511,94.99999999999999,100.0,1.0863060735511825,0.3166180703888413,0.00971695319980708,0.002285453832732534,0.0,45.604848877992545
778,98.3851324186459,97.8881645948353,98.14340072052401,98.33662729754289,96.9499849834186,98.78873979726511,94.99999999999999,100.0,1.0863060735511825,0.3166180703888413,0.00971695319980708,0.002285453832732534,0.0,45.604848877992545
779,98.46252877764175,97.8881645948353,98.16714119130883,98.33662729754289,96.9499849834186,98.78873979726511,94.99999999999999,100.0,1.0863060735511825,0.3166180703888413,0.00971695319980708,0.002285453832732534,0.0,45.604848877992545
780,98.4142940841858,97.8881645948353,98.16714119130883,98.33662729754289,96.9499849834186,98.78873979726511,94.99999999999999,100.0,1.0863060735511825,0.3166180703888413,0.00971695319980708,0.002285453832732534,0.0,45.604848877992545
781,98.2210610822246,97.8881645948353,98.16714119130883,98.33662729754289,96.9499849834186,98.78873979726511,94.99999999999999,100.0,1.0863060735511825,0.3166180703888413,0.00971695319980708,0.002285453832732534,0.0,45.604848877992545
782,98.3211161602754,97.8881645948353,98.16714119130883,98.33662729754289,96.9499849834186,98.78873979726511,94.99999999999999,100.0,1.0863060735511825,0.3166180703888413,0.00971695319980708,0.002285453832732534,0.0,45.604848877992545
783,98.45091325977366,97.8881645948353,98.16714119130883,98.33662729754289,96.9499849834186,98.78873979726511,94.99999999999999,100.0,1.0863060735511825,0.3166180703888413,0.00971695319980708,0.002285453832732534,0.0,45.604848877992545
784,98.43852545279373,97.8881645948353,98.30193143300816,98.33662729754289,96.9499849834186,98.78873979726511,94.99999999999999,100.0,1.0863060735511825,0.3166180703888413,0.00971695319980708,0.002285453832732534,0.0,45.604848877992545
785,98.48214967338956,97.8881645948353,98.02154012191589,98.33662729754289,96.9499849834186,98.78873979726511,94.99999999999999,100.0,1.0863060735511825,0.3166180703888413,0.00971695319980708,0.002285453832732534,0.0,45.604848877992545
786,98.65228000873844,98.54325650559053,99.20996338086822,98.33141573317764,91.75066983466017,105.28087440390819,94.99999999999999,94.0,0.9992563153034055,0.21656676014596749,0.008652434486960792,-0.001076018413155651,21.497236840440912,0.0
787,98.70723340556037,98.57277982013531,99.20963202167866,98.33317941780872,91.77815810713336,105.47864588062126,94.99999999999999,91.0,0.9993158100791331,0.19491008413137073,0.008279307677806233,-0.001216826566620231,24.30695398504268,0.0
788,98.65566746534907,98.57277982013531,98.95252504047046,98.33317941780872,91.77815810713336,105.47864588062126,94.99999999999999,91.0,0.9993158100791331,0.19491008413137073,0.008279307677806233,-0.001216826566620231,24.30695398504268,0.0
789,98.5112330702899,98.57277982013531,98.170694273425,98.33317941780872,91.77815810713336,105.47864588062126,94.99999999999999,91.0,0.9993158100791331,0.19491008413137073,0.008279307677806233,-0.001216826566620231,24.30695398504268,0.0
790,98.4427911047974,98.57277982013531,98.00956518601826,98.33317941780872,91.77815810713336,105.47864588062126,94.99999999999999,91.0,0.9993158100791331,0.19491008413137073,0.008279307677806233,-0.001216826566620231,24.30695398504268,0.0
791,98.56739923279481,98.57277982013531,98.27169703509644,98.33317941780872,91.77815810713336,105.47864588062126,94.99999999999999,91.0,0.9993158100791331,0.19491008413137073,0.008279307677806233,-0.001216826566620231,24.30695398504268,0.0
792,98.63922857888765,98.57277982013531,98.343310893151,98.33317941780872,91.77815810713336,105.47864588062126,94.99999999999999,91.0,0.9993158100791331,0.19491008413137073,0.008279307677806233,-0.001216826566620231,24.30695398504268,0.0
793,98.7899219802551,98.57277982013531,98.49355221431432,98.33317941780872,91.77815810713336,105.47864588062126,94.99999999999999,91.0,0.9993158100791331,0.19491008413137073,0.008279307677806233,-0.001216826566620231,24.30695398504268,0.0
794,98.68344902480791,98.57277982013531,98.49355221431432,98.33317941780872,91.77815810713336,105.47864588062126,94.99999999999999,91.0,0.9993158100791331,0.19491008413137073,0.008279307677806233,-0.001216826566620231,24.30695398504268,0.0
795,98.79006619685138,98.57277982013531,98.56821528157634,98.33317941780872,91.77815810713336,105.47864588062126,94.99999999999999,91.0,0.9993158100791331,0.19491008413137073,0.008279307677806233,-0.001216826566620231,24.30695398504268,0.0
796,98.8277576920897,98.57277982013531,98.56821528157634,98.33317941780872,91.77815810713336,105.47864588062126,94.99999999999999,91.0,0.9993158100791331,0.19491008413137073,0.008279307677806233,-0.001216826566620231,24.30695398504268,0.0
797,98.70780867952834,98.57277982013531,98.35626727340728,98.33317941780872,91.77815810713336,105.47864588062126,94.99999999999999,91.0,0.9993158100791331,0.19491008413137073,0.008279307677806233,-0.001216826566620231,24.30695398504268,0.0
798,98.59667075953354,98.70779766216285,99.31544481701116,98.33848164439063,91.90386916930996,105.5911449408544,94.99999999999999,88.0,0.9266432725455298,0.17541907571823367,0.008007460716014337,-0.0018742602959666717,37.4150803198181,0.0
799,98.65380391815486,98.70779766216285,98.9506558858123,98.33848164439063,91.90386916930996,105.5911449408544,94.99999999999999,88.0,0.9266432725455298,0.17541907571823367,0.008007460716014337,-0.0018742602959666717,37.4150803198181,0.0
800,98.58498290420823,98.70779766216285,98.88162778757095,98.33848164439063,91.90386916930996,105.5911449408544,94.99999999999999,88.0,0.9266432725455298,0.17541907571823367,0.008007460716014337,-0.0018742602959666717,37.4150803198181,0.0
801,98.61268642449214,98.17544282324894,97.53538226321776,98.3272251162248,91.40820954944239,104.98988033963263,94.99999999999999,85.0,0.879178477408554,0.1578771681464103,0.007619703309630988,0.0007724184845297802,0.0,15.436446294142536
802,98.55324782829479,98.17544282324894,98.25758808480991,98.3272251162248,91.40820954944239,104.98988033963263,94.99999999999999,85.0,0.879178477408554,0.1578771681464103,0.007619703309630988,0.0007724184845297802,0.0,15.436446294142536
803,98.5800093456944,98.17544282324894,98.28426931765732,98.3272251162248,91.40820954944239,104.98988033963263,94.99999999999999,85.0,0.879178477408554,0.1578771681464103,0.007619703309630988,0.0007724184845297802,0.0,15.436446294142536
804,98.74762541096561,98.17544282324894,98.45138253473273,98.3272251162248,91.40820954944239,104.98988033963263,94.99999999999999,85.0,0.879178477408554,0.1578771681464103,0.007619703309630988,0.0007724184845297802,0.0,15.436446294142536
805,98.61888908340416,98.17544282324894,98.45138253473273,98.3272251162248,91.40820954944239,104.98988033963263,94.99999999999999,85.0,0.879178477408554,0.1578771681464103,0.007619703309630988,0.0007724184845297802,0.0,15.436446294142536
806,98.71530184712503,98.17544282324894,98.45138253473273,98.3272251162248,91.40820954944239,104.98988033963263,94.99999999999999,85.0,0.879178477408554,0.1578771681464103,0.007619703309630988,0.0007724184845297802,0.0,15.436446294142536
807,98.71211080760071,98.17544282324894,98.45138253473273,98.3272251162248,91.40820954944239,104.98988033963263,94.99999999999999,85.0,0.879178477408554,0.1578771681464103,0.007619703309630988,0.0007724184845297802,0.0,15.436446294142536
808,98.74876919294728,98.17544282324894,98.45252288536844,98.3272251162248,91.40820954944239,104.98988033963263,94.99999999999999,85.0,0.879178477408554,0.1578771681464103,0.007619703309630988,0.0007724184845297802,0.0,15.436446294142536
809,98.56146503656437,98.17544282324894,98.45252288536844,98.3272251162248,91.40820954944239,104.98988033963263,94.99999999999999,85.0,0.879178477408554,0.1578771681464103,0.007619703309630988,0.0007724184845297802,0.0,15.436446294142536
810,98.72341872487948,98.17544282324894,98.45252288536844,98.3272251162248,91.40820954944239,104.98988033963263,94.99999999999999,85.0,0.879178477408554,0.1578771681464103,0.007619703309630988,0.0007724184845297802,0.0,15.436446294142536
811,98.818038358347,98.17544282324894,98.52158424327197,98.3272251162248,91.40820954944239,104.98988033963263,94.99999999999999,85.0,0.879178477408554,0.1578771681464103,0.007619703309630988,0.0007724184845297802,0.0,15.436446294142536
812,98.8570880806474,98.17544282324894,98.56051681640545,98.3272251162248,91.40820954944239,104.98988033963263,94.99999999999999,85.0,0.879178477408554,0.1578771681464103,0.007619703309630988,0.0007724184845297802,0.0,15.436446294142536
813,98.75278315322805,98.17544282324894,98.56051681640545,98.3272251162248,91.40820954944239,104.98988033963263,94.99999999999999,85.0,0.879178477408554,0.1578771681464103,0.007619703309630988,0.0007724184845297802,0.0,15.436446294142536
814,98.79750571262153,98.17544282324894,97.89990664800165,98.3272251162248,91.40820954944239,104.98988033963263,94.99999999999999,85.0,0.879178477408554,0.1578771681464103,0.007619703309630988,0.0007724184845297802,0.0,15.436446294142536
815,98.7383861969135,98.17544282324894,98.44217103832274,98.3272251162248,91.40820954944239,104.98988033963263,94.99999999999999,85.0,0.879178477408554,0.1578771681464103,0.007619703309630988,0.0007724184845297802,0.0,15.436446294142536
816,98.8057659991805,98.17544282324894,98.50934870118297,98.3272251162248,91.40820954944239,104.98988033963263,94.99999999999999,85.0,0.879178477408554,0.1578771681464103,0.007619703309630988,0.0007724184845297802,0.0,15.436446294142536
817,98.83227031233177,98.17544282324894,98.53577350139479,98.3272251162248,91.40820954944239,104.98988033963263,94.99999999999999,85.0,0.879178477408554,0.1578771681464103,0.007619703309630988,0.0007724184845297802,0.0,15.436446294142536
818,99.00732834803816,98.17544282324894,98.71030636299405,98.3272251162248,91.40820954944239,104.98988033963263,94.99999999999999,85.0,0.879178477408554,0.1578771681464103,0.007619703309630988,0.0007724184845297802,0.0,15.436446294142536
819,98.98633147356313,98.17544282324894,98.71030636299405,98.3272251162248,91.40820954944239,104.98988033963263,94.99999999999999,85.0,0.879178477408554,0.1578771681464103,0.007619703309630988,0.0007724184845297802,0.0,15.436446294142536
820,98.9542854372814,98.17544282324894,98.54700583463608,98.3272251162248,91.40820954944239,104.98988033963263,94.99999999999999,85.0,0.879178477408554,0.1578771681464103,0.007619703309630988,0.0007724184845297802,0.0,15.436446294142536
821,98.88795319117075,98.17544282324894,97.97711128950915,98.3272251162248,91.40820954944239,104.98988033963263,94.99999999999999,85.0,0.879178477408554,0.1578771681464103,0.007619703309630988,0.0007724184845297802,0.0,15.436446294142536
822,98.85102040929469,98.17544282324894,98.41687756537121,98.3272251162248,91.40820954944239,104.98988033963263,94.99999999999999,85.0,0.879178477408554,0.1578771681464103,0.007619703309630988,0.0007724184845297802,0.0,15.436446294142536
823,98.98166841004532,98.17544282324894,98.68472340481516,98.3272251162248,91.40820954944239,104.98988033963263,94.99999999999999,85.0,0.879178477408554,0.1578771681464103,0.007619703309630988,0.0007724184845297802,0.0,15.436446294142536
824,98.82069330482258,98.17785895922226,98.72246634628803,98.31593381916223,91.41045914116307,104.96069641631428,94.99999999999999,82.0,0.812322460085435,0.14208945133176928,0.007246844313764247,0.0007026932402678504,0.0,14.04399618417207
825,98.71378805196639,98.17785895922226,98.67883083878546,98.31593381916223,91.41045914116307,104.96069641631428,94.99999999999999,82.0,0.812322460085435,0.14208945133176928,0.007246844313764247,0.0007026932402678504,0.0,14.04399618417207
826,98.75411418879659,98.2438430102603,98.75893474614792,98.30651783342869,91.47189491156304,104.99946923863271,94.99999999999999,79.00000000000001,0.7873366632786002,0.12788050619859237,0.006850298550524622,0.00031887411907746357,0.0,6.375449415733092
827,98.91819949590847,98.31086280718723,98.79642195218796,98.29895027720383,91.5342950338878,105.0393252450544,94.99999999999999,76.00000000000001,0.8043497302163122,0.11509245557873314,0.006446551401741028,-6.058970199149943e-05,1.211720622038559,0.0
828,98.94536497832598,98.14160686175681,97.5017668972619,98.28608363357465,91.3767059007759,104.8267868535492,91.99999999999999,73.00000000000001,0.8200017517990071,0.10358321002085982,0.00614802090271738,0.000735521409703116,0.0,14.699616311549812
829,98.98355847841692,98.26097850152448,98.57608847125279,98.27718930495911,91.51555884935182,104.92257198712193,91.99999999999999,70.00000000000001,0.8344016116550865,0.09322488901877385,0.0057890374533333296,8.248170630450127e-05,0.0,1.6494980726755593
830,99.01629804034015,98.35659871670923,98.73291272710337,98.26825250284254,91.60461492800455,104.95727592276057,88.99999999999999,65.00000000000001,1.07916659652369,0.06376582408884132,0.00517267767374564,-0.00044931357007371844,8.982235561146856,0.0
831,98.96473297289923,98.44855977948741,98.73785167272777,98.404828630531,97.51230425038555,99.03166287699382,82.99999999999999,59.000000000000014,1.2548099496654002,0.11961582367676746,0.00459420571544476,-0.00022215085709022207,4.442030340957581,0.0
832,98.98948430399729,98.44855977948741,98.73785167272777,98.404828630531,97.51230425038555,99.03166287699382,82.99999999999999,59.000000000000014,1.2548099496654002,0.11961582367676746,0.00459420571544476,-0.00022215085709022207,4.442030340957581,0.0
833,99.04106338104305,98.45672110709489,98.69996998353554,98.54269187236537,97.63953032190601,99.04106338104305,82.99999999999999,59.000000000000014,1.1944251536921682,0.20765424130909071,0.004370921510734022,0.00043640112409590114,0.0,8.724215224588105
834,99.0045474369127,98.45672110709489,98.42215569657013,98.54269187236537,97.63953032190601,99.04106338104305,82.99999999999999,59.000000000000014,1.1944251536921682,0.20765424130909071,0.004370921510734022,0.00043640112409590114,0.0,8.724215224588105
835,99.07051562477136,98.48599958258521,98.0098413225768,98.68074825790735,97.66856578604975,99.07051562477136,82.99999999999999,59.000000000000014,1.138871141396795,0.28688881717818165,0.0042271945667542625,0.0009877359009831694,0.0,19.735224829584563
836,99.1727706181623,98.58765127151514,98.87525230630783,98.81899805774752,97.76937376596157,99.1727706181623,82.99999999999999,59.000000000000014,1.1277614500850515,0.35819993546036355,0.004114194564233606,0.001171930059187142,0.0,23.411164935833728
837,99.20079029465289,98.69966273734505,98.98759053327936,98.85912233839075,97.79699693516953,99.20079029465288,79.99999999999999,56.000000000000014,1.289681616581033,0.32100875585488875,0.0038245602877095175,0.0008071501400688163,0.0,16.129983482949804
838,99.20421228768534,98.69966273734505,98.89649216139674,98.85912233839075,97.79699693516953,99.20079029465288,79.99999999999999,56.000000000000014,1.289681616581033,0.32100875585488875,0.0038245602877095175,0.0008071501400688163,0.0,16.129983482949804
839,99.2151140290159,98.64285817862411,98.14815979257284,98.84822103913635,96.74478032505847,100.27971898655194,76.99999999999999,53.000000000000014,1.2265070872545505,0.2889078802693999,0.003719869785924847,0.0010398589208467552,0.0,20.77557475019698
840,99.26410565456278,98.73800589459361,98.96631333759909,98.95384186689175,97.97772324920523,99.26410565456278,73.99999999999999,50.00000000000002,1.2083865202741866,0.3600170922424599,0.003627691230641261,0.0010917798318044532,0.0,21.811782971346005
841,99.40809919860682,98.91105870261377,99.10987490101101,99.09247426554117,98.17911686821444,99.4080991986068,70.99999999999999,47.00000000000002,1.1917155986522519,0.42401538301821395,0.0035199766517729956,0.0009162238683720056,0.0,18.307703412597796
842,99.38675906713823,97.78307579907379,97.58795150348718,99.10238814357406,98.21731184629607,99.38675906713823,67.99999999999999,100.0,1.335575113592856,0.36602652198445834,0.0036177994843170323,0.006700912896670612,0.0,133.12619092376798
843,99.41296279140329,98.47394175531532,99.17022215156501,99.00771375737857,97.74958509797753,99.41296279140329,67.99999999999999,97.0,1.4388087015142335,0.32636214103736955,0.0036973000831417215,0.002702894102631879,0.0,53.91216318470615
844,99.44328625394397,98.47868637728072,99.17022215156501,98.99478806822842,97.02943190367812,100.15080657039262,67.99999999999999,94.0,1.403704005393095,0.2937259269336326,0.0037890856880971827,0.0026135241322758447,0.0,52.13422858100225
845,99.60655974147545,98.87063462078889,99.47928420317541,98.97900929596807,96.29690535167418,100.91264958860282,67.99999999999999,88.0,1.487697994270085,0.20090853402260472,0.003558956374044567,0.0005477628012551304,0.0,10.949258428633035
846,99.64685592792739,98.87063462078889,99.18418043521437,98.97900929596807,96.29690535167418,100.91264958860282,67.99999999999999,88.0,1.487697994270085,0.20090853402260472,0.003558956374044567,0.0005477628012551304,0.0,10.949258428633035
847,99.61813551425236,98.87063462078889,99.39100443854745,98.97900929596807,96.29690535167418,100.91264958860282,67.99999999999999,88.0,1.487697994270085,0.20090853402260472,0.003558956374044567,0.0005477628012551304,0.0,10.949258428633035
848,99.72909155631332,98.87063462078889,99.42990428164438,98.97900929596807,96.29690535167418,100.91264958860282,67.99999999999999,88.0,1.487697994270085,0.20090853402260472,0.003558956374044567,0.0005477628012551304,0.0,10.949258428633035
849,99.80339295782281,98.92512309979396,99.50398277894932,98.96694825459008,94.93575097667436,102.35949856875256,67.99999999999999,85.0,1.3886821547284782,0.18081768062034426,0.0033707813955421596,0.00021135336302180961,0.0,4.226174044339448
850,99.92002302649966,99.07615515594941,99.59561069820687,98.95222484129701,94.29788816225154,103.05189284302975,67.99999999999999,79.00000000000001,1.4769183142331561,0.12367929354431546,0.00308173596423382,-0.0006258209790642188,12.508591442341732,0.0
851,100.18691274186709,99.39543613120634,99.49258759177057,98.94097039399581,93.71847321375569,103.68901170696873,67.99999999999999,76.00000000000001,1.4387648490945038,0.11131136418988392,0.003171798893195557,-0.002291388379837204,45.72299844940564,0.0
852,100.12052090055383,99.39543613120634,99.82015933785216,98.94097039399581,93.71847321375569,103.68901170696873,67.99999999999999,76.00000000000001,1.4387648490945038,0.11131136418988392,0.003171798893195557,-0.002291388379837204,45.72299844940564,0.0
853,100.01822885154809,99.39543613120634,99.82015933785216,98.94097039399581,93.71847321375569,103.68901170696873,67.99999999999999,76.00000000000001,1.4387648490945038,0.11131136418988392,0.003171798893195557,-0.002291388379837204,45.72299844940564,0.0
854,100.0470141463774,99.39543613120634,99.6236775244723,98.94097039399581,93.71847321375569,103.68901170696873,67.99999999999999,76.00000000000001,1.4387648490945038,0.11131136418988392,0.003171798893195557,-0.002291388379837204,45.72299844940564,0.0
855,100.12159224205078,99.41264808920334,99.32762319505566,98.93446608457434,92.81244355726494,105.01291502903874,67.99999999999999,73.00000000000001,1.3436636611669435,0.10018022777089554,0.003270791623064301,-0.00241083419146728,48.10072096660512,0.0
856,100.24545800036536,99.61823180832273,100.0195137088598,98.94105701412899,93.00437816210456,105.70211753472053,68.9769939599717,67.00000000000001,1.4446130432533986,0.06852327579529255,0.0034211262579472578,-0.00341044127529722,67.9769939599717,0.0
857,100.40838993128207,99.85055432174303,100.19223294965556,98.9638077581472,93.11931764332084,106.42783806464524,89.80737514370907,61.000000000000014,1.5170543198386388,0.0468699206439801,0.0037313847053479722,-0.004460173572568723,88.80737514370907,0.0
858,100.40980595917334,99.85055432174303,100.19223294965556,98.9638077581472,93.11931764332084,106.42783806464524,89.80737514370907,61.000000000000014,1.5170543198386388,0.0468699206439801,0.0037313847053479722,-0.004460173572568723,88.80737514370907,0.0
859,100.5790990090487,99.9655665050935,100.27736171202157,98.98404899231657,93.12373387232572,106.61384494959164,99.18555999749344,58.000000000000014,1.4356899742515479,0.04218292857958209,0.0040995261757494905,-0.00493349791263966,98.18555999749346,0.0
860,100.41051086813454,100.02040618022765,100.30209712501207,99.00346167664752,93.0866472895867,106.64014338266075,100.0,55.000000000000014,1.4008347763114242,0.03796463572162388,0.004466719266316244,-0.005109661039807764,101.6737026390091,0.0
861,100.48883918365617,100.05579206636797,99.39175496948842,99.02277609560021,93.11192009696202,106.64569089024641,100.0,52.000000000000014,1.3687679942065103,0.034168172149461495,0.004821400059879168,-0.005188986339942489,103.24399511849936,0.0
862,100.43297517149682,100.05579206636797,100.19376695828858,99.02277609560021,93.11192009696202,106.64569089024641,100.0,52.000000000000014,1.3687679942065103,0.034168172149461495,0.004821400059879168,-0.005188986339942489,103.24399511849936,0.0
863,100.43115331318079,100.05579206636797,100.19376695828858,99.02277609560021,93.11192009696202,106.64569089024641,100.0,52.000000000000014,1.3687679942065103,0.034168172149461495,0.004821400059879168,-0.005188986339942489,103.24399511849936,0.0
864,100.62417844467231,100.10093271676001,100.26895648136473,99.04240679141316,93.15392798621689,106.66162915135267,100.0,49.000000000000014,1.285933221336656,0.030751354934515345,0.005169969713133918,-0.005315397080118871,105.7458603649597,0.0
865,100.71484622134689,100.23728815204535,100.39840896884591,99.07031907912318,93.2808203542934,106.74254113036777,100.0,43.000000000000014,1.4031856796311846,0.021033926775208496,0.005574257588735026,-0.00585511556299333,116.42065487167285,0.0
866,100.60095418451716,100.55202989323793,100.6529857465444,99.09894700909804,93.57371901864721,106.74415083761419,100.0,37.00000000000002,1.4873260437033382,0.014387205914242612,0.00602797809917889,-0.007278115572911539,144.51054699569087,0.0
867,100.5353508130361,100.55202989323793,100.55024763312942,99.09894700909804,93.57371901864721,106.74415083761419,100.0,37.00000000000002,1.4873260437033382,0.014387205914242612,0.00602797809917889,-0.007278115572911539,144.51054699569087,0.0
868,100.41966585178014,100.55202989323793,100.468784351322,99.09894700909804,93.57371901864721,106.74415083761419,100.0,37.00000000000002,1.4873260437033382,0.014387205914242612,0.00602797809917889,-0.007278115572911539,144.51054699569087,0.0
869,100.26695728712556,100.55202989323793,100.3240308090247,99.09894700909804,93.57371901864721,106.74415083761419,100.0,37.00000000000002,1.4873260437033382,0.014387205914242612,0.00602797809917889,-0.007278115572911539,144.51054699569087,0.0
870,100.09262140627119,100.55202989323793,100.39454554632982,99.09894700909804,93.57371901864721,106.74415083761419,100.0,37.00000000000002,1.4873260437033382,0.014387205914242612,0.00602797809917889,-0.007278115572911539,144.51054699569087,0.0
871,100.07655089254405,100.55202989323793,100.37768394437718,99.09894700909804,93.57371901864721,106.74415083761419,100.0,37.00000000000002,1.4873260437033382,0.014387205914242612,0.00602797809917889,-0.007278115572911539,144.51054699569087,0.0
872,100.01971224525566,100.7429269758081,100.81370891787685,99.13307719366767,93.751367843687,107.1840837040616,100.0,34.00000000000002,1.3816732935404046,0.012948485322818351,0.006632829398221625,-0.00805424237306358,159.79779727136489,0.0
873,99.97252124534032,100.7429269758081,100.33462799305995,99.13307719366767,93.751367843687,107.1840837040616,100.0,34.00000000000002,1.3816732935404046,0.012948485322818351,0.006632829398221625,-0.00805424237306358,159.79779727136489,0.0
874,99.97970868736395,100.74033046290847,100.03302623699034,99.16567019005691,93.74895152878261,107.1490570847712,100.0,34.00000000000002,1.3111394300571724,0.011653636790536517,0.007180119608515843,-0.007877003530199931,156.3088254342504,0.0
875,99.95476244226549,100.74033046290847,100.51359775743614,99.16567019005691,93.74895152878261,107.1490570847712,100.0,34.00000000000002,1.3111394300571724,0.011653636790536517,0.007180119608515843,-0.007877003530199931,156.3088254342504,0.0
876,99.9152581008919,100.74033046290847,100.21590581834693,99.16567019005691,93.74895152878261,107.1490570847712,100.0,34.00000000000002,1.3111394300571724,0.011653636790536517,0.007180119608515843,-0.007877003530199931,156.3088254342504,0.0
877,99.99927748642375,100.74033046290847,100.21590581834693,99.16567019005691,93.74895152878261,107.1490570847712,100.0,34.00000000000002,1.3111394300571724,0.011653636790536517,0.007180119608515843,-0.007877003530199931,156.3088254342504,0.0
878,99.95237493407534,100.74033046290847,100.64709968716204,99.16567019005691,93.74895152878261,107.1490570847712,100.0,34.00000000000002,1.3111394300571724,0.011653636790536517,0.007180119608515843,-0.007877003530199931,156.3088254342504,0.0
879,100.07656825271948,100.86147421132456,100.90195644058858,99.20087219539678,93.86168790105863,107.27790754967293,100.0,31.00000000000002,1.2222482756525987,0.010488273111482866,0.007745386016567734,-0.008300422572030697,164.6418544754258,0.0
880,100.1006775557189,100.86147421132456,100.40188320533491,99.20087219539678,93.86168790105863,107.27790754967293,100.0,31.00000000000002,1.2222482756525987,0.010488273111482866,0.007745386016567734,-0.008300422572030697,164.6418544754258,0.0
881,100.13447917900265,100.86147421132456,100.40188320533491,99.20087219539678,93.86168790105863,107.27790754967293,100.0,31.00000000000002,1.2222482756525987,0.010488273111482866,0.007745386016567734,-0.008300422572030697,164.6418544754258,0.0
882,100.08528799279473,100.86147421132456,100.44050481687064,99.20087219539678,93.86168790105863,107.27790754967293,100.0,31.00000000000002,1.2222482756525987,0.010488273111482866,0.007745386016567734,-0.008300422572030697,164.6418544754258,0.0
883,100.04000889829703,100.86147421132456,100.34103199427987,99.20087219539678,93.86168790105863,107.27790754967293,100.0,31.00000000000002,1.2222482756525987,0.010488273111482866,0.007745386016567734,-0.008300422572030697,164.6418544754258,0.0
884,100.1433154116977,100.86147421132456,100.34103199427987,99.20087219539678,93.86168790105863,107.27790754967293,100.0,31.00000000000002,1.2222482756525987,0.010488273111482866,0.007745386016567734,-0.008300422572030697,164.6418544754258,0.0
885,100.18031964575886,100.86147421132456,100.34103199427987,99.20087219539678,93.86168790105863,107.27790754967293,100.0,31.00000000000002,1.2222482756525987,0.010488273111482866,0.007745386016567734,-0.008300422572030697,164.6418544754258,0.0
886,100.27403360521879,100.91145154801943,100.92157407300165,99.23605684896205,93.90819681058687,107.29876481181724,100.0,28.00000000000002,1.1358969850289622,0.00943944580033458,0.008285182279822785,-0.008370799679076304,166.0262213412056,0.0
887,100.36532613120423,100.91145154801943,100.32163037557464,99.23605684896205,93.90819681058687,107.29876481181724,100.0,28.00000000000002,1.1358969850289622,0.00943944580033458,0.008285182279822785,-0.008370799679076304,166.0262213412056,0.0
888,100.30106478125963,100.62174724207817,99.91527559644672,99.37508462528616,99.61552976965739,100.9042792239051,100.0,28.00000000000002,1.0850252262266453,0.10849550122030113,0.00853609045037388,-0.006233411825337214,123.89594207629418,0.0
889,100.27909057597135,100.62174724207817,99.97825330424342,99.37508462528616,99.61552976965739,100.9042792239051,100.0,28.00000000000002,1.0850252262266453,0.10849550122030113,0.00853609045037388,-0.006233411825337214,123.89594207629418,0.0
890,100.27576373855256,100.52335779250035,99.81757694541155,99.51430717680795,99.51812421457534,100.80561351032928,100.0,28.00000000000002,1.0382232081285137,0.19764595109827104,0.008629246530822634,-0.005044303110852752,100.37971650084354,0.0
891,100.25016374843631,100.52335779250035,99.949413257191,99.51430717680795,99.51812421457534,100.80561351032928,100.0,28.00000000000002,1.0382232081285137,0.19764595109827104,0.008629246530822634,-0.005044303110852752,100.37971650084354,0.0
892,100.14560487639888,100.38062319781821,100.34848468783728,99.65372477640366,99.37681696584002,100.6624781366007,100.0,28.00000000000002,0.9951653514782326,0.277881355988444,0.00854755782164265,-0.0036338680270462057,72.41421683366723,0.0
893,100.1063805626046,100.38062319781821,100.34848468783728,99.65372477640366,99.37681696584002,100.6624781366007,100.0,28.00000000000002,0.9951653514782326,0.277881355988444,0.00854755782164265,-0.0036338680270462057,72.41421683366723,0.0
894,100.13809707036373,100.38062319781821,100.34848468783728,99.65372477640366,99.37681696584002,100.6624781366007,100.0,28.00000000000002,0.9951653514782326,0.277881355988444,0.00854755782164265,-0.0036338680270462057,72.41421683366723,0.0
895,100.1447901500963,100.38062319781821,100.34848468783728,99.65372477640366,99.37681696584002,100.6624781366007,100.0,28.00000000000002,0.9951653514782326,0.277881355988444,0.00854755782164265,-0.0036338680270462057,72.41421683366723,0.0
896,100.27412796726092,100.58848945213869,100.59857958048177,99.6674399390064,96.03652861055302,104.1636636583884,100.0,31.00000000000002,0.9827306562207798,0.19007084749609568,0.00829412552970166,-0.004599362006072063,91.5660945053287,0.0
897,100.23228185988397,101.04714988916429,101.0572860261779,99.68063899909163,94.45659099313762,105.90596759770429,100.0,31.00000000000002,1.1856075189040316,0.13000845968732944,0.008439954147671107,-0.0068077813123991,135.23497610487212,0.0
898,100.1150965044848,101.04714988916429,100.47546030096308,99.68063899909163,94.45659099313762,105.90596759770429,100.0,31.00000000000002,1.1856075189040316,0.13000845968732944,0.008439954147671107,-0.0068077813123991,135.23497610487212,0.0
899,99.93630744847108,100.94576509946575,100.23701850398302,99.82028962631982,99.93630744847108,101.25967007670353,100.0,31.00000000000002,1.1307589173917092,0.2170076137185965,0.008606272571607954,-0.005605905214819044,111.49308463182739,0.0
900,99.95698888298824,100.94576509946575,100.91113303650172,99.82028962631982,99.93630744847108,101.25967007670353,100.0,31.00000000000002,1.1307589173917092,0.2170076137185965,0.008606272571607954,-0.005605905214819044,111.49308463182739,0.0
901,100.01731120266058,100.94576509946575,100.31826600066258,99.82028962631982,99.93630744847108,101.25967007670353,100.0,31.00000000000002,1.1307589173917092,0.2170076137185965,0.008606272571607954,-0.005605905214819044,111.49308463182739,0.0
902,99.91687890101771,100.78320104001557,100.0755958170666,99.96504985387548,99.91687890101771,101.23998425524957,100.0,34.00000000000002,1.103565932453624,0.22443320778352002,0.008391461285170444,-0.004075508416621445,81.17932132511218,0.0
903,100.0472026299787,100.78320104001557,100.0755958170666,99.96504985387548,99.91687890101771,101.23998425524957,100.0,34.00000000000002,1.103565932453624,0.22443320778352002,0.008391461285170444,-0.004075508416621445,81.17932132511218,0.0
904,100.10784996835436,100.78320104001557,100.0755958170666,99.96504985387548,99.91687890101771,101.23998425524957,100.0,34.00000000000002,1.103565932453624,0.22443320778352002,0.008391461285170444,-0.004075508416621445,81.17932132511218,0.0
905,100.2134675233477,100.63319072153148,99.92663873050773,99.94912094943142,99.62685881431617,100.9765108584502,100.0,34.00000000000002,1.0419473245240007,0.30198988700516805,0.008297225501838335,-0.003410419225909688,67.97655596482043,0.0
906,100.18655568076986,100.60200735939536,99.89567430872758,99.91814956105151,99.5959872858014,100.94522111117334,100.0,34.00000000000002,1.0385915385620808,0.3717908983046513,0.008208643865506113,-0.0034104192259093507,67.97655596481378,0.0
907,100.170855681223,100.50791324378083,99.80224083384454,99.82469506482863,99.50283411134303,100.85080598412688,100.0,34.00000000000002,1.0355042154771144,0.4346118084741861,0.008125377127353811,-0.003410419225909157,67.97655596481044,0.0
908,100.22363979995889,100.50791324378083,100.18021804410319,99.82469506482863,99.50283411134303,100.85080598412688,100.0,34.00000000000002,1.0355042154771144,0.4346118084741861,0.008125377127353811,-0.003410419225909157,67.97655596481044,0.0
909,100.20885229316701,100.50791324378083,100.18021804410319,99.82469506482863,99.50283411134303,100.85080598412688,100.0,34.00000000000002,1.0355042154771144,0.4346118084741861,0.008125377127353811,-0.003410419225909157,67.97655596481044,0.0
910,100.24918356739505,100.50791324378083,100.1002207251933,99.82469506482863,99.50283411134303,100.85080598412688,100.0,34.00000000000002,1.0355042154771144,0.4346118084741861,0.008125377127353811,-0.003410419225909157,67.97655596481044,0.0
911,100.25635081146203,100.50791324378083,100.25771223132682,99.82469506482863,99.50283411134303,100.85080598412688,100.0,34.00000000000002,1.0355042154771144,0.4346118084741861,0.008125377127353811,-0.003410419225909157,67.97655596481044,0.0
912,100.42628607979631,100.50791324378083,100.37249321382959,99.82469506482863,99.50283411134303,100.85080598412688,100.0,34.00000000000002,1.0355042154771144,0.4346118084741861,0.008125377127353811,-0.003410419225909157,67.97655596481044,0.0
913,100.37667937230846,100.50791324378083,100.37249321382959,99.82469506482863,99.50283411134303,100.85080598412688,100.0,34.00000000000002,1.0355042154771144,0.4346118084741861,0.008125377127353811,-0.003410419225909157,67.97655596481044,0.0
914,100.1877555866738,100.55206621619877,100.59242426003436,99.83517299567878,95.31533140594483,105.2814995217856,100.0,37.00000000000002,0.9640924496675167,0.3911506276267675,0.008067161045469286,-0.0035775392851337094,71.2957224547317,0.0
915,100.19113636718389,100.55206621619877,100.49261420981331,99.83517299567878,95.31533140594483,105.2814995217856,100.0,37.00000000000002,0.9640924496675167,0.3911506276267675,0.008067161045469286,-0.0035775392851337094,71.2957224547317,0.0
916,100.25590816642392,100.55206621619877,100.49261420981331,99.83517299567878,95.31533140594483,105.2814995217856,100.0,37.00000000000002,0.9640924496675167,0.3911506276267675,0.008067161045469286,-0.0035775392851337094,71.2957224547317,0.0
917,100.18516260471321,100.55206621619877,100.4866224721296,99.83517299567878,95.31533140594483,105.2814995217856,100.0,37.00000000000002,0.9640924496675167,0.3911506276267675,0.008067161045469286,-0.0035775392851337094,71.2957224547317,0.0
918,100.12010992818156,100.55206621619877,100.42137405033255,99.83517299567878,95.31533140594483,105.2814995217856,100.0,37.00000000000002,0.9640924496675167,0.3911506276267675,0.008067161045469286,-0.0035775392851337094,71.2957224547317,0.0
919,100.06460175590439,100.55206621619877,100.35289396793378,99.83517299567878,95.31533140594483,105.2814995217856,100.0,37.00000000000002,0.9640924496675167,0.3911506276267675,0.008067161045469286,-0.0035775392851337094,71.2957224547317,0.0
920,99.90917299624769,100.55206621619877,100.20980240345807,99.83517299567878,95.31533140594483,105.2814995217856,100.0,37.00000000000002,0.9640924496675167,0.3911506276267675,0.008067161045469286,-0.0035775392851337094,71.2957224547317,0.0
921,99.89766703739407,100.55206621619877,100.34000094616974,99.83517299567878,95.31533140594483,105.2814995217856,100.0,37.00000000000002,0.9640924496675167,0.3911506276267675,0.008067161045469286,-0.0035775392851337094,71.2957224547317,0.0
922,100.03885715401574,100.55206621619877,99.87586252660444,99.83517299567878,95.31533140594483,105.2814995217856,100.0,37.00000000000002,0.9640924496675167,0.3911506276267675,0.008067161045469286,-0.0035775392851337094,71.2957224547317,0.0
923,100.06220988504148,100.55206621619877,99.87586252660444,99.83517299567878,95.31533140594483,105.2814995217856,100.0,37.00000000000002,0.9640924496675167,0.3911506276267675,0.008067161045469286,-0.0035775392851337094,71.2957224547317,0.0
924,100.06796062570557,100.53253768590199,99.8266923862016,99.8563671305098,99.52721230904295,100.90588947696675,100.0,37.00000000000002,0.8949650536941154,0.4520355648640908,0.007988047885849713,-0.003374291386100706,67.2588766738147,0.0
925,100.02998403015268,100.47319867009743,99.76776999337656,99.79742722225987,99.46846668339644,100.84633009143573,100.0,37.00000000000002,0.9033678493985862,0.5068320083776817,0.007913681515807286,-0.003374291386100589,67.25887667381136,0.0
926,99.85460284223674,100.31453732847996,99.61022262306439,99.65780858000267,99.31139195519516,100.687079522714,100.0,37.00000000000002,0.9110984214466993,0.5561488075399136,0.007832953781998686,-0.003284097836097048,65.4669568306765,0.0
927,99.84025118384172,100.31453732847996,99.81706834700022,99.65780858000267,99.31139195519516,100.687079522714,100.0,37.00000000000002,0.9110984214466993,0.5561488075399136,0.007832953781998686,-0.003284097836097048,65.4669568306765,0.0
928,100.00996505097648,100.31453732847996,99.86365075218858,99.65780858000267,99.31139195519516,100.687079522714,100.0,37.00000000000002,0.9110984214466993,0.5561488075399136,0.007832953781998686,-0.003284097836097048,65.4669568306765,0.0
929,100.02160433324744,100.31453732847996,99.86365075218858,99.65780858000267,99.31139195519516,100.687079522714,100.0,37.00000000000002,0.9110984214466993,0.5561488075399136,0.007832953781998686,-0.003284097836097048,65.4669568306765,0.0
930,100.01773432348145,100.31453732847996,99.86365075218858,99.65780858000267,99.31139195519516,100.687079522714,100.0,37.00000000000002,0.9110984214466993,0.5561488075399136,0.007832953781998686,-0.003284097836097048,65.4669568306765,0.0
931,100.13785531724305,100.31453732847996,99.86365075218858,99.65780858000267,99.31139195519516,100.687079522714,100.0,37.00000000000002,0.9110984214466993,0.5561488075399136,0.007832953781998686,-0.003284097836097048,65.4669568306765,0.0
932,99.93527674869169,100.31453732847996,99.86365075218858,99.65780858000267,99.31139195519516,100.687079522714,100.0,37.00000000000002,0.9110984214466993,0.5561488075399136,0.007832953781998686,-0.003284097836097048,65.4669568306765,0.0
933,99.7968300839585,100.31453732847996,99.86365075218858,99.65780858000267,99.31139195519516,100.687079522714,100.0,37.00000000000002,0.9110984214466993,0.5561488075399136,0.007832953781998686,-0.003284097836097048,65.4669568306765,0.0
934,99.70519790691759,100.31453732847996,99.86365075218858,99.65780858000267,99.31139195519516,100.687079522714,100.0,37.00000000000002,0.9110984214466993,0.5561488075399136,0.007832953781998686,-0.003284097836097048,65.4669568306765,0.0
935,99.75828791609877,100.31453732847996,99.86365075218858,99.65780858000267,99.31139195519516,100.687079522714,100.0,37.00000000000002,0.9110984214466993,0.5561488075399136,0.007832953781998686,-0.003284097836097048,65.4669568306765,0.0
936,99.84898195559988,100.31453732847996,99.86365075218858,99.65780858000267,99.31139195519516,100.687079522714,100.0,37.00000000000002,0.9110984214466993,0.5561488075399136,0.007832953781998686,-0.003284097836097048,65.4669568306765,0.0
937,99.79696201539073,100.31453732847996,99.86365075218858,99.65780858000267,99.31139195519516,100.687079522714,100.0,37.00000000000002,0.9110984214466993,0.5561488075399136,0.007832953781998686,-0.003284097836097048,65.4669568306765,0.0
938,99.66837365171929,100.31453732847996,99.86365075218858,99.65780858000267,99.31139195519516,100.687079522714,100.0,37.00000000000002,0.9110984214466993,0.5561488075399136,0.007832953781998686,-0.003284097836097048,65.4669568306765,0.0
939,99.7805015638545,100.31453732847996,99.86365075218858,99.65780858000267,99.31139195519516,100.687079522714,100.0,37.00000000000002,0.9110984214466993,0.5561488075399136,0.007832953781998686,-0.003284097836097048,65.4669568306765,0.0
940,99.89778045807242,100.31453732847996,99.86365075218858,99.65780858000267,99.31139195519516,100.687079522714,100.0,37.00000000000002,0.9110984214466993,0.5561488075399136,0.007832953781998686,-0.003284097836097048,65.4669568306765,0.0
941,99.79023993965912,100.31453732847996,99.86365075218858,99.65780858000267,99.31139195519516,100.687079522714,100.0,37.00000000000002,0.9110984214466993,0.5561488075399136,0.007832953781998686,-0.003284097836097048,65.4669568306765,0.0
942,99.76447637152147,100.31453732847996,99.86365075218858,99.65780858000267,99.31139195519516,100.687079522714,100.0,37.00000000000002,0.9110984214466993,0.5561488075399136,0.007832953781998686,-0.003284097836097048,65.4669568306765,0.0
943,99.82559272827825,100.31453732847996,99.86365075218858,99.65780858000267,99.31139195519516,100.687079522714,100.0,37.00000000000002,0.9110984214466993,0.5561488075399136,0.007832953781998686,-0.003284097836097048,65.4669568306765,0.0
944,99.73356698667406,100.31453732847996,99.86365075218858,99.65780858000267,99.31139195519516,100.687079522714,100.0,37.00000000000002,0.9110984214466993,0.5561488075399136,0.007832953781998686,-0.003284097836097048,65.4669568306765,0.0
945,99.89278813609172,100.31453732847996,99.86365075218858,99.65780858000267,99.31139195519516,100.687079522714,100.0,37.00000000000002,0.9110984214466993,0.5561488075399136,0.007832953781998686,-0.003284097836097048,65.4669568306765,0.0
946,99.94972319242288,100.31453732847996,99.96313798053694,99.65780858000267,99.31139195519516,100.687079522714,100.0,37.00000000000002,0.9110984214466993,0.5561488075399136,0.007832953781998686,-0.003284097836097048,65.4669568306765,0.0
947,99.86384080070421,100.17999062682411,99.47662058230279,99.51838526708218,99.17819072055586,100.55203314947718,100.0,37.00000000000002,0.8420200715404872,0.6005339267859222,0.007760540798102923,-0.0033130232370714215,66.04166716350002,0.0
948,99.89547553283698,100.08055272386402,99.37788083914279,99.47541830866778,99.14468213940071,100.51806039862716,100.0,40.00000000000002,1.0846336033374537,0.4867652059215708,0.0074197801870013215,-0.0030324044530724266,60.46473552817844,0.0
949,99.82494495750265,100.08055272386402,99.52547012263014,99.47541830866778,99.14468213940071,100.51806039862716,100.0,40.00000000000002,1.0846336033374537,0.4867652059215708,0.0074197801870013215,-0.0030324044530724266,60.46473552817844,0.0
950,99.89065646751682,100.08055272386402,99.59098449811427,99.47541830866778,99.14468213940071,100.51806039862716,100.0,40.00000000000002,1.0846336033374537,0.4867652059215708,0.0074197801870013215,-0.0030324044530724266,60.46473552817844,0.0
951,99.70242381797057,100.08055272386402,99.59098449811427,99.47541830866778,99.14468213940071,100.51806039862716,100.0,40.00000000000002,1.0846336033374537,0.4867652059215708,0.0074197801870013215,-0.0030324044530724266,60.46473552817844,0.0
952,99.83064716407355,100.08055272386402,99.81626714702341,99.47541830866778,99.14468213940071,100.51806039862716,100.0,40.00000000000002,1.0846336033374537,0.4867652059215708,0.0074197801870013215,-0.0030324044530724266,60.46473552817844,0.0
953,99.81612725965373,100.08055272386402,99.81626714702341,99.47541830866778,99.14468213940071,100.51806039862716,100.0,40.00000000000002,1.0846336033374537,0.4867652059215708,0.0074197801870013215,-0.0030324044530724266,60.46473552817844,0.0
954,99.79544488307961,100.08055272386402,99.81626714702341,99.47541830866778,99.14468213940071,100.51806039862716,100.0,40.00000000000002,1.0846336033374537,0.4867652059215708,0.0074197801870013215,-0.0030324044530724266,60.46473552817844,0.0
955,99.714761470365,100.08055272386402,99.79981780506645,99.47541830866778,99.14468213940071,100.51806039862716,100.0,40.00000000000002,1.0846336033374537,0.4867652059215708,0.0074197801870013215,-0.0030324044530724266,60.46473552817844,0.0
956,99.7042938901601,99.6812785087014,98.98140995347484,99.48600780111813,95.06944304126381,104.82685949012468,100.0,40.00000000000002,1.0078629150704574,0.43808868532941375,0.0070922456913414195,-0.0009804356488519951,19.589506726301884,0.0
957,99.71339613480586,99.6812785087014,99.48332390809372,99.48600780111813,95.06944304126381,104.82685949012468,100.0,40.00000000000002,1.0078629150704574,0.43808868532941375,0.0070922456913414195,-0.0009804356488519951,19.589506726301884,0.0
958,99.75740986322289,99.48977158145141,98.79124760846229,99.48130041729942,93.181360202137,105.88268863086192,100.0,40.00000000000002,0.967233881864821,0.3942798167964724,0.00667181993223027,-4.2574853052148176e-05,0.8514608102239141,0.0
959,99.67822086155122,99.48977158145141,99.2472703678627,99.48130041729942,93.181360202137,105.88268863086192,100.0,40.00000000000002,0.967233881864821,0.3942798167964724,0.00667181993223027,-4.2574853052148176e-05,0.8514608102239141,0.0
960,99.68649967008454,99.48977158145141,99.47778640393882,99.48130041729942,93.181360202137,105.88268863086192,100.0,40.00000000000002,0.967233881864821,0.3942798167964724,0.00667181993223027,-4.2574853052148176e-05,0.8514608102239141,0.0
961,99.75978678460169,99.48977158145141,99.14754551103039,99.48130041729942,93.181360202137,105.88268863086192,100.0,40.00000000000002,0.967233881864821,0.3942798167964724,0.00667181993223027,-4.2574853052148176e-05,0.8514608102239141,0.0
962,99.55623928645187,99.48977158145141,99.25757056859251,99.48130041729942,93.181360202137,105.88268863086192,100.0,40.00000000000002,0.967233881864821,0.3942798167964724,0.00667181993223027,-4.2574853052148176e-05,0.8514608102239141,0.0
963,99.69499679478375,99.48977158145141,99.39591180439939,99.48130041729942,93.181360202137,105.88268863086192,100.0,40.00000000000002,0.967233881864821,0.3942798167964724,0.00667181993223027,-4.2574853052148176e-05,0.8514608102239141,0.0
964,99.67016307036839,99.48977158145141,99.39591180439939,99.48130041729942,93.181360202137,105.88268863086192,100.0,40.00000000000002,0.967233881864821,0.3942798167964724,0.00667181993223027,-4.2574853052148176e-05,0.8514608102239141,0.0
965,99.70376375580264,99.48977158145141,99.34116766511877,99.48130041729942,93.181360202137,105.88268863086192,100.0,40.00000000000002,0.967233881864821,0.3942798167964724,0.00667181993223027,-4.2574853052148176e-05,0.8514608102239141,0.0
966,99.70475504601033,99.48977158145141,99.4056407808723,99.48130041729942,93.181360202137,105.88268863086192,100.0,40.00000000000002,0.967233881864821,0.3942798167964724,0.00667181993223027,-4.2574853052148176e-05,0.8514608102239141,0.0
967,99.76449800665371,99.48977158145141,99.46520451263375,99.48130041729942,93.181360202137,105.88268863086192,100.0,40.00000000000002,0.967233881864821,0.3942798167964724,0.00667181993223027,-4.2574853052148176e-05,0.8514608102239141,0.0
968,99.85711580829721,99.48977158145141,99.55754446087231,99.48130041729942,93.181360202137,105.88268863086192,100.0,40.00000000000002,0.967233881864821,0.3942798167964724,0.00667181993223027,-4.2574853052148176e-05,0.8514608102239141,0.0
969,99.88829315415401,99.48977158145141,99.53099943939006,99.48130041729942,93.181360202137,105.88268863086192,100.0,40.00000000000002,0.967233881864821,0.3942798167964724,0.00667181993223027,-4.2574853052148176e-05,0.8514608102239141,0.0
970,99.83672877055021,99.48977158145141,99.53721858423857,99.48130041729942,93.181360202137,105.88268863086192,100.0,40.00000000000002,0.967233881864821,0.3942798167964724,0.00667181993223027,-4.2574853052148176e-05,0.8514608102239141,0.0
971,99.83500184601698,99.49686401103928,99.59676046084954,99.55996658256875,98.50189537092888,99.8964498102804,100.0,40.00000000000002,0.8960090174694815,0.45485183511682514,0.006309551675733758,0.0003170078180251212,0.0,6.338147118313264
972,99.88696588372909,99.49686401103928,99.59676046084954,99.55996658256875,98.50189537092888,99.8964498102804,100.0,40.00000000000002,0.8960090174694815,0.45485183511682514,0.006309551675733758,0.0003170078180251212,0.0,6.338147118313264
973,99.93820111469805,99.53844831023926,99.63838651135396,99.60157725522534,98.54306382713685,99.93820111469805,100.0,40.00000000000002,0.8643282960719231,0.5093666516051426,0.00596901951462711,0.0003170078180257016,0.0,6.338147118325477
974,99.92094939879964,99.53844831023926,99.63838651135396,99.60157725522534,98.54306382713685,99.93820111469805,100.0,40.00000000000002,0.8643282960719231,0.5093666516051426,0.00596901951462711,0.0003170078180257016,0.0,6.338147118325477
975,99.94729493597096,99.54750575622708,99.3205064818157,99.61064044559654,98.55203069866481,99.94729493597097,100.0,40.00000000000002,0.8351820323861693,0.5584299864446284,0.005648919283186847,0.0003170078180256563,0.0,6.338147118323256
976,99.90234270138944,99.54932217299401,99.2733502827845,99.5997182210856,97.44487179329269,101.08288612327274,100.0,40.00000000000002,0.8483674697952758,0.5025869878001655,0.005340350960442567,0.0002530569466559619,0.0,5.059858500777725
977,99.73815886871364,99.54932217299401,99.43894439210752,99.5997182210856,97.44487179329269,101.08288612327274,100.0,40.00000000000002,0.8483674697952758,0.5025869878001655,0.005340350960442567,0.0002530569466559619,0.0,5.059858500777725
978,99.75866592060922,99.54932217299401,99.27769523057962,99.5997182210856,97.44487179329269,101.08288612327274,100.0,40.00000000000002,0.8483674697952758,0.5025869878001655,0.005340350960442567,0.0002530569466559619,0.0,5.059858500777725
979,99.91066291334447,99.54932217299401,99.60220761263825,99.5997182210856,97.44487179329269,101.08288612327274,100.0,40.00000000000002,0.8483674697952758,0.5025869878001655,0.005340350960442567,0.0002530569466559619,0.0,5.059858500777725
980,99.91092815702069,99.54932217299401,99.61119537254963,99.5997182210856,97.44487179329269,101.08288612327274,100.0,40.00000000000002,0.8483674697952758,0.5025869878001655,0.005340350960442567,0.0002530569466559619,0.0,5.059858500777725
981,99.98357532891548,99.58364102759982,99.68362460292872,99.64679863456135,98.58780461732383,99.98357532891549,100.0,40.00000000000002,0.7964980722116538,0.552328289020149,0.005057970842253344,0.0003170078180253492,0.0,6.338147118317705
982,99.86030782507379,99.58364102759982,99.68362460292872,99.64679863456135,98.58780461732383,99.98357532891549,100.0,40.00000000000002,0.7964980722116538,0.552328289020149,0.005057970842253344,0.0003170078180253492,0.0,6.338147118317705
983,99.9012321962283,99.60981221631782,99.70982206794062,99.67298642148404,98.61371409415464,100.00985162280905,100.0,40.00000000000002,0.7727782264347216,0.5970954601181341,0.0047925335311555205,0.00031700781802574036,0.0,6.338147118325477
984,99.84281735751726,99.60981221631782,98.98064926457147,99.67298642148404,98.61371409415464,100.00985162280905,100.0,40.00000000000002,0.7727782264347216,0.5970954601181341,0.0047925335311555205,0.00031700781802574036,0.0,6.338147118325477
985,99.9155809779195,99.6786970865855,99.77877609972464,99.74191497968586,98.68191011571965,100.07901313914206,100.0,40.00000000000002,0.7509559683199439,0.6373859141063206,0.004543022458723493,0.00031700781802513836,0.0,6.338147118313264
986,99.95346453912394,99.6786970865855,99.75244422499384,99.74191497968586,98.68191011571965,100.07901313914206,100.0,40.00000000000002,0.7509559683199439,0.6373859141063206,0.004543022458723493,0.00031700781802513836,0.0,6.338147118313264
987,99.84665701413603,99.6786970865855,99.75244422499384,99.74191497968586,98.68191011571965,100.07901313914206,100.0,40.00000000000002,0.7509559683199439,0.6373859141063206,0.004543022458723493,0.00031700781802513836,0.0,6.338147118313264
988,99.67925871202324,99.6786970865855,99.75244422499384,99.74191497968586,98.68191011571965,100.07901313914206,100.0,40.00000000000002,0.7509559683199439,0.6373859141063206,0.004543022458723493,0.00031700781802513836,0.0,6.338147118313264
989,99.70628327998182,99.6786970865855,99.75244422499384,99.74191497968586,98.68191011571965,100.07901313914206,100.0,40.00000000000002,0.7509559683199439,0.6373859141063206,0.004543022458723493,0.00031700781802513836,0.0,6.338147118313264
990,99.95424812376828,99.6786970865855,99.75244422499384,99.74191497968586,98.68191011571965,100.07901313914206,100.0,40.00000000000002,0.7509559683199439,0.6373859141063206,0.004543022458723493,0.00031700781802513836,0.0,6.338147118313264
991,100.023307510844,99.6786970865855,99.75244422499384,99.74191497968586,98.68191011571965,100.07901313914206,100.0,40.00000000000002,0.7509559683199439,0.6373859141063206,0.004543022458723493,0.00031700781802513836,0.0,6.338147118313264
992,100.13390822416451,99.77464180966572,99.87481715284815,99.79370701180468,98.73603886535516,100.1339082241645,100.0,40.00000000000002,0.777228860009249,0.5119719652487232,0.004055705059233508,9.55321936147104e-05,0.0,1.910461361729343
993,100.20603610777576,99.80521196334466,99.90541799945241,99.86851009429124,98.8071598437112,100.20603610777574,100.0,40.00000000000002,0.795050551208509,0.5607747687238509,0.0038504036951168947,0.00031700781802582233,0.0,6.338147118328807
994,100.2124628286244,99.81161297730992,99.91182544013853,99.85755959458604,98.04918718350721,100.98068236379166,100.0,40.00000000000002,0.8114465071118283,0.5046972918514658,0.003646993121022261,0.0002301137260414361,0.0,4.60121571793648
995,100.19731398183865,99.96053737964473,99.97310860167624,99.99745808411105,98.96093200584828,100.36198532092844,100.0,40.00000000000002,0.826530786542882,0.5542275626663192,0.003450330610181064,0.0001846423014027713,0.0,3.6921642983434033
996,100.19029604205195,99.96935367669995,100.06972451372468,100.03275590906019,98.96966013993294,100.37083702479913,100.0,40.00000000000002,0.8404083236194515,0.5988048063996874,0.003281351713007537,0.00031700781802530186,0.0,6.338147118318815
997,100.32551474025483,99.96935367669995,100.06972451372468,100.03275590906019,98.96966013993294,100.37083702479913,100.0,40.00000000000002,0.8404083236194515,0.5988048063996874,0.003281351713007537,0.00031700781802530186,0.0,6.338147118318815
998,100.23630971014096,99.96935367669995,100.06972451372468,100.03275590906019,98.96966013993294,100.37083702479913,100.0,40.00000000000002,0.8404083236194515,0.5988048063996874,0.003281351713007537,0.00031700781802530186,0.0,6.338147118318815
999,100.31268074707914,99.96935367669995,100.06972451372468,100.03275590906019,98.96966013993294,100.37083702479913,100.0,40.00000000000002,0.8404083236194515,0.5988048063996874,0.003281351713007537,0.00031700781802530186,0.0,6.338147118318815
1000,100.35694666762421,99.96935367669995,100.06972451372468,100.03275590906019,98.96966013993294,100.37083702479913,100.0,40.00000000000002,0.8404083236194515,0.5988048063996874,0.003281351713007537,0.00031700781802530186,0.0,6.338147118318815
1001,100.39997064008371,99.99837075752339,100.09877072816346,100.06179139300046,98.99838704994815,100.39997064008372,100.0,40.00000000000002,0.7891756577298954,0.6389243257597186,0.0031225115496643823,0.00031700781802505173,0.0,6.338147118312154
1002,100.27080671573482,99.99837075752339,100.09877072816346,100.06179139300046,98.99838704994815,100.39997064008372,100.0,40.00000000000002,0.7891756577298954,0.6389243257597186,0.0031225115496643823,0.00031700781802505173,0.0,6.338147118312154
1003,100.27311716920093,99.99837075752339,99.36005605854734,100.06179139300046,98.99838704994815,100.39997064008372,100.0,40.00000000000002,0.7891756577298954,0.6389243257597186,0.0031225115496643823,0.00031700781802505173,0.0,6.338147118312154
1004,100.13559693985921,99.99837075752339,99.83519014903962,100.06179139300046,98.99838704994815,100.39997064008372,100.0,40.00000000000002,0.7891756577298954,0.6389243257597186,0.0031225115496643823,0.00031700781802505173,0.0,6.338147118312154
1005,100.2785959195246,100.00804551316592,100.10845519741606,100.0714722845345,99.00796505803426,100.40968425016659,100.0,40.00000000000002,0.7460416051115039,0.6750318931837467,0.0029732017961218303,0.00031700781802511277,0.0,6.3381471183143745
1006,100.26426330116229,100.00804551316592,100.10845519741606,100.0714722845345,99.00796505803426,100.40968425016659,100.0,40.00000000000002,0.7460416051115039,0.6750318931837467,0.0029732017961218303,0.00031700781802511277,0.0,6.3381471183143745
1007,100.20602191623854,100.00804551316592,100.10845519741606,100.0714722845345,99.00796505803426,100.40968425016659,100.0,40.00000000000002,0.7460416051115039,0.6750318931837467,0.0029732017961218303,0.00031700781802511277,0.0,6.3381471183143745
1008,100.26407253111759,100.00804551316592,100.10845519741606,100.0714722845345,99.00796505803426,100.40968425016659,100.0,40.00000000000002,0.7460416051115039,0.6750318931837467,0.0029732017961218303,0.00031700781802511277,0.0,6.3381471183143745
1009,100.23710729546497,100.00804551316592,100.10845519741606,100.0714722845345,99.00796505803426,100.40968425016659,100.0,40.00000000000002,0.7460416051115039,0.6750318931837467,0.0029732017961218303,0.00031700781802511277,0.0,6.3381471183143745
1010,100.21797783627382,100.00804551316592,99.55283352680499,100.0714722845345,99.00796505803426,100.40968425016659,100.0,40.00000000000002,0.7460416051115039,0.6750318931837467,0.0029732017961218303,0.00031700781802511277,0.0,6.3381471183143745
1011,100.20024137455853,100.00804551316592,99.89964065043486,100.0714722845345,99.00796505803426,100.40968425016659,100.0,40.00000000000002,0.7460416051115039,0.6750318931837467,0.0029732017961218303,0.00031700781802511277,0.0,6.3381471183143745
1012,100.1285696047204,100.00804551316592,99.89964065043486,100.0714722845345,99.00796505803426,100.40968425016659,100.0,40.00000000000002,0.7460416051115039,0.6750318931837467,0.0029732017961218303,0.00031700781802511277,0.0,6.3381471183143745
1013,100.30524899606039,100.00804551316592,99.9911409311742,100.0714722845345,99.00796505803426,100.40968425016659,100.0,40.00000000000002,0.7460416051115039,0.6750318931837467,0.0029732017961218303,0.00031700781802511277,0.0,6.3381471183143745
1014,100.42933279259289,100.02761546142253,100.12804479421511,100.09105464437897,99.0273393068083,100.4293327925929,100.0,40.00000000000002,0.6952471655914724,0.707528703865372,0.002832850627791898,0.00031700781802564224,0.0,6.338147118325477
1015,100.55034287711136,100.14814150560292,100.09714644096647,100.21165712818782,99.14666009054689,100.55034287711136,100.0,40.00000000000002,0.7196273923441545,0.7367758334788348,0.002700920529561721,0.00031700781802541136,0.0,6.338147118318815
1016,100.5634248591485,100.42086769388165,100.52169185823294,100.22176438006726,99.15955944811479,100.56342485914851,100.0,40.00000000000002,0.9968046167461653,0.5799546700995231,0.0024818315661276394,-0.0009923280598761396,19.826886421785428,0.0
1017,100.66031589881075,100.42086769388165,100.52169185823294,100.22176438006726,99.15955944811479,100.56342485914851,100.0,40.00000000000002,0.9968046167461653,0.5799546700995231,0.0024818315661276394,-0.0009923280598761396,19.826886421785428,0.0
1018,100.66955766694927,100.42086769388165,100.52169185823294,100.22176438006726,99.15955944811479,100.56342485914851,100.0,40.00000000000002,0.9968046167461653,0.5799546700995231,0.0024818315661276394,-0.0009923280598761396,19.826886421785428,0.0
1019,100.68329202719397,100.42086769388165,100.52169185823294,100.22176438006726,99.15955944811479,100.56342485914851,100.0,40.00000000000002,0.9968046167461653,0.5799546700995231,0.0024818315661276394,-0.0009923280598761396,19.826886421785428,0.0
1020,100.41861402305328,100.42086769388165,100.52169185823294,100.22176438006726,99.15955944811479,100.56342485914851,100.0,40.00000000000002,0.9968046167461653,0.5799546700995231,0.0024818315661276394,-0.0009923280598761396,19.826886421785428,0.0
1021,100.44358214569348,100.42086769388165,100.52169185823294,100.22176438006726,99.15955944811479,100.56342485914851,100.0,40.00000000000002,0.9968046167461653,0.5799546700995231,0.0024818315661276394,-0.0009923280598761396,19.826886421785428,0.0
1022,100.29300224850958,100.42086769388165,100.52169185823294,100.22176438006726,99.15955944811479,100.56342485914851,100.0,40.00000000000002,0.9968046167461653,0.5799546700995231,0.0024818315661276394,-0.0009923280598761396,19.826886421785428,0.0
1023,100.45229705343715,100.42086769388165,100.05838947358735,100.22176438006726,99.15955944811479,100.56342485914851,100.0,40.00000000000002,0.9968046167461653,0.5799546700995231,0.0024818315661276394,-0.0009923280598761396,19.826886421785428,0.0
1024,100.43141375819123,100.42086769388165,100.13011951691664,100.22176438006726,99.15955944811479,100.56342485914851,100.0,40.00000000000002,0.9968046167461653,0.5799546700995231,0.0024818315661276394,-0.0009923280598761396,19.826886421785428,0.0
1025,100.52672492340506,100.42086769388165,100.22514474863483,100.22176438006726,99.15955944811479,100.56342485914851,100.0,40.00000000000002,0.9968046167461653,0.5799546700995231,0.0024818315661276394,-0.0009923280598761396,19.826886421785428,0.0
1026,100.60328726073492,100.42086769388165,100.1522068306508,100.22176438006726,99.15955944811479,100.56342485914851,100.0,40.00000000000002,0.9968046167461653,0.5799546700995231,0.0024818315661276394,-0.0009923280598761396,19.826886421785428,0.0
1027,100.73046671005667,100.42086769388165,100.42827530992652,100.22176438006726,99.15955944811479,100.56342485914851,100.0,40.00000000000002,0.9968046167461653,0.5799546700995231,0.0024818315661276394,-0.0009923280598761396,19.826886421785428,0.0
1028,100.66840402480398,100.56130231727236,100.6622674802415,100.20804343913031,97.4691220425226,102.30752772428153,100.0,37.00000000000002,0.9368403263103816,0.3966889943480738,0.002473148427587565,-0.0017595259715129305,35.128709553454705,0.0
1029,100.63576204016034,102.06638843794774,102.13810024353496,100.19755516305166,96.98820119982331,102.81482471338923,100.0,37.00000000000002,0.9418931002055511,0.3570200949132664,0.003433540311020694,-0.009239576968709105,183.09977491093977,0.0
1030,100.57904643495861,101.5949963989481,100.88169150948708,100.33792997972373,100.57904643495861,101.97229388632752,100.0,37.00000000000002,0.946541652189107,0.4213180854219398,0.00397455771878305,-0.006225168137597706,123.73310337923216,0.0
1031,100.60439391212725,101.5949963989481,101.23974099492477,100.33792997972373,100.57904643495861,101.97229388632752,100.0,37.00000000000002,0.946541652189107,0.4213180854219398,0.00397455771878305,-0.006225168137597706,123.73310337923216,0.0
1032,100.51627973184932,101.5315956887367,100.81873593966834,100.47850145877067,100.51627973184934,101.90865772230924,100.0,37.00000000000002,0.9108183200139786,0.4791862768797459,0.004361659185631909,-0.005213077191864705,103.72083909667707,0.0
1033,100.62564449606023,101.5315956887367,100.81873593966834,100.47850145877067,100.51627973184934,101.90865772230924,100.0,37.00000000000002,0.9108183200139786,0.4791862768797459,0.004361659185631909,-0.005213077191864705,103.72083909667707,0.0
1034,100.63356503595084,101.25203331992489,100.54113639591338,100.57102351772113,100.23951298672564,101.62805713131074,100.0,37.00000000000002,0.8779528544128603,0.5312676491917714,0.0045048761376025506,-0.003374291386100629,67.25887667381247,0.0
1035,100.68589565866995,101.25203331992489,100.54113639591338,100.57102351772113,100.23951298672564,101.62805713131074,100.0,37.00000000000002,0.8779528544128603,0.5312676491917714,0.0045048761376025506,-0.003374291386100629,67.25887667381247,0.0
1036,100.52005401414337,101.25203331992489,100.54113639591338,100.57102351772113,100.23951298672564,101.62805713131074,100.0,37.00000000000002,0.8779528544128603,0.5312676491917714,0.0045048761376025506,-0.003374291386100629,67.25887667381247,0.0
1037,100.54849022735095,101.23764844599391,100.52685251909126,100.55673539483635,100.22527196153398,101.61361883568595,100.0,37.00000000000002,0.8343832927264981,0.5781408842725942,0.004639500072454941,-0.003374291386100503,67.25887667380914,0.0
1038,100.5151140288741,101.23764844599391,100.52685251909126,100.55673539483635,100.22527196153398,101.61361883568595,100.0,37.00000000000002,0.8343832927264981,0.5781408842725942,0.004639500072454941,-0.003374291386100503,67.25887667380914,0.0
1039,100.50561553803095,101.23764844599391,100.52685251909126,100.55673539483635,100.22527196153398,101.61361883568595,100.0,37.00000000000002,0.8343832927264981,0.5781408842725942,0.004639500072454941,-0.003374291386100503,67.25887667380914,0.0
1040,100.55581680961626,101.23764844599391,100.52685251909126,100.55673539483635,100.22527196153398,101.61361883568595,100.0,37.00000000000002,0.8343832927264981,0.5781408842725942,0.004639500072454941,-0.003374291386100503,67.25887667380914,0.0
1041,100.52430636674099,101.23764844599391,100.52685251909126,100.55673539483635,100.22527196153398,101.61361883568595,100.0,37.00000000000002,0.8343832927264981,0.5781408842725942,0.004639500072454941,-0.003374291386100503,67.25887667380914,0.0
1042,100.42585780107596,101.23764844599391,100.52685251909126,100.55673539483635,100.22527196153398,101.61361883568595,100.0,37.00000000000002,0.8343832927264981,0.5781408842725942,0.004639500072454941,-0.003374291386100503,67.25887667380914,0.0
1043,100.45927232563456,101.23764844599391,100.52685251909126,100.55673539483635,100.22527196153398,101.61361883568595,100.0,37.00000000000002,0.8343832927264981,0.5781408842725942,0.004639500072454941,-0.003374291386100503,67.25887667380914,0.0
1044,100.47764194289172,100.97505790395505,100.26610564184105,100.43134987913218,100.09743542571141,101.48401147448733,100.0,37.00000000000002,0.8370963080033922,0.47144836484245445,0.004642057574576639,-0.002699556736091714,53.84577499722987,0.0
1045,100.52226235196352,100.9588063088788,100.24996815024075,100.29084436610975,99.94921824579002,101.33374115113801,100.0,37.00000000000002,0.8501286033631208,0.524303528358209,0.0047618241404941385,-0.003319071315297763,66.16183047226775,0.0
1046,100.52204903473515,100.9588063088788,100.48469959370814,100.29084436610975,99.94921824579002,101.33374115113801,100.0,37.00000000000002,0.8501286033631208,0.524303528358209,0.0047618241404941385,-0.003319071315297763,66.16183047226775,0.0
1047,100.34426798884371,100.9588063088788,100.48469959370814,100.29084436610975,99.94921824579002,101.33374115113801,100.0,37.00000000000002,0.8501286033631208,0.524303528358209,0.0047618241404941385,-0.003319071315297763,66.16183047226775,0.0
1048,100.3857405361045,100.9588063088788,100.74930732267265,100.29084436610975,99.94921824579002,101.33374115113801,100.0,37.00000000000002,0.8501286033631208,0.524303528358209,0.0047618241404941385,-0.003319071315297763,66.16183047226775,0.0
1049,100.29064078786527,101.08656470059627,101.15758808239939,100.30127444431315,98.06347204030338,103.28237415267999,100.0,34.00000000000002,0.8021183150940712,0.47187317552238817,0.004944044179665357,-0.0038993926327302035,77.68492861628395,0.0
1050,100.40732998040562,101.08656470059627,100.77727885211576,100.30127444431315,98.06347204030338,103.28237415267999,100.0,34.00000000000002,0.8021183150940712,0.47187317552238817,0.004944044179665357,-0.0038993926327302035,77.68492861628395,0.0
1051,100.39320270480371,101.08656470059627,100.76186889320194,100.30127444431315,98.06347204030338,103.28237415267999,100.0,34.00000000000002,0.8021183150940712,0.47187317552238817,0.004944044179665357,-0.0038993926327302035,77.68492861628395,0.0
1052,100.24292822507644,101.08656470059627,100.54456191080885,100.30127444431315,98.06347204030338,103.28237415267999,100.0,34.00000000000002,0.8021183150940712,0.47187317552238817,0.004944044179665357,-0.0038993926327302035,77.68492861628395,0.0
1053,100.18640224044404,101.08656470059627,100.71298095365557,100.30127444431315,98.06347204030338,103.28237415267999,100.0,34.00000000000002,0.8021183150940712,0.47187317552238817,0.004944044179665357,-0.0038993926327302035,77.68492861628395,0.0
1054,100.0474519302677,101.05803225279566,100.34849742253532,100.37107455428311,100.0474519302677,101.40280177884372,100.0,34.00000000000002,0.7539488498865455,0.5246858579701493,0.005056653422663475,-0.0034104192259090484,67.97655596480712,0.0
1055,100.00886670926005,101.01905728208085,100.41054193494274,100.332364521996,100.00886670926005,101.36369384114073,100.0,34.00000000000002,0.7736329418956219,0.5722172721731345,0.005162506111081772,-0.0034104192259095333,67.97655596481822,0.0
1056,100.00221657273994,101.01233997246459,100.3031259505917,100.34289573951497,98.9815864051698,102.41569684507925,100.0,34.00000000000002,0.7917423065439722,0.514995544955821,0.005251720309018701,-0.0033246924550161517,66.2735100614542,0.0
1057,100.14503522225887,101.01233997246459,100.3031259505917,100.34289573951497,98.9815864051698,102.41569684507925,100.0,34.00000000000002,0.7917423065439722,0.514995544955821,0.005251720309018701,-0.0033246924550161517,66.2735100614542,0.0
1058,100.2233234790218,101.01233997246459,100.3031259505917,100.34289573951497,98.9815864051698,102.41569684507925,100.0,34.00000000000002,0.7917423065439722,0.514995544955821,0.005251720309018701,-0.0033246924550161517,66.2735100614542,0.0
1059,100.24060189579198,101.01233997246459,100.85649443541904,100.34289573951497,98.9815864051698,102.41569684507925,100.0,34.00000000000002,0.7917423065439722,0.514995544955821,0.005251720309018701,-0.0033246924550161517,66.2735100614542,0.0
1060,100.07912928705542,101.01233997246459,100.38027009734746,100.34289573951497,98.9815864051698,102.41569684507925,100.0,34.00000000000002,0.7917423065439722,0.514995544955821,0.005251720309018701,-0.0033246924550161517,66.2735100614542,0.0
1061,99.9693100718998,100.97910108272708,100.27012043319937,100.29267993112444,99.96931007189981,101.3236013272397,100.0,34.00000000000002,0.7444029220204544,0.5634959904602389,0.005345868984255658,-0.003410419225909237,67.97655596481266,0.0
1062,99.8900425485655,100.83506501432049,100.12709565113067,100.21596088187223,99.8900425485655,101.243259961207,97.0,34.00000000000002,1.014583536841878,0.4614312574748034,0.005293067499061485,-0.003079338340545976,61.397702511554186,0.0
1063,99.92722043920193,100.83506501432049,100.22584964142676,100.21596088187223,99.8900425485655,101.243259961207,97.0,34.00000000000002,1.014583536841878,0.4614312574748034,0.005293067499061485,-0.003079338340545976,61.397702511554186,0.0
1064,99.98734435074202,100.83506501432049,100.22584964142676,100.21596088187223,99.8900425485655,101.243259961207,97.0,34.00000000000002,1.014583536841878,0.4614312574748034,0.005293067499061485,-0.003079338340545976,61.397702511554186,0.0
1065,99.90142410096306,100.83506501432049,100.27705184464516,100.21596088187223,99.8900425485655,101.243259961207,97.0,34.00000000000002,1.014583536841878,0.4614312574748034,0.005293067499061485,-0.003079338340545976,61.397702511554186,0.0
1066,99.69103214705541,100.66750696461216,99.99100516254303,100.07575670246321,99.6910321470554,101.01094417480648,97.0,34.00000000000002,0.9534168538945279,0.5152881317273231,0.00532922003704808,-0.0029477963610790112,58.78264794587085,0.0
1067,99.65874917328826,100.63490777874205,99.95862504843356,99.97384447591577,99.65874917328824,100.97823377357219,97.0,34.00000000000002,0.9571435055829657,0.5637593185545908,0.005404902640026123,-0.0032952864488539446,65.68926403546782,0.0
1068,99.65807449618146,100.63422649316516,99.95794834120507,99.98410177144427,98.5872592328607,102.07570988288327,94.0,34.00000000000002,0.9605720251363284,0.5073833866991317,0.005469482421383577,-0.003240604820828625,64.60274445146518,0.0
1069,99.69602988688034,100.4669563444099,99.82203305393425,99.84422196767392,99.52256695477244,100.80970935622103,94.0,34.00000000000002,0.9637262631254222,0.5566450480292185,0.005514374862813423,-0.003108834873737133,61.983999455620385,0.0
1070,99.74931276570487,100.3433355397328,99.69920580306857,99.70713733501007,99.40010818565932,100.68566680687618,94.0,34.00000000000002,0.9666281620753884,0.6009805432262967,0.005565136272459843,-0.0031801884573453543,63.40213839820197,0.0
1071,99.66880363443877,100.3433355397328,99.69920580306857,99.70713733501007,99.40010818565932,100.68566680687618,94.0,34.00000000000002,0.9666281620753884,0.6009805432262967,0.005565136272459843,-0.0031801884573453543,63.40213839820197,0.0
1072,99.66871524690211,100.03430733289595,99.39216132795057,99.71713167820863,97.84774221761636,102.2830567831629,94.0,34.00000000000002,0.9292979091093574,0.5408824889036671,0.005421770455848975,-0.0015878516633348531,31.70668774981511,0.0
1073,99.74588396649078,99.92105257132285,99.27963357788609,99.72933519666272,96.79245807038895,103.39820243092339,94.0,34.00000000000002,1.1472641795768748,0.36996362241010833,0.004990247050186879,-0.0009602654760828379,19.18688501837962,0.0
1074,99.63586633571299,99.92105257132285,99.33695873670585,99.72933519666272,96.79245807038895,103.39820243092339,94.0,34.00000000000002,1.1472641795768748,0.36996362241010833,0.004990247050186879,-0.0009602654760828379,19.18688501837962,0.0
1075,99.60033457635737,99.92105257132285,99.38499661749655,99.72933519666272,96.79245807038895,103.39820243092339,94.0,34.00000000000002,1.1472641795768748,0.36996362241010833,0.004990247050186879,-0.0009602654760828379,19.18688501837962,0.0
1076,99.68984881246449,99.92105257132285,99.42459730114251,99.72933519666272,96.79245807038895,103.39820243092339,94.0,34.00000000000002,1.1472641795768748,0.36996362241010833,0.004990247050186879,-0.0009602654760828379,19.18688501837962,0.0
1077,99.81440816566193,99.92105257132285,99.51496494116493,99.72933519666272,96.79245807038895,103.39820243092339,94.0,34.00000000000002,1.1472641795768748,0.36996362241010833,0.004990247050186879,-0.0009602654760828379,19.18688501837962,0.0
1078,99.80105729637836,99.92105257132285,99.51496494116493,99.72933519666272,96.79245807038895,103.39820243092339,94.0,34.00000000000002,1.1472641795768748,0.36996362241010833,0.004990247050186879,-0.0009602654760828379,19.18688501837962,0.0
1079,99.89931737901053,98.8585664432123,98.22396782211247,99.72719173548931,94.4548517261327,105.14758220931671,94.0,88.10014562336332,1.0688163785440583,0.3329672601690975,0.005215722334055592,0.0043740563283262675,0.0,87.10014562336332
1080,99.90517977318336,99.02501368452882,99.60546423386381,99.58767135411492,98.09417855589423,99.90517977318338,94.0,85.10014562336332,1.0633110682605338,0.3996705341521878,0.005242732612601317,0.002832939242912125,0.0,56.49872739622697
1081,100.05085216726081,99.19941795834328,99.75069961075903,99.61978253835592,98.26694342953483,100.05085216726081,94.0,85.10014562336332,1.0582461827996912,0.459703480736969,0.0051818857246280475,0.002114305755995811,0.0,42.19689797564152
1082,100.16070649849702,99.3083374276209,99.86022437900155,99.72916356162153,98.37483905580126,100.160706498497,94.0,85.10014562336332,1.053586488175716,0.5137331326632721,0.005124689649933207,0.002114305755996105,0.0,42.196897975647076
1083,100.13714407740248,99.98111956210803,100.4759423707387,99.70795986567133,97.37170753601826,101.19257052014015,94.0,76.10014562336332,1.5804338578536172,0.2670590316836754,0.004407997326905851,-0.0013679250623992649,27.32112799227138,0.0
1084,100.20417732832966,99.98111956210803,100.4759423707387,99.70795986567133,97.37170753601826,101.19257052014015,94.0,76.10014562336332,1.5804338578536172,0.2670590316836754,0.004407997326905851,-0.0013679250623992649,27.32112799227138,0.0
1085,100.17232231759093,99.98111956210803,100.47374354823566,99.70795986567133,97.37170753601826,101.19257052014015,94.0,76.10014562336332,1.5804338578536172,0.2670590316836754,0.004407997326905851,-0.0013679250623992649,27.32112799227138,0.0
1086,100.27192160515541,100.0249020762104,100.4895543418862,99.69460489062733,95.89616013153898,102.749613415067,94.0,73.10014562336332,1.4806658158919945,0.24035312851530785,0.004341974308097056,-0.0016538053322848185,33.02149552032563,0.0
1087,100.27939543262217,100.142384993074,100.57717847740334,99.6816522739245,95.06700817156312,103.64577124088305,94.0,70.10014562336332,1.4422125506206351,0.21631781566377706,0.004358139400942808,-0.0023056921752306085,46.007763763702414,0.0
1088,100.22286333086706,100.142384993074,100.50002426715056,99.6816522739245,95.06700817156312,103.64577124088305,94.0,70.10014562336332,1.4422125506206351,0.21631781566377706,0.004358139400942808,-0.0023056921752306085,46.007763763702414,0.0
1089,100.36719500501471,100.142384993074,100.50002426715056,99.6816522739245,95.06700817156312,103.64577124088305,94.0,70.10014562336332,1.4422125506206351,0.21631781566377706,0.004358139400942808,-0.0023056921752306085,46.007763763702414,0.0
1090,100.46195711340175,100.142384993074,100.50002426715056,99.6816522739245,95.06700817156312,103.64577124088305,94.0,70.10014562336332,1.4422125506206351,0.21631781566377706,0.004358139400942808,-0.0023056921752306085,46.007763763702414,0.0
1091,100.48153985513196,100.142384993074,100.50002426715056,99.6816522739245,95.06700817156312,103.64577124088305,94.0,70.10014562336332,1.4422125506206351,0.21631781566377706,0.004358139400942808,-0.0023056921752306085,46.007763763702414,0.0
1092,100.5206836445648,100.938290879746,101.34591232836186,99.6811969137181,93.99010268874781,105.68566156657586,100.0,67.10014562336332,1.3428355465709845,0.19468603409739935,0.004848588208825421,-0.006266061088352925,124.5408412478044,0.0
1093,100.45824250942903,100.938290879746,100.69950893935768,99.6811969137181,93.99010268874781,105.68566156657586,100.0,67.10014562336332,1.3428355465709845,0.19468603409739935,0.004848588208825421,-0.006266061088352925,124.5408412478044,0.0
1094,100.45169385958964,100.938290879746,100.76673351616408,99.6811969137181,93.99010268874781,105.68566156657586,100.0,67.10014562336332,1.3428355465709845,0.19468603409739935,0.004848588208825421,-0.006266061088352925,124.5408412478044,0.0
1095,100.51726879791444,100.938290879746,100.76673351616408,99.6811969137181,93.99010268874781,105.68566156657586,100.0,67.10014562336332,1.3428355465709845,0.19468603409739935,0.004848588208825421,-0.006266061088352925,124.5408412478044,0.0
1096,100.4963360200846,101.00934648327507,101.38662416842145,99.70990440443003,93.99929783733577,107.75537204948941,100.0,64.10014562336332,1.2554087028453058,0.1752174306876594,0.005334555189930429,-0.006473928500121917,128.64572676551168,0.0
1097,100.54819672328637,101.00934648327507,100.85074897019695,99.70990440443003,93.99929783733577,107.75537204948941,100.0,64.10014562336332,1.2554087028453058,0.1752174306876594,0.005334555189930429,-0.006473928500121917,128.64572676551168,0.0
1098,100.56699289921123,101.00934648327507,101.19429510238803,99.70990440443003,93.99929783733577,107.75537204948941,100.0,64.10014562336332,1.2554087028453058,0.1752174306876594,0.005334555189930429,-0.006473928500121917,128.64572676551168,0.0
1099,100.54436756592497,101.00934648327507,100.84690829079737,99.70990440443003,93.99929783733577,107.75537204948941,100.0,64.10014562336332,1.2554087028453058,0.1752174306876594,0.005334555189930429,-0.006473928500121917,128.64572676551168,0.0
1100,100.59286771064801,101.00934648327507,101.11732725529735,99.70990440443003,93.99929783733577,107.75537204948941,100.0,64.10014562336332,1.2554087028453058,0.1752174306876594,0.005334555189930429,-0.006473928500121917,128.64572676551168,0.0
1101,100.40369504222281,101.00934648327507,101.26047024743323,99.70990440443003,93.99929783733577,107.75537204948941,100.0,64.10014562336332,1.2554087028453058,0.1752174306876594,0.005334555189930429,-0.006473928500121917,128.64572676551168,0.0
1102,100.39867464352523,101.00934648327507,100.74525535962974,99.70990440443003,93.99929783733577,107.75537204948941,100.0,64.10014562336332,1.2554087028453058,0.1752174306876594,0.005334555189930429,-0.006473928500121917,128.64572676551168,0.0
1103,100.42834196080115,101.00934648327507,100.63118221325118,99.70990440443003,93.99929783733577,107.75537204948941,100.0,64.10014562336332,1.2554087028453058,0.1752174306876594,0.005334555189930429,-0.006473928500121917,128.64572676551168,0.0
1104,100.66069551151595,101.00934648327507,100.39244879596909,99.70990440443003,93.99929783733577,107.75537204948941,100.0,64.10014562336332,1.2554087028453058,0.1752174306876594,0.005334555189930429,-0.006473928500121917,128.64572676551168,0.0
1105,100.74640088276503,101.00934648327507,100.44416168011672,99.70990440443003,93.99929783733577,107.75537204948941,100.0,64.10014562336332,1.2554087028453058,0.1752174306876594,0.005334555189930429,-0.006473928500121917,128.64572676551168,0.0
1106,100.76048188373348,100.5107906059876,99.80509799390943,99.85673192564549,99.91876508627324,101.5791694973985,100.0,64.10014562336332,1.1271212851617916,0.19584872259035907,0.005515366880483175,-0.0032642948920968114,65.07347881742342,0.0
1107,100.872206084756,100.5107906059876,100.6955689686207,99.85673192564549,99.91876508627324,101.5791694973985,100.0,64.10014562336332,1.1271212851617916,0.19584872259035907,0.005515366880483175,-0.0032642948920968114,65.07347881742342,0.0
1108,100.91918662884837,100.5107906059876,100.66377938816537,99.85673192564549,99.91876508627324,101.5791694973985,100.0,64.10014562336332,1.1271212851617916,0.19584872259035907,0.005515366880483175,-0.0032642948920968114,65.07347881742342,0.0
1109,100.9737343376289,100.5107906059876,100.63575738076095,99.85673192564549,99.91876508627324,101.5791694973985,100.0,64.10014562336332,1.1271212851617916,0.19584872259035907,0.005515366880483175,-0.0032642948920968114,65.07347881742342,0.0
1110,101.00087476903086,100.5107906059876,100.69787214472375,99.85673192564549,99.91876508627324,101.5791694973985,100.0,64.10014562336332,1.1271212851617916,0.19584872259035907,0.005515366880483175,-0.0032642948920968114,65.07347881742342,0.0
1111,101.01967585366002,100.5107906059876,100.71661682609901,99.85673192564549,99.91876508627324,101.5791694973985,100.0,64.10014562336332,1.1271212851617916,0.19584872259035907,0.005515366880483175,-0.0032642948920968114,65.07347881742342,0.0
1112,101.02129754876562,100.5107906059876,100.78513524710928,99.85673192564549,99.91876508627324,101.5791694973985,100.0,64.10014562336332,1.1271212851617916,0.19584872259035907,0.005515366880483175,-0.0032642948920968114,65.07347881742342,0.0
1113,101.2172536082694,100.56844953868068,100.91360184744458,99.88328192778624,97.04481949197351,104.5873981506943,100.0,61.10014562336332,1.0483801537774196,0.17626385033132316,0.0055946205888369625,-0.0034181176978711186,68.1294793782139,0.0
1114,101.07798250038452,100.68673569415529,101.00179794332873,99.9090421744998,95.9650139697088,105.76422338533726,100.0,58.10014562336332,1.044509741475226,0.15863746529819084,0.005724175926790671,-0.003876918686517449,77.23892469985283,0.0
1115,101.01910233704106,100.68673569415529,101.00179794332873,99.9090421744998,95.9650139697088,105.76422338533726,100.0,58.10014562336332,1.044509741475226,0.15863746529819084,0.005724175926790671,-0.003876918686517449,77.23892469985283,0.0
1116,101.06457717626886,100.68673569415529,101.00179794332873,99.9090421744998,95.9650139697088,105.76422338533726,100.0,58.10014562336332,1.044509741475226,0.15863746529819084,0.005724175926790671,-0.003876918686517449,77.23892469985283,0.0
1117,101.13267334610595,100.68673569415529,100.70139767461107,99.9090421744998,95.9650139697088,105.76422338533726,100.0,58.10014562336332,1.044509741475226,0.15863746529819084,0.005724175926790671,-0.003876918686517449,77.23892469985283,0.0
1118,101.22200170847871,100.68673569415529,100.45642497910906,99.9090421744998,95.9650139697088,105.76422338533726,100.0,58.10014562336332,1.044509741475226,0.15863746529819084,0.005724175926790671,-0.003876918686517449,77.23892469985283,0.0
1119,101.32886626697909,101.18037891764219,101.28086340263204,99.92726968825079,94.15846062075781,107.40859824299783,100.0,52.10014562336332,1.0040201904826223,0.10850802626396253,0.0058915837280570935,-0.006231037148900745,123.84903503982692,0.0
1120,101.3625859114098,101.40014255204875,101.6254120008203,99.95849768158598,94.36297265893656,108.04707795473374,100.0,49.10014562336332,1.0036985752440126,0.09765722363756628,0.006397253924584425,-0.007159587831890577,142.17385046798813,0.0
1121,101.32611206952518,101.40014255204875,101.23690438550193,99.95849768158598,94.36297265893656,108.04707795473374,100.0,49.10014562336332,1.0036985752440126,0.09765722363756628,0.006397253924584425,-0.007159587831890577,142.17385046798813,0.0
1122,101.40042650282271,101.40014255204875,101.40378135599931,99.95849768158598,94.36297265893656,108.04707795473374,100.0,49.10014562336332,1.0036985752440126,0.09765722363756628,0.006397253924584425,-0.007159587831890577,142.17385046798813,0.0
1123,101.21222353692468,101.40014255204875,101.40378135599931,99.95849768158598,94.36297265893656,108.04707795473374,100.0,49.10014562336332,1.0036985752440126,0.09765722363756628,0.006397253924584425,-0.007159587831890577,142.17385046798813,0.0
1124,101.28902758365754,101.40014255204875,101.40378135599931,99.95849768158598,94.36297265893656,108.04707795473374,100.0,49.10014562336332,1.0036985752440126,0.09765722363756628,0.006397253924584425,-0.007159587831890577,142.17385046798813,0.0
1125,101.36085475378088,101.40014255204875,101.44134535068807,99.95849768158598,94.36297265893656,108.04707795473374,100.0,49.10014562336332,1.0036985752440126,0.09765722363756628,0.006397253924584425,-0.007159587831890577,142.17385046798813,0.0
1126,101.44188322182366,101.40014255204875,101.44134535068807,99.95849768158598,94.36297265893656,108.04707795473374,100.0,49.10014562336332,1.0036985752440126,0.09765722363756628,0.006397253924584425,-0.007159587831890577,142.17385046798813,0.0
1127,101.47753095136453,101.40014255204875,101.46819032124864,99.95849768158598,94.36297265893656,108.04707795473374,100.0,49.10014562336332,1.0036985752440126,0.09765722363756628,0.006397253924584425,-0.007159587831890577,142.17385046798813,0.0
1128,101.49538954318359,101.40014255204875,101.46819032124864,99.95849768158598,94.36297265893656,108.04707795473374,100.0,49.10014562336332,1.0036985752440126,0.09765722363756628,0.006397253924584425,-0.007159587831890577,142.17385046798813,0.0
1129,101.45569176161743,101.40014255204875,101.5357406236177,99.95849768158598,94.36297265893656,108.04707795473374,100.0,49.10014562336332,1.0036985752440126,0.09765722363756628,0.006397253924584425,-0.007159587831890577,142.17385046798813,0.0
1130,101.51795033837962,101.62830815561941,101.8131006843191,100.00413420012448,94.57530356961942,108.22492512579426,100.0,43.10014562336332,0.9464940975951035,0.06679754096809534,0.0070441488907619434,-0.008055122164464856,159.81511303011175,0.0
1131,101.63319334231478,101.62830815561941,101.8131006843191,100.00413420012448,94.57530356961942,108.22492512579426,100.0,43.10014562336332,0.9464940975951035,0.06679754096809534,0.0070441488907619434,-0.008055122164464856,159.81511303011175,0.0
1132,101.55131169808399,101.62830815561941,101.8131006843191,100.00413420012448,94.57530356961942,108.22492512579426,100.0,43.10014562336332,0.9464940975951035,0.06679754096809534,0.0070441488907619434,-0.008055122164464856,159.81511303011175,0.0
1133,101.61811280448282,101.62830815561941,101.8131006843191,100.00413420012448,94.57530356961942,108.22492512579426,100.0,43.10014562336332,0.9464940975951035,0.06679754096809534,0.0070441488907619434,-0.008055122164464856,159.81511303011175,0.0
1134,101.57249052381029,101.62830815561941,101.52378382207492,100.00413420012448,94.57530356961942,108.22492512579426,100.0,43.10014562336332,0.9464940975951035,0.06679754096809534,0.0070441488907619434,-0.008055122164464856,159.81511303011175,0.0
1135,101.51743290233196,101.62830815561941,101.52040672756537,100.00413420012448,94.57530356961942,108.22492512579426,100.0,43.10014562336332,0.9464940975951035,0.06679754096809534,0.0070441488907619434,-0.008055122164464856,159.81511303011175,0.0
1136,101.53360013724657,101.62830815561941,101.42967787528495,100.00413420012448,94.57530356961942,108.22492512579426,100.0,43.10014562336332,0.9464940975951035,0.06679754096809534,0.0070441488907619434,-0.008055122164464856,159.81511303011175,0.0
1137,101.42761478359881,101.62830815561941,101.36755773390982,100.00413420012448,94.57530356961942,108.22492512579426,100.0,43.10014562336332,0.9464940975951035,0.06679754096809534,0.0070441488907619434,-0.008055122164464856,159.81511303011175,0.0
1138,101.41971733625373,101.62830815561941,101.36755773390982,100.00413420012448,94.57530356961942,108.22492512579426,100.0,43.10014562336332,0.9464940975951035,0.06679754096809534,0.0070441488907619434,-0.008055122164464856,159.81511303011175,0.0
1139,101.31966990013697,101.62830815561941,101.36755773390982,100.00413420012448,94.57530356961942,108.22492512579426,100.0,43.10014562336332,0.9464940975951035,0.06679754096809534,0.0070441488907619434,-0.008055122164464856,159.81511303011175,0.0
1140,101.21599859517295,101.62830815561941,101.06672979483797,100.00413420012448,94.57530356961942,108.22492512579426,100.0,43.10014562336332,0.9464940975951035,0.06679754096809534,0.0070441488907619434,-0.008055122164464856,159.81511303011175,0.0
1141,101.27112953288501,101.62830815561941,101.06672979483797,100.00413420012448,94.57530356961942,108.22492512579426,100.0,43.10014562336332,0.9464940975951035,0.06679754096809534,0.0070441488907619434,-0.008055122164464856,159.81511303011175,0.0
1142,101.08789823123176,101.37660016497205,100.66482864927013,100.14423803780741,100.36283416332233,101.8154261342813,100.0,43.10014562336332,0.8774412364541619,0.1601177868712858,0.007355346144568456,-0.006115308660658613,121.56277929612935,0.0
1143,101.0950985738589,101.32734467999553,100.6159189901661,100.28453815822895,100.31407123319558,101.7659574385056,100.0,43.10014562336332,0.887245937537829,0.24410600818415723,0.00753471249415048,-0.005172346525841095,102.91462043734545,0.0
1144,101.09371929188141,101.32734467999553,100.79043813400577,100.28453815822895,100.31407123319558,101.7659574385056,100.0,43.10014562336332,0.887245937537829,0.24410600818415723,0.00753471249415048,-0.005172346525841095,102.91462043734545,0.0
1145,100.97321329311413,101.32734467999553,100.79043813400577,100.28453815822895,100.31407123319558,101.7659574385056,100.0,43.10014562336332,0.887245937537829,0.24410600818415723,0.00753471249415048,-0.005172346525841095,102.91462043734545,0.0
1146,101.13325053746485,101.32734467999553,100.82985078585247,100.28453815822895,100.31407123319558,101.7659574385056,100.0,43.10014562336332,0.887245937537829,0.24410600818415723,0.00753471249415048,-0.005172346525841095,102.91462043734545,0.0
1147,101.03194800480985,101.32734467999553,100.84444061055997,100.28453815822895,100.31407123319558,101.7659574385056,100.0,43.10014562336332,0.887245937537829,0.24410600818415723,0.00753471249415048,-0.005172346525841095,102.91462043734545,0.0
1148,101.13737926285653,101.32734467999553,100.63723595916953,100.28453815822895,100.31407123319558,101.7659574385056,100.0,43.10014562336332,0.887245937537829,0.24410600818415723,0.00753471249415048,-0.005172346525841095,102.91462043734545,0.0
1149,101.07695890060599,101.32734467999553,100.95504028337554,100.28453815822895,100.31407123319558,101.7659574385056,100.0,43.10014562336332,0.887245937537829,0.24410600818415723,0.00753471249415048,-0.005172346525841095,102.91462043734545,0.0
1150,101.13767679412506,101.32734467999553,100.95504028337554,100.28453815822895,100.31407123319558,101.7659574385056,100.0,43.10014562336332,0.887245937537829,0.24410600818415723,0.00753471249415048,-0.005172346525841095,102.91462043734545,0.0
1151,101.2423954030259,101.36849729721459,101.5018663272979,100.30704237340674,96.12824700051083,106.19727106379409,100.0,46.10014562336332,0.8262662625348027,0.2196954073657415,0.007714217329303802,-0.005263181273948331,104.71250458568338,0.0
1152,101.24711167248134,101.56155323816532,101.7258261182215,100.3288762871673,94.6565210304037,107.84843339342261,100.0,49.10014562336332,0.8401649615320185,0.19772586662916736,0.007984054158199637,-0.006105673032130225,121.37240045033026,0.0
1153,101.26658808725918,101.56155323816532,101.65776384327842,100.3288762871673,94.6565210304037,107.84843339342261,100.0,49.10014562336332,0.8401649615320185,0.19772586662916736,0.007984054158199637,-0.006105673032130225,121.37240045033026,0.0
1154,101.19010720069785,101.56155323816532,101.49459097361868,100.3288762871673,94.6565210304037,107.84843339342261,100.0,49.10014562336332,0.8401649615320185,0.19772586662916736,0.007984054158199637,-0.006105673032130225,121.37240045033026,0.0
1155,101.05282272097047,101.56155323816532,101.35689340117398,100.3288762871673,94.6565210304037,107.84843339342261,100.0,49.10014562336332,0.8401649615320185,0.19772586662916736,0.007984054158199637,-0.006105673032130225,121.37240045033026,0.0
1156,101.12746235083571,101.56155323816532,101.35689340117398,100.3288762871673,94.6565210304037,107.84843339342261,100.0,49.10014562336332,0.8401649615320185,0.19772586662916736,0.007984054158199637,-0.006105673032130225,121.37240045033026,0.0
1157,101.11448764236394,101.56155323816532,101.35689340117398,100.3288762871673,94.6565210304037,107.84843339342261,100.0,49.10014562336332,0.8401649615320185,0.19772586662916736,0.007984054158199637,-0.006105673032130225,121.37240045033026,0.0
1158,101.02364851060877,101.56155323816532,101.23008026485707,100.3288762871673,94.6565210304037,107.84843339342261,100.0,49.10014562336332,0.8401649615320185,0.19772586662916736,0.007984054158199637,-0.006105673032130225,121.37240045033026,0.0
1159,101.00630791972365,101.56155323816532,100.88861454904986,100.3288762871673,94.6565210304037,107.84843339342261,100.0,49.10014562336332,0.8401649615320185,0.19772586662916736,0.007984054158199637,-0.006105673032130225,121.37240045033026,0.0
1160,100.77781651470015,101.56155323816532,101.31773154344225,100.3288762871673,94.6565210304037,107.84843339342261,100.0,49.10014562336332,0.8401649615320185,0.19772586662916736,0.007984054158199637,-0.006105673032130225,121.37240045033026,0.0
1161,100.75535917800795,101.56155323816532,101.058534782355,100.3288762871673,94.6565210304037,107.84843339342261,100.0,49.10014562336332,0.8401649615320185,0.19772586662916736,0.007984054158199637,-0.006105673032130225,121.37240045033026,0.0
1162,100.91046563199983,101.56155323816532,101.058534782355,100.3288762871673,94.6565210304037,107.84843339342261,100.0,49.10014562336332,0.8401649615320185,0.19772586662916736,0.007984054158199637,-0.006105673032130225,121.37240045033026,0.0
1163,100.86964058099636,101.12325612224093,100.41326335107173,100.4694350821679,100.11202356101853,101.62222271563168,100.0,49.10014562336332,0.7802244918821843,0.27795327996625063,0.00789420557365083,-0.0032432775026058694,64.65585317809386,0.0
1164,100.87430880890842,101.12325612224093,100.57168588248169,100.4694350821679,100.11202356101853,101.62222271563168,100.0,49.10014562336332,0.7802244918821843,0.27795327996625063,0.00789420557365083,-0.0032432775026058694,64.65585317809386,0.0
1165,100.64671937104454,101.12325612224093,100.7508354688047,100.4694350821679,100.11202356101853,101.62222271563168,100.0,49.10014562336332,0.7802244918821843,0.27795327996625063,0.00789420557365083,-0.0032432775026058694,64.65585317809386,0.0
1166,100.63842059137927,101.12325612224093,100.7508354688047,100.4694350821679,100.11202356101853,101.62222271563168,100.0,49.10014562336332,0.7802244918821843,0.27795327996625063,0.00789420557365083,-0.0032432775026058694,64.65585317809386,0.0
1167,100.7661690533177,101.12325612224093,100.7508354688047,100.4694350821679,100.11202356101853,101.62222271563168,100.0,49.10014562336332,0.7802244918821843,0.27795327996625063,0.00789420557365083,-0.0032432775026058694,64.65585317809386,0.0
1168,100.80964625829922,101.12325612224093,100.42987998613852,100.4694350821679,100.11202356101853,101.62222271563168,100.0,49.10014562336332,0.7802244918821843,0.27795327996625063,0.00789420557365083,-0.0032432775026058694,64.65585317809386,0.0
1169,100.76842833924823,101.12325612224093,100.46612305423048,100.4694350821679,100.11202356101853,101.62222271563168,100.0,49.10014562336332,0.7802244918821843,0.27795327996625063,0.00789420557365083,-0.0032432775026058694,64.65585317809386,0.0
1170,100.79836572091186,101.12325612224093,100.49597062374913,100.4694350821679,100.11202356101853,101.62222271563168,100.0,49.10014562336332,0.7802244918821843,0.27795327996625063,0.00789420557365083,-0.0032432775026058694,64.65585317809386,0.0
1171,100.83971031180863,101.12325612224093,100.53719118087321,100.4694350821679,100.11202356101853,101.62222271563168,100.0,49.10014562336332,0.7802244918821843,0.27795327996625063,0.00789420557365083,-0.0032432775026058694,64.65585317809386,0.0
1172,100.8814178732488,101.12325612224093,100.57877361962903,100.4694350821679,100.11202356101853,101.62222271563168,100.0,49.10014562336332,0.7802244918821843,0.27795327996625063,0.00789420557365083,-0.0032432775026058694,64.65585317809386,0.0
1173,101.03439757860053,101.12325612224093,100.7312943858647,100.4694350821679,100.11202356101853,101.62222271563168,100.0,49.10014562336332,0.7802244918821843,0.27795327996625063,0.00789420557365083,-0.0032432775026058694,64.65585317809386,0.0
1174,101.06200963244689,101.12325612224093,100.56153458985378,100.4694350821679,100.11202356101853,101.62222271563168,100.0,49.10014562336332,0.7802244918821843,0.27795327996625063,0.00789420557365083,-0.0032432775026058694,64.65585317809386,0.0
1175,101.01073365782932,101.12325612224093,100.70770145685582,100.4694350821679,100.11202356101853,101.62222271563168,100.0,49.10014562336332,0.7802244918821843,0.27795327996625063,0.00789420557365083,-0.0032432775026058694,64.65585317809386,0.0
1176,101.04659751216455,101.07748784847809,100.36781641925103,100.42693818146475,100.0667129699933,101.57622861014109,100.0,49.10014562336332,0.7239603786854558,0.3501579519696256,0.007807970194818849,-0.003228463413089835,64.36147957976091,0.0
1177,101.09531860658986,101.07748784847809,100.72996635213661,100.42693818146475,100.0667129699933,101.57622861014109,100.0,49.10014562336332,0.7239603786854558,0.3501579519696256,0.007807970194818849,-0.003228463413089835,64.36147957976091,0.0
1178,101.02130238460174,101.07748784847809,100.7031241709423,100.42693818146475,100.0667129699933,101.57622861014109,100.0,49.10014562336332,0.7239603786854558,0.3501579519696256,0.007807970194818849,-0.003228463413089835,64.36147957976091,0.0
1179,100.85002673195244,101.07748784847809,100.7031241709423,100.42693818146475,100.0667129699933,101.57622861014109,100.0,49.10014562336332,0.7239603786854558,0.3501579519696256,0.007807970194818849,-0.003228463413089835,64.36147957976091,0.0
1180,100.89344996936678,100.91372232429295,100.20520070315948,100.2864388404976,99.90458510105002,101.41165502726746,100.0,49.10014562336332,0.6860435483906194,0.4151421567726631,0.007713618233882185,-0.003117708654724055,62.160375154880484,0.0
1181,101.06261509554618,98.97505489233164,98.28014477774155,100.30034243138152,98.37516116822434,102.98828687644875,97.0,100.0,0.9727048503251086,0.28395723523250155,0.007899033417497201,0.006650532664085004,0.0,132.13190572669674
1182,100.98842873189322,100.05031161484295,100.72721466222197,100.31372284244375,96.83323558807969,104.62822251451412,91.0,94.0,1.178413000593298,0.19422674889903108,0.007245684577158278,0.0013146632244368504,0.0,26.25874308488263
1183,100.7861587501754,100.16572115430796,100.81286492110338,100.32395325721807,95.44010796770137,106.15546792275892,91.0,91.0,1.1641399605458342,0.17480407400912798,0.006905650905028871,0.0007892281903022176,0.0,15.77211600747086
1184,100.89560006952973,100.2866665079875,100.82133155358584,100.32895246137218,94.13101676785773,107.2801155499715,91.0,88.0,1.1510087637021675,0.15732366660821517,0.006516605566676967,0.00021078096312691208,0.0,4.214730877506456
1185,101.00114166281226,100.2866665079875,100.82133155358584,100.32895246137218,94.13101676785773,107.2801155499715,91.0,88.0,1.1510087637021675,0.15732366660821517,0.006516605566676967,0.00021078096312691208,0.0,4.214730877506456
1186,100.75494966011841,100.2866665079875,100.82133155358584,100.32895246137218,94.13101676785773,107.2801155499715,91.0,88.0,1.1510087637021675,0.15732366660821517,0.006516605566676967,0.00021078096312691208,0.0,4.214730877506456
1187,100.72846807573559,100.2866665079875,100.73499127251497,100.32895246137218,94.13101676785773,107.2801155499715,91.0,88.0,1.1510087637021675,0.15732366660821517,0.006516605566676967,0.00021078096312691208,0.0,4.214730877506456
1188,100.85194425723353,100.2866665079875,100.73499127251497,100.32895246137218,94.13101676785773,107.2801155499715,91.0,88.0,1.1510087637021675,0.15732366660821517,0.006516605566676967,0.00021078096312691208,0.0,4.214730877506456
1189,100.78330255596583,100.2866665079875,100.75702635252476,100.32895246137218,94.13101676785773,107.2801155499715,91.0,88.0,1.1510087637021675,0.15732366660821517,0.006516605566676967,0.00021078096312691208,0.0,4.214730877506456
1190,100.81128733729152,100.2866665079875,100.75702635252476,100.32895246137218,94.13101676785773,107.2801155499715,91.0,88.0,1.1510087637021675,0.15732366660821517,0.006516605566676967,0.00021078096312691208,0.0,4.214730877506456
1191,100.79296687744622,100.63715860406575,101.1954080970787,100.32515555488067,93.73807883312261,107.36818739140223,91.0,82.0,1.0643067459755327,0.10760938796001919,0.005892924676930677,-0.001552545065431067,31.002768113971293,0.0
1192,100.81153807887502,102.49722373927375,103.03461591858833,100.370365479348,95.47062906305158,108.64109911170108,100.0,82.0,1.0591622062974901,0.09684844916401728,0.006797472012403147,-0.010483972664720424,207.50398716514962,0.0
1193,100.93328262956072,101.95281073693,101.2369936103919,100.51098239989604,100.93328262956072,102.79573577024604,100.0,82.0,1.054429229793691,0.18716360424761555,0.007244207727244081,-0.007121413239845717,141.42114637274216,0.0
1194,100.88556154929354,101.904607625549,101.18912893610184,100.65179632200176,100.88556154929353,102.74713412537712,100.0,82.0,1.0500748914101958,0.268447243822854,0.007551764695415177,-0.006184999729120693,122.9396131086391,0.0
1195,100.72510629839722,101.74253161454266,101.13178295144883,100.79280752166049,100.72510629839724,102.58371810298716,100.0,82.0,1.0460689000973802,0.34160251944056863,0.007661364201099781,-0.004689177192151615,93.34582871205366,0.0
1196,100.68125616536707,101.61622055949285,100.90276665385952,100.93937376751444,100.68125616536707,102.53905883330896,100.0,82.0,1.2310590427098802,0.309656123297349,0.00739549859034493,-0.00334153590883157,66.60814466939891,0.0
1197,100.61954854284761,101.61622055949285,100.90276665385952,100.93937376751444,100.68125616536707,102.53905883330896,100.0,82.0,1.2310590427098802,0.309656123297349,0.00739549859034493,-0.00334153590883157,66.60814466939891,0.0
1198,100.60859362983011,101.61622055949285,100.90276665385952,100.93937376751444,100.68125616536707,102.53905883330896,100.0,82.0,1.2310590427098802,0.309656123297349,0.00739549859034493,-0.00334153590883157,66.60814466939891,0.0
1199,100.55955743472366,101.5753105401249,100.86214386632261,101.0018018774112,100.55955743472366,102.41511447885148,100.0,82.0,1.1592409859597566,0.3786905109676141,0.007291497198893562,-0.0028310634694587162,56.461423515624666,0.0
1200,100.50367015907229,101.36562287120057,101.12233788766686,100.9495079577145,100.5036701590723,102.35819595335518,97.0,82.0,1.3122713315247214,0.335024309501848,0.0068855178807149305,-0.002056766153777987,41.050890992384566,0.0
1201,100.47992657110002,101.36562287120057,100.78227339127385,100.9495079577145,100.5036701590723,102.35819595335518,97.0,82.0,1.3122713315247214,0.335024309501848,0.0068855178807149305,-0.002056766153777987,41.050890992384566,0.0
1202,100.51624567577646,101.36562287120057,100.7190725936154,100.9495079577145,100.5036701590723,102.35819595335518,97.0,82.0,1.3122713315247214,0.335024309501848,0.0068855178807149305,-0.002056766153777987,41.050890992384566,0.0
1203,100.42965037936831,101.33003237834757,100.64907829917514,100.80827753094007,100.34713106427762,102.16780840728735,97.0,82.0,1.2339562916694105,0.4015218785516632,0.0067821287898087715,-0.002581177450438083,51.490642523371875,0.0
1204,100.38564570680545,101.33003237834757,100.96881325191195,100.80827753094007,100.34713106427762,102.16780840728735,97.0,82.0,1.2339562916694105,0.4015218785516632,0.0067821287898087715,-0.002581177450438083,51.490642523371875,0.0
1205,100.28637012809949,101.26867628809399,100.58813453169456,100.7200888837856,100.28637012809948,102.10594503740069,97.0,82.0,1.1752397883358576,0.4613696906964969,0.006701113497812474,-0.0027159302837540143,54.17147971281344,0.0
1206,100.27199713858694,101.25416251498226,100.57371829346732,100.70565373393036,100.27199713858694,102.09131126737473,97.0,82.0,1.161220605268989,0.5152327216268472,0.006624959123336008,-0.002715930283754398,54.17147971282121,0.0
1207,100.25671585065105,101.23873154665358,100.5583910237222,100.69030635744058,100.25671585065105,102.07575271894898,97.0,82.0,1.14832295684747,0.5637094494641625,0.0065533740113280625,-0.002715930283753917,54.17147971281011,0.0
1208,100.40347750696995,101.23873154665358,100.5583910237222,100.69030635744058,100.25671585065105,102.07575271894898,97.0,82.0,1.14832295684747,0.5637094494641625,0.0065533740113280625,-0.002715930283753917,54.17147971281011,0.0
1209,100.40146458066639,101.23873154665358,100.77488165128666,100.69030635744058,100.25671585065105,102.07575271894898,97.0,82.0,1.14832295684747,0.5637094494641625,0.0065533740113280625,-0.002715930283753917,54.17147971281011,0.0
1210,100.14460264083647,101.12552018664694,100.44594046222313,100.57770828012302,100.14460264083647,101.96160535052122,95.0,82.0,1.083123786966339,0.6073385045177462,0.006486084006040648,-0.002715930283754398,54.1714797128201,0.0
1211,100.23921047510078,101.03762755589833,100.37890681456099,100.50571554148016,100.0777700941173,101.87298604143811,92.0,82.0,1.076473884009032,0.6466046540659716,0.006413623000392989,-0.002639194161630936,52.64494300639577,0.0
1212,100.26798266342821,101.03762755589833,100.37890681456099,100.50571554148016,100.0777700941173,101.87298604143811,92.0,82.0,1.076473884009032,0.6466046540659716,0.006413623000392989,-0.002639194161630936,52.64494300639577,0.0
1213,100.35655674146423,100.85583558323896,100.22864783939131,100.36510598937478,99.92796189587315,101.68969104984771,89.0,82.0,1.0303559732883094,0.6819441886593745,0.0063214574067563195,-0.002438760051657385,48.65653940858583,0.0
1214,100.1371489980747,100.71941278041929,100.15368689118122,100.27151654086742,99.85551344865239,101.5852067964802,83.0,82.0,1.2197834464316908,0.5424498250430121,0.005991090975362766,-0.0022284400647548832,44.46970322676047,0.0
1215,100.10568460894201,100.71941278041929,100.15368689118122,100.27151654086742,99.85551344865239,101.5852067964802,83.0,82.0,1.2197834464316908,0.5424498250430121,0.005991090975362766,-0.0022284400647548832,44.46970322676047,0.0
1216,99.9100206149932,100.71941278041929,100.15368689118122,100.27151654086742,99.85551344865239,101.5852067964802,83.0,82.0,1.2197834464316908,0.5424498250430121,0.005991090975362766,-0.0022284400647548832,44.46970322676047,0.0
1217,99.7889614672534,100.62414184456327,100.08922915471757,100.18655486582603,99.7889614672534,101.45608171462318,80.0,82.0,1.1488674373838221,0.5882048425387109,0.005893118163517343,-0.002179101939815157,43.48727558970866,0.0
1218,99.83431891326357,100.62414184456327,100.33225394585885,100.18655486582603,99.7889614672534,101.45608171462318,80.0,82.0,1.1488674373838221,0.5882048425387109,0.005893118163517343,-0.002179101939815157,43.48727558970866,0.0
1219,99.87356743151335,100.36993222842543,99.86657248806227,100.19950319623136,98.13943910546948,103.16135002522962,77.0,82.0,1.0969580423931165,0.5293843582848398,0.005641498199166923,-0.0008497258409948136,16.980088399999318,0.0
1220,99.87996555792853,100.36993222842543,100.50432426520102,100.19950319623136,98.13943910546948,103.16135002522962,77.0,82.0,1.0969580423931165,0.5293843582848398,0.005641498199166923,-0.0008497258409948136,16.980088399999318,0.0
1221,99.76329356888154,100.36993222842543,100.06348402094439,100.19950319623136,98.13943910546948,103.16135002522962,77.0,82.0,1.0969580423931165,0.5293843582848398,0.005641498199166923,-0.0008497258409948136,16.980088399999318,0.0
1222,99.79217023216604,100.36993222842543,100.06348402094439,100.19950319623136,98.13943910546948,103.16135002522962,77.0,82.0,1.0969580423931165,0.5293843582848398,0.005641498199166923,-0.0008497258409948136,16.980088399999318,0.0
1223,99.80127501629563,100.36993222842543,100.23706732334242,100.19950319623136,98.13943910546948,103.16135002522962,77.0,82.0,1.0969580423931165,0.5293843582848398,0.005641498199166923,-0.0008497258409948136,16.980088399999318,0.0
1224,99.70220353695044,100.36993222842543,100.53143872650853,100.19950319623136,98.13943910546948,103.16135002522962,77.0,82.0,1.0969580423931165,0.5293843582848398,0.005641498199166923,-0.0008497258409948136,16.980088399999318,0.0
1225,99.80331559841733,100.36993222842543,100.10362647785088,100.19950319623136,98.13943910546948,103.16135002522962,77.0,82.0,1.0969580423931165,0.5293843582848398,0.005641498199166923,-0.0008497258409948136,16.980088399999318,0.0
1226,99.72437558543312,100.36993222842543,100.0244489322298,100.19950319623136,98.13943910546948,103.16135002522962,77.0,82.0,1.0969580423931165,0.5293843582848398,0.005641498199166923,-0.0008497258409948136,16.980088399999318,0.0
1227,99.94118369546709,100.36993222842543,100.35962496633131,100.19950319623136,98.13943910546948,103.16135002522962,77.0,82.0,1.0969580423931165,0.5293843582848398,0.005641498199166923,-0.0008497258409948136,16.980088399999318,0.0
1228,100.0341096559344,100.57781170099328,101.07456734793901,100.21531416799141,94.87311110363379,106.71302870820763,77.0,76.00000000000001,1.0165548689990782,0.3620989010668304,0.0052726878371032754,-0.0018053284017222383,36.04150128852734,0.0
1229,100.03362023846559,100.57781170099328,100.42986732221792,100.21531416799141,94.87311110363379,106.71302870820763,77.0,76.00000000000001,1.0165548689990782,0.3620989010668304,0.0052726878371032754,-0.0018053284017222383,36.04150128852734,0.0
1230,100.10809659364492,100.57781170099328,100.2691510839277,100.21531416799141,94.87311110363379,106.71302870820763,77.0,76.00000000000001,1.0165548689990782,0.3620989010668304,0.0052726878371032754,-0.0018053284017222383,36.04150128852734,0.0
1231,100.18724811134217,100.57781170099328,100.2691510839277,100.21531416799141,94.87311110363379,106.71302870820763,77.0,76.00000000000001,1.0165548689990782,0.3620989010668304,0.0052726878371032754,-0.0018053284017222383,36.04150128852734,0.0
1232,100.22073118929335,100.57186956842371,100.09775945110016,100.22041910310297,93.80961820238203,107.42259345277019,74.0,76.00000000000001,0.955230479479152,0.3258890109601474,0.0051663650060320655,-0.0017503185388542378,34.94520553599001,0.0
1233,100.18005716581443,100.57186956842371,100.09775945110016,100.22041910310297,93.80961820238203,107.42259345277019,74.0,76.00000000000001,0.955230479479152,0.3258890109601474,0.0051663650060320655,-0.0017503185388542378,34.94520553599001,0.0
1234,100.20582958828025,100.57186956842371,100.137975780708,100.22041910310297,93.80961820238203,107.42259345277019,74.0,76.00000000000001,0.955230479479152,0.3258890109601474,0.0051663650060320655,-0.0017503185388542378,34.94520553599001,0.0
1235,100.07026221266884,100.40060424081459,100.05569328630875,100.08020868655125,99.65763976943256,101.16949238292482,71.0,73.00000000000001,0.9054787077874865,0.39330010986413266,0.005048159558899485,-0.0015981357496760746,31.911715739764148,0.0
1236,99.91709214552782,100.40060424081459,100.00693471870115,100.08020868655125,99.65763976943256,101.16949238292482,71.0,73.00000000000001,0.9054787077874865,0.39330010986413266,0.005048159558899485,-0.0015981357496760746,31.911715739764148,0.0
1237,99.96641718434566,100.40060424081459,100.00693471870115,100.08020868655125,99.65763976943256,101.16949238292482,71.0,73.00000000000001,0.9054787077874865,0.39330010986413266,0.005048159558899485,-0.0015981357496760746,31.911715739764148,0.0
1238,99.93412076014832,100.41620334242653,100.85116826070237,100.22041910310297,99.7032482986953,101.15463215717389,68.0,70.00000000000001,0.8597070778311543,0.45397009887771944,0.00486236783066221,-0.0009758150677437081,19.497275619545505,0.0
1239,100.17360546911779,100.41620334242653,100.18519898327277,100.22041910310297,99.7032482986953,101.15463215717389,68.0,70.00000000000001,0.8597070778311543,0.45397009887771944,0.00486236783066221,-0.0009758150677437081,19.497275619545505,0.0
1240,100.1741896093957,100.41620334242653,100.18519898327277,100.22041910310297,99.7032482986953,101.15463215717389,68.0,70.00000000000001,0.8597070778311543,0.45397009887771944,0.00486236783066221,-0.0009758150677437081,19.497275619545505,0.0
1241,100.23640826941252,100.41620334242653,100.18519898327277,100.22041910310297,99.7032482986953,101.15463215717389,68.0,70.00000000000001,0.8597070778311543,0.45397009887771944,0.00486236783066221,-0.0009758150677437081,19.497275619545505,0.0
1242,100.14921138463114,100.41620334242653,100.18519898327277,100.22041910310297,99.7032482986953,101.15463215717389,68.0,70.00000000000001,0.8597070778311543,0.45397009887771944,0.00486236783066221,-0.0009758150677437081,19.497275619545505,0.0
1243,100.22161169288061,100.41620334242653,100.18519898327277,100.22041910310297,99.7032482986953,101.15463215717389,68.0,70.00000000000001,0.8597070778311543,0.45397009887771944,0.00486236783066221,-0.0009758150677437081,19.497275619545505,0.0
1244,100.31040343519494,100.41620334242653,100.7514576959296,100.22041910310297,99.7032482986953,101.15463215717389,68.0,70.00000000000001,0.8597070778311543,0.45397009887771944,0.00486236783066221,-0.0009758150677437081,19.497275619545505,0.0
1245,100.25004326063498,100.41620334242653,100.2560733310424,100.22041910310297,99.7032482986953,101.15463215717389,68.0,70.00000000000001,0.8597070778311543,0.45397009887771944,0.00486236783066221,-0.0009758150677437081,19.497275619545505,0.0
1246,100.31083177717161,100.41620334242653,100.28069509696279,100.22041910310297,99.7032482986953,101.15463215717389,68.0,70.00000000000001,0.8597070778311543,0.45397009887771944,0.00486236783066221,-0.0009758150677437081,19.497275619545505,0.0
1247,100.41619330722372,100.41620334242653,100.28069509696279,100.22041910310297,99.7032482986953,101.15463215717389,68.0,70.00000000000001,0.8597070778311543,0.45397009887771944,0.00486236783066221,-0.0009758150677437081,19.497275619545505,0.0
1248,100.36919352634808,100.41620334242653,100.21640156928112,100.22041910310297,99.7032482986953,101.15463215717389,68.0,70.00000000000001,0.8597070778311543,0.45397009887771944,0.00486236783066221,-0.0009758150677437081,19.497275619545505,0.0
1249,100.38402562806826,99.52842925063813,99.19899713777244,100.08770136665807,99.70266937652556,101.09293992352993,60.0,67.00000000000001,1.4499001434157428,0.22325138031245118,0.004330539957841083,0.0028017380874504312,0.0,55.87820565197465
1250,100.42584360835188,99.87963529158358,100.22141343167155,100.11658248235577,99.15447251343886,100.42584360835188,54.0,61.000000000000014,1.5208483429151372,0.2287039441337166,0.00410424521604023,0.001184758358980671,0.0,23.667127352650084
1251,100.34617490497813,99.87963529158358,100.22141343167155,100.11658248235577,99.15447251343886,100.42584360835188,54.0,61.000000000000014,1.5208483429151372,0.2287039441337166,0.00410424521604023,0.001184758358980671,0.0,23.667127352650084
1252,100.32373256521299,99.87963529158358,100.22141343167155,100.11658248235577,99.15447251343886,100.42584360835188,54.0,61.000000000000014,1.5208483429151372,0.2287039441337166,0.00410424521604023,0.001184758358980671,0.0,23.667127352650084
1253,100.19133400186375,99.87963529158358,100.22141343167155,100.11658248235577,99.15447251343886,100.42584360835188,54.0,61.000000000000014,1.5208483429151372,0.2287039441337166,0.00410424521604023,0.001184758358980671,0.0,23.667127352650084
1254,100.00144821891469,99.87963529158358,100.22141343167155,100.11658248235577,99.15447251343886,100.42584360835188,54.0,61.000000000000014,1.5208483429151372,0.2287039441337166,0.00410424521604023,0.001184758358980671,0.0,23.667127352650084
1255,100.08433605816799,99.87963529158358,100.00030488912324,100.11658248235577,99.15447251343886,100.42584360835188,54.0,61.000000000000014,1.5208483429151372,0.2287039441337166,0.00410424521604023,0.001184758358980671,0.0,23.667127352650084
1256,100.09936500211668,105.3370745393594,105.66562361982223,100.12669116702968,98.48215907663605,102.46550380700658,100.0,61.000000000000014,1.4125138088152596,0.20583354972034495,0.006901739278906407,-0.025359135000842244,494.63908079038777,0.0
1257,100.12199479466841,101.13332807542263,100.60926023847121,100.26696670462817,100.1219947946684,101.75402764405133,100.0,61.000000000000014,1.379512704110039,0.2852501947483105,0.007003840749379173,-0.004301688692862093,85.66526854019263,0.0
1258,100.06393719749242,100.87401024826231,100.1657674481241,100.41118006962269,100.06393719749244,101.69502368233339,100.0,58.000000000000014,1.470338316469364,0.2711111332078444,0.006700115847268144,-0.0022993752193526096,45.88200444302193,0.0
1259,100.18056845669338,100.84430708579457,100.13627283343695,100.27070277457638,99.83586401493662,101.43261626010317,100.0,58.000000000000014,1.432711251151815,0.34400001988705997,0.006640364325484285,-0.0028521208417832352,56.88018766693337,0.0
1260,100.29519185821312,100.84430708579457,100.5076748413949,100.27070277457638,99.83586401493662,101.43261626010317,100.0,58.000000000000014,1.432711251151815,0.34400001988705997,0.006640364325484285,-0.0028521208417832352,56.88018766693337,0.0
1261,100.23786245897212,100.84430708579457,100.86285772409414,100.27070277457638,99.83586401493662,101.43261626010317,100.0,58.000000000000014,1.432711251151815,0.34400001988705997,0.006640364325484285,-0.0028521208417832352,56.88018766693337,0.0
1262,100.3891631332872,100.84430708579457,100.69123684381864,100.27070277457638,99.83586401493662,101.43261626010317,100.0,58.000000000000014,1.432711251151815,0.34400001988705997,0.006640364325484285,-0.0028521208417832352,56.88018766693337,0.0
1263,100.3989501277726,100.84430708579457,100.62944408010779,100.27070277457638,99.83586401493662,101.43261626010317,100.0,58.000000000000014,1.432711251151815,0.34400001988705997,0.006640364325484285,-0.0028521208417832352,56.88018766693337,0.0
1264,100.33188008133138,100.84430708579457,100.65425147403418,100.27070277457638,99.83586401493662,101.43261626010317,100.0,58.000000000000014,1.432711251151815,0.34400001988705997,0.006640364325484285,-0.0028521208417832352,56.88018766693337,0.0
1265,100.34299505060453,100.35733883459635,99.65272361710173,100.28149508563207,96.6403609353069,104.78657970246901,100.0,58.000000000000014,1.3314276843930033,0.309600017898354,0.006287303825625175,-0.00037801131257782016,7.557369480399867,0.0
1266,100.25524546230622,100.35733883459635,100.0072856029649,100.28149508563207,96.6403609353069,104.78657970246901,100.0,58.000000000000014,1.3314276843930033,0.309600017898354,0.006287303825625175,-0.00037801131257782016,7.557369480399867,0.0
1267,100.13487902334126,100.35733883459635,100.17680004400516,100.28149508563207,96.6403609353069,104.78657970246901,100.0,58.000000000000014,1.3314276843930033,0.309600017898354,0.006287303825625175,-0.00037801131257782016,7.557369480399867,0.0
1268,100.1786988339426,100.35733883459635,100.09812847006675,100.28149508563207,96.6403609353069,104.78657970246901,100.0,58.000000000000014,1.3314276843930033,0.309600017898354,0.006287303825625175,-0.00037801131257782016,7.557369480399867,0.0
1269,100.31243485585033,100.35733883459635,100.56321042739515,100.28149508563207,96.6403609353069,104.78657970246901,100.0,58.000000000000014,1.3314276843930033,0.309600017898354,0.006287303825625175,-0.00037801131257782016,7.557369480399867,0.0
1270,100.14528915219064,100.35733883459635,100.11533338823374,100.28149508563207,96.6403609353069,104.78657970246901,100.0,58.000000000000014,1.3314276843930033,0.309600017898354,0.006287303825625175,-0.00037801131257782016,7.557369480399867,0.0
1271,100.15511301255664,100.35733883459635,100.20254139679699,100.28149508563207,96.6403609353069,104.78657970246901,100.0,58.000000000000014,1.3314276843930033,0.309600017898354,0.006287303825625175,-0.00037801131257782016,7.557369480399867,0.0
1272,100.16846143398863,100.35733883459635,100.3270272150054,100.28149508563207,96.6403609353069,104.78657970246901,100.0,58.000000000000014,1.3314276843930033,0.309600017898354,0.006287303825625175,-0.00037801131257782016,7.557369480399867,0.0
1273,100.0110522805245,100.35733883459635,100.31198824526027,100.28149508563207,96.6403609353069,104.78657970246901,100.0,58.000000000000014,1.3314276843930033,0.309600017898354,0.006287303825625175,-0.00037801131257782016,7.557369480399867,0.0
1274,100.05336251979436,100.35733883459635,100.0404841254929,100.28149508563207,96.6403609353069,104.78657970246901,100.0,58.000000000000014,1.3314276843930033,0.309600017898354,0.006287303825625175,-0.00037801131257782016,7.557369480399867,0.0
1275,99.92250644640714,100.35733883459635,99.65828042305596,100.28149508563207,96.6403609353069,104.78657970246901,100.0,58.000000000000014,1.3314276843930033,0.309600017898354,0.006287303825625175,-0.00037801131257782016,7.557369480399867,0.0
1276,99.86138756743267,100.32604366730298,99.6216481751554,100.14119922253134,99.32278323062997,100.91132937769362,100.0,58.000000000000014,1.2321861969142904,0.3786400161085186,0.006020713796457501,-0.0009220680750980823,18.4243729758371,0.0
1277,99.98453658809113,100.32604366730298,99.68458297832684,100.14119922253134,99.32278323062997,100.91132937769362,100.0,58.000000000000014,1.2321861969142904,0.3786400161085186,0.006020713796457501,-0.0009220680750980823,18.4243729758371,0.0
1278,100.06164186766887,100.32604366730298,99.76145694206588,100.14119922253134,99.32278323062997,100.91132937769362,100.0,58.000000000000014,1.2321861969142904,0.3786400161085186,0.006020713796457501,-0.0009220680750980823,18.4243729758371,0.0
1279,99.99091481857074,100.32604366730298,99.76145694206588,100.14119922253134,99.32278323062997,100.91132937769362,100.0,58.000000000000014,1.2321861969142904,0.3786400161085186,0.006020713796457501,-0.0009220680750980823,18.4243729758371,0.0
1280,99.97080430234455,100.25754045916341,99.93342918774475,100.14038030542136,96.95938000117721,103.37106212079404,100.0,58.000000000000014,1.1536113011611473,0.34077601449766676,0.0057296274852507885,-0.0005846375715628508,11.68591940371666,0.0
1281,100.00054993874558,100.25754045916341,100.1169044330866,100.14038030542136,96.95938000117721,103.37106212079404,100.0,58.000000000000014,1.1536113011611473,0.34077601449766676,0.0057296274852507885,-0.0005846375715628508,11.68591940371666,0.0
1282,100.10929104658733,100.25754045916341,100.1169044330866,100.14038030542136,96.95938000117721,103.37106212079404,100.0,58.000000000000014,1.1536113011611473,0.34077601449766676,0.0057296274852507885,-0.0005846375715628508,11.68591940371666,0.0
1283,100.10892248927071,100.25754045916341,100.1169044330866,100.14038030542136,96.95938000117721,103.37106212079404,100.0,58.000000000000014,1.1536113011611473,0.34077601449766676,0.0057296274852507885,-0.0005846375715628508,11.68591940371666,0.0
1284,100.02887732371435,100.25754045916341,100.1169044330866,100.14038030542136,96.95938000117721,103.37106212079404,100.0,58.000000000000014,1.1536113011611473,0.34077601449766676,0.0057296274852507885,-0.0005846375715628508,11.68591940371666,0.0
1285,100.05939725538482,100.25754045916341,100.34737786832764,100.14038030542136,96.95938000117721,103.37106212079404,100.0,58.000000000000014,1.1536113011611473,0.34077601449766676,0.0057296274852507885,-0.0005846375715628508,11.68591940371666,0.0
1286,100.00790624177063,100.14089403070493,99.43779848585547,100.13958596222312,94.27563704365534,106.31372438941148,100.0,58.000000000000014,1.074655730401589,0.3066984130479001,0.0053866335781051185,-6.531183078141048e-06,0.13062280844078344,0.0
1287,99.98028270682448,100.00945472460906,99.3072820234333,100.12707416875861,93.26543179559819,106.62846711736633,100.0,58.000000000000014,1.068683271969462,0.2760285717431101,0.005133959095534403,0.0005876960333023999,0.0,11.74701699076075
1288,99.79858705870372,100.00945472460906,99.54359812186854,100.12707416875861,93.26543179559819,106.62846711736633,100.0,58.000000000000014,1.068683271969462,0.2760285717431101,0.005133959095534403,0.0005876960333023999,0.0,11.74701699076075
1289,99.80497484433103,100.00945472460906,99.54359812186854,100.12707416875861,93.26543179559819,106.62846711736633,100.0,58.000000000000014,1.068683271969462,0.2760285717431101,0.005133959095534403,0.0005876960333023999,0.0,11.74701699076075
1290,99.80405265155859,100.00945472460906,99.54359812186854,100.12707416875861,93.26543179559819,106.62846711736633,100.0,58.000000000000014,1.068683271969462,0.2760285717431101,0.005133959095534403,0.0005876960333023999,0.0,11.74701699076075
1291,99.88282827550303,99.96581966762444,99.32740007939833,100.11045914972155,93.0281917826913,106.58194412359879,100.0,58.000000000000014,1.003188610211905,0.24842571456879908,0.004912672168005979,0.0007229216924268583,0.0,14.447989083816726
1292,99.84502438050494,99.96581966762444,99.54548930736343,100.11045914972155,93.0281917826913,106.58194412359879,100.0,58.000000000000014,1.003188610211905,0.24842571456879908,0.004912672168005979,0.0007229216924268583,0.0,14.447989083816726
1293,99.85427769345894,99.96581966762444,99.64753932505923,100.11045914972155,93.0281917826913,106.58194412359879,100.0,58.000000000000014,1.003188610211905,0.24842571456879908,0.004912672168005979,0.0007229216924268583,0.0,14.447989083816726
1294,99.75994215843167,99.96581966762444,99.33239185628021,100.11045914972155,93.0281917826913,106.58194412359879,100.0,58.000000000000014,1.003188610211905,0.24842571456879908,0.004912672168005979,0.0007229216924268583,0.0,14.447989083816726
1295,99.86443493914658,99.96581966762444,99.56484163432913,100.11045914972155,93.0281917826913,106.58194412359879,100.0,58.000000000000014,1.003188610211905,0.24842571456879908,0.004912672168005979,0.0007229216924268583,0.0,14.447989083816726
1296,99.8543117970632,99.96581966762444,99.64964299271223,100.11045914972155,93.0281917826913,106.58194412359879,100.0,58.000000000000014,1.003188610211905,0.24842571456879908,0.004912672168005979,0.0007229216924268583,0.0,14.447989083816726
1297,99.72524627611901,99.96581966762444,99.64964299271223,100.11045914972155,93.0281917826913,106.58194412359879,100.0,58.000000000000014,1.003188610211905,0.24842571456879908,0.004912672168005979,0.0007229216924268583,0.0,14.447989083816726
1298,99.66843302390342,99.96581966762444,99.64964299271223,100.11045914972155,93.0281917826913,106.58194412359879,100.0,58.000000000000014,1.003188610211905,0.24842571456879908,0.004912672168005979,0.0007229216924268583,0.0,14.447989083816726
1299,99.86996415822017,99.96581966762444,99.64964299271223,100.11045914972155,93.0281917826913,106.58194412359879,100.0,58.000000000000014,1.003188610211905,0.24842571456879908,0.004912672168005979,0.0007229216924268583,0.0,14.447989083816726
1300,99.84314012252949,99.96581966762444,99.53791659267887,100.11045914972155,93.0281917826913,106.58194412359879,100.0,58.000000000000014,1.003188610211905,0.24842571456879908,0.004912672168005979,0.0007229216924268583,0.0,14.447989083816726
1301,99.8031528150295,99.96581966762444,99.53791659267887,100.11045914972155,93.0281917826913,106.58194412359879,100.0,58.000000000000014,1.003188610211905,0.24842571456879908,0.004912672168005979,0.0007229216924268583,0.0,14.447989083816726
1302,99.92213539244686,99.96581966762444,99.6223689862695,100.11045914972155,93.0281917826913,106.58194412359879,100.0,58.000000000000014,1.003188610211905,0.24842571456879908,0.004912672168005979,0.0007229216924268583,0.0,14.447989083816726
1303,99.96748536184037,99.96581966762444,99.83807508073967,100.11045914972155,93.0281917826913,106.58194412359879,100.0,58.000000000000014,1.003188610211905,0.24842571456879908,0.004912672168005979,0.0007229216924268583,0.0,14.447989083816726
1304,99.92932368671866,99.25285840245591,98.55599781186697,100.0728544491851,92.36471002932548,105.82179632528997,97.0,82.93990780442361,0.9290873675487988,0.22358314311191918,0.005111576600499621,0.00411384981394495,0.0,81.93990780442361
1305,99.96750021877575,99.2597223738881,99.78959720597686,100.04082257265777,92.3990888828497,106.09525881477983,94.0,82.93990780442361,0.9347603781448949,0.20122482880072726,0.005275189317456423,0.0039192075414503326,0.0,78.07814636893507
1306,100.06236646479098,99.2597223738881,99.75246709831066,100.04082257265777,92.3990888828497,106.09525881477983,94.0,82.93990780442361,0.9347603781448949,0.20122482880072726,0.005275189317456423,0.0039192075414503326,0.0,78.07814636893507
1307,100.11318793605074,99.28285007830844,99.81284837224258,99.90086341532619,98.34959128757237,100.11318793605075,91.0,82.93990780442361,0.8999795478933034,0.28110234592065453,0.005331006785528951,0.003102730269347441,0.0,61.86266223229819
1308,100.25557480057398,99.43037565129022,99.8741572373222,99.83246979832991,98.51929707800392,100.25557480057398,88.0,82.93990780442361,1.1262253235682345,0.2682740046097277,0.005064806912825093,0.0020179082865769337,0.0,40.276890660118084
1309,100.31587642019495,99.48385746603387,100.01492879093436,99.90340463902456,98.60839952033278,100.31587642019497,88.0,82.93990780442361,1.1161272976827759,0.34144660414875494,0.005013420761895088,0.002104182426506393,0.0,41.99528279407505
1310,100.25243333238997,99.48385746603387,100.01492879093436,99.90340463902456,98.60839952033278,100.31587642019497,88.0,82.93990780442361,1.1161272976827759,0.34144660414875494,0.005013420761895088,0.002104182426506393,0.0,41.99528279407505
1311,100.4249746231613,99.62221581503944,100.15402573365344,100.0084830475782,98.71564076238695,100.4249746231613,85.0,82.93990780442361,1.14013294881716,0.30954947723774845,0.004783305397089107,0.0019349089831347244,0.0,38.623446808505605
1312,100.30229866402533,99.71495994733222,100.24726495882327,100.14275466203297,98.8673827877799,100.54891169390498,85.0,82.93990780442361,1.1289223129117874,0.37859452951397365,0.004753167031190077,0.0021404963803218916,0.0,42.718488835712385
1313,100.12874303196095,99.71495994733222,99.87294261614035,100.14275466203297,98.8673827877799,100.54891169390498,85.0,82.93990780442361,1.1289223129117874,0.37859452951397365,0.004753167031190077,0.0021404963803218916,0.0,42.718488835712385
1314,100.05282472996932,99.71495994733222,99.78956292940224,100.14275466203297,98.8673827877799,100.54891169390498,85.0,82.93990780442361,1.1289223129117874,0.37859452951397365,0.004753167031190077,0.0021404963803218916,0.0,42.718488835712385
1315,100.02386121865756,99.71495994733222,99.48642287265433,100.14275466203297,98.8673827877799,100.54891169390498,85.0,82.93990780442361,1.1289223129117874,0.37859452951397365,0.004753167031190077,0.0021404963803218916,0.0,42.718488835712385
1316,100.09270413137814,99.71495994733222,100.10837546342984,100.14275466203297,98.8673827877799,100.54891169390498,85.0,82.93990780442361,1.1289223129117874,0.37859452951397365,0.004753167031190077,0.0021404963803218916,0.0,42.718488835712385
1317,100.2815292221432,99.71495994733222,100.10837546342984,100.14275466203297,98.8673827877799,100.54891169390498,85.0,82.93990780442361,1.1289223129117874,0.37859452951397365,0.004753167031190077,0.0021404963803218916,0.0,42.718488835712385
1318,100.20932975797811,99.71495994733222,100.10837546342984,100.14275466203297,98.8673827877799,100.54891169390498,85.0,82.93990780442361,1.1289223129117874,0.37859452951397365,0.004753167031190077,0.0021404963803218916,0.0,42.718488835712385
1319,100.19561096160841,98.76209822868466,98.21727221037202,100.12958212111855,96.41174097073596,103.10992874149422,85.0,100.0,1.0500370993074157,0.3407350765625763,0.005293052511057989,0.006875520836411045,0.0,136.57141710426313
1320,100.0633738449044,99.06274010645538,99.7631837233697,99.98949878736289,98.22070681555051,100.06337384490442,85.0,100.0,1.0460341313628225,0.40666156890631866,0.00553417618987469,0.004655856603561594,0.0,92.68560120281765
1321,99.99615913565842,99.16666411181006,99.8440338736872,99.84961143305686,98.32374746685967,100.16834758768692,85.0,100.0,1.0423514008537969,0.46599541201568684,0.0056139210860769945,0.0034316154263114187,0.0,68.39759428655223
1322,100.15326655878675,99.16666411181006,99.8528067591104,99.84961143305686,98.32374746685967,100.16834758768692,85.0,100.0,1.0423514008537969,0.46599541201568684,0.0056139210860769945,0.0034316154263114187,0.0,68.39759428655223
1323,100.17922565697297,99.17743340040326,99.87868798000206,99.73334140176604,98.33442521649984,100.17922565697299,85.0,100.0,0.9989632887854932,0.5193958708141182,0.005612457969111128,0.0027947606252888037,0.0,55.73943412999216
1324,100.01154007729292,99.32609649019868,100.02840222295765,99.87306586403044,98.481824670032,100.32939039414008,85.0,97.0,0.9990462256826538,0.5674562837327064,0.005605212327433401,0.002745841736317615,0.0,54.76645470926189
1325,99.88502516580677,99.59410242472725,100.26791893108461,99.8588808167378,97.38396681868049,101.46045346913887,85.0,94.0,0.9991225276280414,0.5107106553594358,0.005428202422921003,0.0013275228462738642,0.0,26.51525731561688
1326,99.6820128338276,99.59410242472725,99.80691522384532,99.8588808167378,97.38396681868049,101.46045346913887,85.0,94.0,0.9991225276280414,0.5107106553594358,0.005428202422921003,0.0013275228462738642,0.0,26.51525731561688
1327,99.74895512178945,99.59410242472725,99.64147477478187,99.8588808167378,97.38396681868049,101.46045346913887,85.0,94.0,0.9991225276280414,0.5107106553594358,0.005428202422921003,0.0013275228462738642,0.0,26.51525731561688
1328,99.84736285055406,99.59410242472725,99.64147477478187,99.8588808167378,97.38396681868049,101.46045346913887,85.0,94.0,0.9991225276280414,0.5107106553594358,0.005428202422921003,0.0013275228462738642,0.0,26.51525731561688
1329,100.10444468623008,99.59410242472725,99.62978536544418,99.8588808167378,97.38396681868049,101.46045346913887,85.0,94.0,0.9991225276280414,0.5107106553594358,0.005428202422921003,0.0013275228462738642,0.0,26.51525731561688
1330,100.12055812264713,99.59410242472725,99.82019644827916,99.8588808167378,97.38396681868049,101.46045346913887,85.0,94.0,0.9991225276280414,0.5107106553594358,0.005428202422921003,0.0013275228462738642,0.0,26.51525731561688
1331,100.24784256624407,99.59410242472725,99.94709903854535,99.8588808167378,97.38396681868049,101.46045346913887,85.0,94.0,0.9991225276280414,0.5107106553594358,0.005428202422921003,0.0013275228462738642,0.0,26.51525731561688
1332,100.44909091390166,99.59410242472725,100.14774364115995,99.8588808167378,97.38396681868049,101.46045346913887,85.0,94.0,0.9991225276280414,0.5107106553594358,0.005428202422921003,0.0013275228462738642,0.0,26.51525731561688
1333,100.57284586350028,99.62746111238337,100.27112732590979,99.99878115726922,98.78062769292814,100.57284586350029,85.0,91.0,0.9291927254177982,0.5596395898234923,0.0053257196926445255,0.0018600763139360308,0.0,37.1324570748377
1334,100.65665287895204,99.8752433923191,100.459662693848,99.986449300805,97.73405546964065,101.64981689874408,85.0,85.0,1.147188699759812,0.3827934794392687,0.004879425072434741,0.0005564143232621988,0.0,11.122097970628353
1335,100.51075779770512,99.96306716225065,100.51757736839527,99.97702272676509,96.78492222537035,102.64665833100693,85.0,82.0,1.1354136037790272,0.3445141314953419,0.004595035415800742,6.979873082072059e-05,0.0,1.3958771859579056
1336,100.45175042144075,99.96306716225065,100.51757736839527,99.97702272676509,96.78492222537035,102.64665833100693,85.0,82.0,1.1354136037790272,0.3445141314953419,0.004595035415800742,6.979873082072059e-05,0.0,1.3958771859579056
1337,100.4761921338351,100.01544280207668,100.53982302245458,99.9678797990779,95.53517432431492,103.98943544641834,85.0,79.00000000000001,1.0845805154767052,0.3100627183458077,0.0043478734730700505,-0.00023783484732684636,4.75556590724624,0.0
1338,100.52529021391157,100.01544280207668,100.53982302245458,99.9678797990779,95.53517432431492,103.98943544641834,85.0,79.00000000000001,1.0845805154767052,0.3100627183458077,0.0043478734730700505,-0.00023783484732684636,4.75556590724624,0.0
1339,100.44291418265671,100.01544280207668,100.43783939563855,99.9678797990779,95.53517432431492,103.98943544641834,85.0,79.00000000000001,1.0845805154767052,0.3100627183458077,0.0043478734730700505,-0.00023783484732684636,4.75556590724624,0.0
1340,100.62618222121021,100.01544280207668,100.41163064020817,99.9678797990779,95.53517432431492,103.98943544641834,85.0,79.00000000000001,1.0845805154767052,0.3100627183458077,0.0043478734730700505,-0.00023783484732684636,4.75556590724624,0.0
1341,100.72222104092099,100.01544280207668,100.42005437779822,99.9678797990779,95.53517432431492,103.98943544641834,85.0,79.00000000000001,1.0845805154767052,0.3100627183458077,0.0043478734730700505,-0.00023783484732684636,4.75556590724624,0.0
1342,100.77018982384946,100.16802865283765,100.66276037383243,99.95901195809617,93.69550500730986,106.03122148160251,85.0,76.00000000000001,1.0138140742385688,0.2790564465112269,0.004212331516844333,-0.0010444200548981582,20.866607594512978,0.0
1343,100.69594894229317,98.97013705368519,98.42416337886552,99.92902964054421,92.90946764886489,105.79009826715898,82.0,96.95735996919763,1.207912979673597,0.19087460941367923,0.00447765121343378,0.004820998512945731,0.0,95.95735996919763
1344,100.76148497318223,99.78452821622464,100.4592005182627,99.92062951301855,93.0283173797605,106.74173532986167,79.00000000000001,93.95735996919763,1.1912799412997093,0.1717871484723113,0.004290773494346943,0.0006815111754821828,0.0,13.620940686346339
1345,100.81724083678395,99.86998865794365,100.02123982414354,99.91596594121404,93.13615480269311,106.86627528699098,76.00000000000001,90.95735996919763,1.1759775459957327,0.15460843362508017,0.004060943010444864,0.0002301327105934492,0.0,4.601595234284828
1346,100.72324171170597,99.95003053204321,100.5648921500022,99.91384312009646,93.23898568199968,106.91954431193814,73.00000000000001,87.95735996919763,1.1618993423160742,0.13914759026257215,0.00383901366546967,-0.0001810602951173556,3.62055036442821,0.0
1347,100.78317510579289,99.95003053204321,100.5648921500022,99.91384312009646,93.23898568199968,106.91954431193814,73.00000000000001,87.95735996919763,1.1618993423160742,0.13914759026257215,0.00383901366546967,-0.0001810602951173556,3.62055036442821,0.0
1348,100.8070102204867,99.95003053204321,100.47706794319872,99.91384312009646,93.23898568199968,106.91954431193814,73.00000000000001,87.95735996919763,1.1618993423160742,0.13914759026257215,0.00383901366546967,-0.0001810602951173556,3.62055036442821,0.0
1349,100.7439892826617,99.95003053204321,100.40447771635702,99.91384312009646,93.23898568199968,106.91954431193814,73.00000000000001,87.95735996919763,1.1618993423160742,0.13914759026257215,0.00383901366546967,-0.0001810602951173556,3.62055036442821,0.0
1350,100.98529407510097,100.09705408884507,100.68233819287566,99.91618921949274,93.4043648583567,107.04441171960703,70.00000000000001,84.95735996919763,1.0889473949307884,0.12523283123631493,0.003717184611457471,-0.0009042644694956707,18.068950280175635,0.0
1351,100.98391805860281,100.12598535084234,100.68233819287566,100.05616984797646,99.42510345338644,100.98391805860281,67.00000000000001,81.95735996919763,1.0818316033363256,0.21270954811268344,0.0035360047211320665,-0.00034875987221010966,6.972765623354249,0.0
1352,101.05529820022478,100.22707565508576,100.75213230562412,100.060526070884,98.72444862192822,101.70060851446246,64.00000000000001,78.95735996919763,1.0752850750694196,0.1914385933014151,0.0034236307178864963,-0.0008315521418526511,16.617224748221027,0.0
1353,101.02260086598456,100.22707565508576,100.75213230562412,100.060526070884,98.72444862192822,101.70060851446246,64.00000000000001,78.95735996919763,1.0752850750694196,0.1914385933014151,0.0034236307178864963,-0.0008315521418526511,16.617224748221027,0.0
1354,101.1008848418386,100.30261894607246,100.79758218731308,100.06475178831506,97.77306520233225,102.69020899904635,64.00000000000001,75.95735996919763,1.029262269063866,0.1722947339712736,0.003360671560754445,-0.0011871551584749403,23.71494984445888,0.0
1355,100.94447029318651,100.06367962233462,99.72243939092445,100.06885090473168,97.11810246345487,103.38274992433074,61.000000000000014,72.95735996919763,1.0269212875387568,0.15506526057414624,0.003162131981851305,2.5839289511987406e-05,0.0,0.516772437206825
1356,101.0203133498202,100.2832958132938,100.71725240977071,100.0728272080938,96.50584004308814,104.03864155394173,61.000000000000014,69.95735996919763,1.0247675845356563,0.13955873451673162,0.003098460813955178,-0.0010504725387281682,20.987404082914995,0.0
1357,101.04421654771491,100.71259567200394,101.08731183769142,100.07768211758943,95.90965009479584,104.68536263223928,64.04212002263054,63.957359969197626,1.215773218662787,0.09545817440944444,0.003074229966724131,-0.0031620731910129555,63.04212002263054,0.0
1358,100.91735207719032,100.96990110594135,101.31497523677237,100.0813938136127,95.32176260730685,105.33099919131422,88.99724299981105,60.957359969197626,1.1985113611697642,0.0859123569685,0.003420096399892135,-0.004419306489342282,87.99724299981105,0.0
1359,100.89248296370221,100.94920699806659,100.35184241472628,100.22160589050429,100.05078688748208,101.5683407891625,85.99724299981105,62.957359969197626,1.1826304522761832,0.17732112127165,0.003648912392619735,-0.003616832368049911,72.07596069340406,0.0
1360,100.92559652319571,101.86560241268056,102.02563613055126,100.23910944859173,99.32329157058685,102.31228001127762,100.0,62.957359969197626,1.1680200160940888,0.159589009144485,0.004395731330693948,-0.008047773597704486,159.6704800801685,0.0
1361,101.14361104126279,101.86560241268056,101.44795490598074,100.23910944859173,99.32329157058685,102.31228001127762,100.0,62.957359969197626,1.1680200160940888,0.159589009144485,0.004395731330693948,-0.008047773597704486,159.6704800801685,0.0
1362,101.0197394970294,101.86560241268056,101.37888147460424,100.23910944859173,99.32329157058685,102.31228001127762,100.0,62.957359969197626,1.1680200160940888,0.159589009144485,0.004395731330693948,-0.008047773597704486,159.6704800801685,0.0
1363,101.0531106342387,102.10417108437886,102.44281146690352,100.25609082071436,97.82232677833446,103.88213768252254,100.0,59.957359969197626,1.1012450814732284,0.14363010823003652,0.005227932847508267,-0.00913262439110318,180.9994874878551,0.0
1364,101.05707476442035,102.0778532973943,101.65178328300055,100.39654764469887,101.05707476442035,102.6935768729036,100.0,59.957359969197626,1.0931454749553702,0.22926709740703288,0.005910735023122637,-0.008303793688844017,164.7081711051568,0.0
1365,100.9893982115462,101.90857825578465,101.19307168829165,100.54727138073875,100.98939821154619,102.62480437675451,100.0,59.957359969197626,1.2648411928279737,0.2328186946264105,0.00644611618159038,-0.006723969090001098,133.58118603412183,0.0
1366,101.03317801032078,101.84004799998243,101.12502258774585,100.68813614299746,100.8216475199826,102.45433715731711,100.0,59.957359969197626,1.243653897401736,0.30953682516376946,0.006741876010621232,-0.00568766200052308,113.10990907871243,0.0
1367,100.94653203920603,100.22173879164419,99.54823262323494,100.72371823963417,99.47131764179964,103.84516172758319,94.0,59.957359969197626,1.3728460367754858,0.21172318841201831,0.006357575979647347,0.0024980880653193704,0.0,49.83726343339656
1368,100.96385720124246,100.3585045682331,100.66096562963874,100.5899774897569,99.41513462529171,100.96385720124245,94.0,59.957359969197626,1.343018353833447,0.2905508695708165,0.006114349699996791,0.0011519018165909907,0.0,23.011529309405752
1369,100.90824416035693,100.37091587620469,100.67341434288454,100.60241742391952,99.42742926696837,100.97634337300353,94.0,59.957359969197626,1.3155768855267713,0.36149578261373483,0.005885716997125309,0.0011519018165912773,0.0,23.011529309412417
1370,100.96050878035422,100.55299240035255,100.85603961035001,100.74335944470704,99.60779427178925,101.15951816484457,94.0,59.957359969197626,1.2903307346846298,0.42534620435236137,0.0056460586575883785,0.0009457053871547777,0.0,18.896237469524515
1371,100.91729384055571,100.5858451630925,100.88899138494284,100.81784243670678,99.64033821855945,101.19256909221951,94.0,59.957359969197626,1.2671042759098594,0.4828115839171252,0.005445523417261321,0.001151901816590649,0.0,23.011529309399094
1372,100.88488523630734,100.5858451630925,100.46238853857813,100.81784243670678,99.64033821855945,101.19256909221951,94.0,59.957359969197626,1.2671042759098594,0.4828115839171252,0.005445523417261321,0.001151901816590649,0.0,23.011529309399094
1373,100.82188983944995,100.5858451630925,100.51942416993158,100.81784243670678,99.64033821855945,101.19256909221951,94.0,59.957359969197626,1.2671042759098594,0.4828115839171252,0.005445523417261321,0.001151901816590649,0.0,23.011529309399094
1374,100.77897830479323,100.5858451630925,100.51942416993158,100.81784243670678,99.64033821855945,101.19256909221951,94.0,59.957359969197626,1.2671042759098594,0.4828115839171252,0.005445523417261321,0.001151901816590649,0.0,23.011529309399094
1375,100.64281445647818,100.5858451630925,100.51942416993158,100.81784243670678,99.64033821855945,101.19256909221951,94.0,59.957359969197626,1.2671042759098594,0.4828115839171252,0.005445523417261321,0.001151901816590649,0.0,23.011529309399094
1376,100.61862163098905,100.5858451630925,100.66600794283421,100.81784243670678,99.64033821855945,101.19256909221951,94.0,59.957359969197626,1.2671042759098594,0.4828115839171252,0.005445523417261321,0.001151901816590649,0.0,23.011529309399094
1377,100.57420457061859,100.5858451630925,100.12787792191507,100.81784243670678,99.64033821855945,101.19256909221951,94.0,59.957359969197626,1.2671042759098594,0.4828115839171252,0.005445523417261321,0.001151901816590649,0.0,23.011529309399094
1378,100.51991117219075,100.5858451630925,99.99569940726593,100.81784243670678,99.64033821855945,101.19256909221951,94.0,59.957359969197626,1.2671042759098594,0.4828115839171252,0.005445523417261321,0.001151901816590649,0.0,23.011529309399094
1379,100.38527179197494,100.5858451630925,100.23414955070511,100.81784243670678,99.64033821855945,101.19256909221951,94.0,59.957359969197626,1.2671042759098594,0.4828115839171252,0.005445523417261321,0.001151901816590649,0.0,23.011529309399094
1380,100.11753481855217,100.5858451630925,100.23414955070511,100.81784243670678,99.64033821855945,101.19256909221951,94.0,59.957359969197626,1.2671042759098594,0.4828115839171252,0.005445523417261321,0.001151901816590649,0.0,23.011529309399094
1381,100.12335972090312,100.64329716797823,100.94661653902459,100.87542695236961,99.69725017459926,101.25036764195045,94.0,59.957359969197626,1.1737359338370708,0.5345304255254127,0.0052570202913539464,0.0011519018165911516,0.0,23.011529309409084
1382,100.14777041481454,100.64329716797823,100.44911776811891,100.87542695236961,99.69725017459926,101.25036764195045,94.0,59.957359969197626,1.1737359338370708,0.5345304255254127,0.0052570202913539464,0.0011519018165911516,0.0,23.011529309409084
1383,100.28212811025,100.64329716797823,100.44911776811891,100.87542695236961,99.69725017459926,101.25036764195045,94.0,59.957359969197626,1.1737359338370708,0.5345304255254127,0.0052570202913539464,0.0011519018165911516,0.0,23.011529309409084
1384,100.40180260127086,100.64329716797823,100.39588902412467,100.87542695236961,99.69725017459926,101.25036764195045,94.0,59.957359969197626,1.1737359338370708,0.5345304255254127,0.0052570202913539464,0.0011519018165911516,0.0,23.011529309409084
1385,100.40834268453085,100.64329716797823,100.32316652501586,100.87542695236961,99.69725017459926,101.25036764195045,94.0,59.957359969197626,1.1737359338370708,0.5345304255254127,0.0052570202913539464,0.0011519018165911516,0.0,23.011529309409084
1386,100.58412472127743,100.63852938027077,99.99250471825098,100.86326470332581,97.38069484527219,103.65897726555156,94.0,59.957359969197626,1.0958370591301052,0.4810773829728715,0.005075435350969778,0.0011153018467012202,0.0,22.281186685367828
1387,100.4488440893901,100.63852938027077,100.14749755712191,100.86326470332581,97.38069484527219,103.65897726555156,94.0,59.957359969197626,1.0958370591301052,0.4810773829728715,0.005075435350969778,0.0011153018467012202,0.0,22.281186685367828
1388,100.33955772221726,100.63852938027077,100.14749755712191,100.86326470332581,97.38069484527219,103.65897726555156,94.0,59.957359969197626,1.0958370591301052,0.4810773829728715,0.005075435350969778,0.0011153018467012202,0.0,22.281186685367828
1389,100.34264404431504,100.63852938027077,100.14749755712191,100.86326470332581,97.38069484527219,103.65897726555156,94.0,59.957359969197626,1.0958370591301052,0.4810773829728715,0.005075435350969778,0.0011153018467012202,0.0,22.281186685367828
1390,100.22267579466696,100.63852938027077,100.38573216679086,100.86326470332581,97.38069484527219,103.65897726555156,94.0,59.957359969197626,1.0958370591301052,0.4810773829728715,0.005075435350969778,0.0011153018467012202,0.0,22.281186685367828
1391,100.35274449153799,100.63852938027077,100.39864126650755,100.86326470332581,97.38069484527219,103.65897726555156,94.0,59.957359969197626,1.0958370591301052,0.4810773829728715,0.005075435350969778,0.0011153018467012202,0.0,22.281186685367828
1392,100.50700583021126,100.63852938027077,100.57334221563784,100.86326470332581,97.38069484527219,103.65897726555156,94.0,59.957359969197626,1.0958370591301052,0.4810773829728715,0.005075435350969778,0.0011153018467012202,0.0,22.281186685367828
1393,100.62129511190615,100.63852938027077,100.57334221563784,100.86326470332581,97.38069484527219,103.65897726555156,94.0,59.957359969197626,1.0958370591301052,0.4810773829728715,0.005075435350969778,0.0011153018467012202,0.0,22.281186685367828
1394,100.63986289647991,100.63852938027077,100.78207839041407,100.86326470332581,97.38069484527219,103.65897726555156,94.0,59.957359969197626,1.0958370591301052,0.4810773829728715,0.005075435350969778,0.0011153018467012202,0.0,22.281186685367828
1395,100.55578254863458,100.63852938027077,100.78207839041407,100.86326470332581,97.38069484527219,103.65897726555156,94.0,59.957359969197626,1.0958370591301052,0.4810773829728715,0.005075435350969778,0.0011153018467012202,0.0,22.281186685367828
1396,100.60249301291479,100.06049765138144,99.52515115010894,100.84670564890214,94.30442511603636,106.70389590012428,91.0,78.96070208360484,1.0161700943996967,0.43296964467558435,0.005240506336194569,0.003913289243022384,0.0,77.96070208360484
1397,100.78931623393069,100.06049765138144,100.48694828522889,100.84670564890214,94.30442511603636,106.70389590012428,91.0,78.96070208360484,1.0161700943996967,0.43296964467558435,0.005240506336194569,0.003913289243022384,0.0,77.96070208360484
1398,100.69044732055588,100.22852444155968,100.72315597945641,100.70561904466079,99.31644486914149,101.02623468350696,91.0,78.96070208360484,0.9748764868477211,0.4896726802080259,0.0052110024447107935,0.0023743829437022964,0.0,47.37517207351938
1399,100.77528763179293,100.26117288475234,100.39592643686075,100.6459933283108,99.34879621150108,101.05914297286279,91.0,75.96070208360484,0.9768863678999035,0.5407054121872233,0.005128192285815624,0.001915414222459122,0.0,38.23504849350235
1400,100.73737351851325,100.26117288475234,100.43516139795771,100.6459933283108,99.34879621150108,101.05914297286279,91.0,75.96070208360484,0.9768863678999035,0.5407054121872233,0.005128192285815624,0.001915414222459122,0.0,38.23504849350235
1401,100.93143034903444,100.90586734211266,101.24004892597934,100.6325943411748,97.91817041666576,102.5356597023494,88.0,72.96070208360484,0.9387354584679113,0.486634870968501,0.004983213016765865,-0.0013559347365034973,27.081973341683828,0.0
1402,100.8755969292725,101.00081876415828,101.43791445350826,100.61959902799191,96.94712318686639,103.56268314602293,85.0,69.96070208360484,0.9436366217904784,0.4379713838716509,0.004911114036279542,-0.0018907794177837772,37.744222356903556,0.0
1403,100.88541042731822,101.00081876415828,101.2946710075596,100.61959902799191,96.94712318686639,103.56268314602293,85.0,69.96070208360484,0.9436366217904784,0.4379713838716509,0.004911114036279542,-0.0018907794177837772,37.744222356903556,0.0
1404,100.91168609369554,101.00081876415828,101.15495889692733,100.61959902799191,96.94712318686639,103.56268314602293,85.0,69.96070208360484,0.9436366217904784,0.4379713838716509,0.004911114036279542,-0.0018907794177837772,37.744222356903556,0.0
1405,100.87950064628475,101.00081876415828,101.16652725402265,100.61959902799191,96.94712318686639,103.56268314602293,85.0,69.96070208360484,0.9436366217904784,0.4379713838716509,0.004911114036279542,-0.0018907794177837772,37.744222356903556,0.0
1406,100.88899432457376,101.00081876415828,101.16652725402265,100.61959902799191,96.94712318686639,103.56268314602293,85.0,69.96070208360484,0.9436366217904784,0.4379713838716509,0.004911114036279542,-0.0018907794177837772,37.744222356903556,0.0
1407,100.94391250982532,101.00081876415828,101.16652725402265,100.61959902799191,96.94712318686639,103.56268314602293,85.0,69.96070208360484,0.9436366217904784,0.4379713838716509,0.004911114036279542,-0.0018907794177837772,37.744222356903556,0.0
1408,100.93230530248343,100.64916618223684,100.09393005986742,100.60699517760995,94.64246459969438,106.08455985361479,82.0,66.96070208360484,0.8814790253805734,0.3941742454844858,0.004641591868407882,-0.00020953894947592,4.189901042055411,0.0
1409,101.10982057876511,100.64916618223684,100.80649111702881,100.60699517760995,94.64246459969438,106.08455985361479,82.0,66.96070208360484,0.8814790253805734,0.3941742454844858,0.004641591868407882,-0.00020953894947592,4.189901042055411,0.0
1410,101.01351063461789,100.9827038092137,101.35845905583516,100.60663507470909,94.14536689969944,107.4864630907923,80.0,63.96070208360484,0.8509607033501276,0.3547568209360372,0.004586958891602636,-0.0018655189633869779,37.240905652031756,0.0
1411,101.11088894340003,100.6593137592044,100.18312781282039,100.59956070279993,93.891182820663,107.35330587446701,74.0,57.96070208360484,1.0910494007240517,0.2426536655202495,0.004119540511790202,-0.00029689650488302774,5.936167670226311,0.0
1412,100.93414836670247,100.72376892033594,101.00704151775057,100.74049872137698,99.97841303032546,101.31097444107382,71.0,54.96070208360485,1.0837654486661277,0.31838829896822457,0.0038823330051511572,8.304103371216258e-05,0.0,1.6606827694298776
1413,101.00951466974708,101.01922300265025,101.2727675744263,100.73755701984034,99.20512011068058,102.10068226190201,71.0,51.96070208360485,1.0770642127728376,0.2865494690714021,0.003816921173795304,-0.0013960670009628064,27.882414300743896,0.0
1414,100.83324750136462,101.01922300265025,100.78242096491543,100.73755701984034,99.20512011068058,102.10068226190201,71.0,51.96070208360485,1.0770642127728376,0.2865494690714021,0.003816921173795304,-0.0013960670009628064,27.882414300743896,0.0
1415,100.7709697219155,101.01922300265025,100.78242096491543,100.73755701984034,99.20512011068058,102.10068226190201,71.0,51.96070208360485,1.0770642127728376,0.2865494690714021,0.003816921173795304,-0.0013960670009628064,27.882414300743896,0.0
1416,100.78023950267954,101.01922300265025,100.83182152254464,100.73755701984034,99.20512011068058,102.10068226190201,71.0,51.96070208360485,1.0770642127728376,0.2865494690714021,0.003816921173795304,-0.0013960670009628064,27.882414300743896,0.0
1417,100.83536205025072,101.01922300265025,100.83182152254464,100.73755701984034,99.20512011068058,102.10068226190201,71.0,51.96070208360485,1.0770642127728376,0.2865494690714021,0.003816921173795304,-0.0013960670009628064,27.882414300743896,0.0
1418,100.79334396391233,101.5330365978119,101.75717491307118,100.73470365142292,97.52608069673865,103.8584794427522,79.62790015345624,48.96070208360485,1.0068990757510106,0.2578945221642619,0.0040615377880869686,-0.00394691187732305,78.62790015345622,0.0
1419,100.76798004248685,101.5330365978119,101.07119362335693,100.73470365142292,97.52608069673865,103.8584794427522,79.62790015345624,48.96070208360485,1.0068990757510106,0.2578945221642619,0.0040615377880869686,-0.00394691187732305,78.62790015345622,0.0
1420,100.90640548550861,101.5330365978119,101.03642821005721,100.73470365142292,97.52608069673865,103.8584794427522,79.62790015345624,48.96070208360485,1.0068990757510106,0.2578945221642619,0.0040615377880869686,-0.00394691187732305,78.62790015345622,0.0
1421,100.73802205934383,101.51958384204175,101.01424745582979,100.87583100262997,100.71120471346232,102.01907640270149,79.62790015345624,48.96070208360485,0.9530138163575964,0.33210506994783573,0.0041995270983973786,-0.003180669087320246,63.41169014378978,0.0
1422,100.70725776126845,101.41792811157886,100.9130977394533,100.89418506782796,99.868868213624,102.8795486726983,79.62790015345624,42.96070208360485,1.164282714618211,0.22715986784431966,0.004214447827507293,-0.0025887873717499914,51.64205712965053,0.0
1423,100.75428715755804,102.16245156663388,101.53211479777724,100.90821884746644,99.0306216535137,103.75037454797472,100.0,39.96070208360485,1.1511400974487542,0.2044438810598877,0.004702750718374322,-0.006176336132686208,122.76846335753433,0.0
1424,100.73324968849325,101.7507572611043,101.03635876478761,101.04958929007222,100.73324968849326,102.158991764611,100.0,39.96070208360485,1.1390488896528541,0.2839994929538989,0.0048354789100350515,-0.0034574298464284518,68.9103442476402,0.0
1425,100.56905427209361,101.58490330514505,101.03132052599706,100.90885236335356,100.5690542720936,101.99247238552186,100.0,39.96070208360485,1.127924978480626,0.3555995436585091,0.004945986798380643,-0.0033386261198999727,66.55033570891256,0.0
1426,100.60317010032122,101.43326338776782,100.72109403599812,100.82370666208908,100.48125785919557,101.90343333386862,97.0,36.96070208360485,1.2897989645576973,0.3192300878624202,0.004927699326742978,-0.0030137736441344367,60.09436207809582,0.0
1427,100.68247083564866,101.27116748661989,100.5906089889666,100.68265223390077,100.28883716199965,101.6468614228984,97.0,36.96070208360485,1.2666150473930815,0.38730707907617823,0.004981731323571171,-0.0029141080546707986,58.112814073844056,0.0
1428,100.50134500958774,101.27116748661989,100.5906089889666,100.68265223390077,100.28883716199965,101.6468614228984,97.0,36.96070208360485,1.2666150473930815,0.38730707907617823,0.004981731323571171,-0.0029141080546707986,58.112814073844056,0.0
1429,100.39925176128118,101.07851696768125,100.39925311243204,100.54641766666175,100.21956680481182,101.57665306674393,94.0,33.96070208360485,1.2481229580092754,0.34091804208810594,0.0049278892485925254,-0.002639055045371636,52.64217530908333,0.0
1430,100.48782124836471,101.07851696768125,100.52991891121724,100.54641766666175,100.21956680481182,101.57665306674393,94.0,33.96070208360485,1.2481229580092754,0.34091804208810594,0.0049278892485925254,-0.002639055045371636,52.64217530908333,0.0
1431,100.49083058877092,101.07851696768125,100.52991891121724,100.54641766666175,100.21956680481182,101.57665306674393,94.0,33.96070208360485,1.2481229580092754,0.34091804208810594,0.0049278892485925254,-0.002639055045371636,52.64217530908333,0.0
1432,100.4967865437037,101.07851696768125,100.52991891121724,100.54641766666175,100.21956680481182,101.57665306674393,94.0,33.96070208360485,1.2481229580092754,0.34091804208810594,0.0049278892485925254,-0.002639055045371636,52.64217530908333,0.0
1433,100.56561721912489,101.07851696768125,100.52991891121724,100.54641766666175,100.21956680481182,101.57665306674393,94.0,33.96070208360485,1.2481229580092754,0.34091804208810594,0.0049278892485925254,-0.002639055045371636,52.64217530908333,0.0
1434,100.54470995729463,101.07851696768125,100.72143526605214,100.54641766666175,100.21956680481182,101.57665306674393,94.0,33.96070208360485,1.2481229580092754,0.34091804208810594,0.0049278892485925254,-0.002639055045371636,52.64217530908333,0.0
1435,100.63613363027861,101.03194878665033,100.38339866404796,100.4057511714506,100.08224846805582,101.37622957976208,94.0,33.96070208360485,1.161606454701867,0.4068262378792954,0.005005254088092665,-0.0031086416064618704,61.980158031206265,0.0
1436,100.78034105761486,101.0014465445158,100.35309222366834,100.36098079704995,100.05203294699737,101.34562339688169,94.0,33.96070208360485,1.1486779383257177,0.46614361409136584,0.005086619526168932,-0.0031806616354472872,63.41154204990374,0.0
1437,100.79419618305711,101.0014465445158,100.54939476047626,100.36098079704995,100.05203294699737,101.34562339688169,94.0,33.96070208360485,1.1486779383257177,0.46614361409136584,0.005086619526168932,-0.0031806616354472872,63.41154204990374,0.0
1438,100.66765648319385,101.0014465445158,100.58525590202065,100.36098079704995,100.05203294699737,101.34562339688169,94.0,33.96070208360485,1.1486779383257177,0.46614361409136584,0.005086619526168932,-0.0031806616354472872,63.41154204990374,0.0
1439,100.71850263263231,101.01226780771829,101.05241209047858,100.5015845698415,100.06275249032575,101.35648153508384,94.0,33.96070208360485,1.083450369926327,0.5195292526822293,0.0050855310747387325,-0.0025342339092400386,50.55655604613407,0.0
1440,100.77839447395074,101.01226780771829,101.05241209047858,100.5015845698415,100.06275249032575,101.35648153508384,94.0,33.96070208360485,1.083450369926327,0.5195292526822293,0.0050855310747387325,-0.0025342339092400386,50.55655604613407,0.0
1441,100.7388045859331,101.01226780771829,101.04193037706428,100.5015845698415,100.06275249032575,101.35648153508384,94.0,33.96070208360485,1.083450369926327,0.5195292526822293,0.0050855310747387325,-0.0025342339092400386,50.55655604613407,0.0
1442,100.80165971356382,94.8012846972533,94.19273081353974,100.4668216805861,98.31540388460814,100.8709974887506,94.0,100.0,1.0696173187924656,0.3553580088346448,0.009490712462570458,0.029014144134578222,0.0,563.921191947846
1443,100.81994776866796,100.11654570118098,100.8244404687651,100.34526915595718,98.87351785704607,100.81994776866796,88.0,97.0,1.2479573879654733,0.319064878042897,0.008757409922573104,0.001140982660159958,0.0,22.793646048295813
1444,100.88606027339483,100.17664859812383,100.85440639435471,100.4858509170466,99.29509409046034,101.15788003445807,85.0,94.0,1.2281207969282355,0.3871583902386073,0.008416874354701016,0.0015409073427763184,0.0,30.77073200863145
1445,100.78523514228608,100.17664859812383,100.82023306792479,100.4858509170466,99.29509409046034,101.15788003445807,85.0,94.0,1.2281207969282355,0.3871583902386073,0.008416874354701016,0.0015409073427763184,0.0,30.77073200863145
1446,100.6290133169472,100.17664859812383,100.82023306792479,100.4858509170466,99.29509409046034,101.15788003445807,85.0,94.0,1.2281207969282355,0.3871583902386073,0.008416874354701016,0.0015409073427763184,0.0,30.77073200863145
1447,100.5883973695713,100.17664859812383,100.80886569197753,100.4858509170466,99.29509409046034,101.15788003445807,85.0,94.0,1.2281207969282355,0.3871583902386073,0.008416874354701016,0.0015409073427763184,0.0,30.77073200863145
1448,100.62286712266585,100.17664859812383,100.80886569197753,100.4858509170466,99.29509409046034,101.15788003445807,85.0,94.0,1.2281207969282355,0.3871583902386073,0.008416874354701016,0.0015409073427763184,0.0,30.77073200863145
1449,100.84059117349557,100.17664859812383,100.80886569197753,100.4858509170466,99.29509409046034,101.15788003445807,85.0,94.0,1.2281207969282355,0.3871583902386073,0.008416874354701016,0.0015409073427763184,0.0,30.77073200863145
1450,100.95815070131803,100.17664859812383,100.80886569197753,100.4858509170466,99.29509409046034,101.15788003445807,85.0,94.0,1.2281207969282355,0.3871583902386073,0.008416874354701016,0.0015409073427763184,0.0,30.77073200863145
1451,100.93940879323831,100.17664859812383,100.80886569197753,100.4858509170466,99.29509409046034,101.15788003445807,85.0,94.0,1.2281207969282355,0.3871583902386073,0.008416874354701016,0.0015409073427763184,0.0,30.77073200863145
1452,100.8494055865632,100.17664859812383,100.52648795697093,100.4858509170466,99.29509409046034,101.15788003445807,85.0,94.0,1.2281207969282355,0.3871583902386073,0.008416874354701016,0.0015409073427763184,0.0,30.77073200863145
1453,100.82206112826485,100.17664859812383,100.52648795697093,100.4858509170466,99.29509409046034,101.15788003445807,85.0,94.0,1.2281207969282355,0.3871583902386073,0.008416874354701016,0.0015409073427763184,0.0,30.77073200863145
1454,100.90143214994464,100.6270774777189,101.27720194355516,100.62411237013038,99.41465285843498,101.21837441229958,79.00000000000001,91.0,1.107539483875702,0.34081633892320745,0.007640007308666882,-1.4733366748138024e-05,0.29466299358404946,0.0
1455,101.02490474379343,100.65745528059425,101.13723557526879,100.76508478511356,99.86226138387755,101.58185011665581,76.00000000000001,88.0,1.0989363251656459,0.4067347050308867,0.007245728501059411,0.0005343468734144432,0.0,10.681229986441165
1456,100.94292729060768,100.65745528059425,101.13723557526879,100.76508478511356,99.86226138387755,101.58185011665581,76.00000000000001,88.0,1.0989363251656459,0.4067347050308867,0.007245728501059411,0.0005343468734144432,0.0,10.681229986441165
1457,101.02994684891485,100.71666243336752,101.30600529264268,100.90625469969518,99.95121579887392,101.61083780606086,73.00000000000001,85.0,1.0510214191523943,0.466061234527798,0.006923824536539139,0.000940330935706813,0.0,18.788950882371314
1458,101.03062434106204,101.20964742038825,101.74028884666976,100.90139411250446,98.5766655477622,103.02769646978102,73.00000000000001,79.00000000000001,1.2346129703837583,0.31878588441701383,0.006360374997074877,-0.0015251680736780532,30.45690956746561,0.0
1459,101.1131397912243,101.20964742038825,101.41739196712568,100.90139411250446,98.5766655477622,103.02769646978102,73.00000000000001,79.00000000000001,1.2346129703837583,0.31878588441701383,0.006360374997074877,-0.0015251680736780532,30.45690956746561,0.0
1460,101.10208985807844,100.47344276126138,100.04010694995402,100.89767839270358,96.81914161639959,104.89792212057456,70.00000000000001,79.00000000000001,1.1758439327530577,0.28690729597531245,0.006231561096604129,0.0021067352111418976,0.0,42.04612417255227
1461,100.98179619899764,100.47344276126138,100.67885081040065,100.89767839270358,96.81914161639959,104.89792212057456,70.00000000000001,79.00000000000001,1.1758439327530577,0.28690729597531245,0.006231561096604129,0.0021067352111418976,0.0,42.04612417255227
1462,101.056683783547,100.47344276126138,100.75351373219634,100.89767839270358,96.81914161639959,104.89792212057456,70.00000000000001,79.00000000000001,1.1758439327530577,0.28690729597531245,0.006231561096604129,0.0021067352111418976,0.0,42.04612417255227
1463,101.01459564241803,100.47344276126138,100.75351373219634,100.89767839270358,96.81914161639959,104.89792212057456,70.00000000000001,79.00000000000001,1.1758439327530577,0.28690729597531245,0.006231561096604129,0.0021067352111418976,0.0,42.04612417255227
1464,101.02056674769806,100.47344276126138,100.75351373219634,100.89767839270358,96.81914161639959,104.89792212057456,70.00000000000001,79.00000000000001,1.1758439327530577,0.28690729597531245,0.006231561096604129,0.0021067352111418976,0.0,42.04612417255227
1465,101.19934086270081,100.47344276126138,100.89574284011272,100.89767839270358,96.81914161639959,104.89792212057456,70.00000000000001,79.00000000000001,1.1758439327530577,0.28690729597531245,0.006231561096604129,0.0021067352111418976,0.0,42.04612417255227
1466,101.2694472029785,100.47344276126138,100.96563886136957,100.89767839270358,96.81914161639959,104.89792212057456,70.00000000000001,79.00000000000001,1.1758439327530577,0.28690729597531245,0.006231561096604129,0.0021067352111418976,0.0,42.04612417255227
1467,101.30125455342373,100.50097464245165,100.8975826590128,100.93829194188267,99.7974678199545,101.30125455342372,67.00000000000001,79.00000000000001,1.0932049895613845,0.3582165663777812,0.006118183462593994,0.0021709635208977756,0.0,43.325212961082826
1468,101.39917779598305,100.92446587234285,101.42293365056524,101.04010958346929,99.92411685864245,101.39917779598306,61.000000000000014,76.00000000000001,1.2648839005092496,0.3210201314024024,0.005689356431631761,0.0005725940346986209,0.0,11.445327167909358
1469,101.39605309304929,100.92446587234285,101.04487209667667,101.04010958346929,99.92411685864245,101.39917779598306,61.000000000000014,76.00000000000001,1.2648839005092496,0.3210201314024024,0.005689356431631761,0.0005725940346986209,0.0,11.445327167909358
1470,101.47594926301036,100.23399471652985,99.92233435181446,101.028653684828,98.32901352599676,103.04408564799914,58.000000000000014,79.65679085234389,1.2036931884685098,0.2889181182621621,0.005821801648671612,0.003948367839786298,0.0,78.65679085234389
1471,101.56299383019312,100.83419968334998,101.31850407232166,101.16773876098748,100.1696025558426,101.56299383019312,52.000000000000014,75.65679085234389,1.3441702320450026,0.2736199928913189,0.005475724003781871,0.001651167707627711,0.0,32.96891694154369
1472,101.50672315676923,100.83419968334998,101.22658604595355,101.16773876098748,100.1696025558426,101.56299383019312,52.000000000000014,75.65679085234389,1.3441702320450026,0.2736199928913189,0.005475724003781871,0.001651167707627711,0.0,32.96891694154369
1473,101.36071304972161,101.11532282757372,101.54980515451182,101.15624889905584,98.63015915477202,103.14821362487595,49.000000000000014,69.65679085234389,1.303776558515494,0.18715607513766214,0.005029199862911444,0.00020233229579798542,0.0,4.0458273144305945
1474,101.30482073709368,101.11532282757372,101.54980515451182,101.15624889905584,98.63015915477202,103.14821362487595,49.000000000000014,69.65679085234389,1.303776558515494,0.18715607513766214,0.005029199862911444,0.00020233229579798542,0.0,4.0458273144305945
1475,101.27124780549552,101.10941573519831,101.40061485205216,101.14746587712479,97.23710363921681,104.62595393728739,49.000000000000014,66.65679085234389,1.2394744338342545,0.16844046762389592,0.004750023207257074,0.00018812779878326277,0.0,3.7618482674306453
1476,101.52289412412077,101.10941573519831,101.40061485205216,101.14746587712479,97.23710363921681,104.62595393728739,49.000000000000014,66.65679085234389,1.2394744338342545,0.16844046762389592,0.004750023207257074,0.00018812779878326277,0.0,3.7618482674306453
1477,101.47247499183214,101.10941573519831,101.40061485205216,101.14746587712479,97.23710363921681,104.62595393728739,49.000000000000014,66.65679085234389,1.2394744338342545,0.16844046762389592,0.004750023207257074,0.00018812779878326277,0.0,3.7618482674306453
1478,101.44248204628921,101.10941573519831,101.40061485205216,101.14746587712479,97.23710363921681,104.62595393728739,49.000000000000014,66.65679085234389,1.2394744338342545,0.16844046762389592,0.004750023207257074,0.00018812779878326277,0.0,3.7618482674306453
1479,101.42810424091905,101.10941573519831,101.46855353024888,101.14746587712479,97.23710363921681,104.62595393728739,49.000000000000014,66.65679085234389,1.2394744338342545,0.16844046762389592,0.004750023207257074,0.00018812779878326277,0.0,3.7618482674306453
1480,101.41585061971473,101.35230973772441,101.72632786457585,101.13894707447588,95.19330500428383,106.8722713839394,49.000000000000014,63.65679085234389,1.1563164791275142,0.15159642086150632,0.004591464454708513,-0.0010536882757679479,21.051583708419088,0.0
1481,101.46457029390943,100.53372059435658,100.47507770659989,101.12208494976687,94.32315303830661,107.24845306461516,46.000000000000014,63.65679085234389,1.1438111607973132,0.1364367787753557,0.004666097541317354,0.0029176663365714606,0.0,58.18356649811673
1482,101.19920867136848,100.60120894943766,100.9419695067005,100.97791820545217,100.09245395315457,101.1992086713685,40.00000000000002,63.65679085234389,1.301198888988152,0.1693227566823433,0.004473304549285595,0.0018687909870997842,0.0,37.30610243400378
1483,101.15089739262623,100.60120894943766,100.9419695067005,100.97791820545217,100.09245395315457,101.1992086713685,40.00000000000002,63.65679085234389,1.301198888988152,0.1693227566823433,0.004473304549285595,0.0018687909870997842,0.0,37.30610243400378
1484,100.97059586031021,100.60120894943766,100.9419695067005,100.97791820545217,100.09245395315457,101.1992086713685,40.00000000000002,63.65679085234389,1.301198888988152,0.1693227566823433,0.004473304549285595,0.0018687909870997842,0.0,37.30610243400378
1485,100.7687401100547,100.60120894943766,100.9419695067005,100.97791820545217,100.09245395315457,101.1992086713685,40.00000000000002,63.65679085234389,1.301198888988152,0.1693227566823433,0.004473304549285595,0.0018687909870997842,0.0,37.30610243400378
1486,100.8863611467626,100.20963387070088,100.10912270332805,100.96789388769537,98.31740585525051,103.02628558922348,37.00000000000002,76.09912188897184,1.2171029778691,0.15239048101410899,0.0046572014900935045,0.00376910893300729,0.0,75.09912188897184
1487,100.98028383547233,100.21183274267449,100.67734298396593,100.95817125027665,97.40588962201652,103.9903970215896,34.00000000000002,76.09912188897184,1.1997347396395721,0.1371514329126981,0.004822970126654352,0.0037099890281272413,0.0,73.9255177029685
1488,100.78155748579967,100.21183274267449,100.67734298396593,100.95817125027665,97.40588962201652,103.9903970215896,34.00000000000002,76.09912188897184,1.1997347396395721,0.1371514329126981,0.004822970126654352,0.0037099890281272413,0.0,73.9255177029685
1489,100.85577867508748,100.27136622692053,100.73715301685756,100.81692870337871,99.930443581749,101.04027383837267,34.00000000000002,76.09912188897184,1.1437559604684064,0.2234362896214283,0.004859158644984494,0.0027130493927917457,0.0,54.11417343046732
1490,100.91571318856262,100.27136622692053,100.73715301685756,100.81692870337871,99.930443581749,101.04027383837267,34.00000000000002,76.09912188897184,1.1437559604684064,0.2234362896214283,0.004859158644984494,0.0027130493927917457,0.0,54.11417343046732
1491,100.85557014180992,100.27136622692053,100.73715301685756,100.81692870337871,99.930443581749,101.04027383837267,34.00000000000002,76.09912188897184,1.1437559604684064,0.2234362896214283,0.004859158644984494,0.0027130493927917457,0.0,54.11417343046732
1492,101.06936349326473,100.30023451209325,100.76615540278495,100.80180823918289,99.95921371475214,101.06936349326473,34.00000000000002,76.09912188897184,1.0789221502976005,0.3010926606592855,0.00486690480340834,0.002494125470967883,0.0,49.758405712276854
1493,101.09149298865202,100.32219560396386,100.78821850968609,100.82387915239893,99.98110013891039,101.09149298865202,34.00000000000002,76.09912188897184,1.0726083782737925,0.37098339459335694,0.004874186192326756,0.0024941254709679814,0.0,49.758405712276854
1494,101.24137947479554,100.47094146710951,100.93765533637118,100.96513143674012,100.12934026612133,101.24137947479551,34.00000000000002,76.09912188897184,1.0667997080118892,0.4338850551340213,0.0048761356933150505,0.002453334015633402,0.0,48.946597958945404
1495,101.2815170752661,100.51077362396504,100.9776725240403,101.0134001989124,100.16903699364354,101.28151707526608,34.00000000000002,76.09912188897184,1.061455731370938,0.49049654962061917,0.004882863228839043,0.002494125470967712,0.0,49.75840571227352
1496,101.35847217190397,100.58714309907502,100.88174703941337,101.09015157664163,100.24514681253817,101.35847217190398,34.00000000000002,76.09912188897184,1.056539272861263,0.5414468946585572,0.004889187112231616,0.0024941254709679875,0.0,49.758405712276854
1497,101.27375213526433,101.10270038219453,101.57234893728068,101.22984867263702,100.43485629875941,101.55028857690023,34.00000000000002,76.09912188897184,1.2385725822052425,0.44634967594645314,0.0046114547939941596,0.0006284124380206861,0.0,12.560355676680679
1498,101.29655666281172,101.10270038219453,101.57234893728068,101.22984867263702,100.43485629875941,101.55028857690023,34.00000000000002,76.09912188897184,1.2385725822052425,0.44634967594645314,0.0046114547939941596,0.0006284124380206861,0.0,12.560355676680679
1499,101.17140116364511,101.23115791431565,101.70140318832348,101.22267597646895,99.13337418769454,102.88350138277198,34.00000000000002,76.09912188897184,1.1794867756288232,0.40171470835180784,0.004339794986065007,-4.189566422966441e-05,0.837878181130236,0.0
