step,event_index,event_type,amm,trade_side,amount_x,amount_y,fair_price,edge,submission_spot,internal_price_estimate,bid_fee_bps,ask_fee_bps,probable_arb
0,0,retail,submission,sell,0.009909838001249227,0.9939645118308872,100.0,0.0029807117059644783,100.0198226225385,100.14009804574935,28.999999999999996,28.999999999999996,True
0,1,retail,normalizer,sell,0.004895415583305862,0.49103864051994595,100.0,0.0,100.0198226225385,100.14009804574935,28.999999999999996,28.999999999999996,True
2,0,arb,submission,buy,0.025837314624066528,2.5760855923290364,99.67839436360673,-0.0006635559347496489,99.96830244068471,100.00000000000001,28.999999999999996,28.999999999999996,True
2,1,arb,normalizer,buy,0.0157798406562636,1.5731566499980545,99.67839436360673,0.0,99.96830244068471,100.00000000000001,28.999999999999996,28.999999999999996,True
2,2,retail,submission,buy,0.1482366208509203,14.754184131043075,99.67839436360673,0.02180422126340531,99.67348321488248,99.99974637964928,28.999999999999996,28.999999999999996,False
2,3,retail,normalizer,buy,0.14824405479796662,14.75492404148281,99.67839436360673,0.0,99.67348321488248,99.99974637964928,28.999999999999996,28.999999999999996,False
4,0,retail,submission,buy,0.15195994739453278,15.07964154277397,99.81775621291175,0.08865944038039686,99.37261055780354,99.99880291759135,0.0,97.61998559161208,False
4,1,retail,normalizer,buy,0.1519675680634185,15.080397774643643,99.81775621291175,0.0,99.37261055780354,99.99880291759135,0.0,97.61998559161208,False
5,0,arb,normalizer,sell,0.07848211154235685,7.829349863220717,99.83778655022516,0.0,99.37261055780354,99.99880291759135,0.0,97.61998559161208,False
6,0,arb,normalizer,sell,0.024142505134889802,2.410914984412395,99.88589919778433,0.0,99.37261055780354,99.99880291759135,0.0,97.61998559161208,False
6,1,retail,submission,buy,0.15370351527551931,15.250552577163035,99.88589919778433,0.10226125599259106,99.06879039462903,99.9978877678998,0.0,100.0,False
6,2,retail,normalizer,buy,0.11087470869810054,10.996340319752562,99.88589919778433,0.0,99.06879039462903,99.9978877678998,0.0,100.0,False
7,0,arb,normalizer,sell,0.11821809601369182,11.796212647213897,99.90120370558397,0.0,99.06879039462903,99.9978877678998,0.0,100.0,False
8,0,arb,normalizer,sell,0.07055136445002574,7.053132388028318,100.04203460294946,0.0,99.06879039462903,99.9978877678998,0.0,100.0,False
9,0,arb,normalizer,sell,0.0017211494826767648,0.17219025592725778,100.0454739906732,0.0,99.06879039462903,99.9978877678998,0.0,100.0,False
9,1,retail,normalizer,buy,0.10573652585852315,10.50402612490143,100.0454739906732,0.0,99.06879039462903,99.9978877678998,0.0,100.0,False
10,0,arb,normalizer,sell,0.11529044450753645,11.523292095100684,100.06520297664015,0.0,99.06879039462903,99.9978877678998,0.0,100.0,False
10,1,retail,normalizer,buy,0.10071589288719321,10.007740697625195,100.06520297664015,0.0,99.06879039462903,99.9978877678998,0.0,100.0,False
11,0,arb,normalizer,sell,0.02391523749957969,2.3888600463453793,99.91246127540013,0.0,99.06879039462903,99.9978877678998,0.0,100.0,False
11,1,retail,normalizer,buy,0.04541010917932074,4.507817485458872,99.91246127540013,0.0,99.06879039462903,99.9978877678998,0.0,100.0,False
12,0,arb,normalizer,sell,0.08544553857232984,8.536640896432187,99.99262688241636,0.0,99.06879039462903,99.9978877678998,0.0,100.0,False
12,1,retail,submission,sell,0.0034790635111789925,0.3481601508883019,99.99262688241636,0.00027945131475148877,99.13734230213747,99.996770466895,0.0,100.0,False
12,2,retail,normalizer,sell,0.04193586647937764,4.195033968129469,99.99262688241636,0.0,99.13734230213747,99.996770466895,0.0,100.0,False
12,3,retail,submission,sell,0.031263266588922534,3.129689585551919,99.99262688241636,0.0035934344002743757,99.13734230213747,99.996770466895,0.0,100.0,False
12,4,retail,normalizer,sell,0.031153322582923693,3.118683358496897,99.99262688241636,0.0,99.13734230213747,99.996770466895,0.0,100.0,False
12,5,retail,normalizer,buy,0.08835793200723263,8.787307657343263,99.99262688241636,0.0,99.13734230213747,99.996770466895,0.0,100.0,False
12,6,retail,normalizer,sell,0.04334793459463526,4.335051466127516,99.99262688241636,0.0,99.13734230213747,99.996770466895,0.0,100.0,False
15,0,arb,normalizer,sell,0.0036511244214239014,0.36530557407163494,100.05654516501023,0.0,99.13734230213747,99.996770466895,0.0,100.0,False
15,1,retail,submission,sell,0.0785891950345956,7.875985068494033,100.05654516501023,0.012621726033219538,99.29267351265676,100.05400019954972,0.0,100.0,True
15,2,retail,normalizer,sell,0.11940661841002509,11.961679335647354,100.05654516501023,0.0,99.29267351265676,100.05400019954972,0.0,100.0,True
17,0,retail,submission,sell,0.18885500385464127,18.977043676440914,100.07719565982246,0.07696450434345437,99.4406669414452,100.04412834065,0.0,95.3195219163688,False
17,1,retail,normalizer,sell,0.18819085458484608,18.910306817775187,100.07719565982246,0.0,99.4406669414452,100.04412834065,0.0,95.3195219163688,False
17,2,retail,submission,buy,0.11414969221122813,11.364057231681727,100.07719565982246,0.059723850249863375,99.4406669414452,100.04412834065,0.0,95.3195219163688,False
17,3,retail,normalizer,buy,0.316823654346063,31.60485683659863,100.07719565982246,0.0,99.4406669414452,100.04412834065,0.0,95.3195219163688,False
18,0,arb,normalizer,sell,0.04779301760254384,4.783496999701867,100.13557486812107,0.0,99.4406669414452,100.04412834065,0.0,95.3195219163688,False
18,1,retail,submission,sell,0.08024557310842795,8.062919184418678,100.13557486812107,0.02748259058440894,99.06683086818758,100.18259537661505,0.0,100.0,False
18,2,retail,normalizer,sell,0.21069516697399138,21.14259135655292,100.13557486812107,0.0,99.06683086818758,100.18259537661505,0.0,100.0,False
18,3,retail,submission,buy,0.24797815372616616,24.63765159156901,100.13557486812107,0.1937833865359373,99.06683086818758,100.18259537661505,0.0,100.0,False
18,4,retail,normalizer,buy,0.4272507295292347,42.52493158015568,100.13557486812107,0.0,99.06683086818758,100.18259537661505,0.0,100.0,False
18,5,retail,normalizer,sell,0.05577923052706524,5.5646289639704305,100.13557486812107,0.0,99.06683086818758,100.18259537661505,0.0,100.0,False
18,6,retail,submission,buy,0.021297880644482126,2.110360899767329,100.13557486812107,0.022314622040517484,99.06683086818758,100.18259537661505,0.0,100.0,False
18,7,retail,normalizer,buy,0.07727697126825911,7.661468658514423,100.13557486812107,0.0,99.06683086818758,100.18259537661505,0.0,100.0,False
19,0,arb,submission,sell,0.023054192929109263,2.3075050763197003,100.11344546636744,-0.0005296102597935892,99.11231101170378,100.04243787623045,0.0,100.0,True
19,1,arb,normalizer,sell,0.22547904866411272,22.52274784328572,100.11344546636744,0.0,99.11231101170378,100.04243787623045,0.0,100.0,True
19,2,retail,submission,sell,0.013616738412551399,1.3634034237348918,100.11344546636744,0.00018482524013663237,99.13918813674017,100.03898395467223,0.0,100.0,False
19,3,retail,normalizer,sell,0.013568852221084171,1.358608722138816,100.11344546636744,0.0,99.13918813674017,100.03898395467223,0.0,100.0,False
21,0,retail,normalizer,buy,0.045449753231295256,4.522050602918171,99.98132429804349,0.0,99.13918813674017,100.03898395467223,0.0,100.0,False
22,0,retail,submission,sell,0.44371029895491176,44.630589279478315,99.88417390966177,0.3109526131578946,100.0210143993154,100.0261364133198,0.0,100.0,False
22,1,retail,normalizer,sell,0.48746330015701744,49.00929378173262,99.88417390966177,0.0,100.0210143993154,100.0261364133198,0.0,100.0,False
23,0,arb,submission,buy,0.046834706325867614,4.6822616818953975,99.92738125027716,-0.00219212712565664,99.92738125027715,100.16627107567345,0.0,100.0,True
23,1,arb,normalizer,buy,0.2490492290458108,24.948856392007656,99.92738125027716,0.0,99.92738125027715,100.16627107567345,0.0,100.0,True
24,0,arb,submission,buy,0.08493261158572807,8.479893878726216,99.75791687241569,-0.007193472399984913,99.75791687241566,100.02613641331982,0.0,100.0,True
24,1,arb,normalizer,buy,0.08506029786918101,8.49264241092169,99.75791687241569,0.0,99.75791687241566,100.02613641331982,0.0,100.0,True
25,0,retail,normalizer,sell,0.006436928291435606,0.6460463696183018,100.03476597428987,0.0,99.75791687241566,100.02613641331982,0.0,100.0,True
25,1,retail,normalizer,sell,0.00823202856756211,0.8263339913044643,100.03476597428987,0.0,99.75791687241566,100.02613641331982,0.0,100.0,True
26,0,retail,normalizer,sell,0.0518508817428085,5.207940369097163,100.12666195291955,0.0,100.29672608993644,100.03497522406603,0.0,100.0,False
26,1,retail,submission,sell,0.2370621879096717,23.944401479572477,100.12666195291955,0.2081559289212862,100.29672608993644,100.03497522406603,0.0,100.0,False
26,2,retail,normalizer,sell,0.37151193765669177,37.47364876364854,100.12666195291955,0.0,100.29672608993644,100.03497522406603,0.0,100.0,False
26,3,retail,submission,sell,0.0322332714571445,3.2644932560391284,100.12666195291955,0.03708338121293098,100.29672608993644,100.03497522406603,0.0,100.0,False
26,4,retail,normalizer,sell,0.03211991622026744,3.253012962862263,100.12666195291955,0.0,100.29672608993644,100.03497522406603,0.0,100.0,False
27,0,arb,submission,buy,0.15124437380892175,15.146373532865255,99.99357893239292,-0.022907302322497713,99.99357893239292,100.1751222694208,0.0,100.0,True
27,1,arb,normalizer,buy,0.3533378300464347,35.45660371293707,99.99357893239292,0.0,99.99357893239292,100.1751222694208,0.0,100.0,True
28,0,retail,normalizer,sell,0.006973460554448252,0.7015529832773514,100.0667984022594,0.0,99.99357893239292,100.1751222694208,0.0,100.0,True
29,0,retail,normalizer,sell,0.047689088359177845,4.800306392736593,100.06716708468291,0.0,99.99357893239292,100.1751222694208,0.0,100.0,True
30,0,arb,submission,buy,0.01630467770053201,1.6300973030374735,99.9609806902627,-0.0002657302536361872,99.96098069026269,100.2023856601054,0.0,100.0,True
30,1,arb,normalizer,buy,0.07115621988693904,7.11790176224531,99.9609806902627,0.0,99.96098069026269,100.2023856601054,0.0,100.0,True
31,0,arb,submission,buy,0.0008025208525168637,0.08022012778565113,99.9593766071862,-6.436537978160572e-07,99.9593766071862,100.21024109551323,0.0,100.0,False
31,1,arb,normalizer,buy,0.0008037273491034535,0.08034072939881298,99.9593766071862,0.0,99.9593766071862,100.21024109551323,0.0,100.0,False
32,0,arb,submission,buy,0.012028543777901746,1.202221157209351,99.93533851370407,-0.00014456293783138285,99.93533851370405,100.17668155789528,0.0,100.0,True
32,1,arb,normalizer,buy,0.012046627291656916,1.204028556610865,99.93533851370407,0.0,99.93533851370405,100.17668155789528,0.0,100.0,True
32,2,retail,normalizer,sell,0.0480970213960461,4.837891592856168,99.93533851370407,0.0,99.93533851370405,100.17668155789528,0.0,100.0,True
33,0,arb,submission,buy,0.08568288357564313,8.55541981496026,99.76435864217486,-0.007321888424085543,99.76435864217484,100.03653233106405,0.0,100.0,True
33,1,arb,normalizer,buy,0.13405344444155,13.391659809678458,99.76435864217486,0.0,99.76435864217484,100.03653233106405,0.0,100.0,True
33,2,retail,normalizer,sell,0.01408468075806013,1.4138173246357069,99.76435864217486,0.0,99.73861367023068,100.03837359404567,0.0,100.0,False
33,3,retail,submission,buy,0.012920620465758115,1.288851082788824,99.76435864217486,0.0001663312364930114,99.73861367023068,100.03837359404567,0.0,100.0,False
33,4,retail,normalizer,buy,0.027067107056755954,2.7003645928507467,99.76435864217486,0.0,99.73861367023068,100.03837359404567,0.0,100.0,False
34,0,arb,submission,buy,0.011152684776959632,1.1122294371343742,99.71639940972189,-0.0001238674243424498,99.71639940972189,99.95721371772598,0.0,100.0,True
34,1,arb,normalizer,buy,0.011169451538788358,1.113901544473265,99.71639940972189,0.0,99.71639940972189,99.95721371772598,0.0,100.0,True
34,2,retail,normalizer,sell,0.18926838296121673,19.022919595681696,99.71639940972189,0.0,99.75257622664627,99.95930331499035,0.0,100.0,False
34,3,retail,submission,sell,0.018160689065368274,1.8295424167374745,99.71639940972189,0.018623892339442838,99.75257622664627,99.95930331499035,0.0,100.0,False
34,4,retail,normalizer,sell,0.030673715259254664,3.089739104519124,99.71639940972189,0.0,99.75257622664627,99.95930331499035,0.0,100.0,False
35,0,arb,normalizer,buy,0.18713761955378333,18.70806881504359,99.78298073759346,0.0,99.75257622664627,99.95930331499035,0.0,100.0,False
35,1,retail,normalizer,sell,0.036509042417719684,3.666276797649923,99.78298073759346,0.0,99.75257622664627,99.95930331499035,0.0,100.0,False
36,0,arb,normalizer,buy,0.019227191498949504,1.9195804541504913,99.81760794956308,0.0,99.75257622664627,99.95930331499035,0.0,100.0,False
36,1,retail,submission,sell,0.10235396198295632,10.32375712308281,99.81760794956308,0.10702947378359262,99.95683804013683,99.96707700032142,0.0,100.0,False
36,2,retail,normalizer,sell,0.27123068644705484,27.310893035914983,99.81760794956308,0.0,99.95683804013683,99.96707700032142,0.0,100.0,False
37,0,arb,submission,buy,0.0822340645041919,8.213104555059545,99.79267885731696,-0.006746964860834481,99.79267885731696,100.03367737957767,0.0,100.0,True
37,1,arb,normalizer,buy,0.28456668799573737,28.478506876333995,99.79267885731696,0.0,99.79267885731696,100.03367737957767,0.0,100.0,True
38,0,arb,submission,buy,0.018684881575666168,1.8642664118706307,99.7554356748064,-0.0003479097578888979,99.75543567480638,99.99634425507878,0.0,100.0,True
38,1,arb,normalizer,buy,0.01871297211755849,1.8670691191564401,99.7554356748064,0.0,99.75543567480638,99.99634425507878,0.0,100.0,True
38,2,retail,submission,buy,0.013556049822421323,1.3521065880941023,99.7554356748064,0.00018306797091871552,99.72842845918296,99.99843467036379,0.0,100.0,False
38,3,retail,normalizer,buy,0.013576429763508608,1.3541393227751541,99.7554356748064,0.0,99.72842845918296,99.99843467036379,0.0,100.0,False
40,0,arb,submission,buy,0.0292319767618352,2.914408321648807,99.67022798737001,-0.0008505332751904682,99.67022798737001,99.910930791758,0.0,100.0,True
40,1,arb,normalizer,buy,0.02927592363219726,2.918789794914119,99.67022798737001,0.0,99.67022798737001,99.910930791758,0.0,100.0,True
40,2,retail,submission,buy,0.05998351912287236,5.974992929846849,99.67022798737001,0.0035780966146079507,99.35079482431335,99.91509138530742,0.0,91.47761045605492,False
40,3,retail,normalizer,buy,0.06007369735338596,5.9839756353903795,99.67022798737001,0.0,99.35079482431335,99.91509138530742,0.0,91.47761045605492,False
40,4,retail,submission,buy,0.10091322957585427,10.03590419385364,99.67022798737001,0.02214040491356606,99.35079482431335,99.91509138530742,0.0,91.47761045605492,False
40,5,retail,normalizer,buy,0.101064940856055,10.05099200622135,99.67022798737001,0.0,99.35079482431335,99.91509138530742,0.0,91.47761045605492,False
40,6,retail,normalizer,sell,0.03353197735624747,3.3526297162261383,99.67022798737001,0.0,99.35079482431335,99.91509138530742,0.0,91.47761045605492,False
41,0,retail,submission,buy,0.054139392544591956,5.375890668918146,99.77042467088437,0.02561951667950435,99.24365548502689,99.9227994679689,0.0,100.0,False
41,1,retail,normalizer,buy,0.0878536607960646,8.726544521108735,99.77042467088437,0.0,99.24365548502689,99.9227994679689,0.0,100.0,False
42,0,retail,submission,buy,0.31499854816696704,31.1638137711725,99.79749882275844,0.2722534686910123,98.62371192465774,99.93027687630872,0.0,100.0,False
42,1,retail,normalizer,buy,0.3154721117741184,31.210664933338194,99.79749882275844,0.0,98.62371192465774,99.93027687630872,0.0,100.0,False
43,0,arb,submission,sell,0.008398648232045502,0.836742379470532,99.6365310168946,-6.979560165665255e-05,98.64016570672564,99.79047237466777,0.0,100.0,True
43,1,arb,normalizer,sell,0.21132946573231948,21.01187788453569,99.6365310168946,0.0,98.64016570672564,99.79047237466777,0.0,100.0,True
44,0,arb,submission,sell,0.08610145536539449,8.586192727794108,99.80715628048948,-0.007348683837408387,98.80908471768457,99.65086346238462,0.0,100.0,True
44,1,arb,normalizer,sell,0.08579866106531142,8.5559975329927,99.80715628048948,0.0,98.80908471768457,99.65086346238462,0.0,100.0,True
45,0,arb,submission,sell,0.027451385300281572,2.7405925401700473,99.86164820811699,-0.0007480415121450257,98.8630317260358,99.621064134042,0.0,100.0,True
45,1,arb,normalizer,sell,0.027354846595301296,2.730954656624511,99.86164820811699,0.0,98.8630317260358,99.621064134042,0.0,100.0,True
46,0,arb,submission,sell,0.02192904730836176,2.190348392018723,99.90521017802705,-0.0004776883270567467,98.90615807624678,99.6645211555922,0.0,100.0,True
46,1,arb,normalizer,sell,0.021851929093529066,2.1826455604505894,99.90521017802705,0.0,98.90615807624678,99.6645211555922,0.0,100.0,True
46,2,retail,submission,sell,0.08787312829527139,8.786662121711121,99.90521017802705,0.007678770371297716,99.0792555282446,99.66243772059562,0.0,93.51574632219747,False
46,3,retail,normalizer,sell,0.08756410352600597,8.75576193313755,99.90521017802705,0.0,99.0792555282446,99.66243772059562,0.0,93.51574632219747,False
47,0,retail,normalizer,buy,0.07775384276403219,7.729004356557198,99.81547889023129,0.0,99.0792555282446,99.66243772059562,0.0,93.51574632219747,False
48,0,arb,normalizer,sell,0.014323482506739538,1.4314821033702414,99.95381959097979,0.0,99.0792555282446,99.66243772059562,0.0,93.51574632219747,False
48,1,retail,submission,sell,0.20553932235985428,20.599066450454153,99.95381959097979,0.05462610444503824,99.4859173495733,99.65468772476282,0.0,93.51574632219747,False
48,2,retail,normalizer,sell,0.2353011588891718,23.574624890478738,99.95381959097979,0.0,99.4859173495733,99.65468772476282,0.0,93.51574632219747,False
51,0,retail,submission,sell,0.06532755815099733,6.564800860241005,100.19671398514092,0.019194200837863384,99.61569307681512,99.64717080461575,0.0,93.51574632219747,False
51,1,retail,normalizer,sell,0.06511913496824207,6.543856304403216,100.19671398514092,0.0,99.61569307681512,99.64717080461575,0.0,93.51574632219747,False
51,2,retail,normalizer,buy,0.05432351788757273,5.426889250960812,100.19671398514092,0.0,99.61569307681512,99.64717080461575,0.0,93.51574632219747,False
52,0,retail,normalizer,sell,0.009455687440876659,0.9498860507082514,100.2171072035316,0.0,99.61569307681512,99.64717080461575,0.0,93.51574632219747,False
52,1,retail,normalizer,buy,0.06693538301281796,6.67998677108335,100.2171072035316,0.0,99.61569307681512,99.64717080461575,0.0,93.51574632219747,False
53,0,retail,normalizer,sell,0.06082609454696808,6.1065200172399825,100.09681750002837,0.0,99.61569307681512,99.64717080461575,0.0,93.51574632219747,False
54,0,retail,normalizer,buy,0.10129258340036275,10.104094529806389,100.14701855631931,0.0,99.61569307681512,99.64717080461575,0.0,93.51574632219747,False
55,0,retail,submission,buy,0.10283267407096132,10.233245218822049,100.22188389555184,0.07283910258696125,99.41152654101424,99.63594630435792,0.0,93.51574632219747,True
55,1,retail,normalizer,buy,0.12069449807751483,12.01285873413326,100.22188389555184,0.0,99.41152654101424,99.63594630435792,0.0,93.51574632219747,True
56,0,arb,normalizer,sell,0.10099500817460694,10.110777110104422,100.2127152930151,0.0,99.41152654101424,99.63594630435792,0.0,93.51574632219747,True
56,1,retail,normalizer,buy,0.013038126397718973,1.2985895620440715,100.2127152930151,0.0,99.41152654101424,99.63594630435792,0.0,93.51574632219747,True
56,2,retail,normalizer,buy,0.008368995083875232,0.8333690992749325,100.2127152930151,0.0,99.41152654101424,99.63594630435792,0.0,93.51574632219747,True
57,0,arb,normalizer,sell,0.007440896737136882,0.7454098406868812,100.1848701987326,0.0,99.41152654101424,99.63594630435792,0.0,93.51574632219747,True
58,0,arb,normalizer,sell,0.0192603613613187,1.9299683067616304,100.22345094528544,0.0,99.41152654101424,99.63594630435792,0.0,93.51574632219747,True
58,1,retail,submission,buy,0.033293424020989615,3.3086517882220505,100.22345094528544,0.02813006094618986,99.345559445096,99.56983028888698,0.0,93.51574632219747,True
58,2,retail,normalizer,buy,0.1400168631188271,13.929464091055706,100.22345094528544,0.0,99.345559445096,99.56983028888698,0.0,93.51574632219747,True
59,0,arb,submission,sell,0.007389340968714464,0.7410825726646696,100.29814045087936,-5.4585654890693114e-05,99.3601949049801,99.70932567527765,0.0,93.51574632219747,True
59,1,arb,normalizer,sell,0.1768518776631396,17.70660044070867,100.29814045087936,0.0,99.3601949049801,99.70932567527765,0.0,93.51574632219747,True
59,2,retail,submission,sell,0.05922692977658528,5.943860007186993,100.29814045087936,0.0035090859806743424,99.47761774850578,99.71027503812975,0.0,93.51574632219747,False
59,3,retail,normalizer,sell,0.059037970238534854,5.924896521398233,100.29814045087936,0.0,99.47761774850578,99.71027503812975,0.0,93.51574632219747,False
62,0,retail,submission,sell,0.08862348351061655,8.90714843316607,100.16206413652532,0.0304373937734006,99.65371111433163,99.71380674729662,0.0,93.51574632219747,False
62,1,retail,normalizer,sell,0.08834073624404937,8.878730774856917,100.16206413652532,0.0,99.65371111433163,99.71380674729662,0.0,93.51574632219747,False
64,0,retail,normalizer,buy,0.11989014167432993,11.973693876070683,100.30290861472479,0.0,99.65371111433163,99.71380674729662,0.0,93.51574632219747,False
65,0,retail,normalizer,sell,0.056383703061229085,5.661524600002278,100.14014292516185,0.0,99.65371111433163,99.71380674729662,0.0,93.51574632219747,False
68,0,retail,normalizer,sell,0.04776993870262913,4.80161325122619,100.12568855280581,0.0,99.89103583968917,99.71811880415854,78.87435184149413,0.0,False
68,1,retail,submission,sell,0.2518352585030499,25.39707157446375,100.12568855280581,0.1818929149720354,99.89103583968917,99.71811880415854,78.87435184149413,0.0,False
68,2,retail,normalizer,sell,0.26640862452542535,26.86262911885393,100.12568855280581,0.0,99.89103583968917,99.71811880415854,78.87435184149413,0.0,False
68,3,retail,normalizer,buy,0.0884366495213479,8.879706527543021,100.12568855280581,0.0,99.89103583968917,99.71811880415854,78.87435184149413,0.0,False
68,4,retail,submission,buy,0.13382198640268295,13.2798021451581,100.12568855280581,0.11921638691474534,99.89103583968917,99.71811880415854,78.87435184149413,0.0,False
68,5,retail,normalizer,buy,0.6113689822315785,60.95904582640651,100.12568855280581,0.0,99.89103583968917,99.71811880415854,78.87435184149413,0.0,False
69,0,arb,submission,sell,0.06676760562673678,6.673938887386612,100.02448641706145,-0.004456574724637008,100.02448641706145,99.83457147079766,78.87435184149413,0.0,True
69,1,arb,normalizer,sell,0.1625937444475909,16.236991853003424,100.02448641706145,0.0,100.02448641706145,99.83457147079766,78.87435184149413,0.0,True
69,2,retail,submission,buy,0.002432807388593085,0.24141515112023626,100.02448641706145,0.0019251584754195195,100.01965758121729,99.83292711834582,78.87435184149413,0.0,False
69,3,retail,normalizer,buy,0.0983765688138629,9.77154308230456,100.02448641706145,0.0,100.01965758121729,99.83292711834582,78.87435184149413,0.0,False
70,0,arb,submission,sell,0.015059947165397602,1.5065176617372344,100.04979316535132,-0.0002269372419145821,100.0497931653513,99.85983016955569,78.87435184149413,0.0,True
70,1,arb,normalizer,sell,0.11074677977576641,11.067950364872992,100.04979316535132,0.0,100.0497931653513,99.85983016955569,78.87435184149413,0.0,True
70,2,retail,normalizer,buy,0.03238313705925062,3.219477628987079,100.04979316535132,0.0,100.07421752787769,99.85818540107351,78.87435184149413,0.0,False
70,3,retail,submission,sell,0.012200831865882833,1.2208396943047377,100.04979316535132,0.0001489896779329758,100.07421752787769,99.85818540107351,78.87435184149413,0.0,False
70,4,retail,normalizer,sell,0.044505162042767665,4.451840208867565,100.04979316535132,0.0,100.07421752787769,99.85818540107351,78.87435184149413,0.0,False
71,0,arb,submission,sell,0.016165916118310975,1.6180530763122078,100.1065932140623,-0.00026171247620188076,100.1065932140623,99.9165223728922,78.87435184149413,0.0,True
71,1,arb,normalizer,sell,0.016190219689207197,1.620485630545122,100.1065932140623,0.0,100.1065932140623,99.9165223728922,78.87435184149413,0.0,True
72,0,retail,normalizer,buy,0.07027680181864432,6.988131943800909,99.97857251437262,0.0,100.1065932140623,99.9165223728922,78.87435184149413,0.0,True
73,0,arb,normalizer,sell,0.011881451698556589,1.1878891713506416,99.99031442271404,0.0,100.1065932140623,99.9165223728922,78.87435184149413,0.0,True
73,1,retail,submission,buy,0.1538298612098428,15.2546282121275,99.99031442271404,0.12686797784714265,99.80157079282472,99.91035112923159,78.87435184149413,0.0,False
73,2,retail,normalizer,buy,0.19100312657624655,18.948016970807657,99.99031442271404,0.0,99.80157079282472,99.91035112923159,78.87435184149413,0.0,False
74,0,arb,submission,sell,0.09884822088621092,9.87495924668292,99.998971447244,-0.009761171328154461,99.99897144724399,99.80910494585903,78.87435184149413,0.0,True
74,1,arb,normalizer,sell,0.19476548524838222,19.438545646940472,99.998971447244,0.0,99.99897144724399,99.80910494585903,78.87435184149413,0.0,True
74,2,retail,submission,sell,0.010538495894081734,1.0539498198950898,99.998971447244,0.00011106988591236266,99.77764217626843,99.8058302580786,78.87435184149413,0.0,False
74,3,retail,normalizer,sell,0.01055433929447247,1.0555343106216455,99.998971447244,0.0,99.77764217626843,99.8058302580786,78.87435184149413,0.0,False
74,4,retail,submission,buy,0.12235394168935175,12.126600492492798,99.998971447244,0.10866782895844551,99.77764217626843,99.8058302580786,78.87435184149413,0.0,False
74,5,retail,normalizer,buy,0.21800553403112305,21.627349910555495,99.998971447244,0.0,99.77764217626843,99.8058302580786,78.87435184149413,0.0,False
75,0,arb,submission,sell,0.10250493781454395,10.238183976354776,99.98228289548332,-0.010493714402883825,99.98228289548332,99.79244808039358,78.87435184149413,0.0,True
75,1,arb,normalizer,sell,0.19843918252811932,19.801171661839675,99.98228289548332,0.0,99.98228289548332,99.79244808039358,78.87435184149413,0.0,True
76,0,retail,submission,sell,0.04123786513929417,4.124756709285605,99.90901844802292,0.004722080326782674,100.24646548977849,99.87315125434979,72.23964068007568,0.0,False
76,1,retail,normalizer,sell,0.041299861463656384,4.130957800296469,99.90901844802292,0.0,100.24646548977849,99.87315125434979,72.23964068007568,0.0,False
76,2,retail,submission,sell,0.0906272815060305,9.076828434080719,99.90901844802292,0.02234569420055088,100.24646548977849,99.87315125434979,72.23964068007568,0.0,False
76,3,retail,normalizer,sell,0.09076352906204477,9.090474387814952,99.90901844802292,0.0,100.24646548977849,99.87315125434979,72.23964068007568,0.0,False
77,0,retail,normalizer,buy,0.009347721737871269,0.9313752642774489,99.78002056570897,0.0,100.23095725886988,99.73342667262258,72.23964068007568,0.0,True
77,1,retail,submission,buy,0.007782654785827966,0.7744877018940315,99.78002056570897,0.0020657526916962876,100.23095725886988,99.73342667262258,72.23964068007568,0.0,True
77,2,retail,normalizer,buy,0.06069964599706482,6.043687091863831,99.78002056570897,0.0,100.23095725886988,99.73342667262258,72.23964068007568,0.0,True
79,0,retail,normalizer,sell,0.05989052711640852,5.99902828208958,99.67504948404012,0.0,100.45837195470088,99.73851499629215,100.0,0.0,False
79,1,retail,submission,sell,0.003333091275905531,0.3340900775945192,99.67504948404012,0.0018640397338129944,100.45837195470088,99.73851499629215,100.0,0.0,False
79,2,retail,normalizer,sell,0.00554675174636543,0.5559625147685587,99.67504948404012,0.0,100.45837195470088,99.73851499629215,100.0,0.0,False
79,3,retail,submission,sell,0.10978900650144396,11.017101595624458,99.67504948404012,0.07387693978942877,100.45837195470088,99.73851499629215,100.0,0.0,False
79,4,retail,normalizer,sell,0.10995406147790732,11.03366452393894,99.67504948404012,0.0,100.45837195470088,99.73851499629215,100.0,0.0,False
80,0,arb,normalizer,buy,0.13423530636822972,13.386341992818416,99.58957139687402,0.0,100.45837195470088,99.73851499629215,100.0,0.0,False
80,1,retail,submission,buy,0.006167363553590795,0.6133301350655529,99.58957139687402,0.0008749578852562667,100.44607764698243,99.68176758087958,100.0,0.0,True
80,2,retail,normalizer,buy,0.07463011673145392,7.426858354740034,99.58957139687402,0.0,100.44607764698243,99.68176758087958,100.0,0.0,True
81,0,retail,submission,sell,0.20211513412699844,20.342880098236815,99.61749865442795,0.20867599630102518,100.85425552239404,99.68958220207261,100.0,0.0,False
81,1,retail,normalizer,sell,0.40454294839571503,40.63503887330687,99.61749865442795,0.0,100.85425552239404,99.68958220207261,100.0,0.0,False
82,0,arb,submission,buy,0.15016388123538288,14.97086889493039,99.54824823535807,-0.022317569725666786,100.55378609632126,99.78865645961938,100.0,0.0,True
82,1,arb,normalizer,buy,0.3519572865524427,35.160014387036426,99.54824823535807,0.0,100.55378609632126,99.78865645961938,100.0,0.0,True
82,2,retail,submission,buy,0.0995148145305951,9.896748256151113,99.54824823535807,0.009777203836186743,100.02981928870001,99.7928119612956,91.26595302418824,0.0,False
82,3,retail,normalizer,buy,0.0991648492659643,9.86194421075561,99.54824823535807,0.0,100.02981928870001,99.7928119612956,91.26595302418824,0.0,False
82,4,retail,submission,buy,0.16381740152587707,16.263474157674864,99.54824823535807,0.044261194694474426,100.02981928870001,99.7928119612956,91.26595302418824,0.0,False
82,5,retail,normalizer,buy,0.1190210654888684,11.810971897484706,99.54824823535807,0.0,100.02981928870001,99.7928119612956,91.26595302418824,0.0,False
83,0,retail,submission,buy,0.006462699553406185,0.6405216419825592,99.49061039623103,0.0024562813932718086,100.01700735628073,99.6531997758829,91.26595302418824,0.0,True
83,1,retail,normalizer,buy,0.0064428122116474045,0.6385505968028156,99.49061039623103,0.0,100.01700735628073,99.6531997758829,91.26595302418824,0.0,True
84,0,retail,submission,sell,0.006552866046291683,0.6554410053798371,99.43383804117872,0.0038643842273307083,100.03011772067572,99.7928119612956,91.26595302418824,0.0,True
84,1,retail,normalizer,sell,0.16488577157186057,16.466429016894207,99.43383804117872,0.0,100.03011772067572,99.7928119612956,91.26595302418824,0.0,True
85,0,retail,submission,sell,0.028857290776414857,2.8874315534507167,99.4773369390157,0.016785115738145784,100.08788338463671,99.86788818672032,91.26595302418824,0.0,True
85,1,retail,normalizer,sell,0.028900674350069266,2.8917724702903733,99.4773369390157,0.0,100.08788338463671,99.86788818672032,91.26595302418824,0.0,True
87,0,arb,normalizer,buy,0.031549827074667296,3.1378513323379593,99.42576441344465,0.0,100.08788338463671,99.86788818672032,91.26595302418824,0.0,True
87,1,retail,submission,sell,0.00570770975735968,0.5713052113563495,99.42576441344465,0.0038118056807865397,100.09931483497442,99.87929451049844,91.26595302418824,0.0,True
87,2,retail,normalizer,sell,0.03717146822722839,3.7194573141338085,99.42576441344465,0.0,100.09931483497442,99.87929451049844,91.26595302418824,0.0,True
89,0,retail,submission,sell,0.17012374319801893,17.058304764993768,99.51823155850371,0.12789069581389967,100.44094128826552,100.01922345021589,91.26595302418824,0.0,True
89,1,retail,normalizer,sell,0.17037950441965677,17.083949938229626,99.51823155850371,0.0,100.44094128826552,100.01922345021589,91.26595302418824,0.0,True
90,0,arb,normalizer,buy,0.14730912909007432,14.685642100370387,99.54637857434544,0.0,100.44094128826552,100.01922345021589,91.26595302418824,0.0,True
91,0,arb,submission,buy,0.02372756629794094,2.360912120442663,99.47737264894643,-0.0005561657698094358,100.39362463190479,99.87929451049845,91.26595302418824,0.0,True
91,1,arb,normalizer,buy,0.034809394924512085,3.4639479696324997,99.47737264894643,0.0,100.39362463190479,99.87929451049845,91.26595302418824,0.0,True
91,2,retail,normalizer,sell,0.034081121863252406,3.4118956816247135,99.47737264894643,0.0,100.39362463190479,99.87929451049845,91.26595302418824,0.0,True
92,0,retail,normalizer,buy,0.0058826264142835235,0.5855525395018049,99.70900155017213,0.0,100.37310004661708,99.73956133423023,91.26595302418824,0.0,True
92,1,retail,submission,buy,0.010297543102259476,1.0242678152644658,99.70900155017213,0.002489925881688615,100.37310004661708,99.73956133423023,91.26595302418824,0.0,True
92,2,retail,normalizer,buy,0.03856690145608541,3.8372233422796853,99.70900155017213,0.0,100.37310004661708,99.73956133423023,91.26595302418824,0.0,True
93,0,retail,submission,buy,0.05885924100184504,5.850547096109949,99.6566020307155,0.01516486024089403,100.22161762184217,99.6031653232852,96.70847300534632,0.0,False
93,1,retail,normalizer,buy,0.058678116406554244,5.832543500462634,99.6566020307155,0.0,100.22161762184217,99.6031653232852,96.70847300534632,0.0,False
93,2,retail,submission,buy,0.01796003928463482,1.7838487874869315,99.6566020307155,0.0059876999579371315,100.22161762184217,99.6031653232852,96.70847300534632,0.0,False
93,3,retail,normalizer,buy,0.017904771755007744,1.7783594389311475,99.6566020307155,0.0,100.22161762184217,99.6031653232852,96.70847300534632,0.0,False
93,4,retail,submission,sell,0.0007135259346426892,0.07151021257544811,99.6566020307155,0.0004026424681673052,100.22161762184217,99.6031653232852,96.70847300534632,0.0,False
93,5,retail,normalizer,sell,0.15887708544894963,15.897670735570097,99.6566020307155,0.0,100.22161762184217,99.6031653232852,96.70847300534632,0.0,False
94,0,arb,normalizer,buy,0.051250972562176186,5.103076371375209,99.51950075643003,0.0,100.22161762184217,99.6031653232852,96.70847300534632,0.0,False
95,0,arb,normalizer,buy,0.018291050999630454,1.8199846687239187,99.48324643001028,0.0,100.22161762184217,99.6031653232852,96.70847300534632,0.0,False
96,0,arb,normalizer,buy,0.06927365738440304,6.886817064072602,99.34611993915667,0.0,100.22161762184217,99.6031653232852,96.70847300534632,0.0,False
100,0,retail,normalizer,sell,0.020559351129563197,2.055223872598799,99.35069861072829,0.0,100.22161762184217,99.6031653232852,96.70847300534632,0.0,False
101,0,arb,normalizer,buy,0.03772838302655113,3.748299684812082,99.31230012895084,0.0,100.22161762184217,99.6031653232852,96.70847300534632,0.0,False
102,0,arb,normalizer,buy,0.018729597434390167,1.8597328020696295,99.27529267715619,0.0,100.22161762184217,99.6031653232852,96.70847300534632,0.0,False
102,1,retail,submission,buy,0.15359066324286685,15.221062671485925,99.27529267715619,0.026695374428216567,99.91709091027661,99.6089856340807,96.70847300534632,0.0,False
102,2,retail,normalizer,buy,0.16467251079147177,16.321172982930875,99.27529267715619,0.0,99.91709091027661,99.6089856340807,96.70847300534632,0.0,False
103,0,retail,normalizer,sell,0.16895352992131052,16.847206830838836,99.35915560828562,0.0,99.91709091027661,99.6089856340807,96.70847300534632,0.0,False
103,1,retail,normalizer,buy,0.03642228812208919,3.614867985048477,99.35915560828562,0.0,99.91709091027661,99.6089856340807,96.70847300534632,0.0,False
103,2,retail,normalizer,buy,0.019960921766348255,1.9799866000375914,99.35915560828562,0.0,99.91709091027661,99.6089856340807,96.70847300534632,0.0,False
105,0,retail,normalizer,buy,0.02955279534051178,2.9299918453580176,99.39625841518132,0.0,99.91709091027661,99.6089856340807,96.70847300534632,0.0,False
106,0,retail,normalizer,sell,0.07604923242236339,7.58881895805807,99.66757437725408,0.0,99.91709091027661,99.6089856340807,96.70847300534632,0.0,False
109,0,arb,normalizer,sell,0.011979782772854719,1.1964915891315824,99.88784049439312,0.0,99.91709091027661,99.6089856340807,96.70847300534632,0.0,False
109,1,retail,submission,sell,0.0555618666430604,5.554665076454413,99.88784049439312,0.004710203641654864,100.18602024023274,99.74689243444644,78.83124559028673,0.0,False
109,2,retail,normalizer,sell,0.07031404808240893,7.028450220618791,99.88784049439312,0.0,100.18602024023274,99.74689243444644,78.83124559028673,0.0,False
109,3,retail,submission,sell,0.07879903093835594,7.888339594579574,99.88784049439312,0.01727456109632719,100.18602024023274,99.74689243444644,78.83124559028673,0.0,False
109,4,retail,normalizer,sell,0.07891749609807164,7.9001987938492055,99.88784049439312,0.0,100.18602024023274,99.74689243444644,78.83124559028673,0.0,False
110,0,retail,submission,sell,0.0037271553552784553,0.37342279284981666,99.88725576174753,0.0011274726133506108,100.19349577872664,99.8866358814428,78.83124559028673,0.0,True
110,1,retail,normalizer,sell,0.0037327586990159034,0.37398419050333226,99.88725576174753,0.0,100.19349577872664,99.8866358814428,78.83124559028673,0.0,True
111,0,retail,normalizer,buy,0.07229990765126859,7.195397923480414,99.80944283212469,0.0,100.21588123158472,100.02570719095566,78.83124559028673,0.0,True
111,1,retail,submission,sell,0.011158448897305107,1.118128888980602,99.80944283212469,0.004410321669843231,100.21588123158472,100.02570719095566,78.83124559028673,0.0,True
111,2,retail,normalizer,sell,0.08325823225312945,8.33685893614993,99.80944283212469,0.0,100.21588123158472,100.02570719095566,78.83124559028673,0.0,True
111,3,retail,normalizer,buy,0.039711762326359985,3.9543416149754194,99.80944283212469,0.0,100.21588123158472,100.02570719095566,78.83124559028673,0.0,True
113,0,retail,submission,buy,0.035117833221633254,3.4904036104198894,99.75052490525316,0.01261868697316526,100.14601003165416,100.01953259327726,78.83124559028673,0.0,False
113,1,retail,normalizer,buy,0.09095983089170614,9.045643749981537,99.75052490525316,0.0,100.14601003165416,100.01953259327726,78.83124559028673,0.0,False
113,2,retail,normalizer,sell,0.013714370428473899,1.3710127988146705,99.75052490525316,0.0,100.14601003165416,100.01953259327726,78.83124559028673,0.0,False
114,0,retail,submission,buy,0.3919716579960951,38.79397751300348,99.86101415861818,0.3487097759216127,99.37106922970762,100.01354359770743,0.0,99.23873656392966,False
114,1,retail,normalizer,buy,0.404766214168376,40.06575773998702,99.86101415861818,0.0,99.37106922970762,100.01354359770743,0.0,99.23873656392966,False
115,0,arb,normalizer,sell,0.4002483492890576,39.856027933347875,99.97615891568682,0.0,99.37106922970762,100.01354359770743,0.0,99.23873656392966,False
115,1,retail,submission,buy,0.013926664929396688,1.383715486366782,99.97615891568682,0.00861897978010373,99.343483998039,99.87362260421983,0.0,99.23873656392966,True
115,2,retail,normalizer,buy,0.01704752718419507,1.6938481217730441,99.97615891568682,0.0,99.343483998039,99.87362260421983,0.0,99.23873656392966,True
116,0,arb,normalizer,sell,0.07339936962343074,7.341075924799142,100.08885045006282,0.0,99.343483998039,99.87362260421983,0.0,99.23873656392966,True
119,0,retail,submission,buy,0.419197234412902,41.47123906574052,99.8443945457941,0.3832549994870078,98.51850621699334,99.8726173497421,0.0,100.0,False
119,1,retail,normalizer,buy,0.49344767891582897,48.85263893762931,99.8443945457941,0.0,98.51850621699334,99.8726173497421,0.0,100.0,False
119,2,retail,normalizer,sell,0.10210485298746619,10.130127470971235,99.8443945457941,0.0,98.51850621699334,99.8726173497421,0.0,100.0,False
119,3,retail,normalizer,sell,0.021660862208719323,2.1516860681327277,99.8443945457941,0.0,98.51850621699334,99.8726173497421,0.0,100.0,False
120,0,arb,submission,sell,0.15769975811878112,15.717880138855076,99.82590754429455,-0.024641334867981257,98.8276484688516,99.73289351495836,0.0,100.0,True
120,1,arb,normalizer,sell,0.23644815042824519,23.548104143125183,99.82590754429455,0.0,98.8276484688516,99.73289351495836,0.0,100.0,True
120,2,retail,normalizer,buy,0.15770316350346486,15.624038489328086,99.82590754429455,0.0,98.8276484688516,99.73289351495836,0.0,100.0,True
121,0,arb,submission,sell,0.008699210873075458,0.8684817272131279,99.84317580879421,-7.511338511922983e-05,98.84474405070628,99.60263623794127,0.0,100.0,True
121,1,arb,normalizer,sell,0.16589867223858334,16.536479168548688,99.84317580879421,0.0,98.84474405070628,99.60263623794127,0.0,100.0,True
121,2,retail,normalizer,buy,0.1098146525239753,10.886664815052427,99.84317580879421,0.0,98.84474405070628,99.60263623794127,0.0,100.0,True
122,0,arb,normalizer,sell,0.014808560312133068,1.4755265873387677,99.65481826702141,0.0,98.84474405070628,99.60263623794127,0.0,100.0,True
123,0,arb,normalizer,sell,0.008476615256910236,0.8448069329679786,99.6716606114058,0.0,98.84474405070628,99.60263623794127,0.0,100.0,True
123,1,retail,normalizer,buy,0.01693112638807224,1.6771611292697344,99.6716606114058,0.0,98.95275699972476,99.71147737636893,0.0,100.0,True
123,2,retail,submission,sell,0.054911044097138983,5.485487718716324,99.6716606114058,0.012412767648349643,98.95275699972476,99.71147737636893,0.0,100.0,True
123,3,retail,normalizer,sell,0.15779830359791447,15.747494136997329,99.6716606114058,0.0,98.95275699972476,99.71147737636893,0.0,100.0,True
124,0,retail,submission,sell,0.02348264038411685,2.347691847773179,99.60074664081897,0.008803332417292697,98.99900265789329,99.7580776231739,0.0,100.0,True
124,1,retail,normalizer,sell,0.0234000586248726,2.339435684079013,99.60074664081897,0.0,98.99900265789329,99.7580776231739,0.0,100.0,True
127,0,retail,normalizer,buy,0.018862213535918076,1.874550123253357,99.54901074079291,0.0,98.99900265789329,99.7580776231739,0.0,100.0,True
128,0,retail,submission,sell,0.0351204786547612,3.513240160276937,99.60619697747717,0.015022845447510758,99.06822787698778,99.8278336267144,0.0,100.0,True
128,1,retail,normalizer,sell,0.053802596827623006,5.38107579040918,99.60619697747717,0.0,99.06822787698778,99.8278336267144,0.0,100.0,True
128,2,retail,normalizer,buy,0.09411360697413938,9.352658845904443,99.60619697747717,0.0,99.06822787698778,99.8278336267144,0.0,100.0,True
128,3,retail,normalizer,buy,0.06595278324152211,6.543710559553801,99.60619697747717,0.0,99.06822787698778,99.8278336267144,0.0,100.0,True
131,0,arb,normalizer,sell,0.007055494224658787,0.7038396963897071,99.7646940709429,0.0,99.06822787698778,99.8278336267144,0.0,100.0,True
131,1,retail,normalizer,sell,0.05404525823607287,5.394716438524032,99.7646940709429,0.0,99.06822787698778,99.8278336267144,0.0,100.0,True
131,2,retail,normalizer,sell,0.023295748909347935,2.327141656313155,99.7646940709429,0.0,99.06822787698778,99.8278336267144,0.0,100.0,True
132,0,retail,normalizer,sell,0.05649862628609981,5.648458875389162,99.74926972292187,0.0,99.06822787698778,99.8278336267144,0.0,100.0,True
133,0,retail,normalizer,buy,0.05420297511424411,5.386618025862845,99.61085816163744,0.0,99.06822787698778,99.8278336267144,0.0,100.0,True
136,0,retail,normalizer,buy,0.045392652135643224,4.506591207718884,99.6222561789081,0.0,100.9036708648164,99.82000816805483,100.0,0.0,False
136,1,retail,submission,sell,0.9179632806216489,92.70663017584315,99.6222561789081,1.257057070922329,100.9036708648164,99.82000816805483,100.0,0.0,False
136,2,retail,normalizer,sell,1.0327229689219166,104.17363086982101,99.6222561789081,0.0,100.9036708648164,99.82000816805483,100.0,0.0,False
136,3,retail,normalizer,buy,0.09014985148801406,9.125019413677364,99.6222561789081,0.0,100.9036708648164,99.82000816805483,100.0,0.0,False
137,0,arb,submission,buy,0.13787333663522433,13.753948491550545,99.62126554758497,-0.018832210681287265,100.62754095715654,99.861850108072,100.0,0.0,True
137,1,arb,normalizer,buy,0.7507712170777338,75.35661452030763,99.62126554758497,0.0,100.62754095715654,99.861850108072,100.0,0.0,True
138,0,retail,submission,buy,0.22472815843473892,22.33785040994917,99.64450138955708,0.05507488547377548,100.1798833292464,99.86967884695943,100.0,0.0,False
138,1,retail,normalizer,buy,0.22393785349558937,22.259294551029598,99.64450138955708,0.0,100.1798833292464,99.86967884695943,100.0,0.0,False
139,0,retail,submission,buy,0.36424231000720353,35.99494019548729,99.73642579158624,0.33328592670211776,99.46063296300807,99.8772733100771,0.0,76.71523042840187,False
139,1,retail,normalizer,buy,0.36296137352535707,35.868356240816865,99.73642579158624,0.0,99.46063296300807,99.8772733100771,0.0,76.71523042840187,False
140,0,arb,normalizer,sell,0.3546798242565501,35.25868235734915,99.76152763617776,0.0,99.46063296300807,99.8772733100771,0.0,76.71523042840187,False
142,0,arb,normalizer,sell,0.046469667333752795,4.638034478259777,99.85406002283241,0.0,99.46063296300807,99.8772733100771,0.0,76.71523042840187,False
143,0,arb,normalizer,sell,0.00737485392467363,0.7364632984282766,99.86875698332976,0.0,99.46063296300807,99.8772733100771,0.0,76.71523042840187,False
144,0,retail,submission,buy,0.12478989741719594,12.396254685485474,99.84992239922177,0.06400688782838593,99.21353105355384,99.88464049108403,0.0,100.0,False
144,1,retail,normalizer,buy,0.02882602075539438,2.860751463991619,99.84992239922177,0.0,99.21353105355384,99.88464049108403,0.0,100.0,False
145,0,arb,normalizer,sell,0.07380776581069881,7.37229197992735,99.95864162970148,0.0,99.21353105355384,99.88464049108403,0.0,100.0,False
145,1,retail,submission,buy,0.32069035076523966,31.715514223149512,99.95864162970148,0.3402576230963419,98.58272589329586,99.8770685414163,0.0,100.0,False
145,2,retail,normalizer,buy,0.39520232671109545,39.11336990663585,99.95864162970148,0.0,98.58272589329586,99.8770685414163,0.0,100.0,False
146,0,arb,submission,sell,0.2516115975634392,25.117858228040493,100.07792017308684,-0.06290714753622595,99.07714097135596,99.83681506224386,0.0,100.0,True
146,1,arb,normalizer,sell,0.45372929064868117,45.20341072557103,100.07792017308684,0.0,99.07714097135596,99.83681506224386,0.0,100.0,True
146,2,retail,normalizer,buy,0.06395631937045307,6.358219562869635,100.07792017308684,0.0,99.10060209072573,99.83472802553273,0.0,100.0,False
146,3,retail,submission,sell,0.011892726011879518,1.19034019362288,100.07792017308684,0.0001409091656081607,99.10060209072573,99.83472802553273,0.0,100.0,False
146,4,retail,normalizer,sell,0.07561535309341139,7.563505723848456,100.07792017308684,0.0,99.10060209072573,99.83472802553273,0.0,100.0,False
148,0,retail,submission,sell,0.01293388107265514,1.2948691479229533,100.099172194197,0.00019835929198097624,99.12612658710273,99.88617627525497,0.0,100.0,True
148,1,retail,normalizer,sell,0.012888396296034443,1.2903154618602004,100.099172194197,0.0,99.12612658710273,99.88617627525497,0.0,100.0,True
150,0,arb,submission,sell,0.0023942938646683842,0.23974013587245613,100.13217445642728,-5.7150844720021965e-06,99.13085271186299,99.87834624314158,0.0,100.0,False
150,1,arb,normalizer,sell,0.0023858738149300507,0.23889703808129972,100.13217445642728,0.0,99.13085271186299,99.87834624314158,0.0,100.0,False
150,2,retail,submission,sell,0.03510888127880207,3.516757942184385,100.13217445642728,0.0012293170053818692,99.20019337872132,99.87632097475468,0.0,100.0,False
150,3,retail,normalizer,sell,0.03498541334103322,3.5043905059421325,100.13217445642728,0.0,99.20019337872132,99.87632097475468,0.0,100.0,False
153,0,retail,submission,sell,0.0726115550213251,7.281104424629495,100.11706000105177,0.011449013789817997,100.23264957954656,100.0121487614017,0.0,100.0,False
153,1,retail,normalizer,sell,0.07235620085933192,7.255498853752226,100.11706000105177,0.0,100.23264957954656,100.0121487614017,0.0,100.0,False
153,2,retail,submission,sell,0.013995844620680487,1.404641256504462,100.11706000105177,0.0034184408503961095,100.23264957954656,100.0121487614017,0.0,100.0,False
153,3,retail,normalizer,sell,0.013946625220640385,1.3997015331933498,100.11706000105177,0.0,100.23264957954656,100.0121487614017,0.0,100.0,False
153,4,retail,submission,sell,0.4102048869138031,41.34350162287427,100.11706000105177,0.27499434700039416,100.23264957954656,100.0121487614017,0.0,100.0,False
153,5,retail,normalizer,sell,0.4087623131373732,41.198108300732414,100.11706000105177,0.0,100.23264957954656,100.0121487614017,0.0,100.0,False
153,6,retail,submission,sell,0.021628175688761075,2.1892727728465946,100.11706000105177,0.023923409701612997,100.23264957954656,100.0121487614017,0.0,100.0,False
153,7,retail,normalizer,sell,0.02155211555373171,2.1815737239260553,100.11706000105177,0.0,100.23264957954656,100.0121487614017,0.0,100.0,False
154,0,arb,normalizer,buy,0.17839043436855875,17.920930088595924,100.27984002479009,0.0,100.23264957954656,100.0121487614017,0.0,100.0,False
154,1,retail,submission,buy,0.30661886240156727,30.639166308017593,100.27984002479009,0.10852416219469774,99.62009260709333,99.87222971931864,0.0,100.0,True
154,2,retail,normalizer,buy,0.3306199856515844,33.045276453894985,100.27984002479009,0.0,99.62009260709333,99.87222971931864,0.0,100.0,True
155,0,arb,normalizer,sell,0.021686967604125584,2.1739503089107197,100.26397999552418,0.0,99.62009260709333,99.87222971931864,0.0,100.0,True
156,0,arb,normalizer,sell,0.0016894088322061407,0.1693897145143661,100.26736719480742,0.0,99.62009260709333,99.87222971931864,0.0,100.0,True
157,0,arb,normalizer,sell,0.007385040540100363,0.7405332511198897,100.28217593040114,0.0,99.62009260709333,99.87222971931864,0.0,100.0,True
157,1,retail,normalizer,sell,0.08357965042436888,8.388559682376602,100.28217593040114,0.0,99.65550357356271,100.0121487614017,0.0,100.0,True
157,2,retail,submission,sell,0.017802115353958925,1.7916803507208754,100.28217593040114,0.006445486861871075,99.65550357356271,100.0121487614017,0.0,100.0,True
157,3,retail,normalizer,sell,0.10534126056695925,10.592696565054082,100.28217593040114,0.0,99.65550357356271,100.0121487614017,0.0,100.0,True
158,0,retail,submission,sell,0.047347030946241375,4.768306498486268,100.42349504596429,0.01355217081527993,99.74977556242794,100.0165077134965,0.0,100.0,False
158,1,retail,normalizer,sell,0.047180524921060396,4.751537722365194,100.42349504596429,0.0,99.74977556242794,100.0165077134965,0.0,100.0,False
164,0,arb,normalizer,buy,0.006038025154984555,0.6046941462773248,100.1416271335197,0.0,99.74977556242794,100.0165077134965,0.0,100.0,False
164,1,retail,normalizer,buy,0.01286976531015247,1.2886335266048263,100.1416271335197,0.0,99.74977556242794,100.0165077134965,0.0,100.0,False
165,0,retail,normalizer,buy,0.018599231236835292,1.8617323907928949,100.17377936535269,0.0,99.74977556242794,100.0165077134965,0.0,100.0,False
166,0,retail,submission,sell,0.10838569016166844,10.932489235726402,100.21313575019522,0.07081935417652474,99.94753066819911,100.02182984473902,0.0,100.0,False
166,1,retail,normalizer,sell,0.1453990291904006,14.660401925340631,100.21313575019522,0.0,99.94753066819911,100.02182984473902,0.0,100.0,False
166,2,retail,submission,buy,0.009283178976428974,0.9279169330329751,100.21313575019522,0.0023795419252600203,99.94753066819911,100.02182984473902,0.0,100.0,False
166,3,retail,normalizer,buy,0.21149677683445536,21.183303602196247,100.21313575019522,0.0,99.94753066819911,100.02182984473902,0.0,100.0,False
167,0,retail,submission,buy,0.06996537913935862,6.9879789940714545,100.26775819357985,0.02729272339589084,98.57136565391754,100.05098328058901,0.0,100.0,False
167,1,retail,normalizer,buy,0.0700705639330982,6.998484606105194,100.26775819357985,0.0,98.57136565391754,100.05098328058901,0.0,100.0,False
167,2,retail,submission,buy,0.6258528087744112,62.07689084752201,100.26775819357985,0.675967247443424,98.57136565391754,100.05098328058901,0.0,100.0,False
167,3,retail,normalizer,buy,0.6267937055353355,62.17021621845197,100.26775819357985,0.0,98.57136565391754,100.05098328058901,0.0,100.0,False
168,0,arb,submission,sell,0.3031303181510765,30.27289576888084,100.16906076525746,-0.09138348978616762,99.1673701576049,99.92773608088072,0.0,100.0,True
168,1,arb,normalizer,sell,0.5050785321370768,50.33915705900513,100.16906076525746,0.0,99.1673701576049,99.92773608088072,0.0,100.0,True
169,0,retail,submission,buy,0.5461470881618814,53.86700470437427,100.04872089662577,0.774312887638672,98.09742622047577,99.91990279091301,0.0,100.0,False
169,1,retail,normalizer,buy,0.7499804445217363,74.12090359183821,100.04872089662577,0.0,98.09742622047577,99.91990279091301,0.0,100.0,False
170,0,arb,submission,sell,0.5540119751369446,55.198995911682275,100.18475324240903,-0.30455711075216385,99.18290570998495,99.94339075212632,0.0,100.0,True
170,1,arb,normalizer,sell,0.7555677315953488,75.12904469693964,100.18475324240903,0.0,99.18290570998495,99.94339075212632,0.0,100.0,True
171,0,arb,submission,sell,0.050514997597630895,5.063379864461442,100.28563164665509,-0.002548577246236583,99.28277533018856,100.04402612275625,0.0,100.0,True
171,1,arb,normalizer,sell,0.050337350735844666,5.045573399338637,100.28563164665509,0.0,99.28277533018856,100.04402612275625,0.0,100.0,True
172,0,retail,normalizer,buy,0.08031855469826159,8.000134873871502,100.26627448265552,0.0,99.28277533018856,100.04402612275625,0.0,100.0,True
173,0,arb,submission,sell,0.07015818402571483,7.040779737216133,100.42599042743493,-0.00492538015652233,99.42173052316059,100.18404675482809,0.0,100.0,True
173,1,arb,normalizer,sell,0.14998905670506701,15.040226816187314,100.42599042743493,0.0,99.42173052316059,100.18404675482809,0.0,100.0,True
175,0,retail,submission,sell,0.9740238324606736,98.77663017212416,100.16732368424691,1.2112696698651888,101.3814074321868,100.17619337278268,100.0,0.0,False
175,1,retail,normalizer,sell,0.9705984680070543,98.42926089165795,100.16732368424691,0.0,101.3814074321868,100.17619337278268,100.0,0.0,False
176,0,arb,submission,buy,0.07108266955364483,7.129344887065599,100.22551098805019,-0.005048008656829417,101.2378898869194,100.31653826200403,100.0,0.0,True
176,1,arb,normalizer,buy,0.7727057100651762,78.0476767934615,100.22551098805019,0.0,101.2378898869194,100.31653826200403,100.0,0.0,True
176,2,retail,normalizer,sell,0.03568884679296502,3.599779569983208,100.22551098805019,0.0,101.2378898869194,100.31653826200403,100.0,0.0,True
177,0,arb,submission,buy,0.026663032505665558,2.6716064979518706,100.17229384420065,-0.0007093710168666334,101.18413519616226,100.41420913362218,100.0,0.0,True
177,1,arb,normalizer,buy,0.06236550171241415,6.25119144994278,100.17229384420065,0.0,101.18413519616226,100.41420913362218,100.0,0.0,True
177,2,retail,submission,buy,0.011080109896714764,1.1097975686334394,100.17229384420065,0.00012245576630776078,101.16180944815058,100.4163082843378,100.0,0.0,False
177,3,retail,normalizer,buy,0.011041144305411374,1.1058947266137693,100.17229384420065,0.0,101.16180944815058,100.4163082843378,100.0,0.0,False
179,0,retail,submission,buy,0.007167621954304967,0.7177874814424285,100.2525855452654,0.0007851516876525855,101.14737106133352,100.37772474290077,100.0,0.0,True
179,1,retail,normalizer,buy,0.007142415468954635,0.715263227268224,100.2525855452654,0.0,101.14737106133352,100.37772474290077,100.0,0.0,True
183,0,retail,normalizer,sell,0.08389597465466636,8.458744478655735,100.44936701401198,0.0,101.14737106133352,100.37772474290077,100.0,0.0,True
184,0,retail,normalizer,buy,0.0326589284842695,3.274767865339527,100.39512189757481,0.0,101.14737106133352,100.37772474290077,100.0,0.0,True
188,0,retail,normalizer,sell,0.016428997444307925,1.6570250244510676,100.44123448471208,0.0,101.14737106133352,100.37772474290077,100.0,0.0,True
190,0,retail,normalizer,buy,0.059990611692402426,6.011775308965298,100.65707584653464,0.0,101.31990878669677,100.3855939241374,100.0,0.0,False
190,1,retail,submission,sell,0.08469679781268269,8.57416201919165,100.65707584653464,0.0488300178018406,101.31990878669677,100.3855939241374,100.0,0.0,False
190,2,retail,normalizer,sell,0.27829278660985324,28.117953033488806,100.65707584653464,0.0,101.31990878669677,100.3855939241374,100.0,0.0,False
191,0,arb,normalizer,buy,0.03448207073864141,3.4715898518079484,100.64333897814059,0.0,101.31990878669677,100.3855939241374,100.0,0.0,False
191,1,retail,submission,sell,0.043205769649205195,4.379509287335967,100.64333897814059,0.03113636671954989,101.40809431285886,100.39322761936307,100.0,0.0,False
191,2,retail,normalizer,sell,0.07764934901506138,7.868129328845038,100.64333897814059,0.0,101.40809431285886,100.39322761936307,100.0,0.0,False
192,0,arb,normalizer,buy,0.11607091967877674,11.686415245932949,100.56638483406408,0.0,101.40809431285886,100.39322761936307,100.0,0.0,False
193,0,arb,normalizer,buy,0.07023135941378933,7.057950467906267,100.42508879953922,0.0,101.40809431285886,100.39322761936307,100.0,0.0,False
193,1,retail,normalizer,sell,0.03441228001105401,3.477886260450173,100.42508879953922,0.0,101.45198789907413,100.40425891388679,100.0,0.0,False
193,2,retail,submission,sell,0.02148429861225054,2.1791532403619622,100.42508879953922,0.02159064443088443,101.45198789907413,100.40425891388679,100.0,0.0,False
193,3,retail,normalizer,sell,0.17284768999569167,17.505311100744162,100.42508879953922,0.0,101.45198789907413,100.40425891388679,100.0,0.0,False
194,0,arb,normalizer,buy,0.1907490142274631,19.199208299711245,100.45953384422421,0.0,101.45198789907413,100.40425891388679,100.0,0.0,False
194,1,retail,submission,sell,0.027196264005553417,2.759871058151418,100.45953384422421,0.027747053849067616,101.5075922228915,100.41661106730261,100.0,0.0,False
194,2,retail,normalizer,sell,0.21741391760383522,22.02099944007603,100.45953384422421,0.0,101.5075922228915,100.41661106730261,100.0,0.0,False
195,0,arb,submission,buy,0.0035893425545319045,0.36068915201212803,100.48532115218657,-1.2912694779876333e-05,101.50032439614807,100.55729277701563,100.0,0.0,True
195,1,arb,normalizer,buy,0.20524605344630678,20.666672102264783,100.48532115218657,0.0,101.50032439614807,100.55729277701563,100.0,0.0,True
198,0,retail,submission,buy,0.005614773265343278,0.5641707002523617,100.8601946462896,0.0021364241849443077,101.48895697164885,100.69817157905469,100.0,0.0,True
198,1,retail,normalizer,buy,0.005595027706650582,0.5621866725541622,100.8601946462896,0.0,101.48895697164885,100.69817157905469,100.0,0.0,True
199,0,retail,submission,sell,0.504705696657382,51.48382384170342,100.83770365136854,0.590460371008831,102.52892142810542,100.70662207267385,100.0,0.0,False
199,1,retail,normalizer,sell,0.7065472471592216,71.92771048541579,100.83770365136854,0.0,102.52892142810542,100.70662207267385,100.0,0.0,False
200,0,arb,submission,buy,0.3436956386965328,34.76657294996221,100.8078007716699,-0.11937147815029192,101.82606138552516,100.84771008213785,100.0,0.0,True
200,1,arb,normalizer,buy,0.5431493265291379,55.053466273162485,100.8078007716699,0.0,101.82606138552516,100.84771008213785,100.0,0.0,True
200,2,retail,submission,sell,0.060626758639401146,6.177163099020329,100.8078007716699,0.06551289266746085,101.9507656897985,100.85144502704941,100.0,0.0,False
200,3,retail,normalizer,sell,0.26146756087051415,26.5867329472585,100.8078007716699,0.0,101.9507656897985,100.85144502704941,100.0,0.0,False
200,4,retail,normalizer,buy,0.18050599543310508,18.259344230751594,100.8078007716699,0.0,101.9507656897985,100.85144502704941,100.0,0.0,False
201,0,arb,submission,buy,0.06092354350277325,6.14534738761904,100.80843644938443,-0.0037402241484150167,101.82670348422668,100.99273593064228,100.0,0.0,True
201,1,arb,normalizer,buy,0.08143383166956379,8.215924693060515,100.80843644938443,0.0,101.82670348422668,100.99273593064228,100.0,0.0,True
202,0,retail,submission,buy,0.1743484249951076,17.54523283530216,100.8340520938769,0.03502533313991307,101.4729161731789,100.85144502704941,100.0,0.0,True
202,1,retail,normalizer,buy,0.17373529123225295,17.483531247640713,100.8340520938769,0.0,101.4729161731789,100.85144502704941,100.0,0.0,True
203,0,retail,submission,buy,0.007216463605937087,0.7249006814035965,100.76967670925168,0.0023000231507643853,101.31941323050987,100.71226469258946,100.0,0.0,False
203,1,retail,normalizer,buy,0.00719108535840043,0.7223514121305925,100.76967670925168,0.0,101.31941323050987,100.71226469258946,100.0,0.0,False
203,2,retail,submission,buy,0.0687145816535359,6.897222738380151,100.76967670925168,0.027123440058138826,101.31941323050987,100.71226469258946,100.0,0.0,False
203,3,retail,normalizer,buy,0.06847293203720138,6.87296717008212,100.76967670925168,0.0,101.31941323050987,100.71226469258946,100.0,0.0,False
204,0,retail,submission,buy,0.05326587925803589,5.340064450972932,100.85848632028897,0.032251503511846025,101.21193819146768,100.57136617399627,100.0,0.0,True
204,1,retail,normalizer,buy,0.05307855832875905,5.321284964944425,100.85848632028897,0.0,101.21193819146768,100.57136617399627,100.0,0.0,True
205,0,arb,normalizer,sell,0.1530861264572252,15.455372430798722,101.11385342474547,0.0,101.21193819146768,100.57136617399627,100.0,0.0,True
205,1,retail,submission,sell,0.3525989866672319,35.814270517652446,101.11385342474547,0.16162826206817726,101.93383366016154,100.57536083217713,100.0,0.0,False
205,2,retail,normalizer,sell,0.4014007314460599,40.751412758442996,101.11385342474547,0.0,101.93383366016154,100.57536083217713,100.0,0.0,False
206,0,arb,normalizer,buy,0.10555605076081316,10.68393649526297,101.10849701326339,0.0,101.93383366016154,100.57536083217713,100.0,0.0,False
207,0,arb,normalizer,buy,0.006572678107444783,0.6645097532273212,101.09515386128358,0.0,101.93383366016154,100.57536083217713,100.0,0.0,False
208,0,arb,normalizer,buy,0.05072717496326414,5.125661180347379,100.99226174670318,0.0,101.93383366016154,100.57536083217713,100.0,0.0,False
208,1,retail,normalizer,buy,0.007857240835157897,0.7934579646334896,100.99226174670318,0.0,101.93383366016154,100.57536083217713,100.0,0.0,False
209,0,arb,submission,buy,0.05336557703859373,5.3824892377379,100.8069251774055,-0.00286950615931314,101.82517694687424,100.71626494720836,100.0,0.0,True
209,1,arb,normalizer,buy,0.08371200749878714,8.445838069226738,100.8069251774055,0.0,101.82517694687424,100.71626494720836,100.0,0.0,True
209,2,retail,submission,sell,0.032319631038959074,3.292025785755125,100.8069251774055,0.03398315784942518,101.89162643606122,100.72103894510852,100.0,0.0,False
209,3,retail,normalizer,sell,0.23311874864188553,23.697169569910226,100.8069251774055,0.0,101.89162643606122,100.72103894510852,100.0,0.0,False
210,0,arb,normalizer,buy,0.18444877968021842,18.646631435061863,100.90678972965523,0.0,101.89162643606122,100.72103894510852,100.0,0.0,False
210,1,retail,submission,buy,0.032251175318786046,3.2522152965393616,100.90678972965523,0.002147269887628589,101.82598039150642,100.86214715232906,100.0,0.0,True
210,2,retail,normalizer,buy,0.04897790175909435,4.939776139079186,100.90678972965523,0.0,101.82598039150642,100.86214715232906,100.0,0.0,True
211,0,arb,submission,buy,0.0005943575482609215,0.05991547389930929,100.8065234827154,-3.5575341555266204e-07,101.82477119466203,100.87572030469221,100.0,0.0,False
211,1,arb,normalizer,buy,0.0005922673620154817,0.05970476823858917,100.8065234827154,0.0,101.82477119466203,100.87572030469221,100.0,0.0,False
211,2,retail,normalizer,sell,0.08115416420967847,8.236897723095248,100.8065234827154,0.0,101.82477119466203,100.87572030469221,100.0,0.0,False
212,0,arb,submission,buy,0.05263872430130291,5.303537897341812,100.70058751335023,-0.002787434247342624,101.71776516500023,100.94377862776254,100.0,0.0,True
212,1,arb,normalizer,buy,0.13385196818497969,13.4970738947286,100.70058751335023,0.0,101.71776516500023,100.94377862776254,100.0,0.0,True
213,0,arb,submission,buy,0.06427066843810515,6.467943454877968,100.57146840192148,-0.004147954884703431,101.5873418201227,100.81434769471109,100.0,0.0,True
213,1,arb,normalizer,buy,0.06404464679907076,6.445197539573201,100.57146840192148,0.0,101.5873418201227,100.81434769471109,100.0,0.0,True
213,2,retail,submission,buy,0.04357336346569174,4.38033263734178,100.57146840192148,0.001904509613476435,101.49906178371813,100.81645521029009,100.0,0.0,False
213,3,retail,normalizer,buy,0.04342012835443444,4.364928254810366,100.57146840192148,0.0,101.49906178371813,100.81645521029009,100.0,0.0,False
214,0,arb,submission,buy,0.020693915549807484,2.0789797821817046,100.44260425743187,-0.0004290120756760274,101.45717601760796,100.68517234434208,100.0,0.0,True
214,1,arb,normalizer,buy,0.020621140941667126,2.071668602304271,100.44260425743187,0.0,101.45717601760796,100.68517234434208,100.0,0.0,True
218,0,arb,submission,buy,0.01790184087405688,1.7977865868469962,100.40675287124307,-0.00032087426524896046,101.42096249620514,100.64923437734187,100.0,0.0,True
218,1,arb,normalizer,buy,0.01783888519745778,1.7914642833620746,100.40675287124307,0.0,101.42096249620514,100.64923437734187,100.0,0.0,True
218,2,retail,submission,buy,0.0634022156510361,6.36198902117394,100.40675287124307,0.004021577188900949,101.2462371175584,100.65342571608716,100.0,0.0,False
218,3,retail,normalizer,buy,0.06317924811315795,6.339615717442939,100.40675287124307,0.0,101.2462371175584,100.65342571608716,100.0,0.0,False
218,4,retail,submission,buy,0.02310668546058265,2.3166035348949663,100.40675287124307,0.003463721819301213,101.2462371175584,100.65342571608716,100.0,0.0,False
218,5,retail,normalizer,buy,0.02302542582770311,2.308456699940507,100.40675287124307,0.0,101.2462371175584,100.65342571608716,100.0,0.0,False
219,0,retail,normalizer,sell,0.007630460811952844,0.7694984761435383,100.28999366609379,0.0,101.2462371175584,100.65342571608716,100.0,0.0,False
220,0,arb,submission,buy,0.060815597944865935,6.092086271633889,100.1124388816469,-0.003688439327687476,101.1236756380272,100.51260951442578,100.0,0.0,True
220,1,arb,normalizer,buy,0.06825514788005108,6.837852119730087,100.1124388816469,0.0,101.1236756380272,100.51260951442578,100.0,0.0,True
221,0,retail,submission,sell,0.12010021824053752,12.159661113297933,100.17292061833143,0.1288714852442876,101.1696350489744,100.51734285855566,100.0,0.0,False
221,1,retail,normalizer,sell,0.32172640984404666,32.507743664023735,100.17292061833143,0.0,101.1696350489744,100.51734285855566,100.0,0.0,False
221,2,retail,submission,buy,0.12236426288664205,12.264869288699629,100.17292061833143,-0.0072836960353956925,101.1696350489744,100.51734285855566,100.0,0.0,False
221,3,retail,normalizer,buy,0.3237417086973521,32.515058621240314,100.17292061833143,0.0,101.1696350489744,100.51734285855566,100.0,0.0,False
221,4,retail,submission,sell,0.023630451519053963,2.390116067587109,100.17292061833143,0.022984723393586926,101.1696350489744,100.51734285855566,100.0,0.0,False
221,5,retail,normalizer,sell,0.2251137196576991,22.723298551404792,100.17292061833143,0.0,101.1696350489744,100.51734285855566,100.0,0.0,False
222,0,arb,normalizer,buy,0.1722845520836531,17.29570552282894,100.21745932912037,0.0,101.1696350489744,100.51734285855566,100.0,0.0,False
222,1,retail,submission,buy,0.02283853202039612,2.2869401943426055,100.21745932912037,0.0018794595482560794,101.12363476426125,100.37671703959585,100.0,0.0,True
222,2,retail,normalizer,buy,0.052479554289838665,5.256610099839236,100.21745932912037,0.0,101.12363476426125,100.37671703959585,100.0,0.0,True
223,0,retail,submission,buy,0.0054030022520322055,0.5408784205774282,100.1904325763522,0.0004507122646835171,100.82002129887742,100.34547161941572,100.0,0.0,False
223,1,retail,normalizer,buy,0.005384001431716841,0.5389763051953196,100.1904325763522,0.0,100.82002129887742,100.34547161941572,100.0,0.0,False
223,2,retail,submission,buy,0.1457288912716435,14.56656743243002,100.1904325763522,0.0340732229481393,100.82002129887742,100.34547161941572,100.0,0.0,False
223,3,retail,normalizer,buy,0.1452164042591234,14.515340962778282,100.1904325763522,0.0,100.82002129887742,100.34547161941572,100.0,0.0,False
226,0,arb,normalizer,sell,0.049935663411758924,5.016716167117003,100.5138134175968,0.0,100.82002129887742,100.34547161941572,100.0,0.0,False
226,1,retail,normalizer,sell,0.03538226367012953,3.5576663670389124,100.5138134175968,0.0,100.82002129887742,100.34547161941572,100.0,0.0,False
227,0,arb,normalizer,sell,0.05748758404834575,5.7857225744784735,100.70096646227155,0.0,100.82002129887742,100.34547161941572,100.0,0.0,False
227,1,retail,normalizer,buy,0.05948734340046615,5.951007780724467,100.70096646227155,0.0,100.82002129887742,100.34547161941572,100.0,0.0,False
228,0,arb,normalizer,sell,0.05543408970893893,5.578734407948505,100.69314746435305,0.0,100.82002129887742,100.34547161941572,100.0,0.0,False
228,1,retail,submission,sell,0.07104811586566484,7.168186254737936,100.69314746435305,0.014127846812105105,101.77106143940155,100.3552939967487,100.0,0.0,False
228,2,retail,normalizer,sell,0.13397297738085,13.508293582921443,100.69314746435305,0.0,101.77106143940155,100.3552939967487,100.0,0.0,False
228,3,retail,submission,sell,0.39538495911449445,40.078883981922274,100.69314746435305,0.2663279886192882,101.77106143940155,100.3552939967487,100.0,0.0,False
228,4,retail,normalizer,sell,0.39597937432228036,40.13913791318605,100.69314746435305,0.0,101.77106143940155,100.3552939967487,100.0,0.0,False
229,0,arb,submission,buy,0.053370353494877426,5.374377272886704,100.64602856892373,-0.0028631503077125586,101.66265512012498,100.49588980244415,100.0,0.0,True
229,1,arb,normalizer,buy,0.2545907845382015,25.689065792550537,100.64602856892373,0.0,101.66265512012498,100.49588980244415,100.0,0.0,True
230,0,retail,submission,sell,0.05287365287519208,5.378143100255601,100.6707572674443,0.05531242581403095,102.0400767962697,100.5206269850108,100.0,0.0,False
230,1,retail,normalizer,sell,0.2538640707294064,25.77013637606052,100.6707572674443,0.0,102.0400767962697,100.5206269850108,100.0,0.0,False
230,2,retail,submission,sell,0.13071569890306023,13.320651058199957,100.6707572674443,0.16140266288564575,102.0400767962697,100.5206269850108,100.0,0.0,False
230,3,retail,normalizer,sell,0.13091221472271286,13.340677104673365,100.6707572674443,0.0,102.0400767962697,100.5206269850108,100.0,0.0,False
231,0,arb,submission,buy,0.1648813628767612,16.628842698968583,100.68735716500092,-0.027374025144005998,101.70440117676858,100.66145441899178,100.0,0.0,True
231,1,arb,normalizer,buy,0.36544397311666255,36.930809010642406,100.68735716500092,0.0,101.70440117676858,100.66145441899178,100.0,0.0,True
231,2,retail,submission,buy,0.07946528056792491,7.994806149334181,100.68735716500092,0.00634293742548131,101.52002062353371,100.66992858631892,100.0,0.0,False
231,3,retail,normalizer,buy,0.07918582380489302,7.966690692726843,100.68735716500092,0.0,101.52002062353371,100.66992858631892,100.0,0.0,False
231,4,retail,submission,buy,0.011448830254216634,1.1507940512019559,100.68735716500092,0.0019584097258225075,101.52002062353371,100.66992858631892,100.0,0.0,False
231,5,retail,normalizer,buy,0.01140856797841016,1.146747036225861,100.68735716500092,0.0,101.52002062353371,100.66992858631892,100.0,0.0,False
233,0,retail,submission,sell,0.10728855681109906,10.903723521829166,100.62996777935454,0.1072795068348178,101.73986512287469,100.68562912151873,100.0,0.0,False
233,1,retail,normalizer,sell,0.3085018703987856,31.289719353750243,100.62996777935454,0.0,101.73986512287469,100.68562912151873,100.0,0.0,False
234,0,arb,normalizer,buy,0.1752551821927083,17.69248150774547,100.77534397713528,0.0,101.73986512287469,100.68562912151873,100.0,0.0,False
235,0,retail,submission,buy,0.009325735160165495,0.9392235822888324,100.82776059737272,0.0010694098348354997,101.7209188258057,100.82668772026841,100.0,0.0,True
235,1,retail,normalizer,buy,0.035476752733821476,3.573911057175792,100.82776059737272,0.0,101.7209188258057,100.82668772026841,100.0,0.0,True
237,0,retail,submission,sell,0.003719828145108295,0.37839853316855815,100.80508017703818,0.003420958756113257,101.72855178119289,100.9679439393583,100.0,0.0,True
237,1,retail,normalizer,sell,0.20457880183195698,20.7687155318471,100.80508017703818,0.0,101.72855178119289,100.9679439393583,100.0,0.0,True
237,2,retail,normalizer,buy,0.05710487604708509,5.7710844596913375,100.80508017703818,0.0,101.72855178119289,100.9679439393583,100.0,0.0,True
238,0,arb,normalizer,buy,0.08706320117474693,8.785989107662317,100.82698076375628,0.0,101.72855178119289,100.9679439393583,100.0,0.0,True
238,1,retail,submission,buy,0.07481997095422543,7.529588720124593,100.82698076375628,0.014283052021898612,101.57672074940398,100.82668772026841,100.0,0.0,True
238,2,retail,normalizer,buy,0.1318389697340713,13.275377305355505,100.82698076375628,0.0,101.57672074940398,100.82668772026841,100.0,0.0,True
241,0,retail,submission,buy,0.022627156491342854,2.2748948343923985,100.59165868675147,0.0012083684364747604,101.53087074331066,100.75830631523974,100.0,0.0,True
241,1,retail,normalizer,buy,0.022547583225338546,2.266894677066375,100.59165868675147,0.0,101.53087074331066,100.75830631523974,100.0,0.0,True
241,2,retail,normalizer,sell,0.06587318372149298,6.665596020346216,100.59165868675147,0.0,101.53087074331066,100.75830631523974,100.0,0.0,True
242,0,arb,normalizer,buy,0.0031525749546040677,0.31729242516121303,100.64230346243835,0.0,101.53087074331066,100.75830631523974,100.0,0.0,True
242,1,retail,submission,buy,0.005891816124552345,0.5921844042695739,100.64230346243835,0.0007815420825106889,101.51893709445483,100.74646347140254,100.0,0.0,True
242,2,retail,normalizer,buy,0.06878991924562289,6.918408667474068,100.64230346243835,0.0,101.51893709445483,100.74646347140254,100.0,0.0,True
244,0,retail,submission,buy,0.05233648576259534,5.257268397373991,100.76432432067185,0.016382227812390404,101.41302382891934,100.64135611662918,100.0,0.0,True
244,1,retail,normalizer,buy,0.052152433245609094,5.238780081492223,100.76432432067185,0.0,101.41302382891934,100.64135611662918,100.0,0.0,True
244,2,retail,normalizer,sell,0.12200744323833135,12.338347219667721,100.76432432067185,0.0,101.41302382891934,100.64135611662918,100.0,0.0,True
246,0,retail,submission,buy,0.19111011144801518,19.15075561050071,101.09325245337195,0.16918713250553807,101.02767891307468,100.64924596542991,100.0,0.0,False
246,1,retail,normalizer,buy,0.3128125985461173,31.384740034436618,101.09325245337195,0.0,101.02767891307468,100.64924596542991,100.0,0.0,False
247,0,arb,submission,sell,0.03254836959247598,3.289362353425531,101.09381415682131,-0.001076473263769362,101.09381415682131,100.79025359208893,100.0,0.0,True
247,1,arb,normalizer,sell,0.2341386215152852,23.61445761008849,101.09381415682131,0.0,101.09381415682131,100.79025359208893,100.0,0.0,True
247,2,retail,normalizer,buy,0.0735455788191692,7.385023547734818,101.09381415682131,0.0,101.09381415682131,100.79025359208893,100.0,0.0,True
248,0,arb,submission,sell,0.10636475917104349,10.764331098900584,101.3103908651965,-0.011524227000325737,101.31039086519648,100.93145876767726,100.0,0.0,True
248,1,arb,normalizer,sell,0.17984960827340046,18.187759299815312,101.3103908651965,0.0,101.31039086519648,100.93145876767726,100.0,0.0,True
249,0,retail,normalizer,buy,0.09584767630291519,9.642929697778527,101.22002965897377,0.0,101.31039086519648,100.93145876767726,100.0,0.0,True
249,1,retail,normalizer,buy,0.06935830232629284,6.966386121299365,101.22002965897377,0.0,101.31039086519648,100.93145876767726,100.0,0.0,True
250,0,arb,normalizer,sell,0.0028239528326139407,0.28515900221290785,100.98153161438384,0.0,101.31039086519648,100.93145876767726,100.0,0.0,True
252,0,arb,normalizer,sell,0.0117115549065403,1.1827897443247801,101.00526893093885,0.0,101.31039086519648,100.93145876767726,100.0,0.0,True
252,1,retail,normalizer,buy,0.04334344130083997,4.34980156435995,101.00526893093885,0.0,101.31039086519648,100.93145876767726,100.0,0.0,True
253,0,arb,normalizer,sell,0.028059733369630635,2.8325216730265863,100.9745566121089,0.0,101.31039086519648,100.93145876767726,100.0,0.0,True
253,1,retail,submission,sell,0.014707001461744085,1.4901926604714113,100.9745566121089,0.005159708778164962,101.3403915770109,101.07286176895708,100.0,0.0,True
253,2,retail,normalizer,sell,0.1800576422859308,18.214146507145077,100.9745566121089,0.0,101.3403915770109,101.07286176895708,100.0,0.0,True
254,0,retail,normalizer,buy,0.039899770857711424,4.01762756777498,100.94219092961616,0.0,101.3403915770109,101.07286176895708,100.0,0.0,True
257,0,retail,submission,sell,0.11204419617253336,11.367424328882587,100.80147601351455,0.07320397594344641,101.56938789002214,101.21446287307833,100.0,0.0,True
257,1,retail,normalizer,sell,0.15199271310898155,15.414230644529907,100.80147601351455,0.0,101.56938789002214,101.21446287307833,100.0,0.0,True
258,0,arb,normalizer,buy,0.12875253902892972,12.98220055983984,100.70055687577947,0.0,101.56938789002214,101.21446287307833,100.0,0.0,True
258,1,retail,submission,buy,0.6253559438612075,62.491937078089904,100.70055687577947,0.48175471431237327,100.31368516179124,101.20983351377531,0.0,100.0,False
258,2,retail,normalizer,buy,0.6960121816521001,69.60340193346019,100.70055687577947,0.0,100.31368516179124,101.20983351377531,0.0,100.0,False
259,0,arb,normalizer,sell,0.42830444320627237,42.97521796930448,100.7687690830438,0.0,100.31368516179124,101.20983351377531,0.0,100.0,False
259,1,retail,normalizer,sell,0.06242967713049552,6.294900759975649,100.7687690830438,0.0,100.31368516179124,101.20983351377531,0.0,100.0,False
260,0,retail,submission,buy,0.09749066282369431,9.77010778640215,100.8604532743752,0.0628446560149385,100.11807222724966,101.2053432375567,0.0,100.0,False
260,1,retail,normalizer,buy,0.08609855350565743,8.627442528626489,100.8604532743752,0.0,100.11807222724966,101.2053432375567,0.0,100.0,False
260,2,retail,normalizer,sell,0.15916010219648058,16.05645238101616,100.8604532743752,0.0,100.11807222724966,101.2053432375567,0.0,100.0,False
260,3,retail,normalizer,buy,0.12956200736114792,12.996125433868656,100.8604532743752,0.0,100.11807222724966,101.2053432375567,0.0,100.0,False
261,0,arb,normalizer,sell,0.03634973111434192,3.6647359055209976,100.85553848220306,0.0,100.11807222724966,101.2053432375567,0.0,100.0,False
262,0,arb,normalizer,sell,0.04357234638051466,4.396433375462211,100.9437291955929,0.0,100.11807222724966,101.2053432375567,0.0,100.0,False
263,0,retail,submission,sell,0.026637289488931515,2.694530368400956,100.92208679436858,0.00623952663228744,100.17146253203333,101.06375489199212,0.0,100.0,True
263,1,retail,normalizer,sell,0.11807472284412768,11.93303782779953,100.92208679436858,0.0,100.17146253203333,101.06375489199212,0.0,100.0,True
266,0,retail,normalizer,buy,0.023347757725266684,2.3477010223450634,100.92791519659998,0.0,100.17146253203333,101.06375489199212,0.0,100.0,True
267,0,retail,submission,sell,0.0765101849887202,7.747485350488601,100.88907118365368,0.028443850887097,100.32505302665093,101.09429548463967,0.0,100.0,True
267,1,retail,normalizer,sell,0.09951883490744251,10.075004969002814,100.88907118365368,0.0,100.32505302665093,101.09429548463967,0.0,100.0,True
268,0,retail,submission,buy,0.009310805438816244,0.9340199433645466,100.99146756775899,0.0062919621393781044,100.30634316420793,100.95286249715313,0.0,100.0,True
268,1,retail,normalizer,buy,0.21116238048279526,21.225748210828897,100.99146756775899,0.0,100.30634316420793,100.95286249715313,0.0,100.0,True
269,0,arb,normalizer,sell,0.06856472755443122,6.923690013834843,101.04984240042936,0.0,100.30634316420793,100.95286249715313,0.0,100.0,True
270,0,retail,normalizer,sell,0.056638224593967834,5.726539165811233,101.03272451430622,0.0,100.30634316420793,100.95286249715313,0.0,100.0,True
271,0,retail,submission,sell,0.015414729640241376,1.5620544490216315,100.88156523604364,0.006992395223645698,100.3373215714757,101.09429548463967,0.0,100.0,True
271,1,retail,normalizer,sell,0.09140839963109215,9.255812403235234,100.88156523604364,0.0,100.3373215714757,101.09429548463967,0.0,100.0,True
272,0,retail,normalizer,buy,0.07074532438806742,7.122091628216367,100.8611408162402,0.0,100.3373215714757,101.09429548463967,0.0,100.0,True
273,0,retail,normalizer,buy,0.024492646237012482,2.463378784354063,100.89664193913613,0.0,100.3373215714757,101.09429548463967,0.0,100.0,True
273,1,retail,normalizer,buy,0.0973114404564481,9.77529634354687,100.89664193913613,0.0,100.3373215714757,101.09429548463967,0.0,100.0,True
275,0,arb,normalizer,sell,0.031780027506869146,3.2095602838037585,101.02521020505264,0.0,100.3373215714757,101.09429548463967,0.0,100.0,True
275,1,retail,normalizer,sell,0.020999408927266927,2.1219168970510665,101.02521020505264,0.0,100.3373215714757,101.09429548463967,0.0,100.0,True
276,0,arb,normalizer,sell,0.027056058800511096,2.735239373430443,101.12272697275172,0.0,100.3373215714757,101.09429548463967,0.0,100.0,True
276,1,retail,submission,sell,0.16449846350705855,16.699572622207686,101.12272697275172,0.06503940954624099,100.66880364547438,101.23592661697772,0.0,100.0,True
276,2,retail,normalizer,sell,0.2760562368674613,27.993152254015616,101.12272697275172,0.0,100.66880364547438,101.23592661697772,0.0,100.0,True
277,0,retail,submission,sell,0.02219487454911473,2.2574031731031896,101.21941151785603,0.010851032529156424,100.7136544398742,101.37775617176435,0.0,100.0,True
277,1,retail,normalizer,sell,0.022116821495600902,2.249464528968944,101.21941151785603,0.0,100.7136544398742,101.37775617176435,0.0,100.0,True
278,0,retail,submission,sell,0.10112931977343464,10.298435031218695,101.19469795335971,0.06468406251724801,99.83037042825023,101.51904022890713,0.0,100.0,False
278,1,retail,normalizer,sell,0.10077367675360449,10.26221836781981,101.19469795335971,0.0,99.83037042825023,101.51904022890713,0.0,100.0,False
278,2,retail,normalizer,buy,0.07943411760502625,8.04240476877385,101.19469795335971,0.0,99.83037042825023,101.51904022890713,0.0,100.0,False
278,3,retail,submission,buy,0.5409807844287985,54.299814415557194,101.19469795335971,0.4445726632866709,99.83037042825023,101.51904022890713,0.0,100.0,False
278,4,retail,normalizer,buy,0.6636033280146499,66.68927905594501,101.19469795335971,0.0,99.83037042825023,101.51904022890713,0.0,100.0,False
279,0,arb,submission,sell,0.25137019338085054,25.41168129277819,101.34719968998294,-0.06398389190049869,100.3337276930831,101.37701301483429,0.0,100.0,True
279,1,arb,normalizer,sell,0.4522162202134439,45.62345758487914,101.34719968998294,0.0,100.3337276930831,101.37701301483429,0.0,100.0,True
280,0,arb,submission,sell,0.025885841481581906,2.624137958497673,101.399776768199,-0.0006805891917180951,100.38577900051702,101.2351844997394,0.0,100.0,True
280,1,arb,normalizer,sell,0.02579480834839387,2.6149096125516293,101.399776768199,0.0,100.38577900051702,101.2351844997394,0.0,100.0,True
282,0,retail,submission,sell,0.011860425215772352,1.2027873998592145,101.277789191103,0.001589755139379978,100.42864735926636,101.17741743642141,0.0,100.0,False
282,1,retail,normalizer,sell,0.011818715477701858,1.1985575390825858,101.277789191103,0.0,100.42864735926636,101.17741743642141,0.0,100.0,False
282,2,retail,submission,sell,0.009443493834680794,0.957886431381119,101.277789191103,0.0014702535648366544,100.42864735926636,101.17741743642141,0.0,100.0,False
282,3,retail,normalizer,sell,0.009410283756039917,0.9545178175732111,101.277789191103,0.0,100.42864735926636,101.17741743642141,0.0,100.0,False
283,0,retail,submission,sell,0.04478420295373553,4.545087238649774,101.43958602354276,0.0021962306285212563,100.51885300279629,101.2895814223221,0.0,100.0,True
283,1,retail,normalizer,sell,0.04462670966476878,4.529103461098261,101.43958602354276,0.0,100.51885300279629,101.2895814223221,0.0,100.0,True
284,0,retail,submission,sell,0.9262462678320276,94.92720692477049,101.27364044980153,1.1228754283791602,102.4121133169583,101.28164137791494,100.0,0.0,False
284,1,retail,normalizer,sell,0.9229889234679831,94.59337496969594,101.27364044980153,0.0,102.4121133169583,101.28164137791494,100.0,0.0,False
284,2,retail,normalizer,buy,0.058759816186168795,6.038493060386827,101.27364044980153,0.0,102.4121133169583,101.28164137791494,100.0,0.0,False
285,0,arb,submission,buy,0.0727735854892134,7.372992098760733,101.24031058404022,-0.005371701518567029,102.26293998387902,101.42353497818826,100.0,0.0,True
285,1,arb,normalizer,buy,0.7120900026296589,72.61168933528643,101.24031058404022,0.0,102.26293998387902,101.42353497818826,100.0,0.0,True
285,2,retail,submission,sell,0.10021398967728601,10.258573407945635,101.24031058404022,0.11287796815139828,102.47052515721526,101.4261452533877,100.0,0.0,False
285,3,retail,normalizer,sell,0.3006850353553432,30.71799543531813,101.24031058404022,0.0,102.47052515721526,101.4261452533877,100.0,0.0,False
286,0,arb,submission,buy,0.11391589158829837,11.543113251771501,101.21459216174358,-0.013162743920485553,102.23696177953899,101.45902459327573,100.0,0.0,True
286,1,arb,normalizer,buy,0.3142348183104703,31.905863931997374,101.21459216174358,0.0,102.23696177953899,101.45902459327573,100.0,0.0,True
286,2,retail,submission,buy,0.037652670463150434,3.8095638309987407,101.21459216174358,0.0014358537295593443,102.15993754401899,101.46114558577183,100.0,0.0,False
286,3,retail,normalizer,buy,0.03752025674317973,3.7961666798255465,101.21459216174358,0.0,102.15993754401899,101.46114558577183,100.0,0.0,False
287,0,retail,submission,buy,0.013181814529114622,1.3330109889811865,101.35675698090881,0.0030549828136972046,102.13299271727625,101.35584664802538,100.0,0.0,True
287,1,retail,normalizer,buy,0.01313545784108132,1.3283231689219974,101.35675698090881,0.0,102.13299271727625,101.35584664802538,100.0,0.0,True
288,0,retail,submission,buy,0.025717854900516084,2.5997061476955423,101.19107800179623,0.0027113135814582634,102.08045376318834,101.30370747113544,100.0,0.0,True
288,1,retail,normalizer,buy,0.025627412528301405,2.5905637214709714,101.19107800179623,0.0,102.08045376318834,101.30370747113544,100.0,0.0,True
289,0,retail,submission,buy,0.14003560040474144,14.132153756445405,101.35843575323828,0.06163565034472995,101.75070232171505,101.16296371755307,100.0,0.0,False
289,1,retail,normalizer,buy,0.13954313507497146,14.082454995988883,101.35843575323828,0.0,101.75070232171505,101.16296371755307,100.0,0.0,False
289,2,retail,submission,buy,0.021832535279818828,2.199740640620803,101.35843575323828,0.013170983869021935,101.75070232171505,101.16296371755307,100.0,0.0,False
289,3,retail,normalizer,buy,0.021755756470321262,2.19200477918821,101.35843575323828,0.0,101.75070232171505,101.16296371755307,100.0,0.0,False
290,0,arb,normalizer,sell,0.030420577010545458,3.0837741167619637,101.40232889929653,0.0,101.75070232171505,101.16296371755307,100.0,0.0,False
291,0,retail,submission,buy,0.0440890198106187,4.439273295605744,101.22469666006187,0.023624360763591312,101.66116275043741,101.02143466180392,100.0,0.0,True
291,1,retail,normalizer,buy,0.07444608463344268,7.498184429976391,101.22469666006187,0.0,101.66116275043741,101.02143466180392,100.0,0.0,True
292,0,arb,normalizer,sell,0.012930219341569682,1.309369640437721,101.27745960156392,0.0,101.66116275043741,101.02143466180392,100.0,0.0,True
292,1,retail,submission,sell,0.15778355280068013,16.066018656957812,101.27745960156392,0.0861012623957027,101.98539907542721,101.02533657783698,100.0,0.0,False
292,2,retail,normalizer,sell,0.34600294578640955,35.16456065304102,101.27745960156392,0.0,101.98539907542721,101.02533657783698,100.0,0.0,False
293,0,arb,normalizer,buy,0.09967887248492145,10.094770286699713,101.17153319361103,0.0,101.98539907542721,101.02533657783698,100.0,0.0,False
293,1,retail,submission,sell,0.02748044509688441,2.8033821518593105,101.17153319361103,0.023143388564664136,102.04202842513821,101.02912158038498,100.0,0.0,False
293,2,retail,normalizer,sell,0.12690159461101302,12.932742434094106,101.17153319361103,0.0,102.04202842513821,101.02912158038498,100.0,0.0,False
294,0,arb,normalizer,buy,0.01317033500859369,1.33569932440696,101.40383239289172,0.0,102.04202842513821,101.02912158038498,100.0,0.0,False
294,1,retail,submission,buy,0.09256802828230415,9.3427222131686,101.40383239289172,0.04403061171062994,100.9070279414196,101.0804578093102,100.0,0.0,False
294,2,retail,normalizer,buy,0.280212685411405,28.334807118415483,101.40383239289172,0.0,100.9070279414196,101.0804578093102,100.0,0.0,False
294,3,retail,submission,buy,0.4682265224837976,46.993695585711976,101.40383239289172,0.4862682221415824,100.9070279414196,101.0804578093102,100.0,0.0,False
294,4,retail,normalizer,buy,0.46657990313742326,46.828432140364384,101.40383239289172,0.0,100.9070279414196,101.0804578093102,100.0,0.0,False
295,0,arb,submission,sell,0.23782814394789398,24.056001988097705,101.39090369360525,-0.057608450552098844,101.39090369360527,101.14663537716504,100.0,0.0,True
295,1,arb,normalizer,sell,0.4398474620146686,44.40018030708139,101.39090369360525,0.0,101.39090369360527,101.14663537716504,100.0,0.0,True
296,0,retail,normalizer,buy,0.021020404236057666,2.11806300115677,101.27607852844801,0.0,101.39090369360527,101.14663537716504,100.0,0.0,True
298,0,retail,submission,buy,0.0008974400532461613,0.09008152953720128,101.33253952849763,0.0008583501328223858,101.23489595664563,101.1366557130773,100.0,0.0,False
298,1,retail,normalizer,buy,0.18165922836192622,18.267277624112467,101.33253952849763,0.0,101.23489595664563,101.1366557130773,100.0,0.0,False
298,2,retail,submission,buy,0.07636776980551263,7.659599015207277,101.33253952849763,0.07894103731303925,101.23489595664563,101.1366557130773,100.0,0.0,False
298,3,retail,normalizer,buy,0.0760992061057495,7.632662386633456,101.33253952849763,0.0,101.23489595664563,101.1366557130773,100.0,0.0,False
299,0,arb,normalizer,sell,0.19756446329139976,19.959288610033223,101.2272268407036,0.0,101.23489595664563,101.1366557130773,100.0,0.0,False
300,0,arb,submission,sell,0.006233679840988771,0.6311055133919581,101.24759616104261,-3.958574570528395e-05,101.24759616104262,101.003673097366,100.0,0.0,True
300,1,arb,normalizer,sell,0.010013534942103774,1.0137443523827745,101.24759616104261,0.0,101.24759616104262,101.003673097366,100.0,0.0,True
301,0,retail,normalizer,buy,0.04170794766871926,4.195777533825094,101.20483637181476,0.0,101.24759616104262,101.003673097366,100.0,0.0,True
301,1,retail,normalizer,buy,0.013898355114080961,1.3973821793479146,101.20483637181476,0.0,101.24759616104262,101.003673097366,100.0,0.0,True
302,0,arb,submission,sell,0.025926720081287158,2.6257030766537355,101.3004436832002,-0.000685170830789783,101.30044368320021,101.05639330065387,100.0,0.0,True
302,1,arb,normalizer,sell,0.08140518175787292,8.239640197446851,101.3004436832002,0.0,101.30044368320021,101.05639330065387,100.0,0.0,True
302,2,retail,submission,sell,0.03472187057479914,3.518570526430729,101.3004436832002,0.0012296316929227835,101.37128356633278,101.05428076929384,100.0,0.0,False
302,3,retail,normalizer,sell,0.034774070860720485,3.5238602871623974,101.3004436832002,0.0,101.37128356633278,101.05428076929384,100.0,0.0,False
302,4,retail,normalizer,buy,0.04425478304402838,4.457310430365396,101.3004436832002,0.0,101.37128356633278,101.05428076929384,100.0,0.0,False
303,0,arb,normalizer,sell,0.009591455410756566,0.9715297969117327,101.30093948565062,0.0,101.37128356633278,101.05428076929384,100.0,0.0,False
304,0,arb,normalizer,sell,0.016224411223177526,1.6438161252453016,101.33398199017759,0.0,101.37128356633278,101.05428076929384,100.0,0.0,False
305,0,retail,normalizer,buy,0.04472809125754757,4.503303018376755,101.2572446073641,0.0,101.68039177875623,101.04642254032855,100.0,0.0,False
305,1,retail,submission,sell,0.15108324522272198,15.338835256099484,101.2572446073641,0.04056213850795132,101.68039177875623,101.04642254032855,100.0,0.0,False
305,2,retail,normalizer,sell,0.21421044031937697,21.734125662432504,101.2572446073641,0.0,101.68039177875623,101.04642254032855,100.0,0.0,False
306,0,retail,submission,sell,0.030852185919954422,3.1380386055747653,101.08868527491933,0.019231693069195366,101.74368751476766,101.0388006420844,100.0,0.0,False
306,1,retail,normalizer,sell,0.030898568585953967,3.1427562809103122,101.08868527491933,0.0,101.74368751476766,101.0388006420844,100.0,0.0,False
307,0,arb,normalizer,buy,0.034816448410639814,3.519901021201804,101.06346360797608,0.0,101.74368751476766,101.0388006420844,100.0,0.0,False
308,0,arb,normalizer,buy,0.0013255193935082295,0.13395979858614737,101.06077426457547,0.0,101.74368751476766,101.0388006420844,100.0,0.0,False
308,1,retail,submission,buy,0.17115538545070333,17.210425101153305,101.06077426457547,0.0866706720466297,101.39678722015691,101.03140795009267,100.0,0.0,False
308,2,retail,normalizer,buy,0.3358467246659831,33.82689398852199,101.06077426457547,0.0,101.39678722015691,101.03140795009267,100.0,0.0,False
309,0,arb,normalizer,sell,0.014348721184049396,1.449254983451968,101.01692376235668,0.0,101.39678722015691,101.03140795009267,100.0,0.0,False
309,1,retail,normalizer,buy,0.011357196220326323,1.140266162221451,101.01692376235668,0.0,101.33219154838542,101.02423755566412,100.0,0.0,False
309,2,retail,normalizer,sell,0.12171663807448851,12.307678608289605,101.01692376235668,0.0,101.33219154838542,101.02423755566412,100.0,0.0,False
309,3,retail,submission,buy,0.031967560877768295,3.2079715675372427,101.01692376235668,0.02129309252077327,101.33219154838542,101.02423755566412,100.0,0.0,False
309,4,retail,normalizer,buy,0.15697272745837076,15.77208667378909,101.01692376235668,0.0,101.33219154838542,101.02423755566412,100.0,0.0,False
310,0,arb,normalizer,sell,0.09375117954976986,9.47060370506673,101.11359079381276,0.0,101.33219154838542,101.02423755566412,100.0,0.0,False
311,0,arb,normalizer,sell,0.0027212184703557796,0.2751596888412026,101.1191163129108,0.0,101.33219154838542,101.02423755566412,100.0,0.0,False
311,1,retail,normalizer,buy,0.059671799086601314,5.994229490550424,101.1191163129108,0.0,101.33219154838542,101.02423755566412,100.0,0.0,False
312,0,arb,normalizer,sell,0.07523402441799476,7.604258260925688,101.15108828357016,0.0,101.33219154838542,101.02423755566412,100.0,0.0,False
313,0,arb,normalizer,sell,0.08875423623646839,8.985596411097058,101.33164075393043,0.0,101.33219154838542,101.02423755566412,100.0,0.0,False
315,0,retail,normalizer,buy,0.12882201658178688,12.958812288770787,101.2548775332308,0.0,101.33219154838542,101.02423755566412,100.0,0.0,False
316,0,arb,normalizer,sell,0.08867166972939344,8.97007621122688,101.25068948797951,0.0,101.33219154838542,101.02423755566412,100.0,0.0,False
316,1,retail,normalizer,buy,0.12916571007715252,12.982967995352737,101.25068948797951,0.0,101.33219154838542,101.02423755566412,100.0,0.0,False
317,0,arb,normalizer,sell,0.07596804868700247,7.677804182160086,101.14332849204332,0.0,101.33219154838542,101.02423755566412,100.0,0.0,False
319,0,retail,submission,buy,0.11650615471589924,11.674211189430935,100.98399831078208,0.09104614159515023,101.0972935286946,101.00573507257296,100.0,0.0,False
319,1,retail,normalizer,buy,0.22481642563866472,22.551694502315513,100.98399831078208,0.0,101.0972935286946,101.00573507257296,100.0,0.0,False
320,0,arb,normalizer,sell,0.19824827883647345,20.001259221430132,101.09074999784211,0.0,101.0972935286946,101.00573507257296,100.0,0.0,False
321,0,arb,submission,sell,0.027291113093127706,2.7598149763725814,101.15279945129807,-0.0007575131392600909,101.15279945129805,100.90910476937813,100.0,0.0,True
321,1,arb,normalizer,sell,0.030555780858932735,3.0898546431278833,101.15279945129807,0.0,101.15279945129805,100.90910476937813,100.0,0.0,True
321,2,retail,normalizer,buy,0.017936602271088734,1.8031440172417206,101.15279945129807,0.0,101.15279945129805,100.90910476937813,100.0,0.0,True
322,0,retail,normalizer,buy,0.08859394085885082,8.896747837790826,101.07396909278012,0.0,101.15279945129805,100.90910476937813,100.0,0.0,True
323,0,arb,normalizer,sell,0.10262414518369667,10.369285687518161,101.14551278474461,0.0,101.15279945129805,100.90910476937813,100.0,0.0,True
323,1,retail,submission,buy,0.13273522997690437,13.274730396227824,101.14551278474461,0.15084250438717284,100.88595513676123,100.90119455036347,100.0,0.0,False
323,2,retail,normalizer,buy,0.3306935397805033,33.13806395495885,101.14551278474461,0.0,100.88595513676123,100.90119455036347,100.0,0.0,False
323,3,retail,normalizer,sell,0.02619755167724236,2.6329959081290637,101.14551278474461,0.0,100.88595513676123,100.90119455036347,100.0,0.0,False
324,0,arb,submission,sell,0.09499652645745016,9.592968572733298,101.07875455311324,-0.009162008457634485,101.07875455311327,100.83523825822763,100.0,0.0,True
324,1,arb,normalizer,sell,0.27062462235788587,27.280286887239303,101.07875455311324,0.0,101.07875455311327,100.83523825822763,100.0,0.0,True
325,0,arb,submission,sell,0.02278233686574538,2.3033378131913196,101.12507442184261,-0.0005276978606705285,101.12507442184261,100.88144653433939,100.0,0.0,True
325,1,arb,normalizer,sell,0.022816587454173032,2.3068006131628866,101.12507442184261,0.0,101.12507442184261,100.88144653433939,100.0,0.0,True
325,2,retail,normalizer,buy,0.05530529018188173,5.556169212686655,101.12507442184261,0.0,101.12507442184261,100.88144653433939,100.0,0.0,True
326,0,arb,submission,sell,0.08989282223681982,9.098643247270957,101.3081508740114,-0.008232350387473275,101.30815087401142,101.02277946945767,100.0,0.0,True
326,1,arb,normalizer,sell,0.14516733993023934,14.68520987334908,101.3081508740114,0.0,101.30815087401142,101.02277946945767,100.0,0.0,True
327,0,arb,submission,sell,0.0030882303961732305,0.3128726361301233,101.31444922010142,-9.725522943149212e-06,101.31444922010142,101.01609907041633,100.0,0.0,False
327,1,arb,normalizer,sell,0.003092873190681189,0.31334300367787205,101.31444922010142,0.0,101.31444922010142,101.01609907041633,100.0,0.0,False
327,2,retail,normalizer,buy,0.10232006230498869,10.293841060387422,101.31444922010142,0.0,101.31444922010142,101.01609907041633,100.0,0.0,False
328,0,arb,submission,sell,0.0037445326545366697,0.3793895629096369,101.32208686132071,-1.4299968379372086e-05,101.32208686132071,101.07798433659502,100.0,0.0,True
328,1,arb,normalizer,sell,0.10576326424106242,10.704775437810722,101.32208686132071,0.0,101.32208686132071,101.07798433659502,100.0,0.0,True
329,0,retail,submission,buy,0.12140009336110533,12.162791398819536,101.28319370279858,0.13299777261112666,101.06505079181282,101.06801144598349,100.0,0.0,False
329,1,retail,normalizer,buy,0.32282702593740753,32.40870545618236,101.28319370279858,0.0,101.06505079181282,101.06801144598349,100.0,0.0,False
329,2,retail,submission,buy,0.006126262665029074,0.6129969126523065,101.28319370279858,0.007490535524056319,101.06505079181282,101.06801144598349,100.0,0.0,False
329,3,retail,normalizer,buy,0.006104718343737978,0.6108411770674138,101.28319370279858,0.0,101.06505079181282,101.06801144598349,100.0,0.0,False
330,0,arb,submission,sell,0.07768783919905786,7.857662284237449,101.22310044478398,-0.0061416663470108546,101.22310044478398,100.97923639554712,100.0,0.0,True
330,1,arb,normalizer,sell,0.27930868658978625,28.193383486721352,101.22310044478398,0.0,101.22310044478398,100.97923639554712,100.0,0.0,True
333,0,retail,normalizer,buy,0.10613386219594513,10.6674964570484,100.85562711049131,0.0,101.22310044478398,100.97923639554712,100.0,0.0,True
334,0,retail,submission,buy,0.04609669481154393,4.617269893704361,100.69271371791321,0.024331400296447647,101.11432640847771,100.96927324793174,100.0,0.0,False
334,1,retail,normalizer,buy,0.14175325847530967,14.212310025975967,100.69271371791321,0.0,101.11432640847771,100.96927324793174,100.0,0.0,False
334,2,retail,submission,buy,0.007890503716593502,0.7899265873875265,100.69271371791321,0.004589644437553053,101.11432640847771,100.96927324793174,100.0,0.0,False
334,3,retail,normalizer,buy,0.007862755061936845,0.7871486405219912,100.69271371791321,0.0,101.11432640847771,100.96927324793174,100.0,0.0,False
335,0,arb,normalizer,sell,0.028235911697649385,2.8443450388174463,100.76352575605688,0.0,101.11432640847771,100.96927324793174,100.0,0.0,False
335,1,retail,normalizer,sell,0.0901359168027085,9.090625567871106,100.76352575605688,0.0,101.11432640847771,100.96927324793174,100.0,0.0,False
337,0,retail,normalizer,sell,0.030945233757208257,3.1247626680952014,100.85251700414751,0.0,101.11432640847771,100.96927324793174,100.0,0.0,False
338,0,retail,normalizer,buy,0.013679948778284733,1.3733254421567835,100.91625610222562,0.0,101.11432640847771,100.96927324793174,100.0,0.0,False
339,0,retail,normalizer,sell,0.043068303618412074,4.350956318926085,100.8546897592763,0.0,101.11432640847771,100.96927324793174,100.0,0.0,False
341,0,retail,submission,sell,0.07297045663742097,7.383776482678431,100.78481763465507,0.029462317758452983,101.36464543582315,101.01471053644308,100.0,0.0,False
341,1,retail,normalizer,sell,0.09578865000739256,9.690507467765315,100.78481763465507,0.0,101.36464543582315,101.01471053644308,100.0,0.0,False
341,2,retail,submission,sell,0.022595577948123946,2.2886136104400605,100.78481763465507,0.011322407588755024,101.36464543582315,101.01471053644308,100.0,0.0,False
341,3,retail,normalizer,sell,0.022629547766285896,2.2920542742910386,100.78481763465507,0.0,101.36464543582315,101.01471053644308,100.0,0.0,False
341,4,retail,submission,sell,0.027302134014647095,2.7667106263879764,100.78481763465507,0.015070028684855963,101.36464543582315,101.01471053644308,100.0,0.0,False
341,5,retail,normalizer,sell,0.027343179591312605,2.7708700533812762,100.78481763465507,0.0,101.36464543582315,101.01471053644308,100.0,0.0,False
342,0,arb,normalizer,buy,0.032666550468722744,3.2903184306123876,100.6914246984561,0.0,101.36464543582315,101.01471053644308,100.0,0.0,False
344,0,retail,submission,sell,0.7768901704808826,79.37000752674858,100.88266312703445,0.9952581714213409,102.96913967446358,101.0069182233475,100.0,0.0,False
344,1,retail,normalizer,sell,0.8106266851305151,82.78955017113707,100.88266312703445,0.0,102.96913967446358,101.0069182233475,100.0,0.0,False
345,0,arb,submission,buy,0.5422224325714511,54.97440394493242,100.8379058018919,-0.29782936561974793,101.8564705069615,101.08142853887406,100.0,0.0,True
345,1,arb,normalizer,buy,0.7405485584241612,75.23399953740591,100.8379058018919,0.0,101.8564705069615,101.08142853887406,100.0,0.0,True
346,0,arb,submission,buy,0.08366505792110382,8.429562645049373,100.66952865873661,-0.0070406989259534924,101.68639258458244,100.94001355250788,100.0,0.0,True
346,1,arb,normalizer,buy,0.08337083173705867,8.399918273649746,100.66952865873661,0.0,101.68639258458244,100.94001355250788,100.0,0.0,True
346,2,retail,submission,buy,0.0339761189881556,3.419200132790138,100.66952865873661,0.0011597514006371767,101.77858985898756,100.94564186481308,100.0,0.0,False
346,3,retail,normalizer,buy,0.03385663465277643,3.407175779580939,100.66952865873661,0.0,101.77858985898756,100.94564186481308,100.0,0.0,False
346,4,retail,submission,sell,0.07637416611362369,7.76692741282439,100.66952865873661,0.07837610846183907,101.77858985898756,100.94564186481308,100.0,0.0,False
346,5,retail,normalizer,sell,0.2774446013695666,28.157979115113793,100.66952865873661,0.0,101.77858985898756,100.94564186481308,100.0,0.0,False
346,6,retail,submission,sell,0.0021882817058127557,0.22271530944475093,100.66952865873661,0.0024220215480446894,101.77858985898756,100.94564186481308,100.0,0.0,False
346,7,retail,normalizer,sell,0.0021915715323501672,0.22305013595719786,100.66952865873661,0.0,101.77858985898756,100.94564186481308,100.0,0.0,False
347,0,arb,submission,buy,0.0906730316568591,9.128021133647053,100.57855144774581,-0.008258954224565684,101.59449641186445,100.82144784603462,100.0,0.0,True
347,1,arb,normalizer,buy,0.29175483072761504,29.430261221992623,100.57855144774581,0.0,101.59449641186445,100.82144784603462,100.0,0.0,True
348,0,arb,submission,buy,0.006327508777738818,0.6363714867839008,100.56585163598817,-4.0177816405972955e-05,101.58166831917998,100.80871736433295,100.0,0.0,True
348,1,arb,normalizer,buy,0.006305256731205276,0.6341335494798841,100.56585163598817,0.0,101.58166831917998,100.80871736433295,100.0,0.0,True
348,2,retail,normalizer,sell,0.021934353705177045,2.2196308104001132,100.56585163598817,0.0,101.404264945584,100.81082476221036,93.52221143677671,0.0,False
348,3,retail,submission,buy,0.08762801436626433,8.804687504149115,100.56585163598817,0.0076983877648633126,101.404264945584,100.81082476221036,93.52221143677671,0.0,False
348,4,retail,normalizer,buy,0.1093202063623491,10.98669584340496,100.56585163598817,0.0,101.404264945584,100.81082476221036,93.52221143677671,0.0,False
351,0,retail,normalizer,sell,0.006479379033308419,0.6544292818862799,100.57533666056004,0.0,101.404264945584,100.81082476221036,93.52221143677671,0.0,False
355,0,arb,normalizer,sell,0.017634639500442972,1.7815623389030362,101.04417915015478,0.0,101.404264945584,100.81082476221036,93.52221143677671,0.0,False
356,0,arb,normalizer,sell,0.050219934660475474,5.076991166042298,101.14612020626116,0.0,101.404264945584,100.81082476221036,93.52221143677671,0.0,False
357,0,arb,normalizer,sell,0.055081447674666606,5.574358074630554,101.25810710357855,0.0,101.404264945584,100.81082476221036,93.52221143677671,0.0,False
357,1,retail,normalizer,buy,0.03955195540767762,3.979385771570378,101.25810710357855,0.0,101.404264945584,100.81082476221036,93.52221143677671,0.0,False
358,0,arb,normalizer,sell,0.05763158611671315,5.834420904436503,101.2951471830346,0.0,101.404264945584,100.81082476221036,93.52221143677671,0.0,False
359,0,arb,normalizer,sell,0.025905938629264824,2.6248292149250196,101.34791018405711,0.0,101.404264945584,100.81082476221036,93.52221143677671,0.0,False
359,1,retail,submission,sell,0.03633047897972119,3.685413812827473,101.34791018405711,0.0033956922469147166,101.47850252963205,100.81866466908922,100.0,0.0,False
359,2,retail,normalizer,sell,0.06403220968884682,6.4937103486450845,101.34791018405711,0.0,101.47850252963205,100.81866466908922,100.0,0.0,False
362,0,arb,submission,sell,0.05109954981489295,5.188176456604197,101.5830572346097,-0.0026720369048636172,101.58305723460971,100.82626996129707,100.0,0.0,False
362,1,arb,normalizer,sell,0.05117637203287018,5.195976275273035,101.5830572346097,0.0,101.58305723460971,100.82626996129707,100.0,0.0,False
362,2,retail,submission,sell,0.02111135694158861,2.1450125920555374,101.5830572346097,0.0004564115578666872,101.6263003219452,100.82823729027223,100.0,0.0,False
362,3,retail,normalizer,sell,0.021143095406401358,2.1482373685069733,101.5830572346097,0.0,101.6263003219452,100.82823729027223,100.0,0.0,False
363,0,retail,submission,sell,0.010359956326055908,1.0529540019417196,101.54158889674797,0.0009875756930872726,101.64753106201678,100.96949568027941,100.0,0.0,True
363,1,retail,normalizer,sell,0.010375531313059128,1.054536995574704,101.54158889674797,0.0,101.64753106201678,100.96949568027941,100.0,0.0,True
366,0,retail,submission,sell,0.039896271079044254,4.056989320118072,101.5052381428791,0.007308823226825467,105.27134144295198,100.97715018692719,100.0,0.0,False
366,1,retail,normalizer,sell,0.03995625047309659,4.063088530758844,101.5052381428791,0.0,105.27134144295198,100.97715018692719,100.0,0.0,False
366,2,retail,submission,sell,1.4725435032603542,152.05931571736184,101.5052381428791,2.5884367431701207,105.27134144295198,100.97715018692719,100.0,0.0,False
366,3,retail,normalizer,sell,1.474757300806857,152.28791917750718,101.5052381428791,0.0,105.27134144295198,100.97715018692719,100.0,0.0,False
366,4,retail,submission,sell,0.20968086558171706,22.02600005306777,101.5052381428791,0.7422938581905569,105.27134144295198,100.97715018692719,100.0,0.0,False
366,5,retail,normalizer,sell,0.20999609632687566,22.059113577233077,101.5052381428791,0.0,105.27134144295198,100.97715018692719,100.0,0.0,False
367,0,arb,submission,buy,1.2816788942847286,131.85818630848735,101.55712045823832,-1.6945684528314757,102.58294995781648,101.11861720099246,100.0,0.0,True
367,1,arb,normalizer,buy,1.475202990056263,152.07478461125538,101.55712045823832,0.0,102.58294995781648,101.11861720099246,100.0,0.0,True
369,0,retail,submission,buy,0.04188050831213248,4.251478471969676,101.59198549154502,0.003245520855017503,102.49684732877839,101.26028240757981,100.0,0.0,True
369,1,retail,normalizer,buy,0.04173322649037897,4.23652723284431,101.59198549154502,0.0,102.49684732877839,101.26028240757981,100.0,0.0,True
370,0,retail,normalizer,sell,0.19497214784132666,19.942658245380187,101.50937397750853,0.0,102.53800894968843,101.28189148094641,100.0,0.0,False
370,1,retail,submission,sell,0.01982740739407518,2.032654771749194,101.50937397750853,0.019987059579598565,102.53800894968843,101.28189148094641,100.0,0.0,False
370,2,retail,normalizer,sell,0.024976747934516652,2.560419401279218,101.50937397750853,0.0,102.53800894968843,101.28189148094641,100.0,0.0,False
371,0,arb,submission,buy,0.08634754853309715,8.75778572638228,101.33711391595804,-0.0075743643200993915,102.36072112723035,101.42378543160919,100.0,0.0,True
371,1,arb,normalizer,buy,0.2866973641790477,29.13704899784898,101.33711391595804,0.0,102.36072112723035,101.42378543160919,100.0,0.0,True
371,2,retail,submission,buy,0.06039174468119367,6.11622544088641,101.33711391595804,0.003699669455166088,102.06729543801121,101.43052599370392,100.0,0.0,False
371,3,retail,normalizer,buy,0.06017936411242873,6.094716417677773,101.33711391595804,0.0,102.06729543801121,101.43052599370392,100.0,0.0,False
371,4,retail,submission,buy,0.08301443728730686,8.39529907535325,101.33711391595804,0.01714441269971978,102.06729543801121,101.43052599370392,100.0,0.0,False
371,5,retail,normalizer,buy,0.08272249915077286,8.365775199172276,101.33711391595804,0.0,102.06729543801121,101.43052599370392,100.0,0.0,False
373,0,retail,submission,sell,0.23910942364290122,24.464350307343377,101.17067015679872,0.273489676585168,102.56221258092293,101.44301427167112,100.0,0.0,False
373,1,retail,normalizer,sell,0.43998117948011384,44.925563463272155,101.17067015679872,0.0,102.56221258092293,101.44301427167112,100.0,0.0,False
374,0,arb,submission,buy,0.1504246781449136,15.25060855179072,101.23101467328136,-0.022965751279345525,102.25355017503169,101.4754867650476,100.0,0.0,True
374,1,arb,normalizer,buy,0.3505254752936805,35.60944712335731,101.23101467328136,0.0,102.25355017503169,101.4754867650476,100.0,0.0,True
374,2,retail,normalizer,sell,0.11711979449303556,11.941707050583421,101.23101467328136,0.0,102.25355017503169,101.4754867650476,100.0,0.0,True
375,0,arb,submission,buy,0.021327117325056683,2.158504876879306,101.18780200659998,-0.00046075161994219016,102.20990101676766,101.43216974012144,100.0,0.0,True
375,1,arb,normalizer,buy,0.13872432705299548,14.05679595931906,101.18780200659998,0.0,102.20990101676766,101.43216974012144,100.0,0.0,True
377,0,retail,submission,buy,0.07494722940673423,7.578060869840556,101.302569064968,0.014286013363139283,102.05673170126678,101.29026405963953,100.0,0.0,True
377,1,retail,normalizer,buy,0.07468366134303986,7.551410987705822,101.302569064968,0.0,102.05673170126678,101.29026405963953,100.0,0.0,True
378,0,retail,submission,buy,0.08208124458054745,8.286371685857375,101.26381713946078,0.025488455926538478,101.88937732133579,101.14855690810761,100.0,0.0,True
378,1,retail,normalizer,buy,0.08179258821700237,8.257230876284666,101.26381713946078,0.0,101.88937732133579,101.14855690810761,100.0,0.0,True
382,0,arb,normalizer,sell,0.026340666108879418,2.6737181258835454,101.53223535739465,0.0,101.88937732133579,101.14855690810761,100.0,0.0,True
385,0,arb,normalizer,sell,0.011137794462570128,1.1309719049026037,101.55499448971001,0.0,101.88937732133579,101.14855690810761,100.0,0.0,True
385,1,retail,submission,buy,0.016891128204271282,1.7035287233502459,101.55499448971001,0.011849708359509492,101.85498929412215,101.07995859681716,100.0,0.0,True
385,2,retail,normalizer,buy,0.05442296119057882,5.49081385862155,101.55499448971001,0.0,101.85498929412215,101.07995859681716,100.0,0.0,True
385,3,retail,normalizer,sell,0.04823954501230787,4.895996873753192,101.55499448971001,0.0,101.85498929412215,101.07995859681716,100.0,0.0,True
385,4,retail,normalizer,buy,0.01054176438880759,1.0639136235167825,101.55499448971001,0.0,101.85498929412215,101.07995859681716,100.0,0.0,True
386,0,retail,submission,buy,0.08440157107665414,8.50358292197052,101.45687583820889,0.059536795303340995,101.62593851687541,100.9404249326987,100.0,0.0,False
386,1,retail,normalizer,buy,0.12194768950639603,12.29107350195045,101.45687583820889,0.0,101.62593851687541,100.9404249326987,100.0,0.0,False
386,2,retail,submission,buy,0.028325014630583192,2.8505764576038928,101.45687583820889,0.02319103488663643,101.62593851687541,100.9404249326987,100.0,0.0,False
386,3,retail,normalizer,buy,0.02822540362002217,2.8405517919381964,101.45687583820889,0.0,101.62593851687541,100.9404249326987,100.0,0.0,False
387,0,arb,normalizer,sell,0.17790292375927663,18.038871571595138,101.57880858955515,0.0,101.62593851687541,100.9404249326987,100.0,0.0,False
388,0,arb,submission,sell,0.054315569934914265,5.522894851581441,101.73732128421148,-0.0030257376219893217,101.73732128421148,100.94741610853033,100.0,0.0,False
388,1,arb,normalizer,sell,0.07744152222720402,7.872552902783971,101.73732128421148,0.0,101.73732128421148,100.94741610853033,100.0,0.0,False
388,2,retail,submission,sell,0.008024055195278379,0.8164119573535268,101.73732128421148,6.607594924412652e-05,101.7537914161269,100.94922457150106,100.0,0.0,False
388,3,retail,normalizer,sell,0.008036118427142469,0.8176393375878516,101.73732128421148,0.0,101.7537914161269,100.94922457150106,100.0,0.0,False
389,0,retail,submission,sell,0.03772033120711171,3.839647686744329,101.66487009418775,0.004815114663580644,101.83126957999933,100.95595233818919,100.0,0.0,False
389,1,retail,normalizer,sell,0.03777703932914278,3.8454201495664115,101.66487009418775,0.0,101.83126957999933,100.95595233818919,100.0,0.0,False
390,0,arb,submission,sell,0.02768316219624012,2.8197992771474674,101.8881875553925,-0.000787944829397258,101.88818755539253,100.96247870027379,100.0,0.0,False
390,1,arb,normalizer,sell,0.027724780604373223,2.8240385167367257,101.8881875553925,0.0,101.88818755539253,100.96247870027379,100.0,0.0,False
390,2,retail,normalizer,buy,0.12333965835953893,12.476103483315455,101.8881875553925,0.0,101.88818755539253,100.96247870027379,100.0,0.0,False
391,0,arb,submission,sell,0.04841966280730503,4.935804042534073,101.98785561248526,-0.0024135366625746,101.98785561248525,100.97240292546375,100.0,0.0,False
391,1,arb,normalizer,sell,0.1714620955119841,17.456868865259587,101.98785561248526,0.0,101.98785561248525,100.97240292546375,100.0,0.0,False
392,0,arb,submission,sell,0.041789736061659255,4.263845040277374,102.07399411362766,-0.001800232490486664,102.07399411362766,100.9845879779919,100.0,0.0,False
392,1,arb,normalizer,sell,0.04185256205963128,4.270255234384724,102.07399411362766,0.0,102.07399411362766,100.9845879779919,100.0,0.0,False
393,0,arb,submission,sell,0.08580299266975544,8.765853129078096,102.25119671919943,-0.007605553493094774,102.25119671919943,101.00166441705196,100.0,0.0,False
393,1,arb,normalizer,sell,0.08593198746973485,8.779031567684656,102.25119671919943,0.0,102.25119671919943,101.00166441705196,100.0,0.0,False
393,2,retail,submission,sell,0.12355065386543629,12.649005070341238,102.25119671919943,0.01580285716079466,102.50716850976492,101.00709215312546,100.0,0.0,False
393,3,retail,normalizer,sell,0.1237363978748931,12.6680213753452,102.25119671919943,0.0,102.50716850976492,101.00709215312546,100.0,0.0,False
395,0,retail,normalizer,buy,0.142298853863886,14.478498341994054,102.19704143978713,0.0,102.50716850976492,101.00709215312546,100.0,0.0,False
396,0,retail,normalizer,buy,0.03281791206279263,3.3332447705761297,102.20958354530747,0.0,102.50716850976492,101.00709215312546,100.0,0.0,False
397,0,arb,normalizer,sell,0.11214035233037123,11.467696559893948,102.37785686457752,0.0,102.50716850976492,101.00709215312546,100.0,0.0,False
398,0,retail,normalizer,buy,0.018745558721625602,1.907272491054755,102.20370004739607,0.0,102.50716850976492,101.00709215312546,100.0,0.0,False
400,0,retail,submission,sell,0.07175297428089777,7.360541430121124,102.19885143175809,0.027469871800893664,102.65626750357845,101.03548029365125,100.0,0.0,False
400,1,retail,normalizer,sell,0.1530012318595766,15.682261242056772,102.19885143175809,0.0,102.65626750357845,101.03548029365125,100.0,0.0,False
402,0,retail,submission,sell,0.14403601254763032,14.807809427991227,102.06488405347912,0.10679050779187449,102.95655053483543,101.0718805328301,100.0,0.0,False
402,1,retail,normalizer,sell,0.1442525539065116,14.830071243760688,102.06488405347912,0.0,102.95655053483543,101.0718805328301,100.0,0.0,False
403,0,arb,normalizer,buy,0.1642048405338953,16.77685334490525,102.00108828620067,0.0,102.95655053483543,101.0718805328301,100.0,0.0,False
404,0,retail,submission,buy,0.09650698660824394,9.827139357141277,102.06811780730358,0.02314712121683371,101.7657167085098,101.10501925414448,100.0,0.0,False
404,1,retail,normalizer,buy,0.132207967720385,13.467401339343269,102.06811780730358,0.0,101.7657167085098,101.10501925414448,100.0,0.0,False
404,2,retail,submission,buy,0.4842474364793308,49.02407928040884,102.06811780730358,0.4021451140482455,101.7657167085098,101.10501925414448,100.0,0.0,False
404,3,retail,normalizer,buy,0.4825444761405957,48.851675553783934,102.06811780730358,0.0,101.7657167085098,101.10501925414448,100.0,0.0,False
405,0,arb,submission,sell,0.17989506156798996,18.340433418356042,102.13608597893192,-0.03334405713743038,102.13608597893192,101.115083485897,100.0,0.0,False
405,1,arb,normalizer,sell,0.38097468088515996,38.76224357050283,102.13608597893192,0.0,102.13608597893192,101.115083485897,100.0,0.0,False
406,0,arb,submission,sell,0.0264547164715907,2.7027037847929023,102.19072162947931,-0.0007227819422239712,102.19072162947933,101.1264691682508,100.0,0.0,False
406,1,arb,normalizer,sell,0.02649448805475174,2.7067669849574694,102.19072162947931,0.0,102.19072162947933,101.1264691682508,100.0,0.0,False
407,0,arb,submission,sell,0.016644359596710956,1.7011853543826874,102.22511889390151,-0.00028628430394062043,102.22511889390151,101.13853562105955,100.0,0.0,False
407,1,arb,normalizer,sell,0.016669382451638626,1.7037428883079937,102.22511889390151,0.0,102.22511889390151,101.13853562105955,100.0,0.0,False
407,2,retail,submission,buy,0.05273426184098408,5.334042973676333,102.22511889390151,0.05672321280039849,102.11728612842951,101.14123006073689,100.0,0.0,False
407,3,retail,normalizer,buy,0.2535091307280584,25.69418259509075,102.22511889390151,0.0,102.11728612842951,101.14123006073689,100.0,0.0,False
408,0,arb,normalizer,sell,0.14210409307943905,14.473468857720903,101.99712842576369,0.0,102.11728612842951,101.14123006073689,100.0,0.0,False
408,1,retail,normalizer,buy,0.051797003403244966,5.248760914661034,101.99712842576369,0.0,102.11728612842951,101.14123006073689,100.0,0.0,False
411,0,arb,normalizer,sell,0.009377136095224614,0.9555358805849947,101.91024090474355,0.0,102.11728612842951,101.14123006073689,100.0,0.0,False
412,0,retail,submission,sell,0.029154442440813,2.9780499178458135,101.84968419466502,0.008679162377470906,102.17748323124269,101.15144096414507,100.0,0.0,False
412,1,retail,normalizer,sell,0.1298218530601929,13.247511909615723,101.84968419466502,0.0,102.17748323124269,101.15144096414507,100.0,0.0,False
414,0,retail,submission,buy,0.7039138551869394,70.70683089174418,101.59269322958076,0.8056734583140894,100.75303268813776,101.11874927687336,0.0,71.16704037094354,False
414,1,retail,normalizer,buy,0.9024455497790397,90.83232432112709,101.59269322958076,0.0,100.75303268813776,101.11874927687336,0.0,71.16704037094354,False
414,2,retail,normalizer,sell,0.33180050594413046,33.4059453535596,101.59269322958076,0.0,100.75303268813776,101.11874927687336,0.0,71.16704037094354,False
415,0,arb,submission,sell,0.0477139014092387,4.844097761911252,101.5724710112695,-0.0023211058132170947,100.84960979676595,101.26041466849644,0.0,71.16704037094354,True
415,1,arb,normalizer,sell,0.27330043929472936,27.683663296188374,101.5724710112695,0.0,100.84960979676595,101.26041466849644,0.0,71.16704037094354,True
415,2,retail,submission,sell,0.010806638435170157,1.097776104772421,101.5724710112695,0.00011913558682952186,100.87150266443804,101.2600144135296,0.0,74.16704037094354,False
415,3,retail,normalizer,sell,0.010784304558256963,1.095507351489756,101.5724710112695,0.0,100.87150266443804,101.2600144135296,0.0,74.16704037094354,False
418,0,retail,normalizer,buy,0.015185021910890016,1.5332390023650078,101.19176089001964,0.0,100.87150266443804,101.2600144135296,0.0,74.16704037094354,False
418,1,retail,normalizer,sell,0.02760440554449417,2.8043809208023482,101.19176089001964,0.0,100.87150266443804,101.2600144135296,0.0,74.16704037094354,False
419,0,retail,submission,sell,0.0644288531778443,6.551836450223304,101.05624010043184,0.040898794087599555,101.00217535489794,101.40187771484847,0.0,74.16704037094354,True
419,1,retail,normalizer,sell,0.06683320488349409,6.796163199663164,101.05624010043184,0.0,101.00217535489794,101.40187771484847,0.0,74.16704037094354,True
420,0,arb,normalizer,buy,0.04650420657373954,4.701576997304073,101.05284515254482,0.0,101.00217535489794,101.40187771484847,0.0,74.16704037094354,True
420,1,retail,submission,sell,0.09462306915744989,9.637712996447815,101.05284515254482,0.07578264102149213,101.19454784061654,101.54393976388012,0.0,74.16704037094354,True
420,2,retail,normalizer,sell,0.14077794066025717,14.33206596595017,101.05284515254482,0.0,101.19454784061654,101.54393976388012,0.0,74.16704037094354,True
421,0,arb,submission,buy,0.050088522169559724,5.066132690821178,101.09264747527212,-0.002551376576524156,101.09264747527212,101.40187771484847,0.0,74.16704037094354,True
421,1,arb,normalizer,buy,0.12158693188626664,12.306566961260614,101.09264747527212,0.0,101.09264747527212,101.40187771484847,0.0,74.16704037094354,True
424,0,retail,submission,buy,0.03558686418513437,3.5962835383998026,101.2861339695189,0.008172355010791055,101.02034285830356,101.2600144135296,0.0,74.16704037094354,True
424,1,retail,normalizer,buy,0.03564036488813315,3.60169013158702,101.2861339695189,0.0,101.02034285830356,101.2600144135296,0.0,74.16704037094354,True
429,0,retail,submission,buy,0.034771676435365384,3.511419482560086,101.03745419257183,0.0018221824770732198,100.9497694228412,101.13029180684914,0.0,74.16704037094354,True
429,1,retail,normalizer,buy,0.03482395159857113,3.516698492527212,101.03745419257183,0.0,100.9497694228412,101.13029180684914,0.0,74.16704037094354,True
432,0,retail,submission,buy,0.08951470138630922,9.02836845969432,101.49854712052426,0.05724367694364574,100.87489064484866,100.99005068002789,0.0,74.16704037094354,False
432,1,retail,normalizer,buy,0.08964927630781873,9.041941559507904,101.49854712052426,0.0,100.87489064484866,100.99005068002789,0.0,74.16704037094354,False
432,2,retail,submission,sell,0.0525818839837342,5.341004708575443,101.49854712052426,0.004019879366456536,100.87489064484866,100.99005068002789,0.0,74.16704037094354,False
432,3,retail,normalizer,sell,0.12382452580510517,12.568452684769543,101.49854712052426,0.0,100.87489064484866,100.99005068002789,0.0,74.16704037094354,False
435,0,retail,normalizer,buy,0.044200972462076424,4.463192815161165,101.51813143975555,0.0,100.87489064484866,100.99005068002789,0.0,74.16704037094354,False
436,0,retail,submission,buy,0.11444961287940465,11.531836432473938,101.46595694709781,0.08090306055974494,100.6433801869826,100.84876353315556,0.0,74.16704037094354,True
436,1,retail,normalizer,buy,0.14195688451047106,14.307365633654626,101.46595694709781,0.0,100.6433801869826,100.84876353315556,0.0,74.16704037094354,True
437,0,arb,submission,sell,0.04094612610100512,4.153454969720672,101.47875287771359,-0.0017068421829247171,100.72611500156617,100.85385717290399,0.0,74.16704037094354,False
437,1,arb,normalizer,sell,0.11225888733895317,11.379043114790903,101.47875287771359,0.0,100.72611500156617,100.85385717290399,0.0,74.16704037094354,False
438,0,arb,submission,sell,0.035312115913612274,3.5846999051616883,101.55071945022854,-0.0012708711755022861,100.79754781931219,100.85879824926663,0.0,74.16704037094354,False
438,1,arb,normalizer,sell,0.035233812865712366,3.57675099241301,101.55071945022854,0.0,100.79754781931219,100.85879824926663,0.0,74.16704037094354,False
438,2,retail,submission,buy,0.031195431130560315,3.1434384493022662,101.55071945022854,0.02448002556619011,100.73443872517147,100.86007638042543,0.0,74.16704037094354,False
438,3,retail,normalizer,buy,0.1028059521652939,10.366780564716464,101.55071945022854,0.0,100.73443872517147,100.86007638042543,0.0,74.16704037094354,False
439,0,arb,submission,sell,0.06572591250848347,6.674737918286761,101.62116709906604,-0.004406019476433265,100.86747297878817,100.86483117053551,0.0,74.16704037094354,False
439,1,arb,normalizer,sell,0.13695144587865116,13.898007384104146,101.62116709906604,0.0,100.86747297878817,100.86483117053551,0.0,74.16704037094354,False
440,0,arb,submission,sell,0.031459689945393166,3.19798083797208,101.68541368421985,-0.0010107485025159235,100.9312430660345,100.86944353110854,0.0,74.16704037094354,False
440,1,arb,normalizer,sell,0.031389929480880596,3.19088945757052,101.68541368421985,0.0,100.9312430660345,100.86944353110854,0.0,74.16704037094354,False
440,2,retail,normalizer,buy,0.03162841194425961,3.195865508470888,101.68541368421985,0.0,101.0688843997876,100.87063662937736,0.0,74.16704037094354,False
440,3,retail,submission,sell,0.06780106737764413,6.899078963374384,101.68541368421985,0.004699378846977353,101.0688843997876,100.87063662937736,0.0,74.16704037094354,False
440,4,retail,normalizer,sell,0.09918424823197824,10.089262516673811,101.68541368421985,0.0,101.0688843997876,100.87063662937736,0.0,74.16704037094354,False
441,0,retail,submission,buy,0.0030601228621908298,0.3092736892067478,101.59438698305662,0.0016176170703662285,101.06266605173991,100.8750750788319,0.0,74.16704037094354,False
441,1,retail,normalizer,buy,0.07453221883180747,7.538064322961873,101.59438698305662,0.0,101.06266605173991,100.8750750788319,0.0,74.16704037094354,False
442,0,retail,submission,sell,0.17794881320467937,18.150830346860282,101.55907244422005,0.07851393524326866,101.42522431798821,100.8864580990628,88.11954916030203,0.0,False
442,1,retail,normalizer,sell,0.2488095046182508,25.360434554692965,101.55907244422005,0.0,101.42522431798821,100.8864580990628,88.11954916030203,0.0,False
443,0,arb,submission,sell,0.013325400792155051,1.3517131646931375,101.45245237628455,-0.00018142456787728634,101.45245237628455,101.02779805528533,88.11954916030203,0.0,True
443,1,arb,normalizer,buy,0.05799640666930954,5.887311659334955,101.45245237628455,0.0,101.45245237628455,101.02779805528533,88.11954916030203,0.0,True
443,2,retail,submission,sell,0.20061786777586121,20.394385520430493,101.45245237628455,0.041210844068181984,101.97410382231527,101.0274261944386,100.0,0.0,False
443,3,retail,submission,sell,0.053646631580491544,5.467605181922837,101.45245237628455,0.025022846354935346,101.97410382231527,101.0274261944386,100.0,0.0,False
445,0,arb,normalizer,buy,0.052625188377429286,5.336130194984435,101.34514727119318,0.0,101.97410382231527,101.0274261944386,100.0,0.0,False
445,1,retail,submission,sell,0.05136860662950937,5.240986291031542,101.34514727119318,0.03502728704792446,102.07998058482367,101.02673731463567,100.0,0.0,False
445,2,retail,normalizer,sell,0.06026735667269634,6.148352431471607,101.34514727119318,0.0,102.07998058482367,101.02673731463567,100.0,0.0,False
446,0,arb,normalizer,buy,0.12804589836374977,12.975903386915888,101.2075631787765,0.0,102.07998058482367,101.02673731463567,100.0,0.0,False
446,1,retail,normalizer,sell,0.019835922813626894,2.0200488186095718,101.2075631787765,0.0,102.07998058482367,101.02673731463567,100.0,0.0,False
447,0,retail,normalizer,buy,0.07885375190045765,7.97746676839779,101.29544792035617,0.0,102.07998058482367,101.02673731463567,100.0,0.0,False
448,0,retail,submission,buy,0.09897382649944196,9.99232163913075,101.21111757140332,0.024929951195943545,101.87816631156875,101.10295925667806,100.0,0.0,True
448,1,retail,normalizer,buy,0.11272485630689495,11.382225910716443,101.21111757140332,0.0,101.87816631156875,101.10295925667806,100.0,0.0,True
450,0,retail,normalizer,sell,0.005279406278219767,0.5357154157254893,100.91513838804468,0.0,101.87816631156875,101.10295925667806,100.0,0.0,True
451,0,retail,normalizer,sell,0.031581585179992544,3.2058561210314975,100.9599670881122,0.0,102.11699962128004,101.11088529317658,100.0,0.0,False
451,1,retail,submission,sell,0.11592589374440365,11.824152861317208,100.9599670881122,0.12027844422222422,102.11699962128004,101.11088529317658,100.0,0.0,False
451,2,retail,normalizer,sell,0.2799374977031448,28.505859561862763,100.9599670881122,0.0,102.11699962128004,101.11088529317658,100.0,0.0,False
452,0,arb,submission,buy,0.030284112909667427,3.060670228982417,101.03459952370717,-0.0009270092234383576,102.05515103404764,101.25253966751218,100.0,0.0,True
452,1,arb,normalizer,buy,0.23124429065496963,23.41802484589789,101.03459952370717,0.0,102.05515103404764,101.25253966751218,100.0,0.0,True
452,2,retail,submission,sell,0.040130408071092916,4.097175879760307,101.03459952370717,0.042616171574488604,102.13794908765534,101.2548647820661,100.0,0.0,False
452,3,retail,normalizer,sell,0.2407149521171874,24.52655423307915,101.03459952370717,0.0,102.13794908765534,101.2548647820661,100.0,0.0,False
453,0,arb,submission,buy,0.1321320851920462,13.343103378385422,100.84974318276117,-0.017616520564843086,101.86842745733452,101.11320715484766,100.0,0.0,True
453,1,arb,normalizer,buy,0.3327134712182393,33.666386774881175,100.84974318276117,0.0,101.86842745733452,101.11320715484766,100.0,0.0,True
458,0,retail,normalizer,sell,0.011144239116447352,1.130794224696051,101.32913915460477,0.0,101.86842745733452,101.11320715484766,100.0,0.0,True
459,0,arb,normalizer,sell,0.03271380083293707,3.3208998267241325,101.54714105586575,0.0,101.86842745733452,101.11320715484766,100.0,0.0,True
459,1,retail,normalizer,sell,0.03636332324366265,3.6939430742610897,101.54714105586575,0.0,101.58027033630547,100.97174770954761,100.0,0.0,True
459,2,retail,submission,buy,0.14184934429362656,14.285222539121605,101.54714105586575,0.11917283454535621,101.58027033630547,100.97174770954761,100.0,0.0,True
459,3,retail,normalizer,buy,0.22181325199046753,22.356185693648513,101.54714105586575,0.0,101.58027033630547,100.97174770954761,100.0,0.0,True
459,4,retail,normalizer,sell,0.19115008975653325,19.375962951714115,101.54714105586575,0.0,101.58027033630547,100.97174770954761,100.0,0.0,True
461,0,retail,normalizer,buy,0.1479213183376954,14.91078143274899,101.49299163425125,0.0,101.35180377803528,100.97472664226915,100.0,0.0,False
461,1,retail,submission,buy,0.11289552962121718,11.340504185229292,101.49299163425125,0.11760085816126775,101.35180377803528,100.97472664226915,100.0,0.0,False
461,2,retail,normalizer,buy,0.1563024554074277,15.707676491469101,101.49299163425125,0.0,101.35180377803528,100.97472664226915,100.0,0.0,False
462,0,arb,submission,sell,0.08965245994977522,9.094647029001862,101.53500472205964,-0.008215915342827174,101.53500472205965,101.11619026099571,100.0,0.0,True
462,1,arb,normalizer,sell,0.2910060367956788,29.46104009570701,101.53500472205964,0.0,101.53500472205965,101.11619026099571,100.0,0.0,True
463,0,arb,submission,sell,0.02371773542611777,2.4087560489351745,101.58355398222017,-0.0005758080598754489,101.5835539822202,101.25785206748756,100.0,0.0,True
463,1,arb,normalizer,sell,0.023753392277257035,2.412377332936048,101.58355398222017,0.0,101.5835539822202,101.25785206748756,100.0,0.0,True
463,2,retail,submission,sell,0.579434547239714,59.206790846501995,101.58355398222017,0.3457702378132055,103.4565952927097,101.25492532800821,100.0,0.0,False
463,3,retail,normalizer,sell,0.5803056595540141,59.29580135656348,101.58355398222017,0.0,103.4565952927097,101.25492532800821,100.0,0.0,False
463,4,retail,submission,sell,0.32281493467432654,33.28803387678017,101.58355398222017,0.49534553402384063,103.4565952927097,101.25492532800821,100.0,0.0,False
463,5,retail,normalizer,sell,0.3233002493076782,33.33807855631911,101.58355398222017,0.0,103.4565952927097,101.25492532800821,100.0,0.0,False
464,0,arb,submission,buy,0.39503076028455153,40.299547745966265,101.6120326392673,-0.1596692384178411,102.63841680734072,101.39678149961772,100.0,0.0,True
464,1,arb,normalizer,buy,0.593402242331881,60.65910551302659,101.6120326392673,0.0,102.63841680734072,101.39678149961772,100.0,0.0,True
467,0,arb,submission,buy,0.013202009066063313,1.3413053700332966,101.58512850166196,-0.00017758257714883818,102.61124091076965,101.53883640895141,100.0,0.0,True
467,1,arb,normalizer,buy,0.01315558135959243,1.3365883809983643,101.58512850166196,0.0,102.61124091076965,101.53883640895141,100.0,0.0,True
467,2,retail,submission,buy,0.5722791499436449,57.80331443158684,101.58512850166196,0.3317365542601962,101.44351927561053,101.54328875654386,100.0,0.0,False
467,3,retail,normalizer,buy,0.5702666071367496,57.60003663492898,101.58512850166196,0.0,101.44351927561053,101.54328875654386,100.0,0.0,False
468,0,arb,submission,sell,0.139504368407259,14.171726444916203,101.7291930286007,-0.019940377118873087,101.72919302860072,101.484109714332,100.0,0.0,True
468,1,arb,normalizer,sell,0.3408419098542197,34.55495904072431,101.7291930286007,0.0,101.72919302860072,101.484109714332,100.0,0.0,True
469,0,arb,submission,sell,0.017786357148892762,1.809716413357819,101.7657022256013,-0.0003247119345968219,101.76570222560129,101.520530954329,100.0,0.0,True
469,1,arb,normalizer,sell,0.017813096864031763,1.8124371110795747,101.7657022256013,0.0,101.76570222560129,101.520530954329,100.0,0.0,True
470,0,retail,submission,sell,0.16030955923964996,16.34044041094009,101.68264535605854,0.039740351588704925,102.24170199895836,101.66212803571544,100.0,0.0,False
470,1,retail,normalizer,sell,0.16055056597943462,16.365006358779425,101.68264535605854,0.0,102.24170199895836,101.66212803571544,100.0,0.0,False
470,2,retail,submission,sell,0.07071296592039289,7.22464828175792,101.68264535605854,0.034366845999556084,102.24170199895836,101.66212803571544,100.0,0.0,False
470,3,retail,normalizer,sell,0.07081927462375859,7.23550969848807,101.68264535605854,0.0,102.24170199895836,101.66212803571544,100.0,0.0,False
472,0,arb,normalizer,buy,0.013681682733755947,1.3902666200847307,101.60118505161252,0.0,102.24170199895836,101.66212803571544,100.0,0.0,False
472,1,retail,submission,sell,0.047365967353968585,4.8450976266095465,101.60118505161252,0.032659212330346854,102.33970753331944,101.65978001164488,100.0,0.0,False
472,2,retail,normalizer,sell,0.061077814251376594,6.246831636234938,101.60118505161252,0.0,102.33970753331944,101.65978001164488,100.0,0.0,False
472,3,retail,normalizer,buy,0.021623532058660945,2.199209273019733,101.60118505161252,0.0,102.33970753331944,101.65978001164488,100.0,0.0,False
473,0,arb,normalizer,buy,0.06130244600594455,6.2295286129538,101.55689257592448,0.0,102.33970753331944,101.65978001164488,100.0,0.0,False
473,1,retail,normalizer,sell,0.04475780496645143,4.574926209724115,101.55689257592448,0.0,102.39742835050279,101.80220337675428,100.0,0.0,True
473,2,retail,submission,sell,0.02786458344667153,2.8524573903750827,101.55689257592448,0.022616882608578415,102.39742835050279,101.80220337675428,100.0,0.0,True
473,3,retail,normalizer,sell,0.06582586976449534,6.735919704442447,101.55689257592448,0.0,102.39742835050279,101.80220337675428,100.0,0.0,True
474,0,arb,normalizer,buy,0.17283770257994477,17.56153020853708,101.4304550920778,0.0,102.39742835050279,101.80220337675428,100.0,0.0,True
475,0,arb,normalizer,buy,0.02107277449268235,2.136968259779678,101.38748029596287,0.0,102.39742835050279,101.80220337675428,100.0,0.0,True
475,1,retail,normalizer,sell,0.10515163940104344,10.736700089415558,101.38748029596287,0.0,102.39742835050279,101.80220337675428,100.0,0.0,True
476,0,arb,normalizer,buy,0.07416953758495415,7.530214466483812,101.45131880084425,0.0,102.39742835050279,101.80220337675428,100.0,0.0,True
476,1,retail,submission,buy,0.03548123020001984,3.5955768125259056,101.45131880084425,0.004040783942450332,102.32467283416752,101.65978001164488,100.0,0.0,True
476,2,retail,normalizer,buy,0.07353564759920167,7.454775162421356,101.45131880084425,0.0,102.32467283416752,101.65978001164488,100.0,0.0,True
481,0,retail,normalizer,sell,0.15511570757492166,15.83290478743735,101.60463814687535,0.0,102.00774702680712,101.66433622776925,100.0,0.0,False
481,1,retail,submission,buy,0.15500015917337923,15.677402155790332,101.60463814687535,0.07133292972894445,102.00774702680712,101.66433622776925,100.0,0.0,False
481,2,retail,normalizer,buy,0.31003752269148377,31.4076752698129,101.60463814687535,0.0,102.00774702680712,101.66433622776925,100.0,0.0,False
482,0,retail,submission,sell,0.02284353454813015,2.3307552385927996,101.51047905418099,0.011897103321373947,102.05483319513003,101.80676597604841,100.0,0.0,True
482,1,retail,normalizer,sell,0.22344867717347938,22.752734201934548,101.51047905418099,0.0,102.05483319513003,101.80676597604841,100.0,0.0,True
483,0,arb,normalizer,buy,0.016750614506535828,1.6989534662952792,101.40925351940864,0.0,102.05483319513003,101.80676597604841,100.0,0.0,True
483,1,retail,submission,buy,0.0032032485239547677,0.3236275560211652,101.40925351940864,0.0012114856302353205,102.04829458683088,101.79885136534575,100.0,0.0,False
483,2,retail,normalizer,buy,0.1875692777401799,18.985453346966096,101.40925351940864,0.0,102.04829458683088,101.79885136534575,100.0,0.0,False
484,0,retail,normalizer,sell,0.022166873297791767,2.2534710723050133,101.39692105641969,0.0,101.95774686168785,101.791174780847,100.0,0.0,False
484,1,retail,submission,buy,0.04439078829455313,4.482714111842142,101.39692105641969,0.018375144492901008,101.95774686168785,101.791174780847,100.0,0.0,False
484,2,retail,normalizer,buy,0.06646825255279758,6.713660341907598,101.39692105641969,0.0,101.95774686168785,101.791174780847,100.0,0.0,False
486,0,retail,normalizer,sell,0.1939082245043977,19.72920160945445,101.22123140149472,0.0,101.95774686168785,101.791174780847,100.0,0.0,False
487,0,arb,normalizer,buy,0.1257290711772484,12.724449067542082,101.07756937910219,0.0,101.95774686168785,101.791174780847,100.0,0.0,False
487,1,retail,submission,buy,0.04185330432631536,4.222829157622982,101.07756937910219,0.007601114164835998,101.87248539492464,101.78372904698044,100.0,0.0,False
487,2,retail,normalizer,buy,0.11046874659919727,11.153543607062602,101.07756937910219,0.0,101.87248539492464,101.78372904698044,100.0,0.0,False
489,0,retail,submission,buy,0.27494258666516236,27.65302272331428,101.1527202204988,0.15816782232712967,101.31503565695758,101.77650720550102,0.0,80.34165704976334,False
489,1,retail,normalizer,buy,0.27397569188110904,27.555774916931114,101.1527202204988,0.0,101.31503565695758,101.77650720550102,0.0,80.34165704976334,False
489,2,retail,normalizer,sell,0.1938054229579791,19.594299831079525,101.1527202204988,0.0,101.31503565695758,101.77650720550102,0.0,80.34165704976334,False
490,0,arb,submission,buy,0.08772699372829607,8.88022209013252,101.13634610677623,-0.0078344895205813,101.13634610677623,101.76741801584802,0.0,97.01119389444675,False
490,1,retail,submission,buy,0.11237004960276357,11.351867857132675,101.13634610677623,0.012828371528035731,100.90815129339535,101.76483220829712,0.0,100.0,False
491,0,retail,submission,buy,0.09081963378621036,9.156088147346964,101.0712694011319,0.023167525971244274,100.72428373239055,101.74329368758558,0.0,100.0,False
497,0,retail,submission,buy,0.13048187631104405,13.125505216021338,100.86756673364758,0.03588415031444647,100.46099696312795,101.71441867403539,0.0,100.0,False
497,1,retail,normalizer,buy,0.11516683167639563,11.583125287639632,100.86756673364758,0.0,100.46099696312795,101.71441867403539,0.0,100.0,False
498,0,retail,submission,buy,0.03592082626642799,3.607343247627796,100.81326110914799,0.01395239002595039,98.85645623276929,101.6701567298875,0.0,100.0,False
498,1,retail,normalizer,buy,0.035974829042475,3.6127664677969733,100.81326110914799,0.0,98.85645623276929,101.6701567298875,0.0,100.0,False
498,2,retail,submission,buy,0.7705066950529416,76.75759245529844,100.81326110914799,0.9197001794204311,98.85645623276929,101.6701567298875,0.0,100.0,False
498,3,retail,normalizer,buy,0.7716650620738981,76.87298855020526,100.81326110914799,0.0,98.85645623276929,101.6701567298875,0.0,100.0,False
499,0,arb,submission,sell,0.46153079847988465,46.29861787989376,100.77779110687653,-0.21343651870198244,99.77001319580776,101.62245139658218,0.0,100.0,False
499,1,arb,normalizer,sell,0.6626290169428302,66.33767223349875,100.77779110687653,0.0,99.77001319580776,101.62245139658218,0.0,100.0,False
500,0,arb,submission,sell,0.07624295536496106,7.689452549454996,100.93146174520913,-0.005860383305258843,99.92214712775704,101.58084181992255,0.0,100.0,False
500,1,arb,normalizer,sell,0.07597483060203558,7.662410934504676,100.93146174520913,0.0,99.92214712775704,101.58084181992255,0.0,100.0,False
500,2,retail,normalizer,buy,0.046529900462616396,4.666023774034329,100.93146174520913,0.0,99.92214712775704,101.58084181992255,0.0,100.0,False
504,0,arb,normalizer,sell,0.03258956571428939,3.28732740642318,100.9035215282927,0.0,99.92214712775704,101.58084181992255,0.0,100.0,False
507,0,retail,submission,sell,0.04214934283668015,4.255987956633463,100.78591296549851,0.00792795794285972,100.19727085882234,101.43126610342969,0.0,100.0,False
507,1,retail,normalizer,sell,0.05580186064737802,5.633757418444876,100.78591296549851,0.0,100.19727085882234,101.43126610342969,0.0,100.0,False
507,2,retail,submission,sell,0.09528957173579045,9.635006791106058,100.78591296549851,0.031160307623055772,100.19727085882234,101.43126610342969,0.0,100.0,False
507,3,retail,normalizer,sell,0.09495446544687525,9.60112321590729,100.78591296549851,0.0,100.19727085882234,101.43126610342969,0.0,100.0,False
511,0,arb,normalizer,buy,0.016647578095109698,1.6745174326351844,100.56948124782268,0.0,100.19727085882234,101.43126610342969,0.0,100.0,False
512,0,arb,normalizer,buy,0.009450063242287539,0.9502980341167131,100.55045075811246,0.0,100.19727085882234,101.43126610342969,0.0,100.0,False
513,0,arb,normalizer,buy,0.021519413496713623,2.163320614474287,100.50713522188728,0.0,100.19727085882234,101.43126610342969,0.0,100.0,False
514,0,retail,normalizer,buy,0.07175122511994614,7.2063341393968585,100.59537507488446,0.0,100.19727085882234,101.43126610342969,0.0,100.0,False
515,0,retail,submission,sell,1.367554582019821,140.33031580802148,100.63238550511343,2.710035910918606,102.99785110149277,101.42219471668722,100.0,0.0,False
515,1,retail,normalizer,sell,1.481755457096881,151.86737595443313,100.63238550511343,0.0,102.99785110149277,101.42219471668722,100.0,0.0,False
516,0,arb,submission,buy,0.6724572858248931,68.10886953259069,100.60384482506947,-0.4570810979757596,101.62004527784796,101.41339624669362,100.0,0.0,False
516,1,arb,normalizer,buy,1.3664361009981403,139.376084524436,100.60384482506947,0.0,101.62004527784796,101.41339624669362,100.0,0.0,False
517,0,arb,submission,buy,0.02954592096579281,2.9715570415173715,100.54454206063,-0.0008759482521667472,101.56014349558585,101.27151683071307,100.0,0.0,True
517,1,arb,normalizer,buy,0.029442016375315454,2.961106921589817,100.54454206063,0.0,101.56014349558585,101.27151683071307,100.0,0.0,True
518,0,retail,submission,buy,0.0867299969148037,8.712688742267346,100.55970955882434,0.008854557523044093,101.38461158803491,101.26489634020609,100.0,0.0,False
518,1,retail,normalizer,buy,0.08642499221305892,8.682048697004575,100.55970955882434,0.0,101.38461158803491,101.26489634020609,100.0,0.0,False
521,0,retail,normalizer,sell,0.07699669164277623,7.780806763053331,100.40138222630539,0.0,101.38461158803491,101.26489634020609,100.0,0.0,False
522,0,arb,normalizer,buy,0.07456307777601066,7.489939109384068,100.37611791125106,0.0,101.38461158803491,101.26489634020609,100.0,0.0,False
522,1,retail,submission,buy,0.03827609433789233,3.8403356167837046,100.37611791125106,0.0016701416587445728,101.8598091726065,101.25516628857012,100.0,0.0,False
522,2,retail,normalizer,buy,0.04080678721079133,4.094355483384788,100.37611791125106,0.0,101.8598091726065,101.25516628857012,100.0,0.0,False
522,3,retail,submission,sell,0.31731269566625997,32.24908634098571,100.37611791125106,0.3984697860522779,101.8598091726065,101.25516628857012,100.0,0.0,False
522,4,retail,normalizer,sell,0.5190527357019903,52.64581942525783,100.37611791125106,0.0,101.8598091726065,101.25516628857012,100.0,0.0,False
522,5,retail,submission,buy,0.04796590836257308,4.839259543330627,100.37611791125106,-0.024627869808728775,101.8598091726065,101.25516628857012,100.0,0.0,False
522,6,retail,normalizer,buy,0.24902110104460662,25.17444772489216,100.37611791125106,0.0,101.8598091726065,101.25516628857012,100.0,0.0,False
523,0,arb,submission,buy,0.21873188734308874,22.009087791442653,100.40187702916349,-0.04799573606501539,101.41603740319542,101.24834094153199,100.0,0.0,False
523,1,arb,normalizer,buy,0.21796266958185498,21.931688097032747,100.40187702916349,0.0,101.41603740319542,101.24834094153199,100.0,0.0,False
523,2,retail,submission,buy,0.057539596178678216,5.773771272459271,100.40187702916349,0.0033121873801045254,101.29978060059675,101.24611101126027,100.0,0.0,False
523,3,retail,normalizer,buy,0.05733724580401842,5.75346656304464,100.40187702916349,0.0,101.29978060059675,101.24611101126027,100.0,0.0,False
524,0,retail,submission,buy,0.4138433905737221,41.33258359589672,100.30784037459061,0.1791531658515524,99.5262246729024,101.19777418238235,0.0,100.0,False
524,1,retail,normalizer,buy,0.41238802121603546,41.18722866934877,100.30784037459061,0.0,99.5262246729024,101.19777418238235,0.0,100.0,False
524,2,retail,submission,buy,0.4716505698179993,47.1635200145538,100.30784037459061,0.14673005533477834,99.5262246729024,101.19777418238235,0.0,100.0,False
525,0,arb,normalizer,sell,0.15343994458082477,15.377423697319795,100.37169379124987,0.0,99.5262246729024,101.19777418238235,0.0,100.0,False
525,1,retail,submission,sell,0.012667069441590684,1.2736009444800598,100.37169379124987,0.0021857292562212915,99.55138375379127,101.05619642608079,0.0,100.0,True
525,2,retail,normalizer,sell,0.09212666210201803,9.255438853888421,100.37169379124987,0.0,99.55138375379127,101.05619642608079,0.0,100.0,True
525,3,retail,normalizer,buy,0.03268693955689422,3.2661414852391317,100.37169379124987,0.0,99.55138375379127,101.05619642608079,0.0,100.0,True
526,0,retail,submission,sell,0.06550439923287854,6.591230664286476,100.33893025549713,0.01858931823043619,99.6908230339135,100.90894763179298,0.0,100.0,False
526,1,retail,normalizer,sell,0.09786291765216504,9.84402057639297,100.33893025549713,0.0,99.6908230339135,100.90894763179298,0.0,100.0,False
526,2,retail,submission,sell,0.004613395361857897,0.4645373704975836,100.33893025549713,0.0016342150430900815,99.6908230339135,100.90894763179298,0.0,100.0,False
526,3,retail,normalizer,sell,0.004597171364096653,0.46290372484937037,100.33893025549713,0.0,99.6908230339135,100.90894763179298,0.0,100.0,False
527,0,retail,submission,sell,0.00837608270855128,0.8435236550491948,100.3898015177715,0.002650374441293901,99.70749966065826,100.76777394974427,0.0,100.0,True
527,1,retail,normalizer,sell,0.008346626410855151,0.8405572225567736,100.3898015177715,0.0,99.70749966065826,100.76777394974427,0.0,100.0,True
527,2,retail,normalizer,buy,0.18004681123102698,17.992349959655257,100.3898015177715,0.0,99.70749966065826,100.76777394974427,0.0,100.0,True
530,0,retail,submission,buy,0.18763692366167753,18.673820801539478,100.0154327507636,0.09276731850519226,99.04023906804451,100.74664880914384,0.0,100.0,False
530,1,retail,normalizer,buy,0.21033387081916524,20.93732363639174,100.0154327507636,0.0,99.04023906804451,100.74664880914384,0.0,100.0,False
530,2,retail,submission,buy,0.149153892224014,14.794197118317243,100.0154327507636,0.12349395892827175,99.04023906804451,100.74664880914384,0.0,100.0,False
530,3,retail,normalizer,buy,0.14937812771851885,14.816438469561035,100.0154327507636,0.0,99.04023906804451,100.74664880914384,0.0,100.0,False
531,0,arb,normalizer,sell,0.18022169447101533,17.989091564968867,99.9960773962218,0.0,99.04023906804451,100.74664880914384,0.0,100.0,False
531,1,retail,normalizer,buy,0.06374605024967246,6.332147949011414,99.9960773962218,0.0,99.04023906804451,100.74664880914384,0.0,100.0,False
532,0,retail,normalizer,buy,0.011547564317425972,1.1462062316277297,99.85563160739649,0.0,99.04023906804451,100.74664880914384,0.0,100.0,False
532,1,retail,normalizer,buy,0.016087923474871223,1.5964414012778434,99.85563160739649,0.0,99.04023906804451,100.74664880914384,0.0,100.0,False
533,0,arb,normalizer,sell,0.03408113718842287,3.4029450285057226,99.88229997733706,0.0,99.04023906804451,100.74664880914384,0.0,100.0,False
533,1,retail,submission,buy,0.20879774907778995,20.636497714844154,99.88229997733706,0.2187016931364134,98.62992036443774,100.7253579274213,0.0,100.0,False
533,2,retail,normalizer,buy,0.33267778880170573,32.92058718595581,99.88229997733706,0.0,98.62992036443774,100.7253579274213,0.0,100.0,False
534,0,arb,submission,sell,0.1822946570815418,18.194259889782135,99.98789374919261,-0.032998913532569674,98.98801481170068,100.68486051749076,0.0,100.0,False
534,1,arb,normalizer,sell,0.38460754388283647,38.30898905142855,99.98789374919261,0.0,98.98801481170068,100.68486051749076,0.0,100.0,False
535,0,arb,submission,sell,0.029116838732846873,2.9121750094436902,100.04585018814306,-0.00084387637502914,99.04539168626165,100.54400033789915,0.0,100.0,True
535,1,arb,normalizer,sell,0.029014443102397536,2.901933719212984,100.04585018814306,0.0,99.04539168626165,100.54400033789915,0.0,100.0,True
535,2,retail,submission,buy,0.06401980912693521,6.336829654241228,100.04585018814306,0.06808657874564616,98.91930161819779,100.53596354886754,0.0,100.0,False
535,3,retail,normalizer,buy,0.26725331383415585,26.50686203675832,100.04585018814306,0.0,98.91930161819779,100.53596354886754,0.0,100.0,False
536,0,arb,submission,sell,0.01775517057242837,1.7743831086269406,99.95378498395824,-0.00031339312306744027,98.95424713411867,100.39531167918105,0.0,100.0,True
536,1,arb,normalizer,sell,0.22034961489752902,21.97643690104027,99.95378498395824,0.0,98.95424713411867,100.39531167918105,0.0,100.0,True
537,0,retail,submission,sell,0.30075021411877856,30.151327025081297,99.88084941730257,0.11214017646206997,99.54900466388388,100.3122967701699,0.0,100.0,True
537,1,retail,normalizer,sell,0.299692561258027,30.045293393891217,99.88084941730257,0.0,99.54900466388388,100.3122967701699,0.0,100.0,True
538,0,arb,normalizer,buy,0.03363038945060074,3.3603008704467356,99.88505004483798,0.0,99.54900466388388,100.3122967701699,0.0,100.0,True
538,1,retail,submission,buy,0.0042744005734750646,0.4254941763574607,99.88505004483798,0.001454538835780339,99.5405141726759,100.17195781488239,0.0,100.0,True
538,2,retail,normalizer,buy,0.17327321391458214,17.277528439781236,99.88505004483798,0.0,99.5405141726759,100.17195781488239,0.0,100.0,True
539,0,retail,submission,sell,0.08204939695663427,8.256495348889743,100.01820248442701,0.05006215035596817,99.70368358077614,100.31229677016991,0.0,100.0,True
539,1,retail,normalizer,sell,0.283784376423327,28.499108062493384,100.01820248442701,0.0,99.70368358077614,100.31229677016991,0.0,100.0,True
540,0,arb,normalizer,buy,0.0356966442969565,3.572225498210173,100.0360702940463,0.0,99.70368358077614,100.31229677016991,0.0,100.0,True
544,0,retail,submission,sell,0.04465873259258046,4.499622801700259,100.1918303340588,0.02518264285033478,99.79266386012017,100.4528323375912,0.0,100.0,True
544,1,retail,normalizer,sell,0.0800912349112366,8.066773331103013,100.1918303340588,0.0,99.79266386012017,100.4528323375912,0.0,100.0,True
546,0,arb,normalizer,buy,0.07874627921937351,7.883918053803427,100.03923922642697,0.0,99.79266386012017,100.4528323375912,0.0,100.0,True
546,1,retail,normalizer,sell,0.06014132042514575,6.0564025825986265,100.03923922642697,0.0,99.79266386012017,100.4528323375912,0.0,100.0,True
547,0,arb,normalizer,buy,0.06806866123136669,6.813114784143181,100.02376242507167,0.0,99.79266386012017,100.4528323375912,0.0,100.0,True
548,0,arb,normalizer,buy,0.06383051874928167,6.380501566116436,99.89636940328089,0.0,99.79266386012017,100.4528323375912,0.0,100.0,True
549,0,retail,normalizer,sell,0.030582070862948285,3.0743920305558534,100.00593691591234,0.0,99.79266386012017,100.4528323375912,0.0,100.0,True
551,0,retail,normalizer,sell,0.02931203723879605,2.9484842350658362,99.98844901960375,0.0,99.79266386012017,100.4528323375912,0.0,100.0,True
552,0,arb,normalizer,buy,0.028084460528645022,2.808115156067288,99.96018438191376,0.0,99.79266386012017,100.4528323375912,0.0,100.0,True
553,0,retail,normalizer,sell,0.010124021190890176,1.018201670129879,99.97532127122385,0.0,99.79266386012017,100.4528323375912,0.0,100.0,True
553,1,retail,normalizer,buy,0.027586557534917337,2.7573570983222453,99.97532127122385,0.0,99.79266386012017,100.4528323375912,0.0,100.0,True
554,0,retail,normalizer,buy,0.06104035440156218,6.095768071747443,100.12416174478834,0.0,99.79266386012017,100.4528323375912,0.0,100.0,True
555,0,retail,submission,buy,0.05894826992315103,5.879142827234318,100.21904182606082,0.02859630176787764,99.59695725372404,100.44310872005217,0.0,100.0,False
555,1,retail,normalizer,buy,0.06460642128981056,6.443810498367384,100.21904182606082,0.0,99.59695725372404,100.44310872005217,0.0,100.0,False
555,2,retail,submission,buy,0.039354764394242035,3.9211548354123806,100.21904182606082,0.02294194346893086,99.59695725372404,100.44310872005217,0.0,100.0,False
555,3,retail,normalizer,buy,0.03941392969607981,3.9270498347323155,100.21904182606082,0.0,99.59695725372404,100.44310872005217,0.0,100.0,False
556,0,arb,normalizer,sell,0.050286747444999946,5.041126956292479,100.29803467296408,0.0,99.59695725372404,100.44310872005217,0.0,100.0,False
557,0,arb,normalizer,sell,0.0058669692080286495,0.5884800064992112,100.30980445009085,0.0,99.59695725372404,100.44310872005217,0.0,100.0,False
558,0,retail,submission,buy,0.1577510335164868,15.686826729674067,100.07639182352872,0.10032751108848004,99.2840996801786,100.4178480529752,0.0,100.0,False
558,1,retail,normalizer,buy,0.21431087851818856,21.32312818741775,100.07639182352872,0.0,99.2840996801786,100.4178480529752,0.0,100.0,False
559,0,arb,normalizer,sell,0.13361931183004572,13.364050008339333,100.14939670787251,0.0,99.2840996801786,100.4178480529752,0.0,100.0,False
559,1,retail,submission,sell,0.1542737027932759,15.4954618067271,100.14939670787251,0.045043544090891174,99.91626649497192,100.35155389694398,0.0,100.0,False
559,2,retail,normalizer,sell,0.22239608630486885,22.322440599541892,100.14939670787251,0.0,99.91626649497192,100.35155389694398,0.0,100.0,False
559,3,retail,normalizer,buy,0.012734143908109338,1.2731676310959301,100.14939670787251,0.0,99.91626649497192,100.35155389694398,0.0,100.0,False
559,4,retail,submission,sell,0.16371685680137205,16.49621341300723,100.14939670787251,0.10006897344066346,99.91626649497192,100.35155389694398,0.0,100.0,False
559,5,retail,normalizer,sell,0.17583705271275107,17.71519955490942,100.14939670787251,0.0,99.91626649497192,100.35155389694398,0.0,100.0,False
560,0,arb,normalizer,buy,0.11525728009346681,11.549398561382986,100.08999893007771,0.0,99.91626649497192,100.35155389694398,0.0,100.0,False
560,1,retail,submission,buy,0.035519154410152604,3.5476817188500718,100.08999893007771,0.007430408059367455,99.84535515884407,100.21116002013302,0.0,100.0,True
560,2,retail,normalizer,buy,0.12256531725106151,12.252560879331213,100.08999893007771,0.0,99.84535515884407,100.21116002013302,0.0,100.0,True
562,0,retail,normalizer,sell,0.12424503257138042,12.495593895702825,100.09442420618248,0.0,99.84535515884407,100.21116002013302,0.0,100.0,True
563,0,arb,normalizer,buy,0.008003083773717142,0.8009974737724406,100.07810278599992,0.0,99.84535515884407,100.21116002013302,0.0,100.0,True
563,1,retail,normalizer,buy,0.06937231964819732,6.937842542452927,100.07810278599992,0.0,99.76577616344485,100.07096255722779,0.0,100.0,True
563,2,retail,submission,buy,0.03990583101829098,3.9828237214478577,100.07810278599992,0.010876136961411209,99.76577616344485,100.07096255722779,0.0,100.0,True
563,3,retail,normalizer,buy,0.08720931060175308,8.70807853054248,100.07810278599992,0.0,99.76577616344485,100.07096255722779,0.0,100.0,True
564,0,retail,submission,buy,0.0793465700462451,7.909803343356543,100.06295081780611,0.029848592742487412,99.2595514055098,99.9323893484418,0.0,100.0,False
564,1,retail,normalizer,buy,0.07946585836725736,7.921694810875124,100.06295081780611,0.0,99.2595514055098,99.9323893484418,0.0,100.0,False
564,2,retail,submission,buy,0.17562843801494515,17.46335683117286,100.06295081780611,0.11054292412470801,99.2595514055098,99.9323893484418,0.0,100.0,False
564,3,retail,normalizer,buy,0.17589247490369708,17.48961095298364,100.06295081780611,0.0,99.2595514055098,99.9323893484418,0.0,100.0,False
565,0,arb,normalizer,sell,0.10785784301948809,10.782050431839913,100.07307954460099,0.0,99.2595514055098,99.9323893484418,0.0,100.0,False
565,1,retail,submission,buy,0.007679704190639687,0.7622256733320683,100.07307954460099,0.006305975016822729,99.24436401678781,99.79258189140913,0.0,100.0,True
565,2,retail,normalizer,buy,0.11587363992095007,11.51307587134761,100.07307954460099,0.0,99.24436401678781,99.79258189140913,0.0,100.0,True
566,0,arb,normalizer,sell,0.18487535606350036,18.49253146117893,100.21186604505041,0.0,99.24436401678781,99.79258189140913,0.0,100.0,True
567,0,arb,submission,sell,0.06757151966967001,6.778393729072919,100.38193253084088,-0.00456599941428415,99.37811320553246,99.93238934844182,0.0,100.0,True
567,1,arb,normalizer,sell,0.08478325727301694,8.50349475989762,100.38193253084088,0.0,99.37811320553246,99.93238934844182,0.0,100.0,True
568,0,retail,normalizer,buy,0.15800397446561584,15.740915912161654,100.32881498910665,0.0,99.37811320553246,99.93238934844182,0.0,100.0,True
569,0,arb,submission,sell,0.03043633692726644,3.056185613990458,100.44287513342888,-0.000927575513935075,99.4384463820946,100.07239267298961,0.0,100.0,True
569,1,arb,normalizer,sell,0.18785926353962168,18.83371863389647,100.44287513342888,0.0,99.4384463820946,100.07239267298961,0.0,100.0,True
569,2,retail,submission,sell,0.005018723331247088,0.5041202301506784,100.44287513342888,2.5229261000903058e-05,99.44840014631203,100.07132802089721,0.0,100.0,False
569,3,retail,normalizer,sell,0.005001073910420928,0.5023473828551273,100.44287513342888,0.0,99.44840014631203,100.07132802089721,0.0,100.0,False
570,0,arb,submission,sell,0.013191471337520966,1.3252962827292238,100.47936390080791,-0.00017436618062260933,99.47457026179984,100.21152599580991,0.0,100.0,True
570,1,arb,normalizer,sell,0.013145080689255906,1.3206355930979026,100.47936390080791,0.0,99.47457026179984,100.21152599580991,0.0,100.0,True
570,2,retail,submission,sell,0.01618152029026021,1.6261713127381312,100.47936390080791,0.0002624470247687416,99.50668634475564,100.20963722054232,0.0,100.0,False
570,3,retail,normalizer,sell,0.016124614491289435,1.620452531303704,100.47936390080791,0.0,99.50668634475564,100.20963722054232,0.0,100.0,False
571,0,retail,submission,buy,0.006379283067404361,0.6347409273712401,100.42212587416958,0.005880239810599264,99.49402328045389,100.06944188806486,0.0,100.0,True
571,1,retail,normalizer,buy,0.20905473154960144,20.843094183042922,100.42212587416958,0.0,99.49402328045389,100.06944188806486,0.0,100.0,True
572,0,arb,normalizer,sell,0.11788238438040821,11.81319347725934,100.32984336435432,0.0,99.49402328045389,100.06944188806486,0.0,100.0,True
572,1,retail,normalizer,buy,0.025912269859187025,2.5835311907903815,100.32984336435432,0.0,99.49402328045389,100.06944188806486,0.0,100.0,True
573,0,arb,normalizer,sell,0.1083266704632706,10.874562353289777,100.49560081446086,0.0,99.49402328045389,100.06944188806486,0.0,100.0,True
574,0,retail,normalizer,buy,0.015060775124749695,1.5042479260373511,100.45107671232249,0.0,99.49402328045389,100.06944188806486,0.0,100.0,True
578,0,retail,normalizer,buy,0.14752260313222124,14.710471070815402,100.36988738828475,0.0,99.49402328045389,100.06944188806486,0.0,100.0,True
579,0,arb,normalizer,sell,0.05617974491967459,5.630701964332706,100.28285108303692,0.0,99.49402328045389,100.06944188806486,0.0,100.0,True
579,1,retail,normalizer,sell,0.01686895022945123,1.6919518126111548,100.28285108303692,0.0,99.97762277855708,100.06721550449241,0.0,100.0,False
579,2,retail,submission,sell,0.24276198359312673,24.456560684732406,100.28285108303692,0.11169683544022746,99.97762277855708,100.06721550449241,0.0,100.0,False
579,3,retail,normalizer,sell,0.3326513884147744,33.481872865755705,100.28285108303692,0.0,99.97762277855708,100.06721550449241,0.0,100.0,False
580,0,arb,normalizer,buy,0.13357663846978737,13.390860127512497,100.11473434033184,0.0,99.97762277855708,100.06721550449241,0.0,100.0,False
581,0,arb,normalizer,buy,0.004807985228775936,0.4813270432459831,100.10511696850168,0.0,99.97762277855708,100.06721550449241,0.0,100.0,False
582,0,arb,normalizer,buy,0.03169163677505631,3.171490890363202,100.04175911610285,0.0,99.97762277855708,100.06721550449241,0.0,100.0,False
582,1,retail,submission,buy,0.3810714012709715,37.953997162338055,100.04175911610285,0.16905616964824333,99.22006827646263,100.06095699650258,0.0,100.0,False
582,2,retail,normalizer,buy,0.4137560112968679,41.22253896015536,100.04175911610285,0.0,99.22006827646263,100.06095699650258,0.0,100.0,False
583,0,arb,normalizer,sell,0.08966456224715103,8.958157239051934,99.9968897924165,0.0,99.22006827646263,100.06095699650258,0.0,100.0,False
585,0,retail,normalizer,sell,0.005039367141151274,0.5039463978300859,99.98568639433353,0.0,99.22006827646263,100.06095699650258,0.0,100.0,False
586,0,retail,submission,sell,0.16345078317274897,16.408126406726097,99.95033023078125,0.07116665213001383,99.54394364373864,100.20114044181278,0.0,100.0,True
586,1,retail,normalizer,sell,0.2705215372123746,27.127312453172657,99.95033023078125,0.0,99.54394364373864,100.20114044181278,0.0,100.0,True
588,0,retail,submission,sell,0.05376270270646444,5.408710774540543,100.14774415316015,0.024497378911132017,99.65082030899303,100.34152028139032,0.0,100.0,True
588,1,retail,normalizer,sell,0.053573634590634356,5.389689878944324,100.14774415316015,0.0,99.65082030899303,100.34152028139032,0.0,100.0,True
589,0,retail,normalizer,buy,0.02537183029698157,2.5379190112762444,100.17973778054066,0.0,99.65082030899303,100.34152028139032,0.0,100.0,True
590,0,retail,normalizer,buy,0.04891708098865839,4.889499188251648,100.20755260874981,0.0,99.65082030899303,100.34152028139032,0.0,100.0,True
594,0,retail,normalizer,buy,0.016321630423204937,1.6303639678662876,100.32835226827659,0.0,99.65082030899303,100.34152028139032,0.0,100.0,True
597,0,retail,submission,buy,0.23240674829998909,23.10591723874859,100.20410666792716,0.18219335824961647,99.25817168730546,100.33293568577852,0.0,100.0,False
597,1,retail,normalizer,buy,0.34466484103976747,34.304900885352254,100.20410666792716,0.0,99.25817168730546,100.33293568577852,0.0,100.0,False
597,2,retail,submission,sell,0.005088856138868891,0.5098883281386741,100.20410666792716,-3.595521828025916e-05,99.25817168730546,100.33293568577852,0.0,100.0,False
597,3,retail,normalizer,sell,0.2074510767344293,20.744025102602336,100.20410666792716,0.0,99.25817168730546,100.33293568577852,0.0,100.0,False
597,4,retail,submission,sell,0.029375639674157128,2.9443628202059866,100.20410666792716,0.0008030888581527229,99.25817168730546,100.33293568577852,0.0,100.0,False
597,5,retail,normalizer,sell,0.029272333914491355,2.9340083346127024,100.20410666792716,0.0,99.25817168730546,100.33293568577852,0.0,100.0,False
598,0,retail,submission,sell,0.0685075565127704,6.8733122567761065,100.10977552930751,0.015036152221312271,99.39380384969684,100.19256785622586,0.0,100.0,True
598,1,retail,normalizer,sell,0.06826663494489082,6.849140774830101,100.10977552930751,0.0,99.39380384969684,100.19256785622586,0.0,100.0,True
599,0,retail,normalizer,buy,0.17602499935869567,17.535853646693795,100.04395075101436,0.0,99.39380384969684,100.19256785622586,0.0,100.0,True
600,0,arb,normalizer,sell,0.05882970120255493,5.889145149119352,100.16381567032069,0.0,99.39380384969684,100.19256785622586,0.0,100.0,True
601,0,retail,normalizer,sell,0.028550307261440366,2.8605238439145153,100.09787284202055,0.0,99.39380384969684,100.19256785622586,0.0,100.0,True
602,0,arb,normalizer,sell,0.007564847706689193,0.758213900540757,100.23615400489639,0.0,99.39380384969684,100.19256785622586,0.0,100.0,True
606,0,retail,normalizer,buy,0.06392825962098647,6.365477189654484,99.90671444983408,0.0,99.39380384969684,100.19256785622586,0.0,100.0,True
607,0,retail,normalizer,sell,0.03333737200071596,3.33846763630127,99.70918272126303,0.0,99.53469740020998,100.29787980553556,0.0,100.0,True
607,1,retail,submission,sell,0.0710167398788002,7.134974790089599,99.70918272126303,0.05395369724590271,99.53469740020998,100.29787980553556,0.0,100.0,True
607,2,retail,normalizer,sell,0.1817181652588431,18.236783173758305,99.70918272126303,0.0,99.53469740020998,100.29787980553556,0.0,100.0,True
608,0,arb,normalizer,buy,0.16278715616346673,16.242191880486644,99.6137704172033,0.0,99.53469740020998,100.29787980553556,0.0,100.0,True
608,1,retail,submission,buy,0.0049116590135081335,0.48885653860270395,99.6137704172033,0.0004123347364825003,99.52494328156236,100.1575610198765,0.0,100.0,True
608,2,retail,normalizer,buy,0.04476922581008648,4.457642577093793,99.6137704172033,0.0,99.52494328156236,100.1575610198765,0.0,100.0,True
610,0,retail,normalizer,sell,0.11551069406863235,11.578847150356896,99.6686414009739,0.0,99.52494328156236,100.1575610198765,0.0,100.0,True
611,0,arb,normalizer,buy,0.044109580653231915,4.398219270658956,99.66735811683075,0.0,99.52494328156236,100.1575610198765,0.0,100.0,True
611,1,retail,normalizer,sell,0.0778398424055382,7.810929326675016,99.66735811683075,0.0,99.99137521666589,100.1536216321719,0.0,100.0,False
611,2,retail,submission,sell,0.23406534870957785,23.58572174056908,99.66735811683075,0.2570468079907151,99.99137521666589,100.1536216321719,0.0,100.0,False
611,3,retail,normalizer,sell,0.28590824968846107,28.794517499239884,99.66735811683075,0.0,99.99137521666589,100.1536216321719,0.0,100.0,False
611,4,retail,normalizer,buy,0.06662882828372439,6.684831010466951,99.66735811683075,0.0,99.99137521666589,100.1536216321719,0.0,100.0,False
612,0,arb,submission,buy,0.0690751363597144,6.902150413681738,99.85338580115612,-0.0047641734877093,99.85338580115614,100.0945309302012,0.0,100.0,True
612,1,arb,normalizer,buy,0.20472422398604714,20.48424948239517,99.85338580115612,0.0,99.85338580115614,100.0945309302012,0.0,100.0,True
612,2,retail,submission,buy,0.03731264010124845,3.724404792636051,99.85338580115612,0.001388654653599275,99.77896620158633,100.0966233980705,0.0,100.0,False
612,3,retail,normalizer,buy,0.037368735307208856,3.7300040011996316,99.85338580115612,0.0,99.77896620158633,100.0966233980705,0.0,100.0,False
613,0,arb,submission,buy,0.015673846932543256,1.5636754262523027,99.74772971977387,-0.0002447787558712555,99.74772971977386,99.98861969022654,0.0,100.0,True
613,1,arb,normalizer,buy,0.015697410734755654,1.566026230022544,99.74772971977387,0.0,99.74772971977386,99.98861969022654,0.0,100.0,True
614,0,retail,normalizer,sell,0.03920802805423307,3.9360268823751925,99.76531053435367,0.0,99.74772971977386,99.98861969022654,0.0,100.0,True
615,0,arb,normalizer,buy,0.014365936520172536,1.4338886585464934,99.79740497082167,0.0,99.74772971977386,99.98861969022654,0.0,100.0,True
616,0,retail,normalizer,sell,0.02216778944938369,2.2261152813031715,99.88755763149273,0.0,99.74772971977386,99.98861969022654,0.0,100.0,True
617,0,retail,submission,sell,0.09733565384802034,9.816624320731279,99.9285563630804,0.09001294904209445,99.95641935584138,99.99848607180776,0.0,100.0,False
617,1,retail,normalizer,sell,0.25175394657217964,25.35090059497132,99.9285563630804,0.0,99.95641935584138,99.99848607180776,0.0,100.0,False
617,2,retail,submission,sell,0.007241193244468036,0.731061971483162,99.9285563630804,0.007459984217380811,99.95641935584138,99.99848607180776,0.0,100.0,False
617,3,retail,normalizer,sell,0.007215728029862589,0.728491034709522,99.9285563630804,0.0,99.95641935584138,99.99848607180776,0.0,100.0,False
617,4,retail,normalizer,buy,0.09286740921034024,9.311633849107238,99.9285563630804,0.0,99.95641935584138,99.99848607180776,0.0,100.0,False
618,0,arb,submission,buy,0.017342248422906437,1.733168551039853,99.92176654277714,-0.0003004527993510919,99.9217665427771,100.1385819965733,0.0,100.0,True
618,1,arb,normalizer,buy,0.12671032891390197,12.677152778065647,99.92176654277714,0.0,99.9217665427771,100.1385819965733,0.0,100.0,True
619,0,arb,submission,buy,0.04718009387120503,4.712096023738923,99.82758369772041,-0.002221253944896695,99.82758369772041,100.06866651489183,0.0,100.0,True
619,1,arb,normalizer,buy,0.04725102364397753,4.719180110963862,99.82758369772041,0.0,99.82758369772041,100.06866651489183,0.0,100.0,True
620,0,arb,submission,buy,0.07336647398115304,7.318633029839475,99.68139083911545,-0.005360862436364577,99.68139083911541,99.92866840331544,0.0,100.0,True
620,1,arb,normalizer,buy,0.0734767719246135,7.329635741683887,99.68139083911545,0.0,99.68139083911541,99.92866840331544,0.0,100.0,True
620,2,retail,normalizer,sell,0.09868140333678355,9.905760620297816,99.68139083911545,0.0,99.68139083911541,99.92866840331544,0.0,100.0,True
621,0,arb,submission,buy,0.01933098182713877,1.9265673241970944,99.64292463546333,-0.00037175886599460917,99.64292463546334,99.88356150247463,0.0,100.0,True
621,1,arb,normalizer,buy,0.11833838205733363,11.805507032087917,99.64292463546333,0.0,99.64292463546334,99.88356150247463,0.0,100.0,True
621,2,retail,submission,buy,0.19841231563780393,19.731304035429275,99.64292463546333,0.03907937841618292,99.68024006134787,99.88772095628407,0.0,98.69848896227936,False
621,3,retail,normalizer,buy,0.1987106054313148,19.760967751553835,99.64292463546333,0.0,99.68024006134787,99.88772095628407,0.0,98.69848896227936,False
621,4,retail,submission,sell,0.21716514272021925,21.815556671149388,99.64292463546333,0.17658672162894362,99.68024006134787,99.88772095628407,0.0,98.69848896227936,False
621,5,retail,normalizer,sell,0.41216057849825916,41.323168789199734,99.64292463546333,0.0,99.68024006134787,99.88772095628407,0.0,98.69848896227936,False
622,0,arb,submission,buy,0.033002463706097274,3.2886099191473477,99.61458391868753,-0.0010832287728814727,99.61458391868756,99.85200199179971,0.0,98.69848896227936,True
622,1,arb,normalizer,buy,0.22896123470114363,22.860039376340865,99.61458391868753,0.0,99.61458391868756,99.85200199179971,0.0,98.69848896227936,True
623,0,retail,submission,buy,0.005644034459251884,0.5621964749243489,99.71434862524131,0.0005947447983688514,99.54429957604803,99.84281318384457,0.0,98.69848896227936,False
623,1,retail,normalizer,buy,0.005652519607304845,0.5630416718067863,99.71434862524131,0.0,99.54429957604803,99.84281318384457,0.0,98.69848896227936,False
623,2,retail,submission,buy,0.029721000730310355,2.959433767331575,99.71434862524131,0.004176460981643704,99.54429957604803,99.84281318384457,0.0,98.69848896227936,False
623,3,retail,normalizer,buy,0.029765682791218922,2.963882931107946,99.71434862524131,0.0,99.54429957604803,99.84281318384457,0.0,98.69848896227936,False
625,0,retail,submission,buy,0.013820609715535708,1.3755732349054597,99.57835020742998,0.0006602794283643298,99.51685276005934,99.7540379039913,0.0,98.69848896227936,True
625,1,retail,normalizer,buy,0.013841387391544942,1.377641248949658,99.57835020742998,0.0,99.51685276005934,99.7540379039913,0.0,98.69848896227936,True
627,0,retail,normalizer,sell,0.11601725497257576,11.628738043272175,99.5821300426476,0.0,99.51685276005934,99.7540379039913,0.0,98.69848896227936,True
628,0,arb,normalizer,buy,0.10016662470997159,9.981445568653726,99.54897718859793,0.0,99.51685276005934,99.7540379039913,0.0,98.69848896227936,True
630,0,arb,submission,buy,0.0973350602752987,9.677082449612499,99.32387286866123,-0.009387297165252662,99.32387286866121,99.61447996427798,0.0,98.69848896227936,True
630,1,arb,normalizer,buy,0.11368112151970636,11.30403707579535,99.32387286866123,0.0,99.32387286866121,99.61447996427798,0.0,98.69848896227936,True
630,2,retail,submission,buy,0.048613375301462716,4.826130508135975,99.32387286866123,0.002338200023022985,99.22770041124818,99.61610397875536,0.0,73.99003795511113,False
630,3,retail,normalizer,buy,0.048686459845820526,4.833386032916678,99.32387286866123,0.0,99.22770041124818,99.61610397875536,0.0,73.99003795511113,False
632,0,retail,submission,buy,0.024671776025674916,2.4475220891945355,99.46228841375539,0.006389213550718864,99.01061930020957,99.4778727418233,0.0,81.97059041727013,False
632,1,retail,normalizer,buy,0.024708867165689267,2.451201653422686,99.46228841375539,0.0,99.01061930020957,99.4778727418233,0.0,81.97059041727013,False
632,2,retail,submission,buy,0.004238842743892052,0.4203862066315196,99.46228841375539,0.0012187929020259225,99.01061930020957,99.4778727418233,0.0,81.97059041727013,False
632,3,retail,normalizer,buy,0.0042452153499413815,0.42101820829884673,99.46228841375539,0.0,99.01061930020957,99.4778727418233,0.0,81.97059041727013,False
632,4,retail,submission,buy,0.08108007644899476,8.034270469575858,99.46228841375539,0.030139478803393516,99.01061930020957,99.4778727418233,0.0,81.97059041727013,False
632,5,retail,normalizer,buy,0.08120197089484402,8.046349058911801,99.46228841375539,0.0,99.01061930020957,99.4778727418233,0.0,81.97059041727013,False
633,0,retail,submission,sell,0.1321251545489872,13.207275457735129,99.47978375860411,0.06349365412973285,99.2714719644593,99.47997304567456,0.0,81.97059041727013,False
633,1,retail,normalizer,sell,0.24319559937075041,24.282923806627963,99.47978375860411,0.0,99.2714719644593,99.47997304567456,0.0,81.97059041727013,False
634,0,arb,normalizer,buy,0.01538005909689959,1.5299627977274213,99.46180734723916,0.0,99.2714719644593,99.47997304567456,0.0,81.97059041727013,False
634,1,retail,normalizer,buy,0.030524085491123714,3.035058170085904,99.46180734723916,0.0,99.2714719644593,99.47997304567456,0.0,81.97059041727013,False
634,2,retail,normalizer,buy,0.0032638585734107075,0.32442147198344173,99.46180734723916,0.0,99.2714719644593,99.47997304567456,0.0,81.97059041727013,False
635,0,arb,normalizer,buy,0.05112830486936232,5.079308085183584,99.29381004537908,0.0,99.2714719644593,99.47997304567456,0.0,81.97059041727013,False
635,1,retail,normalizer,sell,0.037191800365590666,3.7165525973834184,99.29381004537908,0.0,99.20464790224344,99.40081060055083,0.0,81.97059041727013,True
635,2,retail,submission,buy,0.03379757261131014,3.354005346302074,99.29381004537908,0.0018844085602611749,99.20464790224344,99.40081060055083,0.0,81.97059041727013,True
635,3,retail,normalizer,buy,0.08245937898661454,8.18706766930336,99.29381004537908,0.0,99.20464790224344,99.40081060055083,0.0,81.97059041727013,True
636,0,retail,normalizer,sell,0.06773716930513274,6.764914210858962,99.22466516563995,0.0,99.52579681498896,99.40719239205048,0.0,81.97059041727013,False
636,1,retail,submission,sell,0.16211587926399318,16.241794304148122,99.22466516563995,0.1559004661450878,99.52579681498896,99.40719239205048,0.0,81.97059041727013,False
636,2,retail,normalizer,sell,0.205261877727537,20.555489872976985,99.22466516563995,0.0,99.52579681498896,99.40719239205048,0.0,81.97059041727013,False
637,0,arb,submission,buy,0.1420110911985546,14.113771466265462,99.24439065906994,-0.01996725343530059,99.24439065906992,99.44063194287293,0.0,81.97059041727013,True
637,1,arb,normalizer,buy,0.2536854952870487,25.240555899095853,99.24439065906994,0.0,99.24439065906992,99.44063194287293,0.0,81.97059041727013,True
637,2,retail,normalizer,sell,0.03755515628965611,3.7510079449488183,99.24439065906994,0.0,98.72509845639857,99.44233439563173,0.0,100.0,False
637,3,retail,submission,buy,0.26365212349261336,26.097448312348206,99.24439065906994,0.06854602964606471,98.72509845639857,99.44233439563173,0.0,100.0,False
637,4,retail,normalizer,buy,0.3017166545061615,29.87643770559589,99.24439065906994,0.0,98.72509845639857,99.44233439563173,0.0,100.0,False
638,0,retail,submission,buy,0.13236621952243083,13.050703802493445,99.16275404355343,0.07509506768436403,98.46592387460544,99.4486677757815,0.0,100.0,False
638,1,retail,normalizer,buy,0.1325652167074971,13.070324014728612,99.16275404355343,0.0,98.46592387460544,99.4486677757815,0.0,100.0,False
639,0,arb,normalizer,sell,0.11429784141495247,11.335149695901853,99.28481234450881,0.0,98.46592387460544,99.4486677757815,0.0,100.0,False
639,1,retail,submission,sell,0.00327899964105427,0.3261416512730883,99.28481234450881,0.0005867872333034096,98.47233185982937,99.45481153992313,0.0,100.0,False
639,2,retail,normalizer,sell,0.09209253325728639,9.151775185609248,99.28481234450881,0.0,98.47233185982937,99.45481153992313,0.0,100.0,False
640,0,retail,submission,sell,0.1813291355396558,18.06877819923215,99.15125107099522,0.0897675548532142,98.82767042821085,99.58543170342595,0.0,100.0,True
640,1,retail,normalizer,sell,0.18069145260565733,18.005235451611014,99.15125107099522,0.0,98.82767042821085,99.58543170342595,0.0,100.0,True
641,0,arb,normalizer,buy,0.05816226870665608,5.767981392582442,99.11316484668953,0.0,98.82767042821085,99.58543170342595,0.0,100.0,True
643,0,arb,normalizer,buy,0.07720291469021585,7.645957362816262,98.96121209601424,0.0,98.82767042821085,99.58543170342595,0.0,100.0,True
643,1,retail,normalizer,buy,0.05840150914683961,5.776133388502785,98.96121209601424,0.0,98.82767042821085,99.58543170342595,0.0,100.0,True
644,0,retail,normalizer,sell,0.048473449011382286,4.822636764426979,98.95625983466267,0.0,98.82767042821085,99.58543170342595,0.0,100.0,True
646,0,retail,submission,buy,0.011322101158279675,1.1188109536196862,99.1657729255758,0.003953958882674691,98.80542700907428,99.44610964723643,0.0,100.0,True
646,1,retail,normalizer,buy,0.0695526319875053,6.87692479378893,99.1657729255758,0.0,98.80542700907428,99.44610964723643,0.0,100.0,True
647,0,retail,normalizer,sell,0.07476135617025648,7.436883847064085,99.14890019925684,0.0,99.27915818120644,99.44181908138539,0.0,100.0,False
647,1,retail,normalizer,sell,0.1053085090906336,10.494373276751277,99.14890019925684,0.0,99.27915818120644,99.44181908138539,0.0,100.0,False
647,2,retail,submission,sell,0.24031035920936006,24.041233176831035,99.14890019925684,0.2147253547346324,99.27915818120644,99.44181908138539,0.0,100.0,False
647,3,retail,normalizer,sell,0.2621690238400447,26.222088562932655,99.14890019925684,0.0,99.27915818120644,99.44181908138539,0.0,100.0,False
648,0,arb,submission,buy,0.020854085004486933,2.069945894245393,99.23791302822005,-0.00043002028701089046,99.23791302822006,99.47757179543513,0.0,100.0,True
648,1,arb,normalizer,buy,0.22378339675701125,22.257340860909608,99.23791302822005,0.0,99.23791302822006,99.47757179543513,0.0,100.0,True
648,2,retail,submission,buy,0.03753913317018821,3.72391264505859,99.23791302822005,0.0013925876393181547,99.16373298013578,99.4796513658248,0.0,100.0,False
648,3,retail,normalizer,buy,0.03759556888208718,3.729511113733679,99.23791302822005,0.0,99.16373298013578,99.4796513658248,0.0,100.0,False
649,0,retail,submission,buy,0.27509416682574683,27.20483916147714,99.42891402627305,0.14747510096925964,98.63052143727576,99.48938899181717,0.0,100.0,False
649,1,retail,normalizer,buy,0.2755077388460019,27.245738466694092,99.42891402627305,0.0,98.63052143727576,99.48938899181717,0.0,100.0,False
649,2,retail,submission,sell,0.004015085675575847,0.39999414498675145,99.42891402627305,0.0007785365418001566,98.63052143727576,99.48938899181717,0.0,100.0,False
649,3,retail,normalizer,sell,0.20696240530226362,20.57655756266978,99.42891402627305,0.0,98.63052143727576,99.48938899181717,0.0,100.0,False
652,0,retail,submission,sell,0.036754109000227686,3.66303093825974,99.2151070237745,0.01646808023867674,98.70256426079666,99.45936628433107,0.0,100.0,True
652,1,retail,normalizer,sell,0.03662485526507453,3.650149101543641,99.2151070237745,0.0,98.70256426079666,99.45936628433107,0.0,100.0,True
654,0,retail,submission,sell,0.34991397135549107,35.00796944959685,99.14410306268753,0.3160626104537485,99.39241190609951,99.45156970965947,0.0,100.0,False
654,1,retail,normalizer,sell,0.3486834235604732,34.8848563899868,99.14410306268753,0.0,99.39241190609951,99.45156970965947,0.0,100.0,False
655,0,arb,submission,buy,0.14058157189795395,13.9531855747191,99.11439195661355,-0.01952855574844392,99.11439195661355,99.35375242142737,0.0,100.0,True
655,1,arb,normalizer,buy,0.34357524992257615,34.169955040579225,99.11439195661355,0.0,99.11439195661355,99.35375242142737,0.0,100.0,True
656,0,arb,submission,buy,0.020594288306497788,2.040771945985398,99.07376181677587,-0.000418331521423454,99.07376181677589,99.31302416012666,0.0,100.0,True
656,1,arb,normalizer,buy,0.02062524941891126,2.043840008775078,99.07376181677587,0.0,99.07376181677589,99.31302416012666,0.0,100.0,True
656,2,retail,normalizer,sell,0.1370305852113205,13.676642633527305,99.07376181677587,0.0,99.07376181677589,99.31302416012666,0.0,100.0,True
657,0,arb,normalizer,buy,0.09207233912009576,9.138551358331824,99.1631713161492,0.0,99.07376181677589,99.31302416012666,0.0,100.0,True
657,1,retail,normalizer,sell,0.09586669996188846,9.57289485033142,99.1631713161492,0.0,99.07376181677589,99.31302416012666,0.0,100.0,True
658,0,arb,submission,buy,0.005740701298080353,0.5687203760826378,99.06244053229682,-3.2495127873732876e-05,99.06244053229683,99.30167553483604,0.0,100.0,True
658,1,arb,normalizer,buy,0.14727507206482401,14.610812893964976,99.06244053229682,0.0,99.06244053229683,99.30167553483604,0.0,100.0,True
658,2,retail,normalizer,sell,0.052379889641272825,5.222880621005967,99.06244053229682,0.0,98.6821585980702,99.30375142812896,0.0,98.0,False
658,3,retail,normalizer,buy,0.025164378762554274,2.4948257047926745,99.06244053229682,0.0,98.6821585980702,99.30375142812896,0.0,98.0,False
658,4,retail,submission,buy,0.19340368729858815,19.12223194762373,99.06244053229682,0.036809324119584375,98.6821585980702,99.30375142812896,0.0,98.0,False
658,5,retail,normalizer,buy,0.22106757058827803,21.863366269195467,99.06244053229682,0.0,98.6821585980702,99.30375142812896,0.0,98.0,False
658,6,retail,normalizer,sell,0.06293995927480012,6.252400840669704,99.06244053229682,0.0,98.6821585980702,99.30375142812896,0.0,98.0,False
659,0,retail,normalizer,buy,0.05997343030688252,5.92220118602927,98.88350404275502,0.0,98.6821585980702,99.30375142812896,0.0,98.0,False
660,0,retail,submission,buy,0.037725301088624354,3.721419509849511,99.0303536626688,0.014530398987623094,98.60823610739467,99.31147413217148,0.0,100.0,False
660,1,retail,normalizer,buy,0.040937933692165134,4.038456682508695,99.0303536626688,0.0,98.60823610739467,99.31147413217148,0.0,100.0,False
661,0,retail,submission,buy,0.010181162660212408,1.0038450020583696,98.9892801056064,0.003980960314137194,98.58830041610719,99.17253534822854,0.0,100.0,True
661,1,retail,normalizer,buy,0.010196468851761153,1.0053541660327028,98.9892801056064,0.0,98.58830041610719,99.17253534822854,0.0,100.0,True
664,0,arb,normalizer,sell,0.028930294091424003,2.8702046906933387,99.23959415968257,0.0,98.58830041610719,99.17253534822854,0.0,100.0,True
665,0,arb,normalizer,sell,0.03148985337084298,3.126019425775559,99.30179263941235,0.0,98.58830041610719,99.17253534822854,0.0,100.0,True
666,0,retail,submission,sell,0.08237539098456637,8.209997730784815,98.99034117256348,0.0556296729992809,98.49071284024119,99.30994471250851,0.0,100.0,False
666,1,retail,normalizer,sell,0.22466235284073832,22.359356617227448,98.99034117256348,0.0,98.49071284024119,99.30994471250851,0.0,100.0,False
666,2,retail,submission,buy,0.002284607333293158,0.22559933368211205,98.99034117256348,0.000554725685918106,98.49071284024119,99.30994471250851,0.0,100.0,False
666,3,retail,normalizer,buy,0.20572913045608748,20.356335386959472,98.99034117256348,0.0,98.49071284024119,99.30994471250851,0.0,100.0,False
666,4,retail,submission,buy,0.03745158884907851,3.696792181382989,98.99034117256348,0.010553376241866808,98.49071284024119,99.30994471250851,0.0,100.0,False
666,5,retail,normalizer,buy,0.03750789294829049,3.7023498776015913,98.99034117256348,0.0,98.49071284024119,99.30994471250851,0.0,100.0,False
666,6,retail,submission,buy,0.09252178834474739,9.120911792819243,98.99034117256348,0.03785160132300902,98.49071284024119,99.30994471250851,0.0,100.0,False
666,7,retail,normalizer,buy,0.09266088407100348,9.134624020742194,98.99034117256348,0.0,98.49071284024119,99.30994471250851,0.0,100.0,False
667,0,retail,normalizer,sell,0.16404351698449204,16.280686432177852,98.73824344399716,0.0,98.55150822199053,99.30715202317582,0.0,100.0,True
667,1,retail,submission,sell,0.031084699416496164,3.0934332942104033,98.73824344399716,0.024184675840928538,98.55150822199053,99.30715202317582,0.0,100.0,True
667,2,retail,normalizer,sell,0.0700292092912207,6.966336056164833,98.73824344399716,0.0,98.55150822199053,99.30715202317582,0.0,100.0,True
668,0,arb,normalizer,buy,0.07797300861477549,7.709504635357007,98.79750263871992,0.0,98.55150822199053,99.30715202317582,0.0,100.0,True
669,0,retail,submission,sell,0.030170730963504866,3.0043049236236015,98.85684510325575,0.021721646112399018,98.6105699148268,99.36666657160893,0.0,100.0,True
669,1,retail,normalizer,sell,0.10780371868314376,10.726442382309642,98.85684510325575,0.0,98.6105699148268,99.36666657160893,0.0,100.0,True
670,0,arb,normalizer,buy,0.06667903840031804,6.5975136965971615,98.87883798286552,0.0,98.6105699148268,99.36666657160893,0.0,100.0,True
670,1,retail,normalizer,buy,0.030635854548924358,3.0283165480523166,98.87883798286552,0.0,98.6105699148268,99.36666657160893,0.0,100.0,True
670,2,retail,normalizer,buy,0.04699159146444316,4.641483596973558,98.87883798286552,0.0,98.6105699148268,99.36666657160893,0.0,100.0,True
675,0,retail,normalizer,sell,0.07735504170027241,7.6889473426908115,98.84688556274656,0.0,98.6105699148268,99.36666657160893,0.0,100.0,True
676,0,retail,normalizer,sell,0.05139549208203675,5.115169949112582,98.90946179145254,0.0,98.6105699148268,99.36666657160893,0.0,100.0,True
677,0,arb,normalizer,buy,0.02605893669132401,2.578647507343703,98.92883127575688,0.0,98.6105699148268,99.36666657160893,0.0,100.0,True
678,0,arb,normalizer,buy,0.012648635315174349,1.251157540760687,98.90398142775061,0.0,98.6105699148268,99.36666657160893,0.0,100.0,True
679,0,arb,normalizer,buy,0.026371412876884093,2.6075548856733803,98.85220154445803,0.0,98.6105699148268,99.36666657160893,0.0,100.0,True
679,1,retail,normalizer,buy,0.09908689510383237,9.78533202043036,98.85220154445803,0.0,98.6105699148268,99.36666657160893,0.0,100.0,True
681,0,retail,submission,buy,0.13848009328525435,13.636848251650008,98.8357683565303,0.049938170282096905,98.339920285809,99.35887726362584,0.0,100.0,False
681,1,retail,normalizer,buy,0.1629384962358698,16.049252246488322,98.8357683565303,0.0,98.339920285809,99.35887726362584,0.0,100.0,False
682,0,retail,submission,sell,0.05464417834160429,5.430926931354768,98.8755812699682,0.027952034808837567,98.44658525029848,99.21987216173225,0.0,100.0,True
682,1,retail,normalizer,sell,0.2577050063684396,25.560853677874334,98.8755812699682,0.0,98.44658525029848,99.21987216173225,0.0,100.0,True
684,0,arb,normalizer,buy,0.03356185360780682,3.3163247017309914,98.77941172547891,0.0,98.44658525029848,99.21987216173225,0.0,100.0,True
685,0,arb,normalizer,buy,0.10528539421639171,10.38917430075162,98.57331783430108,0.0,98.44658525029848,99.21987216173225,0.0,100.0,True
685,1,retail,submission,buy,0.15480786167536648,15.216932029903546,98.57331783430108,0.042992522270870026,98.14485123737308,99.21154092615468,0.0,100.0,False
685,2,retail,normalizer,buy,0.21994746764589868,21.633780248079347,98.57331783430108,0.0,98.14485123737308,99.21154092615468,0.0,100.0,False
687,0,retail,normalizer,sell,0.11137625044577248,11.009053352747603,98.62005902629865,0.0,98.14485123737308,99.21154092615468,0.0,100.0,False
688,0,retail,normalizer,buy,0.07698389637005515,7.566530789454191,98.52188551452264,0.0,98.14485123737308,99.21154092615468,0.0,100.0,False
689,0,retail,submission,sell,0.004701345904678078,0.46609533928364194,98.57041220110492,0.0026817355595472603,98.23912436985707,99.0693405919108,0.0,100.0,False
689,1,retail,normalizer,sell,0.17351639165950417,17.17373339060432,98.57041220110492,0.0,98.23912436985707,99.0693405919108,0.0,100.0,False
689,2,retail,submission,sell,0.04374309262904319,4.338808872397631,98.57041220110492,0.027034201001729485,98.23912436985707,99.0693405919108,0.0,100.0,False
689,3,retail,normalizer,sell,0.043589260628664306,4.323550517123144,98.57041220110492,0.0,98.23912436985707,99.0693405919108,0.0,100.0,False
690,0,arb,normalizer,buy,0.03062511660393084,3.0198507578006684,98.57705836348678,0.0,98.23912436985707,99.0693405919108,0.0,100.0,False
690,1,retail,normalizer,buy,0.042763963467988685,4.213759304248015,98.57705836348678,0.0,98.23912436985707,99.0693405919108,0.0,100.0,False
691,0,retail,normalizer,sell,0.052183061841489575,5.173354597626098,98.55088635742399,0.0,98.23912436985707,99.0693405919108,0.0,100.0,False
691,1,retail,normalizer,buy,0.1542175578719785,15.181986646581208,98.55088635742399,0.0,98.23912436985707,99.0693405919108,0.0,100.0,False
692,0,retail,submission,sell,0.028923239734680806,2.870917711515946,98.43915328766836,0.02373848169772197,98.29547391830918,99.04915457618027,0.0,100.0,True
692,1,retail,normalizer,sell,0.20356228112532904,20.170512759994615,98.43915328766836,0.0,98.29547391830918,99.04915457618027,0.0,100.0,True
693,0,arb,normalizer,buy,0.14064141935714616,13.861059311793724,98.41872159875153,0.0,98.29547391830918,99.04915457618027,0.0,100.0,True
693,1,retail,submission,buy,0.32072859100579865,31.426238632697277,98.41872159875153,0.1394592742622649,97.67331646162971,99.04139015781877,0.0,100.0,False
693,2,retail,normalizer,buy,0.3844800251419189,37.69646350377661,98.41872159875153,0.0,97.67331646162971,99.04139015781877,0.0,100.0,False
694,0,arb,normalizer,sell,0.07315309017594984,7.193377668018832,98.4044535067651,0.0,97.67331646162971,99.04139015781877,0.0,100.0,False
695,0,arb,normalizer,sell,0.018245645876930894,1.7957773502425565,98.44003111022123,0.0,97.67331646162971,99.04139015781877,0.0,100.0,False
696,0,arb,normalizer,sell,0.06746720791022653,6.645916071029169,98.57175468520344,0.0,97.67331646162971,99.04139015781877,0.0,100.0,False
696,1,retail,normalizer,sell,0.02879889730311902,2.839568524977586,98.57175468520344,0.0,97.67331646162971,99.04139015781877,0.0,100.0,False
697,0,arb,normalizer,sell,0.00589505177831029,0.5814515246830809,98.63959442009279,0.0,97.67331646162971,99.04139015781877,0.0,100.0,False
697,1,retail,normalizer,sell,0.0034982307567901216,0.34507603420418775,98.63959442009279,0.0,97.67331646162971,99.04139015781877,0.0,100.0,False
698,0,arb,submission,sell,3.936739531695821e-05,0.0038839854107319493,98.65999238853195,-1.5115954759593875e-09,97.67339246464664,99.03385925354246,0.0,100.0,False
698,1,arb,normalizer,sell,0.006926505433028751,0.6833220317204691,98.65999238853195,0.0,97.67339246464664,99.03385925354246,0.0,100.0,False
698,2,retail,submission,sell,0.014458404929499125,1.4266699803061844,98.65999238853195,0.0002038600114879774,97.70131198039347,99.03191135285576,0.0,100.0,False
698,3,retail,normalizer,sell,0.014407558836552425,1.4216527882460348,98.65999238853195,0.0,97.70131198039347,99.03191135285576,0.0,100.0,False
699,0,retail,submission,buy,0.010752969024985022,1.0504675307838625,98.67157977946943,0.010544910231110816,97.68054660681332,99.02466549865596,0.0,100.0,False
699,1,retail,normalizer,buy,0.21529890290396675,21.075292762918252,98.67157977946943,0.0,97.68054660681332,99.02466549865596,0.0,100.0,False
700,0,arb,submission,sell,0.016080059664261626,1.5868269512958995,98.69858761016651,-0.00025222625393128695,97.71160173406484,98.88612796585859,0.0,100.0,True
700,1,arb,normalizer,sell,0.21996136297373425,21.662608618717716,98.69858761016651,0.0,97.71160173406484,98.88612796585859,0.0,100.0,True
700,2,retail,submission,sell,0.025910453550551438,2.5579803266206285,98.69858761016651,0.0006551568423773801,97.84265692604832,98.87521817946651,0.0,100.0,False
700,3,retail,normalizer,sell,0.025819333863751126,2.548984638229394,98.69858761016651,0.0,97.84265692604832,98.87521817946651,0.0,100.0,False
700,4,retail,submission,sell,0.04186437590581704,4.13578409450914,98.69858761016651,0.0038293214239129014,97.84265692604832,98.87521817946651,0.0,100.0,False
700,5,retail,normalizer,sell,0.04171715081713501,4.121239719560097,98.69858761016651,0.0,97.84265692604832,98.87521817946651,0.0,100.0,False
702,0,retail,submission,buy,0.2831771498610108,27.62941309474263,98.72244814320443,0.32652839775143505,97.19074881382215,98.84978431021536,0.0,100.0,False
702,1,retail,normalizer,buy,0.4879848549943397,47.708675301204494,98.72244814320443,0.0,97.19074881382215,98.84978431021536,0.0,100.0,False
702,2,retail,submission,buy,0.05530900461759436,5.378456263511907,98.72244814320443,0.08178407670080645,97.19074881382215,98.84978431021536,0.0,100.0,False
702,3,retail,normalizer,buy,0.055392155260322734,5.386542145699423,98.72244814320443,0.0,97.19074881382215,98.84978431021536,0.0,100.0,False
703,0,arb,submission,sell,0.2826376379010185,27.824766782080157,98.72186300208756,-0.07774738601781905,97.73464437206667,98.71149143977819,0.0,100.0,True
703,1,arb,normalizer,sell,0.48609476597557943,47.75786700987137,98.72186300208756,0.0,97.73464437206667,98.71149143977819,0.0,100.0,True
705,0,retail,normalizer,buy,0.025779958255488712,2.529153218109059,98.64014615202463,0.0,97.73464437206667,98.71149143977819,0.0,100.0,True
706,0,arb,submission,sell,0.007533798087067112,0.7438059811252657,98.73657020568142,-5.5402613864496963e-05,97.74920450362461,98.57339204389585,0.0,100.0,True
706,1,arb,normalizer,sell,0.033209922245262646,3.277953735932815,98.73657020568142,0.0,97.74920450362461,98.57339204389585,0.0,100.0,True
708,0,arb,submission,sell,0.09927747468854875,9.811948154264877,98.9306834425965,-0.009640267128325775,97.94137660817054,98.69234222451422,0.0,100.0,True
708,1,arb,normalizer,sell,0.09892834408054796,9.777442326678536,98.9306834425965,0.0,97.94137660817054,98.69234222451422,0.0,100.0,True
708,2,retail,normalizer,buy,0.008635644218171418,0.8491392847627139,98.9306834425965,0.0,97.94137660817054,98.69234222451422,0.0,100.0,True
709,0,arb,submission,sell,0.010743908725814322,1.063015260795032,98.95172489371564,-0.0001130397249375914,97.96220764477846,98.71333298311899,0.0,100.0,True
709,1,arb,normalizer,sell,0.019315862743809475,1.9109713066974843,98.95172489371564,0.0,97.96220764477846,98.71333298311899,0.0,100.0,True
709,2,retail,submission,buy,0.07589305980993327,7.429071276961622,98.95172489371564,0.0806778986932013,97.81520309288831,98.71126943221667,0.0,100.0,False
709,3,retail,normalizer,buy,0.2802643879752624,27.490202604243677,98.95172489371564,0.0,97.81520309288831,98.71126943221667,0.0,100.0,False
710,0,arb,submission,sell,0.04128592765410133,4.080849540709225,98.88397241847666,-0.0016669907101540815,97.8951326942919,98.6457437353733,0.0,100.0,True
710,1,arb,normalizer,sell,0.2449381660844665,24.161697148746995,98.88397241847666,0.0,97.8951326942919,98.6457437353733,0.0,100.0,True
710,2,retail,submission,sell,0.054055162944791846,5.348049552028842,98.88397241847666,0.002860310319783288,97.99993174445804,98.64368159738908,0.0,100.0,False
710,3,retail,normalizer,sell,0.053865066329578326,5.329241984676514,98.88397241847666,0.0,97.99993174445804,98.64368159738908,0.0,100.0,False
712,0,retail,normalizer,buy,0.14832119901388022,14.572920102536955,98.71580834997654,0.0,97.99993174445804,98.64368159738908,0.0,100.0,False
713,0,retail,normalizer,buy,0.015563678735780774,1.5266912995575694,98.64916435065288,0.0,98.06782797462962,98.78187946756223,0.0,100.0,True
713,1,retail,normalizer,sell,0.15760795304667852,15.575405579947299,98.64916435065288,0.0,98.06782797462962,98.78187946756223,0.0,100.0,True
713,2,retail,submission,sell,0.03497449174258804,3.463318097033236,98.64916435065288,0.013113713038115815,98.06782797462962,98.78187946756223,0.0,100.0,True
713,3,retail,normalizer,sell,0.04063676648428327,4.023788582362252,98.64916435065288,0.0,98.06782797462962,98.78187946756223,0.0,100.0,True
717,0,retail,submission,sell,0.012872134871699359,1.2752557997254717,98.56684968451809,0.006490016707837443,98.09283450618882,98.84496142613749,0.0,100.0,True
717,1,retail,normalizer,sell,0.012826867238828754,1.2707710882222232,98.56684968451809,0.0,98.09283450618882,98.84496142613749,0.0,100.0,True
719,0,retail,normalizer,buy,0.0761597841674201,7.49532512560836,98.68572000793115,0.0,98.09283450618882,98.84496142613749,0.0,100.0,True
720,0,retail,normalizer,sell,0.04558463466146634,4.511925928356758,98.72167891293114,0.0,98.09283450618882,98.84496142613749,0.0,100.0,True
720,1,retail,normalizer,buy,0.10592646854370119,10.415484359420589,98.72167891293114,0.0,98.09283450618882,98.84496142613749,0.0,100.0,True
725,0,retail,submission,buy,0.06275866745326329,6.152351442889994,98.4708745865231,0.027549429117604163,97.9710043324459,98.83721301438443,0.0,100.0,False
725,1,retail,normalizer,buy,0.13060975046068213,12.812507307820852,98.4708745865231,0.0,97.9710043324459,98.83721301438443,0.0,100.0,False
726,0,arb,normalizer,sell,0.012903811845973223,1.2719815778158374,98.58670588932635,0.0,97.9710043324459,98.83721301438443,0.0,100.0,False
727,0,arb,normalizer,sell,0.007395942537641531,0.729195079741912,98.60116516058842,0.0,97.9710043324459,98.83721301438443,0.0,100.0,False
728,0,arb,normalizer,sell,0.030961052367146635,3.0537332605912884,98.66172941456333,0.0,97.9710043324459,98.83721301438443,0.0,100.0,False
729,0,arb,normalizer,sell,0.0525262069324981,5.185027567718076,98.76460591303716,0.0,97.9710043324459,98.83721301438443,0.0,100.0,False
729,1,retail,submission,sell,0.03731321390822018,3.6939026849055483,98.76460591303716,0.00867781791132538,98.04341118020542,98.7951591467459,0.0,100.0,True
729,2,retail,normalizer,sell,0.13703029768674924,13.55217115918412,98.76460591303716,0.0,98.04341118020542,98.7951591467459,0.0,100.0,True
733,0,retail,normalizer,buy,0.09970887442665108,9.80569916863351,98.70556195352096,0.0,98.04341118020542,98.7951591467459,0.0,100.0,True
734,0,retail,normalizer,buy,0.016191485812885473,1.5904978359685629,98.74350078269873,0.0,98.04341118020542,98.7951591467459,0.0,100.0,True
735,0,retail,normalizer,sell,0.06049789527416749,5.981189907856859,98.76959310177658,0.0,98.04341118020542,98.7951591467459,0.0,100.0,True
739,0,retail,normalizer,buy,0.1107648970723517,10.879892442115306,98.74494600524902,0.0,98.04341118020542,98.7951591467459,0.0,100.0,True
740,0,retail,submission,buy,0.03828295650028978,3.751969401830138,98.64738861410767,0.024544285350927453,97.969123602006,98.78741463897104,0.0,100.0,False
740,1,retail,normalizer,buy,0.07652781543612122,7.503037784368644,98.64738861410767,0.0,97.969123602006,98.78741463897104,0.0,100.0,False
741,0,arb,normalizer,sell,0.10026691233231588,9.892098211879047,98.7558087836544,0.0,97.969123602006,98.78741463897104,0.0,100.0,False
742,0,retail,normalizer,buy,0.014716731925591633,1.4444453689575312,98.55217275054694,0.0,97.969123602006,98.78741463897104,0.0,100.0,False
744,0,retail,submission,buy,0.11872153179720771,11.617392847261726,98.58458710106008,0.08672034497137027,97.73928215984046,98.76535368371881,0.0,100.0,False
744,1,retail,normalizer,buy,0.20475190204573038,20.052834791802525,98.58458710106008,0.0,97.73928215984046,98.76535368371881,0.0,100.0,False
745,0,arb,normalizer,sell,0.15889021483505417,15.648032919166631,98.63847954322813,0.0,97.73928215984046,98.76535368371881,0.0,100.0,False
746,0,retail,normalizer,buy,0.017234767012012063,1.6895385476400406,98.5213759444757,0.0,97.73928215984046,98.76535368371881,0.0,100.0,False
750,0,retail,normalizer,sell,0.03410539050391037,3.3640952613555988,98.39700550090147,0.0,97.73928215984046,98.76535368371881,0.0,100.0,False
751,0,retail,submission,sell,0.03650531908385801,3.6053453041294654,98.4568370070445,0.011147053199906054,97.80986920771521,98.62717893345533,0.0,100.0,True
751,1,retail,normalizer,sell,0.06444096341554939,6.362559230570825,98.4568370070445,0.0,97.80986920771521,98.62717893345533,0.0,100.0,True
752,0,retail,submission,sell,0.01728082410568277,1.7076000659312143,98.52348309673788,0.005033084257277665,97.84331025028047,98.5935239427136,0.0,100.0,True
752,1,retail,normalizer,sell,0.017220052368216443,1.7015949227591192,98.52348309673788,0.0,97.84331025028047,98.5935239427136,0.0,100.0,True
754,0,retail,submission,buy,0.04994139855420587,4.884019051438372,98.39618726176684,0.030024152815800065,97.74671279562916,98.58579524103106,0.0,100.0,False
754,1,retail,normalizer,buy,0.25439777856087764,24.92915310749413,98.39618726176684,0.0,97.74671279562916,98.58579524103106,0.0,100.0,False
755,0,arb,normalizer,sell,0.07993543509115852,7.866744794412268,98.49169057741143,0.0,97.74671279562916,98.58579524103106,0.0,100.0,False
755,1,retail,normalizer,sell,0.03674777027111986,3.6206684794709276,98.49169057741143,0.0,97.74671279562916,98.58579524103106,0.0,100.0,False
758,0,retail,submission,sell,0.003292471729039903,0.3250896614868482,98.30277111370803,0.0014305667086840779,97.75307674180306,98.57829897925828,0.0,100.0,False
758,1,retail,normalizer,sell,0.09046650402954981,8.924695363115594,98.30277111370803,0.0,97.75307674180306,98.57829897925828,0.0,100.0,False
759,0,retail,normalizer,buy,0.12938987271208185,12.683243385250535,98.26370637660602,0.0,97.45550245586442,98.55395313538419,0.0,100.0,False
759,1,retail,submission,buy,0.15429884598980395,15.060211750495,98.26370637660602,0.10176474609624897,97.45550245586442,98.55395313538419,0.0,100.0,False
759,2,retail,normalizer,buy,0.2296165505113215,22.42815933763086,98.26370637660602,0.0,97.45550245586442,98.55395313538419,0.0,100.0,False
760,0,arb,normalizer,sell,0.12072399288950919,11.850271797381156,98.27733979748619,0.0,97.45550245586442,98.55395313538419,0.0,100.0,False
760,1,retail,normalizer,buy,0.0283289190830416,2.7666378340582014,98.27733979748619,0.0,97.45550245586442,98.55395313538419,0.0,100.0,False
761,0,arb,normalizer,sell,0.01803616642804684,1.7718719995220595,98.25748239011949,0.0,97.45550245586442,98.55395313538419,0.0,100.0,False
761,1,retail,normalizer,buy,0.06293250737404094,6.142729135221089,98.25748239011949,0.0,97.45550245586442,98.55395313538419,0.0,100.0,False
762,0,arb,normalizer,sell,0.0042567345686137514,0.4177546103993093,98.14382224534762,0.0,97.45550245586442,98.55395313538419,0.0,100.0,False
762,1,retail,submission,buy,0.14693763602688922,14.299139363596623,98.14382224534762,0.12188186777797938,97.08311016496009,98.51308646395772,0.0,100.0,False
762,2,retail,normalizer,buy,0.19934434877437016,19.40904819600655,98.14382224534762,0.0,97.08311016496009,98.51308646395772,0.0,100.0,False
762,3,retail,submission,buy,0.04715450591658966,4.5800340540772595,98.14382224534762,0.04788939266770864,97.08311016496009,98.51308646395772,0.0,100.0,False
762,4,retail,normalizer,buy,0.047225397220838496,4.586919601521004,98.14382224534762,0.0,97.08311016496009,98.51308646395772,0.0,100.0,False
763,0,arb,submission,sell,0.07554922528983354,7.414159206139932,98.20990661233745,-0.005523154209062575,97.22780754621407,98.37526464069536,0.0,100.0,True
763,1,arb,normalizer,sell,0.27984793314327305,27.407942526966004,98.20990661233745,0.0,97.22780754621407,98.37526464069536,0.0,100.0,True
763,2,retail,submission,sell,0.03472478096627185,3.411485591201969,98.20990661233745,0.0011680953705375252,97.6709863280227,98.36474984289802,0.0,100.0,False
763,3,retail,normalizer,sell,0.034602663799915945,3.3994883678387104,98.20990661233745,0.0,97.6709863280227,98.36474984289802,0.0,100.0,False
763,4,retail,submission,sell,0.19562172735017214,19.26232278208124,98.20990661233745,0.05033120767669885,97.6709863280227,98.36474984289802,0.0,100.0,False
763,5,retail,normalizer,sell,0.19493378144073858,19.194582678036767,98.20990661233745,0.0,97.6709863280227,98.36474984289802,0.0,100.0,False
764,0,arb,normalizer,buy,0.0065132071065359,0.6386863209772855,98.05387425532174,0.0,97.6709863280227,98.36474984289802,0.0,100.0,False
764,1,retail,submission,buy,0.3795458746513679,36.9320876737238,98.05387425532174,0.28385579346753786,96.94236076193201,98.34527383266455,0.0,100.0,False
764,2,retail,normalizer,buy,0.5781647881156246,56.36906265571088,98.05387425532174,0.0,96.94236076193201,98.34527383266455,0.0,100.0,False
765,0,arb,submission,sell,0.12069149570643845,11.83236216751024,98.15471637909955,-0.014077362924536985,97.17316921530855,98.20768678270633,0.0,100.0,True
765,1,arb,normalizer,sell,0.32497989943037453,31.79609044300898,98.15471637909955,0.0,97.17316921530855,98.20768678270633,0.0,100.0,True
765,2,retail,normalizer,buy,0.01757752299688525,1.7146831492209458,98.15471637909955,0.0,97.30718339534427,98.20331492152411,0.0,100.0,False
765,3,retail,submission,sell,0.0698799008847999,6.863769968612788,98.15471637909955,0.004728116665666526,97.30718339534427,98.20331492152411,0.0,100.0,False
765,4,retail,normalizer,sell,0.08715894360044274,8.559474721427573,98.15471637909955,0.0,97.30718339534427,98.20331492152411,0.0,100.0,False
766,0,retail,normalizer,buy,0.11013393522777246,10.748537384297379,98.10956979247821,0.0,97.35430349987998,98.10076773249916,0.0,100.0,True
766,1,retail,submission,sell,0.02453585545455894,2.4122151338912126,98.10956979247821,0.005012910754004896,97.35430349987998,98.10076773249916,0.0,100.0,True
766,2,retail,normalizer,sell,0.13425310325993678,13.18461208454491,98.10956979247821,0.0,97.35430349987998,98.10076773249916,0.0,100.0,True
767,0,retail,submission,sell,0.061259735842838836,6.027783748166735,98.22046473527311,0.01082402412303729,97.45798638319673,98.21741403427947,0.0,100.0,False
767,1,retail,normalizer,sell,0.06104430279631856,6.006585749207133,98.22046473527311,0.0,97.45798638319673,98.21741403427947,0.0,100.0,False
767,2,retail,submission,buy,0.0073338095350967995,0.7147900605832547,98.22046473527311,0.005540120233930246,97.45798638319673,98.21741403427947,0.0,100.0,False
767,3,retail,normalizer,buy,0.21211494460205726,20.71560908138781,98.22046473527311,0.0,97.45798638319673,98.21741403427947,0.0,100.0,False
768,0,arb,normalizer,sell,0.03810654080251652,3.7375782865139953,98.11929645485407,0.0,97.45798638319673,98.21741403427947,0.0,100.0,False
770,0,arb,normalizer,sell,0.019128167873574853,1.8771975212154084,98.15643337190043,0.0,97.45798638319673,98.21741403427947,0.0,100.0,False
771,0,retail,normalizer,sell,0.12278221193243155,12.06652030881608,97.98530402618321,0.0,97.45798638319673,98.21741403427947,0.0,100.0,False
771,1,retail,normalizer,buy,0.12542085460889066,12.251716754204608,97.98530402618321,0.0,97.45798638319673,98.21741403427947,0.0,100.0,False
772,0,retail,normalizer,sell,0.03823448943030883,3.7542130773434974,98.14960401870944,0.0,97.45798638319673,98.21741403427947,0.0,100.0,False
773,0,retail,submission,sell,0.14196470710933795,13.99496173054868,98.1524412959749,0.06077914989911548,97.81901529665777,98.35292690202432,0.0,100.0,False
773,1,retail,normalizer,sell,0.2524292208197352,24.85729059525083,98.1524412959749,0.0,97.81901529665777,98.35292690202432,0.0,100.0,False
773,2,retail,submission,sell,0.029027874155360678,2.8664230498120187,98.1524412959749,0.017266335831032986,97.81901529665777,98.35292690202432,0.0,100.0,False
773,3,retail,normalizer,sell,0.028925791388033417,2.8563426561973992,98.1524412959749,0.0,97.81901529665777,98.35292690202432,0.0,100.0,False
773,4,retail,submission,sell,0.01611063914312183,1.5915917058886115,98.1524412959749,0.010293143152710904,97.81901529665777,98.35292690202432,0.0,100.0,False
773,5,retail,normalizer,sell,0.016053982612916684,1.585994531081283,98.1524412959749,0.0,97.81901529665777,98.35292690202432,0.0,100.0,False
774,0,retail,normalizer,buy,0.12182900064641278,11.951043835042583,98.24199402683384,0.0,97.81901529665777,98.35292690202432,0.0,100.0,False
774,1,retail,normalizer,buy,0.045737287970794065,4.479257591499845,98.24199402683384,0.0,97.81901529665777,98.35292690202432,0.0,100.0,False
775,0,retail,submission,buy,0.06001519235733795,5.867144451061904,98.26924873772579,0.030503414743798807,97.70299350044108,98.34905928839147,0.0,100.0,False
775,1,retail,normalizer,buy,0.09694580766660116,9.480967201709063,98.26924873772579,0.0,97.70299350044108,98.34905928839147,0.0,100.0,False
776,0,retail,normalizer,sell,0.02456083345238369,2.4147171089305055,98.27712700532527,0.0,97.63063433533839,98.34530784848138,0.0,100.0,False
776,1,retail,submission,buy,0.037483752202418875,3.6609184001135873,98.27712700532527,0.022877075719673456,97.63063433533839,98.34530784848138,0.0,100.0,False
776,2,retail,normalizer,buy,0.062174842320827726,6.073895121882742,98.27712700532527,0.0,97.63063433533839,98.34530784848138,0.0,100.0,False
777,0,arb,normalizer,sell,0.01255108087229928,1.232908553915918,98.24346719545292,0.0,97.63063433533839,98.34530784848138,0.0,100.0,False
778,0,arb,normalizer,sell,0.07277140844043117,7.154468209926658,98.3851324186459,0.0,97.63063433533839,98.34530784848138,0.0,100.0,False
778,1,retail,normalizer,sell,0.02748461480838671,2.704813741178636,98.3851324186459,0.0,97.63063433533839,98.34530784848138,0.0,100.0,False
779,0,arb,normalizer,sell,0.012206436491609907,1.2017312662776045,98.46252877764175,0.0,97.63063433533839,98.34530784848138,0.0,100.0,False
784,0,retail,normalizer,sell,0.06922010996224515,6.820264599139002,98.43852545279373,0.0,97.63063433533839,98.34530784848138,0.0,100.0,False
785,0,retail,normalizer,buy,0.1445861211821875,14.150231718955183,98.48214967338956,0.0,97.63063433533839,98.34530784848138,0.0,100.0,False
786,0,arb,submission,sell,0.018199678465350644,1.7951169060931231,98.65228000873844,-0.000322869939655801,97.66575720865107,98.414609512936,0.0,100.0,True
786,1,arb,normalizer,sell,0.1720443634231401,16.94365866817514,98.65228000873844,0.0,97.66575720865107,98.414609512936,0.0,100.0,True
786,2,retail,submission,sell,0.28419500400724473,28.11544974787526,98.65228000873844,0.07896463546800803,98.41652827196367,98.41051140139119,0.0,100.0,False
786,3,retail,normalizer,sell,0.28319557110616245,28.016575717331328,98.65228000873844,0.0,98.41652827196367,98.41051140139119,0.0,100.0,False
786,4,retail,submission,sell,0.1025003570205314,10.179274684816784,98.65228000873844,0.06738076303166096,98.41652827196367,98.41051140139119,0.0,100.0,False
786,5,retail,normalizer,sell,0.10213989245309563,10.143477074421705,98.65228000873844,0.0,98.41652827196367,98.41051140139119,0.0,100.0,False
787,0,arb,normalizer,buy,0.055016298490246904,5.433472068027186,98.70723340556037,0.0,98.41652827196367,98.41051140139119,0.0,100.0,False
787,1,retail,normalizer,buy,0.030857778530995777,3.044953837252251,98.70723340556037,0.0,98.47948291039377,98.40291997720483,0.0,100.0,False
787,2,retail,submission,sell,0.03222458866449074,3.2044912352067807,98.70723340556037,0.023691240502718536,98.47948291039377,98.40291997720483,0.0,100.0,False
787,3,retail,normalizer,sell,0.1177277187526613,11.69715967048164,98.70723340556037,0.0,98.47948291039377,98.40291997720483,0.0,100.0,False
788,0,arb,normalizer,buy,0.1135651764000123,11.216481392668356,98.65566746534907,0.0,98.47948291039377,98.40291997720483,0.0,100.0,False
789,0,arb,normalizer,buy,0.07389025699300601,7.284354521052592,98.5112330702899,0.0,98.47948291039377,98.40291997720483,0.0,100.0,False
789,1,retail,submission,buy,0.15516091870104348,15.256675304814053,98.5112330702899,0.028418120744746034,98.17691085992986,98.41400731538425,0.0,100.0,True
789,2,retail,normalizer,buy,0.17165883439942753,16.8816043766019,98.5112330702899,0.0,98.17691085992986,98.41400731538425,0.0,100.0,True
790,0,retail,submission,buy,0.041558004381514815,4.078357128531934,98.4427911047974,0.012728815529784221,98.09610729122373,98.33300860670505,0.0,100.0,True
790,1,retail,normalizer,buy,0.04162048199793396,4.084488463184243,98.4427911047974,0.0,98.09610729122373,98.33300860670505,0.0,100.0,True
793,0,arb,normalizer,sell,0.052353957773689785,5.169357502907345,98.7899219802551,0.0,98.09610729122373,98.33300860670505,0.0,100.0,True
795,0,arb,normalizer,sell,7.354755291544279e-05,0.007265762317235723,98.79006619685138,0.0,98.09610729122373,98.33300860670505,0.0,100.0,True
795,1,retail,normalizer,sell,0.03809602561966585,3.7649323390235647,98.79006619685138,0.0,98.09610729122373,98.33300860670505,0.0,100.0,True
797,0,retail,submission,buy,0.008991652850776157,0.8819675978647865,98.70780867952834,0.005578751442361973,98.07863744124195,98.31549656717517,0.0,100.0,True
797,1,retail,normalizer,buy,0.09980108945532302,9.798024470797827,98.70780867952834,0.0,98.07863744124195,98.31549656717517,0.0,100.0,True
798,0,retail,submission,sell,0.17726644621934895,17.592552836181255,98.59667075953354,0.11467140157954958,98.42391073049136,98.323204078606,0.0,100.0,False
798,1,retail,normalizer,sell,0.3801666009721316,37.652925471231136,98.59667075953354,0.0,98.42391073049136,98.323204078606,0.0,100.0,False
799,0,arb,normalizer,buy,0.08608811502605844,8.500177329580765,98.65380391815486,0.0,98.42391073049136,98.323204078606,0.0,100.0,False
800,0,arb,normalizer,buy,0.035188441689424525,3.47026256324898,98.58498290420823,0.0,98.42391073049136,98.323204078606,0.0,100.0,False
801,0,retail,submission,buy,0.4428488004260129,43.3962514982959,98.61268642449214,0.27425839157701404,97.56473573598761,98.33068094201047,0.0,100.0,False
801,1,retail,normalizer,buy,0.5260156021795355,51.5882083297638,98.61268642449214,0.0,97.56473573598761,98.33068094201047,0.0,100.0,False
802,0,arb,submission,sell,0.0015458977243696381,0.15235091517697033,98.55324782829479,-2.3263700275610866e-06,97.56771535001185,98.33793404275119,0.0,100.0,False
802,1,arb,normalizer,sell,0.20559931635911255,20.221269380584115,98.55324782829479,0.0,97.56771535001185,98.33793404275119,0.0,100.0,False
803,0,arb,submission,sell,0.013742580627535972,1.3545598280604345,98.5800093456944,-0.0001838986360205297,97.59420925223746,98.3425129624853,0.0,100.0,True
803,1,arb,normalizer,sell,0.013694251884842856,1.349796226871805,98.5800093456944,0.0,97.59420925223746,98.3425129624853,0.0,100.0,True
804,0,arb,submission,sell,0.08594712869886223,8.47986875088842,98.74762541096561,-0.007206119014879775,97.76014915685597,98.48028890128654,0.0,100.0,True
804,1,arb,normalizer,sell,0.0856448771217373,8.450047467237217,98.74762541096561,0.0,97.76014915685597,98.48028890128654,0.0,100.0,True
808,0,arb,submission,sell,0.0005857359683005825,0.057840370964461756,98.74876919294728,-3.3497725995118577e-07,97.76128150101782,98.47345196814368,0.0,100.0,False
808,1,arb,normalizer,sell,0.0005836761016979608,0.05763696285115075,98.74876919294728,0.0,97.76128150101782,98.47345196814368,0.0,100.0,False
811,0,arb,submission,sell,0.03545409594016746,3.502276059493806,98.818038358347,-0.0012281530821769415,97.82985797476354,98.5799685218589,0.0,100.0,True
811,1,arb,normalizer,sell,0.03532941398071898,3.48995955190673,98.818038358347,0.0,97.82985797476354,98.5799685218589,0.0,100.0,True
812,0,arb,submission,sell,0.019970425717900753,1.9738281759003653,98.8570880806474,-0.0003899583021755859,97.86851719984094,98.61892416658841,0.0,100.0,True
812,1,arb,normalizer,sell,0.019900195417477562,1.966886784276989,98.8570880806474,0.0,97.86851719984094,98.61892416658841,0.0,100.0,True
814,0,retail,submission,sell,0.010669839849427376,1.0549006479930723,98.79750571262153,0.0007470845165142848,97.73710273677695,98.63768492043465,0.0,100.0,False
814,1,retail,normalizer,sell,0.010632317061066487,1.0511908628106308,98.79750571262153,0.0,97.73710273677695,98.63768492043465,0.0,100.0,False
814,2,retail,submission,buy,0.07860369999152404,7.688472555953922,98.79750571262153,0.07737694299186337,97.73710273677695,98.63768492043465,0.0,100.0,False
814,3,retail,normalizer,buy,0.2830552778589428,27.74251932738116,98.79750571262153,0.0,97.73710273677695,98.63768492043465,0.0,100.0,False
815,0,arb,submission,sell,0.007191785719172117,0.7100548276609672,98.7383861969135,-5.0488124096581544e-05,97.75100233494436,98.50050825633193,0.0,100.0,True
815,1,arb,normalizer,sell,0.211045333120083,20.794732472871363,98.7383861969135,0.0,97.75100233494436,98.50050825633193,0.0,100.0,True
816,0,arb,submission,sell,0.03449299435044395,3.4069444646490292,98.8057659991805,-0.0011622637519903556,97.81770833918868,98.56772572893948,0.0,100.0,True
816,1,arb,normalizer,sell,0.03437169231162329,3.3949632111357886,98.8057659991805,0.0,97.81770833918868,98.56772572893948,0.0,100.0,True
817,0,arb,submission,sell,0.013558391319719476,1.3398269059388155,98.83227031233177,-0.00017968997207251647,97.84394760920846,98.59416618859191,0.0,100.0,True
817,1,arb,normalizer,sell,0.013510710318371366,1.3351151162425454,98.83227031233177,0.0,97.84394760920846,98.59416618859191,0.0,100.0,True
818,0,arb,submission,sell,0.0894148866973552,8.844899186646437,99.00732834803816,-0.00782985980123918,98.01725506455779,98.732294688645,0.0,100.0,True
818,1,arb,normalizer,sell,0.08910044000282369,8.813794194899264,99.00732834803816,0.0,98.01725506455779,98.732294688645,0.0,100.0,True
820,0,retail,normalizer,buy,0.08360994710108097,8.221594891601853,98.9542854372814,0.0,98.01725506455779,98.732294688645,0.0,100.0,True
821,0,arb,normalizer,sell,0.022625616702882212,2.2368983908497087,98.88795319117075,0.0,98.01725506455779,98.732294688645,0.0,100.0,True
821,1,retail,normalizer,buy,0.0778464363357788,7.6460632024991355,98.88795319117075,0.0,97.84987818477288,98.72565006029187,0.0,100.0,False
821,2,retail,normalizer,sell,0.08201014031661202,8.103923788756383,98.88795319117075,0.0,97.84987818477288,98.72565006029187,0.0,100.0,False
821,3,retail,submission,buy,0.08635118726353068,8.456676663272447,98.88795319117075,0.08241550084559535,97.84987818477288,98.72565006029187,0.0,100.0,False
821,4,retail,normalizer,buy,0.2341750989595991,22.96712699156342,98.88795319117075,0.0,97.84987818477288,98.72565006029187,0.0,100.0,False
822,0,arb,submission,sell,0.00652469691947033,0.6449313206923597,98.85102040929469,-4.162765866411178e-05,97.86251020520176,98.61287111331102,0.0,100.0,True
822,1,arb,normalizer,sell,0.21026306762068714,20.741423592226823,98.85102040929469,0.0,97.86251020520176,98.61287111331102,0.0,100.0,True
822,2,retail,normalizer,buy,0.15942619022160237,15.640347097572885,98.85102040929469,0.0,97.86251020520176,98.61287111331102,0.0,100.0,True
822,3,retail,normalizer,sell,0.0885602172811133,8.7343724936066,98.85102040929469,0.0,97.86251020520176,98.61287111331102,0.0,100.0,True
823,0,arb,submission,sell,0.06673492960064209,6.601173841069124,98.98166841004532,-0.0043608320293495595,97.99185172594485,98.74320436031125,0.0,100.0,True
823,1,arb,normalizer,sell,0.13688793622667106,13.530996224379392,98.98166841004532,0.0,97.99185172594485,98.74320436031125,0.0,100.0,True
824,0,retail,submission,sell,0.010262255529340791,1.0158783739015589,98.82069330482258,0.0017551676208527045,98.01176414157271,98.76326945440854,0.0,100.0,True
824,1,retail,normalizer,sell,0.010226166098917133,1.0123058189429996,98.82069330482258,0.0,98.01176414157271,98.76326945440854,0.0,100.0,True
825,0,retail,normalizer,buy,0.02231695207711897,2.195696031973057,98.71378805196639,0.0,98.01176414157271,98.76326945440854,0.0,100.0,True
826,0,retail,submission,sell,0.0262892746515746,2.6033626041643076,98.75411418879659,0.007188573282073563,98.06280235723216,98.81469900564461,0.0,100.0,True
826,1,retail,normalizer,sell,0.04844682397968825,4.7965102600203355,98.75411418879659,0.0,98.06280235723216,98.81469900564461,0.0,100.0,True
827,0,retail,submission,sell,0.026786930228865913,2.654038808452588,98.91819949590847,0.004323900190648544,98.11484774176694,98.86714344822433,0.0,100.0,True
827,1,retail,normalizer,sell,0.026692728223139284,2.6447053097315583,98.91819949590847,0.0,98.11484774176694,98.86714344822433,0.0,100.0,True
828,0,retail,submission,buy,0.27549895726085355,26.95697540441506,98.94536497832598,0.3023694729083246,97.58154089086737,98.85939329763269,0.0,100.0,False
828,1,retail,normalizer,buy,0.4800114233556056,47.063079033307076,98.94536497832598,0.0,97.58154089086737,98.85939329763269,0.0,100.0,False
829,0,arb,submission,sell,0.21312497312226242,21.05145468067165,98.98355847841692,-0.044413559586846674,97.99372289363274,98.74508987517963,0.0,100.0,True
829,1,arb,normalizer,sell,0.41641675648745036,41.04860531858806,98.98355847841692,0.0,97.99372289363274,98.74508987517963,0.0,100.0,True
829,2,retail,normalizer,buy,0.18608051117392335,18.27488286724474,98.98355847841692,0.0,97.99372289363274,98.74508987517963,0.0,100.0,True
829,3,retail,normalizer,sell,0.12910840062623663,12.748954649985345,98.98355847841692,0.0,97.99372289363274,98.74508987517963,0.0,100.0,True
830,0,arb,submission,sell,0.01670217226300963,1.653513833208317,99.01629804034015,-0.000273433506946974,98.02613505993673,98.77775056180545,0.0,100.0,True
830,1,arb,normalizer,sell,0.07305730449346015,7.228616730628516,99.01629804034015,0.0,98.02613505993673,98.77775056180545,0.0,100.0,True
830,2,retail,submission,sell,0.012068088791338027,1.195080269407895,99.01629804034015,0.00014279286748064557,98.04956435136282,98.77568566428705,0.0,100.0,False
830,3,retail,normalizer,sell,0.012025648759603769,1.1908775124137185,99.01629804034015,0.0,98.04956435136282,98.77568566428705,0.0,100.0,False
831,0,retail,submission,sell,0.00846893362604817,0.8388332253901976,98.96473297289923,0.0007074705231332468,98.11156212267836,98.81586668281595,0.0,100.0,False
831,1,retail,normalizer,sell,0.008439150798125183,0.8358832878052715,98.96473297289923,0.0,98.11156212267836,98.81586668281595,0.0,100.0,False
831,2,retail,submission,sell,0.02344436400372274,2.3228577341521315,98.96473297289923,0.0026925108042599177,98.11156212267836,98.81586668281595,0.0,100.0,False
831,3,retail,normalizer,sell,0.023361916851570186,2.3146889049609523,98.96473297289923,0.0,98.11156212267836,98.81586668281595,0.0,100.0,False
831,4,retail,normalizer,buy,0.014160457083344211,1.3947348180990957,98.96473297289923,0.0,98.11156212267836,98.81586668281595,0.0,100.0,False
833,0,retail,normalizer,buy,0.022480851247036714,2.213448633790904,99.04106338104305,0.0,98.11156212267836,98.81586668281595,0.0,100.0,False
834,0,retail,normalizer,buy,0.1462557639955591,14.376201697717988,99.0045474369127,0.0,98.11156212267836,98.81586668281595,0.0,100.0,False
835,0,arb,normalizer,sell,0.16606548993910053,16.425085133113686,99.07051562477136,0.0,98.11156212267836,98.81586668281595,0.0,100.0,False
835,1,retail,normalizer,buy,0.10361052266454215,10.192787461275657,99.07051562477136,0.0,97.91323841496681,98.80619497851022,0.0,100.0,False
835,2,retail,submission,buy,0.09422708483294352,9.236146102579369,99.07051562477136,0.09897977763941945,97.91323841496681,98.80619497851022,0.0,100.0,False
835,3,retail,normalizer,buy,0.17852803775264797,17.51390982101293,99.07051562477136,0.0,97.91323841496681,98.80619497851022,0.0,100.0,False
835,4,retail,submission,buy,0.007966439726710763,0.7800814051697671,99.07051562477136,0.009157886249130831,97.91323841496681,98.80619497851022,0.0,100.0,False
835,5,retail,normalizer,buy,0.007978416340431262,0.7812541666517063,99.07051562477136,0.0,97.91323841496681,98.80619497851022,0.0,100.0,False
836,0,arb,submission,sell,0.13792277187052093,13.659515962987799,99.1727706181623,-0.01866745474850262,98.18104291198068,98.9338461699809,0.0,100.0,True
836,1,arb,normalizer,sell,0.34113311471962504,33.71674581697479,99.1727706181623,0.0,98.18104291198068,98.9338461699809,0.0,100.0,True
837,0,arb,submission,sell,0.01425393712710843,1.4138021183636298,99.20079029465289,-0.00019970945582059585,98.20878239170636,98.9617983421988,0.0,100.0,True
837,1,arb,normalizer,sell,0.014203810089213675,1.4088301789104858,99.20079029465289,0.0,98.20878239170636,98.9617983421988,0.0,100.0,True
837,2,retail,submission,sell,0.04298465851206856,4.2659292931390835,99.20079029465289,0.0018171981961039307,98.2925057299292,98.95972959725725,0.0,100.0,False
837,3,retail,normalizer,sell,0.04283349370847134,4.250927234588201,99.20079029465289,0.0,98.2925057299292,98.95972959725725,0.0,100.0,False
838,0,retail,normalizer,buy,0.04642097087325419,4.579202140368579,99.20421228768534,0.0,98.2925057299292,98.95972959725725,0.0,100.0,False
839,0,arb,normalizer,sell,0.010706916087315221,1.062174791574033,99.2151140290159,0.0,98.2925057299292,98.95972959725725,0.0,100.0,False
839,1,retail,submission,buy,0.08072485268904596,7.928302810742025,99.2151140290159,0.08082265377717945,98.04423393541289,98.9500438122213,0.0,100.0,False
839,2,retail,normalizer,buy,0.2490781299199034,24.503743475339434,99.2151140290159,0.0,98.04423393541289,98.9500438122213,0.0,100.0,False
839,3,retail,submission,buy,0.04690152783654268,4.600560896187744,99.2151140290159,0.052779536249900616,98.04423393541289,98.9500438122213,0.0,100.0,False
839,4,retail,normalizer,buy,0.04697203881771875,4.60747730334333,99.2151140290159,0.0,98.04423393541289,98.9500438122213,0.0,100.0,False
840,0,arb,submission,sell,0.11682875587328567,11.583486593056046,99.26410565456278,-0.013415373440905043,98.27146459801715,99.02496116439768,0.0,100.0,True
840,1,arb,normalizer,sell,0.31997715762358325,31.661461906801147,99.26410565456278,0.0,98.27146459801715,99.02496116439768,0.0,100.0,True
841,0,arb,submission,sell,0.07308611832068834,7.260088228584283,99.40809919860682,-0.0052638714798192154,98.41401820662077,99.16369319979306,0.0,100.0,True
841,1,arb,normalizer,sell,0.07282909525471837,7.234556565680857,99.40809919860682,0.0,98.41401820662077,99.16369319979306,0.0,100.0,True
842,0,retail,submission,buy,0.6284907624575369,61.46904982368142,99.38675906713823,0.9946101606078059,97.19820349707817,99.15606722579444,0.0,100.0,False
842,1,retail,normalizer,buy,0.8332234535307081,81.65760689259332,99.38675906713823,0.0,97.19820349707817,99.15606722579444,0.0,100.0,False
842,2,retail,normalizer,sell,0.09214664139321371,9.018675202164145,99.38675906713823,0.0,97.19820349707817,99.15606722579444,0.0,100.0,False
843,0,arb,submission,sell,0.6309565804852753,62.33507759625354,99.41296279140329,-0.39018546252017927,98.41883316348928,99.17345967851286,0.0,100.0,True
843,1,arb,normalizer,sell,0.7410342882248102,73.12890787400472,99.41296279140329,0.0,98.41883316348928,99.17345967851286,0.0,100.0,True
843,2,retail,submission,sell,0.028209128113203974,2.805138027624497,99.41296279140329,0.0007850241286218029,98.47394175531534,99.17138650890115,0.0,100.0,False
843,3,retail,normalizer,sell,0.028109924642521378,2.795273155977834,99.41296279140329,0.0,98.47394175531534,99.17138650890115,0.0,100.0,False
845,0,arb,submission,sell,0.06979686832212906,6.947410666161702,99.60655974147545,-0.0048152681343411885,98.61049414406071,99.31032368334266,0.0,100.0,True
845,1,arb,normalizer,sell,0.06955141261177289,6.922978601209819,99.60655974147545,0.0,98.61049414406071,99.31032368334266,0.0,100.0,True
845,2,retail,submission,sell,0.09446290933357204,9.417959876025455,99.60655974147545,0.00883445413743189,98.79575660579674,99.30869764909653,0.0,100.0,False
845,3,retail,normalizer,sell,0.0941307101808917,9.384839593019597,99.60655974147545,0.0,98.79575660579674,99.30869764909653,0.0,100.0,False
846,0,retail,normalizer,buy,0.14949208027107605,14.806977926533364,99.64685592792739,0.0,98.79575660579674,99.30869764909653,0.0,100.0,False
847,0,arb,normalizer,sell,0.06074335164707634,6.047478519079378,99.61813551425236,0.0,98.79575660579674,99.30869764909653,0.0,100.0,False
847,1,retail,normalizer,sell,0.036211370508866025,3.608611487020141,99.61813551425236,0.0,98.79575660579674,99.30869764909653,0.0,100.0,False
848,0,arb,normalizer,sell,0.019623197558431116,1.9566208103755975,99.72909155631332,0.0,98.79575660579674,99.30869764909653,0.0,100.0,False
849,0,arb,submission,sell,0.004888906353428979,0.48790573158049766,99.80339295782281,-2.3710344771277203e-05,98.8053590282446,99.44782719376204,0.0,100.0,True
849,1,arb,normalizer,sell,0.03733739777786127,3.725011613689783,99.80339295782281,0.0,98.8053590282446,99.44782719376204,0.0,100.0,True
850,0,arb,submission,sell,0.05873061468903984,5.86493849428422,99.92002302649966,-0.003425877805120159,98.92082279623466,99.58715165620069,0.0,100.0,True
850,1,arb,normalizer,sell,0.05852407584144714,5.844313175713236,99.92002302649966,0.0,98.92082279623466,99.58715165620069,0.0,100.0,True
850,2,retail,normalizer,buy,0.053214022136178686,5.282494025441338,99.92002302649966,0.0,98.92082279623466,99.58715165620069,0.0,100.0,True
850,3,retail,normalizer,sell,0.043419747778571605,4.335789079356908,99.92002302649966,0.0,98.92082279623466,99.58715165620069,0.0,100.0,True
851,0,arb,submission,sell,0.13400978467315383,13.408131761416646,100.18691274186709,-0.017894842189013715,99.18504361444842,99.582108007913,0.0,100.0,False
851,1,arb,normalizer,sell,0.14317314271256976,14.32357929380371,100.18691274186709,0.0,99.18504361444842,99.582108007913,0.0,100.0,False
851,2,retail,normalizer,buy,0.19839852443668343,19.71887052229613,100.18691274186709,0.0,99.18504361444842,99.582108007913,0.0,100.0,False
852,0,arb,normalizer,sell,0.1646340093445673,16.456174685946948,100.12052090055383,0.0,99.18504361444842,99.582108007913,0.0,100.0,False
854,0,retail,normalizer,buy,0.07339648185780993,7.299132738644403,100.0470141463774,0.0,99.18504361444842,99.582108007913,0.0,100.0,False
854,1,retail,normalizer,buy,0.02555254559178651,2.5386471711226477,100.0470141463774,0.0,99.18504361444842,99.582108007913,0.0,100.0,False
855,0,arb,normalizer,sell,0.0991876837470187,9.920997220113298,100.12159224205078,0.0,99.18504361444842,99.582108007913,0.0,100.0,False
855,1,retail,submission,sell,0.001111224757863738,0.11133140994399565,100.12159224205078,7.381784789087242e-05,99.11582050247833,99.5759505304063,0.0,100.0,False
855,2,retail,normalizer,sell,0.03374113303588899,3.3793551766616234,100.12159224205078,0.0,99.11582050247833,99.5759505304063,0.0,100.0,False
855,3,retail,submission,buy,0.036168587331425125,3.586170530057643,100.12159224205078,0.0350860227103067,99.11582050247833,99.5759505304063,0.0,100.0,False
855,4,retail,normalizer,buy,0.23921491608502088,23.766498829616467,100.12159224205078,0.0,99.11582050247833,99.5759505304063,0.0,100.0,False
856,0,arb,submission,sell,0.0643823177186107,6.449898080307945,100.24545800036536,-0.0041368465192217485,99.2430034203617,99.57124344783068,0.0,100.0,False
856,1,arb,normalizer,sell,0.2666117820683951,26.655572948708514,100.24545800036536,0.0,99.2430034203617,99.57124344783068,0.0,100.0,False
856,2,retail,submission,sell,0.04508750342370149,4.5218484879549266,100.24545800036536,0.002031057152929172,99.33221653751407,99.57002591869336,0.0,100.0,False
856,3,retail,normalizer,sell,0.04492894351336929,4.505946434472444,100.24545800036536,0.0,99.33221653751407,99.57002591869336,0.0,100.0,False
857,0,arb,submission,sell,0.03638903040796038,3.652438831905058,100.40838993128207,-0.0013251225187080884,99.40430603196926,99.57467448887793,0.0,100.0,False
857,1,arb,normalizer,sell,0.03626106055023115,3.6395942446097296,100.40838993128207,0.0,99.40430603196926,99.57467448887793,0.0,100.0,False
857,2,retail,submission,sell,0.05011393102937234,5.034374525089422,100.40838993128207,0.0025153973028286813,99.50371414895234,99.57627507490048,0.0,100.0,False
857,3,retail,normalizer,sell,0.04993769460449471,5.016670063483639,100.40838993128207,0.0,99.50371414895234,99.57627507490048,0.0,100.0,False
859,0,arb,submission,sell,0.03503921071677496,3.5229804557468123,100.5790990090487,-0.0012317881346168846,99.5733080189582,99.58581132265499,0.0,100.0,False
859,1,arb,normalizer,sell,0.034915987790540726,3.5105911366968,100.5790990090487,0.0,99.5733080189582,99.58581132265499,0.0,100.0,False
860,0,retail,normalizer,buy,0.11300895192196563,11.285509832876414,100.41051086813454,0.0,99.6128650684217,99.5962490976726,0.0,100.0,False
860,1,retail,submission,sell,0.01989986441232361,2.0019079591322377,100.41051086813454,0.003752407284214332,99.6128650684217,99.5962490976726,0.0,100.0,False
860,2,retail,normalizer,sell,0.1324998073220769,13.314336056494847,100.41051086813454,0.0,99.6128650684217,99.5962490976726,0.0,100.0,False
861,0,retail,submission,sell,0.010154159378288341,1.0218054820308617,100.48883918365617,0.0014257932208305846,99.37749626197379,99.74213081207522,0.0,97.0,False
861,1,retail,normalizer,sell,0.01011845009129786,1.0182120831247758,100.48883918365617,0.0,99.37749626197379,99.74213081207522,0.0,97.0,False
861,2,retail,submission,buy,0.07886999089613896,7.851877025581416,100.48883918365617,0.07367680599711779,99.37749626197379,99.74213081207522,0.0,97.0,False
861,3,retail,normalizer,buy,0.2815258515558306,28.083907909793197,100.48883918365617,0.0,99.37749626197379,99.74213081207522,0.0,97.0,False
861,4,retail,submission,buy,0.0498654724462236,4.95797040985417,100.48883918365617,0.05295303161143128,99.37749626197379,99.74213081207522,0.0,97.0,False
861,5,retail,normalizer,buy,0.04994043937269305,4.965424140560572,100.48883918365617,0.0,99.37749626197379,99.74213081207522,0.0,97.0,False
862,0,arb,submission,sell,0.04099682721209774,4.1157505746618925,100.43297517149682,-0.0016827548408651083,99.45877531233329,99.7538941788089,0.0,97.0,False
862,1,arb,normalizer,sell,0.22790369859754378,22.8369659576462,100.43297517149682,0.0,99.45877531233329,99.7538941788089,0.0,97.0,False
862,2,retail,submission,sell,0.015513378640349629,1.5582958610723545,100.43297517149682,0.00024108926009103193,99.48955766751531,99.75693719550674,0.0,97.0,False
862,3,retail,normalizer,sell,0.01546116457372193,1.5530510355688003,100.43297517149682,0.0,99.48955766751531,99.75693719550674,0.0,97.0,False
864,0,arb,submission,sell,0.07979868692929415,8.023286110577896,100.62417844467231,-0.0063912026459380655,99.648123913759,99.76825803260029,0.0,97.0,False
864,1,arb,normalizer,sell,0.07953010494895807,7.9962817806156465,100.62417844467231,0.0,99.648123913759,99.76825803260029,0.0,97.0,False
864,2,retail,normalizer,buy,0.026636772934183997,2.663537204374734,100.62417844467231,0.0,99.648123913759,99.76825803260029,0.0,97.0,False
865,0,arb,submission,sell,0.04510167684460953,4.540363352974012,100.71484622134689,-0.0020450947557186794,99.73791221299979,99.77924047208089,0.0,97.0,False
865,1,arb,normalizer,sell,0.07150673874562585,7.196633510590993,100.71484622134689,0.0,99.73791221299979,99.77924047208089,0.0,97.0,False
865,2,retail,normalizer,buy,0.03627325202253994,3.6300528545307316,100.71484622134689,0.0,99.73875095807196,99.78208145988845,0.0,97.0,False
865,3,retail,submission,sell,0.00042102398475662994,0.04240354417495491,100.71484622134689,1.782946922324058e-07,99.73875095807196,99.78208145988845,0.0,97.0,False
865,4,retail,normalizer,sell,0.036584039192121054,3.6832366065623363,100.71484622134689,0.0,99.73875095807196,99.78208145988845,0.0,97.0,False
866,0,retail,submission,sell,0.00828767540437525,0.8347680656571607,100.60095418451716,0.0010200120054564277,100.02132625722584,99.92443613482462,0.0,97.0,False
866,1,retail,normalizer,sell,0.00825978120762727,0.8319584497492044,100.60095418451716,0.0,100.02132625722584,99.92443613482462,0.0,97.0,False
866,2,retail,submission,sell,0.13325476890371135,13.440957126350321,100.60095418451716,0.03540022499963236,100.02132625722584,99.92443613482462,0.0,97.0,False
866,3,retail,normalizer,sell,0.13280626741705248,13.395718300731387,100.60095418451716,0.0,100.02132625722584,99.92443613482462,0.0,97.0,False
867,0,retail,normalizer,buy,0.003200838329476728,0.3213408795236319,100.5353508130361,0.0,100.02132625722584,99.92443613482462,0.0,97.0,False
867,1,retail,normalizer,buy,0.047861307702423986,4.802473654985079,100.5353508130361,0.0,100.02132625722584,99.92443613482462,0.0,97.0,False
868,0,retail,normalizer,buy,0.04054394649997866,4.06464397803029,100.41966585178014,0.0,100.02132625722584,99.92443613482462,0.0,97.0,False
869,0,retail,normalizer,buy,0.027764359638932413,2.7815547074005735,100.26695728712556,0.0,100.00674034975042,100.06442831707557,0.0,97.0,True
869,1,retail,submission,buy,0.007291418867701373,0.729244207523152,100.26695728712556,0.001844176647202933,100.00674034975042,100.06442831707557,0.0,97.0,True
869,2,retail,normalizer,buy,0.07493482446433834,7.499599097840473,100.26695728712556,0.0,100.00674034975042,100.06442831707557,0.0,97.0,True
869,3,retail,normalizer,sell,0.0376897537183396,3.7933788810659816,100.26695728712556,0.0,100.00674034975042,100.06442831707557,0.0,97.0,True
870,0,retail,normalizer,sell,0.0350474594466732,3.5300101886969975,100.09262140627119,0.0,100.00674034975042,100.06442831707557,0.0,97.0,True
871,0,arb,normalizer,buy,0.03802015754072462,3.806371800188572,100.07655089254405,0.0,100.00674034975042,100.06442831707557,0.0,97.0,True
872,0,arb,normalizer,buy,0.028441513729831627,2.8455201928609313,100.01971224525566,0.0,100.00674034975042,100.06442831707557,0.0,97.0,True
872,1,retail,normalizer,sell,0.08792816693139116,8.855354485988096,100.01971224525566,0.0,100.16614659024718,100.07732845772522,0.0,97.0,False
872,2,retail,submission,sell,0.07959991614228557,8.04490556502838,100.01971224525566,0.08334485773049671,100.16614659024718,100.07732845772522,0.0,97.0,False
872,3,retail,normalizer,sell,0.17138439232340374,17.30528086639705,100.01971224525566,0.0,100.16614659024718,100.07732845772522,0.0,97.0,False
873,0,arb,submission,buy,0.09671213019160518,9.677913920919309,99.97252124534032,-0.009358430656941863,99.97252124534033,100.20666716696653,0.0,97.0,True
873,1,arb,normalizer,buy,0.2837251881756583,28.445296650857927,99.97252124534032,0.0,99.97252124534033,100.20666716696653,0.0,97.0,True
873,2,retail,normalizer,sell,0.03050416612725826,3.068895955493555,99.97252124534032,0.0,99.97252124534033,100.20666716696653,0.0,97.0,True
874,0,arb,normalizer,buy,0.026995540370789252,2.6997339020163054,99.97970868736395,0.0,99.97252124534033,100.20666716696653,0.0,97.0,True
874,1,retail,submission,buy,0.06072420576636755,6.067068278276565,99.97970868736395,0.004120124516409085,99.8512333617858,100.08509521472064,0.0,97.0,True
874,2,retail,normalizer,buy,0.06441591115136272,6.436144773986598,99.97970868736395,0.0,99.8512333617858,100.08509521472064,0.0,97.0,True
875,0,retail,submission,sell,0.026261629220840632,2.6486361538492,99.95476244226549,0.023661243733216875,99.90366009410111,100.0927049078649,0.0,97.0,False
875,1,retail,normalizer,sell,0.2127738574434943,21.419391842440664,99.95476244226549,0.0,99.90366009410111,100.0927049078649,0.0,97.0,False
876,0,arb,normalizer,buy,0.1812973712079589,18.147210743345568,99.9152581008919,0.0,99.90366009410111,100.0927049078649,0.0,97.0,False
878,0,retail,submission,sell,0.016759065605512546,1.690974958328885,99.95237493407534,0.015866549381928552,99.93713821161568,100.23293283137848,0.0,97.0,True
878,1,retail,normalizer,sell,0.1974561379693256,19.88709976082339,99.95237493407534,0.0,99.93713821161568,100.23293283137848,0.0,97.0,True
879,0,arb,normalizer,buy,0.11726897253666707,11.749639598199792,100.07656825271948,0.0,99.93713821161568,100.23293283137848,0.0,97.0,True
879,1,retail,submission,sell,0.10152157439075893,10.25556193624696,100.07656825271948,0.09563116760663526,100.14029916435628,100.23870112362692,0.0,97.0,False
879,2,retail,normalizer,sell,0.21809704434355126,22.006038918464046,100.07656825271948,0.0,100.14029916435628,100.23870112362692,0.0,97.0,False
880,0,arb,submission,buy,0.01977505408245861,1.979888033323732,100.1006775557189,-0.0003917209686401524,100.1006775557189,100.33512363259807,0.0,97.0,True
880,1,arb,normalizer,buy,0.20669656098803144,20.733277980027196,100.1006775557189,0.0,100.1006775557189,100.33512363259807,0.0,97.0,True
882,0,arb,submission,buy,0.007684061718947532,0.7691206549989147,100.08528799279473,-5.912490364157197e-05,100.08528799279472,100.31969802573553,0.0,97.0,True
882,1,arb,normalizer,buy,0.007695613810249008,0.7702769382703991,100.08528799279473,0.0,100.08528799279472,100.31969802573553,0.0,97.0,True
882,2,retail,normalizer,sell,0.026861968444137574,2.7054197873604906,100.08528799279473,0.0,100.08528799279472,100.31969802573553,0.0,97.0,True
883,0,arb,submission,buy,0.022618289634252164,2.2632459061842383,100.04000889829703,-0.0005120099093920416,100.040008898297,100.27431288294393,0.0,97.0,True
883,1,arb,normalizer,buy,0.04959509043141151,4.96395196064077,100.04000889829703,0.0,100.040008898297,100.27431288294393,0.0,97.0,True
886,0,retail,submission,sell,0.016606896451065722,1.6779057549406629,100.27403360521879,0.012665262128110033,100.16626432176882,100.41597334378282,0.0,97.0,False
886,1,retail,normalizer,sell,0.20297547918204373,20.46967241235105,100.27403360521879,0.0,100.16626432176882,100.41597334378282,0.0,97.0,False
886,2,retail,submission,sell,0.0464232950334349,4.693414667266748,100.27403360521879,0.03836362101911117,100.16626432176882,100.41597334378282,0.0,97.0,False
886,3,retail,normalizer,sell,0.0462670460900938,4.677617833328742,100.27403360521879,0.0,100.16626432176882,100.41597334378282,0.0,97.0,False
887,0,arb,normalizer,buy,0.08758305661628167,8.798010081261964,100.36532613120423,0.0,100.16626432176882,100.41597334378282,0.0,97.0,False
887,1,retail,submission,buy,0.0363760520050641,3.642327204293906,100.36532613120423,0.008567118559998033,100.09337051047524,100.32779947350329,0.0,97.0,True
887,2,retail,normalizer,buy,0.13571523529233628,13.602637072413927,100.36532613120423,0.0,100.09337051047524,100.32779947350329,0.0,97.0,True
888,0,retail,submission,buy,0.17390763401410056,17.376767615773133,100.30106478125963,0.06635324943075815,99.74597490030149,100.18743882961668,0.0,97.0,True
888,1,retail,normalizer,buy,0.17416908387461869,17.40289156079234,100.30106478125963,0.0,99.74597490030149,100.18743882961668,0.0,97.0,True
890,0,retail,submission,buy,0.0649368953771091,6.472995915995853,100.27576373855256,0.03860086275424557,99.61672141655743,100.04727455314224,0.0,97.0,True
890,1,retail,normalizer,buy,0.0650345204315408,6.482727310989503,100.27576373855256,0.0,99.61672141655743,100.04727455314224,0.0,97.0,True
891,0,arb,normalizer,sell,0.016487796141106514,1.6526318493546526,100.25016374843631,0.0,99.61672141655743,100.04727455314224,0.0,97.0,True
892,0,retail,submission,buy,0.09625136090286596,9.57904273206077,100.14560487639888,0.0601080257333102,99.57240482362981,100.04939350548503,0.0,82.67531967388327,False
892,1,retail,normalizer,buy,0.11293347197301723,11.241117660272721,100.14560487639888,0.0,99.57240482362981,100.04939350548503,0.0,82.67531967388327,False
892,2,retail,normalizer,sell,0.0696438259510046,6.970961311267757,100.14560487639888,0.0,99.57240482362981,100.04939350548503,0.0,82.67531967388327,False
892,3,retail,submission,sell,0.07395762070292733,7.43101520180198,100.14560487639888,0.024484541288042116,99.57240482362981,100.04939350548503,0.0,82.67531967388327,False
892,4,retail,normalizer,sell,0.19260414117981384,19.329228653109915,100.14560487639888,0.0,99.57240482362981,100.04939350548503,0.0,82.67531967388327,False
896,0,retail,submission,sell,0.09477740877170504,9.524895545818023,100.27412796726092,0.02117353023867352,99.87309554675116,100.18945206665674,0.0,82.67531967388327,False
896,1,retail,normalizer,sell,0.020777011491531994,2.0895801889690073,100.27412796726092,0.0,99.87309554675116,100.18945206665674,0.0,82.67531967388327,False
896,2,retail,submission,sell,0.05619558952167836,5.656038797470029,100.27412796726092,0.0210750625775864,99.87309554675116,100.18945206665674,0.0,82.67531967388327,False
896,3,retail,normalizer,sell,0.05604694153434764,5.6410775026301705,100.27412796726092,0.0,99.87309554675116,100.18945206665674,0.0,82.67531967388327,False
897,0,retail,submission,sell,0.18430120448537934,18.594426675976866,100.23228185988397,0.12149640088221147,100.3605778823727,100.18894318405756,0.0,82.67531967388327,False
897,1,retail,normalizer,sell,0.18381369286137783,18.545240892457674,100.23228185988397,0.0,100.3605778823727,100.18894318405756,0.0,82.67531967388327,False
897,2,retail,normalizer,buy,0.03084920909732878,3.098528813199664,100.23228185988397,0.0,100.3605778823727,100.18894318405756,0.0,82.67531967388327,False
897,3,retail,submission,sell,0.05901431893046549,5.968556911650412,100.23228185988397,0.05341706284290826,100.3605778823727,100.18894318405756,0.0,82.67531967388327,False
897,4,retail,normalizer,sell,0.0896148763395388,9.060621317464502,100.23228185988397,0.0,100.3605778823727,100.18894318405756,0.0,82.67531967388327,False
898,0,arb,submission,buy,0.12230421725534768,12.25950102643219,100.1150965044848,-0.015002513007582152,100.11509650448482,100.31477022485238,0.0,82.67531967388327,True
898,1,arb,normalizer,buy,0.23703230229492223,23.78684207018341,100.1150965044848,0.0,100.11509650448482,100.31477022485238,0.0,82.67531967388327,True
898,2,retail,normalizer,sell,0.029360781896315302,2.958044253118702,100.1150965044848,0.0,100.11509650448482,100.31477022485238,0.0,82.67531967388327,True
899,0,arb,submission,buy,0.0893601194441942,8.93830510647058,99.93630744847108,-0.007984736063489706,99.93630744847108,100.17442780915117,0.0,82.67531967388327,True
899,1,arb,normalizer,buy,0.11894359125387481,11.900912926881574,99.93630744847108,0.0,99.93630744847108,100.17442780915117,0.0,82.67531967388327,True
900,0,retail,submission,sell,0.11013450547346793,11.110422955874492,99.95698888298824,0.10170941662965127,100.15673000962786,100.1797504034209,0.0,82.67531967388327,False
900,1,retail,normalizer,sell,0.22428591839643275,22.60014893949613,99.95698888298824,0.0,100.15673000962786,100.1797504034209,0.0,82.67531967388327,False
901,0,arb,submission,buy,0.06961853114992778,6.967909671720918,100.01731120266058,-0.004851376226471693,100.0173112026606,100.21678989594736,0.0,82.67531967388327,True
901,1,arb,normalizer,buy,0.18438391542964944,18.475601293986983,100.01731120266058,0.0,100.0173112026606,100.21678989594736,0.0,82.67531967388327,True
902,0,arb,submission,buy,0.05024095434086462,5.022441624427302,99.91687890101771,-0.002522273679571363,99.91687890101768,100.116157287937,0.0,82.67531967388327,True
902,1,arb,normalizer,buy,0.05031648576060692,5.029992280089573,99.91687890101771,0.0,99.91687890101768,100.116157287937,0.0,82.67531967388327,True
902,2,retail,submission,buy,0.07109708816700333,7.098754239037589,99.91687890101771,0.005044909559861921,99.77501322644069,100.11788610335253,0.0,82.67531967388327,False
902,3,retail,normalizer,buy,0.07120397435338821,7.109426388744396,99.91687890101771,0.0,99.77501322644069,100.11788610335253,0.0,82.67531967388327,False
905,0,retail,submission,buy,0.07477703129992098,7.455310701845519,100.2134675233477,0.03835489582146678,99.62613042314295,99.97781913256499,0.0,82.67531967388327,True
905,1,retail,normalizer,buy,0.07488944985195391,7.466518892642853,100.2134675233477,0.0,99.62613042314295,99.97781913256499,0.0,82.67531967388327,True
906,0,retail,submission,buy,0.015565252835534534,1.5504650268194382,100.18655568076986,0.008964043073103278,99.59518154800064,99.83794811833495,0.0,82.67531967388327,True
906,1,retail,normalizer,buy,0.015588653379197284,1.552795970295847,100.18655568076986,0.0,99.59518154800064,99.83794811833495,0.0,82.67531967388327,True
907,0,retail,submission,buy,0.04701121064700709,4.679894441816941,100.170855681223,0.0292587553039807,99.50179520346062,99.70024573015645,0.0,82.67531967388327,True
907,1,retail,normalizer,buy,0.047081886523505485,4.686930117713928,100.170855681223,0.0,99.50179520346062,99.70024573015645,0.0,82.67531967388327,True
908,0,arb,normalizer,sell,0.06101122747938348,6.111040302245218,100.22363979995889,0.0,99.50179520346062,99.70024573015645,0.0,82.67531967388327,True
908,1,retail,submission,sell,0.03748566699370315,3.7623920659961603,100.22363979995889,0.005442079558048096,99.5762487267559,99.70670200875527,0.0,82.67531967388327,False
908,2,retail,normalizer,sell,0.09106762895015663,9.135445470026843,100.22363979995889,0.0,99.5762487267559,99.70670200875527,0.0,82.67531967388327,False
910,0,retail,normalizer,buy,0.04003478619760855,3.9940698530208465,100.24918356739505,0.0,99.5762487267559,99.70670200875527,0.0,82.67531967388327,False
911,0,retail,submission,sell,0.019368881319778097,1.945134852004071,100.25635081146203,0.003281491582824536,99.614751685087,99.84638914975066,0.0,82.67531967388327,True
911,1,retail,normalizer,sell,0.05923232879588625,5.946077718948507,100.25635081146203,0.0,99.614751685087,99.84638914975066,0.0,82.67531967388327,True
912,0,retail,normalizer,buy,0.06808749514200578,6.793473317582539,100.42628607979631,0.0,99.67179960043532,99.85186582015419,0.0,82.67531967388327,False
912,1,retail,normalizer,sell,0.053504980703849014,5.369896652574045,100.42628607979631,0.0,99.67179960043532,99.85186582015419,0.0,82.67531967388327,False
912,2,retail,submission,sell,0.028677270419649403,2.881318436307957,100.42628607979631,0.0013666731565655788,99.67179960043532,99.85186582015419,0.0,82.67531967388327,False
912,3,retail,normalizer,sell,0.04297966555576238,4.317715213028871,100.42628607979631,0.0,99.67179960043532,99.85186582015419,0.0,82.67531967388327,False
914,0,retail,normalizer,buy,0.00281930167991135,0.2816419971186406,100.1877555866738,0.0,99.80283778396758,99.85717847746317,0.0,82.67531967388327,False
914,1,retail,submission,sell,0.06577811939472156,6.615223412516747,100.1877555866738,0.025061263647335963,99.80283778396758,99.85717847746317,0.0,82.67531967388327,False
914,2,retail,normalizer,sell,0.06841496757419918,6.880214358053025,100.1877555866738,0.0,99.80283778396758,99.85717847746317,0.0,82.67531967388327,False
919,0,retail,normalizer,buy,0.006387252745411222,0.6388885065352952,100.06460175590439,0.0,99.80283778396758,99.85717847746317,0.0,82.67531967388327,False
920,0,arb,normalizer,buy,0.05511381216103711,5.509405902013896,99.90917299624769,0.0,99.80283778396758,99.85717847746317,0.0,82.67531967388327,False
921,0,arb,normalizer,buy,0.005769985330572179,0.576441267014161,99.89766703739407,0.0,99.80283778396758,99.85717847746317,0.0,82.67531967388327,False
921,1,retail,submission,sell,0.00175996256155031,0.1771166640856742,99.89766703739407,0.001300510113642156,99.80634739684008,99.86233202512221,0.0,82.67531967388327,False
921,2,retail,normalizer,sell,0.06882454421322848,6.921618744257451,99.89766703739407,0.0,99.80634739684008,99.86233202512221,0.0,82.67531967388327,False
922,0,retail,submission,buy,0.03516064921042713,3.5080237207566825,100.03885715401574,0.009407443047693587,99.68941109033717,99.9369110531508,0.0,82.67531967388327,False
922,1,retail,normalizer,buy,0.15007531911854427,14.990385584555042,100.03885715401574,0.0,99.68941109033717,99.9369110531508,0.0,82.67531967388327,False
922,2,retail,submission,buy,0.023529331072632973,2.346176339626254,100.03885715401574,0.007671050478419872,99.68941109033717,99.9369110531508,0.0,82.67531967388327,False
922,3,retail,normalizer,buy,0.02356470467979663,2.3497035423297348,100.03885715401574,0.0,99.68941109033717,99.9369110531508,0.0,82.67531967388327,False
924,0,retail,submission,buy,0.017235726873932683,1.7179238252974756,100.06796062570557,0.006820212878635434,99.65510896339681,99.85386526544431,0.0,82.67531967388327,True
924,1,retail,normalizer,buy,0.017261638780637176,1.7205065235611983,100.06796062570557,0.0,99.65510896339681,99.85386526544431,0.0,82.67531967388327,True
925,0,retail,submission,buy,0.02966995162331225,2.9558867654577625,100.02998403015268,0.011998021597564357,99.59610199929176,99.79474061539115,0.0,82.67531967388327,True
925,1,retail,normalizer,buy,0.02971455693781408,2.960330596728454,100.02998403015268,0.0,99.59610199929176,99.79474061539115,0.0,82.67531967388327,True
926,0,retail,submission,buy,0.0794611179053242,7.907746722403317,99.85460284223674,0.026811647432977814,99.43832931276877,99.65512573175191,0.0,82.67531967388327,True
926,1,retail,normalizer,buy,0.07958057843566377,7.919635098027356,99.85460284223674,0.0,99.43832931276877,99.65512573175191,0.0,82.67531967388327,True
927,0,retail,normalizer,sell,0.10373623695664946,10.388292145904039,99.84025118384172,0.0,99.43832931276877,99.65512573175191,0.0,82.67531967388327,True
928,0,retail,normalizer,buy,0.027286804260258722,2.7182457554408757,100.00996505097648,0.0,99.45053388074301,99.79474061539115,0.0,82.67531967388327,True
928,1,retail,submission,sell,0.006153493005356836,0.6170319444264214,100.00996505097648,0.0016213240192560763,99.45053388074301,99.79474061539115,0.0,82.67531967388327,True
928,2,retail,normalizer,sell,0.044334863869323726,4.443912362585905,100.00996505097648,0.0,99.45053388074301,99.79474061539115,0.0,82.67531967388327,True
938,0,arb,normalizer,buy,0.0052585506301755965,0.5241386641264398,99.66837365171929,0.0,99.45053388074301,99.79474061539115,0.0,82.67531967388327,True
946,0,retail,submission,sell,0.022291153521791784,2.2358449535085745,99.94972319242288,0.007850329365683084,99.49476399386103,99.93455109675395,0.0,82.67531967388327,True
946,1,retail,normalizer,sell,0.02747496417327966,2.7556465313185594,99.94972319242288,0.0,99.49476399386103,99.93455109675395,0.0,82.67531967388327,True
947,0,retail,submission,buy,0.09876601054609842,9.817029546038611,99.86384080070421,0.046123607657634125,99.29901639675911,99.93377306641558,0.0,98.51773281236927,False
947,1,retail,normalizer,buy,0.21395601696691774,21.290947217263238,99.86384080070421,0.0,99.29901639675911,99.93377306641558,0.0,98.51773281236927,False
948,0,retail,submission,buy,0.04707824973266063,4.672631822510084,99.89547553283698,0.030272321787705003,99.1407408139917,99.93282317220074,0.0,100.0,False
948,1,retail,normalizer,buy,0.047149026394600724,4.679656579903167,99.89547553283698,0.0,99.1407408139917,99.93282317220074,0.0,100.0,False
948,2,retail,normalizer,sell,0.02338753318018405,2.334710261130758,99.89547553283698,0.0,99.1407408139917,99.93282317220074,0.0,100.0,False
948,3,retail,submission,buy,0.03299474312238605,3.2721982810198824,99.89547553283698,0.02382727327467471,99.1407408139917,99.93282317220074,0.0,100.0,False
948,4,retail,normalizer,buy,0.056502253774325384,5.604823780140578,99.89547553283698,0.0,99.1407408139917,99.93282317220074,0.0,100.0,False
949,0,arb,normalizer,sell,0.04354379718941459,4.344869730613888,99.82494495750265,0.0,99.1407408139917,99.93282317220074,0.0,100.0,False
950,0,arb,normalizer,sell,0.032975463332618915,3.292857067633488,99.89065646751682,0.0,99.1407408139917,99.93282317220074,0.0,100.0,False
952,0,retail,normalizer,sell,0.11314403599975265,11.314807853700746,99.83064716407355,0.0,99.1407408139917,99.93282317220074,0.0,100.0,False
955,0,retail,normalizer,buy,0.00827322946533174,0.8232576305817929,99.714761470365,0.0,99.1407408139917,99.93282317220074,0.0,100.0,False
956,0,retail,normalizer,buy,0.15988921959702687,15.88374938207744,99.7042938901601,0.0,98.71375803282314,99.93209699221325,0.0,100.0,False
956,1,retail,normalizer,sell,0.15394972511005278,15.385044511534025,99.7042938901601,0.0,98.71375803282314,99.93209699221325,0.0,100.0,False
956,2,retail,submission,buy,0.2169740167640946,21.46459269173829,99.7042938901601,0.16864844223752584,98.71375803282314,99.93209699221325,0.0,100.0,False
956,3,retail,normalizer,buy,0.39378472536913195,39.02442161869294,99.7042938901601,0.0,98.71375803282314,99.93209699221325,0.0,100.0,False
957,0,arb,submission,sell,0.0012765973203698877,0.12729223976518803,99.71339613480586,-1.614545486250396e-06,98.71626217345779,99.93139260266727,0.0,100.0,False
957,1,arb,normalizer,sell,0.20413987030674718,20.314132141981517,99.71339613480586,0.0,98.71626217345779,99.93139260266727,0.0,100.0,False
957,2,retail,submission,sell,0.017444449744601798,1.739746862709085,99.71339613480586,0.00030153497189311373,98.75049030912797,99.93121040137959,0.0,100.0,False
957,3,retail,normalizer,sell,0.017383102582371635,1.7336286684079936,99.71339613480586,0.0,98.75049030912797,99.93121040137959,0.0,100.0,False
958,0,arb,submission,sell,0.004761357176391812,0.4749581855606385,99.75740986322289,-2.247378987707549e-05,98.75983576459066,99.79140459371797,0.0,100.0,True
958,1,arb,normalizer,sell,0.00474461283903338,0.473287892868469,99.75740986322289,0.0,98.75983576459066,99.79140459371797,0.0,100.0,True
958,2,retail,submission,buy,0.12266624584697108,12.09974830831743,99.75740986322289,0.1371186550217267,98.51949245129389,99.78712093295853,0.0,100.0,False
958,3,retail,normalizer,buy,0.3262813839737706,32.24936140099999,99.75740986322289,0.0,98.51949245129389,99.78712093295853,0.0,100.0,False
959,0,arb,submission,sell,0.08270323648768851,8.236944313727571,99.67822086155122,-0.0067671588573468,98.68143865293571,99.6475167094109,0.0,100.0,True
959,1,arb,normalizer,sell,0.2854800689865442,28.375391121816744,99.67822086155122,0.0,98.68143865293571,99.6475167094109,0.0,100.0,True
959,2,retail,submission,sell,0.003131479556586214,0.3121500211215832,99.67822086155122,9.710256750061763e-06,98.6875784363338,99.64375641170408,0.0,100.0,False
959,3,retail,normalizer,sell,0.0031204670347051433,0.3110522783848232,99.67822086155122,0.0,98.6875784363338,99.64375641170408,0.0,100.0,False
959,4,retail,normalizer,buy,0.02698322856179506,2.672976045483665,99.67822086155122,0.0,98.6875784363338,99.64375641170408,0.0,100.0,False
959,5,retail,normalizer,buy,0.04613115050383783,4.5664630781884625,99.67822086155122,0.0,98.6875784363338,99.64375641170408,0.0,100.0,False
960,0,arb,submission,sell,0.001048679212047432,0.10453807086433341,99.68649967008454,-1.0890614574460278e-06,98.6896346733837,99.6297693499479,0.0,100.0,False
960,1,arb,normalizer,sell,0.07394002723434312,7.3653932322869204,99.68649967008454,0.0,98.6896346733837,99.6297693499479,0.0,100.0,False
960,2,retail,submission,sell,0.022825482382799578,2.275908514306638,99.68649967008454,0.0005160722841672793,98.7344065201746,99.62615168293078,0.0,100.0,False
960,3,retail,normalizer,sell,0.022745211661089115,2.267904792154408,99.68649967008454,0.0,98.7344065201746,99.62615168293078,0.0,100.0,False
961,0,arb,submission,sell,0.014156154356740558,1.4120162940775798,99.75978678460169,-0.00019864624076859627,98.76218891675565,99.51944811240733,0.0,100.0,True
961,1,arb,normalizer,sell,0.014106371193022937,1.4070506348613883,99.75978678460169,0.0,98.76218891675565,99.51944811240733,0.0,100.0,True
961,2,retail,normalizer,buy,0.16733989255461182,16.566215427739735,99.75978678460169,0.0,98.76218891675565,99.51944811240733,0.0,100.0,True
962,0,arb,normalizer,sell,0.06438594362053607,6.40591324138612,99.55623928645187,0.0,98.76218891675565,99.51944811240733,0.0,100.0,True
963,0,arb,normalizer,sell,0.06987511031070426,6.9613493623517115,99.69499679478375,0.0,98.76218891675565,99.51944811240733,0.0,100.0,True
965,0,arb,normalizer,sell,0.004409941344533763,0.439668418675956,99.70376375580264,0.0,98.76218891675565,99.51944811240733,0.0,100.0,True
965,1,retail,normalizer,buy,0.03213975882041371,3.1842397362288466,99.70376375580264,0.0,98.76218891675565,99.51944811240733,0.0,100.0,True
966,0,arb,normalizer,sell,0.032541940002303704,3.243533789263108,99.70475504601033,0.0,98.76218891675565,99.51944811240733,0.0,100.0,True
967,0,arb,submission,sell,0.00237595018445802,0.23702988056182295,99.76449800665371,-5.596879447705705e-06,98.76685302658717,99.51164682794844,0.0,100.0,False
967,1,arb,normalizer,sell,0.030035871787063684,2.9956163207124855,99.76449800665371,0.0,98.76685302658717,99.51164682794844,0.0,100.0,False
968,0,arb,submission,sell,0.04667459777323302,4.658628764407309,99.85711580829721,-0.0021619507401116067,98.85854465021423,99.61654265356148,0.0,100.0,True
968,1,arb,normalizer,sell,0.046510456504037734,4.642245693646576,99.85711580829721,0.0,98.85854465021423,99.61654265356148,0.0,100.0,True
969,0,arb,submission,sell,0.01569716917020969,1.5677187186303505,99.88829315415401,-0.0002447171339035048,98.88941022261247,99.6476448877712,0.0,100.0,True
969,1,arb,normalizer,sell,0.015641966696179566,1.5622054983224585,99.88829315415401,0.0,98.88941022261247,99.6476448877712,0.0,100.0,True
969,2,retail,normalizer,buy,0.029093006049291513,2.8878046630634344,99.88829315415401,0.0,98.88941022261247,99.6476448877712,0.0,100.0,True
970,0,arb,normalizer,sell,0.003131430496651433,0.31262201029517633,99.83672877055021,0.0,98.88941022261247,99.6476448877712,0.0,100.0,True
971,0,retail,submission,sell,0.003838970141728737,0.38348281473991724,99.83500184601698,0.00021922355362474777,98.89696104543964,99.65525360654098,0.0,100.0,True
971,1,retail,normalizer,sell,0.029699766111406234,2.96600635008584,99.83500184601698,0.0,98.89696104543964,99.65525360654098,0.0,100.0,True
973,0,arb,submission,sell,0.021273396108242082,2.125575162268672,99.93820111469805,-0.0004497763894599771,98.93881910355108,99.69743261136044,0.0,100.0,True
973,1,arb,normalizer,sell,0.021198583631999668,2.1181001197066816,99.93820111469805,0.0,98.93881910355108,99.69743261136044,0.0,100.0,True
975,0,arb,submission,sell,0.004573744414386738,0.457112585066014,99.94729493597096,-2.0796880447093713e-05,98.94782198661123,99.7065045240367,0.0,100.0,True
975,1,arb,normalizer,sell,0.00455765985770995,0.45550505027300237,99.94729493597096,0.0,98.94782198661123,99.7065045240367,0.0,100.0,True
975,2,retail,submission,buy,0.02713046813411879,2.6837764509291446,99.94729493597096,0.0278404494225879,98.89443678802762,99.70442021139972,0.0,100.0,False
975,3,retail,normalizer,buy,0.2304086433434902,22.838384381284413,99.94729493597096,0.0,98.89443678802762,99.70442021139972,0.0,100.0,False
975,4,retail,normalizer,sell,0.09196985091806198,9.158513980905594,99.94729493597096,0.0,98.89443678802762,99.70442021139972,0.0,100.0,False
976,0,arb,submission,sell,0.004515621232840772,0.4511008819095841,99.90234270138944,-2.0258003345430264e-05,98.90331927437555,99.66166058720444,0.0,100.0,True
976,1,arb,normalizer,sell,0.115212249570817,11.496754313727143,99.90234270138944,0.0,98.90331927437555,99.66166058720444,0.0,100.0,True
976,2,retail,submission,sell,0.012204760219319155,1.219432148450531,99.90234270138944,0.00014801043182388618,98.92733272789944,99.65957721200655,0.0,100.0,False
976,3,retail,normalizer,sell,0.012161839553087361,1.2151437528330595,99.90234270138944,0.0,98.92733272789944,99.65957721200655,0.0,100.0,False
976,4,retail,normalizer,buy,0.19006018395014077,18.842648005460433,99.90234270138944,0.0,98.92733272789944,99.65957721200655,0.0,100.0,False
977,0,arb,normalizer,sell,0.09489062579621077,9.455269351374929,99.73815886871364,0.0,98.92733272789944,99.65957721200655,0.0,100.0,False
978,0,arb,normalizer,sell,0.010307816302187689,1.0281883059668522,99.75866592060922,0.0,98.92733272789944,99.65957721200655,0.0,100.0,False
978,1,retail,normalizer,buy,0.09199070207624375,9.113555241168797,99.75866592060922,0.0,98.92733272789944,99.65957721200655,0.0,100.0,False
979,0,arb,normalizer,sell,0.16801666191454956,16.758553738581064,99.91066291334447,0.0,98.92733272789944,99.65957721200655,0.0,100.0,False
979,1,retail,normalizer,buy,0.004400725477986072,0.4370261432341067,99.91066291334447,0.0,98.92733272789944,99.65957721200655,0.0,100.0,False
980,0,arb,normalizer,sell,0.004520522443215214,0.451629216784471,99.91092815702069,0.0,98.92733272789944,99.65957721200655,0.0,100.0,False
981,0,arb,submission,sell,0.028651127157985457,2.863825792038103,99.98357532891548,-0.0008163384206718582,98.98373957562632,99.74269751120644,0.0,100.0,True
981,1,arb,normalizer,sell,0.03640699951623105,3.638779305549257,99.98357532891548,0.0,98.98373957562632,99.74269751120644,0.0,100.0,True
983,0,retail,submission,sell,0.013185036085488377,1.3184600025080666,99.9012321962283,0.0012586510160430553,99.00971379870568,99.76887089167074,0.0,100.0,True
983,1,retail,normalizer,sell,0.013138668068179982,1.3138233541264719,99.9012321962283,0.0,99.00971379870568,99.76887089167074,0.0,100.0,True
984,0,retail,submission,buy,0.019948771772930515,1.9747302048435813,99.84281735751726,0.017011371787915897,98.84636694087787,99.75902716514236,0.0,100.0,False
984,1,retail,normalizer,buy,0.22315261750084792,22.134573268236636,99.84281735751726,0.0,98.84636694087787,99.75902716514236,0.0,100.0,False
984,2,retail,submission,buy,0.06305577154916094,6.236743809371546,99.84281735751726,0.058922072748662124,98.84636694087787,99.75902716514236,0.0,100.0,False
984,3,retail,normalizer,buy,0.06315056855315034,6.24612002685717,99.84281735751726,0.0,98.84636694087787,99.75902716514236,0.0,100.0,False
985,0,arb,submission,sell,0.035625198936173774,3.5582517015041737,99.9155809779195,-0.0012607476575889898,98.91642516814032,99.67486697042452,0.0,100.0,True
985,1,arb,normalizer,sell,0.23823155177228728,23.746580824010167,99.9155809779195,0.0,98.91642516814032,99.67486697042452,0.0,100.0,True
985,2,retail,submission,sell,0.020742416857117973,2.072918268626575,99.9155809779195,0.0004276374614411438,99.03135172818624,99.67071638013014,0.0,100.0,False
985,3,retail,normalizer,sell,0.020669471683689267,2.065628405365114,99.9155809779195,0.0,99.03135172818624,99.67071638013014,0.0,100.0,False
985,4,retail,submission,sell,0.037616813266950544,3.761464517951124,99.9155809779195,0.0029587658458503086,99.03135172818624,99.67071638013014,0.0,100.0,False
985,5,retail,normalizer,sell,0.037484525646547695,3.748236518364508,99.9155809779195,0.0,99.03135172818624,99.67071638013014,0.0,100.0,False
986,0,retail,normalizer,buy,0.013252119289899214,1.3175159024413006,99.95346453912394,0.0,99.03135172818624,99.67071638013014,0.0,100.0,False
991,0,arb,normalizer,sell,0.009027353053724596,0.9028643186173864,100.023307510844,0.0,99.03135172818624,99.67071638013014,0.0,100.0,False
992,0,arb,submission,sell,0.05131371112260297,5.135618618184864,100.13390822416451,-0.0026238220071510554,99.13256914192286,99.81035310596309,0.0,100.0,True
992,1,arb,normalizer,sell,0.05531826529107775,5.536174134787666,100.13390822416451,0.0,99.13256914192286,99.81035310596309,0.0,100.0,True
992,2,retail,submission,sell,0.02074226819523517,2.0774334136537203,100.13390822416451,0.0004290338310353192,99.17352776384142,99.80892486041789,0.0,100.0,False
992,3,retail,normalizer,sell,0.020669323544609597,2.0701276719125046,100.13390822416451,0.0,99.17352776384142,99.80892486041789,0.0,100.0,False
993,0,arb,submission,sell,0.015411144757123907,1.5440527207810917,100.20603610777576,-0.00023700721342567732,99.20397574669799,99.94875521363078,0.0,100.0,True
993,1,arb,normalizer,sell,0.015356948149516825,1.5386227270496005,100.20603610777576,0.0,99.20397574669799,99.94875521363078,0.0,100.0,True
994,0,arb,submission,sell,0.0032194384714472335,0.32261751276757533,100.2124628286244,-1.034538137389962e-05,99.21033820033817,99.9413962159164,0.0,100.0,False
994,1,arb,normalizer,sell,0.0032081166231137104,0.3214829588433899,100.2124628286244,0.0,99.21033820033817,99.9413962159164,0.0,100.0,False
995,0,retail,submission,sell,0.07470238417030828,7.491684223231364,100.19731398183865,0.00670598132705269,99.35814172181048,100.08141215890952,0.0,100.0,True
995,1,retail,normalizer,sell,0.07443967715762767,7.465338103169288,100.19731398183865,0.0,99.35814172181048,100.08141215890952,0.0,100.0,True
995,2,retail,normalizer,buy,0.04401624208809386,4.389155237737214,100.19731398183865,0.0,99.35814172181048,100.08141215890952,0.0,100.0,True
996,0,retail,submission,sell,0.004417187810446421,0.443336259925759,100.19029604205195,0.0007769055237887845,99.3668917556963,100.12878751105204,0.0,100.0,True
996,1,retail,normalizer,sell,0.04828584718053719,4.844139497254265,100.19029604205195,0.0,99.3668917556963,100.12878751105204,0.0,100.0,True
1001,0,arb,submission,sell,0.014675545888138686,1.473208828807548,100.39997064008371,-0.00021554748877727903,99.39597093368289,100.1580896536689,0.0,100.0,True
1001,1,arb,normalizer,sell,0.014623936172313279,1.4680279728729353,100.39997064008371,0.0,99.39597093368289,100.1580896536689,0.0,100.0,True
1003,0,retail,submission,buy,0.08453744921902133,8.395605882064046,100.27311716920093,0.08122766866025266,99.22863718934605,100.15023830638887,0.0,100.0,False
1003,1,retail,normalizer,buy,0.28744324093549395,28.604381755154463,100.27311716920093,0.0,99.22863718934605,100.15023830638887,0.0,100.0,False
1004,0,arb,normalizer,sell,0.1547251766055524,15.469582314496511,100.13559693985921,0.0,99.22863718934605,100.15023830638887,0.0,100.0,False
1005,0,arb,submission,sell,0.023853441133667275,2.3914212177554175,100.2785959195246,-0.0005683669777698519,99.27580996032938,100.03700734591571,0.0,100.0,True
1005,1,arb,normalizer,sell,0.07138513489769593,7.1532952754430825,100.2785959195246,0.0,99.27580996032938,100.03700734591571,0.0,100.0,True
1005,2,retail,submission,sell,0.03514511971586387,3.5255378183092105,100.2785959195246,0.0012345597787799534,99.34537456914028,100.03491612428907,0.0,100.0,False
1005,3,retail,normalizer,sell,0.035021524337821575,3.5131395057423145,100.2785959195246,0.0,99.34537456914028,100.03491612428907,0.0,100.0,False
1010,0,retail,normalizer,buy,0.08354365323548256,8.326348092790795,100.21797783627382,0.0,99.26969781327814,100.02713716362116,0.0,100.0,False
1010,1,retail,submission,buy,0.03823483665921937,3.797007149680212,100.21797783627382,0.034810863206984344,99.26969781327814,100.02713716362116,0.0,100.0,False
1010,2,retail,normalizer,buy,0.15757899534158512,15.667380509563372,100.21797783627382,0.0,99.26969781327814,100.02713716362116,0.0,100.0,False
1011,0,arb,normalizer,sell,0.16628206915348187,16.6338582245462,100.20024137455853,0.0,99.26969781327814,100.02713716362116,0.0,100.0,False
1013,0,arb,submission,sell,0.016424956563255932,1.6472397450490113,100.30524899606039,-0.0002696127778512025,99.30219650609975,100.06359621055572,0.0,100.0,True
1013,1,arb,normalizer,sell,0.052384030519576186,5.251642143255854,100.30524899606039,0.0,99.30219650609975,100.06359621055572,0.0,100.0,True
1013,2,retail,normalizer,buy,0.006616231565673551,0.6596233586424205,100.30524899606039,0.0,99.30219650609975,100.06359621055572,0.0,100.0,True
1014,0,arb,submission,sell,0.06201250582846285,6.224026022446748,100.42933279259289,-0.003848562702553515,99.42503946466692,100.18738106764725,0.0,100.0,True
1014,1,arb,normalizer,sell,0.06839080837526978,6.863746078486833,100.42933279259289,0.0,99.42503946466692,100.18738106764725,0.0,100.0,True
1015,0,arb,submission,sell,0.06036578486612143,6.066146832401703,100.55034287711136,-0.003653533932746811,99.54483944834023,100.3080996178314,0.0,100.0,True
1015,1,arb,normalizer,sell,0.060153495590625994,6.0448139214013,100.55034287711136,0.0,99.54483944834023,100.3080996178314,0.0,100.0,True
1015,2,retail,normalizer,buy,0.0758040285622216,7.570728125663663,100.55034287711136,0.0,99.54483944834023,100.3080996178314,0.0,100.0,True
1016,0,arb,submission,sell,0.006519409285246525,0.6555714809982961,100.5634248591485,-4.264478462778776e-05,99.55779061055699,100.32115008309917,0.0,100.0,True
1016,1,arb,normalizer,sell,0.08207309885580116,8.246774674399104,100.5634248591485,0.0,99.55779061055699,100.32115008309917,0.0,100.0,True
1016,2,retail,submission,sell,0.12947912899933556,13.037708404953225,100.5634248591485,0.016843745000548083,99.81553242946316,100.31905292161635,0.0,100.0,False
1016,3,retail,normalizer,sell,0.12902378777341994,12.991858497140345,100.5634248591485,0.0,99.81553242946316,100.31905292161635,0.0,100.0,False
1023,0,retail,submission,buy,0.014483977764192357,1.4455167770975095,100.45229705343715,0.00943205978651962,99.78665086084523,100.17870451433475,0.0,100.0,True
1023,1,retail,normalizer,buy,0.21685782663163822,21.686424225621522,100.45229705343715,0.0,99.78665086084523,100.17870451433475,0.0,100.0,True
1024,0,arb,normalizer,sell,0.021568843422670625,2.1657220130688977,100.43141375819123,0.0,99.78665086084523,100.17870451433475,0.0,100.0,True
1025,0,arb,normalizer,sell,0.04738630652556708,4.761331443667609,100.52672492340506,0.0,99.78665086084523,100.17870451433475,0.0,100.0,True
1026,0,arb,normalizer,sell,0.03801607899909243,3.8230869391525544,100.60328726073492,0.0,99.78665086084523,100.17870451433475,0.0,100.0,True
1026,1,retail,normalizer,buy,0.07460588941207026,7.455078093831617,100.60328726073492,0.0,99.78665086084523,100.17870451433475,0.0,100.0,True
1027,0,arb,normalizer,sell,0.13743562716328483,13.82491386622017,100.73046671005667,0.0,99.78665086084523,100.17870451433475,0.0,100.0,True
1028,0,retail,submission,sell,0.05743509275458791,5.792470377913772,100.66840402480398,0.010571255292824766,99.94062787945593,100.18288055501237,0.0,100.0,False
1028,1,retail,normalizer,sell,0.08898253693476477,8.971252398483504,100.66840402480398,0.0,99.94062787945593,100.18288055501237,0.0,100.0,False
1028,2,retail,submission,sell,0.019711187073838232,1.9894548524831135,100.66840402480398,0.005161108325472785,99.94062787945593,100.18288055501237,0.0,100.0,False
1028,3,retail,normalizer,sell,0.019641868441908628,1.9824585062888376,100.66840402480398,0.0,99.94062787945593,100.18288055501237,0.0,100.0,False
1029,0,retail,normalizer,buy,0.053090281018070555,5.324534700866934,100.63576204016034,0.0,101.41880318532407,100.18607322013285,100.0,0.0,False
1029,1,retail,normalizer,sell,0.031729498123780786,3.2007161341808854,100.63576204016034,0.0,101.41880318532407,100.18607322013285,100.0,0.0,False
1029,2,retail,submission,sell,0.731640276762306,74.40338394565298,100.63576204016034,0.7742071544044933,101.41880318532407,100.18607322013285,100.0,0.0,False
1029,3,retail,normalizer,sell,0.7502688183036668,76.2815686673831,100.63576204016034,0.0,101.41880318532407,100.18607322013285,100.0,0.0,False
1030,0,arb,normalizer,buy,0.6150372648627292,62.24321099309236,100.57904643495861,0.0,101.41880318532407,100.18607322013285,100.0,0.0,False
1031,0,retail,submission,sell,0.03074033930104747,3.118613870792019,100.60439391212725,0.02600066675699253,101.4816261000133,100.19174437282344,100.0,0.0,False
1031,1,retail,normalizer,sell,0.14549265018908386,14.743254489741833,100.60439391212725,0.0,101.4816261000133,100.19174437282344,100.0,0.0,False
1032,0,arb,normalizer,buy,0.17710453239964474,17.83350656092989,100.51627973184932,0.0,101.4816261000133,100.19174437282344,100.0,0.0,False
1034,0,retail,submission,buy,0.12597906636225142,12.640832984714507,100.63356503595084,0.0368895832194891,101.22710321858766,100.33211104869194,100.0,0.0,True
1034,1,retail,normalizer,buy,0.15012663398275922,15.06752609342766,100.63356503595084,0.0,101.22710321858766,100.33211104869194,100.0,0.0,True
1037,0,retail,submission,buy,0.00713151036794024,0.7146323516990378,100.54849022735095,0.002430248838053317,101.21272365686934,100.44258006021728,100.0,0.0,True
1037,1,retail,normalizer,buy,0.007106430876747099,0.7121191932183137,100.54849022735095,0.0,101.21272365686934,100.44258006021728,100.0,0.0,True
1044,0,retail,submission,buy,0.06408512456379221,6.417271698599507,100.47764194289172,0.021850501186822413,100.95023002096875,100.31657917230713,100.0,0.0,False
1044,1,retail,normalizer,buy,0.06385975542972346,6.394703981432031,100.47764194289172,0.0,100.95023002096875,100.31657917230713,100.0,0.0,False
1044,2,retail,submission,buy,0.06636565480229677,6.637013155992463,100.47764194289172,0.03125134453826384,100.95023002096875,100.31657917230713,100.0,0.0,False
1044,3,retail,normalizer,buy,0.06613226569277271,6.6136726706918125,100.47764194289172,0.0,100.95023002096875,100.31657917230713,100.0,0.0,False
1045,0,retail,submission,buy,0.008090252268179709,0.8084806381539238,100.52226235196352,0.004769822841604765,100.93398441922902,100.17623422585143,100.0,0.0,True
1045,1,retail,normalizer,buy,0.008061801154778217,0.8056374419793428,100.52226235196352,0.0,100.93398441922902,100.17623422585143,100.0,0.0,True
1046,0,retail,normalizer,sell,0.11675077986777183,11.750328163987405,100.52204903473515,0.0,100.93398441922902,100.17623422585143,100.0,0.0,True
1048,0,retail,submission,sell,0.023106500543562447,2.3327726993251257,100.3857405361045,0.01320953106170819,100.98086268600635,100.1837793986393,100.0,0.0,False
1048,1,retail,normalizer,sell,0.10802529903411084,10.896676888421853,100.3857405361045,0.0,100.98086268600635,100.1837793986393,100.0,0.0,False
1049,0,arb,normalizer,buy,0.04247435396192393,4.26159016618476,100.29064078786527,0.0,100.98086268600635,100.1837793986393,100.0,0.0,False
1049,1,retail,submission,sell,0.1498138378100009,15.15114013780276,100.29064078786527,0.1262143449484494,101.28559753817831,100.1910987592203,100.0,0.0,False
1049,2,retail,normalizer,sell,0.19238599635583853,19.448331517684675,100.29064078786527,0.0,101.28559753817831,100.1910987592203,100.0,0.0,False
1050,0,arb,normalizer,buy,0.1348371195763229,13.5569246211453,100.40732998040562,0.0,101.28559753817831,100.1910987592203,100.0,0.0,False
1050,1,retail,normalizer,sell,0.03353561677454309,3.388656781026138,100.40732998040562,0.0,101.28559753817831,100.1910987592203,100.0,0.0,False
1051,0,arb,normalizer,buy,0.04066852124948164,4.084504969401678,100.39320270480371,0.0,101.28559753817831,100.1910987592203,100.0,0.0,False
1051,1,retail,normalizer,sell,0.03292963147501382,3.32693560229969,100.39320270480371,0.0,101.28559753817831,100.1910987592203,100.0,0.0,False
1052,0,arb,submission,buy,0.014924009964071653,1.49624891039457,100.24292822507644,-0.00022245073580973163,101.25548305563277,100.33146453059676,100.0,0.0,True
1052,1,arb,normalizer,buy,0.10792134859616476,10.8300365444411,100.24292822507644,0.0,101.25548305563277,100.33146453059676,100.0,0.0,True
1053,0,arb,submission,buy,0.028314157573231108,2.837493709705086,100.18640224044404,-0.000800129974039443,101.19838610145861,100.4283516015297,100.0,0.0,True
1053,1,arb,normalizer,buy,0.02821458474386076,2.827515052340459,100.18640224044404,0.0,101.19838610145861,100.4283516015297,100.0,0.0,True
1053,2,retail,normalizer,sell,0.11155146768345503,11.25588551174501,100.18640224044404,0.0,101.19838610145861,100.4283516015297,100.0,0.0,True
1054,0,arb,submission,buy,0.06970289103203367,6.978437578847661,100.0474519302677,-0.004840938919584481,101.05803225279566,100.2890657274644,100.0,0.0,True
1054,1,arb,normalizer,buy,0.18134489488366487,18.17601425628709,100.0474519302677,0.0,101.05803225279566,100.2890657274644,100.0,0.0,True
1055,0,arb,submission,buy,0.019381616388915463,1.9387073759662599,100.00886670926005,-0.00037388591720333153,101.01905728208087,100.25038732345614,100.0,0.0,True
1055,1,arb,normalizer,buy,0.019313456763235242,1.931889494195275,100.00886670926005,0.0,101.01905728208087,100.25038732345614,100.0,0.0,True
1055,2,retail,normalizer,sell,0.050102005199192945,5.04337520207929,100.00886670926005,0.0,101.01905728208087,100.25038732345614,100.0,0.0,True
1056,0,arb,submission,buy,0.003341541573784162,0.3341726748167275,100.00221657273994,-1.1110668349467723e-05,101.01233997246459,100.25824652198762,100.0,0.0,False
1056,1,arb,normalizer,buy,0.05358255381327149,5.361242561151812,100.00221657273994,0.0,101.01233997246459,100.25824652198762,100.0,0.0,False
1059,0,retail,submission,sell,0.03635587945932173,3.6737348180214386,100.24060189579198,0.029399578568168216,101.08619913550687,100.26587053324153,100.0,0.0,False
1059,1,retail,normalizer,sell,0.2379671571895443,23.997865280379386,100.24060189579198,0.0,101.08619913550687,100.26587053324153,100.0,0.0,False
1060,0,arb,normalizer,buy,0.20019251676867117,20.07523743577258,100.07912928705542,0.0,101.08619913550687,100.26587053324153,100.0,0.0,False
1061,0,arb,submission,buy,0.053262781624701376,5.327466431637731,99.9693100718998,-0.0028229001060724457,100.97910108272708,100.21073515713265,100.0,0.0,True
1061,1,arb,normalizer,buy,0.054972195787795324,5.498550159218212,99.9693100718998,0.0,100.97910108272708,100.21073515713265,100.0,0.0,True
1062,0,arb,submission,buy,0.039875488629179195,3.984744358016542,99.8900425485655,-0.0015801022029919842,100.89903287733887,100.13127620336277,100.0,0.0,True
1062,1,arb,normalizer,buy,0.039735257890683745,3.970731146811886,99.8900425485655,0.0,100.89903287733887,100.13127620336277,100.0,0.0,True
1062,2,retail,submission,buy,0.031891335551365724,3.184616894866849,99.8900425485655,0.001009970289652884,100.83506501432049,100.13336943938889,100.0,0.0,False
1062,3,retail,normalizer,buy,0.03177918280569955,3.1734175041092385,99.8900425485655,0.0,100.83506501432049,100.13336943938889,100.0,0.0,False
1063,0,retail,normalizer,sell,0.04924658502238799,4.948193157609866,99.92722043920193,0.0,100.83506501432049,100.13336943938889,100.0,0.0,False
1065,0,arb,normalizer,buy,0.011907329508389995,1.189700554305091,99.90142410096306,0.0,100.83506501432049,100.13336943938889,100.0,0.0,False
1065,1,retail,normalizer,sell,0.03737645154537006,3.757871700567553,99.90142410096306,0.0,100.83506501432049,100.13336943938889,100.0,0.0,False
1066,0,arb,submission,buy,0.06843025545088258,6.8265236018451105,99.69103214705541,-0.004640805859962072,100.69801226975295,99.99328080709749,100.0,0.0,True
1066,1,arb,normalizer,buy,0.1431659638510688,14.292762771570779,99.69103214705541,0.0,100.69801226975295,99.99328080709749,100.0,0.0,True
1067,0,arb,submission,buy,0.016302240487388504,1.6249240167890093,99.65874917328826,-0.0002631210937338313,100.66540320534166,99.89942425643193,100.0,0.0,True
1067,1,arb,normalizer,buy,0.016244910149844867,1.619209621738264,99.65874917328826,0.0,100.66540320534166,99.89942425643193,100.0,0.0,True
1068,0,arb,submission,buy,0.00034078262038894186,0.033961854729568586,99.65807449618146,-1.149598434918575e-07,100.66472171331459,99.90725594097076,100.0,0.0,False
1068,1,arb,normalizer,buy,0.0003395841849554947,0.033842420556538855,99.65807449618146,0.0,100.66472171331459,99.90725594097076,100.0,0.0,False
1069,0,retail,submission,buy,0.07613938257912485,7.582170009989568,99.69602988688034,0.008624151187479612,100.51263263389554,99.76748364608929,100.0,0.0,True
1069,1,retail,normalizer,buy,0.07587162205221966,7.555505677180918,99.69602988688034,0.0,100.51263263389554,99.76748364608929,100.0,0.0,True
1070,0,retail,submission,buy,0.0620290405282741,6.16855741067593,99.74931276570487,0.01879675353546606,100.38898372062606,99.6279068955077,100.0,0.0,True
1070,1,retail,normalizer,buy,0.0618109020562667,6.146864350834221,99.74931276570487,0.0,100.38898372062606,99.6279068955077,100.0,0.0,True
1072,0,retail,submission,buy,0.15556332521610924,15.436855542977355,99.66871524690211,0.06794122084826348,100.07988502052348,99.48852541565553,100.0,0.0,True
1072,1,retail,normalizer,buy,0.15501625329986993,15.382568517863547,99.66871524690211,0.0,100.07988502052348,99.48852541565553,100.0,0.0,True
1073,0,arb,normalizer,sell,0.03502272957335606,3.4921534613351,99.74588396649078,0.0,100.07988502052348,99.48852541565553,100.0,0.0,True
1073,1,retail,normalizer,buy,0.019043107328707152,1.8877344279262616,99.74588396649078,0.0,99.97410249787252,99.35078136406239,100.0,0.0,False
1073,2,retail,submission,buy,0.02455886544147677,2.432678245328134,99.74588396649078,0.016967497346068505,99.97410249787252,99.35078136406239,100.0,0.0,False
1073,3,retail,normalizer,buy,0.04055750549156473,4.018065781699988,99.74588396649078,0.0,99.97410249787252,99.35078136406239,100.0,0.0,False
1073,4,retail,submission,buy,0.028845035345171497,2.855734349554041,99.74588396649078,0.021439198994760655,99.97410249787252,99.35078136406239,100.0,0.0,False
1073,5,retail,normalizer,buy,0.02874359556982763,2.8456915450515226,99.74588396649078,0.0,99.97410249787252,99.35078136406239,100.0,0.0,False
1074,0,arb,normalizer,sell,0.03273120750210978,3.260138676415083,99.63586633571299,0.0,99.97410249787252,99.35078136406239,100.0,0.0,False
1075,0,retail,normalizer,sell,0.11703438306021496,11.674439884608383,99.60033457635737,0.0,99.97410249787252,99.35078136406239,100.0,0.0,False
1075,1,retail,normalizer,buy,0.09306254700116648,9.22981121085104,99.60033457635737,0.0,99.97410249787252,99.35078136406239,100.0,0.0,False
1076,0,arb,normalizer,sell,0.0029180760675444617,0.29089409938220934,99.68984881246449,0.0,99.97410249787252,99.35078136406239,100.0,0.0,False
1076,1,retail,normalizer,sell,0.01706036903804886,1.7010349275841148,99.68984881246449,0.0,99.97410249787252,99.35078136406239,100.0,0.0,False
1077,0,arb,normalizer,sell,0.04554558216361215,4.544040743678385,99.81440816566193,0.0,99.97410249787252,99.35078136406239,100.0,0.0,False
1079,0,arb,normalizer,sell,0.04260989020910699,4.254889574805206,99.89931737901053,0.0,99.97410249787252,99.35078136406239,100.0,0.0,False
1079,1,retail,submission,buy,0.5394285671971818,53.106030316737815,99.89931737901053,0.7825153209983569,98.91493968225254,99.35614739019054,0.0,79.40668439017692,False
1079,2,retail,normalizer,buy,0.7031445381785942,69.33772191260687,99.89931737901053,0.0,98.91493968225254,99.35614739019054,0.0,79.40668439017692,False
1080,0,arb,submission,sell,0.09993848390018911,9.974448252662894,99.90517977318336,-0.009923947644891129,99.11186586526406,99.49534341101604,0.0,79.40668439017692,True
1080,1,arb,normalizer,sell,0.7039750180225752,69.84006496059047,99.90517977318336,0.0,99.11186586526406,99.49534341101604,0.0,79.40668439017692,True
1081,0,arb,submission,sell,0.07315126012017004,7.313515911731659,100.05085216726081,-0.005330000400315171,99.25638152315942,99.63473444274648,0.0,79.40668439017692,True
1081,1,arb,normalizer,sell,0.07296978319561731,7.295372213684185,100.05085216726081,0.0,99.25638152315942,99.63473444274648,0.0,79.40668439017692,True
1082,0,arb,submission,sell,0.05505917768043389,5.511741061439655,100.16070649849702,-0.003025074258881766,99.36536353757468,99.77432075858832,0.0,79.40668439017692,True
1082,1,arb,normalizer,sell,0.054922584404820896,5.4980672871913026,100.16070649849702,0.0,99.36536353757468,99.77432075858832,0.0,79.40668439017692,True
1083,0,retail,submission,sell,0.18548996929646933,18.613222302864244,100.13714407740248,0.038786522510733334,100.00835252795837,99.7737716708817,0.0,79.40668439017692,False
1083,1,retail,normalizer,sell,0.1850297974674362,18.56704578677634,100.13714407740248,0.0,100.00835252795837,99.7737716708817,0.0,79.40668439017692,False
1083,2,retail,submission,sell,0.09678218800968352,9.739132845764622,100.13714407740248,0.047640940912689445,100.00835252795837,99.7737716708817,0.0,79.40668439017692,False
1083,3,retail,normalizer,sell,0.09654208642012918,9.71497156851606,100.13714407740248,0.0,100.00835252795837,99.7737716708817,0.0,79.40668439017692,False
1083,4,retail,submission,sell,0.040740471556887314,4.1053271655368535,100.13714407740248,0.02569269546351105,100.00835252795837,99.7737716708817,0.0,79.40668439017692,False
1083,5,retail,normalizer,sell,0.04063940076919437,4.095142485915047,100.13714407740248,0.0,100.00835252795837,99.7737716708817,0.0,79.40668439017692,False
1084,0,arb,normalizer,buy,0.0003589473881047005,0.03596815677337872,100.20417732832966,0.0,100.00835252795837,99.7737716708817,0.0,79.40668439017692,False
1085,0,arb,normalizer,buy,0.01590651366181647,1.593645744424066,100.17232231759093,0.0,100.00835252795837,99.7737716708817,0.0,79.40668439017692,False
1086,0,retail,normalizer,buy,0.03314426651673641,3.3190387827762606,100.27192160515541,0.0,100.02188593339761,99.91355277516303,0.0,79.40668439017692,True
1086,1,retail,submission,sell,0.0067651684188660965,0.6820349377849052,100.27192160515541,0.003678500442690802,100.02188593339761,99.91355277516303,0.0,79.40668439017692,True
1086,2,retail,normalizer,sell,0.05600988346978397,5.6438862288574585,100.27192160515541,0.0,100.02188593339761,99.91355277516303,0.0,79.40668439017692,True
1087,0,retail,submission,sell,0.05110549716206947,5.155218050311303,100.27939543262217,0.030389691615389403,100.12420892521216,99.92875037230166,0.0,79.40668439017692,False
1087,1,retail,normalizer,sell,0.05097871235427931,5.142428754328595,100.27939543262217,0.0,100.12420892521216,99.92875037230166,0.0,79.40668439017692,False
1088,0,arb,normalizer,buy,0.04893258880434204,4.9065641348170175,100.22286333086706,0.0,100.12420892521216,99.92875037230166,0.0,79.40668439017692,False
1088,1,retail,normalizer,buy,0.012149446491997977,1.2175044528175931,100.22286333086706,0.0,100.12420892521216,99.92875037230166,0.0,79.40668439017692,False
1092,0,retail,submission,sell,0.3758282563655655,38.07388323919828,100.5206836445648,0.2953699763868727,100.88153564919726,99.94349425020583,100.0,0.0,False
1092,1,retail,normalizer,sell,0.43579467397390204,44.12192391914063,100.5206836445648,0.0,100.88153564919726,99.94349425020583,100.0,0.0,False
1093,0,arb,normalizer,buy,0.30768946666205627,31.005418262551757,100.45824250942903,0.0,100.88153564919726,99.94349425020583,100.0,0.0,False
1093,1,retail,submission,sell,0.09738089382928194,9.833552228764644,100.45824250942903,0.050838780677677775,101.07916835315531,99.95779789022653,100.0,0.0,False
1093,2,retail,normalizer,sell,0.007615458843048373,0.7697054029119954,100.45824250942903,0.0,101.07916835315531,99.95779789022653,100.0,0.0,False
1093,3,retail,normalizer,buy,0.1353888832156112,13.584601043592556,100.45824250942903,0.0,101.07916835315531,99.95779789022653,100.0,0.0,False
1094,0,retail,normalizer,buy,0.007886769623921827,0.7902067043269199,100.45169385958964,0.0,101.07916835315531,99.95779789022653,100.0,0.0,False
1094,1,retail,normalizer,sell,0.041189334067340155,4.153183604330721,100.45169385958964,0.0,101.07916835315531,99.95779789022653,100.0,0.0,False
1096,0,retail,submission,sell,0.11955554892918485,12.099118467573232,100.4963360200846,0.08422384932020677,101.32259930595868,99.97505533106398,100.0,0.0,False
1096,1,retail,normalizer,sell,0.22139177857762604,22.382186411545575,100.4963360200846,0.0,101.32259930595868,99.97505533106398,100.0,0.0,False
1097,0,arb,normalizer,buy,0.08302710165696589,8.355170953514971,100.54819672328637,0.0,101.32259930595868,99.97505533106398,100.0,0.0,False
1098,0,retail,submission,sell,0.02719996179513373,2.7567256007408774,100.56699289921123,0.02130723603084661,101.41074243035338,100.002020860138,100.0,0.0,False
1098,1,retail,normalizer,sell,0.1100188741198167,11.141181905595953,100.56699289921123,0.0,101.41074243035338,100.002020860138,100.0,0.0,False
1098,2,retail,submission,sell,0.01598332765986754,1.6206202747290224,100.56699289921123,0.013225075453356938,101.41074243035338,100.002020860138,100.0,0.0,False
1098,3,retail,normalizer,sell,0.016007356730284528,1.6230566884428268,100.56699289921123,0.0,101.41074243035338,100.002020860138,100.0,0.0,False
1099,0,arb,normalizer,buy,0.12830729874147262,12.917169980744802,100.54436756592497,0.0,101.41074243035338,100.002020860138,100.0,0.0,False
1100,0,retail,normalizer,sell,0.015673896817631316,1.5856698822943511,100.59286771064801,0.0,101.41617123304341,100.02366488325558,100.0,0.0,False
1100,1,retail,submission,sell,0.002657851315774451,0.2695418895826628,100.59286771064801,0.0021810037803917104,101.41617123304341,100.02366488325558,100.0,0.0,False
1100,2,retail,normalizer,sell,0.11491032711312243,11.640315327138499,100.59286771064801,0.0,101.41617123304341,100.02366488325558,100.0,0.0,False
1101,0,arb,normalizer,buy,0.20092125687522927,20.21387137329657,100.40369504222281,0.0,101.41617123304341,100.02366488325558,100.0,0.0,False
1101,1,retail,submission,sell,0.03647174879810677,3.700184165326984,100.40369504222281,0.038285821345314996,101.49071077495368,100.04686922061491,100.0,0.0,False
1101,2,retail,normalizer,sell,0.2368450729265703,23.980442420672407,100.40369504222281,0.0,101.49071077495368,100.04686922061491,100.0,0.0,False
1102,0,arb,submission,buy,0.0385059756377421,3.867433598950811,100.39867464352523,-0.0014846790656330988,101.41280267022748,100.18703292922639,100.0,0.0,True
1102,1,arb,normalizer,buy,0.240056666301375,24.159395635844703,100.39867464352523,0.0,101.41280267022748,100.18703292922639,100.0,0.0,True
1102,2,retail,normalizer,sell,0.022000165383786907,2.2225907318101177,100.39867464352523,0.0,101.41280267022748,100.18703292922639,100.0,0.0,True
1103,0,arb,normalizer,buy,0.00730207689676864,0.7333890622576291,100.42834196080115,0.0,101.41280267022748,100.18703292922639,100.0,0.0,True
1103,1,retail,submission,buy,0.01730858889246889,1.7374595665787638,100.42834196080115,0.0008133175730262732,101.3778118898365,100.32739300445449,100.0,0.0,True
1103,2,retail,normalizer,buy,0.03201200709462076,3.213883313404949,100.42834196080115,0.0,101.3778118898365,100.32739300445449,100.0,0.0,True
1104,0,retail,submission,buy,0.05951097816739617,5.9692208595406555,100.66069551151595,0.021195593360084253,101.25764347148706,100.467949721405,100.0,0.0,True
1104,1,retail,normalizer,buy,0.05930169500366292,5.9482288095878175,100.66069551151595,0.0,101.25764347148706,100.467949721405,100.0,0.0,True
1106,0,retail,submission,buy,0.07994731153645136,8.007945757490234,100.76048188373348,0.04758387823157051,100.67824551799447,100.32948947737944,100.0,0.0,False
1106,1,retail,normalizer,buy,0.07966615960773822,7.979784092620321,100.76048188373348,0.0,100.67824551799447,100.32948947737944,100.0,0.0,False
1106,2,retail,submission,buy,0.20848155860907053,20.822785018624927,100.76048188373348,0.1839172906968436,100.67824551799447,100.32948947737944,100.0,0.0,False
1106,3,retail,normalizer,buy,0.20774838833511383,20.749557213255684,100.76048188373348,0.0,100.67824551799447,100.32948947737944,100.0,0.0,False
1107,0,arb,submission,sell,0.09586344462972818,9.660655805273564,100.872206084756,-0.009301337410972721,100.872206084756,100.47004913144755,100.0,0.0,True
1107,1,arb,normalizer,sell,0.2978983345788748,29.96015756682954,100.872206084756,0.0,100.872206084756,100.47004913144755,100.0,0.0,True
1107,2,retail,normalizer,buy,0.007525458855878115,0.7545050401404296,100.872206084756,0.0,100.93542294278505,100.4692209377281,100.0,0.0,False
1107,3,retail,submission,sell,0.031184699347349465,3.1466549642267134,100.872206084756,0.0009855449697222518,100.93542294278505,100.4692209377281,100.0,0.0,False
1107,4,retail,normalizer,sell,0.03873446438785777,3.908160959492683,100.872206084756,0.0,100.93542294278505,100.4692209377281,100.0,0.0,False
1108,0,retail,normalizer,buy,0.01578145157398799,1.5831145049232873,100.91918662884837,0.0,100.93542294278505,100.4692209377281,100.0,0.0,False
1109,0,arb,submission,sell,0.018884650315740714,1.906491881072725,100.9737343376289,-0.0003617829678976836,100.9737343376289,100.60997635284144,100.0,0.0,True
1109,1,arb,normalizer,sell,0.034647148405937855,3.497236208773645,100.9737343376289,0.0,100.9737343376289,100.60997635284144,100.0,0.0,True
1109,2,retail,normalizer,buy,0.017409737912089895,1.7470902478871722,100.9737343376289,0.0,100.9737343376289,100.60997635284144,100.0,0.0,True
1110,0,arb,submission,sell,0.01337169878152622,1.3503718050542375,101.00087476903086,-0.00018146902789473174,101.00087476903086,100.75092896354066,100.0,0.0,True
1110,1,arb,normalizer,sell,0.0307493102706502,3.1047492214465153,101.00087476903086,0.0,101.00087476903086,100.75092896354066,100.0,0.0,True
1111,0,arb,submission,sell,0.009259863372079735,0.9353413445096521,101.01967585366002,-8.705178702195226e-05,101.01967585366003,100.7763018896338,100.0,0.0,True
1111,1,arb,normalizer,sell,0.009273784497523252,0.9367475212162415,101.01967585366002,0.0,101.01967585366003,100.7763018896338,100.0,0.0,True
1112,0,arb,submission,sell,0.0007985921291435716,0.08067416555968521,101.02129754876562,-6.475386297999375e-07,101.02129754876563,100.76840208097664,100.0,0.0,False
1112,1,arb,normalizer,sell,0.0007997927193343912,0.08079544976450269,101.02129754876562,0.0,101.02129754876563,100.76840208097664,100.0,0.0,False
1112,2,retail,submission,sell,0.016528890907181903,1.6700474528218414,101.02129754876562,0.0002774463363319768,101.05487141514206,100.76635876461418,100.0,0.0,False
1112,3,retail,normalizer,sell,0.016553740168376407,1.6725581745409197,101.02129754876562,0.0,101.05487141514206,100.76635876461418,100.0,0.0,False
1113,0,arb,submission,sell,0.07982694698458204,8.073380498812185,101.2172536082694,-0.006483838900130934,101.21725360826942,100.90753046401619,100.0,0.0,True
1113,1,arb,normalizer,sell,0.0799469574963041,8.085517885517358,101.2172536082694,0.0,101.21725360826942,100.90753046401619,100.0,0.0,True
1114,0,retail,normalizer,buy,0.03750220161265226,3.7717121362475154,101.07798250038452,0.0,101.32117049657987,101.0488999422102,100.0,0.0,True
1114,1,retail,submission,sell,0.05098472289439826,5.1631820346383535,101.07798250038452,0.009749106131412333,101.32117049657987,101.0488999422102,100.0,0.0,True
1114,2,retail,normalizer,sell,0.08845106749132015,8.954005597319087,101.07798250038452,0.0,101.32117049657987,101.0488999422102,100.0,0.0,True
1117,0,retail,normalizer,buy,0.14874815583730436,14.958748223914881,101.13267334610595,0.0,101.32117049657987,101.0488999422102,100.0,0.0,True
1118,0,arb,normalizer,sell,0.09957531476835868,10.069140370693146,101.22200170847871,0.0,101.32117049657987,101.0488999422102,100.0,0.0,True
1118,1,retail,normalizer,buy,0.10806263019221346,10.861029177945966,101.22200170847871,0.0,101.24403856453657,101.04182369135245,100.0,0.0,False
1118,2,retail,submission,buy,0.03821789541970712,3.8320996300990373,101.22200170847871,0.036392245369017306,101.24403856453657,101.04182369135245,100.0,0.0,False
1118,3,retail,normalizer,buy,0.08300242245373296,8.326374159434636,101.22200170847871,0.0,101.24403856453657,101.04182369135245,100.0,0.0,False
1119,0,arb,submission,sell,0.04160837127666639,4.214363947910897,101.32886626697909,-0.001765140769245832,101.3288662669791,101.08474740948643,100.0,0.0,True
1119,1,arb,normalizer,sell,0.2429967806474309,24.562596893033326,101.32886626697909,0.0,101.3288662669791,101.08474740948643,100.0,0.0,True
1119,2,retail,submission,sell,0.20915363276012044,21.238014730213024,101.32886626697909,0.04471424700992088,101.75689054879692,101.08263428539843,100.0,0.0,False
1119,3,retail,normalizer,sell,0.20946807087214836,21.269943610277238,101.32886626697909,0.0,101.75689054879692,101.08263428539843,100.0,0.0,False
1119,4,retail,normalizer,buy,0.07612030172311297,7.693479375384413,101.32886626697909,0.0,101.75689054879692,101.08263428539843,100.0,0.0,False
1120,0,retail,submission,sell,0.10012918441105967,10.19913608960919,101.3625859114098,0.04978303250376115,101.96276136760525,101.07477385159412,100.0,0.0,False
1120,1,retail,normalizer,sell,0.1761716577886716,17.93109856528273,101.3625859114098,0.0,101.96276136760525,101.07477385159412,100.0,0.0,False
1121,0,arb,normalizer,buy,0.012659467856010378,1.2828978946690768,101.32611206952518,0.0,101.96276136760525,101.07477385159412,100.0,0.0,False
1121,1,retail,submission,buy,0.0010871416285260468,0.10973829020258563,101.32611206952518,0.00041754428489070017,101.9605451795012,101.06714981482001,100.0,0.0,False
1121,2,retail,normalizer,buy,0.18964254746219306,19.17918471072153,101.32611206952518,0.0,101.9605451795012,101.06714981482001,100.0,0.0,False
1122,0,retail,normalizer,sell,0.0818065927224012,8.31424780352181,101.40042650282271,0.0,101.9605451795012,101.06714981482001,100.0,0.0,False
1125,0,retail,normalizer,sell,0.018386819478180882,1.8705930955124768,101.36085475378088,0.0,101.9605451795012,101.06714981482001,100.0,0.0,False
1127,0,retail,submission,buy,0.026636682536278936,2.688016013311426,101.47753095136453,0.015008763205490716,101.9062676449738,101.1308467625999,100.0,0.0,True
1127,1,retail,normalizer,buy,0.1270379058001572,12.832849402773718,101.47753095136453,0.0,101.9062676449738,101.1308467625999,100.0,0.0,True
1127,2,retail,normalizer,sell,0.1662469048001185,16.901538423944437,101.47753095136453,0.0,101.9062676449738,101.1308467625999,100.0,0.0,True
1129,0,retail,normalizer,sell,0.03300812767704997,3.3625203657747074,101.45569176161743,0.0,101.9062676449738,101.1308467625999,100.0,0.0,True
1130,0,retail,normalizer,buy,0.10441076370555917,10.564979116526956,101.51795033837962,0.0,102.15883399680777,101.14082585348918,100.0,0.0,False
1130,1,retail,submission,sell,0.1200290095645471,12.246547226825424,101.51795033837962,0.061448194686839486,102.15883399680777,101.14082585348918,100.0,0.0,False
1130,2,retail,normalizer,sell,0.2257225986174518,23.005985178600906,101.51795033837962,0.0,102.15883399680777,101.14082585348918,100.0,0.0,False
1130,3,retail,submission,sell,0.0024996817599003407,0.2553581222824099,101.51795033837962,0.0015955535190937398,102.15883399680777,101.14082585348918,100.0,0.0,False
1130,4,retail,normalizer,sell,0.0025034397401384467,0.2557420234597028,101.51795033837962,0.0,102.15883399680777,101.14082585348918,100.0,0.0,False
1134,0,retail,normalizer,buy,0.1415369679465735,14.352186811760475,101.57249052381029,0.0,102.15883399680777,101.14082585348918,100.0,0.0,False
1135,0,retail,normalizer,buy,0.036442456319373,3.6887463065268093,101.51743290233196,0.0,102.15883399680777,101.14082585348918,100.0,0.0,False
1135,1,retail,normalizer,sell,0.03466907157719845,3.5303336934818432,101.51743290233196,0.0,102.15883399680777,101.14082585348918,100.0,0.0,False
1136,0,retail,normalizer,buy,0.04451244558918259,4.505083434574772,101.53360013724657,0.0,102.15883399680777,101.14082585348918,100.0,0.0,False
1137,0,retail,submission,buy,0.008617237329971083,0.8714485066921043,101.42761478359881,0.0025773217110502955,102.1412186593763,101.28252217396467,100.0,0.0,True
1137,1,retail,normalizer,buy,0.02189396025849647,2.214399819204118,101.42761478359881,0.0,102.1412186593763,101.28252217396467,100.0,0.0,True
1140,0,retail,submission,buy,0.07420733218677192,7.498263787263568,101.21599859517295,0.01270544310427102,101.98971256909917,101.21365674112094,100.0,0.0,True
1140,1,retail,normalizer,buy,0.07394636613089511,7.471894528744087,101.21599859517295,0.0,101.98971256909917,101.21365674112094,100.0,0.0,True
1142,0,retail,submission,buy,0.16192446599113874,16.323057694122326,101.08789823123176,0.045546245136456776,101.66028603493704,101.0720567647948,100.0,0.0,True
1142,1,retail,normalizer,buy,0.16135502375421812,16.265654148402973,101.08789823123176,0.0,101.66028603493704,101.0720567647948,100.0,0.0,True
1143,0,retail,submission,buy,0.05593286271857923,5.626148161640231,101.0950985738589,0.02839010841265477,101.54686446905828,100.93065488973227,100.0,0.0,True
1143,1,retail,normalizer,buy,0.055736162767955046,5.606362600668945,101.0950985738589,0.0,101.54686446905828,100.93065488973227,100.0,0.0,True
1147,0,retail,normalizer,sell,0.09360057394482624,9.475416157815191,101.03194800480985,0.0,101.54686446905828,100.93065488973227,100.0,0.0,True
1147,1,retail,normalizer,buy,0.08666005081689251,8.720882598572643,101.03194800480985,0.0,101.54686446905828,100.93065488973227,100.0,0.0,True
1148,0,retail,submission,buy,0.04785805915570453,4.8089414823189145,101.13737926285653,0.03129719729579783,101.44996774191871,100.78945083878563,100.0,0.0,True
1148,1,retail,normalizer,buy,0.05491192577958741,5.518137115297577,101.13737926285653,0.0,101.44996774191871,100.78945083878563,100.0,0.0,True
1149,0,arb,normalizer,sell,0.01782106532060368,1.8009768944470135,101.07695890060599,0.0,101.44996774191871,100.78945083878563,100.0,0.0,True
1149,1,retail,normalizer,sell,0.08949332249217434,9.053846753291241,101.07695890060599,0.0,101.44996774191871,100.78945083878563,100.0,0.0,True
1151,0,retail,submission,sell,0.09742437678150395,9.893408099692257,101.2423954030259,0.02993082368585931,101.64936313306623,100.79400728388835,100.0,0.0,False
1151,1,retail,normalizer,sell,0.1913778758051592,19.416032258366066,101.2423954030259,0.0,101.64936313306623,100.79400728388835,100.0,0.0,False
1152,0,retail,submission,sell,0.10198016723308001,10.376888333445962,101.24711167248134,0.05169095321998718,101.85871310554073,100.79842723244707,100.0,0.0,False
1152,1,retail,normalizer,sell,0.10213348252968046,10.39248877572582,101.24711167248134,0.0,101.85871310554073,100.79842723244707,100.0,0.0,False
1153,0,retail,submission,sell,0.02109475486557244,2.149142134047392,101.26658808725918,0.012948282273761436,101.90209819172989,100.80271476773474,100.0,0.0,False
1153,1,retail,normalizer,sell,0.021126468371136298,2.152373118783859,101.26658808725918,0.0,101.90209819172989,100.80271476773474,100.0,0.0,False
1154,0,arb,normalizer,buy,0.049892545672811185,5.051163345524401,101.19010720069785,0.0,101.90209819172989,100.80271476773474,100.0,0.0,False
1155,0,arb,normalizer,buy,0.06760502277608632,6.836317366800358,101.05282272097047,0.0,101.90209819172989,100.80271476773474,100.0,0.0,False
1158,0,arb,normalizer,buy,0.01438443838748191,1.4533782598482503,101.02364851060877,0.0,101.90209819172989,100.80271476773474,100.0,0.0,False
1158,1,retail,normalizer,buy,0.04799865614067557,4.846664666552897,101.02364851060877,0.0,101.90209819172989,100.80271476773474,100.0,0.0,False
1159,0,retail,submission,buy,0.0737113249296654,7.430751423828042,101.00630791972365,0.014557359188543728,101.75213163533756,100.94393740118663,100.0,0.0,True
1159,1,retail,normalizer,buy,0.09485002175017576,9.56377080960192,101.00630791972365,0.0,101.75213163533756,100.94393740118663,100.0,0.0,True
1160,0,retail,normalizer,sell,0.054445496501301704,5.520623112222642,100.77781651470015,0.0,101.76231048462749,101.08535788478814,100.0,0.0,True
1160,1,retail,submission,sell,0.004958163364207735,0.5045289248711876,100.77781651470015,0.0048560471031520724,101.76231048462749,101.08535788478814,100.0,0.0,True
1160,2,retail,normalizer,sell,0.15134269365353248,15.377540465339761,100.77781651470015,0.0,101.76231048462749,101.08535788478814,100.0,0.0,True
1161,0,arb,normalizer,buy,0.1961324203354963,19.800315174292336,100.75535917800795,0.0,101.76231048462749,101.08535788478814,100.0,0.0,True
1163,0,retail,submission,buy,0.2663502248985339,26.76218271765356,100.86964058099636,0.10446873652910327,101.22308731515851,101.09035975999954,100.0,0.0,False
1163,1,retail,normalizer,buy,0.2706979058125477,27.20046701411775,100.86964058099636,0.0,101.22308731515851,101.09035975999954,100.0,0.0,False
1164,0,arb,normalizer,sell,0.029406713593431277,2.9655073606571873,100.87430880890842,0.0,101.22308731515851,101.09035975999954,100.0,0.0,False
1165,0,retail,normalizer,sell,0.13018294053719615,13.149281127437648,100.64671937104454,0.0,101.22308731515851,101.09035975999954,100.0,0.0,False
1165,1,retail,normalizer,buy,0.04161414247290118,4.181823153105142,100.64671937104454,0.0,101.22308731515851,101.09035975999954,100.0,0.0,False
1168,0,retail,submission,buy,0.020581307802972775,2.062047767592958,100.80964625829922,0.012746591557901255,101.1815991718968,101.09521181542962,100.0,0.0,False
1168,1,retail,normalizer,buy,0.13896465045306208,13.939417102310472,100.80964625829922,0.0,101.1815991718968,101.09521181542962,100.0,0.0,False
1170,0,arb,normalizer,sell,0.01229761509780758,1.2394267066859648,100.79836572091186,0.0,101.1815991718968,101.09521181542962,100.0,0.0,False
1171,0,arb,normalizer,sell,0.02045160102076693,2.061910697464458,100.83971031180863,0.0,101.1815991718968,101.09521181542962,100.0,0.0,False
1172,0,arb,normalizer,sell,0.020618408789985665,2.0795842967980294,100.8814178732488,0.0,101.1815991718968,101.09521181542962,100.0,0.0,False
1173,0,arb,normalizer,sell,0.0755172016970107,7.624056492465443,101.03439757860053,0.0,101.1815991718968,101.09521181542962,100.0,0.0,False
1174,0,arb,normalizer,sell,0.013612197638067869,1.3754881056119883,101.06200963244689,0.0,101.1815991718968,101.09521181542962,100.0,0.0,False
1174,1,retail,normalizer,buy,0.09796962827149326,9.832050685743525,101.06200963244689,0.0,101.1815991718968,101.09521181542962,100.0,0.0,False
1175,0,arb,normalizer,sell,0.07239323463595326,7.30718514937521,101.01073365782932,0.0,101.1815991718968,101.09521181542962,100.0,0.0,False
1176,0,arb,normalizer,sell,0.017685301599954073,1.7867223929679568,101.04659751216455,0.0,101.1815991718968,101.09521181542962,100.0,0.0,False
1176,1,retail,submission,buy,0.037195462915853766,3.724481891738833,101.04659751216455,0.03399307879808511,101.10668461373993,101.07484842698362,100.0,0.0,False
1176,2,retail,normalizer,buy,0.17237041543264564,17.283283983617366,101.04659751216455,0.0,101.10668461373993,101.07484842698362,100.0,0.0,False
1177,0,arb,normalizer,sell,0.19586373223846465,19.762046749333088,101.09531860658986,0.0,101.10668461373993,101.07484842698362,100.0,0.0,False
1177,1,retail,normalizer,buy,0.030774571755938885,3.0915738329022133,101.09531860658986,0.0,101.10668461373993,101.07484842698362,100.0,0.0,False
1178,0,retail,normalizer,buy,0.01331807400991236,1.3373263407320337,101.02130238460174,0.0,101.10668461373993,101.07484842698362,100.0,0.0,False
1180,0,retail,normalizer,buy,0.1045896488614606,10.489930028121307,100.89344996936678,0.0,100.92830931630495,101.04974674873272,100.0,0.0,False
1180,1,retail,submission,buy,0.08873088776670005,8.873735005277922,100.89344996936678,0.07863038034912861,100.92830931630495,101.04974674873272,100.0,0.0,False
1180,2,retail,normalizer,buy,0.13618964338730863,13.626459013497879,100.89344996936678,0.0,100.92830931630495,101.04974674873272,100.0,0.0,False
1181,0,arb,submission,sell,0.066162519300633,6.682112740376397,101.06261509554618,-0.0044444814551205525,101.06261509554618,100.90837608583905,100.0,0.0,True
1181,1,arb,normalizer,sell,0.2679024961533685,27.00231281702097,101.06261509554618,0.0,101.06261509554618,100.90837608583905,100.0,0.0,True
1181,2,retail,submission,buy,0.9590854875025141,95.05112287481461,101.06261509554618,1.8765645923762406,98.93266802044855,100.90275146753349,0.0,100.0,False
1181,3,retail,normalizer,buy,1.1578254763869948,114.9795473685208,101.06261509554618,0.0,98.93266802044855,100.90275146753349,0.0,100.0,False
1181,4,retail,submission,buy,0.11559208540675991,11.448996729877763,101.06261509554618,0.23304170567711502,98.93266802044855,100.90275146753349,0.0,100.0,False
1182,0,arb,submission,sell,0.5272468315442183,52.96659434157901,100.98842873189322,-0.27923472994078224,99.97854444457425,100.76158645404534,0.0,100.0,True
1182,1,arb,normalizer,sell,1.1177672668015362,111.62953242828215,100.98842873189322,0.0,99.97854444457425,100.76158645404534,0.0,100.0,True
1182,2,retail,submission,sell,0.028311015724781896,2.8598945721867195,100.98842873189322,0.0008095783370745124,100.03517229831058,100.75934842630413,0.0,100.0,False
1182,3,retail,normalizer,sell,0.028211453944351206,2.84983713736456,100.98842873189322,0.0,100.03517229831058,100.75934842630413,0.0,100.0,False
1183,0,retail,submission,sell,0.05004558147302873,5.059419699054651,100.7861587501754,0.015517779969139944,100.13539151232644,100.90051030435916,0.0,100.0,True
1183,1,retail,normalizer,sell,0.04986958541408626,5.041627160705358,100.7861587501754,0.0,100.13539151232644,100.90051030435916,0.0,100.0,True
1184,0,retail,submission,sell,0.0527039387881274,5.333650870436405,100.89560006952973,0.016055340380527028,100.2410971480737,101.00969587426808,0.0,100.0,True
1184,1,retail,normalizer,sell,0.05251859404350512,5.31489393914656,100.89560006952973,0.0,100.2410971480737,101.00969587426808,0.0,100.0,True
1184,2,retail,normalizer,buy,0.04094428887025012,4.119231284690613,100.89560006952973,0.0,100.2410971480737,101.00969587426808,0.0,100.0,True
1187,0,retail,normalizer,buy,0.04279950120249862,4.302267237932028,100.72846807573559,0.0,100.2410971480737,101.00969587426808,0.0,100.0,True
1189,0,retail,normalizer,sell,0.010890449136283564,1.1009701730972963,100.78330255596583,0.0,100.2410971480737,101.00969587426808,0.0,100.0,True
1191,0,retail,submission,sell,0.04849061176133773,4.912235473383088,100.79296687744622,0.024722848255469998,100.56076546245994,101.10573219554988,0.0,100.0,False
1191,1,retail,normalizer,sell,0.12092219365435142,12.240829406686924,100.79296687744622,0.0,100.56076546245994,101.10573219554988,0.0,100.0,False
1191,2,retail,submission,sell,0.11038735427551671,11.200366082951048,100.79296687744622,0.0740971397699699,100.56076546245994,101.10573219554988,0.0,100.0,False
1191,3,retail,normalizer,sell,0.10999915338466337,11.160977584876436,100.79296687744622,0.0,100.56076546245994,101.10573219554988,0.0,100.0,False
1192,0,arb,normalizer,buy,0.07730740806996353,7.799523650990523,100.81153807887502,0.0,100.56076546245994,101.10573219554988,0.0,100.0,False
1192,1,retail,normalizer,sell,0.023538963249663425,2.3878666163661504,100.81153807887502,0.0,102.364056712888,101.09786996559536,100.0,0.0,False
1192,2,retail,submission,sell,0.8822660102819668,90.41747675536917,100.81153807887502,1.4748832641315346,102.364056712888,101.09786996559536,100.0,0.0,False
1192,3,retail,normalizer,sell,0.932699854555878,95.53463024960939,100.81153807887502,0.0,102.364056712888,101.09786996559536,100.0,0.0,False
1193,0,arb,submission,buy,0.201152869435261,20.34392625012515,100.93328262956072,-0.04090682766882381,101.95281073693,101.17703570081984,100.0,0.0,True
1193,1,arb,normalizer,buy,0.8989415322906967,91.5587701054501,100.93328262956072,0.0,101.95281073693,101.17703570081984,100.0,0.0,True
1194,0,arb,submission,buy,0.023657296340103346,2.38724403514243,100.88556154929354,-0.0005644091330574419,101.904607625549,101.12919937452493,100.0,0.0,True
1194,1,arb,normalizer,buy,0.023574100365586527,2.378848777667372,100.88556154929354,0.0,101.904607625549,101.12919937452493,100.0,0.0,True
1195,0,arb,submission,buy,0.07966751008785074,8.030907413880414,100.72510629839722,-0.006388991753015105,101.74253161454266,100.98771755578241,100.0,0.0,True
1195,1,arb,normalizer,buy,0.07938734214116364,8.00266499940517,100.72510629839722,0.0,101.74253161454266,100.98771755578241,100.0,0.0,True
1195,2,retail,normalizer,sell,0.05096814940962702,5.167361282672125,100.72510629839722,0.0,101.74253161454266,100.98771755578241,100.0,0.0,True
1196,0,arb,submission,buy,0.021805123452407548,2.195845246767931,100.68125616536707,-0.00047802673863328593,101.69823855087583,100.92440059472848,100.0,0.0,True
1196,1,arb,normalizer,buy,0.07284995499396948,7.339982283152494,100.68125616536707,0.0,101.69823855087583,100.92440059472848,100.0,0.0,True
1196,2,retail,submission,buy,0.040414441215221315,4.0673355957314925,100.68125616536707,0.001641113038373554,101.61622055949286,100.92651041095422,100.0,0.0,False
1196,3,retail,normalizer,buy,0.04027231513398386,4.053031934665341,100.68125616536707,0.0,101.61622055949286,100.92651041095422,100.0,0.0,False
1199,0,arb,submission,buy,0.020176744524947898,2.029373047120316,100.55955743472366,-0.00040854721807193073,101.5753105401249,100.80240796262271,100.0,0.0,True
1199,1,arb,normalizer,buy,0.020105788660034197,2.0222363200027758,100.55955743472366,0.0,101.5753105401249,100.80240796262271,100.0,0.0,True
