step,fair_price,internal_price_estimate,p_low,p_high,bid_fee_bps,ask_fee_bps,internal_times_1_minus_bid,internal_times_1_plus_ask,rel_error_bps,in_user_band,in_filter_band,status
0,100.0,100.14009804574935,99.72976513693314,100.29999999999998,28.999999999999996,28.999999999999996,99.84969176141668,100.43050433008202,14.000000000001275,True,True,ok
1,99.83181263869632,100.14009804574935,99.72976513693314,100.29999999999998,28.999999999999996,28.999999999999996,99.84969176141668,100.43050433008202,30.83289550303134,False,True,bad
2,99.67839436360673,99.99974637964928,99.67839436360673,100.25905369640428,28.999999999999996,28.999999999999996,99.7097471151483,100.28974564415026,32.18702781201051,False,True,bad
3,99.8426241003642,99.99974637964928,99.67839436360673,100.25905369640428,28.999999999999996,28.999999999999996,99.7097471151483,100.28974564415026,15.724624491114632,True,True,ok
4,99.81775621291175,99.99880291759135,99.39398708188521,100.54593629128675,25.999999999999993,63.61998559161208,99.7388060300056,100.63499515767091,18.12129635412216,True,True,ok
5,99.83778655022516,99.99880291759135,99.39398708188521,100.54593629128675,25.999999999999993,63.61998559161208,99.7388060300056,100.63499515767091,16.114806866937624,True,True,ok
6,99.88589919778433,99.9978877678998,99.02176697320112,100.92388571067264,22.99999999999999,80.97074325556297,99.76789262603363,100.80757809755512,11.20536923311964,True,True,good
7,99.90120370558397,99.9978877678998,99.02176697320112,100.92388571067264,22.99999999999999,80.97074325556297,99.76789262603363,100.80757809755512,9.673287571474338,True,True,good
8,100.04203460294946,99.85798867723838,99.00375324341938,100.04203460294944,22.99999999999999,80.97074325556297,99.62831530328074,100.66654623355855,18.4138025293307,True,False,ok
9,100.0454739906732,99.84787868420212,98.60808192253998,100.44345975191347,19.999999999999986,80.97074325556297,99.64818292683371,100.65635437915724,19.770079213378317,True,True,ok
10,100.06520297664015,99.82217115977457,99.05645765555495,100.06520297664017,19.999999999999986,80.97074325556297,99.62252681745503,100.63043869899367,24.316887214284716,True,True,ok
11,99.91246127540013,99.82217115977457,99.05645765555495,100.06520297664017,19.999999999999986,80.97074325556297,99.62252681745503,100.63043869899367,9.04100812913587,True,True,good
12,99.99262688241636,99.82911770603309,99.06543866243345,100.07427544195438,16.999999999999986,80.97074325556297,99.65940820593283,100.63744149195355,16.36550748907675,True,True,ok
13,99.95253665671771,99.82911770603309,99.06543866243345,100.07427544195438,16.999999999999986,80.97074325556297,99.65940820593283,100.63744149195355,12.355385360962858,True,True,ok
14,100.03152588873687,99.82911770603309,99.06543866243345,100.07427544195438,16.999999999999986,80.97074325556297,99.65940820593283,100.63744149195355,20.254938467482603,True,True,ok
15,100.05654516501023,99.96897634902805,99.31343389358982,100.29464745065407,16.999999999999986,80.97074325556297,99.79902908923471,100.77843258077593,8.755764855784392,True,True,good
16,99.97388834514528,99.96897634902805,99.31343389358982,100.29464745065407,16.999999999999986,80.97074325556297,99.79902908923471,100.77843258077593,0.4913399761209911,True,True,good
17,100.07719565982246,99.96269782347098,98.53587473635741,101.0860853077321,16.999999999999986,80.97074325556297,99.79276123717108,100.77210321753076,11.447501481970844,True,True,good
18,100.13557486812107,99.95542523169964,98.02125338013711,101.61679733723783,10.999999999999988,80.97074325556297,99.84547426394477,100.7647717390433,18.006775418044246,True,True,ok
19,100.11344546636744,99.88998641335164,99.19358635603554,100.11344546636742,8.0,80.97074325556297,99.81007442422096,100.69880305771936,22.34553116388619,True,False,ok
20,100.0115430175656,99.88998641335164,99.19358635603554,100.11344546636742,8.0,80.97074325556297,99.81007442422096,100.69880305771936,12.161649742495289,True,True,ok
21,99.98132429804349,99.88998641335164,99.19358635603554,100.11344546636742,8.0,80.97074325556297,99.81007442422096,100.69880305771936,9.139669993147544,True,True,good
22,99.88417390966177,99.88285222630702,98.20945937469085,101.11665171051281,8.0,80.97074325556297,99.80294594452597,100.691611104632,0.1323224738676138,True,True,good
23,99.92738125027716,100.02278615031479,99.92738125027718,100.82376467637216,8.0,80.97074325556297,99.94276792139453,100.83267808402312,9.54286845748166,False,False,bad
24,99.75791687241569,99.97195580271443,99.7579168724157,100.6527801439972,8.0,80.97074325556297,99.89197823807226,100.78143615932025,21.432849214522083,False,False,bad
25,100.03476597428987,99.97195580271443,99.7579168724157,100.6527801439972,8.0,80.97074325556297,99.89197823807226,100.78143615932025,6.280806273127485,True,True,good
26,100.12666195291955,99.98072119238046,99.01151560868674,101.41155412938122,47.59674535770652,74.97074325556297,99.5048454996531,100.73028409028245,14.58624705598629,True,True,ok
27,99.99357893239292,99.98072119238046,99.01151560868674,101.41155412938122,47.59674535770652,74.97074325556297,99.5048454996531,100.73028409028245,1.2859392454082377,True,True,good
28,100.0667984022594,99.98072119238046,99.01151560868674,101.41155412938122,47.59674535770652,74.97074325556297,99.5048454996531,100.73028409028245,8.605676827743899,True,True,good
29,100.06716708468291,99.98072119238046,99.01151560868674,101.41155412938122,47.59674535770652,74.97074325556297,99.5048454996531,100.73028409028245,8.642520391265236,True,True,good
30,99.9609806902627,100.12079222889709,99.96098069026273,101.19772468451352,49.59674535770652,71.97074325556297,99.62422568517825,100.84136901210204,15.974625803024011,True,False,ok
31,99.9593766071862,100.12079222889709,99.96098069026273,101.19772468451352,49.59674535770652,71.97074325556297,99.62422568517825,100.84136901210204,16.135098012880057,True,False,ok
32,99.93533851370407,100.13446179971318,99.19100960285587,101.98327291545108,49.59674535770652,71.97074325556297,99.63782745937205,100.85513696383529,19.905388164041156,True,True,ok
33,99.76435864217486,100.05931744615864,99.76435864217487,100.98844500872626,45.59674535770652,65.97074325556297,99.6030795243328,100.7194162003154,29.52192893079227,True,False,ok
34,99.71639940972189,99.98453448359183,99.71639940972189,100.83839478539637,43.59674535770652,62.97074325556297,99.54863445463283,100.61414452864116,26.85367862570778,True,True,ok
35,99.78298073759346,99.98453448359183,99.71639940972189,100.83839478539637,43.59674535770652,62.97074325556297,99.54863445463283,100.61414452864116,20.178837802199116,True,True,ok
36,99.81760794956308,99.99326096019436,98.99938804504278,101.56872531051268,43.59674535770652,59.97074325556297,99.55732288663754,100.59292797822741,17.58193203788739,True,True,ok
37,99.79267885731696,100.04169637103347,99.79267885731696,100.83435864259816,43.59674535770652,56.97074325556297,99.60554713484937,100.61164135091397,24.92240309753391,True,True,ok
38,99.7554356748064,99.99921498983191,99.7554356748064,100.76631442037707,41.59674535770651,50.97074325556297,99.58325080164165,100.50891842113236,24.407885897986464,True,True,ok
39,99.81790572786922,99.99921498983191,99.7554356748064,100.76631442037707,41.59674535770651,50.97074325556297,99.58325080164165,100.50891842113236,18.147525204115173,True,True,ok
40,99.67022798737001,99.89626429372592,99.67022798737,100.59931768291816,35.59674535770651,44.97074325556297,99.54066610550093,100.34550521910023,22.652740991776767,True,True,ok
41,99.77042467088437,99.90337902500991,99.2353815242609,101.04014087333347,32.59674535770651,44.97074325556297,99.57772652436464,100.3526519458596,13.31715741512174,True,True,ok
42,99.79749882275844,99.9102807985004,98.79569447246635,101.48981676144501,29.59674535770651,92.94162583274655,99.61457888455938,100.8388631919823,11.294701482889701,True,True,good
43,99.6365310168946,99.9102807985004,98.79569447246635,101.48981676144501,29.59674535770651,92.94162583274655,99.61457888455938,100.8388631919823,27.437166331773497,True,True,ok
44,99.80715628048948,99.9102807985004,98.79569447246635,101.48981676144501,29.59674535770651,92.94162583274655,99.61457888455938,100.8388631919823,10.327042914649171,True,True,good
45,99.86164820811699,99.9102807985004,98.79569447246635,101.48981676144501,29.59674535770651,92.94162583274655,99.61457888455938,100.8388631919823,4.8688113075695405,True,True,good
46,99.90521017802705,99.79261994424473,98.86397850417723,100.08768349372811,29.59674535770651,92.94162583274655,99.49726626813792,100.72010877861749,11.27606100108322,True,True,good
47,99.81547889023129,99.79261994424473,98.86397850417723,100.08768349372811,29.59674535770651,92.94162583274655,99.49726626813792,100.72010877861749,2.2903826267538827,True,True,good
48,99.95381959097979,99.78304498744009,98.06582279509189,100.90229508533801,29.59674535770651,92.94162583274655,99.48771965008912,100.71044483060759,17.09996254456751,True,True,ok
49,100.06466462591301,99.78304498744009,98.06582279509189,100.90229508533801,29.59674535770651,92.94162583274655,99.48771965008912,100.71044483060759,28.183442825338435,True,True,ok
50,100.05896070943422,99.78304498744009,98.06582279509189,100.90229508533801,29.59674535770651,92.94162583274655,99.48771965008912,100.71044483060759,27.61340353379768,True,True,ok
51,100.19671398514092,99.77375815711547,97.1032569390431,101.9025200737447,29.59674535770651,92.94162583274655,99.47846030575971,100.70107168697203,42.30189129519513,True,True,bad
52,100.2171072035316,99.77375815711547,97.1032569390431,101.9025200737447,29.59674535770651,92.94162583274655,99.47846030575971,100.70107168697203,44.33700228106411,True,True,bad
53,100.09681750002837,99.77375815711547,97.1032569390431,101.9025200737447,29.59674535770651,92.94162583274655,99.47846030575971,100.70107168697203,32.3268818523056,True,True,ok
54,100.14701855631931,99.77375815711547,97.1032569390431,101.9025200737447,29.59674535770651,92.94162583274655,99.47846030575971,100.70107168697203,37.340874625450446,True,True,bad
55,100.22188389555184,99.6341726283646,99.303593367974,100.5327397620733,29.59674535770651,92.94162583274655,99.33928790474386,100.56018882762268,58.813625316829025,True,True,bad
56,100.2127152930151,99.6341726283646,99.303593367974,100.5327397620733,29.59674535770651,92.94162583274655,99.33928790474386,100.56018882762268,57.89875307618019,True,True,bad
57,100.1848701987326,99.6341726283646,99.303593367974,100.5327397620733,29.59674535770651,92.94162583274655,99.33928790474386,100.56018882762268,55.1197680506501,True,True,bad
58,100.22345094528544,99.58525629221566,99.2916739235155,100.52067278275048,29.59674535770651,92.94162583274655,99.2905163450294,100.5108178550926,63.880781989413954,True,True,bad
59,100.29814045087936,99.72477329013553,99.29906048433655,100.52815077193065,29.59674535770651,92.94162583274655,99.42962041804321,100.65163154667427,57.330304859046265,True,True,bad
60,100.16703963150626,99.72477329013553,99.29906048433655,100.52815077193065,29.59674535770651,92.94162583274655,99.42962041804321,100.65163154667427,44.250643043507246,True,True,bad
61,100.25082283968338,99.72477329013553,99.29906048433655,100.52815077193065,29.59674535770651,92.94162583274655,99.42962041804321,100.65163154667427,52.611495916069686,True,True,bad
62,100.16206413652532,99.73037646827554,98.4838685459348,101.36026408451332,29.59674535770651,92.94162583274655,99.43520701259956,100.65728680166289,43.1920624969523,True,True,bad
63,100.17462476823738,99.73037646827554,98.4838685459348,101.36026408451332,29.59674535770651,92.94162583274655,99.43520701259956,100.65728680166289,44.4460147108164,True,True,bad
64,100.30290861472479,99.73037646827554,98.4838685459348,101.36026408451332,29.59674535770651,92.94162583274655,99.43520701259956,100.65728680166289,57.24384415651733,True,True,bad
65,100.14014292516185,99.73037646827554,98.4838685459348,101.36026408451332,29.59674535770651,92.94162583274655,99.43520701259956,100.65728680166289,41.00324872674414,True,True,bad
66,100.21016621821643,99.73037646827554,98.4838685459348,101.36026408451332,29.59674535770651,92.94162583274655,99.43520701259956,100.65728680166289,47.99333486189034,True,True,bad
67,100.10242964423365,99.73037646827554,98.4838685459348,101.36026408451332,29.59674535770651,92.94162583274655,99.43520701259956,100.65728680166289,37.23648915207442,True,True,bad
68,100.12568855280581,99.73721785264671,97.39915502218645,102.48909163130396,54.58889763067643,89.94162583274657,99.19276337511405,100.63427060561689,38.87376565766377,True,True,bad
69,100.02448641706145,99.6273812419709,99.28107326387574,100.73201255969141,54.58889763067643,89.94162583274657,99.08352635038786,100.52344610660705,39.779813072328324,True,True,bad
70,100.04979316535132,99.6273812419709,99.28107326387574,100.73201255969141,54.58889763067643,89.94162583274657,99.08352635038786,100.52344610660705,42.30954837640032,True,True,bad
71,100.1065932140623,99.6273812419709,99.28107326387574,100.73201255969141,54.58889763067643,89.94162583274657,99.08352635038786,100.52344610660705,47.98511549300774,True,True,bad
72,99.97857251437262,99.6273812419709,99.28107326387574,100.73201255969141,54.58889763067643,89.94162583274657,99.08352635038786,100.52344610660705,35.18849294545412,True,True,bad
73,99.99031442271404,99.63865649608121,98.36289122213617,101.67230949292937,54.58889763067643,89.94162583274657,99.09474005412893,100.53482277218602,35.2311880140933,True,True,bad
74,99.998971447244,99.64959471178636,97.92260532550358,102.12945504986179,54.58889763067643,89.94162583274657,99.10561855932035,100.54585936798159,34.99920874148005,True,True,ok
75,99.98228289548332,99.64959471178636,97.92260532550358,102.12945504986179,54.58889763067643,89.94162583274657,99.10561855932035,100.54585936798159,33.33019712794046,True,True,ok
76,99.90901844802292,99.66020592830876,97.30333260286032,102.7794429176868,54.58889763067643,89.94162583274657,99.1161718503815,100.55656602351058,24.934971753111878,True,True,ok
77,99.78002056570897,99.66020592830876,97.30333260286032,102.7794429176868,54.58889763067643,89.94162583274657,99.1161718503815,100.55656602351058,12.015093837426933,True,True,ok
78,99.68988414871204,99.66020592830876,97.30333260286032,102.7794429176868,54.58889763067643,89.94162583274657,99.1161718503815,100.55656602351058,2.977497588396974,True,True,good
79,99.67504948404012,99.67049988793411,96.56624391867503,103.56395685617336,54.58889763067643,89.94162583274657,99.12640961641604,100.56695256868244,0.45645324123229,True,True,good
80,99.58957139687402,99.67049988793411,96.56624391867503,103.56395685617336,54.58889763067643,89.94162583274657,99.12640961641604,100.56695256868244,8.12290139094067,True,True,good
81,99.61749865442795,99.68048604466999,95.99833889803807,104.1766184056416,54.58889763067643,89.94162583274657,99.13634125982314,100.57702854253559,6.320926168351208,True,True,good
82,99.54824823535807,99.66531020276925,99.3158731735824,100.76732105129415,54.58889763067643,89.94162583274657,99.1212482611704,100.56171620664544,11.752411010848153,True,True,good
83,99.49061039623103,99.52587639492505,99.02442176703043,100.47161023975505,54.58889763067643,89.94162583274657,98.98257560711245,100.42102830846389,3.5440278975624366,True,True,good
84,99.43383804117872,99.52587639492505,99.02442176703043,100.47161023975505,54.58889763067643,89.94162583274657,98.98257560711245,100.42102830846389,9.251959430329828,True,True,good
85,99.4773369390157,99.52587639492505,99.02442176703043,100.47161023975505,54.58889763067643,89.94162583274657,98.98257560711245,100.42102830846389,4.878258602838307,True,True,good
86,99.49035064426421,99.52587639492505,99.02442176703043,100.47161023975505,54.58889763067643,89.94162583274657,98.98257560711245,100.42102830846389,3.570136120727505,True,True,good
87,99.42576441344465,99.52587639492505,99.02442176703043,100.47161023975505,54.58889763067643,89.94162583274657,98.98257560711245,100.42102830846389,10.063952176854361,True,True,good
88,99.67132778902716,99.52587639492505,99.02442176703043,100.47161023975505,54.58889763067643,89.94162583274657,98.98257560711245,100.42102830846389,14.6037611871426,True,True,ok
89,99.51823155850371,99.53245481104712,98.08111199632854,101.43791098500823,54.58889763067643,89.94162583274657,98.9891181123861,100.4276658919301,1.429108618214439,True,True,good
90,99.54637857434544,99.53245481104712,98.08111199632854,101.43791098500823,54.58889763067643,89.94162583274657,98.9891181123861,100.4276658919301,1.3988190591896412,True,True,good
91,99.47737264894643,99.53245481104712,98.08111199632854,101.43791098500823,54.58889763067643,89.94162583274657,98.9891181123861,100.4276658919301,5.535622457472342,True,True,good
92,99.70900155017213,99.53245481104712,98.08111199632854,101.43791098500823,54.58889763067643,89.94162583274657,98.9891181123861,100.4276658919301,17.721892677894967,True,True,ok
93,99.6566020307155,99.5041969502903,99.15831716475076,100.607462446439,54.58889763067643,89.94162583274657,98.96101450817609,100.39915387537938,15.304729741372917,True,True,ok
94,99.51950075643003,99.5041969502903,99.15831716475076,100.607462446439,54.58889763067643,89.94162583274657,98.96101450817609,100.39915387537938,1.5378878340868476,True,True,good
95,99.48324643001028,99.5041969502903,99.15831716475076,100.607462446439,54.58889763067643,89.94162583274657,98.96101450817609,100.39915387537938,2.105712802931329,True,True,good
96,99.34611993915667,99.5041969502903,99.15831716475076,100.607462446439,54.58889763067643,89.94162583274657,98.96101450817609,100.39915387537938,15.89909907165143,True,True,ok
97,99.37388032449554,99.5041969502903,99.15831716475076,100.607462446439,54.58889763067643,89.94162583274657,98.96101450817609,100.39915387537938,13.105179437730959,True,True,ok
98,99.43433311412235,99.5041969502903,99.15831716475076,100.607462446439,54.58889763067643,89.94162583274657,98.96101450817609,100.39915387537938,7.0236609285699885,True,True,good
99,99.41507997406693,99.5041969502903,99.15831716475076,100.607462446439,54.58889763067643,89.94162583274657,98.96101450817609,100.39915387537938,8.960115235030813,True,True,good
100,99.35069861072829,99.5041969502903,99.15831716475076,100.607462446439,54.58889763067643,89.94162583274657,98.96101450817609,100.39915387537938,15.438228927293046,True,True,ok
101,99.31230012895084,99.5041969502903,99.15831716475076,100.607462446439,54.58889763067643,89.94162583274657,98.96101450817609,100.39915387537938,19.30391931747353,True,True,ok
102,99.27529267715619,99.51545826311083,98.00123631569602,101.79531448224157,54.58889763067643,89.94162583274657,98.97221434673135,100.41051647427832,24.162663671834597,True,True,ok
103,99.35915560828562,99.51545826311083,98.00123631569602,101.79531448224157,54.58889763067643,89.94162583274657,98.97221434673135,100.41051647427832,15.718716830167747,True,True,ok
104,99.30831015373661,99.51545826311083,98.00123631569602,101.79531448224157,54.58889763067643,89.94162583274657,98.97221434673135,100.41051647427832,20.837366274265968,True,True,ok
105,99.39625841518132,99.51545826311083,98.00123631569602,101.79531448224157,54.58889763067643,89.94162583274657,98.97221434673135,100.41051647427832,11.985202700856226,True,True,good
106,99.66757437725408,99.51545826311083,98.00123631569602,101.79531448224157,54.58889763067643,89.94162583274657,98.97221434673135,100.41051647427832,15.274006194214717,True,True,ok
107,99.62942520424441,99.51545826311083,98.00123631569602,101.79531448224157,54.58889763067643,89.94162583274657,98.97221434673135,100.41051647427832,11.44563210371274,True,True,good
108,99.72559156345892,99.51545826311083,98.00123631569602,101.79531448224157,54.58889763067643,89.94162583274657,98.97221434673135,100.41051647427832,21.09338195550663,True,True,ok
109,99.88784049439312,99.52638295425751,97.03089654425192,102.81329994570403,54.58889763067643,89.94162583274657,98.98307940119336,100.42153942387336,36.25197137319331,True,True,bad
110,99.88725576174753,99.66581747178144,98.96306333477135,100.40935508712856,54.58889763067643,89.94162583274657,99.12175276105697,100.56222803811761,22.193432280327144,True,True,ok
111,99.80944283212469,99.80544733433952,98.98494718833965,100.43155876140428,54.58889763067643,89.94162583274657,99.26062039958771,100.70311375436101,0.40032061559920723,True,True,good
112,99.82918781193709,99.80544733433952,98.98494718833965,100.43155876140428,54.58889763067643,89.94162583274657,99.26062039958771,100.70311375436101,2.378392676410005,True,True,good
113,99.75052490525316,99.80544733433952,98.98494718833965,100.43155876140428,54.58889763067643,89.94162583274657,99.26062039958771,100.70311375436101,5.504463720801907,True,True,good
114,99.86101415861818,99.80245134372407,98.35813872474445,101.07158054160364,51.58889763067643,89.94162583274657,99.28758149915788,100.70009081731888,5.8661524707232,True,True,good
115,99.97615891568682,99.66282567261815,98.56582998827093,99.97615891568684,51.58889763067643,89.94162583274657,99.14867614149729,100.55920933022624,31.390011424477624,True,True,ok
116,100.08885045006282,99.74815832755874,98.67693182233708,100.08885045006282,51.58889763067643,89.94162583274657,99.23356857467785,100.64530948093902,34.09703284331949,True,True,ok
117,99.91991129381049,99.74815832755874,98.67693182233708,100.08885045006282,51.58889763067643,89.94162583274657,99.23356857467785,100.64530948093902,17.203853269001765,True,True,ok
118,99.91024124390898,99.74815832755874,98.67693182233708,100.08885045006282,51.58889763067643,89.94162583274657,99.23356857467785,100.64530948093902,16.236026363378567,True,True,ok
119,99.8443945457941,99.73710531224268,97.78761896106137,100.99909146954184,48.58889763067643,100.0,99.25249371224301,100.7344763653651,10.751421746269221,True,True,good
120,99.82590754429455,99.5975710615716,98.34745581939826,99.82590754429457,48.58889763067643,100.0,99.11363744311411,100.59354677218731,22.89966899597485,True,True,ok
121,99.84317580879421,99.4862711926913,98.36446833570523,99.8431758087942,48.58889763067643,100.0,99.00287836802735,100.48113390461822,35.81056415725705,True,False,bad
122,99.65481826702141,99.4862711926913,98.36446833570523,99.8431758087942,48.58889763067643,100.0,99.00287836802735,100.48113390461822,16.92740709948074,True,True,ok
123,99.6716606114058,99.5949851727979,98.47195646171146,99.95227979770176,48.58889763067643,100.0,99.11106411888892,100.59093502452589,7.695762839824485,True,True,good
124,99.60074664081897,99.64153097686905,98.51797741732497,99.99899258373063,48.58889763067643,100.0,99.15738376202914,100.63794628663774,4.093944027077789,True,True,good
125,99.64789407745049,99.64153097686905,98.51797741732497,99.99899258373063,48.58889763067643,100.0,99.15738376202914,100.63794628663774,0.6385788490146638,True,True,good
126,99.6283652598802,99.64153097686905,98.51797741732497,99.99899258373063,48.58889763067643,100.0,99.15738376202914,100.63794628663774,1.3213954798637295,True,True,good
127,99.54901074079291,99.64153097686905,98.51797741732497,99.99899258373063,48.58889763067643,100.0,99.15738376202914,100.63794628663774,9.28962208063152,True,True,good
128,99.60619697747717,99.71120548497115,98.58686627871106,100.06891704746243,48.58889763067643,100.0,99.22671972937708,100.70831753982085,10.536813736490927,True,True,good
129,99.64435532732557,99.71120548497115,98.58686627871106,100.06891704746243,48.58889763067643,100.0,99.22671972937708,100.70831753982085,6.706626078438813,True,True,good
130,99.65386536988849,99.71120548497115,98.58686627871106,100.06891704746243,48.58889763067643,100.0,99.22671972937708,100.70831753982085,5.75227309557029,True,True,good
131,99.7646940709429,99.71120548497115,98.58686627871106,100.06891704746243,48.58889763067643,100.0,99.22671972937708,100.70831753982085,5.362912248829754,True,True,good
132,99.74926972292187,99.71120548497115,98.58686627871106,100.06891704746243,48.58889763067643,100.0,99.22671972937708,100.70831753982085,3.8167199163766887,True,True,good
133,99.61085816163744,99.71120548497115,98.58686627871106,100.06891704746243,48.58889763067643,100.0,99.22671972937708,100.70831753982085,10.068863423916811,True,True,good
134,99.60477825900712,99.71120548497115,98.58686627871106,100.06891704746243,48.58889763067643,100.0,99.22671972937708,100.70831753982085,10.679247502340703,True,True,good
135,99.56218257284499,99.71120548497115,98.58686627871106,100.06891704746243,48.58889763067643,100.0,99.22671972937708,100.70831753982085,14.956632328987414,True,True,ok
136,99.6222561789081,99.69960133806073,96.35619454062764,102.38553930701285,100.0,100.0,98.70260532468012,100.69659735144134,7.760831049666685,True,True,good
137,99.62126554758497,99.83927853115524,99.62126554758497,101.64398076480458,100.0,100.0,98.84088574584369,100.8376713164668,21.86027030014344,True,True,ok
138,99.64450138955708,99.86283631760408,98.68452209690001,102.60881629584648,97.0,100.0,98.89416680532331,100.86146468078012,21.887417046308006,True,True,ok
139,99.73642579158624,99.88569268143704,97.77481790520248,103.56349636878667,94.0,100.0,98.94676717023152,100.8845496082514,14.954947759522675,True,True,ok
140,99.76152763617776,99.88569268143704,97.77481790520248,103.56349636878667,94.0,100.0,98.94676717023152,100.8845496082514,12.438446282420877,True,True,ok
141,99.71391709072148,99.88569268143704,97.77481790520248,103.56349636878667,94.0,100.0,98.94676717023152,100.8845496082514,17.212020937241146,True,True,ok
142,99.85406002283241,99.88569268143704,97.77481790520248,103.56349636878667,94.0,100.0,98.94676717023152,100.8845496082514,3.1673874069443255,True,True,good
143,99.86875698332976,99.88569268143704,97.77481790520248,103.56349636878667,94.0,100.0,98.94676717023152,100.8845496082514,1.6956516539457114,True,True,good
144,99.84992239922177,99.88569268143704,97.77481790520248,103.56349636878667,94.0,100.0,98.94676717023152,100.8845496082514,3.581763080484425,True,True,good
145,99.95864162970148,99.9078683525979,95.58778042836671,105.93301731357332,91.0,100.0,98.99870675058926,100.90694703612388,5.080718945887733,True,True,good
146,100.07792017308684,99.9078683525979,95.58778042836671,105.93301731357332,91.0,100.0,98.99870675058926,100.90694703612388,17.006394577089303,True,True,ok
147,99.91384352712527,99.9078683525979,95.58778042836671,105.93301731357332,91.0,100.0,98.99870675058926,100.90694703612388,0.5980505794833606,True,True,good
148,100.099172194197,99.90806247151876,94.01563603052227,106.18313715225123,91.0,100.0,98.99889910302794,100.90714309623395,19.1102868012949,True,True,ok
149,100.03978066385694,99.90806247151876,94.01563603052227,106.18313715225123,91.0,100.0,98.99889910302794,100.90714309623395,13.175257039693108,True,True,ok
150,100.13217445642728,99.7821615865597,98.33731028771754,100.2428261703905,91.0,100.0,98.87414391612201,100.7799832024253,35.016320933618566,True,True,bad
151,100.13574039475061,99.7821615865597,98.33731028771754,100.2428261703905,91.0,100.0,98.87414391612201,100.7799832024253,35.372437721109854,True,True,bad
152,100.1668597922917,99.7821615865597,98.33731028771754,100.2428261703905,91.0,100.0,98.87414391612201,100.7799832024253,38.4796762454634,True,True,bad
153,100.11706000105177,99.75572920068898,96.6573067119261,101.98514976849793,88.0,88.0,98.8778787837229,100.63357961765503,36.156116641488886,True,True,bad
154,100.27984002479009,99.64688073761533,99.22500495708377,100.9946904807135,85.0,85.0,98.79988225134561,100.49387922388506,63.31934016121648,True,True,bad
155,100.26397999552418,99.64688073761533,99.22500495708377,100.9946904807135,85.0,85.0,98.79988225134561,100.49387922388506,61.73763803772372,True,True,bad
156,100.26736719480742,99.64688073761533,99.22500495708377,100.9946904807135,85.0,85.0,98.79988225134561,100.49387922388506,62.07546046110147,True,True,bad
157,100.28217593040114,99.64688073761533,99.22500495708377,100.9946904807135,85.0,85.0,98.79988225134561,100.49387922388506,63.552276153609895,True,True,bad
158,100.42349504596429,99.64688073761533,99.22500495708377,100.9946904807135,85.0,85.0,98.79988225134561,100.49387922388506,77.63450295166093,True,True,bad
159,100.36697535698228,99.64688073761533,99.22500495708377,100.9946904807135,85.0,85.0,98.79988225134561,100.49387922388506,72.00478453311638,True,True,bad
160,100.24699791117203,99.64688073761533,99.22500495708377,100.9946904807135,85.0,85.0,98.79988225134561,100.49387922388506,60.04375727667454,True,True,bad
161,100.26083888659991,99.64688073761533,99.22500495708377,100.9946904807135,85.0,85.0,98.79988225134561,100.49387922388506,61.424349244640545,True,True,bad
162,100.22370982298413,99.64688073761533,99.22500495708377,100.9946904807135,85.0,85.0,98.79988225134561,100.49387922388506,57.72041651972696,True,True,bad
163,100.21073085125988,99.64688073761533,99.22500495708377,100.9946904807135,85.0,85.0,98.79988225134561,100.49387922388506,56.42533253129276,True,True,bad
164,100.1416271335197,99.64688073761533,99.22500495708377,100.9946904807135,85.0,85.0,98.79988225134561,100.49387922388506,49.527113695684825,True,True,bad
165,100.17377936535269,99.64688073761533,99.22500495708377,100.9946904807135,85.0,85.0,98.79988225134561,100.49387922388506,52.737274378884685,True,True,bad
166,100.21313575019522,99.66062175410491,96.19094176307941,104.18027394170223,82.0,82.0,98.84340465572124,100.47783885248857,55.28643783248294,True,True,bad
167,100.26775819357985,99.67395235052832,95.31967224907648,105.13253379010679,82.0,82.0,98.856625941254,100.49127875980265,59.39807029643099,True,True,bad
168,100.16906076525746,99.77395125775283,98.53302353635307,100.16906076525744,79.00000000000001,80.0,98.98573704281658,100.57214286781485,39.52226365010128,True,False,bad
169,100.04872089662577,99.76113638046618,97.63666572237105,101.08866734616515,76.00000000000001,100.0,99.00295174397463,100.75874774427085,28.785838562880866,True,True,ok
170,100.18475324240903,99.76056517464767,98.42911562658905,100.18475324240903,73.00000000000001,97.0,99.03231304887274,100.72824265684176,42.430471243182375,True,True,bad
171,100.28563164665509,99.87552298737808,98.58787713423884,100.28563164665508,70.00000000000001,94.0,99.17639432646644,100.81435290345944,40.97790441921816,True,False,bad
172,100.26627448265552,99.87074643432584,98.62850510200093,100.26627448265552,67.00000000000001,91.0,99.20161243321586,100.77957022687822,39.52577703591322,True,True,bad
173,100.42599042743493,100.01066339835562,98.84538275131783,100.42599042743494,64.00000000000001,88.0,99.37059515260614,100.89075723626114,41.442282693867114,True,True,bad
174,100.31717323088672,100.01066339835562,98.84538275131783,100.42599042743494,64.00000000000001,88.0,99.37059515260614,100.89075723626114,30.60084677909225,True,True,ok
175,100.16732368424691,99.99929921160224,97.42702839381178,101.88800403369885,100.0,88.0,98.99930621948621,100.87929304466432,16.788464498119204,True,True,ok
176,100.22551098805019,100.13939627556073,100.22551098805019,102.13669278341344,100.0,88.0,99.13800231280511,101.02062296278565,8.595788450968275,True,True,good
177,100.17229384420065,100.2864070575594,100.17229384420064,102.08246085165685,100.0,88.0,99.2835429869838,101.16892743966592,11.385210536817128,True,True,good
178,100.20075002631874,100.2864070575594,100.17229384420064,102.08246085165685,100.0,88.0,99.2835429869838,101.16892743966592,8.54489012647325,True,True,good
179,100.2525855452654,100.42690635399929,100.13589735072021,102.04537032015088,100.0,88.0,99.42263729045929,101.31066312991447,17.373060986864015,True,True,ok
180,100.31798366808589,100.42690635399929,100.13589735072021,102.04537032015088,100.0,88.0,99.42263729045929,101.31066312991447,10.851852477102353,True,True,good
181,100.34060822270138,100.42690635399929,100.13589735072021,102.04537032015088,100.0,88.0,99.42263729045929,101.31066312991447,8.59682272749867,True,True,good
182,100.41587768697653,100.42690635399929,100.13589735072021,102.04537032015088,100.0,88.0,99.42263729045929,101.31066312991447,1.0982388126620273,True,True,good
183,100.44936701401198,100.42690635399929,100.13589735072021,102.04537032015088,100.0,88.0,99.42263729045929,101.31066312991447,2.236268099732785,True,True,good
184,100.39512189757481,100.42690635399929,100.13589735072021,102.04537032015088,100.0,88.0,99.42263729045929,101.31066312991447,3.165435282832655,True,True,good
185,100.41426880267512,100.42690635399929,100.13589735072021,102.04537032015088,100.0,88.0,99.42263729045929,101.31066312991447,1.258462198399204,True,True,good
186,100.59707731360491,100.42690635399929,100.13589735072021,102.04537032015088,100.0,88.0,99.42263729045929,101.31066312991447,16.930417669469797,True,True,ok
187,100.55503724543313,100.42690635399929,100.13589735072021,102.04537032015088,100.0,88.0,99.42263729045929,101.31066312991447,12.750489571170833,True,True,ok
188,100.44123448471208,100.42690635399929,100.13589735072021,102.04537032015088,100.0,88.0,99.42263729045929,101.31066312991447,1.426620535965743,True,True,good
189,100.56416477206665,100.42690635399929,100.13589735072021,102.04537032015088,100.0,88.0,99.42263729045929,101.31066312991447,13.658162886122327,True,True,ok
190,100.65707584653464,100.42690635399929,100.13589735072021,102.04537032015088,100.0,88.0,99.42263729045929,101.31066312991447,22.892881923261672,True,True,ok
191,100.64333897814059,100.42690635399929,100.13589735072021,102.04537032015088,100.0,88.0,99.42263729045929,101.31066312991447,21.528069195246502,True,True,ok
192,100.56638483406408,100.42690635399929,100.13589735072021,102.04537032015088,100.0,88.0,99.42263729045929,101.31066312991447,13.878921194779254,True,True,ok
193,100.42508879953922,100.42690635399929,100.13589735072021,102.04537032015088,100.0,88.0,99.42263729045929,101.31066312991447,0.18098445661138948,True,True,good
194,100.45953384422421,100.42690635399929,100.13589735072021,102.04537032015088,100.0,88.0,99.42263729045929,101.31066312991447,3.2483517035421956,True,True,good
195,100.48532115218657,100.42690635399929,100.13589735072021,102.04537032015088,100.0,88.0,99.42263729045929,101.31066312991447,5.814957163969944,True,True,good
196,100.74371043048824,100.42690635399929,100.13589735072021,102.04537032015088,100.0,88.0,99.42263729045929,101.31066312991447,31.496084611654695,True,True,ok
197,100.8877239782026,100.42690635399929,100.13589735072021,102.04537032015088,100.0,88.0,99.42263729045929,101.31066312991447,45.78091798853249,True,True,bad
198,100.8601946462896,100.42690635399929,100.13589735072021,102.04537032015088,100.0,88.0,99.42263729045929,101.31066312991447,43.05183584765601,True,True,bad
199,100.83770365136854,100.44720807555167,94.82450506756904,107.80327547879403,100.0,88.0,99.44273599479615,101.33114350661651,38.800331566293266,True,True,bad
200,100.8078007716699,100.5879326510753,100.80780077166992,102.73008614358875,100.0,88.0,99.58205332456455,101.47310645840476,21.834445467973524,True,False,ok
201,100.80843644938443,100.5879326510753,100.80780077166992,102.73008614358875,100.0,88.0,99.58205332456455,101.47310645840476,21.89750365448741,True,True,ok
202,100.8340520938769,100.72885437897914,100.45787026990955,102.37348288158987,100.0,88.0,99.72156583518934,101.61526829751415,10.438202771555526,True,True,good
203,100.76967670925168,100.8741753454689,100.44341250733594,102.3587494266066,97.0,88.0,99.89569584461785,101.76186808850902,10.364674599034577,True,True,good
204,100.85848632028897,100.88980761534167,99.11946226692037,103.72596720415117,94.0,88.0,99.94144342375746,101.77763792235666,3.1049873774222907,True,True,good
205,101.11385342474547,100.90497323169386,97.85524024438158,105.06603495853139,91.0,85.0,99.98673797528545,101.76266550416325,20.679287266977504,True,True,ok
206,101.10849701326339,100.90497323169386,97.85524024438158,105.06603495853139,91.0,85.0,99.98673797528545,101.76266550416325,20.14953262099217,True,True,ok
207,101.09515386128358,100.90497323169386,97.85524024438158,105.06603495853139,91.0,85.0,99.98673797528545,101.76266550416325,18.8297590222977,True,True,ok
208,100.99226174670318,100.90497323169386,97.85524024438158,105.06603495853139,91.0,85.0,99.98673797528545,101.76266550416325,8.646826734134917,True,True,good
209,100.8069251774055,100.90497323169386,97.85524024438158,105.06603495853139,91.0,85.0,99.98673797528545,101.76266550416325,9.721594292029064,True,True,good
210,100.90678972965523,100.90497323169386,97.85524024438158,105.06603495853139,91.0,85.0,99.98673797528545,101.76266550416325,0.18001903702413735,True,True,good
211,100.8065234827154,100.90497323169386,97.85524024438158,105.06603495853139,91.0,85.0,99.98673797528545,101.76266550416325,9.761442297483324,True,True,good
212,100.70058751335023,100.90497323169386,97.85524024438158,105.06603495853139,91.0,85.0,99.98673797528545,101.76266550416325,20.275808624412896,True,True,ok
213,100.57146840192148,100.90102342927547,100.47383576605246,102.26580365038691,88.0,82.0,100.01309442309784,101.72841182139553,32.71467169343186,True,True,ok
214,100.44260425743187,100.85500822488207,100.44260425743187,102.17215820396325,85.0,79.00000000000001,99.99774065497057,101.65176278985864,40.974608626336426,True,True,bad
215,100.46331869919999,100.8611603487482,100.4633186992,102.13141579364525,82.0,76.00000000000001,100.03409883388846,101.62770516739869,39.52248323656467,True,False,bad
216,100.51832882813585,100.8611603487482,100.4633186992,102.13141579364525,82.0,76.00000000000001,100.03409883388846,101.62770516739869,34.04833860830153,True,True,ok
217,100.5548612863554,100.8611603487482,100.4633186992,102.13141579364525,82.0,76.00000000000001,100.03409883388846,101.62770516739869,30.414591254839053,True,True,ok
218,100.40675287124307,100.79636261277837,100.40675287124309,102.01218804275986,73.00000000000001,73.00000000000001,100.06054916570508,101.53217605985165,38.728051259571764,True,False,bad
219,100.28999366609379,100.8086361565057,99.31825720587378,103.13020831036496,70.00000000000001,73.00000000000001,100.10297570341015,101.5445392004482,51.58102178881563,True,True,bad
220,100.1124388816469,100.8205429218368,98.28025321148066,104.21943594939438,67.00000000000001,73.00000000000001,100.14504528426049,101.55653288516622,70.48190547962248,False,True,bad
221,100.17292061833143,100.9610970461094,100.16901111577775,101.58625003274712,61.000000000000014,73.00000000000001,100.34523435412814,101.69811305454601,78.37366064266212,False,True,bad
222,100.21745932912037,100.95851731972989,99.27502853629848,102.50104541667083,58.000000000000014,73.00000000000001,100.37295791927545,101.69551449616392,73.67294592722442,False,True,bad
223,100.1904325763522,100.81703290985094,100.1269223339398,101.45164339989691,52.000000000000014,70.00000000000001,100.29278433871971,101.52275214021988,62.34617820474289,False,True,bad
224,100.27792803051052,100.81703290985094,100.1269223339398,101.45164339989691,52.000000000000014,70.00000000000001,100.29278433871971,101.52275214021988,53.617074075869795,False,True,bad
225,100.38606027404671,100.81703290985094,100.1269223339398,101.45164339989691,52.000000000000014,70.00000000000001,100.29278433871971,101.52275214021988,42.83962916246898,True,True,bad
226,100.5138134175968,100.81703290985094,100.1269223339398,101.45164339989691,52.000000000000014,70.00000000000001,100.29278433871971,101.52275214021988,30.12153647056216,True,True,ok
227,100.70096646227155,100.81703290985094,100.1269223339398,101.45164339989691,52.000000000000014,70.00000000000001,100.29278433871971,101.52275214021988,11.519215233903669,True,True,good
228,100.69314746435305,100.81590272395971,98.340445427963,103.29463909936294,49.000000000000014,67.00000000000001,100.3219048006123,101.49136927221024,12.18359916606988,True,True,ok
229,100.64602856892373,100.92745536987525,100.64602856892374,101.82384226242641,49.000000000000014,64.00000000000001,100.43291083856286,101.57339108424245,27.923016292440412,True,False,ok
230,100.6707572674443,100.93898434093396,99.88451369484383,102.6001424870608,53.0117971263212,58.000000000000014,100.40388864493211,101.52443045011138,26.60855865467853,True,True,ok
231,100.68735716500092,100.96138194920465,100.68735716500092,101.81448761537077,45.0117971263212,49.000000000000014,100.5069366250156,101.45609272075575,27.178444465874684,True,True,ok
232,100.5102748320133,100.82013491047323,100.51027483201331,101.46189855292124,42.0117971263212,46.000000000000014,100.39657140506252,101.2839075310614,30.781273779075654,True,False,ok
233,100.62996777935454,100.8250759190499,99.88757814109191,102.09440951834144,42.0117971263212,43.000000000000014,100.40149165557419,101.25862374550181,19.369899816468557,True,True,ok
234,100.77534397713528,100.96632988003778,100.77534397713528,101.63754693953832,42.0117971263212,40.00000000000002,100.54215218328685,101.37019519955793,18.93371422033887,True,True,ok
235,100.82776059737272,100.9289856332848,100.73011632698315,101.56133235585153,42.0117971263212,37.00000000000002,100.5049648264257,101.30242288012795,10.034365273699976,True,True,good
236,100.93288051739614,100.9289856332848,100.73011632698315,101.56133235585153,42.0117971263212,37.00000000000002,100.5049648264257,101.30242288012795,0.38589597788858615,True,True,good
237,100.80508017703818,100.93545546903397,99.86252225575804,102.44368549321763,42.0117971263212,34.00000000000002,100.51140748123218,101.27863601762868,12.925048476582546,True,True,ok
238,100.82698076375628,101.01304071156905,100.82698076375628,101.59779261987701,39.0117971263212,31.00000000000002,100.61897068643378,101.32618113777492,18.436383345016928,True,True,ok
239,100.67510410861782,101.01304071156905,100.82698076375628,101.59779261987701,39.0117971263212,31.00000000000002,100.61897068643378,101.32618113777492,33.510836196949356,True,False,ok
240,100.57974159439725,100.87172140117228,100.57974159439725,101.28764969447359,36.0117971263212,31.00000000000002,100.5084642044841,101.18442373751593,28.987628770514483,True,True,ok
241,100.59165868675147,100.7566445535831,100.59165868675147,101.26915093241853,36.0117971263212,25.00000000000002,100.39380176930386,101.00853616496705,16.388109668838148,True,True,ok
242,100.64230346243835,100.67912211894556,100.53157490977274,101.14778509579772,36.0117971263212,25.00000000000002,100.3165585068852,100.93081992424291,3.6576988079006023,True,True,good
243,100.71381270001031,100.67912211894556,100.53157490977274,101.14778509579772,36.0117971263212,25.00000000000002,100.3165585068852,100.93081992424291,3.4450643900732163,True,True,good
244,100.76432432067185,100.57517947439844,100.42650811751744,101.04207429465608,36.0117971263212,25.00000000000002,100.21299017848091,100.82661742308443,18.78865283269614,True,True,ok
245,100.87582616240792,100.57517947439844,100.42650811751744,101.04207429465608,36.0117971263212,25.00000000000002,100.21299017848091,100.82661742308443,29.848142010220975,False,True,bad
246,101.09325245337195,100.43447274082988,100.04431587611884,100.65753939869963,36.0117971263212,25.00000000000002,100.0727901551467,100.68555892268195,65.37880169809479,False,False,bad
247,101.09381415682131,100.43129911308434,99.58992818306359,101.11679816060895,41.57159152509037,19.00000000000002,100.013790218778,100.62211858139919,65.7503593231054,False,True,bad
248,101.3103908651965,100.42887296920631,99.12286696258397,101.5932546696576,69.14106559740019,16.00000000000002,99.73449703982263,100.58955916595704,87.39235879686832,False,True,bad
249,101.22002965897377,100.56957185760426,100.3948314186805,101.25581405979771,69.14106559740019,16.00000000000002,99.87422312111336,100.73048317257643,64.46913511672928,False,True,bad
250,100.98153161438384,100.56957185760426,100.3948314186805,101.25581405979771,69.14106559740019,16.00000000000002,99.87422312111336,100.73048317257643,40.8789952888845,False,True,bad
251,100.93887849684579,100.56957185760426,100.3948314186805,101.25581405979771,69.14106559740019,16.00000000000002,99.87422312111336,100.73048317257643,36.65424969244205,False,True,bad
252,101.00526893093885,100.55988854393469,100.35400649535305,101.21463902332387,69.14106559740019,16.00000000000002,99.86460675890635,100.72078436560498,44.192271861275294,False,True,bad
253,100.9745566121089,100.566586792556,99.77338287539419,101.80364992391591,69.14106559740019,13.000000000000021,99.87125869512292,100.69732335538633,40.48507117639283,False,True,bad
254,100.94219092961616,100.566586792556,99.77338287539419,101.80364992391591,69.14106559740019,13.000000000000021,99.87125869512292,100.69732335538633,37.27922687036274,False,True,bad
255,100.85314463167401,100.566586792556,99.77338287539419,101.80364992391591,69.14106559740019,13.000000000000021,99.87125869512292,100.69732335538633,28.453819338106534,False,True,bad
256,100.80706584904324,100.566586792556,99.77338287539419,101.80364992391591,69.14106559740019,13.000000000000021,99.87125869512292,100.69732335538633,23.883876331216122,False,True,bad
257,100.80147601351455,100.57308452000899,98.55854845473209,103.05848352298632,80.02672574927938,10.000000000000021,99.7682310547448,100.67365760452901,22.68326156283864,False,True,bad
258,100.70055687577947,100.57938771676079,97.89944388708325,103.75232114379354,80.02672574927938,47.105037056678455,99.77448380907683,101.0531672953144,12.039865561473018,True,True,ok
259,100.7687690830438,100.45806571394847,99.49147659998947,100.76876908304382,80.02672574927938,47.105037056678455,99.65413270652915,100.93127380475825,30.880932587607223,True,True,ok
260,100.8604532743752,100.55213517913057,99.58199865021831,100.86045327437519,80.02672574927938,47.105037056678455,99.7474493645821,101.02578638450468,30.61559741005872,True,False,ok
261,100.85553848220306,100.55213517913057,99.58199865021831,100.86045327437519,80.02672574927938,47.105037056678455,99.7474493645821,101.02578638450468,30.128299191378346,True,True,ok
262,100.9437291955929,100.63515653602126,99.6642190091903,100.9437291955929,80.02672574927938,47.105037056678455,99.82980632873686,101.10919881380465,30.61559741005872,True,True,ok
263,100.92208679436858,100.77614442366502,99.80909304903061,101.09046315879952,80.02672574927938,47.105037056678455,99.96966593647878,101.25085082541561,14.471361031939093,True,True,ok
264,100.941298737457,100.77614442366502,99.80909304903061,101.09046315879952,80.02672574927938,47.105037056678455,99.96966593647878,101.25085082541561,16.374820948238824,True,True,ok
265,100.97698608142423,100.77614442366502,99.80909304903061,101.09046315879952,80.02672574927938,47.105037056678455,99.96966593647878,101.25085082541561,19.9096513248764,True,True,ok
266,100.92791519659998,100.77614442366502,99.80909304903061,101.09046315879952,80.02672574927938,47.105037056678455,99.96966593647878,101.25085082541561,15.048859389683361,True,True,ok
267,100.88907118365368,100.91732983258412,99.9624240286028,101.24576263370739,80.02672574927938,47.105037056678455,100.10972148479794,101.39270128872661,2.8005701477089717,True,True,good
268,100.99146756775899,100.91732983258412,99.9624240286028,101.24576263370739,80.02672574927938,47.105037056678455,100.10972148479794,101.39270128872661,7.34368580876901,True,True,good
269,101.04984240042936,100.91732983258412,99.9624240286028,101.24576263370739,80.02672574927938,47.105037056678455,100.10972148479794,101.39270128872661,13.122190640667409,True,True,ok
270,101.03272451430622,100.91732983258412,99.9624240286028,101.24576263370739,80.02672574927938,47.105037056678455,100.10972148479794,101.39270128872661,11.428042904381277,True,True,good
271,100.88156523604364,101.00425436736862,100.02975574968373,101.3139587735722,80.02672574927938,47.105037056678455,100.19595039099183,101.48003528185433,12.154310458234528,True,True,ok
272,100.8611408162402,101.00425436736862,100.02975574968373,101.3139587735722,80.02672574927938,47.105037056678455,100.19595039099183,101.48003528185433,14.179109299579922,True,True,ok
273,100.89664193913613,101.00425436736862,100.02975574968373,101.3139587735722,80.02672574927938,47.105037056678455,100.19595039099183,101.48003528185433,10.659926765206336,True,True,good
274,100.94256805277375,101.00425436736862,100.02975574968373,101.3139587735722,80.02672574927938,47.105037056678455,100.19595039099183,101.48003528185433,6.109164360613285,True,True,good
275,101.02521020505264,101.00425436736862,100.02975574968373,101.3139587735722,80.02672574927938,47.105037056678455,100.19595039099183,101.48003528185433,2.0745328215903758,True,True,good
276,101.12272697275172,100.9942048741803,98.80967155428449,102.56496546075722,80.02672574927938,47.105037056678455,100.18598132060704,101.4699384504911,12.717600125762646,True,True,ok
277,101.21941151785603,101.13569578152912,100.42373197563397,101.71299294909866,80.02672574927938,47.105037056678455,100.32633992255202,101.61209585128331,8.274141653280227,True,True,good
278,101.19469795335971,101.13307478310344,99.90458766244959,102.24153446157553,80.02672574927938,65.08188913497482,100.32373989911856,101.79126793919474,6.091420009056184,True,True,good
279,101.34719968998294,100.99356524237496,99.88184296960823,101.34719968998293,80.02672574927938,62.081889134974816,100.18534680756561,101.62055237444726,34.95438082262133,True,False,ok
280,101.399776768199,101.05328098965211,99.96383633975847,101.399776768199,80.02672574927938,59.081889134974816,100.24458466926973,101.65032286406772,34.2297736277207,True,True,ok
281,101.36759773369698,101.05328098965211,99.96383633975847,101.399776768199,80.02672574927938,59.081889134974816,100.24458466926973,101.65032286406772,31.055788182457164,True,True,ok
282,101.277789191103,101.0664516435093,100.00270513105998,101.40859126775526,80.02672574927938,56.081889134974816,100.2576499226965,101.63325139714296,20.88891915767525,True,True,ok
283,101.43958602354276,101.10472671208169,100.06345852803436,101.43958602354274,77.02672574927938,53.081889134974816,100.32595010644094,101.64140970151693,33.06531909262826,True,False,ok
284,101.27364044980153,101.09404185807351,99.57293947257192,101.93930060650408,100.0,53.081889134974816,100.08310143949278,101.63066813028517,17.749735217836545,True,True,ok
285,101.24031058404022,101.2356726350857,101.2403105840402,102.6268274567832,100.0,53.081889134974816,100.22331590873485,101.77305071021772,0.45812336669005327,True,True,good
286,101.21459216174358,101.38243139702752,101.21459216174358,102.78255097713681,100.0,53.081889134974816,100.36860708305724,101.92058849539262,16.568779810518368,True,True,ok
287,101.35675698090881,101.48539713165333,101.1116627901035,102.67802708229428,100.0,53.081889134974816,100.47054316033679,102.02410079158945,12.68377064456456,True,True,ok
288,101.19107800179623,101.43319131178416,101.05964922555646,102.62520775322942,100.0,53.081889134974816,100.41885939866631,101.97161785336603,23.897771578358157,True,True,ok
289,101.35843575323828,101.44850103396968,100.19362590005187,103.51224844968758,100.0,53.081889134974816,100.43401602362998,101.98700884244913,8.88187436574384,True,True,good
290,101.40232889929653,101.44850103396968,100.19362590005187,103.51224844968758,100.0,53.081889134974816,100.43401602362998,101.98700884244913,4.552324038872328,True,True,good
291,101.22469666006187,101.46020674535451,99.04246338151825,104.71536291752356,100.0,53.081889134974816,100.44560467790096,101.99877668996136,23.239046157429254,True,True,ok
292,101.27745960156392,101.47156257589609,98.261300826542,105.54783429490047,100.0,53.081889134974816,100.45684695013712,102.01019279939672,19.14712402042821,True,True,ok
293,101.17153319361103,101.47156257589609,98.261300826542,105.54783429490047,100.0,53.081889134974816,100.45684695013712,102.01019279939672,29.61162830436554,True,True,ok
294,101.40383239289172,101.33055741860419,100.67234348246957,102.2319020901591,100.0,58.76890848511185,100.31725184441814,101.92606604417212,7.228667770317887,True,True,good
295,101.39090369360525,101.18879389583878,99.91242928770842,101.39090369360527,100.0,58.76890848511185,100.17690595688039,101.78346939265712,19.953615019592487,True,True,ok
296,101.27607852844801,101.18879389583878,99.91242928770842,101.39090369360527,100.0,58.76890848511185,100.17690595688039,101.78346939265712,8.622200678225528,True,True,good
297,101.33012773130395,101.18879389583878,99.91242928770842,101.39090369360527,100.0,58.76890848511185,100.17690595688039,101.78346939265712,13.957595396471033,True,True,ok
298,101.33253952849763,101.18879389583878,99.91242928770842,101.39090369360527,100.0,58.76890848511185,100.17690595688039,101.78346939265712,14.195606395378352,True,True,ok
299,101.2272268407036,101.18879389583878,99.91242928770842,101.39090369360527,100.0,58.76890848511185,100.17690595688039,101.78346939265712,3.797421289758057,True,True,good
300,101.24759616104261,101.18879389583878,99.91242928770842,101.39090369360527,100.0,58.76890848511185,100.17690595688039,101.78346939265712,5.809456179406758,True,True,good
301,101.20483637181476,101.18879389583878,99.91242928770842,101.39090369360527,100.0,58.76890848511185,100.17690595688039,101.78346939265712,1.585274792329993,True,True,good
302,101.3004436832002,101.04722870314181,99.81223485566267,101.41645267073321,100.0,58.76890848511185,100.03675641611039,101.64107223677472,25.0277267089499,True,True,ok
303,101.30093948565062,101.04722870314181,99.81223485566267,101.41645267073321,100.0,58.76890848511185,100.03675641611039,101.64107223677472,25.076670348193566,True,True,ok
304,101.33398199017759,101.04722870314181,99.81223485566267,101.41645267073321,100.0,58.76890848511185,100.03675641611039,101.64107223677472,28.337954689431587,True,True,ok
305,101.2572446073641,101.03411877538335,98.54032287097684,102.72548838157743,100.0,58.76890848511185,100.02377758762951,101.6278852634018,22.059856509348954,True,True,ok
306,101.08868527491933,101.02140377057489,97.84862218394912,103.45166407320052,100.0,58.76890848511185,100.01118973286914,101.61509553389794,6.657906801937071,True,True,good
307,101.06346360797608,101.02140377057489,97.84862218394912,103.45166407320052,100.0,58.76890848511185,100.01118973286914,101.61509553389794,4.16259154424494,True,True,good
308,101.06077426457547,101.00907174479107,96.91318128089458,104.45021676525013,100.0,58.76890848511185,99.99898102734316,101.60269103414464,5.1172920585349155,True,True,good
309,101.01692376235668,101.00907174479107,96.91318128089458,104.45021676525013,100.0,58.76890848511185,99.99898102734316,101.60269103414464,0.7773274473769649,True,True,good
310,101.11359079381276,101.00907174479107,96.91318128089458,104.45021676525013,100.0,58.76890848511185,99.99898102734316,101.60269103414464,10.342141452628509,True,True,good
311,101.1191163129108,101.00907174479107,96.91318128089458,104.45021676525013,100.0,58.76890848511185,99.99898102734316,101.60269103414464,10.88859303095847,True,True,good
312,101.15108828357016,101.00907174479107,96.91318128089458,104.45021676525013,100.0,58.76890848511185,99.99898102734316,101.60269103414464,14.049905987496873,True,True,ok
313,101.33164075393043,101.00907174479107,96.91318128089458,104.45021676525013,100.0,58.76890848511185,99.99898102734316,101.60269103414464,31.88377449292186,True,True,ok
314,101.2495980911355,101.00907174479107,96.91318128089458,104.45021676525013,100.0,58.76890848511185,99.99898102734316,101.60269103414464,23.784044453945416,True,True,ok
315,101.2548775332308,101.00907174479107,96.91318128089458,104.45021676525013,100.0,58.76890848511185,99.99898102734316,101.60269103414464,24.30545930961539,True,True,ok
316,101.25068948797951,101.00907174479107,96.91318128089458,104.45021676525013,100.0,58.76890848511185,99.99898102734316,101.60269103414464,23.89183658175721,True,True,ok
317,101.14332849204332,101.00907174479107,96.91318128089458,104.45021676525013,100.0,58.76890848511185,99.99898102734316,101.60269103414464,13.282727965056617,True,True,ok
318,101.02836489991923,101.00907174479107,96.91318128089458,104.45021676525013,100.0,58.76890848511185,99.99898102734316,101.60269103414464,1.9098594307286707,True,True,good
319,100.98399831078208,100.99711111812871,94.84550961491128,106.72727505286112,100.0,58.76890848511185,99.98714000694743,101.5906601161849,1.298419184064615,True,True,good
320,101.09074999784211,100.99711111812871,94.84550961491128,106.72727505286112,100.0,58.76890848511185,99.98714000694743,101.5906601161849,9.267146071785742,True,True,good
321,101.15279945129807,100.99711111812871,94.84550961491128,106.72727505286112,100.0,58.76890848511185,99.98714000694743,101.5906601161849,15.403258256511503,True,True,ok
322,101.07396909278012,100.99711111812871,94.84550961491128,106.72727505286112,100.0,58.76890848511185,99.98714000694743,101.5906601161849,7.607024050888597,True,True,good
323,101.14551278474461,100.97950383507711,93.80665652759821,107.48213997874393,100.0,58.76890848511185,99.96970879672634,101.57294935705268,16.426367183198625,True,True,ok
324,101.07875455311324,100.97950383507711,93.80665652759821,107.48213997874393,100.0,58.76890848511185,99.96970879672634,101.57294935705268,9.823971245730043,True,True,good
325,101.12507442184261,100.97950383507711,93.80665652759821,107.48213997874393,100.0,58.76890848511185,99.96970879672634,101.57294935705268,14.405473957563931,True,True,ok
326,101.3081508740114,100.97950383507711,93.80665652759821,107.48213997874393,100.0,58.76890848511185,99.96970879672634,101.57294935705268,32.493068206396856,True,True,ok
327,101.31444922010142,100.97950383507711,93.80665652759821,107.48213997874393,100.0,58.76890848511185,99.96970879672634,101.57294935705268,33.1147506928627,True,True,ok
328,101.32208686132071,100.97950383507711,93.80665652759821,107.48213997874393,100.0,58.76890848511185,99.96970879672634,101.57294935705268,33.868577359129965,True,True,ok
329,101.28319370279858,100.97950383507711,93.80665652759821,107.48213997874393,100.0,58.76890848511185,99.96970879672634,101.57294935705268,30.02927377419054,True,True,ok
330,101.22310044478398,100.97950383507711,93.80665652759821,107.48213997874393,100.0,58.76890848511185,99.96970879672634,101.57294935705268,24.09432147737773,True,True,ok
331,101.11267439445265,100.97950383507711,93.80665652759821,107.48213997874393,100.0,58.76890848511185,99.96970879672634,101.57294935705268,13.179191774532601,True,True,ok
332,100.91289033393517,100.97950383507711,93.80665652759821,107.48213997874393,100.0,58.76890848511185,99.96970879672634,101.57294935705268,6.598911646315518,True,True,good
333,100.85562711049131,100.97950383507711,93.80665652759821,107.48213997874393,100.0,58.76890848511185,99.96970879672634,101.57294935705268,12.275042462617336,True,True,ok
334,100.69271371791321,100.97950383507711,93.80665652759821,107.48213997874393,100.0,58.76890848511185,99.96970879672634,101.57294935705268,28.441231416502276,True,True,ok
335,100.76352575605688,100.97950383507711,93.80665652759821,107.48213997874393,100.0,58.76890848511185,99.96970879672634,101.57294935705268,21.411214252981456,True,True,ok
336,100.88370152353487,100.97950383507711,93.80665652759821,107.48213997874393,100.0,58.76890848511185,99.96970879672634,101.57294935705268,9.491805954905118,True,True,good
337,100.85251700414751,100.97950383507711,93.80665652759821,107.48213997874393,100.0,58.76890848511185,99.96970879672634,101.57294935705268,12.583419336312305,True,True,ok
338,100.91625610222562,100.97950383507711,93.80665652759821,107.48213997874393,100.0,58.76890848511185,99.96970879672634,101.57294935705268,6.265385161147221,True,True,good
339,100.8546897592763,100.97950383507711,93.80665652759821,107.48213997874393,100.0,58.76890848511185,99.96970879672634,101.57294935705268,12.367982797010306,True,True,ok
340,100.69366684787514,100.97950383507711,93.80665652759821,107.48213997874393,100.0,58.76890848511185,99.96970879672634,101.57294935705268,28.34657457235394,True,True,ok
341,100.78481763465507,100.95451215157414,93.90677322363118,107.4890609434817,100.0,58.76890848511185,99.9449670300584,101.54781080015363,16.82315065893268,True,True,ok
342,100.6914246984561,100.95451215157414,93.90677322363118,107.4890609434817,100.0,58.76890848511185,99.9449670300584,101.54781080015363,26.094014737660025,True,True,ok
343,100.81343153493322,100.95451215157414,93.90677322363118,107.4890609434817,100.0,58.76890848511185,99.9449670300584,101.54781080015363,13.984445403489046,True,True,ok
344,100.88266312703445,100.97623545987436,95.3238983452133,108.46236727160891,100.0,58.76890848511185,99.96647310527561,101.5696617739656,9.271064114317298,True,True,good
345,100.8379058018919,101.1177011924249,100.8379058018919,102.45860856599421,100.0,58.76890848511185,100.10652418050066,101.71195888518515,27.70862108876485,True,True,ok
346,100.66952865873661,101.05884982003228,100.66952865873661,102.28752520537878,97.0,58.76890848511185,100.07857897677796,101.6527616497007,38.598599521839866,True,True,bad
347,100.57855144774581,100.95683080029606,100.57855144774581,102.16412694987713,97.0,58.76890848511185,99.97754954153318,101.55014307532102,37.53979004261665,True,True,bad
348,100.56585163598817,100.94736744127087,100.56585163598817,102.15122693131481,94.0,58.76890848511185,99.99846218732293,101.54062410116777,37.8651348896467,True,True,bad
349,100.63788622578282,100.94736744127087,100.56585163598817,102.15122693131481,94.0,58.76890848511185,99.99846218732293,101.54062410116777,30.704771604360758,True,True,ok
350,100.4953131737545,100.94736744127087,100.56585163598817,102.15122693131481,94.0,58.76890848511185,99.99846218732293,101.54062410116777,44.8817524641475,True,False,bad
351,100.57533666056004,100.94736744127087,100.56585163598817,102.15122693131481,94.0,58.76890848511185,99.99846218732293,101.54062410116777,36.92201382536022,True,True,bad
352,100.62975901385911,100.94736744127087,100.56585163598817,102.15122693131481,94.0,58.76890848511185,99.99846218732293,101.54062410116777,31.51237403031896,True,True,ok
353,100.84205552224287,100.94736744127087,100.56585163598817,102.15122693131481,94.0,58.76890848511185,99.99846218732293,101.54062410116777,10.437804622523373,True,True,good
354,100.97019307184227,100.94736744127087,100.56585163598817,102.15122693131481,94.0,58.76890848511185,99.99846218732293,101.54062410116777,2.260886136959569,True,True,good
355,101.04417915015478,100.94736744127087,100.56585163598817,102.15122693131481,94.0,58.76890848511185,99.99846218732293,101.54062410116777,9.585719593778284,True,True,good
356,101.14612020626116,100.94736744127087,100.56585163598817,102.15122693131481,94.0,58.76890848511185,99.99846218732293,101.54062410116777,19.669394732368314,True,True,ok
357,101.25810710357855,100.94736744127087,100.56585163598817,102.15122693131481,94.0,58.76890848511185,99.99846218732293,101.54062410116777,30.73506368929284,True,True,ok
358,101.2951471830346,100.94736744127087,100.56585163598817,102.15122693131481,94.0,58.76890848511185,99.99846218732293,101.54062410116777,34.39238136600564,True,True,ok
359,101.34791018405711,100.94736744127087,100.56585163598817,102.15122693131481,94.0,58.76890848511185,99.99846218732293,101.54062410116777,39.599863221087496,True,True,bad
360,101.27983764799365,100.94736744127087,100.56585163598817,102.15122693131481,94.0,58.76890848511185,99.99846218732293,101.54062410116777,32.880888218629735,True,True,ok
361,101.44234733749418,100.94736744127087,100.56585163598817,102.15122693131481,94.0,58.76890848511185,99.99846218732293,101.54062410116777,48.913640067962845,True,True,bad
362,101.5830572346097,100.94736744127087,100.56585163598817,102.15122693131481,94.0,58.76890848511185,99.99846218732293,101.54062410116777,62.774951655210785,False,True,bad
363,101.54158889674797,100.94736744127087,100.56585163598817,102.15122693131481,94.0,58.76890848511185,99.99846218732293,101.54062410116777,58.69190814201434,False,True,bad
364,101.55045814445347,100.94736744127087,100.56585163598817,102.15122693131481,94.0,58.76890848511185,99.99846218732293,101.54062410116777,59.56532961177169,False,True,bad
365,101.47924696034352,100.94736744127087,100.56585163598817,102.15122693131481,94.0,58.76890848511185,99.99846218732293,101.54062410116777,52.55047560374935,True,True,bad
366,101.5052381428791,100.96358802993403,97.56827963194543,105.50926412068762,100.0,58.76890848511185,99.95395214963469,101.55694001646,53.504671840804406,True,True,bad
367,101.55712045823832,101.10503604368239,101.55712045823833,103.18938269664996,100.0,58.76890848511185,100.09398568324556,101.6992193047459,44.61466040250416,True,False,bad
368,101.5936754953425,101.10503604368239,101.55712045823833,103.18938269664996,100.0,58.76890848511185,100.09398568324556,101.6992193047459,48.21346860082983,True,True,bad
369,101.59198549154502,101.24668222333376,101.47187885549062,103.10277106047988,100.0,58.76890848511185,100.23421540110043,101.8416979235342,34.04711790567581,True,True,ok
370,101.50937397750853,101.24668222333376,101.47187885549062,103.10277106047988,100.0,58.76890848511185,100.23421540110043,101.8416979235342,25.912113904879437,True,True,ok
371,101.33711391595804,101.40058907515427,101.33711391595804,102.96584013080434,100.0,52.76890848511185,100.38658318440272,101.9356689156786,6.2618013653898705,True,True,good
372,101.26882261674662,101.40058907515427,101.33711391595804,102.96584013080434,100.0,52.76890848511185,100.38658318440272,101.9356689156786,13.003094633137424,True,False,ok
373,101.17067015679872,101.42293850883864,99.37436620587053,104.99952320874516,100.0,49.76890848511185,100.40870912375026,101.9277094033324,24.90389347254967,True,True,ok
374,101.23101467328136,101.56503006363108,101.23101467328136,102.76500036489497,100.0,49.76890848511185,100.54937976299477,102.07050813228354,32.941046046522864,True,True,ok
375,101.18780200659998,101.55370102379412,101.1878020066,102.72113288296158,100.0,49.76890848511185,100.53816401355618,102.05912270905189,36.095166405289305,True,False,bad
376,101.22305688848581,101.55370102379412,101.1878020066,102.72113288296158,100.0,49.76890848511185,100.53816401355618,102.05912270905189,32.61166928119346,True,True,ok
377,101.302569064968,101.41162531856017,101.03616438425414,102.5671974476012,100.0,49.76890848511185,100.39750906537456,101.91633990854076,10.759608072335727,True,True,good
378,101.26381713946078,101.2697483801443,100.87048354812245,102.39900599717981,100.0,49.76890848511185,100.25705089634286,101.77375686408848,0.5857044653315915,True,True,good
379,101.37480793639126,101.2697483801443,100.87048354812245,102.39900599717981,100.0,49.76890848511185,100.25705089634286,101.77375686408848,10.368851507225733,True,True,good
380,101.39053960688615,101.2697483801443,100.87048354812245,102.39900599717981,100.0,49.76890848511185,100.25705089634286,101.77375686408848,11.920563445882884,True,True,good
381,101.46282658975863,101.2697483801443,100.87048354812245,102.39900599717981,100.0,49.76890848511185,100.25705089634286,101.77375686408848,19.047582069001724,True,True,ok
382,101.53223535739465,101.2697483801443,100.87048354812245,102.39900599717981,100.0,49.76890848511185,100.25705089634286,101.77375686408848,25.88605091402186,True,True,ok
383,101.48663848887014,101.2697483801443,100.87048354812245,102.39900599717981,100.0,49.76890848511185,100.25705089634286,101.77375686408848,21.394166152045113,True,True,ok
384,101.51067691241947,101.2697483801443,100.87048354812245,102.39900599717981,100.0,49.76890848511185,100.25705089634286,101.77375686408848,23.76251507470558,True,True,ok
385,101.55499448971001,101.20106787756436,100.83643940118097,102.36444596847561,100.0,49.76890848511185,100.18905719878872,101.70473454614377,34.91160436740737,True,True,ok
386,101.45687583820889,101.06241582870507,100.66658559128987,102.19201830989911,97.0,46.76890848511185,100.08211039516662,101.53507371642276,38.95535137327903,True,True,bad
387,101.57880858955515,101.06241582870507,100.66658559128987,102.19201830989911,97.0,46.76890848511185,100.08211039516662,101.53507371642276,50.966320415359625,False,True,bad
388,101.73732128421148,101.06241582870507,100.66658559128987,102.19201830989911,97.0,46.76890848511185,100.08211039516662,101.53507371642276,66.55905542080787,False,True,bad
389,101.66487009418775,101.06241582870507,100.66658559128987,102.19201830989911,97.0,46.76890848511185,100.08211039516662,101.53507371642276,59.435121052465774,False,True,bad
390,101.8881875553925,101.06241582870507,100.66658559128987,102.19201830989911,97.0,46.76890848511185,100.08211039516662,101.53507371642276,81.37707106589866,False,True,bad
391,101.98785561248526,101.06241582870507,100.66658559128987,102.19201830989911,97.0,46.76890848511185,100.08211039516662,101.53507371642276,91.15439099853724,False,True,bad
392,102.07399411362766,101.06241582870507,100.66658559128987,102.19201830989911,97.0,46.76890848511185,100.08211039516662,101.53507371642276,99.59678298647886,False,True,bad
393,102.25119671919943,101.0761373989764,97.2289777752934,105.80509837010963,97.0,40.76890848511186,100.09569886620632,101.48821377854114,115.58430226351628,False,True,bad
394,102.23767650786455,101.0761373989764,97.2289777752934,105.80509837010963,97.0,40.76890848511186,100.09569886620632,101.48821377854114,114.26196025622599,False,True,bad
395,102.19704143978713,101.0761373989764,97.2289777752934,105.80509837010963,97.0,40.76890848511186,100.09569886620632,101.48821377854114,110.28660137193378,False,True,bad
396,102.20958354530747,101.0761373989764,97.2289777752934,105.80509837010963,97.0,40.76890848511186,100.09569886620632,101.48821377854114,111.51377348898008,False,True,bad
397,102.37785686457752,101.0761373989764,97.2289777752934,105.80509837010963,97.0,40.76890848511186,100.09569886620632,101.48821377854114,127.96379181649921,False,True,bad
398,102.20370004739607,101.0761373989764,97.2289777752934,105.80509837010963,97.0,40.76890848511186,100.09569886620632,101.48821377854114,110.93812617197455,False,True,bad
399,102.2193585262966,101.0761373989764,97.2289777752934,105.80509837010963,97.0,40.76890848511186,100.09569886620632,101.48821377854114,112.47009414470872,False,True,bad
400,102.19885143175809,101.09604312736468,95.1495226764969,108.79076654586703,100.0,37.76890848511186,100.08508269609104,101.47787184747311,108.4945221522313,False,True,bad
401,102.16169376722355,101.09604312736468,95.1495226764969,108.79076654586703,100.0,37.76890848511186,100.08508269609104,101.47787184747311,104.85804086296477,False,True,bad
402,102.06488405347912,101.12374978573565,95.41309331612307,109.09232090720762,100.0,40.76890848511186,100.1125122878783,101.53602027580425,92.6371697423693,False,True,bad
403,102.00108828620067,101.12374978573565,95.41309331612307,109.09232090720762,100.0,40.76890848511186,100.1125122878783,101.53602027580425,86.38470455914036,False,True,bad
404,102.06811780730358,100.98227559107933,100.53918342210984,101.97045313661509,100.0,40.76890848511186,99.97245283516854,101.39396930629843,106.95399786866317,False,False,bad
405,102.13608597893192,100.99036551636485,99.12560842642293,103.42459687546311,100.0,42.76890848511186,99.98046186120119,101.42229028642959,112.80978961814512,False,True,bad
406,102.19072162947931,100.99821336312105,97.73054901598059,104.90093624524121,100.0,42.76890848511186,99.98823122948984,101.43017169756976,117.38060033207026,False,True,bad
407,102.22511889390151,101.00582635715266,96.35090079603097,106.40301239363315,100.0,42.76890848511186,99.99576809358113,101.43781725154587,119.99227429012203,False,True,bad
408,101.99712842576369,101.00582635715266,96.35090079603097,106.40301239363315,100.0,42.76890848511186,99.99576809358113,101.43781725154587,97.66458317458138,False,True,bad
409,101.87340299317404,101.00582635715266,96.35090079603097,106.40301239363315,100.0,42.76890848511186,99.99576809358113,101.43781725154587,85.52693415604656,False,True,bad
410,101.81745840412619,101.00582635715266,96.35090079603097,106.40301239363315,100.0,42.76890848511186,99.99576809358113,101.43781725154587,80.03384624127044,False,True,bad
411,101.91024090474355,101.00582635715266,96.35090079603097,106.40301239363315,100.0,42.76890848511186,99.99576809358113,101.43781725154587,89.14232852883706,False,True,bad
412,101.84968419466502,101.01518652365083,94.72961627244275,108.36524285618326,100.0,42.76890848511186,100.00503465841432,101.44721745045447,82.27174819044168,False,True,bad
413,101.65203250242827,101.01518652365083,94.72961627244275,108.36524285618326,100.0,42.76890848511186,100.00503465841432,101.44721745045447,62.84667821116231,False,True,bad
414,101.59269322958076,100.98785141809546,93.59801354933136,107.07075430305737,100.0,42.76890848511186,99.9779729039145,101.41976543563631,59.713889090155696,False,True,bad
415,101.5724710112695,101.12707148406187,100.12667607314532,101.5724710112695,100.0,42.76890848511186,100.11580076922125,101.55958093062878,43.94684255987771,False,True,bad
416,101.44840692247345,101.12707148406187,100.12667607314532,101.5724710112695,100.0,42.76890848511186,100.11580076922125,101.55958093062878,31.725035078611622,True,True,ok
417,101.38192292598356,101.12707148406187,100.12667607314532,101.5724710112695,100.0,42.76890848511186,100.11580076922125,101.55958093062878,25.16940812473539,True,True,ok
418,101.19176089001964,101.2582765360258,100.16098916515287,101.60727957258335,100.0,42.76890848511186,100.24569377066554,101.69134713227874,6.571068026980807,True,True,good
419,101.05624010043184,101.39216285691371,100.29342462420436,101.74162735434277,100.0,42.76890848511186,100.37824122834458,101.8258060703472,33.186042455416626,True,True,ok
420,101.05284515254482,101.53421129561924,100.4921329948241,101.94320500583423,100.0,42.76890848511186,100.51886918266305,101.96846203472028,47.521994486775476,True,True,bad
421,101.09264747527212,101.53421129561924,100.4921329948241,101.94320500583423,100.0,42.76890848511186,100.51886918266305,101.96846203472028,43.58400678056921,True,True,bad
422,101.17659661635942,101.53421129561924,100.4921329948241,101.94320500583423,100.0,42.76890848511186,100.51886918266305,101.96846203472028,35.28327413240509,True,True,bad
423,101.22170650629313,101.53421129561924,100.4921329948241,101.94320500583423,100.0,42.76890848511186,100.51886918266305,101.96846203472028,30.82573768228019,True,True,ok
424,101.2861339695189,101.53421129561924,100.4921329948241,101.94320500583423,100.0,42.76890848511186,100.51886918266305,101.96846203472028,24.462777586696404,True,True,ok
425,101.29752990776439,101.53421129561924,100.4921329948241,101.94320500583423,100.0,42.76890848511186,100.51886918266305,101.96846203472028,23.337717644606666,True,True,ok
426,101.15934860778107,101.53421129561924,100.4921329948241,101.94320500583423,100.0,42.76890848511186,100.51886918266305,101.96846203472028,36.98816236677395,True,True,bad
427,101.18266649268911,101.53421129561924,100.4921329948241,101.94320500583423,100.0,42.76890848511186,100.51886918266305,101.96846203472028,34.68336323747016,True,True,ok
428,101.10570610472992,101.53421129561924,100.4921329948241,101.94320500583423,100.0,42.76890848511186,100.51886918266305,101.96846203472028,42.2923415177458,True,True,bad
429,101.03745419257183,101.53421129561924,100.4921329948241,101.94320500583423,100.0,42.76890848511186,100.51886918266305,101.96846203472028,49.045171012577946,True,True,bad
430,101.08496592133602,101.53421129561924,100.4921329948241,101.94320500583423,100.0,42.76890848511186,100.51886918266305,101.96846203472028,44.34388853114847,True,True,bad
431,101.33427940017495,101.53421129561924,100.4921329948241,101.94320500583423,100.0,42.76890848511186,100.51886918266305,101.96846203472028,19.710499100885315,True,True,ok
432,101.49854712052426,101.53421129561924,100.4921329948241,101.94320500583423,100.0,42.76890848511186,100.51886918266305,101.96846203472028,3.513144946658927,True,True,good
433,101.5532313802643,101.53421129561924,100.4921329948241,101.94320500583423,100.0,42.76890848511186,100.51886918266305,101.96846203472028,1.8730931317116462,True,True,good
434,101.43925068513555,101.53421129561924,100.4921329948241,101.94320500583423,100.0,42.76890848511186,100.51886918266305,101.96846203472028,9.356949079487952,True,True,good
435,101.51813143975555,101.53421129561924,100.4921329948241,101.94320500583423,100.0,42.76890848511186,100.51886918266305,101.96846203472028,1.5838138758397178,True,True,good
436,101.46595694709781,101.52462238955067,96.35813766090106,106.31681313120465,100.0,42.76890848511186,100.50937616565517,101.95883211794708,5.780114946999185,True,True,good
437,101.47875287771359,101.52462238955067,96.35813766090106,106.31681313120465,100.0,42.76890848511186,100.50937616565517,101.95883211794708,4.519088666119574,True,True,good
438,101.55071945022854,101.52462238955067,96.35813766090106,106.31681313120465,100.0,42.76890848511186,100.50937616565517,101.95883211794708,2.570185093385604,True,True,good
439,101.62116709906604,101.52462238955067,96.35813766090106,106.31681313120465,100.0,42.76890848511186,100.50937616565517,101.95883211794708,9.504968527967842,True,True,good
440,101.68541368421985,101.56492308430327,100.46431273187999,101.91498302781358,100.0,42.76890848511186,100.54927385346024,101.99930517437227,11.856375339602694,True,True,good
441,101.59438698305662,101.56492308430327,100.46431273187999,101.91498302781358,100.0,42.76890848511186,100.54927385346024,101.99930517437227,2.90057088204755,True,True,good
442,101.55907244422005,101.55356633244115,99.12573090374273,103.29123057779049,100.0,42.76890848511186,100.53803066911674,101.98789985092203,0.5421732309130146,True,True,good
443,101.45245237628455,101.53970252002657,98.21303584484298,104.25111736842955,94.0,36.76890848511186,100.58522931633831,101.913052922983,8.596406019691393,True,True,good
444,101.49731314538566,101.53970252002657,98.21303584484298,104.25111736842955,94.0,36.76890848511186,100.58522931633831,101.913052922983,4.175531749013143,True,True,good
445,101.34514727119318,101.53970252002657,98.21303584484298,104.25111736842955,94.0,36.76890848511186,100.58522931633831,101.913052922983,19.178889766249984,True,True,ok
446,101.2075631787765,101.53970252002657,98.21303584484298,104.25111736842955,94.0,36.76890848511186,100.58522931633831,101.913052922983,32.76390803340997,True,True,ok
447,101.29544792035617,101.53970252002657,98.21303584484298,104.25111736842955,94.0,36.76890848511186,100.58522931633831,101.913052922983,24.084062077507387,True,True,ok
448,101.21111757140332,101.52910502947329,96.28067633129703,106.34344415840242,94.0,36.76890848511186,100.57473144219624,101.90241646661369,31.36898191624151,True,True,ok
449,101.16466182051171,101.52910502947329,96.28067633129703,106.34344415840242,94.0,36.76890848511186,100.57473144219624,101.90241646661369,35.96002061140341,True,True,bad
450,100.91513838804468,101.52910502947329,96.28067633129703,106.34344415840242,94.0,36.76890848511186,100.57473144219624,101.90241646661369,60.65556752144089,True,True,bad
451,100.9599670881122,101.51940040679412,94.87870021107229,107.9555062736303,91.0,33.76890848511186,100.5955738630923,101.86222034097418,55.25844426770522,True,True,bad
452,101.03459952370717,101.51940040679412,94.87870021107229,107.9555062736303,91.0,33.76890848511186,100.5955738630923,101.86222034097418,47.86889510874042,True,True,bad
453,100.84974318276117,101.51282424737514,94.79875859179549,108.24799982279781,91.0,33.76890848511186,100.58905754672402,101.85562197458262,65.53419895409475,True,True,bad
454,100.91595394895411,101.51282424737514,94.79875859179549,108.24799982279781,91.0,33.76890848511186,100.58905754672402,101.85562197458262,58.97106463435025,True,True,bad
455,101.11890651632672,101.51282424737514,94.79875859179549,108.24799982279781,91.0,33.76890848511186,100.58905754672402,101.85562197458262,38.88021148434526,True,True,bad
456,101.05622610533418,101.51282424737514,94.79875859179549,108.24799982279781,91.0,33.76890848511186,100.58905754672402,101.85562197458262,45.08081708682523,True,True,bad
457,101.27606904019501,101.51282424737514,94.79875859179549,108.24799982279781,91.0,33.76890848511186,100.58905754672402,101.85562197458262,23.349929171312873,True,True,ok
458,101.32913915460477,101.51282424737514,94.79875859179549,108.24799982279781,91.0,33.76890848511186,100.58905754672402,101.85562197458262,18.111158056161603,True,True,ok
459,101.54714105586575,101.49781798315664,94.53053867965065,107.94172715178799,91.0,33.76890848511186,100.57418783950992,101.84056503584782,4.858340134394105,True,True,good
460,101.47695843030095,101.49781798315664,94.53053867965065,107.94172715178799,91.0,33.76890848511186,100.57418783950992,101.84056503584782,2.055383757302261,True,True,good
461,101.49299163425125,101.47640754148259,94.31787971996134,107.69889794840263,91.0,33.76890848511186,100.5529722328551,101.81908229344921,1.63414710522128,True,True,good
462,101.53500472205964,101.47640754148259,94.31787971996134,107.69889794840263,91.0,33.76890848511186,100.5529722328551,101.81908229344921,5.772796864078892,True,True,good
463,101.58355398222017,101.49588711028544,96.01774175515813,108.87649070467997,100.0,30.768908485111858,100.48092823918259,101.80817887649661,8.63375208330303,True,True,good
464,101.6120326392673,101.63808086464292,101.61203263926731,102.95519871607686,100.0,30.768908485111858,100.62170005599648,101.95081014551559,2.5631695913148866,True,False,ok
465,101.69269628918595,101.63808086464292,101.61203263926731,102.95519871607686,100.0,30.768908485111858,100.62170005599648,101.95081014551559,5.372076635026494,True,True,good
466,101.69721914280827,101.63808086464292,101.61203263926731,102.95519871607686,100.0,30.768908485111858,100.62170005599648,101.95081014551559,5.816823722261441,True,True,good
467,101.58512850166196,101.78425594824591,101.58512850166198,102.92793894416309,100.0,30.768908485111858,100.76641338876345,102.0974349938956,19.582840431792622,True,False,ok
468,101.7291930286007,101.78425594824591,101.58512850166198,102.92793894416309,100.0,30.768908485111858,100.76641338876345,102.0974349938956,5.411231667060067,True,True,good
469,101.7657022256013,101.64185769195615,100.43805446505372,101.7657022256013,100.0,30.768908485111858,100.62543911503658,101.95459859371421,12.176985850310313,True,True,ok
470,101.68264535605854,101.77135181419862,100.76344745288485,102.09539644441396,100.0,30.768908485111858,100.75363829605664,102.08449115523635,8.72005121500033,True,True,good
471,101.64690510818588,101.77135181419862,100.76344745288485,102.09539644441396,100.0,30.768908485111858,100.75363829605664,102.08449115523635,12.235550871508487,True,True,ok
472,101.60118505161252,101.91393148922302,101.00431561814986,102.33944854311841,100.0,30.768908485111858,100.89479217433079,102.22750953235801,30.734491777530984,True,True,ok
473,101.55689257592448,102.05671091558575,101.06136730799442,102.39725437489314,100.0,30.768908485111858,101.03614380642989,102.37072827543108,49.09488708221811,True,True,bad
474,101.4304550920778,102.05671091558575,101.06136730799442,102.39725437489314,100.0,30.768908485111858,101.03614380642989,102.37072827543108,61.5525600998859,True,True,bad
475,101.38748029596287,102.05671091558575,101.06136730799442,102.39725437489314,100.0,30.768908485111858,101.03614380642989,102.37072827543108,65.79033095342028,True,True,bad
476,101.45131880084425,102.05671091558575,101.06136730799442,102.39725437489314,100.0,30.768908485111858,101.03614380642989,102.37072827543108,59.49582445136985,True,True,bad
477,101.39003933712192,102.05671091558575,101.06136730799442,102.39725437489314,100.0,30.768908485111858,101.03614380642989,102.37072827543108,65.53793205202265,True,True,bad
478,101.39093320135734,102.05671091558575,101.06136730799442,102.39725437489314,100.0,30.768908485111858,101.03614380642989,102.37072827543108,65.44977148900338,True,True,bad
479,101.41688464721436,102.05671091558575,101.06136730799442,102.39725437489314,100.0,30.768908485111858,101.03614380642989,102.37072827543108,62.890555944558095,True,True,bad
480,101.58551239311525,102.05671091558575,101.06136730799442,102.39725437489314,100.0,30.768908485111858,101.03614380642989,102.37072827543108,46.277177270769194,True,True,bad
481,101.60463814687535,102.04680760771386,98.97918164119348,104.55134467796388,100.0,30.768908485111858,101.02633953163672,102.36079449616183,43.42420983247922,True,True,bad
482,101.51047905418099,102.04680760771386,98.97918164119348,104.55134467796388,100.0,30.768908485111858,101.02633953163672,102.36079449616183,52.695710716989346,True,True,bad
483,101.40925351940864,102.04680760771386,98.97918164119348,104.55134467796388,100.0,30.768908485111858,101.02633953163672,102.36079449616183,62.67261556355785,True,True,bad
484,101.39692105641969,102.04680760771386,98.97918164119348,104.55134467796388,100.0,30.768908485111858,101.02633953163672,102.36079449616183,63.88879776609173,True,True,bad
485,101.30942999647337,102.04680760771386,98.97918164119348,104.55134467796388,100.0,30.768908485111858,101.02633953163672,102.36079449616183,72.5210941815531,True,True,bad
486,101.22123140149472,102.04680760771386,98.97918164119348,104.55134467796388,100.0,30.768908485111858,101.02633953163672,102.36079449616183,81.23074830950974,True,True,bad
487,101.07756937910219,102.03720231725717,97.2608528312686,106.3984762056732,100.0,30.768908485111858,101.0168302940846,102.35115965127483,94.49239663358179,True,True,bad
488,101.19766637642388,102.03720231725717,97.2608528312686,106.3984762056732,100.0,30.768908485111858,101.0168302940846,102.35115965127483,82.61778321536868,True,True,bad
489,101.1527202204988,102.02788604934756,96.30581179275934,107.45360371376101,97.0,76.07672149864142,101.03821555466888,102.8040807565547,86.14712371608127,True,True,bad
490,101.13634610677623,102.02788604934756,96.30581179275934,107.45360371376101,97.0,76.07672149864142,101.03821555466888,102.8040807565547,87.76600644223288,True,True,bad
491,101.0712694011319,102.02788604934756,96.30581179275934,107.45360371376101,97.0,76.07672149864142,101.03821555466888,102.8040807565547,94.2026292892657,True,True,bad
492,101.05766490403906,102.02788604934756,96.30581179275934,107.45360371376101,97.0,76.07672149864142,101.03821555466888,102.8040807565547,95.54874998793203,True,True,bad
493,101.02459706740312,102.02788604934756,96.30581179275934,107.45360371376101,97.0,76.07672149864142,101.03821555466888,102.8040807565547,98.82146047805469,False,True,bad
494,100.91631879841975,102.02788604934756,96.30581179275934,107.45360371376101,97.0,76.07672149864142,101.03821555466888,102.8040807565547,109.54521885022112,False,True,bad
495,101.01838537729704,102.02788604934756,96.30581179275934,107.45360371376101,97.0,76.07672149864142,101.03821555466888,102.8040807565547,99.43634846207473,False,True,bad
496,100.97784906606472,102.02788604934756,96.30581179275934,107.45360371376101,97.0,76.07672149864142,101.03821555466888,102.8040807565547,103.4499194960283,False,True,bad
497,100.86756673364758,101.99414462468931,94.29415486782888,107.98823610647031,94.0,88.60180020632946,101.03539966521724,102.89783110711453,111.0697001562456,False,True,bad
498,100.81326110914799,101.94436590969022,94.10144413893033,106.42809255933302,91.0,100.0,101.01667217991204,102.96380956878713,111.57326617356404,False,True,bad
499,100.77779110687653,101.87881531580693,93.20364749864699,106.82445857328914,91.0,100.0,100.95171809643308,102.897603468965,108.66016771274053,False,True,bad
500,100.93146174520913,101.81544121751969,93.07208425356077,106.98734944992168,91.0,100.0,100.88892070244026,102.83359562969488,87.2008460657026,True,True,bad
501,100.75464906047691,101.81544121751969,93.07208425356077,106.98734944992168,91.0,100.0,100.88892070244026,102.83359562969488,104.73430231835913,False,True,bad
502,100.79124188502068,101.81544121751969,93.07208425356077,106.98734944992168,91.0,100.0,100.88892070244026,102.83359562969488,101.10308713712227,False,True,bad
503,100.81914199302514,101.81544121751969,93.07208425356077,106.98734944992168,91.0,100.0,100.88892070244026,102.83359562969488,98.33536182001357,False,True,bad
504,100.9035215282927,101.81544121751969,93.07208425356077,106.98734944992168,91.0,100.0,100.88892070244026,102.83359562969488,89.96946591958046,True,True,bad
505,100.84661361366456,101.81544121751969,93.07208425356077,106.98734944992168,91.0,100.0,100.88892070244026,102.83359562969488,95.61089124971747,False,True,bad
506,100.80389006773261,101.81544121751969,93.07208425356077,106.98734944992168,91.0,100.0,100.88892070244026,102.83359562969488,99.8482768045504,False,True,bad
507,100.78591296549851,101.7421347093134,93.32834715236662,107.0775602738669,91.0,100.0,100.81628128345865,102.75955605640654,94.42927636127162,False,True,bad
508,100.70892976474227,101.7421347093134,93.32834715236662,107.0775602738669,91.0,100.0,100.81628128345865,102.75955605640654,102.07048478714249,False,True,bad
509,100.62776370013825,101.7421347093134,93.32834715236662,107.0775602738669,91.0,100.0,100.81628128345865,102.75955605640654,110.13320476174886,False,True,bad
510,100.68914314945431,101.7421347093134,93.32834715236662,107.0775602738669,91.0,100.0,100.81628128345865,102.75955605640654,104.0354107733065,False,True,bad
511,100.56948124782268,101.7421347093134,93.32834715236662,107.0775602738669,91.0,100.0,100.81628128345865,102.75955605640654,115.92676858125995,False,True,bad
512,100.55045075811246,101.7421347093134,93.32834715236662,107.0775602738669,91.0,100.0,100.81628128345865,102.75955605640654,117.81922047075733,False,True,bad
513,100.50713522188728,101.7421347093134,93.32834715236662,107.0775602738669,91.0,100.0,100.81628128345865,102.75955605640654,122.12798969069974,False,True,bad
514,100.59537507488446,101.7421347093134,93.32834715236662,107.0775602738669,91.0,100.0,100.81628128345865,102.75955605640654,113.3523798258757,False,True,bad
515,100.63238550511343,101.77546385476461,95.93693641708101,110.28052744200235,100.0,100.0,100.75770921621697,102.79321849331225,112.94922658568619,False,True,bad
516,100.60384482506947,101.76529245066308,94.5676141355653,108.80530100456448,97.0,97.0,100.77816911389165,102.75241578743451,114.78631512664231,False,True,bad
517,100.54454206063,101.75270230906877,94.51186953699221,108.67528995129136,94.0,94.0,100.79622690736352,102.70917771077401,119.44548393752514,False,True,bad
518,100.55970955882434,101.60957657300703,100.55970955882434,102.47722652984932,88.0,88.0,100.71541229916457,102.50374084684948,103.86112270554115,False,True,bad
519,100.37081467216235,101.60670618332365,99.32358855638269,103.7525957933512,85.0,85.0,100.74304918076541,102.4703631858819,122.38064224833106,False,True,bad
520,100.47081109444444,101.60670618332365,99.32358855638269,103.7525957933512,85.0,85.0,100.74304918076541,102.4703631858819,112.42290264498423,False,True,bad
521,100.40138222630539,101.60670618332365,99.32358855638269,103.7525957933512,85.0,85.0,100.74304918076541,102.4703631858819,119.33564350334272,False,True,bad
522,100.37611791125106,101.60248741429136,97.27470265248496,105.93792481741649,76.00000000000001,76.00000000000001,100.83030850994274,102.37466631863998,121.43707716455874,False,True,bad
523,100.40187702916349,101.59914248386981,96.23845168211035,107.07861521166902,70.00000000000001,76.00000000000001,100.88794848648273,102.37129596674723,118.54192396905475,False,True,bad
524,100.30784037459061,101.58130767793939,95.25493700738168,106.7328915990737,61.000000000000014,100.0,100.96166170110396,102.59712075471879,126.1567751920209,False,True,bad
525,100.37169379124987,101.58130767793939,95.25493700738168,106.7328915990737,61.000000000000014,100.0,100.96166170110396,102.59712075471879,119.79305513660323,False,True,bad
526,100.33893025549713,101.52434676782646,93.77650523703544,106.81475576355265,55.000000000000014,100.0,100.96596286060341,102.53959023550472,117.4488154916238,False,True,bad
527,100.3898015177715,101.38231212979711,99.23799393009158,100.79476913945038,55.000000000000014,100.0,100.82470941308324,102.39613525109509,98.38015761548509,False,True,bad
528,100.25305286507268,101.38231212979711,99.23799393009158,100.79476913945038,55.000000000000014,100.0,100.82470941308324,102.39613525109509,112.01121109041166,False,True,bad
529,100.2109860164367,101.38231212979711,99.23799393009158,100.79476913945038,55.000000000000014,100.0,100.82470941308324,102.39613525109509,116.20815828235348,False,True,bad
530,100.0154327507636,101.33028140171317,96.8699958903582,103.2587087065352,49.000000000000014,100.0,100.83376302284476,102.3435842157303,130.6079294984941,False,True,bad
531,99.9960773962218,101.33028140171317,96.8699958903582,103.2587087065352,49.000000000000014,100.0,100.83376302284476,102.3435842157303,132.5433535736365,False,True,bad
532,99.85563160739649,101.33028140171317,96.8699958903582,103.2587087065352,49.000000000000014,100.0,100.83376302284476,102.3435842157303,146.59835591968553,False,True,bad
533,99.88229997733706,101.29052236201252,94.32985570644917,106.03928748893331,46.000000000000014,100.0,100.82458595914726,102.30342758563265,140.0035422632169,False,True,bad
534,99.98789374919261,101.29052236201252,94.32985570644917,106.03928748893331,46.000000000000014,100.0,100.82458595914726,102.30342758563265,129.43730627665124,False,True,bad
535,100.04585018814306,101.22521715630629,92.67439591143454,106.04860119943167,43.000000000000014,100.0,100.78994872253418,102.23746932786935,117.19324409612915,False,True,bad
536,99.95378498395824,101.22521715630629,92.67439591143454,106.04860119943167,43.000000000000014,100.0,100.78994872253418,102.23746932786935,126.39978195891004,False,True,bad
537,99.88084941730257,101.17915767455258,93.21653945509492,106.63684471035535,41.000000000000014,100.0,100.76432312808691,102.19094925129811,129.1481405619969,False,True,bad
538,99.88505004483798,101.17915767455258,93.21653945509492,106.63684471035535,41.000000000000014,100.0,100.76432312808691,102.19094925129811,128.72758554761884,False,True,bad
539,100.01820248442701,101.03760596312632,99.31778345631217,100.7340028017013,41.000000000000014,100.0,100.6233517786775,102.0479820227576,101.40589542040304,False,True,bad
540,100.0360702940463,101.03760596312632,99.31778345631217,100.7340028017013,41.000000000000014,100.0,100.6233517786775,102.0479820227576,99.61959919002126,False,True,bad
541,100.193785756607,101.03760596312632,99.31778345631217,100.7340028017013,41.000000000000014,100.0,100.6233517786775,102.0479820227576,83.86615479481442,False,True,bad
542,100.14562919445858,101.03760596312632,99.31778345631217,100.7340028017013,41.000000000000014,100.0,100.6233517786775,102.0479820227576,88.67365241955083,False,True,bad
543,100.1936959783551,101.03760596312632,99.31778345631217,100.7340028017013,41.000000000000014,100.0,100.6233517786775,102.0479820227576,83.87511525992292,False,True,bad
544,100.1918303340588,100.8962522854401,99.39498136668648,100.81230151366712,41.000000000000014,100.0,100.48257765106979,101.9052148082945,70.06132075396974,False,True,bad
545,100.26312447899777,100.8962522854401,99.39498136668648,100.81230151366712,41.000000000000014,100.0,100.48257765106979,101.9052148082945,62.94808695921841,False,True,bad
546,100.03923922642697,100.8962522854401,99.39498136668648,100.81230151366712,41.000000000000014,100.0,100.48257765106979,101.9052148082945,85.30282523240187,False,True,bad
547,100.02376242507167,100.8962522854401,99.39498136668648,100.81230151366712,41.000000000000014,100.0,100.48257765106979,101.9052148082945,86.85001799252449,False,True,bad
548,99.89636940328089,100.8962522854401,99.39498136668648,100.81230151366712,41.000000000000014,100.0,100.48257765106979,101.9052148082945,99.59441125280382,False,True,bad
549,100.00593691591234,100.8962522854401,99.39498136668648,100.81230151366712,41.000000000000014,100.0,100.48257765106979,101.9052148082945,88.63230424953842,False,True,bad
550,100.02648508545548,100.8962522854401,99.39498136668648,100.81230151366712,41.000000000000014,100.0,100.48257765106979,101.9052148082945,86.57782034039884,False,True,bad
551,99.98844901960375,100.8962522854401,99.39498136668648,100.81230151366712,41.000000000000014,100.0,100.48257765106979,101.9052148082945,90.38114297532248,False,True,bad
552,99.96018438191376,100.8962522854401,99.39498136668648,100.81230151366712,41.000000000000014,100.0,100.48257765106979,101.9052148082945,93.20833287879037,False,True,bad
553,99.97532127122385,100.8962522854401,99.39498136668648,100.81230151366712,41.000000000000014,100.0,100.48257765106979,101.9052148082945,91.69415566553826,False,True,bad
554,100.12416174478834,100.8962522854401,99.39498136668648,100.81230151366712,41.000000000000014,100.0,100.48257765106979,101.9052148082945,76.81750543420596,False,True,bad
555,100.21904182606082,100.8962522854401,99.39498136668648,100.81230151366712,41.000000000000014,100.0,100.48257765106979,101.9052148082945,67.3457502985415,False,True,bad
556,100.29803467296408,100.8962522854401,99.39498136668648,100.81230151366712,41.000000000000014,100.0,100.48257765106979,101.9052148082945,59.46683520872993,False,True,bad
557,100.30980445009085,100.8962522854401,99.39498136668648,100.81230151366712,41.000000000000014,100.0,100.48257765106979,101.9052148082945,58.29342372174914,False,True,bad
558,100.07639182352872,100.86041446667589,93.2327745217501,106.63399822471695,44.000000000000014,100.0,100.41662864302252,101.86901861134265,78.03713380327977,False,True,bad
559,100.14939670787251,100.713744939542,99.30563348840496,100.75202962571167,47.00000000000001,100.0,100.24039033832615,101.72088238893741,56.19246139684694,False,True,bad
560,100.08999893007771,100.713744939542,99.30563348840496,100.75202962571167,47.00000000000001,100.0,100.24039033832615,101.72088238893741,62.1251380659648,False,True,bad
561,100.11633170170647,100.713744939542,99.30563348840496,100.75202962571167,47.00000000000001,100.0,100.24039033832615,101.72088238893741,59.494574716892686,False,True,bad
562,100.09442420618248,100.713744939542,99.30563348840496,100.75202962571167,47.00000000000001,100.0,100.24039033832615,101.72088238893741,61.68301814113077,False,True,bad
563,100.07810278599992,100.713744939542,99.30563348840496,100.75202962571167,47.00000000000001,100.0,100.24039033832615,101.72088238893741,63.313753433728714,False,True,bad
564,100.06295081780611,100.68769824317805,95.08520871483556,105.2239802851985,53.00000000000001,100.0,100.1540534424892,101.69457522560982,62.2413372188389,False,True,bad
565,100.07307954460099,100.68769824317805,95.08520871483556,105.2239802851985,53.00000000000001,100.0,100.1540534424892,101.69457522560982,61.22915297743289,False,True,bad
566,100.21186604505041,100.68769824317805,95.08520871483556,105.2239802851985,53.00000000000001,100.0,100.1540534424892,101.69457522560982,47.37024588337386,True,True,bad
567,100.38193253084088,100.68769824317805,95.08520871483556,105.2239802851985,53.00000000000001,100.0,100.1540534424892,101.69457522560982,30.413936391726786,True,True,ok
568,100.32881498910665,100.68769824317805,95.08520871483556,105.2239802851985,53.00000000000001,100.0,100.1540534424892,101.69457522560982,35.70688095305794,True,True,bad
569,100.44287513342888,100.68769824317805,95.08520871483556,105.2239802851985,53.00000000000001,100.0,100.1540534424892,101.69457522560982,24.344705685867087,True,True,ok
570,100.47936390080791,100.68769824317805,95.08520871483556,105.2239802851985,53.00000000000001,100.0,100.1540534424892,101.69457522560982,20.71257736044553,True,True,ok
571,100.42212587416958,100.68769824317805,95.08520871483556,105.2239802851985,53.00000000000001,100.0,100.1540534424892,101.69457522560982,26.41069619979682,True,True,ok
572,100.32984336435432,100.68769824317805,95.08520871483556,105.2239802851985,53.00000000000001,100.0,100.1540534424892,101.69457522560982,35.60438099057251,True,True,bad
573,100.49560081446086,100.68769824317805,95.08520871483556,105.2239802851985,53.00000000000001,100.0,100.1540534424892,101.69457522560982,19.096762802520484,True,True,ok
574,100.45107671232249,100.68769824317805,95.08520871483556,105.2239802851985,53.00000000000001,100.0,100.1540534424892,101.69457522560982,23.528197391534675,True,True,ok
575,100.40751127797174,100.68769824317805,95.08520871483556,105.2239802851985,53.00000000000001,100.0,100.1540534424892,101.69457522560982,27.866118460265064,True,True,ok
576,100.4484086069722,100.68769824317805,95.08520871483556,105.2239802851985,53.00000000000001,100.0,100.1540534424892,101.69457522560982,23.793813338356586,True,True,ok
577,100.44023872514875,100.68769824317805,95.08520871483556,105.2239802851985,53.00000000000001,100.0,100.1540534424892,101.69457522560982,24.607187507226488,True,True,ok
578,100.36988738828475,100.68769824317805,95.08520871483556,105.2239802851985,53.00000000000001,100.0,100.1540534424892,101.69457522560982,31.613939716771252,True,True,ok
579,100.28285108303692,100.66673698105043,99.49809118190232,101.03862712974961,53.00000000000001,100.0,100.13320327505087,101.67340435086093,38.20723084894012,True,True,bad
580,100.11473434033184,100.66673698105043,99.49809118190232,101.03862712974961,53.00000000000001,100.0,100.13320327505087,101.67340435086093,54.98555497784505,False,True,bad
581,100.10511696850168,100.66673698105043,99.49809118190232,101.03862712974961,53.00000000000001,100.0,100.13320327505087,101.67340435086093,55.94623612656108,False,True,bad
582,100.04175911610285,100.65467354452699,96.39066977787999,104.29588836986257,56.00000000000001,100.0,100.09100737267762,101.66122027997226,61.078946522924014,False,True,bad
583,99.9968897924165,100.65467354452699,96.39066977787999,104.29588836986257,56.00000000000001,100.0,100.09100737267762,101.66122027997226,65.56501205912646,False,True,bad
584,99.95740071176493,100.65467354452699,96.39066977787999,104.29588836986257,56.00000000000001,100.0,100.09100737267762,101.66122027997226,69.51482289493065,False,True,bad
585,99.98568639433353,100.65467354452699,96.39066977787999,104.29588836986257,56.00000000000001,100.0,100.09100737267762,101.66122027997226,66.68544948005739,False,True,bad
586,99.95033023078125,100.51385559712809,99.13151726153005,100.69674750474378,56.00000000000001,100.0,99.95097800578417,101.51899415309937,56.222197337459335,False,True,bad
587,100.03212682758857,100.51385559712809,99.13151726153005,100.69674750474378,56.00000000000001,100.0,99.95097800578417,101.51899415309937,48.0418196611437,True,True,bad
588,100.14774415316015,100.39577576192383,99.20752969188514,100.7739601281166,56.00000000000001,100.0,99.83355941765706,101.39973351954306,24.73595111299367,True,True,ok
589,100.17973778054066,100.39577576192383,99.20752969188514,100.7739601281166,56.00000000000001,100.0,99.83355941765706,101.39973351954306,21.54181845144363,True,True,ok
590,100.20755260874981,100.39577576192383,99.20752969188514,100.7739601281166,56.00000000000001,100.0,99.83355941765706,101.39973351954306,18.7657114105484,True,True,ok
591,100.18212025749492,100.39577576192383,99.20752969188514,100.7739601281166,56.00000000000001,100.0,99.83355941765706,101.39973351954306,21.304001036722006,True,True,ok
592,100.24906239593547,100.39577576192383,99.20752969188514,100.7739601281166,56.00000000000001,100.0,99.83355941765706,101.39973351954306,14.624188041213147,True,True,ok
593,100.27463979225966,100.39577576192383,99.20752969188514,100.7739601281166,56.00000000000001,100.0,99.83355941765706,101.39973351954306,12.073128372576035,True,True,ok
594,100.32835226827659,100.39577576192383,99.20752969188514,100.7739601281166,56.00000000000001,100.0,99.83355941765706,101.39973351954306,6.718026063402278,True,True,good
595,100.31302352879196,100.39577576192383,99.20752969188514,100.7739601281166,56.00000000000001,100.0,99.83355941765706,101.39973351954306,8.245999987380346,True,True,good
596,100.28504117279599,100.39577576192383,99.20752969188514,100.7739601281166,56.00000000000001,100.0,99.83355941765706,101.39973351954306,11.035892922699583,True,True,good
597,100.20410666792716,100.38350861124466,93.96122465053425,106.40065280930895,59.00000000000001,100.0,99.79124591043832,101.38734369735711,17.887643851143793,True,True,ok
598,100.10977552930751,100.38350861124466,93.96122465053425,106.40065280930895,59.00000000000001,100.0,99.79124591043832,101.38734369735711,27.30597717462333,True,True,ok
599,100.04395075101436,100.38350861124466,93.96122465053425,106.40065280930895,59.00000000000001,100.0,99.79124591043832,101.38734369735711,33.88339962781046,True,True,ok
