step,fair_price,internal_price_estimate,p_low,p_high,bid_fee_bps,ask_fee_bps,internal_times_1_minus_bid,internal_times_1_plus_ask,rel_error_bps,in_user_band,in_filter_band,status
0,100.0,100.14009804574935,99.72976513693314,100.29999999999998,28.999999999999996,28.999999999999996,99.84969176141668,100.43050433008202,14.000000000001275,True,True,ok
1,99.83181263869632,100.14009804574935,99.72976513693314,100.29999999999998,28.999999999999996,28.999999999999996,99.84969176141668,100.43050433008202,30.83289550303134,False,True,bad
2,99.67839436360673,99.99974637964928,99.67839436360673,100.25905369640428,28.999999999999996,28.999999999999996,99.7097471151483,100.28974564415026,32.18702781201051,False,True,bad
3,99.8426241003642,99.99974637964928,99.67839436360673,100.25905369640428,28.999999999999996,28.999999999999996,99.7097471151483,100.28974564415026,15.724624491114632,True,True,ok
4,99.81775621291175,99.99880291759135,99.39398708188521,100.54593629128675,0.0,97.61998559161208,99.99880291759135,100.97499108759072,18.12129635412216,False,True,bad
5,99.83778655022516,99.99880291759135,99.39398708188521,100.54593629128675,0.0,97.61998559161208,99.99880291759135,100.97499108759072,16.114806866937624,False,True,bad
6,99.88589919778433,99.9978877678998,99.02176697320112,100.92388571067264,0.0,100.0,99.9978877678998,100.9978666455788,11.20536923311964,False,True,good
7,99.90120370558397,99.9978877678998,99.02176697320112,100.92388571067264,0.0,100.0,99.9978877678998,100.9978666455788,9.673287571474338,False,True,good
8,100.04203460294946,99.9978877678998,99.02176697320112,100.92388571067264,0.0,100.0,99.9978877678998,100.9978666455788,4.413802529329287,True,True,good
9,100.0454739906732,99.9978877678998,99.02176697320112,100.92388571067264,0.0,100.0,99.9978877678998,100.9978666455788,4.757590879562749,True,True,good
10,100.06520297664015,99.9978877678998,99.02176697320112,100.92388571067264,0.0,100.0,99.9978877678998,100.9978666455788,6.729398314314392,True,True,good
11,99.91246127540013,99.9978877678998,99.02176697320112,100.92388571067264,0.0,100.0,99.9978877678998,100.9978666455788,8.546480770833675,False,True,good
12,99.99262688241636,99.996770466895,98.1490536856356,101.82127201023448,0.0,100.0,99.996770466895,100.99673817156395,0.41438041557755606,False,True,good
13,99.95253665671771,99.996770466895,98.1490536856356,101.82127201023448,0.0,100.0,99.996770466895,100.99673817156395,4.424502543691885,False,True,good
14,100.03152588873687,99.996770466895,98.1490536856356,101.82127201023448,0.0,100.0,99.996770466895,100.99673817156395,3.475050562829417,True,True,good
15,100.05654516501023,100.05400019954972,99.29267351265678,100.29562981076442,0.0,100.0,100.05400019954972,101.05454020154522,0.25435595670539296,True,True,good
16,99.97388834514528,100.05400019954972,99.29267351265678,100.29562981076442,0.0,100.0,100.05400019954972,101.05454020154522,8.010068922957139,False,True,good
17,100.07719565982246,100.04412834065,98.53915281486277,101.0625821419123,0.0,95.3195219163688,100.04412834065,100.99774418904705,3.304727233698808,True,True,good
18,100.13557486812107,100.18259537661505,99.60000468182479,100.55852372240835,0.0,100.0,100.18259537661505,101.18442133038121,4.694582553356102,False,True,good
19,100.11344546636744,100.03898395467223,99.11231101170378,100.11344546636745,0.0,100.0,100.03898395467223,101.03937379421896,7.440480772158955,True,True,good
20,100.0115430175656,100.03898395467223,99.11231101170378,100.11344546636745,0.0,100.0,100.03898395467223,101.03937379421896,2.743400649231548,False,True,good
21,99.98132429804349,100.03898395467223,99.11231101170378,100.11344546636745,0.0,100.0,100.03898395467223,101.03937379421896,5.765380398578511,False,True,good
22,99.88417390966177,100.0261364133198,97.85881566016546,101.39582087293657,0.0,100.0,100.0261364133198,101.026397777453,14.202621894980874,False,True,bad
23,99.92738125027716,100.16627107567345,99.92738125027716,100.9367487376537,0.0,100.0,100.16627107567345,101.16793378643018,23.877812826330217,False,True,bad
24,99.75791687241569,100.02613641331982,99.75791687241568,100.76557259839967,0.0,100.0,100.02613641331982,101.02639777745301,26.850962090549302,False,True,bad
25,100.03476597428987,100.02613641331982,99.75791687241568,100.76557259839967,0.0,100.0,100.02613641331982,101.02639777745301,0.8626933971021948,True,True,good
26,100.12666195291955,100.03497522406603,98.81708410424224,101.72495683305615,0.0,100.0,100.03497522406603,101.0353249763067,9.161269517902626,True,True,good
27,99.99357893239292,100.1751222694208,99.99357893239292,101.00361508322517,0.0,100.0,100.1751222694208,101.176873492115,18.139038292675348,False,True,bad
28,100.0667984022594,100.1751222694208,99.99357893239292,101.00361508322517,0.0,100.0,100.1751222694208,101.176873492115,10.819300710339695,False,True,good
29,100.06716708468291,100.1751222694208,99.99357893239292,101.00361508322517,0.0,100.0,100.1751222694208,101.176873492115,10.782457146818512,False,True,good
30,99.9609806902627,100.2023856601054,99.96098069026269,100.9706875659219,0.0,100.0,100.2023856601054,101.20440951670646,24.120806048393774,False,True,bad
31,99.9593766071862,100.21024109551323,99.35685814793602,101.58462272459985,0.0,100.0,100.21024109551323,101.21234350646836,25.065204454818467,False,True,bad
32,99.93533851370407,100.17668155789528,99.93533851370405,100.94478637747885,0.0,100.0,100.17668155789528,101.17844837347424,24.120806048399338,False,True,bad
33,99.76435864217486,100.03837359404567,99.76435864217484,100.77207943654024,0.0,100.0,100.03837359404567,101.03875732998613,27.428566225747307,False,True,bad
34,99.71639940972189,99.95930331499035,99.71639940972187,100.72363576739583,0.0,100.0,99.95930331499035,100.95889634814026,24.32985303416062,False,True,bad
35,99.78298073759346,99.95930331499035,99.71639940972187,100.72363576739583,0.0,100.0,99.95930331499035,100.95889634814026,17.655012210651705,False,True,bad
36,99.81760794956308,99.96707700032142,98.95000793368888,101.50376441517639,0.0,100.0,99.96707700032142,100.96674777032464,14.963016678005854,False,True,bad
37,99.79267885731696,100.03367737957767,99.79267885731697,100.8006857144616,0.0,100.0,100.03367737957767,101.03401415337345,24.1208060484049,False,False,bad
38,99.7554356748064,99.99843467036379,99.75543567480638,100.76306633818827,0.0,100.0,99.99843467036379,100.99841901706743,24.329853034155057,False,True,bad
39,99.81790572786922,99.99843467036379,99.75543567480638,100.76306633818827,0.0,100.0,99.99843467036379,100.99841901706743,18.069492340284462,False,True,bad
40,99.67022798737001,99.91509138530742,99.67022798737001,100.67699796704042,0.0,91.47761045605492,99.91509138530742,100.82909076615005,24.53722764402276,False,True,bad
41,99.77042467088437,99.9227994679689,99.1810734356341,101.17353032049034,0.0,100.0,99.9227994679689,100.92202746264859,15.260891030666553,False,True,bad
42,99.79749882275844,99.93027687630872,98.64269635626806,101.72572031301011,0.0,100.0,99.93027687630872,100.92957964507181,13.29590465282919,False,True,bad
43,99.6365310168946,99.79047237466777,98.64016570672565,99.6365310168946,0.0,100.0,99.79047237466777,100.78837709841444,15.438369501713066,False,True,bad
44,99.80715628048948,99.65086346238462,98.80908471768457,99.80715628048947,0.0,100.0,99.65086346238462,100.64737209700847,15.671753915412127,True,False,ok
45,99.86164820811699,99.621064134042,98.8630317260358,99.86164820811697,0.0,100.0,99.621064134042,100.61727477538243,24.120806048412646,True,False,ok
46,99.90521017802705,99.66243772059562,98.90615807624678,99.90521017802705,0.0,93.51574632219747,99.66243772059562,100.59443844496872,24.329853034166373,True,True,ok
47,99.81547889023129,99.66243772059562,98.90615807624678,99.90521017802705,0.0,93.51574632219747,99.66243772059562,100.59443844496872,15.34417465983376,True,True,ok
48,99.95381959097979,99.65468772476282,97.67329963210418,101.16624039248433,0.0,93.51574632219747,99.65468772476282,100.58661597447148,29.971877869137394,True,True,ok
49,100.06466462591301,99.65468772476282,97.67329963210418,101.16624039248433,0.0,93.51574632219747,99.65468772476282,100.58661597447148,41.05535814990812,True,True,bad
50,100.05896070943422,99.65468772476282,97.67329963210418,101.16624039248433,0.0,93.51574632219747,99.65468772476282,100.58661597447148,40.48531885836837,True,True,bad
51,100.19671398514092,99.64717080461575,96.23906617709743,102.67390263664153,0.0,93.51574632219747,99.64717080461575,100.57902875928467,54.99738621251403,True,True,bad
52,100.2171072035316,99.64717080461575,96.23906617709743,102.67390263664153,0.0,93.51574632219747,99.64717080461575,100.57902875928467,57.032497198383645,True,True,bad
53,100.09681750002837,99.64717080461575,96.23906617709743,102.67390263664153,0.0,93.51574632219747,99.64717080461575,100.57902875928467,45.02237676962538,True,True,bad
54,100.14701855631931,99.64717080461575,96.23906617709743,102.67390263664153,0.0,93.51574632219747,99.64717080461575,100.57902875928467,50.03636954276862,True,True,bad
55,100.22188389555184,99.63594630435792,99.41152654101424,100.34995664996642,0.0,93.51574632219747,99.63594630435792,100.56769929227495,58.63560806036658,True,True,bad
56,100.2127152930151,99.63594630435792,99.41152654101424,100.34995664996642,0.0,93.51574632219747,99.63594630435792,100.56769929227495,57.72073581971878,True,True,bad
57,100.1848701987326,99.63594630435792,99.41152654101424,100.34995664996642,0.0,93.51574632219747,99.63594630435792,100.56769929227495,54.94175079418808,True,True,bad
58,100.22345094528544,99.56983028888698,99.345559445096,100.28336683441833,0.0,93.51574632219747,99.56983028888698,100.50096498795095,65.42992679152323,True,True,bad
59,100.29814045087936,99.71027503812975,99.3601949049801,100.29814045087936,0.0,93.51574632219747,99.71027503812975,100.64272311674797,58.784237069341785,True,True,bad
60,100.16703963150626,99.71027503812975,99.3601949049801,100.29814045087936,0.0,93.51574632219747,99.71027503812975,100.64272311674797,45.70457525380232,True,True,bad
61,100.25082283968338,99.71027503812975,99.3601949049801,100.29814045087936,0.0,93.51574632219747,99.71027503812975,100.64272311674797,54.06542812636649,True,True,bad
62,100.16206413652532,99.71380674729662,98.11225567283877,101.5738830532801,0.0,93.51574632219747,99.71380674729662,100.64628785295669,44.85365229615258,True,True,bad
63,100.17462476823738,99.71380674729662,98.11225567283877,101.5738830532801,0.0,93.51574632219747,99.71380674729662,100.64628785295669,46.10760451001696,True,True,bad
64,100.30290861472479,99.71380674729662,98.11225567283877,101.5738830532801,0.0,93.51574632219747,99.71380674729662,100.64628785295669,58.90543395571828,True,True,bad
65,100.14014292516185,99.71380674729662,98.11225567283877,101.5738830532801,0.0,93.51574632219747,99.71380674729662,100.64628785295669,42.66483852594626,True,True,bad
66,100.21016621821643,99.71380674729662,98.11225567283877,101.5738830532801,0.0,93.51574632219747,99.71380674729662,100.64628785295669,49.6549246610915,True,True,bad
67,100.10242964423365,99.71380674729662,98.11225567283877,101.5738830532801,0.0,93.51574632219747,99.71380674729662,100.64628785295669,38.898078951274904,True,True,bad
68,100.12568855280581,99.71811880415854,96.46043338982089,103.31326984124954,78.87435184149413,0.0,98.93159860540543,99.71811880415854,40.788885991537704,False,True,bad
69,100.02448641706145,99.83292711834582,99.23554976361905,100.02448641706145,78.87435184149413,0.0,99.04550137645596,99.83292711834582,19.169602366792258,False,True,bad
70,100.04979316535132,99.85818540107351,99.26065690657205,100.0497931653513,78.87435184149413,0.0,99.07056043611577,99.85818540107351,19.169602366801122,False,False,bad
71,100.1065932140623,99.9165223728922,99.3170089485804,100.10659321406231,78.87435184149413,0.0,99.12843727885041,99.9165223728922,19.00489329160261,False,True,bad
72,99.97857251437262,99.9165223728922,99.3170089485804,100.10659321406231,78.87435184149413,0.0,99.12843727885041,99.9165223728922,6.20827074405054,False,True,good
73,99.99031442271404,99.91035112923159,98.51154214421717,100.92510174592324,78.87435184149413,0.0,99.12231471047417,99.91035112923159,8.000303303312403,False,True,good
74,99.998971447244,99.8058302580786,99.21023604147224,99.99897144724399,78.87435184149413,0.0,99.01861824091779,99.8058302580786,19.332993769391813,False,False,bad
75,99.98228289548332,99.79244808039358,99.19367911958192,99.98228289548332,78.87435184149413,0.0,99.0053416142919,99.79244808039358,19.00489329160704,False,True,bad
76,99.90901844802292,99.87315125434979,99.27553320761247,100.06478773508864,72.23964068007568,0.0,99.1516711983297,99.87315125434979,3.590630146013958,False,True,good
77,99.78002056570897,99.73342667262258,99.50689242512979,100.23095725886986,72.23964068007568,0.0,99.0129559819603,99.73342667262258,4.670752230329938,False,True,good
78,99.68988414871204,99.73342667262258,99.50689242512979,100.23095725886986,72.23964068007568,0.0,99.0129559819603,99.73342667262258,4.366844018700615,True,True,good
79,99.67504948404012,99.73851499629215,98.79772490947032,100.95041247928688,100.0,0.0,98.74112984632923,99.73851499629215,6.365215381434253,True,True,good
80,99.58957139687402,99.68176758087958,99.4416168705126,100.44607764698243,100.0,0.0,98.68494990507078,99.68176758087958,9.25333176933912,True,True,good
81,99.61749865442795,99.68958220207261,98.84148939678488,101.05594756286519,100.0,0.0,98.69268638005188,99.68958220207261,7.233415940656002,True,True,good
82,99.54824823535807,99.7928119612956,99.54824823535806,100.55378609632128,91.26595302418824,0.0,98.88204335243448,99.7928119612956,24.53722764402944,True,True,ok
83,99.49061039623103,99.6531997758829,99.10419260678093,100.01700735628074,91.26595302418824,0.0,98.74370535093732,99.6531997758829,16.328844530744412,True,True,ok
84,99.43383804117872,99.7928119612956,99.11718331818581,100.03011772067572,91.26595302418824,0.0,98.88204335243448,99.7928119612956,36.03677606351104,True,True,bad
85,99.4773369390157,99.86788818672032,99.17442177830945,100.08788338463671,91.26595302418824,0.0,98.95643438753292,99.86788818672032,39.183456453497975,True,True,bad
86,99.49035064426421,99.86788818672032,99.17442177830945,100.08788338463671,91.26595302418824,0.0,98.95643438753292,99.86788818672032,37.87533397138658,True,True,bad
87,99.42576441344465,99.87929451049844,99.18574889842623,100.09931483497444,91.26595302418824,0.0,98.96773661041003,99.87929451049844,45.511226089512554,True,True,bad
88,99.67132778902716,99.87929451049844,99.18574889842623,100.09931483497444,91.26595302418824,0.0,98.96773661041003,99.87929451049844,20.84351272551584,True,True,ok
89,99.51823155850371,100.01922345021589,99.52425746533352,100.44094128826552,91.26595302418824,0.0,99.10638847532357,100.01922345021589,50.21542892148622,True,False,bad
90,99.54637857434544,100.01922345021589,99.52425746533352,100.44094128826552,91.26595302418824,0.0,99.10638847532357,100.01922345021589,47.38750124408285,True,True,bad
91,99.47737264894643,99.87929451049845,99.47737264894644,100.39362463190477,91.26595302418824,0.0,98.96773661041004,99.87929451049845,40.321942760744776,True,False,bad
92,99.70900155017213,99.73956133423023,99.45703538324241,100.37310004661708,91.26595302418824,0.0,98.82927872229193,99.73956133423023,3.0644276253777676,True,True,good
93,99.6566020307155,99.6031653232852,99.34091017896151,100.2559052528822,96.70847300534632,0.0,98.63991832079381,99.6031653232852,5.363522142068334,False,True,good
94,99.51950075643003,99.6031653232852,99.34091017896151,100.2559052528822,96.70847300534632,0.0,98.63991832079381,99.6031653232852,8.403319765217898,True,True,good
95,99.48324643001028,99.6031653232852,99.34091017896151,100.2559052528822,96.70847300534632,0.0,98.63991832079381,99.6031653232852,12.046920402235214,True,True,ok
96,99.34611993915667,99.6031653232852,99.34091017896151,100.2559052528822,96.70847300534632,0.0,98.63991832079381,99.6031653232852,25.84030667095571,True,True,ok
97,99.37388032449554,99.6031653232852,99.34091017896151,100.2559052528822,96.70847300534632,0.0,98.63991832079381,99.6031653232852,23.04638703703555,True,True,ok
98,99.43433311412235,99.6031653232852,99.34091017896151,100.2559052528822,96.70847300534632,0.0,98.63991832079381,99.6031653232852,16.964868527874362,True,True,ok
99,99.41507997406693,99.6031653232852,99.34091017896151,100.2559052528822,96.70847300534632,0.0,98.63991832079381,99.6031653232852,18.901322834335737,True,True,ok
100,99.35069861072829,99.6031653232852,99.34091017896151,100.2559052528822,96.70847300534632,0.0,98.63991832079381,99.6031653232852,25.3794365265968,True,True,ok
101,99.31230012895084,99.6031653232852,99.34091017896151,100.2559052528822,96.70847300534632,0.0,98.63991832079381,99.6031653232852,29.24512691677801,True,False,ok
102,99.27529267715619,99.6089856340807,97.12181602322438,102.54660885104809,96.70847300534632,0.0,98.64568234425236,99.6089856340807,33.55652572283374,True,True,ok
103,99.35915560828562,99.6089856340807,97.12181602322438,102.54660885104809,96.70847300534632,0.0,98.64568234425236,99.6089856340807,25.112578881166908,True,True,ok
104,99.30831015373661,99.6089856340807,97.12181602322438,102.54660885104809,96.70847300534632,0.0,98.64568234425236,99.6089856340807,30.23122832526542,True,True,ok
105,99.39625841518132,99.6089856340807,97.12181602322438,102.54660885104809,96.70847300534632,0.0,98.64568234425236,99.6089856340807,21.37906475185558,True,True,ok
106,99.66757437725408,99.6089856340807,97.12181602322438,102.54660885104809,96.70847300534632,0.0,98.64568234425236,99.6089856340807,5.880144143213733,False,True,good
107,99.62942520424441,99.6089856340807,97.12181602322438,102.54660885104809,96.70847300534632,0.0,98.64568234425236,99.6089856340807,2.0517700527149296,False,True,good
108,99.72559156345892,99.6089856340807,97.12181602322438,102.54660885104809,96.70847300534632,0.0,98.64568234425236,99.6089856340807,11.699519904506758,False,True,good
109,99.88784049439312,99.74689243444644,99.06081185515441,100.02816900333775,78.83124559028673,0.0,98.96057525700967,99.74689243444644,14.12059728271405,False,True,bad
110,99.88725576174753,99.8866358814428,99.40365797149843,100.19349577872664,78.83124559028673,0.0,99.09921708900706,99.8866358814428,0.06205818984934547,False,True,good
111,99.80944283212469,100.02570719095566,99.42586695704331,100.21588123158472,78.83124559028673,0.0,99.23719208206442,100.02570719095566,21.644284625072686,True,True,ok
112,99.82918781193709,100.02570719095566,99.42586695704331,100.21588123158472,78.83124559028673,0.0,99.23719208206442,100.02570719095566,19.666212564261055,True,True,ok
113,99.75052490525316,100.01953259327726,98.46012380745063,101.19884567482536,78.83124559028673,0.0,99.23106615950863,100.01953259327726,26.931748830584674,True,True,ok
114,99.86101415861818,100.01354359770743,97.8085750430455,101.87297862103831,0.0,99.23873656392966,100.01354359770743,101.00606536829922,15.262519693404865,False,True,bad
115,99.97615891568682,99.87362260421983,99.34348399803902,100.33923791791516,0.0,99.23873656392966,99.87362260421983,100.86475581655037,10.261339260351406,True,True,good
116,100.08885045006282,99.87362260421983,99.34348399803902,100.33923791791516,0.0,99.23873656392966,99.87362260421983,100.86475581655037,21.526832077055534,True,True,ok
117,99.91991129381049,99.87362260421983,99.34348399803902,100.33923791791516,0.0,99.23873656392966,99.87362260421983,100.86475581655037,4.6336525027376565,True,True,good
118,99.91024124390898,99.87362260421983,99.34348399803902,100.33923791791516,0.0,99.23873656392966,99.87362260421983,100.86475581655037,3.665825597111987,True,True,good
119,99.8443945457941,99.8726173497421,97.91688759791818,101.80112665964442,0.0,100.0,99.8726173497421,100.87134352323952,2.826279430880244,False,True,good
120,99.82590754429455,99.73289351495836,98.82764846885159,99.82590754429454,0.0,100.0,99.73289351495836,100.73022245010795,9.321967818826062,True,False,ok
121,99.84317580879421,99.60263623794127,98.84474405070628,99.84317580879423,0.0,100.0,99.60263623794127,100.59866260032068,24.12080604839493,True,True,ok
122,99.65481826702141,99.60263623794127,98.84474405070628,99.84317580879423,0.0,100.0,99.60263623794127,100.59866260032068,5.23764899061883,True,True,good
123,99.6716606114058,99.71147737636893,98.95275699972476,99.95227979770178,0.0,100.0,99.71147737636893,100.70859215013262,3.9939952690356515,False,True,good
124,99.60074664081897,99.7580776231739,98.99900265789329,99.9989925837306,0.0,100.0,99.7580776231739,100.75565839940565,15.783702135923354,False,True,bad
125,99.64789407745049,99.7580776231739,98.99900265789329,99.9989925837306,0.0,100.0,99.7580776231739,100.75565839940565,11.051179259829922,False,True,good
126,99.6283652598802,99.7580776231739,98.99900265789329,99.9989925837306,0.0,100.0,99.7580776231739,100.75565839940565,13.011153588709094,False,True,bad
127,99.54901074079291,99.7580776231739,98.99900265789329,99.9989925837306,0.0,100.0,99.7580776231739,100.75565839940565,20.979380189476245,False,True,bad
128,99.60619697747717,99.8278336267144,99.06822787698779,100.06891704746242,0.0,100.0,99.8278336267144,100.82611196298154,22.226571845332934,False,True,bad
129,99.64435532732557,99.8278336267144,99.06822787698779,100.06891704746242,0.0,100.0,99.8278336267144,100.82611196298154,18.396384187281317,False,True,bad
130,99.65386536988849,99.8278336267144,99.06822787698779,100.06891704746242,0.0,100.0,99.8278336267144,100.82611196298154,17.442031204412753,False,True,bad
131,99.7646940709429,99.8278336267144,99.06822787698779,100.06891704746242,0.0,100.0,99.8278336267144,100.82611196298154,6.32684586001374,False,True,good
132,99.74926972292187,99.8278336267144,99.06822787698779,100.06891704746242,0.0,100.0,99.8278336267144,100.82611196298154,7.873038192465008,False,True,good
133,99.61085816163744,99.8278336267144,99.06822787698779,100.06891704746242,0.0,100.0,99.8278336267144,100.82611196298154,21.758621532759747,False,True,bad
134,99.60477825900712,99.8278336267144,99.06822787698779,100.06891704746242,0.0,100.0,99.8278336267144,100.82611196298154,22.369005611182622,False,True,bad
135,99.56218257284499,99.8278336267144,99.06822787698779,100.06891704746242,0.0,100.0,99.8278336267144,100.82611196298154,26.64639043782926,False,True,bad
136,99.6222561789081,99.82000816805483,96.19783263310273,103.05481949132812,100.0,0.0,98.82180808637428,99.82000816805483,19.830506297051336,True,True,ok
137,99.62126554758497,99.861850108072,99.62126554758497,100.62754095715654,100.0,0.0,98.86323160699128,99.861850108072,24.120806048407132,True,True,ok
138,99.64450138955708,99.86967884695943,98.499938130117,101.77308909423846,100.0,0.0,98.87098205848983,99.86967884695943,22.572586344095324,True,True,ok
139,99.73642579158624,99.8772733100771,97.42113892863024,102.9000798937213,0.0,76.71523042840187,99.8772733100771,100.6434841137314,14.112011600347689,False,True,bad
140,99.76152763617776,99.8772733100771,97.42113892863024,102.9000798937213,0.0,76.71523042840187,99.8772733100771,100.6434841137314,11.595510123245507,False,True,good
141,99.71391709072148,99.8772733100771,97.42113892863024,102.9000798937213,0.0,76.71523042840187,99.8772733100771,100.6434841137314,16.36908477806531,False,True,bad
142,99.85406002283241,99.8772733100771,97.42113892863024,102.9000798937213,0.0,76.71523042840187,99.8772733100771,100.6434841137314,2.324451247768163,False,True,good
143,99.86875698332976,99.8772733100771,97.42113892863024,102.9000798937213,0.0,76.71523042840187,99.8772733100771,100.6434841137314,0.8527154947703415,False,True,good
144,99.84992239922177,99.88464049108403,95.08525423104705,105.427945270405,0.0,100.0,99.88464049108403,100.88348689599486,3.476423079662895,False,True,good
145,99.95864162970148,99.8770685414163,94.04398190868558,105.55322166352892,0.0,100.0,99.8770685414163,100.87583922683046,8.164015605229412,True,True,good
146,100.07792017308684,99.83472802553273,99.07714097135596,100.07792017308682,0.0,100.0,99.83472802553273,100.83307530578806,24.329853034157512,True,False,ok
147,99.91384352712527,99.83472802553273,99.07714097135596,100.07792017308682,0.0,100.0,99.83472802553273,100.83307530578806,7.921509036551648,True,True,good
148,100.099172194197,99.88617627525497,99.12612658710273,100.12740059303306,0.0,100.0,99.88617627525497,100.88503803800752,21.30116042093661,True,True,ok
149,100.03978066385694,99.88617627525497,99.12612658710273,100.12740059303306,0.0,100.0,99.88617627525497,100.88503803800752,15.366130659333642,True,True,ok
150,100.13217445642728,99.87632097475468,97.45258854377293,101.8468727648461,0.0,100.0,99.87632097475468,100.87508418450223,25.584275375855167,True,True,ok
151,100.13574039475061,99.87632097475468,97.45258854377293,101.8468727648461,0.0,100.0,99.87632097475468,100.87508418450223,25.940392163347063,True,True,ok
152,100.1668597922917,99.87632097475468,97.45258854377293,101.8468727648461,0.0,100.0,99.87632097475468,100.87508418450223,29.04763068770033,True,True,ok
153,100.11706000105177,100.0121487614017,99.3438335243425,100.34730659024495,0.0,100.0,100.0121487614017,101.01227024901573,10.484351575547002,True,True,good
154,100.27984002479009,99.87222971931864,99.62009260709331,100.62635616878113,0.0,100.0,99.87222971931864,100.87095201651182,40.73011780434003,True,True,bad
155,100.26397999552418,99.87222971931864,99.62009260709331,100.62635616878113,0.0,100.0,99.87222971931864,100.87095201651182,39.148415680847116,True,True,bad
156,100.26736719480742,99.87222971931864,99.62009260709331,100.62635616878113,0.0,100.0,99.87222971931864,100.87095201651182,39.48623810422561,True,True,bad
157,100.28217593040114,100.0121487614017,99.65550357356271,100.66212482178052,0.0,100.0,100.0121487614017,101.01227024901573,26.963053796734073,True,True,ok
158,100.42349504596429,100.0165077134965,98.66200354052998,101.6757655420858,0.0,100.0,100.0165077134965,101.01667279063146,40.60944783239017,True,True,bad
159,100.36697535698228,100.0165077134965,98.66200354052998,101.6757655420858,0.0,100.0,100.0165077134965,101.01667279063146,34.97972941384728,True,True,ok
160,100.24699791117203,100.0165077134965,98.66200354052998,101.6757655420858,0.0,100.0,100.0165077134965,101.01667279063146,23.018702157405567,True,True,ok
161,100.26083888659991,100.0165077134965,98.66200354052998,101.6757655420858,0.0,100.0,100.0165077134965,101.01667279063146,24.3992941253716,True,True,ok
162,100.22370982298413,100.0165077134965,98.66200354052998,101.6757655420858,0.0,100.0,100.0165077134965,101.01667279063146,20.695361400455884,True,True,ok
163,100.21073085125988,100.0165077134965,98.66200354052998,101.6757655420858,0.0,100.0,100.0165077134965,101.01667279063146,19.400277412023637,True,True,ok
164,100.1416271335197,100.0165077134965,98.66200354052998,101.6757655420858,0.0,100.0,100.0165077134965,101.01667279063146,12.502058576415125,True,True,ok
165,100.17377936535269,100.0165077134965,98.66200354052998,101.6757655420858,0.0,100.0,100.0165077134965,101.01667279063146,15.712219259614962,True,True,ok
166,100.21313575019522,100.02182984473902,95.98143691286883,104.51536320513632,0.0,100.0,100.02182984473902,101.02204814318641,19.108147580120303,True,True,ok
167,100.26775819357985,100.05098328058901,99.80785659043774,100.81601675801792,0.0,100.0,100.05098328058901,101.0514931133949,21.643007140879938,True,True,ok
168,100.16906076525746,99.92773608088072,99.16737015760489,100.16906076525747,0.0,100.0,99.92773608088072,100.92701344168952,24.120806048406003,True,True,ok
169,100.04872089662577,99.91990279091301,98.25448436334271,101.099734954733,0.0,100.0,99.91990279091301,100.91910181882214,12.88383358912755,True,True,ok
170,100.18475324240903,99.94339075212632,99.18290570998494,100.18475324240903,0.0,100.0,99.94339075212632,100.94282465964758,24.12080604840379,True,True,ok
171,100.28563164665509,100.04402612275625,99.28277533018854,100.28563164665509,0.0,100.0,100.04402612275625,101.04446638398382,24.12080604839936,True,True,ok
172,100.26627448265552,100.04402612275625,99.28277533018854,100.28563164665509,0.0,100.0,100.04402612275625,101.04446638398382,22.190416611242206,True,True,ok
173,100.42599042743493,100.18404675482809,99.42173052316058,100.42599042743493,0.0,100.0,100.18404675482809,101.18588722237637,24.12080604840822,True,True,ok
174,100.31717323088672,100.18404675482809,99.42173052316058,100.42599042743493,0.0,100.0,100.18404675482809,101.18588722237637,13.279370133632865,True,True,ok
175,100.16732368424691,100.17619337278268,97.79805081326398,102.09330017080232,100.0,0.0,99.17443143905484,100.17619337278268,0.8854480216630942,True,True,good
176,100.22551098805019,100.31653826200403,100.2255109880502,101.2378898869194,100.0,0.0,99.31337287938399,100.31653826200403,9.078124068814763,True,False,ok
177,100.17229384420065,100.4163082843378,100.17229384420065,101.18413519616227,100.0,0.0,99.41214520149443,100.4163082843378,24.32985303416062,True,True,ok
178,100.20075002631874,100.4163082843378,100.17229384420065,101.18413519616227,100.0,0.0,99.41214520149443,100.4163082843378,21.489532623817723,True,True,ok
179,100.2525855452654,100.37772474290077,100.1358973507202,101.14737106133353,100.0,0.0,99.37394749547175,100.37772474290077,12.474607020609485,True,True,ok
180,100.31798366808589,100.37772474290077,100.1358973507202,101.14737106133353,100.0,0.0,99.37394749547175,100.37772474290077,5.9533985108478475,True,True,good
181,100.34060822270138,100.37772474290077,100.1358973507202,101.14737106133353,100.0,0.0,99.37394749547175,100.37772474290077,3.6983687612447134,True,True,good
182,100.41587768697653,100.37772474290077,100.1358973507202,101.14737106133353,100.0,0.0,99.37394749547175,100.37772474290077,3.8002151535917177,False,True,good
183,100.44936701401198,100.37772474290077,100.1358973507202,101.14737106133353,100.0,0.0,99.37394749547175,100.37772474290077,7.134722065987374,False,True,good
184,100.39512189757481,100.37772474290077,100.1358973507202,101.14737106133353,100.0,0.0,99.37394749547175,100.37772474290077,1.7330186834224615,False,True,good
185,100.41426880267512,100.37772474290077,100.1358973507202,101.14737106133353,100.0,0.0,99.37394749547175,100.37772474290077,3.6399917678542284,False,True,good
186,100.59707731360491,100.37772474290077,100.1358973507202,101.14737106133353,100.0,0.0,99.37394749547175,100.37772474290077,21.828871635724123,False,True,bad
187,100.55503724543313,100.37772474290077,100.1358973507202,101.14737106133353,100.0,0.0,99.37394749547175,100.37772474290077,17.648943537424703,False,True,bad
188,100.44123448471208,100.37772474290077,100.1358973507202,101.14737106133353,100.0,0.0,99.37394749547175,100.37772474290077,6.325074502220898,False,True,good
189,100.56416477206665,100.37772474290077,100.1358973507202,101.14737106133353,100.0,0.0,99.37394749547175,100.37772474290077,18.55661685237681,False,True,bad
190,100.65707584653464,100.3855939241374,95.99916417700362,105.5059473978124,100.0,0.0,99.38173798489602,100.3855939241374,27.00740969294798,False,True,bad
191,100.64333897814059,100.39322761936307,94.75272610215607,106.8938402360376,100.0,0.0,99.38929534316944,100.39322761936307,24.88218855425635,False,True,bad
192,100.56638483406408,100.39322761936307,94.75272610215607,106.8938402360376,100.0,0.0,99.38929534316944,100.39322761936307,17.233040553790662,False,True,bad
193,100.42508879953922,100.40425891388679,94.41121993887838,107.53910717301858,100.0,0.0,99.40021632474793,100.40425891388679,2.0743866336554566,False,True,good
194,100.45953384422421,100.41661106730261,94.46296532262282,107.598047756265,100.0,0.0,99.41244495662959,100.41661106730261,4.273556483649358,False,True,good
195,100.48532115218657,100.55729277701563,100.48532115218659,101.50032439614807,100.0,0.0,99.55171984924547,100.55729277701563,7.159838055925172,True,False,ok
196,100.74371043048824,100.55729277701563,100.48532115218659,101.50032439614807,100.0,0.0,99.55171984924547,100.55729277701563,18.521289391762444,False,True,bad
197,100.8877239782026,100.55729277701563,100.48532115218659,101.50032439614807,100.0,0.0,99.55171984924547,100.55729277701563,32.80612276863844,False,True,bad
198,100.8601946462896,100.69817157905469,100.47406740193236,101.48895697164885,100.0,0.0,99.69118986326414,100.69817157905469,16.077040627761193,False,True,bad
199,100.83770365136854,100.70662207267385,99.00733731270914,102.9924506616573,100.0,0.0,99.69955585194711,100.70662207267385,13.007718942854344,False,True,bad
200,100.8078007716699,100.85144502704941,100.80780077166992,101.82606138552516,100.0,0.0,99.84293057677891,100.85144502704941,4.328515252358454,True,False,ok
201,100.80843644938443,100.99273593064228,100.80843644938442,101.82670348422668,100.0,0.0,99.98280857133587,100.99273593064228,18.265457065846615,True,True,ok
202,100.8340520938769,100.85144502704941,100.45818701144711,101.4729161731789,100.0,0.0,99.84293057677891,100.85144502704941,1.7247579487772728,True,True,good
203,100.76967670925168,100.71226469258946,100.44372918049838,101.45831230353372,100.0,0.0,99.70514204566356,100.71226469258946,5.698974093326164,False,True,good
204,100.85848632028897,100.57136617399627,100.199818809553,101.21193819146767,100.0,0.0,99.5656525122563,100.57136617399627,28.50822131813082,False,True,bad
205,101.11385342474547,100.57536083217713,98.71746001914767,102.73175450605865,100.0,0.0,99.56960722385536,100.57536083217713,53.398380681291435,False,True,bad
206,101.10849701326339,100.57536083217713,98.71746001914767,102.73175450605865,100.0,0.0,99.56960722385536,100.57536083217713,52.8686260353055,False,True,bad
207,101.09515386128358,100.57536083217713,98.71746001914767,102.73175450605865,100.0,0.0,99.56960722385536,100.57536083217713,51.54885243661232,False,True,bad
208,100.99226174670318,100.57536083217713,98.71746001914767,102.73175450605865,100.0,0.0,99.56960722385536,100.57536083217713,41.36592014844837,False,True,bad
209,100.8069251774055,100.72103894510852,100.80692517740549,101.82517694687424,100.0,0.0,99.71382855565743,100.72103894510852,8.523505695167326,False,True,good
210,100.90678972965523,100.86214715232906,100.80772058759135,101.82598039150642,100.0,0.0,99.85352568080576,100.86214715232906,4.4251190242186755,False,True,good
211,100.8065234827154,100.87572030469221,99.21477709532459,103.46084807510248,100.0,0.0,99.86696310164528,100.87572030469221,6.8619649794197715,True,True,good
212,100.70058751335023,100.94377862776254,100.70058751335023,101.71776516500023,100.0,0.0,99.93434084148491,100.94377862776254,24.120806048403793,True,True,ok
213,100.57146840192148,100.81645521029009,100.57146840192146,101.58734182012269,100.0,0.0,99.80829065818719,100.81645521029009,24.329853034147263,True,True,ok
214,100.44260425743187,100.68517234434208,100.44260425743188,101.45717601760796,100.0,0.0,99.67832062089866,100.68517234434208,24.12080604841158,True,False,ok
215,100.46331869919999,100.68517234434208,100.44260425743188,101.45717601760796,100.0,0.0,99.67832062089866,100.68517234434208,22.058702399432207,True,True,ok
216,100.51832882813585,100.68517234434208,100.44260425743188,101.45717601760796,100.0,0.0,99.67832062089866,100.68517234434208,16.5845577711675,True,True,ok
217,100.5548612863554,100.68517234434208,100.44260425743188,101.45717601760796,100.0,0.0,99.67832062089866,100.68517234434208,12.95081041770623,True,True,ok
218,100.40675287124307,100.65342571608716,100.40675287124307,101.42096249620512,100.0,0.0,99.64689145892628,100.65342571608716,24.537227644011633,True,True,ok
219,100.28999366609379,100.65342571608716,100.40675287124307,101.42096249620512,100.0,0.0,99.64689145892628,100.65342571608716,36.17261489730252,True,False,bad
220,100.1124388816469,100.51260951442578,100.11243888164692,101.1236756380272,100.0,0.0,99.50748341928151,100.51260951442578,39.892442810431696,True,False,bad
221,100.17292061833143,100.51734285855566,98.70012007942282,102.57067355797575,100.0,0.0,99.5121694299701,100.51734285855566,34.32379552453533,True,True,ok
222,100.21745932912037,100.37671703959585,100.11239841661866,101.12363476426127,100.0,0.0,99.37294986919989,100.37671703959585,15.878600946430312,True,True,ok
223,100.1904325763522,100.34547161941572,100.10162931435737,101.11275688318926,100.0,0.0,99.34201690322156,100.34547161941572,15.462475368217987,True,True,ok
224,100.27792803051052,100.34547161941572,100.10162931435737,101.11275688318926,100.0,0.0,99.34201690322156,100.34547161941572,6.733371239344797,True,True,good
225,100.38606027404671,100.34547161941572,100.10162931435737,101.11275688318926,100.0,0.0,99.34201690322156,100.34547161941572,4.044073674055843,False,True,good
226,100.5138134175968,100.34547161941572,100.10162931435737,101.11275688318926,100.0,0.0,99.34201690322156,100.34547161941572,16.762166365962532,False,True,bad
227,100.70096646227155,100.34547161941572,100.10162931435737,101.11275688318926,100.0,0.0,99.34201690322156,100.34547161941572,35.364487602620315,False,True,bad
228,100.69314746435305,100.3552939967487,97.21635623097261,104.11367079451468,100.0,0.0,99.35174105678121,100.3552939967487,33.60919221013955,False,True,bad
229,100.64602856892373,100.49588980244415,100.64602856892373,101.66265512012498,100.0,0.0,99.49093090441971,100.49588980244415,14.92864297795775,False,True,bad
230,100.6707572674443,100.5206269850108,99.27832817847334,103.06320301061783,100.0,0.0,99.51542071516069,100.5206269850108,14.924129167530971,False,True,bad
231,100.68735716500092,100.66992858631892,100.6873571650009,101.70440117676858,100.0,0.0,99.66322930045573,100.66992858631892,1.7311098190943344,False,True,good
232,100.5102748320133,100.66992858631892,100.6873571650009,101.70440117676858,100.0,0.0,99.66322930045573,100.66992858631892,15.871719494104918,True,False,ok
233,100.62996777935454,100.68562912151873,98.7079701228245,103.74387553300456,100.0,0.0,99.67877283030354,100.68562912151873,5.52975968473498,True,True,good
234,100.77534397713528,100.68562912151873,98.7079701228245,103.74387553300456,100.0,0.0,99.67877283030354,100.68562912151873,8.906425911394292,False,True,good
235,100.82776059737272,100.82668772026841,100.70370963754763,101.7209188258057,100.0,0.0,99.81842084306572,100.82668772026841,0.10640748203424441,False,True,good
236,100.93288051739614,100.82668772026841,100.70370963754763,101.7209188258057,100.0,0.0,99.81842084306572,100.82668772026841,10.5266687336223,False,True,good
237,100.80508017703818,100.9679439393583,100.71126626338096,101.72855178119289,100.0,0.0,99.95826449996473,100.9679439393583,16.14326775371574,True,True,ok
238,100.82698076375628,100.82668772026841,100.56095354190992,101.57672074940396,100.0,0.0,99.81842084306572,100.82668772026841,0.029064037373720934,False,True,good
239,100.67510410861782,100.82668772026841,100.56095354190992,101.57672074940396,100.0,0.0,99.81842084306572,100.82668772026841,15.04538881455785,True,True,ok
240,100.57974159439725,100.82668772026841,100.56095354190992,101.57672074940396,100.0,0.0,99.81842084306572,100.82668772026841,24.522181388123396,True,True,ok
241,100.59165868675147,100.75830631523974,100.51556203587755,101.53087074331066,100.0,0.0,99.75072325208734,100.75830631523974,16.55303655386708,True,True,ok
242,100.64230346243835,100.74646347140254,100.50374772351027,101.51893709445483,100.0,0.0,99.73899883668851,100.74646347140254,10.344173593968911,True,True,good
243,100.71381270001031,100.74646347140254,100.50374772351027,101.51893709445483,100.0,0.0,99.73899883668851,100.74646347140254,3.2414103959952505,True,True,good
244,100.76432432067185,100.64135611662918,100.39889359063012,101.41302382891932,100.0,0.0,99.63494255546289,100.64135611662918,12.21099812630345,False,True,bad
245,100.87582616240792,100.64135611662918,100.39889359063012,101.41302382891932,100.0,0.0,99.63494255546289,100.64135611662918,23.270487303828475,False,True,bad
246,101.09325245337195,100.64924596542991,98.32296292474265,103.5541961433457,100.0,0.0,99.64275350577562,100.64924596542991,44.017220795132594,False,True,bad
247,101.09381415682131,100.79025359208893,100.08287601525309,101.09381415682131,100.0,0.0,99.78235105616804,100.79025359208893,30.072783542915975,False,True,bad
248,101.3103908651965,100.93145876767726,100.2972869565445,101.31039086519647,100.0,0.0,99.92214418000049,100.93145876767726,37.47320761096177,False,False,bad
249,101.22002965897377,100.93145876767726,100.2972869565445,101.31039086519647,100.0,0.0,99.92214418000049,100.93145876767726,28.549983930822492,False,True,bad
250,100.98153161438384,100.93145876767726,100.2972869565445,101.31039086519647,100.0,0.0,99.92214418000049,100.93145876767726,4.959844102980023,False,True,good
251,100.93887849684579,100.93145876767726,100.2972869565445,101.31039086519647,100.0,0.0,99.92214418000049,100.93145876767726,0.7350985065376692,False,True,good
252,101.00526893093885,100.93145876767726,100.2972869565445,101.31039086519647,100.0,0.0,99.92214418000049,100.93145876767726,7.310227058719316,False,True,good
253,100.9745566121089,101.07286176895708,100.32698766124079,101.3403915770109,100.0,0.0,100.06213315126752,101.07286176895708,9.73090033943559,True,True,good
254,100.94219092961616,101.07286176895708,100.32698766124079,101.3403915770109,100.0,0.0,100.06213315126752,101.07286176895708,12.936744645464762,True,True,ok
255,100.85314463167401,101.07286176895708,100.32698766124079,101.3403915770109,100.0,0.0,100.06213315126752,101.07286176895708,21.762152177719877,True,True,ok
256,100.80706584904324,101.07286176895708,100.32698766124079,101.3403915770109,100.0,0.0,100.06213315126752,101.07286176895708,26.332095184609884,True,True,ok
257,100.80147601351455,101.21446287307833,100.55369401112193,101.56938789002216,100.0,0.0,100.20231824434755,101.21446287307833,40.88661886485573,True,True,bad
258,100.70055687577947,101.20983351377531,99.29371153640489,102.85824744345163,0.0,100.0,101.20983351377531,102.22193184891306,50.4459148451641,False,True,bad
259,100.7687690830438,101.20983351377531,99.29371153640489,102.85824744345163,0.0,100.0,101.20983351377531,102.22193184891306,43.674441366893646,False,True,bad
260,100.8604532743752,101.2053432375567,97.4958868007729,104.75495414140156,0.0,100.0,101.2053432375567,102.21739666993227,34.13643516624334,False,True,bad
261,100.85553848220306,101.2053432375567,97.4958868007729,104.75495414140156,0.0,100.0,101.2053432375567,102.21739666993227,34.62373338492295,False,True,bad
262,100.9437291955929,101.2053432375567,97.4958868007729,104.75495414140156,0.0,100.0,101.2053432375567,102.21739666993227,25.88329343990798,False,True,bad
263,100.92208679436858,101.06375489199212,100.17146253203333,101.18329548690235,0.0,100.0,101.06375489199212,102.07439244091204,14.027529818028837,False,True,bad
264,100.941298737457,101.06375489199212,100.17146253203333,101.18329548690235,0.0,100.0,101.06375489199212,102.07439244091204,12.124069901727712,False,True,bad
265,100.97698608142423,101.06375489199212,100.17146253203333,101.18329548690235,0.0,100.0,101.06375489199212,102.07439244091204,8.58923952508969,False,True,good
266,100.92791519659998,101.06375489199212,100.17146253203333,101.18329548690235,0.0,100.0,101.06375489199212,102.07439244091204,13.450031460284706,False,True,bad
267,100.88907118365368,101.09429548463967,100.32505302665093,101.33843740065751,0.0,100.0,101.09429548463967,102.10523843948607,20.32091800351692,False,True,bad
268,100.99146756775899,100.95286249715313,100.30634316420795,101.319538549705,0.0,100.0,100.95286249715313,101.96239112212467,3.8233379529607157,True,True,good
269,101.04984240042936,100.95286249715313,100.30634316420795,101.319538549705,0.0,100.0,100.95286249715313,101.96239112212467,9.601842784857789,True,True,good
270,101.03272451430622,100.95286249715313,100.30634316420795,101.319538549705,0.0,100.0,100.95286249715313,101.96239112212467,7.907695048572328,True,True,good
271,100.88156523604364,101.09429548463967,100.3373215714757,101.35082987017748,0.0,100.0,101.09429548463967,102.10523843948607,21.06492592723599,False,True,bad
272,100.8611408162402,101.09429548463967,100.3373215714757,101.35082987017748,0.0,100.0,101.09429548463967,102.10523843948607,23.089724768581544,False,True,bad
273,100.89664193913613,101.09429548463967,100.3373215714757,101.35082987017748,0.0,100.0,101.09429548463967,102.10523843948607,19.57054223420823,False,True,bad
274,100.94256805277375,101.09429548463967,100.3373215714757,101.35082987017748,0.0,100.0,101.09429548463967,102.10523843948607,15.019779829614588,False,True,bad
275,101.02521020505264,101.09429548463967,100.3373215714757,101.35082987017748,0.0,100.0,101.09429548463967,102.10523843948607,6.836082647412026,False,True,good
276,101.12272697275172,101.23592661697772,100.6688036454744,101.68566024795393,0.0,100.0,101.23592661697772,102.2482858831475,11.188022259067152,False,True,good
277,101.21941151785603,101.37775617176435,100.71365443987419,101.730964080681,0.0,100.0,101.37775617176435,102.39153373348199,15.631480731549846,False,True,bad
278,101.19469795335971,101.51904022890713,100.91839371004045,101.93777142428328,0.0,100.0,101.51904022890713,102.53423063119621,32.00005635817295,False,True,bad
279,101.34719968998294,101.37701301483429,100.3337276930831,101.34719968998293,0.0,100.0,101.37701301483429,102.39078314498263,2.9412692907765976,False,False,bad
280,101.399776768199,101.2351844997394,100.38577900051702,101.399776768199,0.0,100.0,101.2351844997394,102.2475363447368,16.245203061425013,True,True,ok
281,101.36759773369698,101.2351844997394,100.38577900051702,101.399776768199,0.0,100.0,101.2351844997394,102.2475363447368,13.071217616162894,True,True,ok
282,101.277789191103,101.17741743642141,100.40964150172589,101.42388030477362,0.0,100.0,101.17741743642141,102.18919161078563,9.915453850463104,True,True,good
283,101.43958602354276,101.2895814223221,100.51885300279629,101.53419495231948,0.0,100.0,101.2895814223221,102.30247723654533,14.79852460165563,True,True,ok
284,101.27364044980153,101.28164137791494,99.11911527610098,102.96803788794811,100.0,0.0,100.26882496413579,101.28164137791494,0.7899994554942892,True,True,good
285,101.24031058404022,101.4261452533877,101.24031058404023,102.26293998387902,100.0,0.0,100.41188380085383,101.4261452533877,18.338971850327958,True,False,ok
286,101.21459216174358,101.46114558577183,101.2145921617436,102.23696177953899,100.0,0.0,100.44653412991411,101.46114558577183,24.329853034153942,True,False,ok
287,101.35675698090881,101.35584664802538,101.1116627901035,102.13299271727625,100.0,0.0,100.34228818154513,101.35584664802538,0.08981512418514995,False,True,good
288,101.19107800179623,101.30370747113544,101.05964922555646,102.08045376318834,100.0,0.0,100.29067039642409,101.30370747113544,11.12418580960933,True,True,good
289,101.35843575323828,101.16296371755307,100.77713455744174,101.79508541155731,100.0,0.0,100.15133408037754,101.16296371755307,19.303846101826636,False,True,bad
290,101.40232889929653,101.16296371755307,100.77713455744174,101.79508541155731,100.0,0.0,100.15133408037754,101.16296371755307,23.63339642869853,False,True,bad
291,101.22469666006187,101.02143466180392,100.64455112293304,101.66116275043741,100.0,0.0,100.01122031518588,101.02143466180392,20.100465246562912,False,True,bad
292,101.27745960156392,101.02533657783698,99.29746633446698,103.0403138101191,100.0,0.0,100.01508321205861,101.02533657783698,24.925325701788868,False,True,bad
293,101.17153319361103,101.02912158038498,97.93643022200936,104.47227929851425,100.0,0.0,100.01883036458113,101.02912158038498,14.086169694455227,False,True,bad
294,101.40383239289172,101.0804578093102,100.83482946723562,101.8533630982178,100.0,0.0,100.0696532312171,101.0804578093102,31.94073556853972,False,True,bad
295,101.39090369360525,101.14663537716504,100.37699465666921,101.39090369360527,100.0,0.0,100.13516902339339,101.14663537716504,24.120806048401572,False,True,bad
296,101.27607852844801,101.14663537716504,100.37699465666921,101.39090369360527,100.0,0.0,100.13516902339339,101.14663537716504,12.7893917070352,False,True,bad
297,101.33012773130395,101.14663537716504,100.37699465666921,101.39090369360527,100.0,0.0,100.13516902339339,101.14663537716504,18.12478642527802,False,True,bad
298,101.33253952849763,101.1366557130773,98.14787862275583,103.69367469882577,100.0,0.0,100.12528915594653,101.1366557130773,19.349499196938282,False,True,bad
299,101.2272268407036,101.1366557130773,98.14787862275583,103.69367469882577,100.0,0.0,100.12528915594653,101.1366557130773,8.951314091318942,False,True,good
300,101.24759616104261,101.003673097366,100.23512019943219,101.24759616104261,100.0,0.0,99.99363636639234,101.003673097366,24.12080604840822,False,True,bad
301,101.20483637181476,101.003673097366,100.23512019943219,101.24759616104261,100.0,0.0,99.99363636639234,101.003673097366,19.896624661333465,False,True,bad
302,101.3004436832002,101.05428076929384,100.28743924636821,101.30044368320021,100.0,0.0,100.0437379616009,101.05428076929384,24.32985303415087,False,True,bad
303,101.30093948565062,101.05428076929384,100.28743924636821,101.30044368320021,100.0,0.0,100.0437379616009,101.05428076929384,24.37879667339612,False,False,bad
304,101.33398199017759,101.05428076929384,100.28743924636821,101.30044368320021,100.0,0.0,100.0437379616009,101.05428076929384,27.640081014632507,False,False,bad
305,101.2572446073641,101.04642254032855,98.47806664082454,103.16167282773968,100.0,0.0,100.03595831492527,101.04642254032855,20.842147483008223,False,True,bad
306,101.08868527491933,101.0388006420844,97.43665003624663,104.26427928022831,100.0,0.0,100.02841263566356,101.0388006420844,4.93595748459721,False,True,good
307,101.06346360797608,101.0388006420844,97.43665003624663,104.26427928022831,100.0,0.0,100.02841263566356,101.0388006420844,2.440642226906324,False,True,good
308,101.06077426457547,101.03140795009267,95.95598529299518,105.87314653159743,100.0,0.0,100.02109387059174,101.03140795009267,2.9062296589277894,False,True,good
309,101.01692376235668,101.02423755566412,94.94314798131207,107.00258320388475,100.0,0.0,100.01399518010747,101.02423755566412,0.7239904248138486,True,True,good
310,101.11359079381276,101.02423755566412,94.94314798131207,107.00258320388475,100.0,0.0,100.01399518010747,101.02423755566412,8.84082358043779,False,True,good
311,101.1191163129108,101.02423755566412,94.94314798131207,107.00258320388475,100.0,0.0,100.01399518010747,101.02423755566412,9.38727515876834,False,True,good
312,101.15108828357016,101.02423755566412,94.94314798131207,107.00258320388475,100.0,0.0,100.01399518010747,101.02423755566412,12.548588115307325,False,True,bad
313,101.33164075393043,101.02423755566412,94.94314798131207,107.00258320388475,100.0,0.0,100.01399518010747,101.02423755566412,30.382456620731304,False,True,bad
314,101.2495980911355,101.02423755566412,94.94314798131207,107.00258320388475,100.0,0.0,100.01399518010747,101.02423755566412,22.282726581756883,False,True,bad
315,101.2548775332308,101.02423755566412,94.94314798131207,107.00258320388475,100.0,0.0,100.01399518010747,101.02423755566412,22.804141437425212,False,True,bad
316,101.25068948797951,101.02423755566412,94.94314798131207,107.00258320388475,100.0,0.0,100.01399518010747,101.02423755566412,22.390518709567196,False,True,bad
317,101.14332849204332,101.02423755566412,94.94314798131207,107.00258320388475,100.0,0.0,100.01399518010747,101.02423755566412,11.781410092865043,False,True,good
318,101.02836489991923,101.02423755566412,94.94314798131207,107.00258320388475,100.0,0.0,100.01399518010747,101.02423755566412,0.4085415585368748,False,True,good
319,100.98399831078208,101.00573507257296,94.0811413578032,107.16313114041628,100.0,0.0,99.99567772184723,101.00573507257296,2.1522640295311786,True,True,good
320,101.09074999784211,101.00573507257296,94.0811413578032,107.16313114041628,100.0,0.0,99.99567772184723,101.00573507257296,8.413301226317088,False,True,good
321,101.15279945129807,100.90910476937813,100.14127145678506,101.15279945129805,100.0,0.0,99.90001372168435,100.90910476937813,24.120806048406003,False,False,bad
322,101.07396909278012,100.90910476937813,100.14127145678506,101.15279945129805,100.0,0.0,99.90001372168435,100.90910476937813,16.324571842784493,False,True,bad
323,101.14551278474461,100.90119455036347,98.8009582344779,102.52501726173875,100.0,0.0,99.89218260485984,100.90119455036347,24.184343975190536,False,True,bad
324,101.07875455311324,100.83523825822763,100.06796700758213,101.07875455311326,100.0,0.0,99.82688587564536,100.83523825822763,24.12080604840822,False,True,bad
325,101.12507442184261,100.88144653433939,100.11382367762417,101.1250744218426,100.0,0.0,99.872632068996,100.88144653433939,24.120806048401572,False,False,bad
326,101.3081508740114,101.02277946945767,100.29506936527129,101.3081508740114,100.0,0.0,100.0125516747631,101.02277946945767,28.208400297234427,False,True,bad
327,101.31444922010142,101.01609907041633,99.46404058324637,102.15458732216236,100.0,0.0,100.00593807971217,101.01609907041633,29.491381152813318,False,True,bad
328,101.32208686132071,101.07798433659502,100.30886599270751,101.32208686132071,100.0,0.0,100.06720449322907,101.07798433659502,24.120806048406003,False,True,bad
329,101.28319370279858,101.06801144598349,99.5121856702503,102.1332569937927,100.0,0.0,100.05733133152366,101.06801144598349,21.26820423621465,False,True,bad
330,101.22310044478398,100.97923639554712,100.21086944033614,101.22310044478398,100.0,0.0,99.96944403159165,100.97923639554712,24.120806048401572,False,True,bad
331,101.11267439445265,100.97923639554712,100.21086944033614,101.22310044478398,100.0,0.0,99.96944403159165,100.97923639554712,13.20567634555779,False,True,bad
332,100.91289033393517,100.97923639554712,100.21086944033614,101.22310044478398,100.0,0.0,99.96944403159165,100.97923639554712,6.572427075289949,True,True,good
333,100.85562711049131,100.97923639554712,100.21086944033614,101.22310044478398,100.0,0.0,99.96944403159165,100.97923639554712,12.248557891592121,True,True,ok
334,100.69271371791321,100.96927324793174,98.83314137548929,102.63414439575746,100.0,0.0,99.95958051545242,100.96927324793174,27.42804507272772,True,True,ok
335,100.76352575605688,100.96927324793174,98.83314137548929,102.63414439575746,100.0,0.0,99.95958051545242,100.96927324793174,20.398027909206714,True,True,ok
336,100.88370152353487,100.96927324793174,98.83314137548929,102.63414439575746,100.0,0.0,99.95958051545242,100.96927324793174,8.478619611130457,True,True,good
337,100.85251700414751,100.96927324793174,98.83314137548929,102.63414439575746,100.0,0.0,99.95958051545242,100.96927324793174,11.570232992537631,True,True,good
338,100.91625610222562,100.96927324793174,98.83314137548929,102.63414439575746,100.0,0.0,99.95958051545242,100.96927324793174,5.252198817373153,True,True,good
339,100.8546897592763,100.96927324793174,98.83314137548929,102.63414439575746,100.0,0.0,99.95958051545242,100.96927324793174,11.354796453236427,True,True,good
340,100.69366684787514,100.96927324793174,98.83314137548929,102.63414439575746,100.0,0.0,99.95958051545242,100.96927324793174,27.3333882285793,True,True,ok
341,100.78481763465507,101.01471053644308,100.25024820280488,101.26287697253018,100.0,0.0,100.00456343107865,101.01471053644308,22.784295218523837,True,True,ok
342,100.6914246984561,101.01471053644308,100.25024820280488,101.26287697253018,100.0,0.0,100.00456343107865,101.01471053644308,32.055159297251215,True,True,ok
343,100.81343153493322,101.01471053644308,100.25024820280488,101.26287697253018,100.0,0.0,100.00456343107865,101.01471053644308,19.945589963080643,True,True,ok
344,100.88266312703445,101.0069182233475,99.22671026937417,102.30741826134587,100.0,0.0,99.99684904111402,101.0069182233475,12.309214885769135,True,True,ok
345,100.8379058018919,101.08142853887406,100.83790580189189,101.85647050696151,100.0,0.0,100.07061425348532,101.08142853887406,24.120806048400453,True,True,ok
346,100.66952865873661,100.94564186481308,100.66952865873662,101.68639258458245,100.0,0.0,99.93618544616496,100.94564186481308,27.39013914287903,True,False,ok
347,100.57855144774581,100.82144784603462,100.57855144774581,101.59449641186445,100.0,0.0,99.81323336757427,100.82144784603462,24.120806048409356,True,True,ok
348,100.56585163598817,100.81082476221036,100.56585163598818,101.58166831917998,93.52221143677671,0.0,99.86801963535764,100.81082476221036,24.329853034150602,True,False,ok
349,100.63788622578282,100.81082476221036,100.56585163598818,101.58166831917998,93.52221143677671,0.0,99.86801963535764,100.81082476221036,17.16948974886578,True,True,ok
350,100.4953131737545,100.81082476221036,100.56585163598818,101.58166831917998,93.52221143677671,0.0,99.86801963535764,100.81082476221036,31.346470608652094,True,False,ok
351,100.57533666056004,100.81082476221036,100.56585163598818,101.58166831917998,93.52221143677671,0.0,99.86801963535764,100.81082476221036,23.386731969864,True,True,ok
352,100.62975901385911,100.81082476221036,100.56585163598818,101.58166831917998,93.52221143677671,0.0,99.86801963535764,100.81082476221036,17.97709217482385,True,True,ok
353,100.84205552224287,100.81082476221036,100.56585163598818,101.58166831917998,93.52221143677671,0.0,99.86801963535764,100.81082476221036,3.097477232971273,False,True,good
354,100.97019307184227,100.81082476221036,100.56585163598818,101.58166831917998,93.52221143677671,0.0,99.86801963535764,100.81082476221036,15.79616799245415,False,True,bad
355,101.04417915015478,100.81082476221036,100.56585163598818,101.58166831917998,93.52221143677671,0.0,99.86801963535764,100.81082476221036,23.1210014492723,False,True,bad
356,101.14612020626116,100.81082476221036,100.56585163598818,101.58166831917998,93.52221143677671,0.0,99.86801963535764,100.81082476221036,33.20467658786441,False,True,bad
357,101.25810710357855,100.81082476221036,100.56585163598818,101.58166831917998,93.52221143677671,0.0,99.86801963535764,100.81082476221036,44.27034554478776,False,True,bad
358,101.2951471830346,100.81082476221036,100.56585163598818,101.58166831917998,93.52221143677671,0.0,99.86801963535764,100.81082476221036,47.92766322150152,False,True,bad
359,101.34791018405711,100.81866466908922,97.57040193910446,104.70026547086067,100.0,0.0,99.81047802239833,100.81866466908922,52.357490289585904,False,True,bad
360,101.27983764799365,100.81866466908922,97.57040193910446,104.70026547086067,100.0,0.0,99.81047802239833,100.81866466908922,45.63851528712802,False,True,bad
361,101.44234733749418,100.81866466908922,97.57040193910446,104.70026547086067,100.0,0.0,99.81047802239833,100.81866466908922,61.671267136461104,False,True,bad
362,101.5830572346097,100.82823729027223,96.00249965001098,106.41021871685867,100.0,0.0,99.8199549173695,100.82823729027223,74.58313480989678,False,True,bad
363,101.54158889674797,100.96949568027941,100.63105575139663,101.6475310620168,100.0,0.0,99.95980072347662,100.96949568027941,56.50009129670135,False,True,bad
364,101.55045814445347,100.96949568027941,100.63105575139663,101.6475310620168,100.0,0.0,99.95980072347662,100.96949568027941,57.37351276645927,False,True,bad
365,101.47924696034352,100.96949568027941,100.63105575139663,101.6475310620168,100.0,0.0,99.95980072347662,100.96949568027941,50.3586587584385,False,True,bad
366,101.5052381428791,100.97715018692719,98.93577777993626,103.38927529377557,100.0,0.0,99.96737868505792,100.97715018692719,52.161489961476484,False,True,bad
367,101.55712045823832,101.11861720099246,101.55712045823832,102.58294995781648,100.0,0.0,100.10743102898253,101.11861720099246,43.27147852317659,False,True,bad
368,101.5936754953425,101.11861720099246,101.55712045823832,102.58294995781648,100.0,0.0,100.10743102898253,101.11861720099246,46.87028672150254,False,True,bad
369,101.59198549154502,101.26028240757981,101.47187885549062,102.4968473287784,100.0,0.0,100.24767958350401,101.26028240757981,32.70393602634974,False,True,bad
370,101.50937397750853,101.28189148094641,99.95666831374612,104.05056361592663,100.0,0.0,100.26907256613694,101.28189148094641,22.43514694427979,False,True,bad
371,101.33711391595804,101.43052599370392,101.33711391595804,102.36072112723035,100.0,0.0,100.41622073376688,101.43052599370392,9.213707315014855,True,True,good
372,101.26882261674662,101.43052599370392,101.33711391595804,102.36072112723035,100.0,0.0,100.41622073376688,101.43052599370392,15.955000582761757,True,False,ok
373,101.17067015679872,101.44301427167112,99.24180144989998,104.5218839827923,100.0,0.0,100.42858412895441,101.44301427167112,26.883108084252285,True,True,ok
374,101.23101467328136,101.4754867650476,101.23101467328138,102.25355017503169,100.0,0.0,100.46073189739712,101.4754867650476,24.120806048397114,True,False,ok
375,101.18780200659998,101.43216974012144,101.18780200659998,102.20990101676766,100.0,0.0,100.41784804272022,101.43216974012144,24.120806048402677,True,True,ok
376,101.22305688848581,101.43216974012144,101.18780200659998,102.20990101676766,100.0,0.0,100.41784804272022,101.43216974012144,20.63730892430608,True,True,ok
377,101.302569064968,101.29026405963953,101.03616438425412,102.05673170126678,100.0,0.0,100.27736141904313,101.29026405963953,1.2147522845529024,False,True,good
378,101.26381713946078,101.14855690810761,100.87048354812242,101.88937732133579,100.0,0.0,100.13707133902653,101.14855690810761,11.388655891555453,False,True,good
379,101.37480793639126,101.14855690810761,100.87048354812242,101.88937732133579,100.0,0.0,100.13707133902653,101.14855690810761,22.34321186411216,False,True,bad
380,101.39053960688615,101.14855690810761,100.87048354812242,101.88937732133579,100.0,0.0,100.13707133902653,101.14855690810761,23.894923802770087,False,True,bad
381,101.46282658975863,101.14855690810761,100.87048354812242,101.88937732133579,100.0,0.0,100.13707133902653,101.14855690810761,31.02194242588909,False,True,bad
382,101.53223535739465,101.14855690810761,100.87048354812242,101.88937732133579,100.0,0.0,100.13707133902653,101.14855690810761,37.860411270908536,False,True,bad
383,101.48663848887014,101.14855690810761,100.87048354812242,101.88937732133579,100.0,0.0,100.13707133902653,101.14855690810761,33.36852650893282,False,True,bad
384,101.51067691241947,101.14855690810761,100.87048354812242,101.88937732133579,100.0,0.0,100.13707133902653,101.14855690810761,35.73687543159432,False,True,bad
385,101.55499448971001,101.07995859681716,100.83643940118093,101.85498929412215,100.0,0.0,100.06915901084899,101.07995859681716,46.88596472429542,False,True,bad
386,101.45687583820889,100.9404249326987,100.66658559128985,101.68341978918166,100.0,0.0,99.93102068337171,100.9404249326987,51.033489519924075,False,True,bad
387,101.57880858955515,100.9404249326987,100.66658559128985,101.68341978918166,100.0,0.0,99.93102068337171,100.9404249326987,63.04445856200302,False,True,bad
388,101.73732128421148,100.94922457150106,98.60331331481596,103.81114322945017,100.0,0.0,99.93973232578605,100.94922457150106,77.76546598463223,False,True,bad
389,101.66487009418775,100.95595233818919,97.20385133641639,105.30573162164262,100.0,0.0,99.9463928148073,100.95595233818919,69.97510326674623,False,True,bad
390,101.8881875553925,100.96247870027379,95.80716985586518,106.84088358754572,100.0,0.0,99.95285391327106,100.96247870027379,91.27061778111923,False,True,bad
391,101.98785561248526,100.97240292546375,94.90989843297875,108.10712694923436,100.0,0.0,99.96267889620911,100.97240292546375,100.06502429948883,False,True,bad
392,102.07399411362766,100.9845879779919,94.99005892214188,108.19843376044533,100.0,0.0,99.97474209821198,100.9845879779919,107.30071851594701,False,True,bad
393,102.25119671919943,101.00709215312546,95.39317101518724,108.3862685223514,100.0,0.0,99.9970212315942,101.00709215312546,122.41764995799804,False,True,bad
394,102.23767650786455,101.00709215312546,95.39317101518724,108.3862685223514,100.0,0.0,99.9970212315942,101.00709215312546,121.09530795070647,False,True,bad
395,102.19704143978713,101.00709215312546,95.39317101518724,108.3862685223514,100.0,0.0,99.9970212315942,101.00709215312546,117.11994906641368,False,True,bad
396,102.20958354530747,101.00709215312546,95.39317101518724,108.3862685223514,100.0,0.0,99.9970212315942,101.00709215312546,118.34712118346188,False,True,bad
397,102.37785686457752,101.00709215312546,95.39317101518724,108.3862685223514,100.0,0.0,99.9970212315942,101.00709215312546,134.7971395109793,False,True,bad
398,102.20370004739607,101.00709215312546,95.39317101518724,108.3862685223514,100.0,0.0,99.9970212315942,101.00709215312546,117.77147386645629,False,True,bad
399,102.2193585262966,101.00709215312546,95.39317101518724,108.3862685223514,100.0,0.0,99.9970212315942,101.00709215312546,119.30344183918983,False,True,bad
400,102.19885143175809,101.03548029365125,95.5319225388301,108.81564355379318,100.0,0.0,100.02512549071473,101.03548029365125,114.48694080130814,False,True,bad
401,102.16169376722355,101.03548029365125,95.5319225388301,108.81564355379318,100.0,0.0,100.02512549071473,101.03548029365125,110.85045951204374,False,True,bad
402,102.06488405347912,101.0718805328301,95.81136592771784,109.13394356692557,100.0,0.0,100.0611617275018,101.0718805328301,97.76777063237135,False,True,bad
403,102.00108828620067,101.0718805328301,95.81136592771784,109.13394356692557,100.0,0.0,100.0611617275018,101.0718805328301,91.51530544914351,False,True,bad
404,102.06811780730358,101.10501925414448,95.62586896965065,107.8716597110204,100.0,0.0,100.09396906160303,101.10501925414448,94.80640806071075,False,True,bad
405,102.13608597893192,101.115083485897,95.04784161199403,108.26425113766784,100.0,0.0,100.10393265103804,101.115083485897,100.46791699878555,False,True,bad
406,102.19072162947931,101.1264691682508,95.09868554839346,108.3221649272481,100.0,0.0,100.11520447656828,101.1264691682508,104.68983731024987,False,True,bad
407,102.22511889390151,101.14123006073689,95.13069564266475,108.24432329613528,100.0,0.0,100.12981776012951,101.14123006073689,106.59571772045243,False,True,bad
408,101.99712842576369,101.14123006073689,95.13069564266475,108.24432329613528,100.0,0.0,100.12981776012951,101.14123006073689,84.26802660491256,False,True,bad
409,101.87340299317404,101.14123006073689,95.13069564266475,108.24432329613528,100.0,0.0,100.12981776012951,101.14123006073689,72.13037758637685,False,True,bad
410,101.81745840412619,101.14123006073689,95.13069564266475,108.24432329613528,100.0,0.0,100.12981776012951,101.14123006073689,66.63728967160174,False,True,bad
411,101.91024090474355,101.14123006073689,95.13069564266475,108.24432329613528,100.0,0.0,100.12981776012951,101.14123006073689,75.74577195916677,False,True,bad
412,101.84968419466502,101.15144096414507,95.08636589499444,108.30813222511726,100.0,0.0,100.13992655450362,101.15144096414507,68.7923265056675,False,True,bad
413,101.65203250242827,101.15144096414507,95.08636589499444,108.30813222511726,100.0,0.0,100.13992655450362,101.15144096414507,49.367256526388736,False,True,bad
414,101.59269322958076,101.11874927687336,93.760772219581,106.79821464942603,0.0,71.16704037094354,101.11874927687336,101.83838148807801,46.76053906294344,True,True,bad
415,101.5724710112695,101.2600144135296,100.84960979676595,101.57247101126949,0.0,74.16704037094354,101.2600144135296,102.01102997122665,30.809349325163723,True,False,ok
416,101.44840692247345,101.2600144135296,100.84960979676595,101.57247101126949,0.0,74.16704037094354,101.2600144135296,102.01102997122665,18.587541843897334,True,True,ok
417,101.38192292598356,101.2600144135296,100.84960979676595,101.57247101126949,0.0,74.16704037094354,101.2600144135296,102.01102997122665,12.03191489001974,True,True,ok
418,101.19176089001964,101.2600144135296,100.84960979676595,101.57247101126949,0.0,74.16704037094354,101.2600144135296,102.01102997122665,6.7426947472817815,False,True,good
419,101.05624010043184,101.40187771484847,101.00217535489794,101.75687598783907,0.0,74.16704037094354,101.40187771484847,102.15394543066512,34.144143385285346,False,True,bad
420,101.05284515254482,101.54393976388012,101.19454784061655,101.95068590434786,0.0,74.16704037094354,101.54393976388012,102.29706111186934,48.480095416644176,False,False,bad
421,101.09264747527212,101.40187771484847,101.09264747527212,101.84802412698481,0.0,74.16704037094354,101.40187771484847,102.15394543066512,30.542107710437552,False,True,bad
422,101.17659661635942,101.40187771484847,101.09264747527212,101.84802412698481,0.0,74.16704037094354,101.40187771484847,102.15394543066512,22.24137506227449,False,True,bad
423,101.22170650629313,101.40187771484847,101.09264747527212,101.84802412698481,0.0,74.16704037094354,101.40187771484847,102.15394543066512,17.783838612149086,False,True,bad
424,101.2861339695189,101.2600144135296,101.02034285830356,101.77517924105672,0.0,74.16704037094354,101.2600144135296,102.01102997122665,2.579121483434932,True,True,good
425,101.29752990776439,101.2600144135296,101.02034285830356,101.77517924105672,0.0,74.16704037094354,101.2600144135296,102.01102997122665,3.7041814255252383,True,True,good
426,101.15934860778107,101.2600144135296,101.02034285830356,101.77517924105672,0.0,74.16704037094354,101.2600144135296,102.01102997122665,9.94626329664268,False,True,good
427,101.18266649268911,101.2600144135296,101.02034285830356,101.77517924105672,0.0,74.16704037094354,101.2600144135296,102.01102997122665,7.6414641673391515,False,True,good
428,101.10570610472992,101.2600144135296,101.02034285830356,101.77517924105672,0.0,74.16704037094354,101.2600144135296,102.01102997122665,15.250442447614873,False,True,bad
429,101.03745419257183,101.13029180684914,100.9497694228412,101.7040784722352,0.0,74.16704037094354,101.13029180684914,101.88034525036552,9.184216833804971,False,True,good
430,101.08496592133602,101.13029180684914,100.9497694228412,101.7040784722352,0.0,74.16704037094354,101.13029180684914,101.88034525036552,4.482934352374955,False,True,good
431,101.33427940017495,101.13029180684914,100.9497694228412,101.7040784722352,0.0,74.16704037094354,101.13029180684914,101.88034525036552,20.150455077888445,True,True,ok
432,101.49854712052426,100.99005068002789,100.76842810467937,101.52138214951911,0.0,74.16704037094354,100.99005068002789,101.73906399661281,50.22480425409412,True,True,bad
433,101.5532313802643,100.99005068002789,100.76842810467937,101.52138214951911,0.0,74.16704037094354,100.99005068002789,101.73906399661281,55.611042332465296,True,False,bad
434,101.43925068513555,100.99005068002789,100.76842810467937,101.52138214951911,0.0,74.16704037094354,100.99005068002789,101.73906399661281,44.38100012126581,True,True,bad
435,101.51813143975555,100.99005068002789,100.76842810467937,101.52138214951911,0.0,74.16704037094354,100.99005068002789,101.73906399661281,52.154135324912964,True,True,bad
436,101.46595694709781,100.84876353315556,100.6433801869826,101.3953998584556,0.0,74.16704037094354,100.84876353315556,101.59672896478789,61.01338816375283,True,False,bad
437,101.47875287771359,100.85385717290399,99.47530954548377,102.58601680952468,0.0,74.16704037094354,100.85385717290399,101.60186038255479,61.76935013444564,True,True,bad
438,101.55071945022854,100.86007638042543,98.37472412635059,103.73371684436799,0.0,74.16704037094354,100.86007638042543,101.60812571609776,68.24198751054612,True,True,bad
439,101.62116709906604,100.86483117053551,97.39842530691148,104.77351913041173,0.0,74.16704037094354,100.86483117053551,101.61291577107885,74.7053576557458,False,True,bad
440,101.68541368421985,100.87063662937736,96.48923740587479,105.76076722671192,0.0,74.16704037094354,100.87063662937736,101.61876428729073,80.44997402696374,False,True,bad
441,101.59438698305662,100.8750750788319,95.6750614482142,106.66077055711307,0.0,74.16704037094354,100.8750750788319,101.62323565541126,71.05416522754028,True,True,bad
442,101.55907244422005,100.8864580990628,95.33971085890892,107.53772861453093,88.11954916030203,0.0,99.99745117865591,100.8864580990628,66.44916469987224,False,True,bad
443,101.45245237628455,101.0274261944386,100.55845793982404,101.45245237628455,100.0,0.0,100.01715193249422,101.0274261944386,41.98212771588452,False,True,bad
444,101.49731314538566,101.0274261944386,100.55845793982404,101.45245237628455,100.0,0.0,100.01715193249422,101.0274261944386,46.40300198656134,False,False,bad
445,101.34514727119318,101.02673731463567,99.37192365934358,102.66382887127861,100.0,0.0,100.0164699414893,101.02673731463567,31.467831606835393,False,True,bad
446,101.2075631787765,101.02673731463567,99.37192365934358,102.66382887127861,100.0,0.0,100.0164699414893,101.02673731463567,17.882813339675355,False,True,bad
447,101.29544792035617,101.02673731463567,99.37192365934358,102.66382887127861,100.0,0.0,100.0164699414893,101.02673731463567,26.562659295577586,False,True,bad
448,101.21111757140332,101.10295925667806,100.85938464845306,101.87816631156875,100.0,0.0,100.09192966411128,101.10295925667806,10.692120560763517,False,True,good
449,101.16466182051171,101.10295925667806,100.85938464845306,101.87816631156875,100.0,0.0,100.09192966411128,101.10295925667806,6.101081865600918,False,True,good
450,100.91513838804468,101.10295925667806,100.85938464845306,101.87816631156875,100.0,0.0,100.09192966411128,101.10295925667806,18.594465044436316,True,True,ok
451,100.9599670881122,101.11088529317658,99.21292530090413,103.56885589385948,100.0,0.0,100.09977644024481,101.11088529317658,14.937160045248056,True,True,ok
452,101.03459952370717,101.2548647820661,101.03459952370716,102.05515103404764,100.0,0.0,100.24231613424543,101.2548647820661,21.777243433333883,True,True,ok
453,100.84974318276117,101.11320715484766,100.84974318276117,101.86842745733452,100.0,0.0,100.10207508329918,101.11320715484766,26.090341926307985,True,True,ok
454,100.91595394895411,101.11320715484766,100.84974318276117,101.86842745733452,100.0,0.0,100.10207508329918,101.11320715484766,19.527207606563955,True,True,ok
455,101.11890651632672,101.11320715484766,100.84974318276117,101.86842745733452,100.0,0.0,100.10207508329918,101.11320715484766,0.5636455434408576,False,True,good
456,101.05622610533418,101.11320715484766,100.84974318276117,101.86842745733452,100.0,0.0,100.10207508329918,101.11320715484766,5.6369600590384215,True,True,good
457,101.27606904019501,101.11320715484766,100.84974318276117,101.86842745733452,100.0,0.0,100.10207508329918,101.11320715484766,16.093927856472785,False,True,bad
458,101.32913915460477,101.11320715484766,100.84974318276117,101.86842745733452,100.0,0.0,100.10207508329918,101.11320715484766,21.332698971625216,False,True,bad
459,101.54714105586575,100.97174770954761,100.56446763294242,101.58027033630547,100.0,0.0,99.96203023245214,100.97174770954761,56.82382498612656,False,True,bad
460,101.47695843030095,100.97174770954761,100.56446763294242,101.58027033630547,100.0,0.0,99.96203023245214,100.97174770954761,49.910101094428704,False,True,bad
461,101.49299163425125,100.97472664226915,99.05285640803753,103.13045154699869,100.0,0.0,99.96497937584645,100.97472664226915,51.1949389598135,False,True,bad
462,101.53500472205964,101.11619026099571,100.51965467483905,101.53500472205964,100.0,0.0,100.10502835838575,101.11619026099571,41.33358871867053,False,True,bad
463,101.58355398222017,101.25492532800821,100.56771844239799,101.5835539822202,100.0,0.0,100.24237607472813,101.25492532800821,32.40301769835202,False,True,bad
464,101.6120326392673,101.39678149961772,101.6120326392673,102.6384168073407,100.0,0.0,100.38281368462154,101.39678149961772,21.206096023733597,False,True,bad
465,101.69269628918595,101.39678149961772,101.6120326392673,102.6384168073407,100.0,0.0,100.38281368462154,101.39678149961772,29.14134225007456,False,True,bad
466,101.69721914280827,101.39678149961772,101.6120326392673,102.6384168073407,100.0,0.0,100.38281368462154,101.39678149961772,29.58608933730979,False,True,bad
467,101.58512850166196,101.54328875654386,101.58512850166194,102.61124091076964,100.0,0.0,100.52785586897842,101.54328875654386,4.119536426714995,False,True,good
468,101.7291930286007,101.484109714332,100.7119010983147,101.7291930286007,100.0,0.0,100.46926861718869,101.484109714332,24.120806048410437,False,True,bad
469,101.7657022256013,101.520530954329,100.74804520334526,101.76570222560127,100.0,0.0,100.50532564478571,101.520530954329,24.120806048406003,False,False,bad
470,101.68264535605854,101.66212803571544,101.07469414752251,102.09565065406314,100.0,0.0,100.64550675535828,101.66212803571544,2.017983552811043,False,True,good
471,101.64690510818588,101.66212803571544,101.07469414752251,102.09565065406314,100.0,0.0,100.64550675535828,101.66212803571544,1.4975161036978708,True,True,good
472,101.60118505161252,101.65978001164488,99.58629987909478,103.62154911047125,100.0,0.0,100.64318221152844,101.65978001164488,5.765490844467047,True,True,good
473,101.55689257592448,101.80220337675428,101.37345406699775,102.39742835050278,100.0,0.0,100.78418134298673,101.80220337675428,24.125886149153786,True,True,ok
474,101.4304550920778,101.80220337675428,101.37345406699775,102.39742835050278,100.0,0.0,100.78418134298673,101.80220337675428,36.58355916682214,True,True,bad
475,101.38748029596287,101.80220337675428,101.37345406699775,102.39742835050278,100.0,0.0,100.78418134298673,101.80220337675428,40.82133002035665,True,True,bad
476,101.45131880084425,101.65978001164488,101.30142610582583,102.3246728341675,100.0,0.0,100.64318221152844,101.65978001164488,20.52682351830551,True,True,ok
477,101.39003933712192,101.65978001164488,101.30142610582583,102.3246728341675,100.0,0.0,100.64318221152844,101.65978001164488,26.568931118958066,True,True,ok
478,101.39093320135734,101.65978001164488,101.30142610582583,102.3246728341675,100.0,0.0,100.64318221152844,101.65978001164488,26.48077055593894,True,True,ok
479,101.41688464721436,101.65978001164488,101.30142610582583,102.3246728341675,100.0,0.0,100.64318221152844,101.65978001164488,23.92155501149358,True,True,ok
480,101.58551239311525,101.65978001164488,101.30142610582583,102.3246728341675,100.0,0.0,100.64318221152844,101.65978001164488,7.308176337705175,True,True,good
481,101.60463814687535,101.66433622776925,98.87117360647696,104.83981231142359,100.0,0.0,100.64769286549156,101.66433622776925,5.873801724435488,True,True,good
482,101.51047905418099,101.80676597604841,101.03428486317873,102.05483319513003,100.0,0.0,100.78869831628792,101.80676597604841,29.145302608946334,True,True,ok
483,101.40925351940864,101.79885136534575,100.0021775273747,103.10812567934735,100.0,0.0,100.78086285169229,101.79885136534575,38.34476223470151,True,True,bad
484,101.39692105641969,101.791174780847,99.01252953096387,104.13870989404849,100.0,0.0,100.77326303303853,101.791174780847,38.80682257304495,True,True,bad
485,101.30942999647337,101.791174780847,99.01252953096387,104.13870989404849,100.0,0.0,100.77326303303853,101.791174780847,47.43911898850649,True,True,bad
486,101.22123140149472,101.791174780847,99.01252953096387,104.13870989404849,100.0,0.0,100.77326303303853,101.791174780847,56.1487731164632,True,True,bad
487,101.07756937910219,101.78372904698044,97.3890635637923,105.87469179172223,100.0,0.0,100.76589175651064,101.78372904698044,69.62023073277734,True,True,bad
488,101.19766637642388,101.78372904698044,97.3890635637923,105.87469179172223,100.0,0.0,100.76589175651064,101.78372904698044,57.745617314564406,True,True,bad
489,101.1527202204988,101.77650720550102,96.14689783980954,107.2425353325511,0.0,80.34165704976334,101.77650720550102,102.59419652926373,61.47847282874986,False,True,bad
490,101.13634610677623,101.76483220829712,95.27805959158617,108.0104627655973,0.0,100.0,101.76483220829712,102.7824805303801,61.95016872294568,False,True,bad
491,101.0712694011319,101.74329368758558,94.68082670844711,107.84620278417574,0.0,100.0,101.74329368758558,102.76072662446144,66.27006815196741,False,True,bad
492,101.05766490403906,101.74329368758558,94.68082670844711,107.84620278417574,0.0,100.0,101.74329368758558,102.76072662446144,67.61618885063498,False,True,bad
493,101.02459706740312,101.74329368758558,94.68082670844711,107.84620278417574,0.0,100.0,101.74329368758558,102.76072662446144,70.8888993407574,False,True,bad
494,100.91631879841975,101.74329368758558,94.68082670844711,107.84620278417574,0.0,100.0,101.74329368758558,102.76072662446144,81.61265771292311,False,True,bad
495,101.01838537729704,101.74329368758558,94.68082670844711,107.84620278417574,0.0,100.0,101.74329368758558,102.76072662446144,71.50378732477782,False,True,bad
496,100.97784906606472,101.74329368758558,94.68082670844711,107.84620278417574,0.0,100.0,101.74329368758558,102.76072662446144,75.51735835873033,False,True,bad
497,100.86756673364758,101.71441867403539,94.43333714534027,107.56429977870266,0.0,100.0,101.71441867403539,102.73156286077574,83.60633563779416,False,True,bad
498,100.81326110914799,101.6701567298875,94.36537518459521,105.84630667347015,0.0,100.0,101.6701567298875,102.68685829718638,84.63910234098002,False,True,bad
499,100.77779110687653,101.62245139658218,93.78381240405929,106.82445857328914,0.0,100.0,101.62245139658218,102.638675910548,83.46484003897744,False,True,bad
500,100.93146174520913,101.58084181992255,93.92681830009161,106.98734944992168,0.0,100.0,101.58084181992255,102.59665023812178,64.13262690974294,False,True,bad
501,100.75464906047691,101.58084181992255,93.92681830009161,106.98734944992168,0.0,100.0,101.58084181992255,102.59665023812178,81.66608316240003,False,True,bad
502,100.79124188502068,101.58084181992255,93.92681830009161,106.98734944992168,0.0,100.0,101.58084181992255,102.59665023812178,78.03486798116337,False,True,bad
503,100.81914199302514,101.58084181992255,93.92681830009161,106.98734944992168,0.0,100.0,101.58084181992255,102.59665023812178,75.26714266405382,False,True,bad
504,100.9035215282927,101.58084181992255,93.92681830009161,106.98734944992168,0.0,100.0,101.58084181992255,102.59665023812178,66.90124676362088,False,True,bad
505,100.84661361366456,101.58084181992255,93.92681830009161,106.98734944992168,0.0,100.0,101.58084181992255,102.59665023812178,72.5426720937582,False,True,bad
506,100.80389006773261,101.58084181992255,93.92681830009161,106.98734944992168,0.0,100.0,101.58084181992255,102.59665023812178,76.78005764859127,False,True,bad
507,100.78591296549851,101.43126610342969,100.00640063313982,101.01656629610083,0.0,100.0,101.43126610342969,102.44557876446399,63.827942994597244,False,True,bad
508,100.70892976474227,101.43126610342969,100.00640063313982,101.01656629610083,0.0,100.0,101.43126610342969,102.44557876446399,71.4691514204679,False,True,bad
509,100.62776370013825,101.43126610342969,100.00640063313982,101.01656629610083,0.0,100.0,101.43126610342969,102.44557876446399,79.53187139507367,False,True,bad
510,100.68914314945431,101.43126610342969,100.00640063313982,101.01656629610083,0.0,100.0,101.43126610342969,102.44557876446399,73.4340774066318,False,True,bad
511,100.56948124782268,101.43126610342969,100.00640063313982,101.01656629610083,0.0,100.0,101.43126610342969,102.44557876446399,85.32543521458526,False,True,bad
512,100.55045075811246,101.43126610342969,100.00640063313982,101.01656629610083,0.0,100.0,101.43126610342969,102.44557876446399,87.21788710408283,False,True,bad
513,100.50713522188728,101.43126610342969,100.00640063313982,101.01656629610083,0.0,100.0,101.43126610342969,102.44557876446399,91.52665632402521,False,True,bad
514,100.59537507488446,101.43126610342969,100.00640063313982,101.01656629610083,0.0,100.0,101.43126610342969,102.44557876446399,82.75104645920108,False,True,bad
515,100.63238550511343,101.42219471668722,96.8179800354032,105.63265246609049,100.0,0.0,100.40797276952034,101.42219471668722,78.1782064384456,True,True,bad
516,100.60384482506947,101.41339624669362,95.21455526336598,107.41151927097799,100.0,0.0,100.39926228422668,101.41339624669362,80.14719445082609,True,True,bad
517,100.54454206063,101.27151683071307,100.54454206063,101.56014349558585,100.0,0.0,100.25880166240594,101.27151683071307,72.04361421096645,True,True,bad
518,100.55970955882434,101.26489634020609,99.01522914841935,103.12876319327853,100.0,0.0,100.25224737680404,101.26489634020609,69.88143472442447,True,True,bad
519,100.37081467216235,101.26489634020609,99.01522914841935,103.12876319327853,100.0,0.0,100.25224737680404,101.26489634020609,88.683450299978,True,True,bad
520,100.47081109444444,101.26489634020609,99.01522914841935,103.12876319327853,100.0,0.0,100.25224737680404,101.26489634020609,78.72571069663093,True,True,bad
521,100.40138222630539,101.26489634020609,99.01522914841935,103.12876319327853,100.0,0.0,100.25224737680404,101.26489634020609,85.63845155498987,True,True,bad
522,100.37611791125106,101.25516628857012,96.1755373860801,106.17375682949371,100.0,0.0,100.24261462568442,101.25516628857012,87.1942020484777,True,True,bad
523,100.40187702916349,101.24611101126027,94.94457830619316,107.37776743663255,100.0,0.0,100.23364990114766,101.24611101126027,83.73392891177426,True,True,bad
524,100.30784037459061,101.19777418238235,93.84951472240007,106.4976512662981,0.0,100.0,101.19777418238235,102.20975192420617,88.32901215228729,False,True,bad
525,100.37169379124987,101.05619642608079,99.55138375379127,100.55695328665784,0.0,100.0,101.05619642608079,102.06675839034159,67.96529209687033,False,True,bad
526,100.33893025549713,100.90894763179298,99.68163963528686,100.68852488412814,0.0,100.0,100.90894763179298,101.91803710811091,56.64843839569716,False,True,bad
527,100.3898015177715,100.76777394974427,99.70749966065824,100.71464612187701,0.0,100.0,100.76777394974427,101.7754516892417,37.57978051955779,False,True,bad
528,100.25305286507268,100.76777394974427,99.70749966065824,100.71464612187701,0.0,100.0,100.76777394974427,101.7754516892417,51.210833994484155,False,True,bad
529,100.2109860164367,100.76777394974427,99.70749966065824,100.71464612187701,0.0,100.0,100.76777394974427,101.7754516892417,55.407781186425844,False,True,bad
530,100.0154327507636,100.74664880914384,97.28824513324301,103.21910453073896,0.0,100.0,100.74664880914384,101.75411529723527,72.84436244862827,False,True,bad
531,99.9960773962218,100.74664880914384,97.28824513324301,103.21910453073896,0.0,100.0,100.74664880914384,101.75411529723527,74.77978652377121,False,True,bad
532,99.85563160739649,100.74664880914384,97.28824513324301,103.21910453073896,0.0,100.0,100.74664880914384,101.75411529723527,88.8347888698212,False,True,bad
533,99.88229997733706,100.7253579274213,94.76818459637921,105.60375311747879,0.0,100.0,100.7253579274213,101.73261150669552,84.05092029649727,False,True,bad
534,99.98789374919261,100.68486051749076,93.19256144242783,105.98716737414416,0.0,100.0,100.68486051749076,101.69170912266567,69.46329842504684,False,True,bad
535,100.04585018814306,100.53596354886754,99.04539168626164,100.04585018814306,0.0,100.0,100.53596354886754,101.54132318435622,48.86926955164689,False,True,bad
536,99.95378498395824,100.39531167918105,98.95424713411867,99.95378498395826,0.0,100.0,100.39531167918105,101.39926479597285,44.07580741442803,False,True,bad
537,99.88084941730257,100.3122967701699,99.54900466388388,100.55455016553927,0.0,100.0,100.3122967701699,101.3154197378716,43.10317601438891,False,True,bad
538,99.88505004483798,100.17195781488239,99.54051417267588,100.54597391179382,0.0,100.0,100.17195781488239,101.17367739303121,28.682621000011764,False,True,bad
539,100.01820248442701,100.31229677016991,99.70368358077613,100.71079149573346,0.0,100.0,100.31229677016991,101.31541973787161,29.36093087279573,False,True,bad
540,100.0360702940463,100.31229677016991,99.70368358077613,100.71079149573346,0.0,100.0,100.31229677016991,101.31541973787161,27.57463464241404,False,True,bad
541,100.193785756607,100.31229677016991,99.70368358077613,100.71079149573346,0.0,100.0,100.31229677016991,101.31541973787161,11.82119024720739,False,True,good
542,100.14562919445858,100.31229677016991,99.70368358077613,100.71079149573346,0.0,100.0,100.31229677016991,101.31541973787161,16.62868787194444,False,True,bad
543,100.1936959783551,100.31229677016991,99.70368358077613,100.71079149573346,0.0,100.0,100.31229677016991,101.31541973787161,11.830150712315163,False,True,good
544,100.1918303340588,100.4528323375912,99.79266386012017,100.80067056577795,0.0,100.0,100.4528323375912,101.45736066096711,26.016356206362747,False,True,bad
545,100.26312447899777,100.4528323375912,99.79266386012017,100.80067056577795,0.0,100.0,100.4528323375912,101.45736066096711,18.90312241161063,False,True,bad
546,100.03923922642697,100.4528323375912,99.79266386012017,100.80067056577795,0.0,100.0,100.4528323375912,101.45736066096711,41.257860684794956,False,True,bad
547,100.02376242507167,100.4528323375912,99.79266386012017,100.80067056577795,0.0,100.0,100.4528323375912,101.45736066096711,42.80505344491762,False,True,bad
548,99.89636940328089,100.4528323375912,99.79266386012017,100.80067056577795,0.0,100.0,100.4528323375912,101.45736066096711,55.54944670519761,False,True,bad
549,100.00593691591234,100.4528323375912,99.79266386012017,100.80067056577795,0.0,100.0,100.4528323375912,101.45736066096711,44.58733970193192,False,True,bad
550,100.02648508545548,100.4528323375912,99.79266386012017,100.80067056577795,0.0,100.0,100.4528323375912,101.45736066096711,42.532855792791054,False,True,bad
551,99.98844901960375,100.4528323375912,99.79266386012017,100.80067056577795,0.0,100.0,100.4528323375912,101.45736066096711,46.33617842771517,False,True,bad
552,99.96018438191376,100.4528323375912,99.79266386012017,100.80067056577795,0.0,100.0,100.4528323375912,101.45736066096711,49.163368331183825,False,True,bad
553,99.97532127122385,100.4528323375912,99.79266386012017,100.80067056577795,0.0,100.0,100.4528323375912,101.45736066096711,47.64919111793067,False,True,bad
554,100.12416174478834,100.4528323375912,99.79266386012017,100.80067056577795,0.0,100.0,100.4528323375912,101.45736066096711,32.77254088659889,False,True,bad
555,100.21904182606082,100.44310872005217,94.08317727636707,106.63916635247223,0.0,100.0,100.44310872005217,101.44753980725268,22.332760464266716,False,True,bad
556,100.29803467296408,100.44310872005217,94.08317727636707,106.63916635247223,0.0,100.0,100.44310872005217,101.44753980725268,14.453845374456643,False,True,bad
557,100.30980445009085,100.44310872005217,94.08317727636707,106.63916635247223,0.0,100.0,100.44310872005217,101.44753980725268,13.28043388747463,False,True,bad
558,100.07639182352872,100.4178480529752,93.32705369936788,106.30418753635286,0.0,100.0,100.4178480529752,101.42202653350496,34.06148324097808,False,True,bad
559,100.14939670787251,100.35155389694398,99.59004495509163,100.59600500514306,0.0,100.0,100.35155389694398,101.35506943591342,20.165216869576607,False,True,bad
560,100.08999893007771,100.21116002013302,99.84535515884409,100.8538940998425,0.0,100.0,100.21116002013302,101.21327162033435,12.097893538693087,False,True,bad
561,100.11633170170647,100.21116002013302,99.84535515884409,100.8538940998425,0.0,100.0,100.21116002013302,101.21327162033435,9.46733018962074,False,True,good
562,100.09442420618248,100.21116002013302,99.84535515884409,100.8538940998425,0.0,100.0,100.21116002013302,101.21327162033435,11.655773613859926,False,True,good
563,100.07810278599992,100.07096255722779,99.76577616344487,100.77351127620695,0.0,100.0,100.07096255722779,101.07167218280007,0.7134910935411273,True,True,good
564,100.06295081780611,99.9323893484418,99.60782803662697,100.61396771376462,0.0,100.0,99.9323893484418,100.93171324192622,13.056452995677224,True,True,ok
565,100.07307954460099,99.79258189140913,99.24436401678781,100.24683234018971,0.0,100.0,99.79258189140913,100.79050771032323,28.068637237083777,True,True,ok
566,100.21186604505041,99.79258189140913,99.24436401678781,100.24683234018971,0.0,100.0,99.79258189140913,100.79050771032323,41.92754433114236,True,True,bad
567,100.38193253084088,99.93238934844182,99.37811320553247,100.38193253084088,0.0,100.0,99.93238934844182,100.93171324192623,44.8838538227873,True,True,bad
568,100.32881498910665,99.93238934844182,99.37811320553247,100.38193253084088,0.0,100.0,99.93238934844182,100.93171324192623,39.590909261457014,True,True,bad
569,100.44287513342888,100.07132802089721,99.4384463820946,100.44287513342888,0.0,100.0,100.07132802089721,101.07204130110618,37.05947328655669,True,True,bad
570,100.47936390080791,100.20963722054232,99.47457026179984,100.47936390080793,0.0,100.0,100.20963722054232,101.21173359274775,26.880082233220627,True,True,ok
571,100.42212587416958,100.06944188806486,99.49402328045387,100.49901341459987,0.0,100.0,100.06944188806486,101.07013630694551,35.18196339386851,True,True,bad
572,100.32984336435432,100.06944188806486,99.49402328045387,100.49901341459987,0.0,100.0,100.06944188806486,101.07013630694551,25.988278603095136,True,True,ok
573,100.49560081446086,100.06944188806486,99.49402328045387,100.49901341459987,0.0,100.0,100.06944188806486,101.07013630694551,42.49589679114706,True,True,bad
574,100.45107671232249,100.06944188806486,99.49402328045387,100.49901341459987,0.0,100.0,100.06944188806486,101.07013630694551,38.06446220213042,True,True,bad
575,100.40751127797174,100.06944188806486,99.49402328045387,100.49901341459987,0.0,100.0,100.06944188806486,101.07013630694551,33.726541133401696,True,True,ok
576,100.4484086069722,100.06944188806486,99.49402328045387,100.49901341459987,0.0,100.0,100.06944188806486,101.07013630694551,37.798846255308945,True,True,bad
577,100.44023872514875,100.06944188806486,99.49402328045387,100.49901341459987,0.0,100.0,100.06944188806486,101.07013630694551,36.98547208644153,True,True,bad
578,100.36988738828475,100.06944188806486,99.49402328045387,100.49901341459987,0.0,100.0,100.06944188806486,101.07013630694551,29.978719876895703,True,True,ok
579,100.28285108303692,100.06721550449241,95.89473927653293,104.27111284489182,0.0,100.0,100.06721550449241,101.06788765953733,21.5258887089092,True,True,ok
580,100.11473434033184,100.06721550449241,95.89473927653293,104.27111284489182,0.0,100.0,100.06721550449241,101.06788765953733,4.747564580002915,True,True,good
581,100.10511696850168,100.06721550449241,95.89473927653293,104.27111284489182,0.0,100.0,100.06721550449241,101.06788765953733,3.78688343128812,True,True,good
582,100.04175911610285,100.06095699650258,93.86476019767781,106.23562865964686,0.0,100.0,100.06095699650258,101.0615665664676,1.9188025861512479,False,True,good
583,99.9968897924165,100.06095699650258,93.86476019767781,106.23562865964686,0.0,100.0,100.06095699650258,101.0615665664676,6.404868122352803,False,True,good
584,99.95740071176493,100.06095699650258,93.86476019767781,106.23562865964686,0.0,100.0,100.06095699650258,101.0615665664676,10.354678958157232,False,True,good
585,99.98568639433353,100.06095699650258,93.86476019767781,106.23562865964686,0.0,100.0,100.06095699650258,101.0615665664676,7.525305543283139,False,True,good
586,99.95033023078125,100.20114044181278,99.54394364373864,100.54943802397842,0.0,100.0,100.20114044181278,101.20315184623091,25.0620534006873,False,True,bad
587,100.03212682758857,100.20114044181278,99.54394364373864,100.54943802397842,0.0,100.0,100.20114044181278,101.20315184623091,16.881675724371195,False,True,bad
588,100.14774415316015,100.34152028139032,99.65082030899303,100.65739425150811,0.0,100.0,100.34152028139032,101.34493548420421,19.330330640456676,False,True,bad
589,100.17973778054066,100.34152028139032,99.65082030899303,100.65739425150811,0.0,100.0,100.34152028139032,101.34493548420421,16.136197978906665,False,True,bad
590,100.20755260874981,100.34152028139032,99.65082030899303,100.65739425150811,0.0,100.0,100.34152028139032,101.34493548420421,13.360090938011192,False,True,bad
591,100.18212025749492,100.34152028139032,99.65082030899303,100.65739425150811,0.0,100.0,100.34152028139032,101.34493548420421,15.898380564186136,False,True,bad
592,100.24906239593547,100.34152028139032,99.65082030899303,100.65739425150811,0.0,100.0,100.34152028139032,101.34493548420421,9.21856756867669,False,True,good
593,100.27463979225966,100.34152028139032,99.65082030899303,100.65739425150811,0.0,100.0,100.34152028139032,101.34493548420421,6.667507900039812,False,True,good
594,100.32835226827659,100.34152028139032,99.65082030899303,100.65739425150811,0.0,100.0,100.34152028139032,101.34493548420421,1.3124055908658825,False,True,good
595,100.31302352879196,100.34152028139032,99.65082030899303,100.65739425150811,0.0,100.0,100.34152028139032,101.34493548420421,2.8403795148449884,False,True,good
596,100.28504117279599,100.34152028139032,99.65082030899303,100.65739425150811,0.0,100.0,100.34152028139032,101.34493548420421,5.630272450163265,False,True,good
597,100.20410666792716,100.33293568577852,95.91799739791006,104.5746593907418,0.0,100.0,100.33293568577852,101.33626504263631,12.848402874802956,False,True,bad
598,100.10977552930751,100.19256785622586,99.39380384969684,100.39778166636044,0.0,100.0,100.19256785622586,101.19449353478812,8.26673619828248,False,True,good
599,100.04395075101436,100.19256785622586,99.39380384969684,100.39778166636044,0.0,100.0,100.19256785622586,101.19449353478812,14.844158651469636,False,True,bad
600,100.16381567032069,100.19256785622586,99.39380384969684,100.39778166636044,0.0,100.0,100.19256785622586,101.19449353478812,2.8701043207582497,False,True,good
601,100.09787284202055,100.19256785622586,99.39380384969684,100.39778166636044,0.0,100.0,100.19256785622586,101.19449353478812,9.45577042327993,False,True,good
602,100.23615400489639,100.19256785622586,99.39380384969684,100.39778166636044,0.0,100.0,100.19256785622586,101.19449353478812,4.34929175348383,True,True,good
603,100.05557759909415,100.19256785622586,99.39380384969684,100.39778166636044,0.0,100.0,100.19256785622586,101.19449353478812,13.682052154894166,False,True,bad
604,99.889783832769,100.19256785622586,99.39380384969684,100.39778166636044,0.0,100.0,100.19256785622586,101.19449353478812,30.26596319297661,False,True,bad
605,99.83965515807782,100.19256785622586,99.39380384969684,100.39778166636044,0.0,100.0,100.19256785622586,101.19449353478812,35.28562138628435,False,True,bad
606,99.90671444983408,100.19256785622586,99.39380384969684,100.39778166636044,0.0,100.0,100.19256785622586,101.19449353478812,28.57117702293493,False,True,bad
607,99.70918272126303,100.29787980553556,99.53469740020998,100.54009838405048,0.0,100.0,100.29787980553556,101.30085860359091,58.86779965687216,False,True,bad
608,99.6137704172033,100.1575610198765,99.52494328156237,100.53024573895189,0.0,100.0,100.1575610198765,101.15913663007527,54.441439806677884,False,True,bad
609,99.66555157885018,100.1575610198765,99.52494328156237,100.53024573895189,0.0,100.0,100.1575610198765,101.15913663007527,49.24459727493722,False,True,bad
610,99.6686414009739,100.1575610198765,99.52494328156237,100.53024573895189,0.0,100.0,100.1575610198765,101.15913663007527,48.934583014185485,False,True,bad
611,99.66735811683075,100.1536216321719,97.253259062959,102.87847524753478,0.0,100.0,100.1536216321719,101.15515784849363,48.67001211020252,False,True,bad
612,99.85338580115612,100.0966233980705,99.85338580115614,100.86200585975368,0.0,100.0,100.0966233980705,101.09758963205121,24.32985303415728,False,False,bad
613,99.74772971977387,99.98861969022654,99.74772971977387,100.75528254522614,0.0,100.0,99.98861969022654,100.98850588712881,24.120806048410472,False,True,bad
614,99.76531053435367,99.98861969022654,99.74772971977387,100.75528254522614,0.0,100.0,99.98861969022654,100.98850588712881,22.358433563594094,False,True,bad
615,99.79740497082167,99.98861969022654,99.74772971977387,100.75528254522614,0.0,100.0,99.98861969022654,100.98850588712881,19.141957313162216,False,True,bad
616,99.88755763149273,99.98861969022654,99.74772971977387,100.75528254522614,0.0,100.0,99.98861969022654,100.98850588712881,10.112467498663886,False,True,good
617,99.9285563630804,99.99848607180776,97.51985241891687,103.05707445073153,0.0,100.0,99.99848607180776,100.99847093252583,6.995523039555172,False,True,good
618,99.92176654277714,100.1385819965733,99.92176654277712,100.93107731593649,0.0,100.0,100.1385819965733,101.13996781653903,21.675013590999498,False,True,bad
619,99.82758369772041,100.06866651489183,99.82758369772043,100.83594312901053,0.0,100.0,100.06866651489183,101.06935318004075,24.12080604840157,False,False,bad
620,99.68139083911545,99.92866840331544,99.68139083911542,100.68827357486407,0.0,100.0,99.92866840331544,100.9279550873486,24.7760750767813,False,True,bad
621,99.64292463546333,99.88772095628407,99.64292463546336,100.64941882370036,0.0,98.69848896227936,99.88772095628407,100.87359766871117,24.537227644033887,False,False,bad
622,99.61458391868753,99.85200199179971,99.61458391868754,100.60756538687335,0.0,98.69848896227936,99.85200199179971,100.83752616344462,23.805308959161863,False,False,bad
623,99.71434862524131,99.84281318384457,99.60336199412843,100.5962315995459,0.0,98.69848896227936,99.84281318384457,100.82824666334342,12.874965266533565,False,True,bad
624,99.6193628176056,99.84281318384457,99.60336199412843,100.5962315995459,0.0,98.69848896227936,99.84281318384457,100.82824666334342,22.405296502286504,False,True,bad
625,99.57835020742998,99.7540379039913,99.51685276005934,100.5088600212007,0.0,98.69848896227936,99.7540379039913,100.73859518489229,17.627616236293804,False,True,bad
626,99.65603207227085,99.7540379039913,99.51685276005934,100.5088600212007,0.0,98.69848896227936,99.7540379039913,100.73859518489229,9.82957777641517,False,True,good
627,99.5821300426476,99.7540379039913,99.51685276005934,100.5088600212007,0.0,98.69848896227936,99.7540379039913,100.73859518489229,17.248039403245848,False,True,bad
628,99.54897718859793,99.7540379039913,99.51685276005934,100.5088600212007,0.0,98.69848896227936,99.7540379039913,100.73859518489229,20.577790823498187,False,True,bad
629,99.62969401004698,99.7540379039913,99.51685276005934,100.5088600212007,0.0,98.69848896227936,99.7540379039913,100.73859518489229,12.472824023399305,False,True,bad
630,99.32387286866123,99.61610397875536,99.32387286866121,100.3139564611152,0.0,73.99003795511113,99.61610397875536,100.35316391018821,29.378843298999136,False,True,bad
631,99.32271468392639,99.61610397875536,99.32387286866121,100.3139564611152,0.0,73.99003795511113,99.61610397875536,100.35316391018821,29.495450863127626,False,False,bad
632,99.46228841375539,99.4778727418233,99.17894534822913,99.91824079108315,0.0,81.97059041727013,99.4778727418233,100.29329873803344,1.566735244333996,False,True,good
633,99.47978375860411,99.47997304567456,98.51470088249758,100.59194875422534,0.0,81.97059041727013,99.47997304567456,100.29541625819937,0.01902767408676825,False,True,good
634,99.46180734723916,99.47997304567456,98.51470088249758,100.59194875422534,0.0,81.97059041727013,99.47997304567456,100.29541625819937,1.826232624440112,False,True,good
635,99.29381004537908,99.40081060055083,99.20464790224344,100.02455508590508,0.0,81.97059041727013,99.40081060055083,100.21560491383907,10.77035353723559,False,True,good
636,99.22466516563995,99.40719239205048,98.57063453387492,100.66792017520845,0.0,81.97059041727013,99.40719239205048,100.22203901726044,18.3784494623648,False,True,bad
637,99.24439065906994,99.44233439563173,99.24439065906992,100.06462630891242,0.0,100.0,99.44233439563173,100.43675773958805,19.92521664404411,False,True,bad
638,99.16275404355343,99.4486677757815,98.63996967391758,100.67777694361428,0.0,100.0,99.4486677757815,100.44315445353932,28.791287742971956,False,True,bad
639,99.28481234450881,99.45481153992313,97.9583613820697,101.3783073179631,0.0,100.0,99.45481153992313,100.44935965532235,17.107734587966217,False,True,bad
640,99.15125107099522,99.58543170342595,98.82767042821087,99.82592972546553,0.0,100.0,99.58543170342595,100.58128602046021,43.694130056141375,False,True,bad
641,99.11316484668953,99.58543170342595,98.82767042821087,99.82592972546553,0.0,100.0,99.58543170342595,100.58128602046021,47.536092780302404,False,True,bad
642,99.27465887051753,99.58543170342595,98.82767042821087,99.82592972546553,0.0,100.0,99.58543170342595,100.58128602046021,31.255450503642848,False,True,bad
643,98.96121209601424,99.58543170342595,98.82767042821087,99.82592972546553,0.0,100.0,99.58543170342595,100.58128602046021,62.87909502317166,False,True,bad
644,98.95625983466267,99.58543170342595,98.82767042821087,99.82592972546553,0.0,100.0,99.58543170342595,100.58128602046021,63.37953202898846,False,True,bad
645,99.07366687749187,99.58543170342595,98.82767042821087,99.82592972546553,0.0,100.0,99.58543170342595,100.58128602046021,51.52202558693555,False,True,bad
646,99.1657729255758,99.44610964723643,98.8054270090743,99.80346162532757,0.0,100.0,99.44610964723643,100.44057074370879,28.229620926880834,False,True,bad
647,99.14890019925684,99.44181908138539,97.97412027779488,100.6502902492425,0.0,100.0,99.44181908138539,100.43623727219925,29.499776788518243,False,True,bad
648,99.23791302822005,99.4796513658248,99.23791302822005,100.24031619012126,0.0,100.0,99.4796513658248,100.47444787948304,24.329853034150602,False,True,bad
649,99.42891402627305,99.48938899181717,98.48122044299342,101.01052500415342,0.0,100.0,99.48938899181717,100.48428288173534,6.080382397169713,False,True,good
650,99.30034028885662,99.48938899181717,98.48122044299342,101.01052500415342,0.0,100.0,99.48938899181717,100.48428288173534,19.019972574680214,False,True,bad
651,99.24393550630892,99.48938899181717,98.48122044299342,101.01052500415342,0.0,100.0,99.48938899181717,100.48428288173534,24.70180689997034,False,True,bad
652,99.2151070237745,99.45936628433107,98.70256426079666,99.69955985939058,0.0,100.0,99.45936628433107,100.45395994717438,24.58890460946318,False,True,bad
653,99.17044758432998,99.45936628433107,98.70256426079666,99.69955985939058,0.0,100.0,99.45936628433107,100.45395994717438,29.09119211594324,False,True,bad
654,99.14410306268753,99.45156970965947,97.4971546924209,100.93219894302841,0.0,100.0,99.45156970965947,100.44608540675607,30.964107962617987,False,True,bad
655,99.11439195661355,99.35375242142737,99.11439195661355,100.11554743092277,0.0,100.0,99.35375242142737,100.34728994564165,24.120806048397114,False,True,bad
656,99.07376181677587,99.31302416012666,99.07376181677589,100.0745068856322,0.0,100.0,99.31302416012666,100.30615440172792,24.120806048407132,False,False,bad
657,99.1631713161492,99.31302416012666,99.07376181677589,100.0745068856322,0.0,100.0,99.31302416012666,100.30615440172792,15.100337054770106,False,True,bad
658,99.06244053229682,99.30375142812896,99.06244053229683,100.06307124474428,0.0,98.0,99.30375142812896,100.27692819212463,24.32985303415728,False,False,bad
659,98.88350404275502,99.30375142812896,99.06244053229683,100.06307124474428,0.0,98.0,99.30375142812896,100.27692819212463,42.40918662854713,False,False,bad
660,99.0303536626688,99.31147413217148,98.00654186488053,101.1411264599826,0.0,100.0,99.31147413217148,100.3045888734932,28.34708753823304,False,True,bad
661,98.9892801056064,99.17253534822854,98.58830041610719,99.5841418344517,0.0,100.0,99.17253534822854,100.16426070171082,18.495520384999857,False,True,bad
662,99.00324160795506,99.17253534822854,98.58830041610719,99.5841418344517,0.0,100.0,99.17253534822854,100.16426070171082,17.085214354148643,False,True,bad
663,99.01132495621256,99.17253534822854,98.58830041610719,99.5841418344517,0.0,100.0,99.17253534822854,100.16426070171082,16.26877459395841,False,True,bad
664,99.23959415968257,99.17253534822854,98.58830041610719,99.5841418344517,0.0,100.0,99.17253534822854,100.16426070171082,6.759547833461462,True,True,good
665,99.30179263941235,99.17253534822854,98.58830041610719,99.5841418344517,0.0,100.0,99.17253534822854,100.16426070171082,13.025091030003974,True,True,ok
666,98.99034117256348,99.30994471250851,98.74977294055962,99.74724539450467,0.0,100.0,99.30994471250851,100.3030441596336,32.23432737433704,False,True,bad
667,98.73824344399716,99.30715202317582,98.55150822199055,99.54697800201065,0.0,100.0,99.30715202317582,100.30022354340758,57.45249897971425,False,True,bad
668,98.79750263871992,99.30715202317582,98.55150822199055,99.54697800201065,0.0,100.0,99.30715202317582,100.30022354340758,51.452653617485204,False,True,bad
669,98.85684510325575,99.36666657160893,98.61056991482678,99.60663627760282,0.0,100.0,99.36666657160893,100.36033323732502,51.43916462745523,False,True,bad
670,98.87883798286552,99.36666657160893,98.61056991482678,99.60663627760282,0.0,100.0,99.36666657160893,100.36033323732502,49.214692103607725,False,True,bad
671,99.00693443390722,99.36666657160893,98.61056991482678,99.60663627760282,0.0,100.0,99.36666657160893,100.36033323732502,36.268185907700705,False,True,bad
672,98.93009867523321,99.36666657160893,98.61056991482678,99.60663627760282,0.0,100.0,99.36666657160893,100.36033323732502,44.03184299869029,False,True,bad
673,98.97191549848006,99.36666657160893,98.61056991482678,99.60663627760282,0.0,100.0,99.36666657160893,100.36033323732502,39.805830035275896,False,True,bad
674,98.84758741025998,99.36666657160893,98.61056991482678,99.60663627760282,0.0,100.0,99.36666657160893,100.36033323732502,52.37568313488968,False,True,bad
675,98.84688556274656,99.36666657160893,98.61056991482678,99.60663627760282,0.0,100.0,99.36666657160893,100.36033323732502,52.44668638580072,False,True,bad
676,98.90946179145254,99.36666657160893,98.61056991482678,99.60663627760282,0.0,100.0,99.36666657160893,100.36033323732502,46.11806719033666,False,True,bad
677,98.92883127575688,99.36666657160893,98.61056991482678,99.60663627760282,0.0,100.0,99.36666657160893,100.36033323732502,44.159954424004155,False,True,bad
678,98.90398142775061,99.36666657160893,98.61056991482678,99.60663627760282,0.0,100.0,99.36666657160893,100.36033323732502,46.67216135240699,False,True,bad
679,98.85220154445803,99.36666657160893,98.61056991482678,99.60663627760282,0.0,100.0,99.36666657160893,100.36033323732502,51.90890123054076,False,True,bad
680,98.87487274600848,99.36666657160893,98.61056991482678,99.60663627760282,0.0,100.0,99.36666657160893,100.36033323732502,49.61571991167827,False,True,bad
681,98.8357683565303,99.35887726362584,95.59453352307948,102.74925572247156,0.0,100.0,99.35887726362584,100.3524660362621,52.78751301984198,False,True,bad
682,98.8755812699682,99.21987216173225,98.44658525029848,99.4409952023217,0.0,100.0,99.21987216173225,100.21207088334958,34.76013532490968,False,True,bad
683,98.84922565123037,99.21987216173225,98.44658525029848,99.4409952023217,0.0,100.0,99.21987216173225,100.21207088334958,37.42602427473824,False,True,bad
684,98.77941172547891,99.21987216173225,98.44658525029848,99.4409952023217,0.0,100.0,99.21987216173225,100.21207088334958,44.49118745981316,False,True,bad
685,98.57331783430108,99.21154092615468,96.75193735005574,101.18274299914312,0.0,100.0,99.21154092615468,100.20365633541623,64.5373271799787,False,True,bad
686,98.53473339797955,99.21154092615468,96.75193735005574,101.18274299914312,0.0,100.0,99.21154092615468,100.20365633541623,68.45238154464226,False,True,bad
687,98.62005902629865,99.21154092615468,96.75193735005574,101.18274299914312,0.0,100.0,99.21154092615468,100.20365633541623,59.79668186855106,False,True,bad
688,98.52188551452264,99.21154092615468,96.75193735005574,101.18274299914312,0.0,100.0,99.21154092615468,100.20365633541623,69.75636042604467,False,True,bad
689,98.57041220110492,99.0693405919108,98.15399413432822,99.14544862053356,0.0,100.0,99.0693405919108,100.0600339978299,50.488775017180686,False,True,bad
690,98.57705836348678,99.0693405919108,98.15399413432822,99.14544862053356,0.0,100.0,99.0693405919108,100.0600339978299,49.81454243734017,False,True,bad
691,98.55088635742399,99.0693405919108,98.15399413432822,99.14544862053356,0.0,100.0,99.0693405919108,100.0600339978299,52.46987435931869,False,True,bad
692,98.43915328766836,99.04915457618027,98.2954739183092,99.28835749324162,0.0,100.0,99.04915457618027,100.03964612194207,61.77613602150381,False,True,bad
693,98.41872159875153,99.04139015781877,97.19259039360738,100.41502253252638,0.0,100.0,99.04139015781877,100.03180405939696,63.06799053749034,False,True,bad
694,98.4044535067651,99.04139015781877,97.19259039360738,100.41502253252638,0.0,100.0,99.04139015781877,100.03180405939696,64.51782915571067,False,True,bad
695,98.44003111022123,99.04139015781877,97.19259039360738,100.41502253252638,0.0,100.0,99.04139015781877,100.03180405939696,60.90303609582268,False,True,bad
696,98.57175468520344,99.04139015781877,97.19259039360738,100.41502253252638,0.0,100.0,99.04139015781877,100.03180405939696,47.530882335701754,False,True,bad
697,98.63959442009279,99.04139015781877,97.19259039360738,100.41502253252638,0.0,100.0,99.04139015781877,100.03180405939696,40.65098035510998,False,True,bad
698,98.65999238853195,99.03191135285576,94.5610200960623,103.20950582443115,0.0,100.0,99.03191135285576,100.02223046638431,37.62616435626942,False,True,bad
699,98.67157977946943,99.02466549865596,93.31927225780606,104.58285751957642,0.0,100.0,99.02466549865596,100.01491215364253,35.72006075429556,False,True,bad
700,98.69858761016651,98.87521817946651,97.71160173406484,98.69858761016651,0.0,100.0,98.87521817946651,99.86397036126118,17.87996294856769,False,True,bad
701,98.78013127576918,98.87521817946651,97.71160173406484,98.69858761016651,0.0,100.0,98.87521817946651,99.86397036126118,9.621486217783266,False,False,bad
702,98.72244814320443,98.84978431021536,95.76605591201015,100.70370960186773,0.0,100.0,98.84978431021536,99.83828215331751,12.890089164950064,False,True,bad
703,98.72186300208756,98.71149143977819,97.73464437206667,98.72186300208755,0.0,100.0,98.71149143977819,99.69860635417596,1.0506393256837738,True,False,ok
704,98.68731831791992,98.71149143977819,97.73464437206667,98.72186300208755,0.0,100.0,98.71149143977819,99.69860635417596,2.449165930511014,False,True,good
705,98.64014615202463,98.71149143977819,97.73464437206667,98.72186300208755,0.0,100.0,98.71149143977819,99.69860635417596,7.230270975426121,False,True,good
706,98.73657020568142,98.57339204389585,97.74920450362461,98.73657020568143,0.0,100.0,98.57339204389585,99.55912596433481,16.54028992020359,True,True,ok
707,98.69821532366896,98.57339204389585,97.74920450362461,98.73657020568143,0.0,100.0,98.57339204389585,99.55912596433481,12.654968253900584,True,True,ok
708,98.9306834425965,98.69234222451422,97.94137660817054,98.9306834425965,0.0,100.0,98.69234222451422,99.67926564675936,24.12080604839493,True,True,ok
709,98.95172489371564,98.71126943221667,97.96220764477845,98.9517248937156,0.0,100.0,98.71126943221667,99.69838212653883,24.329853034148652,True,False,ok
710,98.88397241847666,98.64368159738908,97.89513269429189,98.88397241847666,0.0,100.0,98.64368159738908,99.63011841336296,24.3298530341553,True,True,ok
711,98.86992557089052,98.64368159738908,97.89513269429189,98.88397241847666,0.0,100.0,98.64368159738908,99.63011841336296,22.90921376963649,True,True,ok
712,98.71580834997654,98.64368159738908,97.89513269429189,98.88397241847666,0.0,100.0,98.64368159738908,99.63011841336296,7.309175334593333,True,True,good
713,98.64916435065288,98.78187946756223,98.06782797462962,99.05841209558548,0.0,100.0,98.78187946756223,99.76969826223785,13.444201512846826,False,True,bad
714,98.71754931269966,98.78187946756223,98.06782797462962,99.05841209558548,0.0,100.0,98.78187946756223,99.76969826223785,6.514465133891381,False,True,good
715,98.65341414789376,98.78187946756223,98.06782797462962,99.05841209558548,0.0,100.0,98.78187946756223,99.76969826223785,13.013411679903202,False,True,bad
716,98.79660035876161,98.78187946756223,98.06782797462962,99.05841209558548,0.0,100.0,98.78187946756223,99.76969826223785,1.4901310344680823,True,True,good
717,98.56684968451809,98.84496142613749,98.09283450618882,99.08367121837254,0.0,100.0,98.84496142613749,99.83341104039886,28.175814207198552,False,True,bad
718,98.62380314950327,98.84496142613749,98.09283450618882,99.08367121837254,0.0,100.0,98.84496142613749,99.83341104039886,22.39932675707653,False,True,bad
719,98.68572000793115,98.84496142613749,98.09283450618882,99.08367121837254,0.0,100.0,98.84496142613749,99.83341104039886,16.12321200402664,False,True,bad
720,98.72167891293114,98.84496142613749,98.09283450618882,99.08367121837254,0.0,100.0,98.84496142613749,99.83341104039886,12.480095728316424,False,True,bad
721,98.75421954579605,98.84496142613749,98.09283450618882,99.08367121837254,0.0,100.0,98.84496142613749,99.83341104039886,9.18443955828206,False,True,good
722,98.62878192947292,98.84496142613749,98.09283450618882,99.08367121837254,0.0,100.0,98.84496142613749,99.83341104039886,21.89451411102523,False,True,bad
723,98.59677950053823,98.84496142613749,98.09283450618882,99.08367121837254,0.0,100.0,98.84496142613749,99.83341104039886,25.139775930387778,False,True,bad
724,98.61475610462769,98.84496142613749,98.09283450618882,99.08367121837254,0.0,100.0,98.84496142613749,99.83341104039886,23.316697570992282,False,True,bad
725,98.4708745865231,98.83721301438443,94.0805492193706,103.3093263563589,0.0,100.0,98.83721301438443,99.82558514452828,37.13368805833287,False,True,bad
726,98.58670588932635,98.83721301438443,94.0805492193706,103.3093263563589,0.0,100.0,98.83721301438443,99.82558514452828,25.377599724760213,False,True,bad
727,98.60116516058842,98.83721301438443,94.0805492193706,103.3093263563589,0.0,100.0,98.83721301438443,99.82558514452828,23.911051989242992,False,True,bad
728,98.66172941456333,98.83721301438443,94.0805492193706,103.3093263563589,0.0,100.0,98.83721301438443,99.82558514452828,17.770590955420367,False,True,bad
729,98.76460591303716,98.7951591467459,98.04341118020542,99.03374866687416,0.0,100.0,98.7951591467459,99.78311073821337,3.093062389812896,False,True,good
730,98.63731855768823,98.7951591467459,98.04341118020542,99.03374866687416,0.0,100.0,98.7951591467459,99.78311073821337,15.989327036832412,False,True,bad
731,98.62843791496773,98.7951591467459,98.04341118020542,99.03374866687416,0.0,100.0,98.7951591467459,99.78311073821337,16.889700511204875,False,True,bad
732,98.73068971687954,98.7951591467459,98.04341118020542,99.03374866687416,0.0,100.0,98.7951591467459,99.78311073821337,6.527695744785011,False,True,good
733,98.70556195352096,98.7951591467459,98.04341118020542,99.03374866687416,0.0,100.0,98.7951591467459,99.78311073821337,9.073100986391747,False,True,good
734,98.74350078269873,98.7951591467459,98.04341118020542,99.03374866687416,0.0,100.0,98.7951591467459,99.78311073821337,5.2302030643737245,False,True,good
735,98.76959310177658,98.7951591467459,98.04341118020542,99.03374866687416,0.0,100.0,98.7951591467459,99.78311073821337,2.588118054567713,False,True,good
736,98.60942860407316,98.7951591467459,98.04341118020542,99.03374866687416,0.0,100.0,98.7951591467459,99.78311073821337,18.817252384374004,False,True,bad
737,98.70786836475257,98.7951591467459,98.04341118020542,99.03374866687416,0.0,100.0,98.7951591467459,99.78311073821337,8.83943793439021,False,True,good
738,98.63641907387112,98.7951591467459,98.04341118020542,99.03374866687416,0.0,100.0,98.7951591467459,99.78311073821337,16.08051847750968,False,True,bad
739,98.74494600524902,98.7951591467459,98.04341118020542,99.03374866687416,0.0,100.0,98.7951591467459,99.78311073821337,5.083842852035795,False,True,good
740,98.64738861410767,98.78741463897104,93.29868272585843,104.07013537150803,0.0,100.0,98.78741463897104,99.77528878536076,14.184535455149382,False,True,bad
741,98.7558087836544,98.78741463897104,93.29868272585843,104.07013537150803,0.0,100.0,98.78741463897104,99.77528878536076,3.1998926653851534,False,True,good
742,98.55217275054694,98.78741463897104,93.29868272585843,104.07013537150803,0.0,100.0,98.78741463897104,99.77528878536076,23.841338979578083,False,True,bad
743,98.69961699741117,98.78741463897104,93.29868272585843,104.07013537150803,0.0,100.0,98.78741463897104,99.77528878536076,8.891484834895298,False,True,good
744,98.58458710106008,98.76535368371881,91.87492523025003,104.65014049437464,0.0,100.0,98.76535368371881,99.753007220556,18.319400805934418,False,True,bad
745,98.63847954322813,98.76535368371881,91.87492523025003,104.65014049437464,0.0,100.0,98.76535368371881,99.753007220556,12.85427500433502,False,True,bad
746,98.5213759444757,98.76535368371881,91.87492523025003,104.65014049437464,0.0,100.0,98.76535368371881,99.753007220556,24.733327383771474,False,True,bad
747,98.53948422910203,98.76535368371881,91.87492523025003,104.65014049437464,0.0,100.0,98.76535368371881,99.753007220556,22.89549061990435,False,True,bad
748,98.39199155502692,98.76535368371881,91.87492523025003,104.65014049437464,0.0,100.0,98.76535368371881,99.753007220556,37.87457926641485,False,True,bad
749,98.39534246764225,98.76535368371881,91.87492523025003,104.65014049437464,0.0,100.0,98.76535368371881,99.753007220556,37.53401744801419,False,True,bad
750,98.39700550090147,98.76535368371881,91.87492523025003,104.65014049437464,0.0,100.0,98.76535368371881,99.753007220556,37.36500343131842,False,True,bad
751,98.4568370070445,98.62717893345533,97.80986920771521,98.79784768456082,0.0,100.0,98.62717893345533,99.61345072278988,17.286228719769213,False,True,bad
752,98.52348309673788,98.5935239427136,97.84331025028047,98.83162651543482,0.0,100.0,98.5935239427136,99.57945918214074,7.1065252030153365,False,True,good
753,98.37572018134173,98.5935239427136,97.84331025028047,98.83162651543482,0.0,100.0,98.5935239427136,99.57945918214074,22.115518705770516,False,True,bad
754,98.39618726176684,98.58579524103106,95.72612653557528,101.0174948643285,0.0,100.0,98.58579524103106,99.57165319344138,19.251307699760687,False,True,bad
755,98.49169057741143,98.58579524103106,95.72612653557528,101.0174948643285,0.0,100.0,98.58579524103106,99.57165319344138,9.550017383365372,False,True,good
756,98.27697296742669,98.58579524103106,95.72612653557528,101.0174948643285,0.0,100.0,98.58579524103106,99.57165319344138,31.374396463060105,False,True,bad
757,98.36197823953569,98.58579524103106,95.72612653557528,101.0174948643285,0.0,100.0,98.58579524103106,99.57165319344138,22.72857355947122,False,True,bad
758,98.30277111370803,98.57829897925828,92.7918362358517,104.21189932173539,0.0,100.0,98.57829897925828,99.56408196905086,27.98928767442635,False,True,bad
759,98.26370637660602,98.55395313538419,91.60817230851255,104.34629555880433,0.0,100.0,98.55395313538419,99.53949266673803,29.493996616107836,False,True,bad
760,98.27733979748619,98.55395313538419,91.60817230851255,104.34629555880433,0.0,100.0,98.55395313538419,99.53949266673803,28.10666087454855,False,True,bad
761,98.25748239011949,98.55395313538419,91.60817230851255,104.34629555880433,0.0,100.0,98.55395313538419,99.53949266673803,30.127412944155473,False,True,bad
762,98.14382224534762,98.51308646395772,91.34298283110313,103.94757249985626,0.0,100.0,98.51308646395772,99.49821732859729,37.55420086859539,False,True,bad
763,98.20990661233745,98.36474984289802,97.22780754621405,98.20990661233743,0.0,100.0,98.36474984289802,99.348397341327,15.754143019109843,False,False,bad
764,98.05387425532174,98.34527383266455,95.6763136825522,99.80248539798552,0.0,100.0,98.34527383266455,99.3287265709912,29.67424187007064,False,True,bad
765,98.15471637909955,98.20331492152411,97.17316921530856,98.15471637909955,0.0,100.0,98.20331492152411,99.18534807073935,4.9499929384066546,False,True,good
766,98.10956979247821,98.10076773249916,97.35430349987998,98.33768030290906,0.0,100.0,98.10076773249916,99.08177540982416,0.8972065484401865,True,True,good
767,98.22046473527311,98.21741403427947,97.47209982509906,98.45666648999905,0.0,100.0,98.21741403427947,99.19958817462226,0.31060211126321974,True,True,good
768,98.11929645485407,98.21741403427947,97.47209982509906,98.45666648999905,0.0,100.0,98.21741403427947,99.19958817462226,9.994828511588693,False,True,good
769,98.0483471778357,98.21741403427947,97.47209982509906,98.45666648999905,0.0,100.0,98.21741403427947,99.19958817462226,17.228363950781546,False,True,bad
770,98.15643337190043,98.21741403427947,97.47209982509906,98.45666648999905,0.0,100.0,98.21741403427947,99.19958817462226,6.2106706310083855,False,True,good
771,97.98530402618321,98.21741403427947,97.47209982509906,98.45666648999905,0.0,100.0,98.21741403427947,99.19958817462226,23.660234544286805,False,True,bad
772,98.14960401870944,98.21741403427947,97.47209982509906,98.45666648999905,0.0,100.0,98.21741403427947,99.19958817462226,6.906456994435749,False,True,good
773,98.1524412959749,98.35292690202432,97.73173395260167,98.71892318444614,0.0,100.0,98.35292690202432,99.33645617104456,20.40510928033829,False,True,bad
774,98.24199402683384,98.35292690202432,97.73173395260167,98.71892318444614,0.0,100.0,98.35292690202432,99.33645617104456,11.285427562433071,False,True,good
775,98.26924873772579,98.34905928839147,95.73815027450043,100.77457637406766,0.0,100.0,98.34905928839147,99.33254988127538,8.118323858069648,False,True,good
776,98.27712700532527,98.34530784848138,94.3609451355739,102.24538894653719,0.0,100.0,98.34530784848138,99.3287609269662,6.93520512443603,False,True,good
777,98.24346719545292,98.34530784848138,94.3609451355739,102.24538894653719,0.0,100.0,98.34530784848138,99.3287609269662,10.360780987199457,False,True,good
778,98.3851324186459,98.34530784848138,94.3609451355739,102.24538894653719,0.0,100.0,98.34530784848138,99.3287609269662,4.048643479313831,True,True,good
779,98.46252877764175,98.34530784848138,94.3609451355739,102.24538894653719,0.0,100.0,98.34530784848138,99.3287609269662,11.912223113811134,True,True,good
780,98.4142940841858,98.34530784848138,94.3609451355739,102.24538894653719,0.0,100.0,98.34530784848138,99.3287609269662,7.012236033575661,True,True,good
781,98.2210610822246,98.34530784848138,94.3609451355739,102.24538894653719,0.0,100.0,98.34530784848138,99.3287609269662,12.641713176017143,False,True,bad
782,98.3211161602754,98.34530784848138,94.3609451355739,102.24538894653719,0.0,100.0,98.34530784848138,99.3287609269662,2.4601747298690455,False,True,good
783,98.45091325977366,98.34530784848138,94.3609451355739,102.24538894653719,0.0,100.0,98.34530784848138,99.3287609269662,10.732464356726027,True,True,good
784,98.43852545279373,98.34530784848138,94.3609451355739,102.24538894653719,0.0,100.0,98.34530784848138,99.3287609269662,9.474112758258425,True,True,good
785,98.48214967338956,98.34530784848138,94.3609451355739,102.24538894653719,0.0,100.0,98.34530784848138,99.3287609269662,13.904751773843952,True,True,ok
786,98.65228000873844,98.41051140139119,97.66575720865107,98.65228000873846,0.0,100.0,98.41051140139119,99.3946165154051,24.53722764400983,True,True,ok
787,98.70723340556037,98.40291997720483,96.4076346989564,99.93969520670761,0.0,100.0,98.40291997720483,99.38694917697688,30.87752354867522,True,True,ok
788,98.65566746534907,98.40291997720483,96.4076346989564,99.93969520670761,0.0,100.0,98.40291997720483,99.38694917697688,25.6520286702418,True,True,ok
789,98.5112330702899,98.41400731538425,98.17691085992985,99.16859682821197,0.0,100.0,98.41400731538425,99.39814738853809,9.874383051669646,True,True,good
790,98.4427911047974,98.33300860670505,98.09610729122373,99.08697706184215,0.0,100.0,98.33300860670505,99.3163386927721,11.15813119739193,True,True,good
791,98.56739923279481,98.33300860670505,98.09610729122373,99.08697706184215,0.0,100.0,98.33300860670505,99.3163386927721,23.808049904687387,True,True,ok
792,98.63922857888765,98.33300860670505,98.09610729122373,99.08697706184215,0.0,100.0,98.33300860670505,99.3163386927721,31.092728930574918,True,True,ok
793,98.7899219802551,98.33300860670505,98.09610729122373,99.08697706184215,0.0,100.0,98.33300860670505,99.3163386927721,46.35829941041629,True,True,bad
794,98.68344902480791,98.33300860670505,98.09610729122373,99.08697706184215,0.0,100.0,98.33300860670505,99.3163386927721,35.57477298121709,True,True,bad
795,98.79006619685138,98.33300860670505,98.09610729122373,99.08697706184215,0.0,100.0,98.33300860670505,99.3163386927721,46.37289771033846,True,True,bad
796,98.8277576920897,98.33300860670505,98.09610729122373,99.08697706184215,0.0,100.0,98.33300860670505,99.3163386927721,50.18748234178595,True,True,bad
797,98.70780867952834,98.31549656717517,98.07863744124194,99.06933074872923,0.0,100.0,98.31549656717517,99.29865153284693,39.82398227977598,True,True,bad
798,98.59667075953354,98.323204078606,97.00396781829069,100.16688173263542,0.0,100.0,98.323204078606,99.30643611939206,27.774429264704924,True,True,ok
799,98.65380391815486,98.323204078606,97.00396781829069,100.16688173263542,0.0,100.0,98.323204078606,99.30643611939206,33.56738467456526,True,True,ok
800,98.58498290420823,98.323204078606,97.00396781829069,100.16688173263542,0.0,100.0,98.323204078606,99.30643611939206,26.58893810750786,True,True,ok
801,98.61268642449214,98.33068094201047,95.25913258193695,102.00161085545676,0.0,100.0,98.33068094201047,99.31398775143057,28.638250578472245,True,True,ok
802,98.55324782829479,98.33793404275119,94.23689577948512,103.10807557570614,0.0,100.0,98.33793404275119,99.3213133831787,21.87135750093731,True,True,ok
803,98.5800093456944,98.3425129624853,97.59420925223746,98.5800093456944,0.0,100.0,98.3425129624853,99.32593809211015,24.120806048401572,True,True,ok
804,98.74762541096561,98.48028890128654,97.76014915685597,98.74762541096563,0.0,100.0,98.48028890128654,99.46509179029941,27.10941545340036,True,True,ok
805,98.61888908340416,98.48028890128654,97.76014915685597,98.74762541096563,0.0,100.0,98.48028890128654,99.46509179029941,14.064006393155466,True,True,ok
806,98.71530184712503,98.48028890128654,97.76014915685597,98.74762541096563,0.0,100.0,98.48028890128654,99.46509179029941,23.83552859492873,True,True,ok
807,98.71211080760071,98.48028890128654,97.76014915685597,98.74762541096563,0.0,100.0,98.48028890128654,99.46509179029941,23.512266543150865,True,True,ok
808,98.74876919294728,98.47345196814368,95.53019262917154,101.05268631179834,0.0,100.0,98.47345196814368,99.45818648782512,27.919511505751665,True,True,ok
809,98.56146503656437,98.47345196814368,95.53019262917154,101.05268631179834,0.0,100.0,98.47345196814368,99.45818648782512,8.933754038361277,True,True,good
810,98.72341872487948,98.47345196814368,95.53019262917154,101.05268631179834,0.0,100.0,98.47345196814368,99.45818648782512,25.352013928057417,True,True,ok
811,98.818038358347,98.5799685218589,97.82985797476354,98.81803835834701,0.0,100.0,98.5799685218589,99.5657682070775,24.12080604839936,True,True,ok
812,98.8570880806474,98.61892416658841,97.86851719984092,98.8570880806474,0.0,100.0,98.61892416658841,99.6051134082543,24.120806048406003,True,True,ok
813,98.75278315322805,98.61892416658841,97.86851719984092,98.8570880806474,0.0,100.0,98.61892416658841,99.6051134082543,13.564153543673786,True,True,ok
814,98.79750571262153,98.63768492043465,97.88918152259332,98.87796113393264,0.0,100.0,98.63768492043465,99.624061769639,16.189700182910812,True,True,ok
815,98.7383861969135,98.50050825633193,97.75100233494436,98.7383861969135,0.0,100.0,98.50050825633193,99.48551333889525,24.120806048397142,True,True,ok
816,98.8057659991805,98.56772572893948,97.81770833918868,98.8057659991805,0.0,100.0,98.56772572893948,99.55340298622887,24.120806048401572,True,True,ok
817,98.83227031233177,98.59416618859191,97.84394760920846,98.83227031233177,0.0,100.0,98.59416618859191,99.58010785047783,24.120806048401572,True,True,ok
818,99.00732834803816,98.732294688645,98.01725506455779,99.00732834803817,0.0,100.0,98.732294688645,99.71961763553145,27.817776986412007,True,True,ok
819,98.98633147356313,98.732294688645,98.01725506455779,99.00732834803817,0.0,100.0,98.732294688645,99.71961763553145,25.69681265122463,True,True,ok
820,98.9542854372814,98.732294688645,98.01725506455779,99.00732834803817,0.0,100.0,98.732294688645,99.71961763553145,22.458868154352466,True,True,ok
821,98.88795319117075,98.72565006029187,95.87210598295825,101.22262838030376,0.0,100.0,98.72565006029187,99.7129065608948,16.42631526400783,True,True,ok
822,98.85102040929469,98.61287111331102,97.86251020520176,98.8510204092947,0.0,100.0,98.61287111331102,99.59899982444412,24.120806048406003,True,True,ok
823,98.98166841004532,98.74320436031125,97.99185172594485,98.98166841004532,0.0,100.0,98.74320436031125,99.73063640391436,24.120806048410437,True,True,ok
824,98.82069330482258,98.76326945440854,98.01176414157271,99.00178196118456,0.0,100.0,98.76326945440854,99.75090214895263,5.812602523900727,True,True,good
825,98.71378805196639,98.76326945440854,98.01176414157271,99.00178196118456,0.0,100.0,98.76326945440854,99.75090214895263,5.0113571776411225,False,True,good
826,98.75411418879659,98.81469900564461,98.06280235723216,99.05333571437592,0.0,100.0,98.81469900564461,99.80284599570106,6.133034639169781,False,True,good
827,98.91819949590847,98.86714344822433,98.11484774176694,99.10590680986559,0.0,100.0,98.86714344822433,99.85581488270657,5.16277374836787,True,True,good
828,98.94536497832598,98.85939329763269,96.78337959040954,100.46932642888669,0.0,100.0,98.85939329763269,99.84798723060902,8.692580184221752,True,True,good
829,98.98355847841692,98.74508987517963,97.99372289363275,98.98355847841692,0.0,100.0,98.74508987517963,99.73254077393143,24.120806048397142,True,True,ok
830,99.01629804034015,98.77568566428705,98.02613505993673,99.01629804034013,0.0,100.0,98.77568566428705,99.76344252092993,24.32985303416859,True,False,ok
831,98.96473297289923,98.81586668281595,98.06601116834001,99.05657693771718,0.0,100.0,98.81586668281595,99.8040253496441,15.053682560876146,True,True,ok
832,98.98948430399729,98.81586668281595,98.06601116834001,99.05657693771718,0.0,100.0,98.81586668281595,99.8040253496441,17.55439525773478,True,True,ok
833,99.04106338104305,98.81586668281595,98.06601116834001,99.05657693771718,0.0,100.0,98.81586668281595,99.8040253496441,22.763599475476745,True,True,ok
834,99.0045474369127,98.81586668281595,98.06601116834001,99.05657693771718,0.0,100.0,98.81586668281595,99.8040253496441,19.075969702382647,True,True,ok
835,99.07051562477136,98.80619497851022,95.40963105523728,101.81449475103565,0.0,100.0,98.80619497851022,99.79425692829533,26.71570622599708,True,True,ok
836,99.1727706181623,98.9338461699809,98.18104291198068,99.1727706181623,0.0,100.0,98.9338461699809,99.92318463168071,24.12080604839936,True,True,ok
837,99.20079029465289,98.95972959725725,98.20878239170636,99.20079029465289,0.0,100.0,98.95972959725725,99.94932689322982,24.329853034166373,True,True,ok
838,99.20421228768534,98.95972959725725,98.20878239170636,99.20079029465289,0.0,100.0,98.95972959725725,99.94932689322982,24.674803311450994,True,False,ok
839,99.2151140290159,98.9500438122213,96.35913992078314,101.10497909323476,0.0,100.0,98.9500438122213,99.93954425034352,26.752470290268395,True,True,ok
840,99.26410565456278,99.02496116439768,98.27146459801716,99.26410565456278,0.0,100.0,99.02496116439768,100.01521077604166,24.12080604840379,True,True,ok
841,99.40809919860682,99.16369319979306,98.41401820662077,99.40809919860683,0.0,100.0,99.16369319979306,100.15533013179099,24.61639886310968,True,True,ok
842,99.38675906713823,99.15606722579444,97.0863386164196,100.76752943655343,0.0,100.0,99.15606722579444,100.14762789805239,23.23850722464868,True,True,ok
843,99.41296279140329,99.17138650890115,98.41883316348928,99.41296279140332,0.0,100.0,99.17138650890115,100.16310037399016,24.32985303415973,True,True,ok
844,99.44328625394397,99.17138650890115,98.41883316348928,99.41296279140332,0.0,100.0,99.17138650890115,100.16310037399016,27.379640297199096,True,False,ok
845,99.60655974147545,99.30869764909653,98.6104941440607,99.60655974147545,0.0,100.0,99.30869764909653,100.3017846255875,29.94866446335037,True,True,ok
846,99.64685592792739,99.30869764909653,98.6104941440607,99.60655974147545,0.0,100.0,99.30869764909653,100.3017846255875,33.99338177631867,True,False,ok
847,99.61813551425236,99.30869764909653,98.6104941440607,99.60655974147545,0.0,100.0,99.30869764909653,100.3017846255875,31.11074658124068,True,False,ok
848,99.72909155631332,99.30869764909653,98.6104941440607,99.60655974147545,0.0,100.0,99.30869764909653,100.3017846255875,42.24268507364371,True,False,bad
849,99.80339295782281,99.44782719376204,98.8053590282446,99.80339295782282,0.0,100.0,99.44782719376204,100.44230546569966,35.69023479215111,True,True,bad
850,99.92002302649966,99.58715165620069,98.92082279623465,99.92002302649965,0.0,100.0,99.58715165620069,100.5830231727627,33.36939432978062,True,False,ok
851,100.18691274186709,99.582108007913,97.54769231714268,101.32654762826253,0.0,100.0,99.582108007913,100.57792908799213,60.55058782886132,True,True,bad
852,100.12052090055383,99.582108007913,97.54769231714268,101.32654762826253,0.0,100.0,99.582108007913,100.57792908799213,53.921593334027,True,True,bad
853,100.01822885154809,99.582108007913,97.54769231714268,101.32654762826253,0.0,100.0,99.582108007913,100.57792908799213,43.69947912179385,True,True,bad
854,100.0470141463774,99.582108007913,97.54769231714268,101.32654762826253,0.0,100.0,99.582108007913,100.57792908799213,46.57706991134071,True,True,bad
855,100.12159224205078,99.5759505304063,94.92653207329413,104.12442839445929,0.0,100.0,99.5759505304063,100.57171003571037,54.64694877446834,True,True,bad
856,100.24545800036536,99.57002591869336,93.72349449288929,105.46097267371907,0.0,100.0,99.57002591869336,100.5657261778803,67.60583724565625,True,True,bad
857,100.40838993128207,99.57627507490048,93.53349130001519,106.432893327159,0.0,100.0,99.57627507490048,100.57203782564949,83.21834662170735,True,True,bad
858,100.40980595917334,99.57627507490048,93.53349130001519,106.432893327159,0.0,100.0,99.57627507490048,100.57203782564949,83.35937247696103,True,True,bad
859,100.5790990090487,99.58581132265499,93.5989095378207,106.61384494959162,0.0,100.0,99.58581132265499,100.58166943588154,99.24774907514735,True,True,bad
860,100.41051086813454,99.5962490976726,93.6360931643164,106.6561989621485,0.0,100.0,99.5962490976726,100.59221158864932,81.42387480192178,True,True,bad
861,100.48883918365617,99.74213081207522,99.63305864021603,100.63945317193539,0.0,97.0,99.74213081207522,100.70962948095234,74.58504877296053,True,True,bad
862,100.43297517149682,99.75693719550674,98.80728364885016,101.48054039248352,0.0,97.0,99.75693719550674,100.72457948630316,67.53992125412702,True,True,bad
863,100.43115331318079,99.75693719550674,98.80728364885016,101.48054039248352,0.0,97.0,99.75693719550674,100.72457948630316,67.35851919594724,True,True,bad
864,100.62417844467231,99.76825803260029,97.71654627759732,102.61329243988567,0.0,97.0,99.76825803260029,100.73601013551651,85.4249423902065,True,True,bad
865,100.71484622134689,99.78208145988845,96.98420093004836,103.38814408164156,0.0,97.0,99.78208145988845,100.74996765004937,93.04596352525937,True,True,bad
866,100.60095418451716,99.92443613482462,99.7552634469454,100.73236741083046,0.0,97.0,99.92443613482462,100.89370316533243,67.47480858666107,True,True,bad
867,100.5353508130361,99.92443613482462,99.7552634469454,100.73236741083046,0.0,97.0,99.92443613482462,100.89370316533243,60.95153335713847,True,True,bad
868,100.41966585178014,99.92443613482462,99.7552634469454,100.73236741083046,0.0,97.0,99.92443613482462,100.89370316533243,49.43801396803347,True,True,bad
869,100.26695728712556,100.06442831707557,100.0067403497504,100.98630753281874,0.0,97.0,100.06442831707557,101.03505327175121,20.219401811465655,True,True,ok
870,100.09262140627119,100.06442831707557,100.0067403497504,100.98630753281874,0.0,97.0,100.06442831707557,101.03505327175121,2.817096816828272,True,True,good
871,100.07655089254405,100.06442831707557,100.0067403497504,100.98630753281874,0.0,97.0,100.06442831707557,101.03505327175121,1.2114036346957646,True,True,good
872,100.01971224525566,100.07732845772522,98.99300182850769,102.02045851493999,0.0,97.0,100.07732845772522,101.04807854376516,5.75882720298773,False,True,good
873,99.97252124534032,100.20666716696653,99.97252124534033,100.9517532518836,0.0,97.0,100.20666716696653,101.17867183848611,23.39364349171737,False,False,bad
874,99.97970868736395,100.08509521472064,99.8512333617858,100.82927735210119,0.0,97.0,100.08509521472064,101.05592063830343,10.535240087082014,False,True,good
875,99.95476244226549,100.0927049078649,99.3011358303725,101.38784031416363,0.0,97.0,100.0927049078649,101.06360414547119,13.79097564087827,False,True,bad
876,99.9152581008919,100.0927049078649,99.3011358303725,101.38784031416363,0.0,97.0,100.0927049078649,101.06360414547119,17.743978875745977,False,True,bad
877,99.99927748642375,100.0927049078649,99.3011358303725,101.38784031416363,0.0,97.0,100.0927049078649,101.06360414547119,9.338447959061272,False,True,good
878,99.95237493407534,100.23293283137848,99.93713821161566,100.9160236409327,0.0,97.0,100.23293283137848,101.20519227984285,28.029837366538214,False,True,bad
879,100.07656825271948,100.23870112362692,99.39403577674287,101.46744242304332,0.0,97.0,100.23870112362692,101.21101652452612,16.18777308561413,False,True,bad
880,100.1006775557189,100.33512363259807,100.1006775557189,101.08116485481057,0.0,97.0,100.33512363259807,101.30837433183427,23.393643491715146,False,True,bad
881,100.13447917900265,100.33512363259807,100.1006775557189,101.08116485481057,0.0,97.0,100.33512363259807,101.30837433183427,20.017450803473928,False,True,bad
882,100.08528799279473,100.31969802573553,100.08528799279472,101.06562455093884,0.0,97.0,100.31969802573553,101.29279909658517,23.393643491715146,False,True,bad
883,100.04000889829703,100.27431288294393,100.040008898297,101.01990194718469,0.0,97.0,100.27431288294393,101.24697371790849,23.393643491711806,False,True,bad
884,100.1433154116977,100.27431288294393,100.040008898297,101.01990194718469,0.0,97.0,100.27431288294393,101.24697371790849,13.072451861237946,False,True,bad
885,100.18031964575886,100.27431288294393,100.040008898297,101.01990194718469,0.0,97.0,100.27431288294393,101.24697371790849,9.378006672936376,False,True,good
886,100.27403360521879,100.41597334378282,100.07325090802787,101.05346956278692,0.0,97.0,100.41597334378282,101.39000828521752,14.145174878278494,False,True,bad
887,100.36532613120423,100.32779947350329,100.09337051047522,101.07378623697387,0.0,97.0,100.32779947350329,101.30097912839628,3.739705386044408,True,True,good
888,100.30106478125963,100.18743882961668,99.74597490030148,100.7229878827643,0.0,97.0,100.18743882961668,101.15925698626397,11.334910656927292,True,True,good
889,100.27909057597135,100.18743882961668,99.74597490030148,100.7229878827643,0.0,97.0,100.18743882961668,101.15925698626397,9.143845909065444,True,True,good
890,100.27576373855256,100.04727455314224,99.61672141655743,100.59246835964599,0.0,97.0,100.04727455314224,101.01773311630772,22.812082568760623,True,True,ok
891,100.25016374843631,100.04727455314224,99.61672141655743,100.59246835964599,0.0,97.0,100.04727455314224,101.01773311630772,20.25879775655218,True,True,ok
892,100.14560487639888,100.04939350548503,98.8472691273153,101.37550572368438,0.0,82.67531967388327,100.04939350548503,100.87655506460945,9.611766437589871,True,True,good
893,100.1063805626046,100.04939350548503,98.8472691273153,101.37550572368438,0.0,82.67531967388327,100.04939350548503,100.87655506460945,5.69427076732742,True,True,good
894,100.13809707036373,100.04939350548503,98.8472691273153,101.37550572368438,0.0,82.67531967388327,100.04939350548503,100.87655506460945,8.862049314758018,True,True,good
895,100.1447901500963,100.04939350548503,98.8472691273153,101.37550572368438,0.0,82.67531967388327,100.04939350548503,100.87655506460945,9.530411932048494,True,True,good
896,100.27412796726092,100.18945206665674,99.76101267125051,100.59266575103197,0.0,82.67531967388327,100.18945206665674,101.01777156441295,8.44800892270497,True,True,good
897,100.23228185988397,100.18894318405756,99.18105708855154,101.1808756349899,0.0,82.67531967388327,100.18894318405756,101.01725847461061,4.324759165841982,True,True,good
898,100.1150965044848,100.31477022485238,100.11509650448481,100.9497013878068,0.0,82.67531967388327,100.31477022485238,101.14412579448756,19.924554127845614,False,False,bad
899,99.93630744847108,100.17442780915117,99.93630744847107,100.76942186507581,0.0,82.67531967388327,100.17442780915117,101.00262309337816,23.798870436770954,False,True,bad
900,99.95698888298824,100.1797504034209,99.41740602318156,101.29538003199073,0.0,82.67531967388327,100.1797504034209,101.00798969236617,22.26094151608999,False,True,bad
901,100.01731120266058,100.21678989594736,100.0173112026606,100.85110090332513,0.0,82.67531967388327,100.21678989594736,101.04533541008115,19.92455412784228,False,False,bad
902,99.91687890101771,100.11788610335253,99.9168789010177,100.7498313524329,0.0,82.67531967388327,100.11788610335253,100.94561392721936,20.097233596960148,False,True,bad
903,100.0472026299787,100.11788610335253,99.9168789010177,100.7498313524329,0.0,82.67531967388327,100.11788610335253,100.94561392721936,7.06251792049844,False,True,good
904,100.10784996835436,100.11788610335253,99.9168789010177,100.7498313524329,0.0,82.67531967388327,100.11788610335253,100.94561392721936,1.00248201889334,False,True,good
905,100.2134675233477,99.97781913256499,99.62613042314297,100.45665906328571,0.0,82.67531967388327,99.97781913256499,100.80438894827324,23.542333291075067,True,True,ok
906,100.18655568076986,99.83794811833495,99.59518154800065,100.42545218427355,0.0,82.67531967388327,99.83794811833495,100.66336154596175,34.85652095339695,True,True,ok
907,100.170855681223,99.70024573015645,99.50179520346062,100.33128732878053,0.0,82.67531967388327,99.70024573015645,100.524520698887,47.09143217117304,True,True,bad
908,100.22363979995889,99.70670200875527,99.0238094075803,100.81558429243454,0.0,82.67531967388327,99.70670200875527,100.53103035497553,51.71190510538716,True,True,bad
909,100.20885229316701,99.70670200875527,99.0238094075803,100.81558429243454,0.0,82.67531967388327,99.70670200875527,100.53103035497553,50.23634526334053,True,True,bad
910,100.24918356739505,99.70670200875527,99.0238094075803,100.81558429243454,0.0,82.67531967388327,99.70670200875527,100.53103035497553,54.260257260591445,True,True,bad
911,100.25635081146203,99.84638914975066,99.614751685087,100.44518546690487,0.0,82.67531967388327,99.84638914975066,100.67187236387453,40.97517459114966,True,True,bad
912,100.42628607979631,99.85186582015419,99.14951949653528,100.91649721608471,0.0,82.67531967388327,99.85186582015419,100.67739431282568,57.36240616104973,True,True,bad
913,100.37667937230846,99.85186582015419,99.14951949653528,100.91649721608471,0.0,82.67531967388327,99.85186582015419,100.67739431282568,52.42157190739922,True,True,bad
914,100.1877555866738,99.85717847746317,98.5042427675146,101.57757602242111,0.0,82.67531967388327,99.85717847746317,100.6827508926988,33.05031558748112,True,True,ok
915,100.19113636718389,99.85717847746317,98.5042427675146,101.57757602242111,0.0,82.67531967388327,99.85717847746317,100.6827508926988,33.38775437431511,True,True,ok
916,100.25590816642392,99.85717847746317,98.5042427675146,101.57757602242111,0.0,82.67531967388327,99.85717847746317,100.6827508926988,39.85048887311236,True,True,bad
917,100.18516260471321,99.85717847746317,98.5042427675146,101.57757602242111,0.0,82.67531967388327,99.85717847746317,100.6827508926988,32.79149997665454,True,True,ok
918,100.12010992818156,99.85717847746317,98.5042427675146,101.57757602242111,0.0,82.67531967388327,99.85717847746317,100.6827508926988,26.29614636003093,True,True,ok
919,100.06460175590439,99.85717847746317,98.5042427675146,101.57757602242111,0.0,82.67531967388327,99.85717847746317,100.6827508926988,20.75045076391725,True,True,ok
920,99.90917299624769,99.85717847746317,98.5042427675146,101.57757602242111,0.0,82.67531967388327,99.85717847746317,100.6827508926988,5.205533321809255,True,True,good
921,99.89766703739407,99.86233202512221,97.36281455448511,102.7684157861818,0.0,82.67531967388327,99.86233202512221,100.68794704747786,3.53774657651475,True,True,good
922,100.03885715401574,99.9369110531508,99.73626719536868,100.56771398563205,0.0,82.67531967388327,99.9369110531508,100.76314266000477,10.195846287822755,True,True,good
923,100.06220988504148,99.9369110531508,99.73626719536868,100.56771398563205,0.0,82.67531967388327,99.9369110531508,100.76314266000477,12.529939901347639,True,True,ok
924,100.06796062570557,99.85386526544431,99.65510896339681,100.48587918180348,0.0,82.67531967388327,99.85386526544431,100.67941028859367,21.417915842825106,True,True,ok
925,100.02998403015268,99.79474061539115,99.59610199929176,100.4263803088644,0.0,82.67531967388327,99.79474061539115,100.61979682360612,23.544986623118632,True,True,ok
926,99.85460284223674,99.65512573175191,99.43832931276877,100.26729235761886,0.0,82.67531967388327,99.65512573175191,100.47902766945327,19.99673683897908,True,True,ok
927,99.84025118384172,99.65512573175191,99.43832931276877,100.26729235761886,0.0,82.67531967388327,99.65512573175191,100.47902766945327,18.55937797565472,True,True,ok
928,100.00996505097648,99.79474061539115,99.45053388074301,100.27959866841097,0.0,82.67531967388327,99.79474061539115,100.61979682360612,21.543488488871915,True,True,ok
929,100.02160433324744,99.79474061539115,99.45053388074301,100.27959866841097,0.0,82.67531967388327,99.79474061539115,100.61979682360612,22.707233023790216,True,True,ok
930,100.01773432348145,99.79474061539115,99.45053388074301,100.27959866841097,0.0,82.67531967388327,99.79474061539115,100.61979682360612,22.320308152666062,True,True,ok
931,100.13785531724305,99.79474061539115,99.45053388074301,100.27959866841097,0.0,82.67531967388327,99.79474061539115,100.61979682360612,34.323071442802956,True,True,ok
932,99.93527674869169,99.79474061539115,99.45053388074301,100.27959866841097,0.0,82.67531967388327,99.79474061539115,100.61979682360612,14.072612454373845,True,True,ok
933,99.7968300839585,99.79474061539115,99.45053388074301,100.27959866841097,0.0,82.67531967388327,99.79474061539115,100.61979682360612,0.20937443000234238,True,True,good
934,99.70519790691759,99.79474061539115,99.45053388074301,100.27959866841097,0.0,82.67531967388327,99.79474061539115,100.61979682360612,8.976715997979097,False,True,good
935,99.75828791609877,99.79474061539115,99.45053388074301,100.27959866841097,0.0,82.67531967388327,99.79474061539115,100.61979682360612,3.653434875541576,False,True,good
936,99.84898195559988,99.79474061539115,99.45053388074301,100.27959866841097,0.0,82.67531967388327,99.79474061539115,100.61979682360612,5.433813880530907,True,True,good
937,99.79696201539073,99.79474061539115,99.45053388074301,100.27959866841097,0.0,82.67531967388327,99.79474061539115,100.61979682360612,0.22259442355499667,True,True,good
938,99.66837365171929,99.79474061539115,99.45053388074301,100.27959866841097,0.0,82.67531967388327,99.79474061539115,100.61979682360612,12.670711679469617,False,True,bad
939,99.7805015638545,99.79474061539115,99.45053388074301,100.27959866841097,0.0,82.67531967388327,99.79474061539115,100.61979682360612,1.4269356665008488,False,True,good
940,99.89778045807242,99.79474061539115,99.45053388074301,100.27959866841097,0.0,82.67531967388327,99.79474061539115,100.61979682360612,10.319850865931693,True,True,good
941,99.79023993965912,99.79474061539115,99.45053388074301,100.27959866841097,0.0,82.67531967388327,99.79474061539115,100.61979682360612,0.45100344928559705,False,True,good
942,99.76447637152147,99.79474061539115,99.45053388074301,100.27959866841097,0.0,82.67531967388327,99.79474061539115,100.61979682360612,3.033109125065804,False,True,good
943,99.82559272827825,99.79474061539115,99.45053388074301,100.27959866841097,0.0,82.67531967388327,99.79474061539115,100.61979682360612,3.0910792118187778,True,True,good
944,99.73356698667406,99.79474061539115,99.45053388074301,100.27959866841097,0.0,82.67531967388327,99.79474061539115,100.61979682360612,6.131824738956649,False,True,good
945,99.89278813609172,99.79474061539115,99.45053388074301,100.27959866841097,0.0,82.67531967388327,99.79474061539115,100.61979682360612,9.820095345250971,True,True,good
946,99.94972319242288,99.93455109675395,99.49476399386103,100.32419750382648,0.0,82.67531967388327,99.93455109675395,100.76076319259298,1.518087978859031,True,True,good
947,99.86384080070421,99.93377306641558,99.04425357155577,100.78052984977356,0.0,98.51773281236927,99.93377306641558,100.91829794180448,7.000310685762289,False,True,good
948,99.89547553283698,99.93282317220074,98.54725156548488,101.28879491767289,0.0,100.0,99.93282317220074,100.93215140392275,3.7379730539315768,False,True,good
949,99.82494495750265,99.93282317220074,98.54725156548488,101.28879491767289,0.0,100.0,99.93282317220074,100.93215140392275,10.800904134608185,False,True,good
950,99.89065646751682,99.93282317220074,98.54725156548488,101.28879491767289,0.0,100.0,99.93282317220074,100.93215140392275,4.220395459616091,False,True,good
951,99.70242381797057,99.93282317220074,98.54725156548488,101.28879491767289,0.0,100.0,99.93282317220074,100.93215140392275,23.082041873607935,False,True,bad
952,99.83064716407355,99.93282317220074,98.54725156548488,101.28879491767289,0.0,100.0,99.93282317220074,100.93215140392275,10.229699841067955,False,True,good
953,99.81612725965373,99.93282317220074,98.54725156548488,101.28879491767289,0.0,100.0,99.93282317220074,100.93215140392275,11.684259223491637,False,True,good
954,99.79544488307961,99.93282317220074,98.54725156548488,101.28879491767289,0.0,100.0,99.93282317220074,100.93215140392275,13.756521510303555,False,True,bad
955,99.714761470365,99.93282317220074,98.54725156548488,101.28879491767289,0.0,100.0,99.93282317220074,100.93215140392275,21.844670842386048,False,True,bad
956,99.7042938901601,99.93209699221325,96.95852738983999,102.9484731485585,0.0,100.0,99.93209699221325,100.93141796213538,22.821811185773786,False,True,bad
957,99.71339613480586,99.93121040137959,96.29437259585018,103.65852213825922,0.0,100.0,99.93121040137959,100.93052250539338,21.820209098005687,False,True,bad
958,99.75740986322289,99.78712093295853,98.75983576459068,99.7574098632229,0.0,100.0,99.78712093295853,100.78499214228812,2.9778886784469005,False,True,good
959,99.67822086155122,99.64375641170408,98.68143865293573,99.67822086155124,0.0,100.0,99.64375641170408,100.64019397582112,3.4581686035917216,True,True,good
960,99.68649967008454,99.62615168293078,97.7223131577731,100.65654321037256,0.0,100.0,99.62615168293078,100.62241319976009,6.0556104781352795,True,True,good
961,99.75978678460169,99.51944811240733,98.76218891675566,99.75978678460167,0.0,100.0,99.51944811240733,100.5146425935314,24.12080604839936,True,False,ok
962,99.55623928645187,99.51944811240733,98.76218891675566,99.75978678460167,0.0,100.0,99.51944811240733,100.5146425935314,3.6961996659777796,True,True,good
963,99.69499679478375,99.51944811240733,98.76218891675566,99.75978678460167,0.0,100.0,99.51944811240733,100.5146425935314,17.624096274477633,True,True,ok
964,99.67016307036839,99.51944811240733,98.76218891675566,99.75978678460167,0.0,100.0,99.51944811240733,100.5146425935314,15.132815996559565,True,True,ok
965,99.70376375580264,99.51944811240733,98.76218891675566,99.75978678460167,0.0,100.0,99.51944811240733,100.5146425935314,18.503435845128564,True,True,ok
966,99.70475504601033,99.51944811240733,98.76218891675566,99.75978678460167,0.0,100.0,99.51944811240733,100.5146425935314,18.60285890023784,True,True,ok
967,99.76449800665371,99.51164682794844,96.24471847394437,102.36920077212744,0.0,100.0,99.51164682794844,100.50676329622793,25.376977722047684,True,True,ok
968,99.85711580829721,99.61654265356148,98.85854465021424,99.85711580829721,0.0,100.0,99.61654265356148,100.6127080800971,24.120806048410437,True,True,ok
969,99.88829315415401,99.6476448877712,98.88941022261247,99.88829315415401,0.0,100.0,99.6476448877712,100.64412133664891,24.12080604840379,True,True,ok
970,99.83672877055021,99.6476448877712,98.88941022261247,99.88829315415401,0.0,100.0,99.6476448877712,100.64412133664891,18.957268275061885,True,True,ok
971,99.83500184601698,99.65525360654098,98.89696104543965,99.89592024791884,0.0,100.0,99.65525360654098,100.65180614260639,18.02075872951714,True,True,ok
972,99.88696588372909,99.65525360654098,98.89696104543965,99.89592024791884,0.0,100.0,99.65525360654098,100.65180614260639,23.224396514120144,True,True,ok
973,99.93820111469805,99.69743261136044,98.93881910355108,99.93820111469806,0.0,100.0,99.69743261136044,100.69440693747404,24.12080604840822,True,True,ok
974,99.92094939879964,99.69743261136044,98.93881910355108,99.93820111469806,0.0,100.0,99.69743261136044,100.69440693747404,22.394418650388864,True,True,ok
975,99.94729493597096,99.70442021139972,98.94782198661125,99.94729493597096,0.0,100.0,99.70442021139972,100.70146441351372,24.3298530341553,True,True,ok
976,99.90234270138944,99.65957721200655,98.90331927437556,99.90234270138946,0.0,100.0,99.65957721200655,100.65617298412661,24.329853034161946,True,True,ok
977,99.73815886871364,99.65957721200655,98.90331927437556,99.90234270138946,0.0,100.0,99.65957721200655,100.65617298412661,7.881901000466862,True,True,good
978,99.75866592060922,99.65957721200655,98.90331927437556,99.90234270138946,0.0,100.0,99.65957721200655,100.65617298412661,9.937778530294413,True,True,good
979,99.91066291334447,99.65957721200655,98.90331927437556,99.90234270138946,0.0,100.0,99.65957721200655,100.65617298412661,25.162652874615656,True,False,ok
980,99.91092815702069,99.65957721200655,98.90331927437556,99.90234270138946,0.0,100.0,99.65957721200655,100.65617298412661,25.189200924284105,True,False,ok
981,99.98357532891548,99.74269751120644,98.98373957562633,99.98357532891549,0.0,100.0,99.74269751120644,100.7401244863185,24.120806048397142,True,True,ok
982,99.86030782507379,99.74269751120644,98.98373957562633,99.98357532891549,0.0,100.0,99.74269751120644,100.7401244863185,11.784424516045494,True,True,good
983,99.9012321962283,99.76887089167074,99.00971379870569,100.00981191788453,0.0,100.0,99.76887089167074,100.76655960058746,13.25800126295536,True,True,ok
984,99.84281735751726,99.75902716514236,97.81710485408605,101.22915485817003,0.0,100.0,99.75902716514236,100.75661743679377,8.395733766602934,True,True,good
985,99.9155809779195,99.67071638013014,98.91642516814032,99.91558097791952,0.0,100.0,99.67071638013014,100.66742354393145,24.53722764402976,True,True,ok
986,99.95346453912394,99.67071638013014,98.91642516814032,99.91558097791952,0.0,100.0,99.67071638013014,100.66742354393145,28.328065946188595,True,False,ok
987,99.84665701413603,99.67071638013014,98.91642516814032,99.91558097791952,0.0,100.0,99.67071638013014,100.66742354393145,17.63662748943403,True,True,ok
988,99.67925871202324,99.67071638013014,98.91642516814032,99.91558097791952,0.0,100.0,99.67071638013014,100.66742354393145,0.8570186070369936,True,True,good
989,99.70628327998182,99.67071638013014,98.91642516814032,99.91558097791952,0.0,100.0,99.67071638013014,100.66742354393145,3.5678037376005762,True,True,good
990,99.95424812376828,99.67071638013014,98.91642516814032,99.91558097791952,0.0,100.0,99.67071638013014,100.66742354393145,28.406460584785897,True,False,ok
991,100.023307510844,99.67071638013014,98.91642516814032,99.91558097791952,0.0,100.0,99.67071638013014,100.66742354393145,35.31317465095462,True,False,bad
992,100.13390822416451,99.80892486041789,99.13256914192286,100.1339082241645,0.0,100.0,99.80892486041789,100.80701410902206,32.507656805779796,True,False,ok
993,100.20603610777576,99.94875521363078,99.20397574669799,100.20603610777574,0.0,100.0,99.94875521363078,100.94824276576709,25.70820654818383,True,False,ok
994,100.2124628286244,99.9413962159164,98.05026839843502,101.38510927183953,0.0,100.0,99.9413962159164,100.94081017807557,27.085840835011226,True,True,ok
995,100.19731398183865,100.08141215890952,99.3581417218105,100.3617593149601,0.0,100.0,100.08141215890952,101.08222628049862,11.574053630246317,True,True,good
996,100.19029604205195,100.12878751105204,99.3668917556963,100.37059773302657,0.0,100.0,100.12878751105204,101.13007538616256,6.141055743862622,True,True,good
997,100.32551474025483,100.12878751105204,99.3668917556963,100.37059773302657,0.0,100.0,100.12878751105204,101.13007538616256,19.62814368694199,True,True,ok
998,100.23630971014096,100.12878751105204,99.3668917556963,100.37059773302657,0.0,100.0,100.12878751105204,101.13007538616256,10.732628676479962,True,True,good
999,100.31268074707914,100.12878751105204,99.3668917556963,100.37059773302657,0.0,100.0,100.12878751105204,101.13007538616256,18.34882663945671,True,True,ok
1000,100.35694666762421,100.12878751105204,99.3668917556963,100.37059773302657,0.0,100.0,100.12878751105204,101.13007538616256,22.76064738516359,True,True,ok
1001,100.39997064008371,100.1580896536689,99.39597093368289,100.39997064008372,0.0,100.0,100.1580896536689,101.15967055020559,24.12080604839936,True,True,ok
1002,100.27080671573482,100.1580896536689,99.39597093368289,100.39997064008372,0.0,100.0,100.1580896536689,101.15967055020559,11.247587148432384,True,True,good
1003,100.27311716920093,100.15023830638887,97.6664694600673,102.17787761402204,0.0,100.0,100.15023830638887,101.15174068945277,12.261932040472768,True,True,ok
1004,100.13559693985921,100.15023830638887,97.6664694600673,102.17787761402204,0.0,100.0,100.15023830638887,101.15174068945277,1.4620471325636335,False,True,good
1005,100.2785959195246,100.03491612428907,99.27580996032938,100.27859591952463,0.0,100.0,100.03491612428907,101.03526528553196,24.329853034153086,True,True,ok
1006,100.26426330116229,100.03491612428907,99.27580996032938,100.27859591952463,0.0,100.0,100.03491612428907,101.03526528553196,22.90047096167094,True,True,ok
1007,100.20602191623854,100.03491612428907,99.27580996032938,100.27859591952463,0.0,100.0,100.03491612428907,101.03526528553196,17.089995209697552,True,True,ok
1008,100.26407253111759,100.03491612428907,99.27580996032938,100.27859591952463,0.0,100.0,100.03491612428907,101.03526528553196,22.881444219750442,True,True,ok
1009,100.23710729546497,100.03491612428907,99.27580996032938,100.27859591952463,0.0,100.0,100.03491612428907,101.03526528553196,20.19166096375849,True,True,ok
1010,100.21797783627382,100.02713716362116,96.52512089245693,103.13624825900999,0.0,100.0,100.02713716362116,101.02740853525738,19.060712710168517,True,True,ok
1011,100.20024137455853,100.02713716362116,96.52512089245693,103.13624825900999,0.0,100.0,100.02713716362116,101.02740853525738,17.290767659121123,True,True,ok
1012,100.1285696047204,100.02713716362116,96.52512089245693,103.13624825900999,0.0,100.0,100.02713716362116,101.02740853525738,10.13535426194039,True,True,good
1013,100.30524899606039,100.06359621055572,99.30219650609976,100.30524899606037,0.0,100.0,100.06359621055572,101.06423217266128,24.120806048412646,True,False,ok
1014,100.42933279259289,100.18738106764725,99.42503946466694,100.42933279259287,0.0,100.0,100.18738106764725,101.18925487832372,24.120806048406003,True,False,ok
1015,100.55034287711136,100.3080996178314,99.54483944834024,100.55034287711136,0.0,100.0,100.3080996178314,101.31118061400971,24.120806048401572,True,True,ok
1016,100.5634248591485,100.31905292161635,99.557790610557,100.5634248591485,0.0,100.0,100.31905292161635,101.32224345083252,24.32985303415087,True,True,ok
1017,100.66031589881075,100.31905292161635,99.557790610557,100.5634248591485,0.0,100.0,100.31905292161635,101.32224345083252,33.96003352730412,True,False,ok
1018,100.66955766694927,100.31905292161635,99.557790610557,100.5634248591485,0.0,100.0,100.31905292161635,101.32224345083252,34.87810574195764,True,False,ok
1019,100.68329202719397,100.31905292161635,99.557790610557,100.5634248591485,0.0,100.0,100.31905292161635,101.32224345083252,36.24231392543859,True,False,bad
1020,100.41861402305328,100.31905292161635,99.557790610557,100.5634248591485,0.0,100.0,100.31905292161635,101.32224345083252,9.919524433661556,True,True,good
1021,100.44358214569348,100.31905292161635,99.557790610557,100.5634248591485,0.0,100.0,100.31905292161635,101.32224345083252,12.40561920361221,True,True,ok
1022,100.29300224850958,100.31905292161635,99.557790610557,100.5634248591485,0.0,100.0,100.31905292161635,101.32224345083252,2.5971194234659967,False,True,good
1023,100.45229705343715,100.17870451433475,99.78665086084523,100.7945968291366,0.0,100.0,100.17870451433475,101.1804915594781,27.273223634710643,True,True,ok
1024,100.43141375819123,100.17870451433475,99.78665086084523,100.7945968291366,0.0,100.0,100.17870451433475,101.1804915594781,25.19408090713166,True,True,ok
1025,100.52672492340506,100.17870451433475,99.78665086084523,100.7945968291366,0.0,100.0,100.17870451433475,101.1804915594781,34.679755185936884,True,True,ok
1026,100.60328726073492,100.17870451433475,99.78665086084523,100.7945968291366,0.0,100.0,100.17870451433475,101.1804915594781,42.29297413784554,True,True,bad
1027,100.73046671005667,100.17870451433475,99.78665086084523,100.7945968291366,0.0,100.0,100.17870451433475,101.1804915594781,54.926669554477215,True,True,bad
1028,100.66840402480398,100.18288055501237,97.03789421724777,103.64976820221418,0.0,100.0,100.18288055501237,101.1847093605625,48.34665772992029,True,True,bad
1029,100.63576204016034,100.18607322013285,95.92837674906339,104.84859207780677,100.0,0.0,99.18421248793153,100.18607322013285,44.78492799928278,False,True,bad
1030,100.57904643495861,100.18607322013285,95.92837674906339,104.84859207780677,100.0,0.0,99.18421248793153,100.18607322013285,39.14760864554908,False,True,bad
1031,100.60439391212725,100.19174437282344,94.43880124867239,106.68493938505723,100.0,0.0,99.1898269290952,100.19174437282344,41.10140003131708,False,True,bad
1032,100.51627973184932,100.19174437282344,94.43880124867239,106.68493938505723,100.0,0.0,99.1898269290952,100.19174437282344,32.33907994565303,False,True,bad
1033,100.62564449606023,100.19174437282344,94.43880124867239,106.68493938505723,100.0,0.0,99.1898269290952,100.19174437282344,43.21346880395979,False,True,bad
1034,100.63356503595084,100.33211104869194,100.21483218640178,101.22710321858766,100.0,0.0,99.32878993820502,100.33211104869194,30.000567184512196,False,True,bad
1035,100.68589565866995,100.33211104869194,100.21483218640178,101.22710321858766,100.0,0.0,99.32878993820502,100.33211104869194,35.19933174678113,False,True,bad
1036,100.52005401414337,100.33211104869194,100.21483218640178,101.22710321858766,100.0,0.0,99.32878993820502,100.33211104869194,18.71456254863854,False,True,bad
1037,100.54849022735095,100.44258006021728,100.20059642030066,101.21272365686934,100.0,0.0,99.4381542596151,100.44258006021728,10.538794264309434,False,True,good
1038,100.5151140288741,100.44258006021728,100.20059642030066,101.21272365686934,100.0,0.0,99.4381542596151,100.44258006021728,7.218830026436068,False,True,good
1039,100.50561553803095,100.44258006021728,100.20059642030066,101.21272365686934,100.0,0.0,99.4381542596151,100.44258006021728,6.273804021339922,False,True,good
1040,100.55581680961626,100.44258006021728,100.20059642030066,101.21272365686934,100.0,0.0,99.4381542596151,100.44258006021728,11.267429307139395,False,True,good
1041,100.52430636674099,100.44258006021728,100.20059642030066,101.21272365686934,100.0,0.0,99.4381542596151,100.44258006021728,8.13331116204859,False,True,good
1042,100.42585780107596,100.44258006021728,100.20059642030066,101.21272365686934,100.0,0.0,99.4381542596151,100.44258006021728,1.6649961893460716,True,True,good
1043,100.45927232563456,100.44258006021728,100.20059642030066,101.21272365686934,100.0,0.0,99.4381542596151,100.44258006021728,1.6617333546168072,False,True,good
1044,100.47764194289172,100.31657917230713,100.0728070767039,101.08364351182212,100.0,0.0,99.31341338058405,100.31657917230713,16.042573758668276,False,True,bad
1045,100.52226235196352,100.17623422585143,99.92464457503674,100.93398441922903,100.0,0.0,99.17447188359291,100.17623422585143,34.48241764429519,False,True,bad
1046,100.52204903473515,100.17623422585143,99.92464457503674,100.93398441922903,100.0,0.0,99.17447188359291,100.17623422585143,34.46119672768338,False,True,bad
1047,100.34426798884371,100.17623422585143,99.92464457503674,100.93398441922903,100.0,0.0,99.17447188359291,100.17623422585143,16.759762764289825,False,True,bad
1048,100.3857405361045,100.1837793986393,97.65600930875574,103.27876993975704,100.0,0.0,99.1819416046529,100.1837793986393,20.13877340771905,False,True,bad
1049,100.29064078786527,100.1910987592203,96.35476284648608,104.67352334936052,100.0,0.0,99.1891877716281,100.1910987592203,9.930284628391357,False,True,good
1050,100.40732998040562,100.1910987592203,96.35476284648608,104.67352334936052,100.0,0.0,99.1891877716281,100.1910987592203,21.55862399250391,False,True,bad
1051,100.39320270480371,100.1910987592203,96.35476284648608,104.67352334936052,100.0,0.0,99.1891877716281,100.1910987592203,20.151528559409535,False,True,bad
1052,100.24292822507644,100.33146453059676,100.24292822507644,101.25548305563277,100.0,0.0,99.3281498852908,100.33146453059676,8.828276636338773,True,True,good
1053,100.18640224044404,100.4283516015297,100.18640224044404,101.19838610145862,100.0,0.0,99.4240680855144,100.4283516015297,24.12080604839489,True,True,ok
1054,100.0474519302677,100.2890657274644,100.0474519302677,101.05803225279566,100.0,0.0,99.28617507018976,100.2890657274644,24.120806048409356,True,True,ok
1055,100.00886670926005,100.25038732345614,100.00886670926006,101.01905728208087,100.0,0.0,99.24788345022158,100.25038732345614,24.12080604839823,True,False,ok
1056,100.00221657273994,100.25824652198762,98.58254819584826,102.4806278566474,100.0,0.0,99.25566405676774,100.25824652198762,25.569709046597445,True,True,ok
1057,100.14503522225887,100.25824652198762,98.58254819584826,102.4806278566474,100.0,0.0,99.25566405676774,100.25824652198762,11.298349087549338,True,True,good
1058,100.2233234790218,100.25824652198762,98.58254819584826,102.4806278566474,100.0,0.0,99.25566405676774,100.25824652198762,3.4839155857447617,True,True,good
1059,100.24060189579198,100.26587053324153,96.15383728575708,105.06914461244517,100.0,0.0,99.2632118279091,100.26587053324153,2.5204809876904957,True,True,good
1060,100.07912928705542,100.26587053324153,96.15383728575708,105.06914461244517,100.0,0.0,99.2632118279091,100.26587053324153,18.64197264062984,True,True,ok
1061,99.9693100718998,100.21073515713265,99.96931007189981,100.97910108272708,100.0,0.0,99.20862780556132,100.21073515713265,24.120806048397114,True,False,ok
1062,99.8900425485655,100.13336943938889,99.89004254856548,100.89903287733887,100.0,0.0,99.132035744995,100.13336943938889,24.329853034151718,True,True,ok
1063,99.92722043920193,100.13336943938889,99.89004254856548,100.89903287733887,100.0,0.0,99.132035744995,100.13336943938889,20.608663932715743,True,True,ok
1064,99.98734435074202,100.13336943938889,99.89004254856548,100.89903287733887,100.0,0.0,99.132035744995,100.13336943938889,14.593703150245426,True,True,ok
1065,99.90142410096306,100.13336943938889,99.89004254856548,100.89903287733887,100.0,0.0,99.132035744995,100.13336943938889,23.19050983789463,True,True,ok
1066,99.69103214705541,99.99328080709749,99.69103214705542,100.69801226975295,100.0,0.0,98.99334799902651,99.99328080709749,30.272672539621322,True,False,ok
1067,99.65874917328826,99.89942425643193,99.65874917328826,100.66540320534168,100.0,0.0,98.9004300138676,99.89942425643193,24.120806048406017,True,True,ok
1068,99.65807449618146,99.90725594097076,98.25271054904785,102.10596850110304,100.0,0.0,98.90818338156105,99.90725594097076,24.97243120730169,True,True,ok
1069,99.69602988688034,99.76748364608929,99.50750630755658,100.51263263389554,100.0,0.0,98.7698088096284,99.76748364608929,7.164594767218525,True,True,good
1070,99.74931276570487,99.6279068955077,99.3850938834198,100.38898372062606,100.0,0.0,98.63162782655263,99.6279068955077,12.178511206929896,False,True,bad
1071,99.66880363443877,99.6279068955077,99.3850938834198,100.38898372062606,100.0,0.0,98.63162782655263,99.6279068955077,4.104105822556609,False,True,good
1072,99.66871524690211,99.48852541565553,99.07908617031823,100.07988502052348,100.0,0.0,98.49364016149897,99.48852541565553,18.09523769405156,False,True,bad
1073,99.74588396649078,99.35078136406239,99.03090576452512,100.03121794396476,100.0,0.0,98.35727355042177,99.35078136406239,39.68957696311757,False,True,bad
1074,99.63586633571299,99.35078136406239,99.03090576452512,100.03121794396476,100.0,0.0,98.35727355042177,99.35078136406239,28.653698124963046,False,True,bad
1075,99.60033457635737,99.35078136406239,99.03090576452512,100.03121794396476,100.0,0.0,98.35727355042177,99.35078136406239,25.086900568127486,False,True,bad
1076,99.68984881246449,99.35078136406239,99.03090576452512,100.03121794396476,100.0,0.0,98.35727355042177,99.35078136406239,34.07020728246841,False,True,bad
1077,99.81440816566193,99.35078136406239,99.03090576452512,100.03121794396476,100.0,0.0,98.35727355042177,99.35078136406239,46.557095659566755,False,True,bad
1078,99.80105729637836,99.35078136406239,99.03090576452512,100.03121794396476,100.0,0.0,98.35727355042177,99.35078136406239,45.21943684915574,False,True,bad
1079,99.89931737901053,99.35614739019054,95.76314053657306,103.44462454148695,0.0,79.40668439017692,99.35614739019054,100.14510161399423,54.52009408112806,True,True,bad
1080,99.90517977318336,99.49534341101604,99.11186586526408,99.90517977318338,0.0,79.40668439017692,99.49534341101604,100.28540294426912,41.106907116676844,True,True,bad
1081,100.05085216726081,99.63473444274648,99.25638152315943,100.05085216726081,0.0,79.40668439017692,99.63473444274648,100.42590083396591,41.67735227258632,True,True,bad
1082,100.16070649849702,99.77432075858832,99.3653635375747,100.16070649849702,0.0,79.40668439017692,99.77432075858832,100.56659555846048,38.651178458507864,True,True,bad
1083,100.13714407740248,99.7737716708817,98.1339611123232,101.41754088589101,0.0,79.40668439017692,99.7737716708817,100.56604211063043,36.353473280550055,True,True,bad
1084,100.20417732832966,99.7737716708817,98.1339611123232,101.41754088589101,0.0,79.40668439017692,99.7737716708817,100.56604211063043,43.04537817150142,True,True,bad
1085,100.17232231759093,99.7737716708817,98.1339611123232,101.41754088589101,0.0,79.40668439017692,99.7737716708817,100.56604211063043,39.86586250340732,True,True,bad
1086,100.27192160515541,99.91355277516303,100.02188593339761,100.82248384883945,0.0,79.40668439017692,99.91355277516303,100.7069331703149,35.80371792019514,True,True,bad
1087,100.27939543262217,99.92875037230166,99.01478338337635,101.84797294363952,0.0,79.40668439017692,99.92875037230166,100.72225144653348,35.0280871375724,True,True,bad
1088,100.22286333086706,99.92875037230166,99.01478338337635,101.84797294363952,0.0,79.40668439017692,99.92875037230166,100.72225144653348,29.389038121186445,True,True,ok
1089,100.36719500501471,99.92875037230166,99.01478338337635,101.84797294363952,0.0,79.40668439017692,99.92875037230166,100.72225144653348,43.77975122565412,True,True,bad
1090,100.46195711340175,99.92875037230166,99.01478338337635,101.84797294363952,0.0,79.40668439017692,99.92875037230166,100.72225144653348,53.216838861615365,True,True,bad
1091,100.48153985513196,99.92875037230166,99.01478338337635,101.84797294363952,0.0,79.40668439017692,99.92875037230166,100.72225144653348,55.16591828818327,True,True,bad
1092,100.5206836445648,99.94349425020583,96.88007478255264,104.09214693201885,100.0,0.0,98.94405930770377,99.94349425020583,57.58544947298979,False,True,bad
1093,100.45824250942903,99.95779789022653,95.8889273298414,105.16808624171648,100.0,0.0,98.95821991132426,99.95779789022653,49.940679231526225,False,True,bad
1094,100.45169385958964,99.95779789022653,95.8889273298414,105.16808624171648,100.0,0.0,98.95821991132426,99.95779789022653,49.28878018063178,False,True,bad
1095,100.51726879791444,99.95779789022653,95.8889273298414,105.16808624171648,100.0,0.0,98.95821991132426,99.95779789022653,55.81465758825518,False,True,bad
1096,100.4963360200846,99.97505533106398,94.29081091412515,107.191958996684,100.0,0.0,98.97530477775334,99.97505533106398,52.00561141212164,False,True,bad
1097,100.54819672328637,99.97505533106398,94.29081091412515,107.191958996684,100.0,0.0,98.97530477775334,99.97505533106398,57.16473746687153,False,True,bad
1098,100.56699289921123,100.002020860138,94.37283690568685,107.46079111364102,100.0,0.0,99.00200065153662,100.002020860138,56.337070494651,False,True,bad
1099,100.54436756592497,100.002020860138,94.37283690568685,107.46079111364102,100.0,0.0,99.00200065153662,100.002020860138,54.08704013044181,False,True,bad
1100,100.59286771064801,100.02366488325558,94.37788894947019,107.50114150702602,100.0,0.0,99.02342823442302,100.02366488325558,56.74550820093565,False,True,bad
1101,100.40369504222281,100.04686922061491,94.4472554471719,107.58015342145092,100.0,0.0,99.04640052840875,100.04686922061491,35.60241397441825,False,True,bad
1102,100.39867464352523,100.18703292922639,100.39867464352521,101.41280267022749,100.0,0.0,99.18516259993413,100.18703292922639,21.102380164412494,False,True,bad
1103,100.42834196080115,100.32739300445449,100.36403377093812,101.3778118898365,100.0,0.0,99.32411907440995,100.32739300445449,10.056894750483194,False,True,good
1104,100.66069551151595,100.467949721405,100.24506703677218,101.25764347148706,100.0,0.0,99.46327022419095,100.467949721405,19.166424443651835,False,True,bad
1105,100.74640088276503,100.467949721405,100.24506703677218,101.25764347148706,100.0,0.0,99.46327022419095,100.467949721405,27.67708548356235,False,True,bad
1106,100.76048188373348,100.32948947737944,100.08557926902024,101.09654471618207,100.0,0.0,99.32619458260564,100.32948947737944,42.865694731778554,False,True,bad
1107,100.872206084756,100.4692209377281,99.86348402390844,100.872206084756,100.0,0.0,99.46452872835081,100.4692209377281,40.03008135079473,False,True,bad
1108,100.91918662884837,100.4692209377281,99.86348402390844,100.872206084756,100.0,0.0,99.46452872835081,100.4692209377281,44.686429107697165,False,False,bad
1109,100.9737343376289,100.60997635284144,99.9639969942526,100.97373433762888,100.0,0.0,99.60387658931303,100.60997635284144,36.09005691660718,False,False,bad
1110,101.00087476903086,100.75092896354066,99.99086602134054,101.00087476903084,100.0,0.0,99.74341967390525,100.75092896354066,24.77756617188896,False,False,bad
1111,101.01967585366002,100.7763018896338,100.00947909512342,101.01967585366002,100.0,0.0,99.76853887073746,100.7763018896338,24.120806048406003,False,True,bad
1112,101.02129754876562,100.76635876461418,98.76940934479182,102.28799815147917,100.0,0.0,99.75869517696803,100.76635876461418,25.268039131056277,False,True,bad
1113,101.2172536082694,100.90753046401619,100.20508107218672,101.21725360826942,100.0,0.0,99.89845515937603,100.90753046401619,30.64675003520549,False,True,bad
1114,101.07798250038452,101.0488999422102,100.30795879161406,101.32117049657985,100.0,0.0,100.03841094278809,101.0488999422102,2.877653682039852,False,True,good
1115,101.01910233704106,101.0488999422102,100.30795879161406,101.32117049657985,100.0,0.0,100.03841094278809,101.0488999422102,2.949265103728979,True,True,good
1116,101.06457717626886,101.0488999422102,100.30795879161406,101.32117049657985,100.0,0.0,100.03841094278809,101.0488999422102,1.5513299076939921,False,True,good
1117,101.13267334610595,101.0488999422102,100.30795879161406,101.32117049657985,100.0,0.0,100.03841094278809,101.0488999422102,8.286947947571443,False,True,good
1118,101.22200170847871,101.04182369135245,98.1622948827511,103.53588215341239,100.0,0.0,100.03140545443893,101.04182369135245,17.816143290024353,False,True,bad
1119,101.32886626697909,101.08263428539843,100.31557760430931,101.3288662669791,100.0,0.0,100.07180794254444,101.08263428539843,24.32985303415973,False,True,bad
1120,101.3625859114098,101.07477385159412,99.33105158096609,102.3331937574053,100.0,0.0,100.06402611307817,101.07477385159412,28.434697436644836,False,True,bad
1121,101.32611206952518,101.06714981482001,98.31116255432508,103.39480770502426,100.0,0.0,100.05647831667181,101.06714981482001,25.59002148706222,False,True,bad
1122,101.40042650282271,101.06714981482001,98.31116255432508,103.39480770502426,100.0,0.0,100.05647831667181,101.06714981482001,32.92151712148552,False,True,bad
1123,101.21222353692468,101.06714981482001,98.31116255432508,103.39480770502426,100.0,0.0,100.05647831667181,101.06714981482001,14.343899189977778,False,True,bad
1124,101.28902758365754,101.06714981482001,98.31116255432508,103.39480770502426,100.0,0.0,100.05647831667181,101.06714981482001,21.92943754992662,False,True,bad
1125,101.36085475378088,101.06714981482001,98.31116255432508,103.39480770502426,100.0,0.0,100.05647831667181,101.06714981482001,29.018232500376772,False,True,bad
1126,101.44188322182366,101.06714981482001,98.31116255432508,103.39480770502426,100.0,0.0,100.05647831667181,101.06714981482001,37.00909822174483,False,True,bad
1127,101.47753095136453,101.1308467625999,100.88720496852407,101.90626764497381,100.0,0.0,100.1195382949739,101.1308467625999,34.22213148604923,False,True,bad
1128,101.49538954318359,101.1308467625999,100.88720496852407,101.90626764497381,100.0,0.0,100.1195382949739,101.1308467625999,35.98183340309644,False,True,bad
1129,101.45569176161743,101.1308467625999,100.88720496852407,101.90626764497381,100.0,0.0,100.1195382949739,101.1308467625999,32.0697791467487,False,True,bad
1130,101.51795033837962,101.14082585348918,98.97832991094457,103.87161028809112,100.0,0.0,100.12941759495428,101.14082585348918,37.21772402768094,False,True,bad
1131,101.63319334231478,101.14082585348918,98.97832991094457,103.87161028809112,100.0,0.0,100.12941759495428,101.14082585348918,48.563268454263635,False,True,bad
1132,101.55131169808399,101.14082585348918,98.97832991094457,103.87161028809112,100.0,0.0,100.12941759495428,101.14082585348918,40.50343646588398,False,True,bad
1133,101.61811280448282,101.14082585348918,98.97832991094457,103.87161028809112,100.0,0.0,100.12941759495428,101.14082585348918,47.07933822566886,False,True,bad
1134,101.57249052381029,101.14082585348918,98.97832991094457,103.87161028809112,100.0,0.0,100.12941759495428,101.14082585348918,42.58874853383321,False,True,bad
1135,101.51743290233196,101.14082585348918,98.97832991094457,103.87161028809112,100.0,0.0,100.12941759495428,101.14082585348918,37.166753990890626,False,True,bad
1136,101.53360013724657,101.14082585348918,98.97832991094457,103.87161028809112,100.0,0.0,100.12941759495428,101.14082585348918,38.7591846923508,False,True,bad
1137,101.42761478359881,101.28252217396467,101.11980647278254,102.1412186593763,100.0,0.0,100.26969695222502,101.28252217396467,14.315281572956394,False,True,bad
1138,101.41971733625373,101.28252217396467,101.11980647278254,102.1412186593763,100.0,0.0,100.26969695222502,101.28252217396467,13.536622345196804,False,True,bad
1139,101.31966990013697,101.28252217396467,101.11980647278254,102.1412186593763,100.0,0.0,100.26969695222502,101.28252217396467,3.6670606777047423,False,True,good
1140,101.21599859517295,101.21365674112094,100.96981544340818,101.98971256909917,100.0,0.0,100.20152017370974,101.21365674112094,0.23137460252295153,False,True,good
1141,101.27112953288501,101.21365674112094,100.96981544340818,101.98971256909917,100.0,0.0,100.20152017370974,101.21365674112094,5.676751756520557,False,True,good
1142,101.08789823123176,101.0720567647948,100.64368317458768,101.66028603493704,100.0,0.0,100.06133619714684,101.0720567647948,1.5672210126583632,False,True,good
1143,101.0950985738589,100.93065488973227,100.53139582436768,101.54686446905826,100.0,0.0,99.92134834083494,100.93065488973227,16.279480969623624,False,True,bad
1144,101.09371929188141,100.93065488973227,100.53139582436768,101.54686446905826,100.0,0.0,99.92134834083494,100.93065488973227,16.143045929144005,False,True,bad
1145,100.97321329311413,100.93065488973227,100.53139582436768,101.54686446905826,100.0,0.0,99.92134834083494,100.93065488973227,4.215709624108811,False,True,good
1146,101.13325053746485,100.93065488973227,100.53139582436768,101.54686446905826,100.0,0.0,99.92134834083494,100.93065488973227,20.05263782188803,False,True,bad
1147,101.03194800480985,100.93065488973227,100.53139582436768,101.54686446905826,100.0,0.0,99.92134834083494,100.93065488973227,10.030879194380823,False,True,good
1148,101.13737926285653,100.78945083878563,100.43546806449953,101.44996774191871,100.0,0.0,99.78155633039776,100.78945083878563,34.46087557705158,False,True,bad
1149,101.07695890060599,100.78945083878563,100.43546806449953,101.44996774191871,100.0,0.0,99.78155633039776,100.78945083878563,28.485002194646373,False,True,bad
1150,101.13767679412506,100.78945083878563,100.43546806449953,101.44996774191871,100.0,0.0,99.78155633039776,100.78945083878563,34.490294060410925,False,True,bad
1151,101.2423954030259,100.79400728388835,98.35971755987,103.59093385039455,100.0,0.0,99.78606721104947,100.79400728388835,44.38693714130058,False,True,bad
1152,101.24711167248134,100.79842723244707,97.15263757571327,104.87800691306325,100.0,0.0,99.79044296012259,100.79842723244707,44.41426225377596,False,True,bad
1153,101.26658808725918,100.80271476773474,95.91098417956954,106.2357464314127,100.0,0.0,99.79468762005739,100.80271476773474,45.91238033885881,False,True,bad
1154,101.19010720069785,100.80271476773474,95.91098417956954,106.2357464314127,100.0,0.0,99.79468762005739,100.80271476773474,38.35709647031347,False,True,bad
1155,101.05282272097047,100.80271476773474,95.91098417956954,106.2357464314127,100.0,0.0,99.79468762005739,100.80271476773474,24.780898690081816,False,True,bad
1156,101.12746235083571,100.80271476773474,95.91098417956954,106.2357464314127,100.0,0.0,99.79468762005739,100.80271476773474,32.164371636477775,False,True,bad
1157,101.11448764236394,100.80271476773474,95.91098417956954,106.2357464314127,100.0,0.0,99.79468762005739,100.80271476773474,30.881283880449374,False,True,bad
1158,101.02364851060877,100.80271476773474,95.91098417956954,106.2357464314127,100.0,0.0,99.79468762005739,100.80271476773474,21.893456091090158,False,True,bad
1159,101.00630791972365,100.94393740118663,100.73461031898417,101.75213163533755,100.0,0.0,99.93449802717477,100.94393740118663,6.176820475849214,False,True,good
1160,100.77781651470015,101.08535788478814,100.74468737978121,101.76231048462749,100.0,0.0,100.07450430594025,101.08535788478814,30.47030335745358,True,True,ok
1161,100.75535917800795,101.08535788478814,100.74468737978121,101.76231048462749,100.0,0.0,100.07450430594025,101.08535788478814,32.69895248263719,True,True,ok
1162,100.91046563199983,101.08535788478814,100.74468737978121,101.76231048462749,100.0,0.0,100.07450430594025,101.08535788478814,17.3164269880297,True,True,ok
1163,100.86964058099636,101.09035975999954,98.41049301039148,104.1760064725566,100.0,0.0,100.07945616239955,101.09035975999954,21.857720984963134,True,True,ok
1164,100.87430880890842,101.09035975999954,98.41049301039148,104.1760064725566,100.0,0.0,100.07945616239955,101.09035975999954,21.394933582712607,True,True,ok
1165,100.64671937104454,101.09035975999954,98.41049301039148,104.1760064725566,100.0,0.0,100.07945616239955,101.09035975999954,43.982108398075816,True,True,bad
1166,100.63842059137927,101.09035975999954,98.41049301039148,104.1760064725566,100.0,0.0,100.07945616239955,101.09035975999954,44.80668786494709,True,True,bad
1167,100.7661690533177,101.09035975999954,98.41049301039148,104.1760064725566,100.0,0.0,100.07945616239955,101.09035975999954,32.120931368955794,True,True,ok
1168,100.80964625829922,101.09521181542962,95.61671405900917,107.21987528761,100.0,0.0,100.08425969727533,101.09521181542962,28.287159632584654,True,True,ok
1169,100.76842833924823,101.09521181542962,95.61671405900917,107.21987528761,100.0,0.0,100.08425969727533,101.09521181542962,32.37668372469922,True,True,ok
1170,100.79836572091186,101.09521181542962,95.61671405900917,107.21987528761,100.0,0.0,100.08425969727533,101.09521181542962,29.406216091540717,True,True,ok
1171,100.83971031180863,101.09521181542962,95.61671405900917,107.21987528761,100.0,0.0,100.08425969727533,101.09521181542962,25.305344640111386,True,True,ok
1172,100.8814178732488,101.09521181542962,95.61671405900917,107.21987528761,100.0,0.0,100.08425969727533,101.09521181542962,21.17017422839165,True,True,ok
1173,101.03439757860053,101.09521181542962,95.61671405900917,107.21987528761,100.0,0.0,100.08425969727533,101.09521181542962,6.01735083211255,True,True,good
1174,101.06200963244689,101.09521181542962,95.61671405900917,107.21987528761,100.0,0.0,100.08425969727533,101.09521181542962,3.2847882498057683,True,True,good
1175,101.01073365782932,101.09521181542962,95.61671405900917,107.21987528761,100.0,0.0,100.08425969727533,101.09521181542962,8.359789943077226,True,True,good
1176,101.04659751216455,101.07484842698362,94.08988070154639,107.17308569056435,100.0,0.0,100.06409994271378,101.07484842698362,2.795439630047362,True,True,good
1177,101.09531860658986,101.07484842698362,94.08988070154639,107.17308569056435,100.0,0.0,100.06409994271378,101.07484842698362,2.025044543074901,False,True,good
1178,101.02130238460174,101.07484842698362,94.08988070154639,107.17308569056435,100.0,0.0,100.06409994271378,101.07484842698362,5.299066154385575,True,True,good
1179,100.85002673195244,101.07484842698362,94.08988070154639,107.17308569056435,100.0,0.0,100.06409994271378,101.07484842698362,22.267864497018806,True,True,ok
1180,100.89344996936678,101.04974674873272,93.92388464975338,106.98400787528325,100.0,0.0,100.03924928124539,101.04974674873272,15.479284582431104,True,True,ok
1181,101.06261509554618,100.90275146753349,100.05198894459072,101.06261509554618,0.0,100.0,100.90275146753349,101.91177898220883,15.830799519729625,True,True,ok
1182,100.98842873189322,100.75934842630413,99.97854444457427,100.98842873189321,0.0,100.0,100.75934842630413,101.76694191056717,22.709583943671603,True,False,ok
1183,100.7861587501754,100.90051030435916,100.13539151232644,101.14686011346105,0.0,100.0,100.90051030435916,101.90951540740275,11.339526501482682,False,True,good
1184,100.89560006952973,101.00969587426808,100.2410971480737,101.25363348290273,0.0,100.0,101.00969587426808,102.01979283301075,11.301914231606666,False,True,good
1185,101.00114166281226,101.00969587426808,100.2410971480737,101.25363348290273,0.0,100.0,101.00969587426808,102.01979283301075,0.8469061922843244,False,True,good
1186,100.75494966011841,101.00969587426808,100.2410971480737,101.25363348290273,0.0,100.0,101.00969587426808,102.01979283301075,25.25183228625333,False,True,bad
1187,100.72846807573559,101.00969587426808,100.2410971480737,101.25363348290273,0.0,100.0,101.00969587426808,102.01979283301075,27.880493724787403,False,True,bad
1188,100.85194425723353,101.00969587426808,100.2410971480737,101.25363348290273,0.0,100.0,101.00969587426808,102.01979283301075,15.629680710575803,False,True,bad
1189,100.78330255596583,101.00969587426808,100.2410971480737,101.25363348290273,0.0,100.0,101.00969587426808,102.01979283301075,22.438183192574474,False,True,bad
1190,100.81128733729152,101.00969587426808,100.2410971480737,101.25363348290273,0.0,100.0,101.00969587426808,102.01979283301075,19.661840680580276,False,True,bad
1191,100.79296687744622,101.10573219554988,100.33850023800078,101.35202044242503,0.0,100.0,101.10573219554988,102.11678951750538,30.982425318105516,False,True,bad
1192,100.81153807887502,101.09786996559536,99.17428969456108,102.54179544521446,100.0,0.0,100.08689126593941,101.09786996559536,28.36243060071943,True,True,ok
1193,100.93328262956072,101.17703570081984,100.93328262956072,101.95281073693002,100.0,0.0,100.16526534381164,101.17703570081984,24.1208060484049,True,True,ok
1194,100.88556154929354,101.12919937452493,100.88556154929351,101.904607625549,100.0,0.0,100.11790738077968,101.12919937452493,24.12080604839489,True,True,ok
1195,100.72510629839722,100.98771755578241,100.72510629839722,101.74253161454266,100.0,0.0,99.97784038022459,100.98771755578241,26.038146781099833,True,True,ok
1196,100.68125616536707,100.92651041095422,100.68125616536707,101.69823855087583,100.0,0.0,99.91724530684468,100.92651041095422,24.32985303415728,True,True,ok
1197,100.61954854284761,100.92651041095422,100.68125616536707,101.69823855087583,100.0,0.0,99.91724530684468,100.92651041095422,30.460740045939023,True,False,ok
1198,100.60859362983011,100.92651041095422,100.68125616536707,101.69823855087583,100.0,0.0,99.91724530684468,100.92651041095422,31.5495453104547,True,False,ok
1199,100.55955743472366,100.80240796262271,100.55955743472366,101.5753105401249,100.0,0.0,99.79438388299648,100.80240796262271,24.120806048406017,True,True,ok
1200,100.50367015907229,100.7505811040683,100.50367015907229,101.51885874653766,100.0,0.0,99.74307529302762,100.7505811040683,24.537227644021645,True,True,ok
1201,100.47992657110002,100.7505811040683,100.50367015907229,101.51885874653766,100.0,0.0,99.74307529302762,100.7505811040683,26.89996654102632,True,False,ok
1202,100.51624567577646,100.7505811040683,100.50367015907229,101.51885874653766,100.0,0.0,99.74307529302762,100.7505811040683,23.28605641868798,True,True,ok
1203,100.42965037936831,100.60962898003162,100.34703520712368,101.36064162335725,100.0,0.0,99.6035326902313,100.60962898003162,17.904824302841444,True,True,ok
1204,100.38564570680545,100.60962898003162,100.34703520712368,101.36064162335725,100.0,0.0,99.6035326902313,100.60962898003162,22.287426039346617,True,True,ok
1205,100.28637012809949,100.52856091083525,100.28637012809949,101.29936376575706,100.0,0.0,99.5232753017269,100.52856091083525,24.12080604839489,True,True,ok
1206,100.27199713858694,100.51415321066794,100.27199713858694,101.28484559453226,100.0,0.0,99.50901167856127,100.51415321066794,24.1208060484049,True,True,ok
1207,100.25671585065105,100.4988350185437,100.25671585065106,101.26940995015259,100.0,0.0,99.49384666835826,100.4988350185437,24.120806048399338,True,False,ok
1208,100.40347750696995,100.4988350185437,100.25671585065106,101.26940995015259,100.0,0.0,99.49384666835826,100.4988350185437,9.49292395254428,True,True,good
1209,100.40146458066639,100.4988350185437,100.25671585065106,101.26940995015259,100.0,0.0,99.49384666835826,100.4988350185437,9.693409685884038,True,True,good
1210,100.14460264083647,100.3864510562231,100.14460264083647,101.1561642836732,100.0,0.0,99.38258654566086,100.3864510562231,24.120806048406017,True,True,ok
1211,100.23921047510078,100.30932577406442,100.06766316689274,101.078447643326,100.0,0.0,99.30623251632377,100.30932577406442,6.992352388283059,True,True,good
1212,100.26798266342821,100.30932577406442,100.06766316689274,101.078447643326,100.0,0.0,99.30623251632377,100.30932577406442,4.122411607152516,True,True,good
1213,100.35655674146423,100.16899097526124,99.90277321108785,100.91189213241196,100.0,0.0,99.16730106550862,100.16899097526124,18.707423870956585,False,True,bad
1214,100.1371489980747,100.05839770551822,99.81525299810679,100.82348787687555,100.0,0.0,99.05781372846303,100.05839770551822,7.8674374046002535,False,True,good
1215,100.10568460894201,100.05839770551822,99.81525299810679,100.82348787687555,100.0,0.0,99.05781372846303,100.05839770551822,4.724814138152458,False,True,good
1216,99.9100206149932,100.05839770551822,99.81525299810679,100.82348787687555,100.0,0.0,99.05781372846303,100.05839770551822,14.840055144883824,True,True,ok
1217,99.7889614672534,100.02995101204682,99.78896146725342,100.79693077500345,100.0,0.0,99.02965150192635,100.02995101204682,24.120806048407132,True,False,ok
1218,99.83431891326357,100.02995101204682,99.78896146725342,100.79693077500345,100.0,0.0,99.02965150192635,100.02995101204682,19.57650172635951,True,True,ok
1219,99.87356743151335,99.89000706425092,99.55203523936562,100.55761135289457,100.0,0.0,98.89110699360842,99.89000706425092,1.6459089517381167,True,True,good
1220,99.87996555792853,99.89617796339951,98.25140086087657,101.88877493120845,100.0,0.0,98.89721618376551,99.89617796339951,1.6230572100162015,True,True,good
1221,99.76329356888154,99.89617796339951,98.25140086087657,101.88877493120845,100.0,0.0,98.89721618376551,99.89617796339951,13.311105465635583,True,True,ok
1222,99.79217023216604,99.89617796339951,98.25140086087657,101.88877493120845,100.0,0.0,98.89721618376551,99.89617796339951,10.417006458168565,True,True,good
1223,99.80127501629563,99.89617796339951,98.25140086087657,101.88877493120845,100.0,0.0,98.89721618376551,99.89617796339951,9.50467347803787,True,True,good
1224,99.70220353695044,99.90089582062231,95.7484180471308,104.55227431603268,100.0,0.0,98.90188686241609,99.90089582062231,19.908743896172748,True,True,ok
1225,99.80331559841733,99.90089582062231,95.7484180471308,104.55227431603268,100.0,0.0,98.90188686241609,99.90089582062231,9.772475931025605,True,True,good
1226,99.72437558543312,99.96520915583787,99.72437558543312,100.73169251053851,100.0,0.0,98.9655570642795,99.96520915583787,24.120806048406017,True,True,ok
1227,99.94118369546709,99.96520915583787,99.72437558543312,100.73169251053851,100.0,0.0,98.9655570642795,99.96520915583787,2.4036710526136504,True,True,good
1228,100.0341096559344,99.97507322738348,97.86937085442494,102.64094935502615,100.0,0.0,98.97532249510964,99.97507322738348,5.903371976663601,False,True,good
1229,100.03362023846559,100.11513635121152,100.03362023846559,101.04406084693494,100.0,0.0,99.1139849876994,100.11513635121152,8.145553201733234,True,True,good
1230,100.10809659364492,100.24253312820312,100.00103143612905,101.01114286477683,100.0,0.0,99.2401077969211,100.24253312820312,13.420127994757058,True,True,ok
1231,100.18724811134217,100.24253312820312,100.00103143612905,101.01114286477683,100.0,0.0,99.2401077969211,100.24253312820312,5.5166470692264555,True,True,good
1232,100.22073118929335,100.15397988774524,99.91269153582465,100.92191064224713,100.0,0.0,99.15244008886778,100.15397988774524,6.662647562520492,False,True,good
1233,100.18005716581443,100.15397988774524,99.91269153582465,100.92191064224713,100.0,0.0,99.15244008886778,100.15397988774524,2.603379695233649,False,True,good
1234,100.20582958828025,100.15397988774524,99.91269153582465,100.92191064224713,100.0,0.0,99.15244008886778,100.15397988774524,5.175658913635274,False,True,good
1235,100.07026221266884,100.01386242101495,99.75760997250143,100.76526259848629,100.0,0.0,99.0137237968048,100.01386242101495,5.637608006224442,False,True,good
1236,99.91709214552782,100.01386242101495,99.75760997250143,100.76526259848629,100.0,0.0,99.0137237968048,100.01386242101495,9.68037023119752,True,True,good
1237,99.96641718434566,100.01386242101495,99.75760997250143,100.76526259848629,100.0,0.0,99.0137237968048,100.01386242101495,4.744991621484888,True,True,good
1238,99.93412076014832,100.0231520073372,97.3316191209716,103.2768370223341,100.0,0.0,99.02292048726383,100.0231520073372,8.905027743187947,True,True,good
1239,100.17360546911779,100.16328248859638,99.94648183841973,100.95604226103003,100.0,0.0,99.16164966371042,100.16328248859638,1.0305621331938135,False,True,good
1240,100.1741896093957,100.16328248859638,99.94648183841973,100.95604226103003,100.0,0.0,99.16164966371042,100.16328248859638,1.0888747567653676,False,True,good
1241,100.23640826941252,100.16328248859638,99.94648183841973,100.95604226103003,100.0,0.0,99.16164966371042,100.16328248859638,7.297993702998715,False,True,good
1242,100.14921138463114,100.16328248859638,99.94648183841973,100.95604226103003,100.0,0.0,99.16164966371042,100.16328248859638,1.4049152617795073,True,True,good
1243,100.22161169288061,100.16328248859638,99.94648183841973,100.95604226103003,100.0,0.0,99.16164966371042,100.16328248859638,5.821716868421964,False,True,good
1244,100.31040343519494,100.17187190773876,96.80867355438565,104.22827701127679,100.0,0.0,99.17015318866137,100.17187190773876,13.81983013385185,False,True,bad
1245,100.25004326063498,100.23228456762789,99.99080756611824,101.00081572335175,100.0,0.0,99.22996172195161,100.23228456762789,1.771596853040558,False,True,good
1246,100.31083177717161,100.23228456762789,99.99080756611824,101.00081572335175,100.0,0.0,99.22996172195161,100.23228456762789,7.833448985129745,False,True,good
1247,100.41619330722372,100.23228456762789,99.99080756611824,101.00081572335175,100.0,0.0,99.22996172195161,100.23228456762789,18.331441438731495,False,True,bad
1248,100.36919352634808,100.2124775057395,99.97104822288591,100.98085679079385,100.0,0.0,99.2103527306821,100.2124775057395,15.626158830055271,False,True,bad
1249,100.38402562806826,100.09649658844756,99.84913454436592,100.85771166097568,100.0,0.0,99.09553162256309,100.09649658844756,28.684007162807436,False,True,bad
1250,100.42584360835188,100.18180599711049,99.42158517226837,100.42584360835188,100.0,0.0,99.17998793713939,100.18180599711049,24.329853034157512,False,True,bad
1251,100.34617490497813,100.18180599711049,99.42158517226837,100.42584360835188,100.0,0.0,99.17998793713939,100.18180599711049,16.393616884795954,False,True,bad
1252,100.32373256521299,100.18180599711049,99.42158517226837,100.42584360835188,100.0,0.0,99.17998793713939,100.18180599711049,14.156874949581855,False,True,bad
1253,100.19133400186375,100.18180599711049,99.42158517226837,100.42584360835188,100.0,0.0,99.17998793713939,100.18180599711049,0.9510261465683136,False,True,good
1254,100.00144821891469,100.18180599711049,99.42158517226837,100.42584360835188,100.0,0.0,99.17998793713939,100.18180599711049,18.019272161705647,True,True,ok
1255,100.08433605816799,100.18180599711049,99.42158517226837,100.42584360835188,100.0,0.0,99.17998793713939,100.18180599711049,9.734041474847555,True,True,good
1256,100.09936500211668,100.20414759675435,98.66538922572029,103.24498760768198,100.0,0.0,99.20210612078681,100.20414759675435,10.462383094155184,True,True,good
1257,100.12199479466841,100.3445316492972,100.12199479466841,101.13332807542264,100.0,0.0,99.34108633280422,100.3445316492972,22.20190572340344,True,True,ok
1258,100.06393719749242,100.30768768653623,100.06393719749242,101.07468403787114,100.0,0.0,99.30461080967086,100.30768768653623,24.329853034158397,True,True,ok
1259,100.18056845669338,100.16735517945101,99.83586401493658,100.84430708579453,100.0,0.0,99.1656816276565,100.16735517945101,1.3190331121691923,False,True,good
1260,100.29519185821312,100.16735517945101,99.83586401493658,100.84430708579453,100.0,0.0,99.1656816276565,100.16735517945101,12.754172585396304,False,True,bad
1261,100.23786245897212,100.17249481797153,97.56082693017676,103.19591218823268,100.0,0.0,99.17076986979181,100.17249481797153,6.523379750112016,False,True,good
1262,100.3891631332872,100.17249481797153,97.56082693017676,103.19591218823268,100.0,0.0,99.17076986979181,100.17249481797153,21.606163592549233,False,True,bad
1263,100.3989501277726,100.17249481797153,97.56082693017676,103.19591218823268,100.0,0.0,99.17076986979181,100.17249481797153,22.58102154944725,False,True,bad
1264,100.33188008133138,100.17249481797153,97.56082693017676,103.19591218823268,100.0,0.0,99.17076986979181,100.17249481797153,15.898435833311956,False,True,bad
1265,100.34299505060453,100.17529160954011,94.4287075738889,106.46363322660694,100.0,0.0,99.17353869344471,100.17529160954011,16.727001108928715,False,True,bad
1266,100.25524546230622,100.17529160954011,94.4287075738889,106.46363322660694,100.0,0.0,99.17353869344471,100.17529160954011,7.978211122435866,False,True,good
1267,100.13487902334126,100.21580622278863,99.4532483283142,100.45782659425677,100.0,0.0,99.21364816056074,100.21580622278863,8.078555234213807,True,True,good
1268,100.1786988339426,100.21580622278863,99.4532483283142,100.45782659425677,100.0,0.0,99.21364816056074,100.21580622278863,3.7034338101875064,True,True,good
1269,100.31243485585033,100.3562066088387,99.64513725920607,100.65165379717784,100.0,0.0,99.35264454275031,100.3562066088387,4.362590324339116,True,True,good
1270,100.14528915219064,100.3562066088387,99.64513725920607,100.65165379717784,100.0,0.0,99.35264454275031,100.3562066088387,21.038998601762493,True,True,ok
1271,100.15511301255664,100.3562066088387,99.64513725920607,100.65165379717784,100.0,0.0,99.35264454275031,100.3562066088387,20.058085905861056,True,True,ok
1272,100.16846143398863,100.3562066088387,99.64513725920607,100.65165379717784,100.0,0.0,99.35264454275031,100.3562066088387,18.725399876409256,True,True,ok
1273,100.0110522805245,100.3562066088387,99.64513725920607,100.65165379717784,100.0,0.0,99.35264454275031,100.3562066088387,34.452202583330184,True,True,ok
1274,100.05336251979436,100.3562066088387,99.64513725920607,100.65165379717784,100.0,0.0,99.35264454275031,100.3562066088387,30.22254085734261,True,True,ok
1275,99.92250644640714,100.34992799584921,96.17910545315908,104.27886400825794,100.0,0.0,99.34642871589072,100.34992799584921,42.68407677530044,True,True,bad
1276,99.86138756743267,100.20953639370715,99.42825165092358,100.43257742517534,100.0,0.0,99.20744102977008,100.20953639370715,34.80257608505321,True,True,ok
1277,99.98453658809113,100.20953639370715,99.42825165092358,100.43257742517534,100.0,0.0,99.20744102977008,100.20953639370715,22.478178000228187,True,True,ok
1278,100.06164186766887,100.20953639370715,99.42825165092358,100.43257742517534,100.0,0.0,99.20744102977008,100.20953639370715,14.7694295511202,True,True,ok
1279,99.99091481857074,100.20953639370715,99.42825165092358,100.43257742517534,100.0,0.0,99.20744102977008,100.20953639370715,21.840276654146212,True,True,ok
1280,99.97080430234455,100.20111345075065,96.84371534675317,103.11289221429061,100.0,0.0,99.19910231624314,100.20111345075065,23.011144881625263,True,True,ok
1281,100.00054993874558,100.1492865839027,99.38723484786472,100.39114631097446,100.0,0.0,99.14779371806367,100.1492865839027,14.862532502701457,True,True,ok
1282,100.10929104658733,100.1492865839027,99.38723484786472,100.39114631097446,100.0,0.0,99.14779371806367,100.1492865839027,3.994389485871545,True,True,good
1283,100.10892248927071,100.1492865839027,99.38723484786472,100.39114631097446,100.0,0.0,99.14779371806367,100.1492865839027,4.031205049262175,True,True,good
1284,100.02887732371435,100.1492865839027,99.38723484786472,100.39114631097446,100.0,0.0,99.14779371806367,100.1492865839027,12.030210724269502,True,True,ok
1285,100.05939725538482,100.26462954613002,99.50170014727875,100.5067678255341,100.0,0.0,99.26198325066872,100.26462954613002,20.490039644897106,True,True,ok
1286,100.00790624177063,100.25676984723617,98.35263032980599,101.68100478262201,100.0,0.0,99.25420214876381,100.25676984723617,24.853482743662525,True,True,ok
1287,99.98028270682448,100.24914652797978,97.27961256769949,102.80257097024082,100.0,0.0,99.24665506269997,100.24914652797978,26.85559098630186,True,True,ok
1288,99.79858705870372,100.24914652797978,97.27961256769949,102.80257097024082,100.0,0.0,99.24665506269997,100.24914652797978,45.04527225051289,True,True,bad
1289,99.80497484433103,100.24914652797978,97.27961256769949,102.80257097024082,100.0,0.0,99.24665506269997,100.24914652797978,44.405224991978365,True,True,bad
1290,99.80405265155859,100.24914652797978,97.27961256769949,102.80257097024082,100.0,0.0,99.24665506269997,100.24914652797978,44.4976248983365,True,True,bad
1291,99.88282827550303,100.2417524621391,95.24753350334542,104.99583461231784,100.0,0.0,99.23933493751771,100.2417524621391,35.87011352219009,True,True,bad
1292,99.84502438050494,100.2417524621391,95.24753350334542,104.99583461231784,100.0,0.0,99.23933493751771,100.2417524621391,39.65565419133792,True,True,bad
1293,99.85427769345894,100.2417524621391,95.24753350334542,104.99583461231784,100.0,0.0,99.23933493751771,100.2417524621391,38.728929574424086,True,True,bad
1294,99.75994215843167,100.2417524621391,95.24753350334542,104.99583461231784,100.0,0.0,99.23933493751771,100.2417524621391,48.18071533600411,True,True,bad
1295,99.86443493914658,100.2417524621391,95.24753350334542,104.99583461231784,100.0,0.0,99.23933493751771,100.2417524621391,37.71177444033501,True,True,bad
1296,99.8543117970632,100.2417524621391,95.24753350334542,104.99583461231784,100.0,0.0,99.23933493751771,100.2417524621391,38.725514237672364,True,True,bad
1297,99.72524627611901,100.2417524621391,95.24753350334542,104.99583461231784,100.0,0.0,99.23933493751771,100.2417524621391,51.65925757112404,True,True,bad
1298,99.66843302390342,100.2417524621391,95.24753350334542,104.99583461231784,100.0,0.0,99.23933493751771,100.2417524621391,57.35785884599825,True,True,bad
1299,99.86996415822017,100.2417524621391,95.24753350334542,104.99583461231784,100.0,0.0,99.23933493751771,100.2417524621391,37.1581172736181,True,True,bad
1300,99.84314012252949,100.2417524621391,95.24753350334542,104.99583461231784,100.0,0.0,99.23933493751771,100.2417524621391,39.844374236934,True,True,bad
1301,99.8031528150295,100.2417524621391,95.24753350334542,104.99583461231784,100.0,0.0,99.23933493751771,100.2417524621391,43.850189466091436,True,True,bad
1302,99.92213539244686,100.2417524621391,95.24753350334542,104.99583461231784,100.0,0.0,99.23933493751771,100.2417524621391,31.9355648774184,True,True,ok
1303,99.96748536184037,100.10151219978167,99.0607135409148,100.06132680900485,100.0,0.0,99.10049707778384,100.10151219978167,13.398063630432823,True,True,ok
1304,99.92932368671866,100.08521691523269,98.10789854963366,101.03311331794602,0.0,100.0,100.08521691523269,101.08606908438502,15.588192699607546,False,True,bad
1305,99.96750021877575,100.08521691523269,98.10789854963366,101.03311331794602,0.0,100.0,100.08521691523269,101.08606908438502,11.768568978193317,False,True,good
1306,100.06236646479098,100.08521691523269,98.10789854963366,101.03311331794602,0.0,100.0,100.08521691523269,101.08606908438502,2.2833601240745907,False,True,good
1307,100.11318793605074,100.08521691523269,98.10789854963366,101.03311331794602,0.0,100.0,100.08521691523269,101.08606908438502,2.7943300568069316,True,True,good
1308,100.25557480057398,100.06941302371807,96.15061516758475,103.08978693765415,0.0,100.0,100.06941302371807,101.07010715395525,18.585981955357525,True,True,ok
1309,100.31587642019495,100.07419803137775,99.312717655993,100.31587642019495,0.0,100.0,100.07419803137775,101.07494001169152,24.120806048406003,True,True,ok
1310,100.25243333238997,100.07419803137775,99.312717655993,100.31587642019495,0.0,100.0,100.07419803137775,101.07494001169152,17.794473638346687,True,True,ok
1311,100.4249746231613,100.18093912357817,99.42072487692968,100.42497462316129,0.0,100.0,100.18093912357817,101.18274851481395,24.32985303416416,True,False,ok
1312,100.30229866402533,100.30661857646366,99.5433696764501,100.5488582590405,0.0,100.0,100.30661857646366,101.3096847622283,0.43068000150939045,False,True,good
1313,100.12874303196095,100.30661857646366,99.5433696764501,100.5488582590405,0.0,100.0,100.30661857646366,101.3096847622283,17.748923121274867,False,True,bad
1314,100.05282472996932,100.29875558606867,97.99956519533164,102.13282220461774,0.0,100.0,100.29875558606867,101.30174314192935,24.549941580704683,False,True,bad
1315,100.02386121865756,100.29112907430266,96.8870982982525,103.30552100356563,0.0,100.0,100.29112907430266,101.29404036504569,26.684774199905945,False,True,bad
1316,100.09270413137814,100.1508197330547,99.33197270927982,100.33532596896951,0.0,100.0,100.1508197330547,101.15232793038525,5.804492668397354,False,True,good
1317,100.2815292221432,100.1508197330547,99.33197270927982,100.33532596896951,0.0,100.0,100.1508197330547,101.15232793038525,13.042755652907271,True,True,ok
1318,100.20932975797811,100.1508197330547,99.33197270927982,100.33532596896951,0.0,100.0,100.1508197330547,101.15232793038525,5.840485419406144,True,True,good
1319,100.19561096160841,100.14125204412119,97.248247509882,102.4851975858343,0.0,100.0,100.14125204412119,101.1426645645624,5.426751522979744,True,True,good
1320,100.0633738449044,100.00115238390451,99.06274010645537,100.0633738449044,0.0,100.0,100.00115238390451,101.00116390774356,6.220139489883076,True,True,good
1321,99.99615913565842,99.92702462147895,99.16666411181004,100.16834758768691,0.0,100.0,99.92702462147895,100.92629486769374,6.916108040694981,True,True,good
1322,100.15326655878675,99.92702462147895,99.16666411181004,100.16834758768691,0.0,100.0,99.92702462147895,100.92629486769374,22.61512439813392,True,True,ok
1323,100.17922565697297,99.93787648360465,99.17743340040326,100.17922565697299,0.0,100.0,99.93787648360465,100.9372552484407,24.120806048406003,True,True,ok
1324,100.01154007729292,100.07788749552158,99.32609649019868,100.32939039414008,0.0,100.0,100.07788749552158,101.0786663704768,6.63177674754189,False,True,good
1325,99.88502516580677,100.21809466013003,99.57900229107642,100.5848507990671,0.0,100.0,100.21809466013003,101.22027560673133,33.28981599146513,False,True,bad
1326,99.6820128338276,100.07788749552158,99.54321189734752,100.54869888620962,0.0,100.0,100.07788749552158,101.0786663704768,39.63509986615373,False,True,bad
1327,99.74895512178945,100.07689147669124,98.14924048547012,101.97674877284724,0.0,100.0,100.07689147669124,101.07766039145815,32.8222454591162,False,True,bad
1328,99.84736285055406,100.07689147669124,98.14924048547012,101.97674877284724,0.0,100.0,100.07689147669124,101.07766039145815,22.96156889573609,False,True,bad
1329,100.10444468623008,100.07592534789698,96.2253968241544,104.01557976968634,0.0,100.0,100.07592534789698,101.07668460137596,2.849364153057564,True,True,good
1330,100.12055812264713,100.07592534789698,96.2253968241544,104.01557976968634,0.0,100.0,100.07592534789698,101.07668460137596,4.458897051125287,True,True,good
1331,100.24784256624407,100.07592534789698,96.2253968241544,104.01557976968634,0.0,100.0,100.07592534789698,101.07668460137596,17.163940389397993,True,True,ok
1332,100.44909091390166,100.20709158820635,99.44460000476265,100.44909091390167,0.0,100.0,100.20709158820635,101.20916250408841,24.120806048401572,True,True,ok
1333,100.57284586350028,100.33054839061333,99.56711740486529,100.57284586350029,0.0,100.0,100.33054839061333,101.33385387451946,24.12080604840822,True,True,ok
1334,100.65665287895204,100.41205439472192,99.65008635016254,100.65665287895206,0.0,100.0,100.41205439472192,101.41617493866914,24.329853034157512,True,True,ok
1335,100.51075779770512,100.55272972062569,99.84200904544367,100.85051418731685,0.0,100.0,100.55272972062569,101.55825701783195,4.174992093121754,False,True,good
1336,100.45175042144075,100.55272972062569,99.84200904544367,100.85051418731685,0.0,100.0,100.55272972062569,101.55825701783195,10.047468355788762,False,True,good
1337,100.4761921338351,100.64502981722322,99.87920589264074,100.88808676024317,0.0,100.0,100.64502981722322,101.65148011539546,16.789647697238152,False,True,bad
1338,100.52529021391157,100.64502981722322,99.87920589264074,100.88808676024317,0.0,100.0,100.64502981722322,101.65148011539546,11.9043025266954,False,True,good
1339,100.44291418265671,100.64502981722322,99.87920589264074,100.88808676024317,0.0,100.0,100.64502981722322,101.65148011539546,20.102219815718254,False,True,bad
1340,100.62618222121021,100.64502981722322,99.87920589264074,100.88808676024317,0.0,100.0,100.64502981722322,101.65148011539546,1.872855623733855,False,True,good
1341,100.72222104092099,100.64502981722322,99.87920589264074,100.88808676024317,0.0,100.0,100.64502981722322,101.65148011539546,7.66671116080621,True,True,good
1342,100.77018982384946,100.76044783988883,99.99374568134634,101.00378351651146,0.0,100.0,100.76044783988883,101.76805231828772,0.9667992997150653,True,True,good
1343,100.69594894229317,100.75050627911394,98.61006535276172,102.42105210734402,0.0,100.0,100.75050627911394,101.75801134190507,5.416559759732589,False,True,good
1344,100.76148497318223,100.60955425975888,99.75387012345041,100.76148497318223,0.0,100.0,100.60955425975888,101.61564980235647,15.089631838873586,True,True,ok
1345,100.81724083678395,100.57225211932096,99.80906842841611,100.81724083678395,0.0,100.0,100.57225211932096,101.57797464051417,24.329853034148652,True,True,ok
1346,100.72324171170597,100.47848141474816,99.71600929458891,100.72324171170598,0.0,100.0,100.47848141474816,101.48326622889564,24.32985303415973,True,True,ok
1347,100.78317510579289,100.47848141474816,99.71600929458891,100.72324171170598,0.0,100.0,100.47848141474816,101.48326622889564,30.27838775586063,True,False,ok
1348,100.8070102204867,100.47848141474816,99.71600929458891,100.72324171170598,0.0,100.0,100.47848141474816,101.48326622889564,32.64309760185842,True,False,ok
1349,100.7439892826617,100.47848141474816,99.71600929458891,100.72324171170598,0.0,100.0,100.47848141474816,101.48326622889564,26.389500245934777,True,False,ok
1350,100.98529407510097,100.61924980360884,99.97544113434995,100.98529407510097,0.0,100.0,100.61924980360884,101.62544230164492,36.31313726215629,True,True,bad
1351,100.98391805860281,100.61924980360884,99.97544113434995,100.98529407510097,0.0,100.0,100.61924980360884,101.62544230164492,36.17687723681283,True,True,bad
1352,101.05529820022478,100.76021540623135,100.04474521822254,101.0552982002248,0.0,100.0,100.76021540623135,101.76781756029366,29.242846498978704,True,True,ok
1353,101.02260086598456,100.76021540623135,100.04474521822254,101.0552982002248,0.0,100.0,100.76021540623135,101.76781756029366,26.006734615723605,True,True,ok
1354,101.1008848418386,100.85731523123957,100.08987599342025,101.10088484183863,0.0,100.0,100.85731523123957,101.86588838355196,24.120806048406003,True,True,ok
1355,100.94447029318651,100.84940907198333,98.60219962686682,102.62626051891289,0.0,100.0,100.84940907198333,101.85790316270317,9.421616605433837,True,True,good
1356,101.0203133498202,100.77693784995489,100.01011021632199,101.0203133498202,0.0,100.0,100.77693784995489,101.78470722845444,24.12080604840379,True,True,ok
1357,101.04421654771491,100.79867627292036,100.03377438223777,101.04421654771491,0.0,100.0,100.79867627292036,101.80666303564956,24.32985303416416,True,True,ok
1358,100.91735207719032,100.79083792038823,98.56301557882676,102.55199986936528,0.0,100.0,100.79083792038823,101.79874629959211,12.544277294215549,True,True,ok
1359,100.89248296370221,100.64982947624196,100.33093871145016,101.34438253681834,0.0,100.0,100.64982947624196,101.65632777100438,24.079668608622356,True,True,ok
1360,100.92559652319571,100.65542119016462,98.97124598445994,102.73667803119115,100.0,0.0,99.64886697826297,100.65542119016462,26.805648455685624,False,True,bad
1361,101.14361104126279,100.65542119016462,98.97124598445994,102.73667803119115,100.0,0.0,99.64886697826297,100.65542119016462,48.38385973170659,False,True,bad
1362,101.0197394970294,100.7964374681928,100.40935681056773,101.4235927379472,100.0,0.0,99.78847309351087,100.7964374681928,22.12925874635716,False,True,bad
1363,101.0531106342387,100.8009194238616,99.05334678819301,102.81205070244177,100.0,0.0,99.79291022962299,100.8009194238616,24.98749631332471,False,True,bad
1364,101.05707476442035,100.9421395420718,101.05707476442035,102.0778532973943,100.0,0.0,99.93271814665108,100.9421395420718,11.379770475493373,False,True,good
1365,100.9893982115462,101.08686763049447,100.98939821154619,102.00949314297596,100.0,0.0,100.07599895418952,101.08686763049447,9.646796084727725,True,True,good
1366,101.03317801032078,101.06513099334379,100.8216475199826,101.84004799998243,100.0,0.0,100.05447968341035,101.06513099334379,3.162122775473251,True,True,good
1367,100.94653203920603,101.07510359972663,99.38078059241442,103.31657048441471,0.0,100.0,101.07510359972663,102.0858546357239,12.72849588339247,False,True,bad
1368,100.96385720124246,101.07510359972663,99.38078059241442,103.31657048441471,0.0,100.0,101.07510359972663,102.0858546357239,11.012371998522262,False,True,good
1369,100.90824416035693,101.07510359972663,99.38078059241442,103.31657048441471,0.0,100.0,101.07510359972663,102.0858546357239,16.52210235921178,False,True,bad
1370,100.96050878035422,101.04142360177835,100.27258345429533,101.28543783262154,0.0,100.0,101.04142360177835,102.05183783779613,8.011292248305084,False,True,good
1371,100.91729384055571,101.07432481887018,100.30523432083086,101.31841850588977,0.0,100.0,101.07432481887018,102.08506806705888,15.548269872945628,False,True,bad
1372,100.88488523630734,100.9329197707536,100.29526092234737,101.30834436600745,0.0,100.0,100.9329197707536,101.94224896846114,4.760188066816264,False,True,good
1373,100.82188983944995,100.9329197707536,100.29526092234737,101.30834436600745,0.0,100.0,100.9329197707536,101.94224896846114,11.006423363761261,False,True,good
1374,100.77897830479323,100.9329197707536,100.29526092234737,101.30834436600745,0.0,100.0,100.9329197707536,101.94224896846114,15.263501788054032,False,True,bad
1375,100.64281445647818,100.9329197707536,100.29526092234737,101.30834436600745,0.0,100.0,100.9329197707536,101.94224896846114,28.783773571005845,False,True,bad
1376,100.61862163098905,100.9329197707536,100.29526092234737,101.30834436600745,0.0,100.0,100.9329197707536,101.94224896846114,31.187892917062932,False,True,bad
1377,100.57420457061859,100.92894554638225,97.1660854995203,104.5709187476725,0.0,100.0,100.92894554638225,101.93823500184608,35.20950834142315,False,True,bad
1378,100.51991117219075,100.92509069825545,95.7850513675093,106.07862799817117,0.0,100.0,100.92509069825545,101.934341605238,40.227364163991936,False,True,bad
1379,100.38527179197494,100.92509069825545,95.7850513675093,106.07862799817117,0.0,100.0,100.92509069825545,101.934341605238,53.63064210692321,False,True,bad
1380,100.11753481855217,100.92509069825545,95.7850513675093,106.07862799817117,0.0,100.0,100.92509069825545,101.934341605238,80.3372141577554,False,True,bad
1381,100.12335972090312,101.0015151540099,100.23297867620768,101.24543300627039,0.0,100.0,101.0015151540099,102.01153030555,87.32495312333782,False,False,bad
1382,100.14777041481454,100.99359769098702,98.77845160534434,102.73628673717593,0.0,100.0,100.99359769098702,102.00353366789689,84.10326228083218,False,True,bad
1383,100.28212811025,100.99359769098702,98.77845160534434,102.73628673717593,0.0,100.0,100.99359769098702,102.00353366789689,70.69630887224103,False,True,bad
1384,100.40180260127086,100.85230558177379,100.12121068091795,101.13253604133126,0.0,100.0,100.85230558177379,101.86082863759152,44.76964341551836,False,True,bad
1385,100.40834268453085,100.7112111431118,100.08490701820037,101.09586567494986,0.0,100.0,100.7112111431118,101.71832325454291,30.118273610174107,False,True,bad
1386,100.58412472127743,100.70754614212859,98.6340526805029,102.58293196951746,0.0,100.0,100.70754614212859,101.71462160354987,12.262945186803119,False,True,bad
1387,100.4488440893901,100.70754614212859,98.6340526805029,102.58293196951746,0.0,100.0,100.70754614212859,101.71462160354987,25.721499085445856,False,True,bad
1388,100.33955772221726,100.70754614212859,98.6340526805029,102.58293196951746,0.0,100.0,100.70754614212859,101.71462160354987,36.60722525077569,False,True,bad
1389,100.34264404431504,100.70754614212859,98.6340526805029,102.58293196951746,0.0,100.0,100.70754614212859,101.71462160354987,36.299642209444976,False,True,bad
1390,100.22267579466696,100.70754614212859,98.6340526805029,102.58293196951746,0.0,100.0,100.70754614212859,101.71462160354987,48.262653965612316,False,True,bad
1391,100.35274449153799,100.56665422488403,99.90402129646002,100.91315282470708,0.0,100.0,100.56665422488403,101.57232076713288,21.293097185649252,False,True,bad
1392,100.50700583021126,100.69323468396533,99.92704396093984,100.93640804135337,0.0,100.0,100.69323468396533,101.70016703080498,18.51179764596075,False,True,bad
1393,100.62129511190615,100.69323468396533,99.92704396093984,100.93640804135337,0.0,100.0,100.69323468396533,101.70016703080498,7.1469829022584355,False,True,good
1394,100.63986289647991,100.79748481492297,100.03050083618912,101.04090993554456,0.0,100.0,100.79748481492297,101.8054596630722,15.649724582226137,False,True,bad
1395,100.55578254863458,100.79748481492297,100.03050083618912,101.04090993554456,0.0,100.0,100.79748481492297,101.8054596630722,24.00779342154056,False,True,bad
1396,100.60249301291479,100.78958334574587,97.97726439437687,103.15834891157537,0.0,100.0,100.78958334574587,101.79747917920332,18.579716743021574,False,True,bad
1397,100.78931623393069,100.64857665677519,99.78142307159138,100.78931623393069,0.0,100.0,100.64857665677519,101.65506242334294,13.973498038164184,True,True,ok
1398,100.69044732055588,100.74896880538532,99.98235399262909,100.9922767602314,0.0,100.0,100.74896880538532,101.75645849343917,5.810331225270716,False,True,good
1399,100.77528763179293,100.7817748522211,100.01491041307419,101.02516203340828,0.0,100.0,100.7817748522211,101.78959260074332,0.64371055526,False,True,good
1400,100.73737351851325,100.7817748522211,100.01491041307419,101.02516203340828,0.0,100.0,100.7817748522211,101.78959260074332,4.4066615788474355,False,True,good
1401,100.93143034903444,100.77387461454087,97.82349302164074,103.28830241220682,0.0,100.0,100.77387461454087,101.78161336068628,15.622372110245484,True,True,ok
1402,100.8755969292725,100.76621197569791,96.38037770854923,104.8348509360674,0.0,100.0,100.76621197569791,101.7738740954549,10.849432952261775,True,True,good
1403,100.88541042731822,100.76621197569791,96.38037770854923,104.8348509360674,0.0,100.0,100.76621197569791,101.7738740954549,11.82221735515792,True,True,good
1404,100.91168609369554,100.76621197569791,96.38037770854923,104.8348509360674,0.0,100.0,100.76621197569791,101.7738740954549,14.426384310858236,True,True,ok
1405,100.87950064628475,100.76621197569791,96.38037770854923,104.8348509360674,0.0,100.0,100.76621197569791,101.7738740954549,11.236408752094666,True,True,good
1406,100.88899432457376,100.76621197569791,96.38037770854923,104.8348509360674,0.0,100.0,100.76621197569791,101.7738740954549,12.177455400370633,True,True,ok
1407,100.94391250982532,100.76621197569791,96.38037770854923,104.8348509360674,0.0,100.0,100.76621197569791,101.7738740954549,17.619401163156517,True,True,ok
1408,100.93230530248343,100.75557405471667,94.08386643339237,107.16623513797111,0.0,100.0,100.75557405471667,101.76312979526384,17.52522695597171,True,True,ok
1409,101.10982057876511,100.86622944042212,100.09872237297748,101.10982057876512,0.0,100.0,100.86622944042212,101.87489173482633,24.12080604840379,True,True,ok
1410,101.01351063461789,100.85832258238504,98.70344402336765,102.53911562497532,0.0,100.0,100.85832258238504,101.8669058082089,15.374911926074896,True,True,ok
1411,101.11088894340003,100.8486698870107,97.37248018468875,103.94070111081383,0.0,100.0,100.8486698870107,101.8571565858808,25.96749619136698,True,True,ok
1412,100.93414836670247,100.94602029124785,100.17790608261953,101.18980412385811,0.0,100.0,100.94602029124785,101.95548049416033,1.1761357876780365,False,True,good
1413,101.00951466974708,101.08744369293763,100.45644173233009,101.47115326497989,0.0,100.0,101.08744369293763,102.098318129867,7.71204353438086,False,True,good
1414,100.83324750136462,101.08744369293763,100.45644173233009,101.47115326497989,0.0,100.0,101.08744369293763,102.098318129867,25.177838323909565,False,True,bad
1415,100.7709697219155,101.08744369293763,100.45644173233009,101.47115326497989,0.0,100.0,101.08744369293763,102.098318129867,31.356060415476364,False,True,bad
1416,100.78023950267954,101.08744369293763,100.45644173233009,101.47115326497989,0.0,100.0,101.08744369293763,102.098318129867,30.436216688790363,False,True,bad
1417,100.83536205025072,101.08744369293763,100.45644173233009,101.47115326497989,0.0,100.0,101.08744369293763,102.098318129867,24.96813301668593,False,True,bad
1418,100.79334396391233,101.08369381600832,97.46949014150312,104.58073578385697,0.0,100.0,101.08369381600832,102.0945307541684,28.765039896747844,False,True,bad
1419,100.76798004248685,101.01133390931864,100.76798004248687,101.78583842675441,0.0,100.0,101.01133390931864,102.02144724841182,24.120806048399338,False,False,bad
1420,100.90640548550861,100.99394620751207,100.75063423067728,101.76831740472453,0.0,100.0,100.99394620751207,102.00388566958719,8.671676572637987,False,True,good
1421,100.73802205934383,100.98341458366365,100.73802205934385,101.75557783772106,0.0,100.0,100.98341458366365,101.99324872950028,24.329853034159505,False,False,bad
1422,100.70725776126845,100.95257534537593,100.70725776126844,101.72450278916004,0.0,100.0,100.95257534537593,101.96210109882969,24.32985303416062,False,True,bad
1423,100.75428715755804,100.9604262759854,99.69405283920095,102.75834346456207,84.43528510807815,0.0,100.1079640382608,100.9604262759854,20.43868656668074,True,True,ok
1424,100.73324968849325,100.9604262759854,99.69405283920095,102.75834346456207,84.43528510807815,0.0,100.1079640382608,100.9604262759854,22.526901993852427,True,True,ok
1425,100.56905427209361,100.81918057426036,100.5690542720936,101.4254428908639,84.43528510807815,0.0,99.96791094864531,100.81918057426036,24.840222763938403,True,True,ok
1426,100.60317010032122,100.68769173536451,100.48122333992755,101.33686404065064,92.89145210235324,0.0,99.7523891459513,100.68769173536451,8.39796096454092,True,True,good
1427,100.68247083564866,100.54682759484118,100.23074953725919,101.17053734969807,92.89145210235324,0.0,99.61283351288421,100.54682759484118,13.481462432132426,False,True,bad
1428,100.50134500958774,100.54682759484118,100.23074953725919,101.17053734969807,92.89145210235324,0.0,99.61283351288421,100.54682759484118,4.524546076710105,True,True,good
1429,100.39925176128118,100.40794931262117,100.16153215804576,101.10067097155273,95.89145210235324,0.0,99.4451229064005,100.40794931262117,0.8662589089351234,True,True,good
1430,100.48782124836471,100.40794931262117,100.16153215804576,101.10067097155273,95.89145210235324,0.0,99.4451229064005,100.40794931262117,7.9515800386370765,False,True,good
1431,100.49083058877092,100.40794931262117,100.16153215804576,101.10067097155273,95.89145210235324,0.0,99.4451229064005,100.40794931262117,8.251048701494968,False,True,good
1432,100.4967865437037,100.40794931262117,100.16153215804576,101.10067097155273,95.89145210235324,0.0,99.4451229064005,100.40794931262117,8.84371754542824,False,True,good
1433,100.56561721912489,100.40794931262117,100.16153215804576,101.10067097155273,95.89145210235324,0.0,99.4451229064005,100.40794931262117,15.69041556771978,False,True,bad
1434,100.54470995729463,100.40794931262117,100.16153215804576,101.10067097155273,95.89145210235324,0.0,99.4451229064005,100.40794931262117,13.611232245895996,False,True,bad
1435,100.63613363027861,100.26747653746999,99.99408360395377,100.9622250406167,95.89145210235324,0.0,99.30599714508833,100.26747653746999,36.699938471302076,False,True,bad
1436,100.78034105761486,100.26747653746999,99.99408360395377,100.9622250406167,95.89145210235324,0.0,99.30599714508833,100.26747653746999,51.01926882402933,False,True,bad
1437,100.79419618305711,100.26747653746999,99.99408360395377,100.9622250406167,95.89145210235324,0.0,99.30599714508833,100.26747653746999,52.39395886710007,False,True,bad
1438,100.66765648319385,100.26747653746999,99.99408360395377,100.9622250406167,95.89145210235324,0.0,99.30599714508833,100.26747653746999,39.831807290575725,False,True,bad
1439,100.71850263263231,100.27537975809317,97.9394910612352,103.08022904918387,100.0,0.0,99.27262596051223,100.27537975809317,44.09324176499704,False,True,bad
1440,100.77839447395074,100.27537975809317,97.9394910612352,103.08022904918387,100.0,0.0,99.27262596051223,100.27537975809317,50.03793311679722,False,True,bad
1441,100.7388045859331,100.27537975809317,97.9394910612352,103.08022904918387,100.0,0.0,99.27262596051223,100.27537975809317,46.10875102100771,False,True,bad
1442,100.80165971356382,100.20089695988995,96.14445906766457,100.54763976605356,0.0,100.0,100.20089695988995,101.20290592948885,59.77680607847548,True,False,bad
1443,100.81994776866796,100.34106287001818,99.81174829098128,100.81994776866796,0.0,100.0,100.34106287001818,101.34447349871836,47.61218904107246,True,True,bad
1444,100.88606027339483,100.4816387381832,100.16149194874802,101.17322419065457,0.0,100.0,100.4816387381832,101.48645512556503,40.16752249257908,True,True,bad
1445,100.78523514228608,100.4816387381832,100.16149194874802,101.17322419065457,0.0,100.0,100.4816387381832,101.48645512556503,30.16856460407196,True,True,ok
1446,100.6290133169472,100.4816387381832,100.16149194874802,101.17322419065457,0.0,100.0,100.4816387381832,101.48645512556503,14.656071534560509,True,True,ok
1447,100.5883973695713,100.4816387381832,100.16149194874802,101.17322419065457,0.0,100.0,100.4816387381832,101.48645512556503,10.619050305737368,True,True,good
1448,100.62286712266585,100.4816387381832,100.16149194874802,101.17322419065457,0.0,100.0,100.4816387381832,101.48645512556503,14.045275325370355,True,True,ok
1449,100.84059117349557,100.4816387381832,100.16149194874802,101.17322419065457,0.0,100.0,100.4816387381832,101.48645512556503,35.65953107516613,True,True,bad
1450,100.95815070131803,100.4816387381832,100.16149194874802,101.17322419065457,0.0,100.0,100.4816387381832,101.48645512556503,47.31069797830648,True,True,bad
1451,100.93940879323831,100.4816387381832,100.16149194874802,101.17322419065457,0.0,100.0,100.4816387381832,101.48645512556503,45.45412198199817,True,True,bad
1452,100.8494055865632,100.4816387381832,100.16149194874802,101.17322419065457,0.0,100.0,100.4816387381832,101.48645512556503,36.5335866272358,True,True,bad
1453,100.82206112826485,100.4816387381832,100.16149194874802,101.17322419065457,0.0,100.0,100.4816387381832,101.48645512556503,33.821804052204236,True,True,ok
1454,100.90143214994464,100.6233031360557,100.22898589164036,101.24139989054582,0.0,100.0,100.6233031360557,101.62953616741625,27.60248662104156,True,True,ok
1455,101.02490474379343,100.76427441731775,100.60404597309699,101.62024845767372,0.0,100.0,100.76427441731775,101.77191716149093,25.831957143508706,True,True,ok
1456,100.94292729060768,100.76427441731775,100.60404597309699,101.62024845767372,0.0,100.0,100.76427441731775,101.77191716149093,17.714084424678152,True,True,ok
1457,101.02994684891485,100.90544319658993,100.64795747787545,101.6646035130055,0.0,100.0,100.90544319658993,101.91449762855582,12.331039950252709,True,True,ok
1458,101.03062434106204,100.91485539098763,99.24534567086586,103.1014061386439,0.0,100.0,100.91485539098763,101.9240039448975,11.465368069639565,True,True,good
1459,101.1131397912243,100.91485539098763,99.24534567086586,103.1014061386439,0.0,100.0,100.91485539098763,101.9240039448975,19.629404699670047,True,True,ok
1460,101.10208985807844,101.05924238019225,100.92439717579602,101.94383553110708,0.0,100.0,101.05924238019225,102.06983480399417,4.238939074390788,True,True,good
1461,100.98179619899764,101.05924238019225,100.92439717579602,101.94383553110708,0.0,100.0,101.05924238019225,102.06983480399417,7.6663815957759445,False,True,good
1462,101.056683783547,101.05924238019225,100.92439717579602,101.94383553110708,0.0,100.0,101.05924238019225,102.06983480399417,0.2531811019492621,False,True,good
1463,101.01459564241803,101.05924238019225,100.92439717579602,101.94383553110708,0.0,100.0,101.05924238019225,102.06983480399417,4.418853913756997,False,True,good
1464,101.02056674769806,101.05924238019225,100.92439717579602,101.94383553110708,0.0,100.0,101.05924238019225,102.06983480399417,3.8277582637594576,False,True,good
1465,101.19934086270081,100.95553405442847,100.18734745407379,101.1993408627008,0.0,100.0,100.95553405442847,101.96508939497275,24.120806048397142,True,False,ok
1466,101.2694472029785,101.0254714963426,100.2567527309487,101.2694472029785,0.0,100.0,101.0254714963426,102.03572621130603,24.120806048397142,True,True,ok
1467,101.30125455342373,101.05720221735007,100.2882420078895,101.30125455342373,0.0,100.0,101.05720221735007,102.06777423952357,24.12080604839936,True,True,ok
1468,101.39917779598305,101.15277495541855,100.38518601802322,101.39917779598305,0.0,100.0,101.15277495541855,102.16430270497274,24.329853034166373,True,True,ok
1469,101.39605309304929,101.15277495541855,100.38518601802322,101.39917779598305,0.0,100.0,101.15277495541855,102.16430270497274,24.021689679406443,True,True,ok
1470,101.47594926301036,101.14490906730354,98.66917686317966,103.16266587729945,0.0,100.0,101.14490906730354,102.15635815797658,32.67585509022957,True,True,ok
1471,101.56299383019312,101.28474731816208,100.54736389189121,101.56299383019314,0.0,100.0,101.28474731816208,102.2975947913437,27.434043383373062,True,True,ok
1472,101.50672315676923,101.28474731816208,100.54736389189121,101.56299383019314,0.0,100.0,101.28474731816208,102.2975947913437,21.892037839754344,True,True,ok
1473,101.36071304972161,101.42664526979699,100.87215689496254,101.89106757066924,0.0,100.0,101.42664526979699,102.44091172249496,6.502596901993752,False,True,good
1474,101.30482073709368,101.42664526979699,100.87215689496254,101.89106757066924,0.0,100.0,101.42664526979699,102.44091172249496,12.018316620151754,False,True,bad
1475,101.27124780549552,101.4248961034603,99.08493467729056,103.72890477909759,0.0,100.0,101.4248961034603,102.43914506449491,15.160458845482978,False,True,bad
1476,101.52289412412077,101.4248961034603,99.08493467729056,103.72890477909759,0.0,100.0,101.4248961034603,102.43914506449491,9.657461967651031,True,True,good
1477,101.47247499183214,101.4248961034603,99.08493467729056,103.72890477909759,0.0,100.0,101.4248961034603,102.43914506449491,4.689946349437715,True,True,good
1478,101.44248204628921,101.4248961034603,99.08493467729056,103.72890477909759,0.0,100.0,101.4248961034603,102.43914506449491,1.7337378767711673,True,True,good
1479,101.42810424091905,101.56699040080456,100.8237042159852,101.84212547069212,0.0,100.0,101.56699040080456,102.5826603048126,13.683698298415763,False,True,bad
1480,101.41585061971473,101.70928376948251,101.07258466738625,102.09351986604672,0.0,100.0,101.70928376948251,102.72637660717734,28.89188034432936,False,True,bad
1481,101.46457029390943,101.70545601873404,99.82232111606696,103.3722299309629,0.0,100.0,101.70545601873404,102.72251057892139,23.71273381908165,False,True,bad
1482,101.19920867136848,101.55616836630627,100.18721658465479,101.19920867136848,0.0,100.0,101.55616836630627,102.57173004996933,35.21090971339951,False,True,bad
1483,101.15089739262623,101.55616836630627,100.18721658465479,101.19920867136848,0.0,100.0,101.55616836630627,102.57173004996933,39.98592867434028,False,True,bad
1484,100.97059586031021,101.55616836630627,100.18721658465479,101.19920867136848,0.0,100.0,101.55616836630627,102.57173004996933,57.826839825247745,False,True,bad
1485,100.7687401100547,101.55616836630627,100.18721658465479,101.19920867136848,0.0,100.0,101.55616836630627,102.57173004996933,77.8383875630804,False,True,bad
1486,100.8863611467626,101.53013394467574,97.36665079340747,104.13079791423364,0.0,100.0,101.53013394467574,102.5454352841225,63.608943358153894,False,True,bad
1487,100.98028383547233,101.38809121026759,99.97048099711762,100.98028383547235,0.0,100.0,101.38809121026759,102.40197212237027,40.30352338692647,False,True,bad
1488,100.78155748579967,101.38809121026759,99.97048099711762,100.98028383547235,0.0,100.0,101.38809121026759,102.40197212237027,60.00263126929073,False,True,bad
1489,100.85577867508748,101.24624719655067,100.02983525107463,101.0402376273481,0.0,100.0,101.24624719655067,102.25870966851618,38.64078112257686,False,True,bad
1490,100.91571318856262,101.24624719655067,100.02983525107463,101.0402376273481,0.0,100.0,101.24624719655067,102.25870966851618,32.699950266413566,False,True,bad
1491,100.85557014180992,101.24624719655067,100.02983525107463,101.0402376273481,0.0,100.0,101.24624719655067,102.25870966851618,38.661457527626915,False,True,bad
1492,101.06936349326473,101.10460162551067,100.05866985833208,101.06936349326473,0.0,100.0,101.10460162551067,102.11564764176578,3.4859218972201163,False,True,good
1493,101.09149298865202,100.96315421952222,100.0805780587655,101.09149298865202,0.0,100.0,100.96315421952222,101.97278576171745,12.703373880485936,True,True,ok
1494,101.24137947479554,100.99747138819701,100.22896568004757,101.24137947479552,0.0,100.0,100.99747138819701,102.00744610207899,24.120806048410437,True,False,ok
1495,101.2815170752661,101.0375122902091,100.26870190451345,101.28151707526611,0.0,100.0,101.0375122902091,102.04788741311118,24.12080604840822,True,True,ok
1496,101.35847217190397,101.1142819886386,100.34488745018491,101.35847217190395,0.0,100.0,101.1142819886386,102.12542480852498,24.120806048401572,True,False,ok
1497,101.27375213526433,101.25422095117253,100.53467102806842,101.55017275562466,0.0,100.0,101.25422095117253,102.26676316068425,1.9287394086566612,True,True,good
1498,101.29655666281172,101.25422095117253,100.53467102806842,101.55017275562466,0.0,100.0,101.25422095117253,102.26676316068425,4.180256699520701,True,True,good
1499,101.17140116364511,101.24782217344087,98.31492591106918,103.84296297049627,0.0,100.0,101.24782217344087,102.26030039517528,7.550766391331043,False,True,good
1500,101.21383134746218,101.24782217344087,98.31492591106918,103.84296297049627,0.0,100.0,101.24782217344087,102.26030039517528,3.357754489003639,False,True,good
1501,101.1053478264266,101.24782217344087,98.31492591106918,103.84296297049627,0.0,100.0,101.24782217344087,102.26030039517528,14.081753259190734,False,True,bad
1502,100.95775436123178,101.20156653152736,100.95775436123176,101.97752965780987,0.0,100.0,101.20156653152736,102.21358219684264,24.12080604840157,False,True,bad
1503,100.92364887047013,101.16737867627805,100.92364887047013,101.94307966714155,0.0,100.0,101.16737867627805,102.17905246304083,24.12080604840824,False,True,bad
1504,100.99078133326513,101.02584344391133,100.6925787636959,101.70967551888475,0.0,100.0,101.02584344391133,102.03610187835044,3.4712104547759437,False,True,good
1505,100.87443436467821,100.88789939603967,100.64484290441264,101.66145747920469,0.0,100.0,100.88789939603967,101.89677839000007,1.3347418351556648,False,True,good
1506,100.7696010558125,100.89580857277153,99.34628351822654,102.99027860011516,0.0,100.0,100.89580857277153,101.90476665849924,12.51652761554135,False,True,bad
1507,100.71643612699404,100.89580857277153,99.34628351822654,102.99027860011516,0.0,100.0,100.89580857277153,101.90476665849924,17.793809435728445,False,True,bad
1508,100.79875951827971,100.89580857277153,99.34628351822654,102.99027860011516,0.0,100.0,100.89580857277153,101.90476665849924,9.623368928578033,False,True,good
1509,100.74161271401883,100.89580857277153,99.34628351822654,102.99027860011516,0.0,100.0,100.89580857277153,101.90476665849924,15.294372227763931,False,True,bad
1510,100.82665438694461,100.90546578000878,96.89107851408514,105.60003639489666,0.0,100.0,100.90546578000878,101.91452043780887,7.8134703594543655,False,True,good
1511,100.90309775865033,100.90546578000878,96.89107851408514,105.60003639489666,0.0,100.0,100.90546578000878,101.91452043780887,0.2346799676922266,False,True,good
1512,100.83467726517806,100.90546578000878,96.89107851408514,105.60003639489666,0.0,100.0,100.90546578000878,101.91452043780887,7.017791964201836,False,True,good
1513,100.87254271455215,101.04683236562086,100.36881533756835,101.38264175511955,0.0,100.0,101.04683236562086,102.05730068927707,17.2632957371757,False,True,bad
1514,100.867091699738,101.04683236562086,100.36881533756835,101.38264175511955,0.0,100.0,101.04683236562086,102.05730068927707,17.80369671800574,False,True,bad
1515,100.91707100822683,101.18653035835219,100.44928812343028,101.46392739740432,0.0,100.0,101.18653035835219,102.1983956619357,26.66548324411379,False,True,bad
1516,100.89811332519743,101.18653035835219,100.44928812343028,101.46392739740432,0.0,100.0,101.18653035835219,102.1983956619357,28.544200462323033,False,True,bad
1517,100.9538433156633,101.18653035835219,100.44928812343028,101.46392739740432,0.0,100.0,101.18653035835219,102.1983956619357,23.022332573661433,False,True,bad
1518,101.00954117212396,101.18653035835219,100.44928812343028,101.46392739740432,0.0,100.0,101.18653035835219,102.1983956619357,17.506693388473636,False,True,bad
1519,101.04551183936738,101.18653035835219,100.44928812343028,101.46392739740432,0.0,100.0,101.18653035835219,102.1983956619357,13.94621152105228,False,True,bad
1520,100.93747446470466,101.18653035835219,100.44928812343028,101.46392739740432,0.0,100.0,101.18653035835219,102.1983956619357,24.643883334186786,False,True,bad
1521,100.82129561984354,101.06477824336875,100.82129561984354,101.8396925452965,0.0,100.0,101.06477824336875,102.07542602580244,24.12080604840157,False,True,bad
1522,100.79187714942495,101.03740086191226,100.79187714942495,101.80997691861106,0.0,100.0,101.03740086191226,102.04777487053138,24.329853034169524,False,True,bad
1523,100.54796699964058,100.89731417756326,100.5479669996406,101.56360302994,0.0,100.0,100.89731417756326,101.90628731933889,34.68411134756018,False,False,bad
1524,100.54756396643043,100.79249254485133,100.54756396643046,101.56319592568734,0.0,100.0,100.79249254485133,101.80041747029985,24.329853034158397,False,False,bad
1525,100.43339865728377,100.6759445127431,100.43339865728375,101.44787743159975,0.0,100.0,100.6759445127431,101.68270395787053,24.1208060484049,False,True,bad
1526,100.31241637490515,100.55467005911905,100.31241637490515,101.32567310596481,0.0,100.0,100.55467005911905,101.56021675971024,24.120806048410472,False,True,bad
1527,100.52657934511619,100.55467005911905,100.31241637490515,101.32567310596481,0.0,100.0,100.55467005911905,101.56021675971024,2.793966545246901,False,True,good
1528,100.57429518639621,100.43537956509554,100.19341327242358,101.20546795194302,0.0,100.0,100.43537956509554,101.4397333607465,13.82178679588261,True,True,ok
1529,100.51187371254801,100.40250583973629,100.16061874558463,101.1723421672572,0.0,100.0,100.40250583973629,101.40653089813365,10.887014046279582,True,True,good
1530,100.51245585336518,100.40250583973629,100.16061874558463,101.1723421672572,0.0,100.0,100.40250583973629,101.40653089813365,10.944931495220336,True,True,good
1531,100.55813143576108,100.54316778830113,100.1814596720706,101.19339360815212,0.0,100.0,100.54316778830113,101.54859946618414,1.488170145622448,True,True,good
1532,100.6748335045592,100.54316778830113,100.1814596720706,101.19339360815212,0.0,100.0,100.54316778830113,101.54859946618414,13.08687435554268,True,True,ok
1533,100.58372328920572,100.54856330810037,99.02055260134614,102.37977484986527,0.0,100.0,100.54856330810037,101.55404894118138,3.4962046181964643,True,True,good
1534,100.74765162646435,100.50074786078248,99.7401751101997,100.74765162646435,0.0,100.0,100.50074786078248,101.5057553393903,24.537227644031976,True,True,ok
1535,100.79534200078403,100.55250849601562,99.78738858077618,100.79534200078402,0.0,100.0,100.55250849601562,101.55803358097577,24.12080604840822,True,False,ok
1536,100.88132532934164,100.63828467578438,99.87251207604824,100.88132532934165,0.0,100.0,100.63828467578438,101.64466752254222,24.120806048401572,True,True,ok
1537,100.97483361459616,100.73156768332088,99.9650852784502,100.97483361459616,0.0,100.0,100.73156768332088,101.73888336015409,24.120806048401572,True,True,ok
1538,101.11185153662684,100.86614690691597,100.10073302126058,101.11185153662684,0.0,100.0,100.86614690691597,101.87480837598514,24.3298530341553,True,True,ok
1539,101.28041767784754,101.00745840755523,100.26761350106908,101.28041767784755,0.0,100.0,101.00745840755523,102.01753299163079,26.98722644583399,True,True,ok
1540,101.25599804484155,101.00745840755523,100.26761350106908,101.28041767784755,0.0,100.0,101.00745840755523,102.01753299163079,24.57584446919608,True,True,ok
1541,101.22862504993168,101.00745840755523,100.26761350106908,101.28041767784755,0.0,100.0,101.00745840755523,102.01753299163079,21.872133475418316,True,True,ok
1542,101.27453772065876,101.1489678828453,100.38041925056136,101.39436287935492,0.0,100.0,101.1489678828453,102.16045756167375,12.406647493433793,True,True,ok
1543,101.30212025452498,101.17481041003201,100.4049553012621,101.41914676895162,0.0,100.0,101.17481041003201,102.18655851413233,12.575246064042052,True,True,ok
1544,101.20771767032265,101.21708554894064,100.4469087619631,101.46152400198294,0.0,100.0,101.21708554894064,102.22925640443005,0.9255662819675522,False,True,good
1545,100.9301840559735,101.21708554894064,100.4469087619631,101.46152400198294,0.0,100.0,101.21708554894064,102.22925640443005,28.38541288891749,False,True,bad
1546,100.8373999565105,101.27016770696717,100.4995870094671,101.51473435299708,0.0,100.0,101.27016770696717,102.28286938403684,42.82555244052142,False,True,bad
1547,100.86498977640527,101.32257143338919,100.55159198765972,101.56726463399971,0.0,100.0,101.32257143338919,102.33579714772308,45.263164110846134,False,True,bad
1548,100.68641818268496,101.31462880291001,99.3643952112903,102.7807810943147,0.0,100.0,101.31462880291001,102.32777509093911,62.19894945119844,False,True,bad
1549,100.64651320227223,101.31462880291001,99.3643952112903,102.7807810943147,0.0,100.0,101.31462880291001,102.32777509093911,66.16302831904947,False,True,bad
1550,100.5960569272944,101.30692504622719,97.63730815090874,104.59885003174935,0.0,100.0,101.30692504622719,102.31999429668946,70.41709333739378,False,True,bad
1551,100.52088422816986,101.30692504622719,97.63730815090874,104.59885003174935,0.0,100.0,101.30692504622719,102.31999429668946,77.89261501084461,False,True,bad
1552,100.38799689679873,101.30692504622719,97.63730815090874,104.59885003174935,0.0,100.0,101.30692504622719,102.31999429668946,91.1212338758797,False,True,bad
1553,100.40247372935383,101.30692504622719,97.63730815090874,104.59885003174935,0.0,100.0,101.30692504622719,102.31999429668946,89.67924984794786,False,True,bad
1554,100.52531137112895,101.29542765270867,95.10662549856046,107.09801354855514,0.0,100.0,101.29542765270867,102.30838192923575,76.31723311860051,False,True,bad
1555,100.42266311084227,101.29542765270867,95.10662549856046,107.09801354855514,0.0,100.0,101.29542765270867,102.30838192923575,86.53363559586357,False,True,bad
1556,100.49180514381443,101.26232555883924,93.88299267092059,106.93742986371785,0.0,100.0,101.26232555883924,102.27494881442763,76.38249175212259,False,True,bad
1557,100.51607636617571,101.22965730407172,93.86538690914689,106.9173760194452,0.0,100.0,101.22965730407172,102.24195387711244,70.7409173625787,False,True,bad
1558,100.64537871855147,101.22965730407172,93.86538690914689,106.9173760194452,0.0,100.0,101.22965730407172,102.24195387711244,57.88533624451351,False,True,bad
1559,100.53645963846749,101.22965730407172,93.86538690914689,106.9173760194452,0.0,100.0,101.22965730407172,102.24195387711244,68.71326103287709,False,True,bad
1560,100.58644649950365,101.22965730407172,93.86538690914689,106.9173760194452,0.0,100.0,101.22965730407172,102.24195387711244,63.742483409853136,False,True,bad
1561,100.41324156727063,101.08803494263069,100.05963578098842,101.07033917271558,0.0,100.0,101.08803494263069,102.09891529205699,66.97683603700801,False,True,bad
1562,100.28701065628974,101.08803494263069,100.05963578098842,101.07033917271558,0.0,100.0,101.08803494263069,102.09891529205699,79.55588626013815,False,True,bad
1563,100.48603912566404,101.08803494263069,100.05963578098842,101.07033917271558,0.0,100.0,101.08803494263069,102.09891529205699,59.72966607915535,False,True,bad
1564,100.48837446081365,101.08803494263069,100.05963578098842,101.07033917271558,0.0,100.0,101.08803494263069,102.09891529205699,59.49726483881388,False,True,bad
1565,100.35394761434827,101.08803494263069,100.05963578098842,101.07033917271558,0.0,100.0,101.08803494263069,102.09891529205699,72.88357357594563,False,True,bad
1566,100.30217058644563,101.08803494263069,100.05963578098842,101.07033917271558,0.0,100.0,101.08803494263069,102.09891529205699,78.04434609722097,False,True,bad
1567,100.41766181488265,101.08803494263069,100.05963578098842,101.07033917271558,0.0,100.0,101.08803494263069,102.09891529205699,66.5366400772937,False,True,bad
1568,100.39327465150316,101.07226572262016,95.9786821221479,105.36778691139385,0.0,100.0,101.07226572262016,102.08298837984636,67.40543724550818,False,True,bad
1569,100.45182455340303,101.04068052665136,94.36495932224535,106.47893402660723,0.0,100.0,101.04068052665136,102.05108733191787,58.44958346849757,False,True,bad
1570,100.49864432962244,100.89932254758786,99.4936578863262,100.49864432962242,0.0,100.0,100.89932254758786,101.90831577306373,39.78975089115992,False,False,bad
1571,100.45868274933426,100.89932254758786,99.4936578863262,100.49864432962242,0.0,100.0,100.89932254758786,101.90831577306373,43.766871944250454,False,True,bad
1572,100.3096518633079,100.89932254758786,99.4936578863262,100.49864432962242,0.0,100.0,100.89932254758786,101.90831577306373,58.612929584421984,False,True,bad
1573,100.21252170912702,100.75816233122885,99.72186895904616,100.72916056469309,0.0,100.0,100.75816233122885,101.76574395454114,54.300652398013234,False,True,bad
1574,100.07960716435225,100.74210363226443,97.89552364507892,102.60837039500312,0.0,100.0,100.74210363226443,101.74952466858707,65.978809621791,False,True,bad
1575,100.10740935933353,100.74210363226443,97.89552364507892,102.60837039500312,0.0,100.0,100.74210363226443,101.74952466858707,63.201187412037385,False,True,bad
1576,100.22665798690485,100.74210363226443,97.89552364507892,102.60837039500312,0.0,100.0,100.74210363226443,101.74952466858707,51.296208569938635,False,True,bad
1577,100.00589411971696,100.74210363226443,97.89552364507892,102.60837039500312,0.0,100.0,100.74210363226443,101.74952466858707,73.34696448529863,False,True,bad
1578,100.12221739874668,100.74210363226443,97.89552364507892,102.60837039500312,0.0,100.0,100.74210363226443,101.74952466858707,61.72208167929427,False,True,bad
1579,100.07748397464665,100.74210363226443,97.89552364507892,102.60837039500312,0.0,100.0,100.74210363226443,101.74952466858707,66.19096195610024,False,True,bad
1580,100.06976678990684,100.7120317031427,93.65289212374232,106.63980064932622,0.0,100.0,100.7120317031427,101.71915202017412,63.97662623983675,False,True,bad
1581,99.96125483935091,100.6864091424028,93.56780872989779,106.5784195719876,0.0,100.0,100.6864091424028,101.69327323382683,72.28167484078303,False,True,bad
1582,99.81531766641378,100.65353318299985,93.3193779078732,106.29544442547346,0.0,100.0,100.65353318299985,101.66006851482985,83.62599954503243,False,True,bad
1583,99.86337530531098,100.65353318299985,93.3193779078732,106.29544442547346,0.0,100.0,100.65353318299985,101.66006851482985,78.81250251038234,False,True,bad
1584,99.92925557328536,100.65353318299985,93.3193779078732,106.29544442547346,0.0,100.0,100.65353318299985,101.66006851482985,72.21763761747735,False,True,bad
1585,99.91713105830934,100.65353318299985,93.3193779078732,106.29544442547346,0.0,100.0,100.65353318299985,101.66006851482985,73.43102107616922,False,True,bad
1586,99.96455307821728,100.62176046920492,93.32267684003708,106.29920207440288,0.0,100.0,100.62176046920492,101.62797807389697,65.52887194427595,False,True,bad
1587,100.14833333316464,100.62176046920492,93.32267684003708,106.29920207440288,0.0,100.0,100.62176046920492,101.62797807389697,47.16120858070767,False,True,bad
1588,100.21697681823801,100.62176046920492,93.32267684003708,106.29920207440288,0.0,100.0,100.62176046920492,101.62797807389697,40.3093750265826,False,True,bad
1589,100.30041502077407,100.4809885678717,99.29741087056632,100.30041502077407,0.0,100.0,100.4809885678717,101.48579845355043,17.98708371941691,False,True,bad
1590,100.13418245862283,100.46042057815406,97.34116046532807,102.31613711194271,0.0,100.0,100.46042057815406,101.4650247839356,32.52713704452197,False,True,bad
1591,100.19139566952738,100.31987439462898,99.1894817128321,100.19139566952738,0.0,100.0,100.31987439462898,101.32307313857527,12.8151143467971,False,True,bad
1592,100.27205128183074,100.17952483808983,99.26933076901243,100.27205128183074,0.0,100.0,100.17952483808983,101.18132008647073,9.231800727468617,True,True,good
1593,100.31772382547022,100.07394894832788,99.31454658721552,100.31772382547022,0.0,100.0,100.07394894832788,101.07468843781116,24.329853034157512,True,True,ok
1594,100.30141360024543,100.05560343671996,99.29839946424299,100.30141360024544,0.0,100.0,100.05560343671996,101.05615947108717,24.537227644025332,True,True,ok
1595,100.29245006261002,100.05560343671996,99.29839946424299,100.30141360024544,0.0,100.0,100.05560343671996,101.05615947108717,23.643527559913956,True,True,ok
1596,100.3014285215435,100.05560343671996,99.29839946424299,100.30141360024544,0.0,100.0,100.05560343671996,101.05615947108717,24.53871528975408,True,False,ok
1597,100.33517844165321,100.05560343671996,99.29839946424299,100.30141360024544,0.0,100.0,100.05560343671996,101.05615947108717,27.902998701328162,True,False,ok
1598,100.35431503816842,100.05560343671996,99.29839946424299,100.30141360024544,0.0,100.0,100.05560343671996,101.05615947108717,29.810083745134293,True,False,ok
1599,100.46231492852695,100.05560343671996,99.29839946424299,100.30141360024544,0.0,100.0,100.05560343671996,101.05615947108717,40.566155170972856,True,False,bad
1600,100.43992620889973,100.05560343671996,99.29839946424299,100.30141360024544,0.0,100.0,100.05560343671996,101.05615947108717,38.337337852346906,True,False,bad
1601,100.40563768776087,100.05560343671996,99.29839946424299,100.30141360024544,0.0,100.0,100.05560343671996,101.05615947108717,34.92292124221557,True,False,ok
1602,100.36383448568562,100.05560343671996,99.29839946424299,100.30141360024544,0.0,100.0,100.05560343671996,101.05615947108717,30.75862253416967,True,False,ok
1603,100.49153794692548,100.05560343671996,99.29839946424299,100.30141360024544,0.0,100.0,100.05560343671996,101.05615947108717,43.47458595608638,True,False,bad
1604,100.70014885225953,100.0496380989066,94.12685333234127,105.93587469029168,0.0,100.0,100.0496380989066,101.05013447989566,64.80834077924271,True,True,bad
1605,100.84422196158344,100.18980568666247,100.0680824488369,101.07887116044132,0.0,100.0,100.18980568666247,101.19170374352909,65.10525547676602,True,True,bad
1606,100.71362203547646,100.18980568666247,100.0680824488369,101.07887116044132,0.0,100.0,100.18980568666247,101.19170374352909,52.146201957021674,True,True,bad
1607,100.92790456809783,100.18980568666247,100.0680824488369,101.07887116044132,0.0,100.0,100.18980568666247,101.19170374352909,73.40001974888733,True,True,bad
1608,100.96331489827436,100.20125654171999,97.41505168411612,103.8316834847777,0.0,100.0,100.20125654171999,101.20326910713719,75.76503123694701,True,True,bad
1609,100.92072469712402,100.20125654171999,97.41505168411612,103.8316834847777,0.0,100.0,100.20125654171999,101.20326910713719,71.54575745309258,True,True,bad
1610,101.0522479281312,100.20125654171999,97.41505168411612,103.8316834847777,0.0,100.0,100.20125654171999,101.20326910713719,84.5696039498301,True,True,bad
1611,101.12866598103633,100.20125654171999,97.41505168411612,103.8316834847777,0.0,100.0,100.20125654171999,101.20326910713719,92.12897788544277,True,True,bad
1612,101.23803923601692,100.20125654171999,97.41505168411612,103.8316834847777,0.0,100.0,100.20125654171999,101.20326910713719,102.93839097668095,False,True,bad
1613,101.34759796015108,100.20125654171999,97.41505168411612,103.8316834847777,0.0,100.0,100.20125654171999,101.20326910713719,113.75443265971994,False,True,bad
1614,101.4808175628091,100.22356651063971,94.46942623269395,107.56966661657766,0.0,100.0,100.22356651063971,101.22580217574611,124.66435378310118,False,True,bad
1615,101.56323948723177,100.25065730770264,94.51475066681789,107.3195429840037,0.0,100.0,100.25065730770264,101.25316388077967,130.08030752104028,False,True,bad
1616,101.59946614179283,100.27031711200233,94.54846319155237,107.69543411030038,0.0,100.0,100.27031711200233,101.27302028312235,131.68570508775886,False,True,bad
1617,101.78679916411943,100.29493337452617,94.72279530212953,107.89400711396658,82.03808926391662,0.0,99.47213290483637,100.29493337452617,147.65242503825618,False,True,bad
1618,101.90417374851667,100.32655978069175,95.00408109558511,106.35302240187553,100.0,0.0,99.32329418288484,100.32655978069175,156.02435338726792,False,True,bad
1619,101.90442949658672,100.34707461547644,94.83226208952358,107.59583126262069,100.0,0.0,99.34360386932168,100.34707461547644,154.0048533423344,False,True,bad
1620,101.91265977162126,100.37991669434281,94.85178691291448,108.02741935791853,100.0,0.0,99.37611752739939,100.37991669434281,151.54015397610794,False,True,bad
1621,101.88856117619642,100.40605747888465,94.87348963984888,108.0656555106811,100.0,0.0,99.4019969040958,100.40605747888465,146.5713964919878,False,True,bad
1622,101.94334379939308,100.43199263871327,94.89150578357913,108.08617680055221,100.0,0.0,99.42767271232613,100.43199263871327,149.36397737062572,False,True,bad
1623,101.9616459273869,100.43199263871327,94.89150578357913,108.08617680055221,100.0,0.0,99.42767271232613,100.43199263871327,151.15913972221688,False,True,bad
1624,101.95405312757244,100.45931794618612,94.95959716937263,108.16373629866214,100.0,0.0,99.45472476672425,100.45931794618612,147.69403271767277,False,True,bad
1625,101.87384018796205,100.45931794618612,94.95959716937263,108.16373629866214,100.0,0.0,99.45472476672425,100.45931794618612,139.823378466538,False,True,bad
1626,101.80862101733986,100.45931794618612,94.95959716937263,108.16373629866214,100.0,0.0,99.45472476672425,100.45931794618612,133.41937367739783,False,True,bad
1627,101.72904838645171,100.45931794618612,94.95959716937263,108.16373629866214,100.0,0.0,99.45472476672425,100.45931794618612,125.60041464389721,False,True,bad
1628,101.62788609200953,100.45931794618612,94.95959716937263,108.16373629866214,100.0,0.0,99.45472476672425,100.45931794618612,115.65117902560617,False,True,bad
1629,101.60843851964002,100.45931794618612,94.95959716937263,108.16373629866214,100.0,0.0,99.45472476672425,100.45931794618612,113.73738999541692,False,True,bad
1630,101.67355755909861,100.48913643794296,95.06378707189322,108.28241381496542,100.0,0.0,99.48424507356353,100.48913643794296,117.1763840063033,False,True,bad
1631,101.63723317557911,100.48913643794296,95.06378707189322,108.28241381496542,100.0,0.0,99.48424507356353,100.48913643794296,113.60309763279221,False,True,bad
1632,101.80633271669109,100.48913643794296,95.06378707189322,108.28241381496542,100.0,0.0,99.48424507356353,100.48913643794296,130.2268310315197,False,True,bad
1633,101.76888032805095,100.48913643794296,95.06378707189322,108.28241381496542,100.0,0.0,99.48424507356353,100.48913643794296,126.5473664736773,False,True,bad
1634,101.79727302423375,100.62991975428291,100.96491386223882,101.9847614770089,100.0,0.0,99.62362055674008,100.62991975428291,115.33689664844789,False,True,bad
1635,101.72640609178546,100.62991975428291,100.96491386223882,101.9847614770089,100.0,0.0,99.62362055674008,100.62991975428291,108.37289760714296,False,True,bad
1636,101.67458687884076,100.7709003052978,100.62759852790577,101.64403891707654,100.0,0.0,99.76319130224482,100.7709003052978,89.27762119683624,False,False,bad
1637,101.79547591752494,100.78460762397707,98.81194571136855,103.51173096802637,100.0,0.0,99.7767615477373,100.78460762397707,99.8002040611937,False,True,bad
1638,101.73088912979316,100.79508801050021,97.07730750553782,105.36134348718868,100.0,0.0,99.78713713039521,100.79508801050021,92.41360466403566,False,True,bad
1639,101.72639481082807,100.79508801050021,97.07730750553782,105.36134348718868,100.0,0.0,99.78713713039521,100.79508801050021,91.97180981857521,False,True,bad
1640,101.78795359036458,100.80408051149242,94.72386961119328,107.89523080578645,100.0,0.0,99.79603970637748,100.80408051149242,97.12926948800018,False,True,bad
1641,101.85132544613863,100.81468637786396,94.78284346017661,107.96240497290695,100.0,0.0,99.80653951408533,100.81468637786396,102.30113078517132,False,True,bad
1642,101.86665539486108,100.95592578330769,100.84798884091249,101.8666553948611,100.0,0.0,99.94636652547462,100.95592578330769,89.80614754295614,False,True,bad
1643,101.83900317006493,100.95592578330769,100.84798884091249,101.8666553948611,100.0,0.0,99.94636652547462,100.95592578330769,87.09122787299482,False,True,bad
1644,101.92395956677325,100.96790626800696,98.3117806076996,104.49457087462685,100.0,0.0,99.95822720532689,100.96790626800696,94.24334199467997,False,True,bad
1645,101.72566938335397,100.96790626800696,98.3117806076996,104.49457087462685,100.0,0.0,99.95822720532689,100.96790626800696,74.76967566833953,False,True,bad
1646,101.81657425244008,100.96790626800696,98.3117806076996,104.49457087462685,100.0,0.0,99.95822720532689,100.96790626800696,83.70196151784117,False,True,bad
1647,101.62342405099845,101.10936033152247,100.91511368637039,101.934458269061,100.0,0.0,100.09826672820724,101.10936033152247,50.71353632244027,False,True,bad
1648,101.60067065984292,101.10936033152247,100.91511368637039,101.934458269061,100.0,0.0,100.09826672820724,101.10936033152247,48.47429483063014,False,True,bad
1649,101.56487050032162,101.11877051063395,98.38529505933768,104.55553788375373,100.0,0.0,100.10758280552761,101.11877051063395,44.01940953946166,False,True,bad
1650,101.67060534708014,101.11877051063395,98.38529505933768,104.55553788375373,100.0,0.0,100.10758280552761,101.11877051063395,54.42456699116481,False,True,bad
1651,101.7937070376571,101.12860652185101,95.93138553778185,107.28006198762048,100.0,0.0,100.1173204566325,101.12860652185101,65.55246545551805,False,True,bad
1652,101.86270010373161,101.16032960550577,95.75093809750771,109.06511324237931,100.0,0.0,100.14872630945071,101.16032960550577,69.19149038147118,False,True,bad
1653,101.89358537990188,101.16032960550577,95.75093809750771,109.06511324237931,100.0,0.0,100.14872630945071,101.16032960550577,72.22308043362756,False,True,bad
1654,101.74659817071587,101.30205325035668,101.74659817071586,102.77434158658167,100.0,0.0,100.2890327178531,101.30205325035668,43.78710496457783,False,True,bad
1655,101.67229846857266,101.44987833476796,101.67229846857266,102.69929138239662,100.0,0.0,100.43537955142028,101.44987833476796,21.900141698162898,False,True,bad
1656,101.67315445176051,101.44987833476796,101.67229846857266,102.69929138239662,100.0,0.0,100.43537955142028,101.44987833476796,21.98433174771155,False,True,bad
1657,101.6639301035562,101.44987833476796,101.67229846857266,102.69929138239662,100.0,0.0,100.43537955142028,101.44987833476796,21.07703554733344,False,False,bad
1658,101.41068954966923,101.59725129778657,101.4106895496692,102.43503994916081,100.0,0.0,100.5812787848087,101.59725129778657,18.379753999578337,True,True,ok
1659,101.44299111522935,101.60696606222392,99.54251707287666,104.35749808985726,100.0,0.0,100.59089640160168,101.60696606222392,16.1511959834435,True,True,ok
1660,101.50292454242194,101.60696606222392,99.54251707287666,104.35749808985726,100.0,0.0,100.59089640160168,101.60696606222392,10.244851059902954,True,True,good
1661,101.56017077998558,101.60696606222392,99.54251707287666,104.35749808985726,100.0,0.0,100.59089640160168,101.60696606222392,4.606579961029659,True,True,good
1662,101.59158852560783,101.7493154360223,101.31696481438244,102.34036849937621,100.0,0.0,100.73182228166208,101.7493154360223,15.513547837644685,True,True,ok
1663,101.63991312714033,101.7493154360223,101.31696481438244,102.34036849937621,100.0,0.0,100.73182228166208,101.7493154360223,10.757926583040316,True,True,good
1664,101.42725985751363,101.7493154360223,101.31696481438244,102.34036849937621,100.0,0.0,100.73182228166208,101.7493154360223,31.702064843891876,True,True,ok
1665,101.38732233995474,101.7493154360223,101.31696481438244,102.34036849937621,100.0,0.0,100.73182228166208,101.7493154360223,35.64039291107393,True,True,bad
1666,101.28321055618798,101.60696606222392,101.28321055618798,102.30627328907877,100.0,0.0,100.59089640160168,101.60696606222392,31.914387007495822,True,True,ok
1667,101.11395505780425,101.46481583811155,101.11395505780423,102.1353081391962,100.0,0.0,100.45016767973043,101.46481583811155,34.639476741331386,True,True,ok
1668,101.18185801781372,101.46481583811155,101.11395505780423,102.1353081391962,100.0,0.0,100.45016767973043,101.46481583811155,27.926242144204238,True,True,ok
1669,101.17284017242397,101.46481583811155,101.11395505780423,102.1353081391962,100.0,0.0,100.45016767973043,101.46481583811155,28.817533078032476,True,True,ok
1670,100.94623233062771,101.32286448507071,100.94623233062771,101.9658912430583,100.0,0.0,100.30963584022,101.32286448507071,37.2407446966781,True,True,bad
1671,100.7958656035087,101.1811117248767,100.7958656035087,101.8140056601098,100.0,0.0,100.16930060762793,101.1811117248767,38.14757440682691,True,True,bad
1672,100.69859637871505,101.04351440932157,100.69859637871507,101.715753917894,100.0,0.0,100.03307926522835,101.04351440932157,34.193988090297225,True,False,ok
1673,100.5902208415789,101.04351440932157,100.69859637871507,101.715753917894,100.0,0.0,100.03307926522835,101.04351440932157,44.96215187652827,True,False,bad
1674,100.57445083317542,101.04351440932157,100.69859637871507,101.715753917894,100.0,0.0,100.03307926522835,101.04351440932157,46.53002244788572,True,False,bad
1675,100.70725398319617,101.04351440932157,100.69859637871507,101.715753917894,100.0,0.0,100.03307926522835,101.04351440932157,33.334270810893734,True,True,ok
1676,100.59719737547705,101.04351440932157,100.69859637871507,101.715753917894,100.0,0.0,100.03307926522835,101.04351440932157,44.26861607167763,True,False,bad
1677,100.76713896425491,101.04351440932157,100.69859637871507,101.715753917894,100.0,0.0,100.03307926522835,101.04351440932157,27.389596458363492,True,True,ok
1678,100.65573979889386,101.04351440932157,100.69859637871507,101.715753917894,100.0,0.0,100.03307926522835,101.04351440932157,38.450820228298724,True,False,bad
1679,100.47413494086668,100.97096641710311,100.20266238946401,101.2148104944081,100.0,0.0,99.96125675293209,100.97096641710311,49.326836966427635,True,True,bad
1680,100.39643937233423,100.97096641710311,100.20266238946401,101.2148104944081,100.0,0.0,99.96125675293209,100.97096641710311,57.06272089793635,True,True,bad
1681,100.72723258892864,100.97096641710311,100.20266238946401,101.2148104944081,100.0,0.0,99.96125675293209,100.97096641710311,24.16818276149523,True,True,ok
1682,100.63480383215186,100.82970596950503,100.16507269961538,101.1768411107226,100.0,0.0,99.82140890980997,100.82970596950503,19.348539189258542,True,True,ok
1683,100.55439816799738,100.82970596950503,100.16507269961538,101.1768411107226,100.0,0.0,99.82140890980997,100.82970596950503,27.34157933614085,True,True,ok
1684,100.57442966460867,100.68864314816292,100.1503562783979,101.16197603878575,100.0,0.0,99.68175671668129,100.68864314816292,11.349672269075537,True,True,good
1685,100.44661726657634,100.68864314816292,100.1503562783979,101.16197603878575,100.0,0.0,99.68175671668129,100.68864314816292,24.065993988295627,True,True,ok
1686,100.47249189377166,100.68864314816292,100.1503562783979,101.16197603878575,100.0,0.0,99.68175671668129,100.68864314816292,21.490367663204616,True,True,ok
1687,100.28559695387207,100.68864314816292,100.1503562783979,101.16197603878575,100.0,0.0,99.68175671668129,100.68864314816292,40.10929305384592,True,True,bad
1688,100.28787320317592,100.82970596950504,100.19080470039113,101.2028330306981,100.0,0.0,99.82140890980999,100.82970596950504,53.88231893786145,True,True,bad
1689,100.27981612996362,100.82970596950504,100.19080470039113,101.2028330306981,100.0,0.0,99.82140890980999,100.82970596950504,54.685745775297356,True,True,bad
1690,100.2430398966878,100.82970596950504,100.19080470039113,101.2028330306981,100.0,0.0,99.82140890980999,100.82970596950504,58.35377987543692,True,True,bad
1691,100.32116204196652,100.68864314816294,100.17071238698243,101.18253776462872,100.0,0.0,99.6817567166813,100.68864314816294,36.56354129103638,True,True,bad
1692,100.53126592803125,100.54777767659364,100.12485015859207,101.13621228140613,100.0,0.0,99.5422998998277,100.54777767659364,1.6423142166886822,True,True,good
1693,100.57844847177462,100.54777767659364,100.12485015859207,101.13621228140613,100.0,0.0,99.5422998998277,100.54777767659364,3.049905127349571,False,True,good
1694,100.48241605563679,100.55022120572242,98.40156938116124,102.90738413997282,100.0,0.0,99.5447189936652,100.55022120572242,6.745686031931922,True,True,good
1695,100.40350543772273,100.55022120572242,98.40156938116124,102.90738413997282,100.0,0.0,99.5447189936652,100.55022120572242,14.601948072212847,True,True,ok
1696,100.3425760670643,100.55022120572242,98.40156938116124,102.90738413997282,100.0,0.0,99.5447189936652,100.55022120572242,20.672240660009173,True,True,ok
1697,100.35509910017056,100.55022120572242,98.40156938116124,102.90738413997282,100.0,0.0,99.5447189936652,100.55022120572242,19.42429066636089,True,True,ok
1698,100.40247865470016,100.55022120572242,98.40156938116124,102.90738413997282,100.0,0.0,99.5447189936652,100.55022120572242,14.704214249908485,True,True,ok
1699,100.32973958467986,100.55022120572242,98.40156938116124,102.90738413997282,100.0,0.0,99.5447189936652,100.55022120572242,21.95158827308367,True,True,ok
1700,100.27200387639498,100.55022120572242,98.40156938116124,102.90738413997282,100.0,0.0,99.5447189936652,100.55022120572242,27.7078403258264,True,True,ok
1701,100.24690652984813,100.55022120572242,98.40156938116124,102.90738413997282,100.0,0.0,99.5447189936652,100.55022120572242,30.21108020749593,True,True,ok
1702,100.16360444223275,100.55022120572242,98.40156938116124,102.90738413997282,100.0,0.0,99.5447189936652,100.55022120572242,38.52422626043778,True,True,bad
1703,100.16681285392643,100.55022120572242,98.40156938116124,102.90738413997282,100.0,0.0,99.5447189936652,100.55022120572242,38.20391427414509,True,True,bad
1704,100.23341936017214,100.54859724379493,94.86184027601689,106.46500999461702,100.0,0.0,99.54311127135698,100.54859724379493,31.395056971019144,True,True,ok
1705,100.25918674901469,100.54859724379493,94.86184027601689,106.46500999461702,100.0,0.0,99.54311127135698,100.54859724379493,28.824649065762447,True,True,ok
1706,100.19286237984402,100.40792769931078,99.4954828917434,100.50048776943778,100.0,0.0,99.40384842231767,100.40792769931078,21.442129094452604,True,True,ok
1707,100.2362136967781,100.37934123973537,99.61553898149344,100.62175654696307,100.0,0.0,99.37554782733801,100.37934123973537,14.268840448240852,True,True,ok
1708,100.27819228331965,100.37934123973537,99.61553898149344,100.62175654696307,100.0,0.0,99.37554782733801,100.37934123973537,10.081751051878488,True,True,good
1709,100.29808957323304,100.37934123973537,99.61553898149344,100.62175654696307,100.0,0.0,99.37554782733801,100.37934123973537,8.097738805317622,True,True,good
1710,100.30234527417463,100.37147254864374,97.88266766853083,102.40311947395855,100.0,0.0,99.3677578231573,100.37147254864374,6.889516325885676,True,True,good
1711,100.36199193688505,100.37147254864374,97.88266766853083,102.40311947395855,100.0,0.0,99.3677578231573,100.37147254864374,0.9445970346833528,True,True,good
1712,100.36744327654971,100.49592142626656,100.25380927772427,101.2664740179033,100.0,0.0,99.4909622120039,100.49592142626656,12.792593356005192,True,True,ok
1713,100.33322606583957,100.39686591635876,100.15499240976314,101.16665899976074,100.0,0.0,99.39289725719517,100.39686591635876,6.340838289169257,True,True,good
1714,100.09490153391448,100.33662992152489,100.09490153391445,101.10596114536814,100.0,0.0,99.33326362230964,100.33662992152489,24.120806048402677,True,True,ok
1715,100.17123284646507,100.33662992152489,100.09490153391445,101.10596114536814,100.0,0.0,99.33326362230964,100.33662992152489,16.497818119555593,True,True,ok
1716,100.15517892155879,100.33662992152489,100.09490153391445,101.10596114536814,100.0,0.0,99.33326362230964,100.33662992152489,18.100594787790556,True,True,ok
1717,100.2719144379978,100.34449588110465,98.13905688610247,103.12093417692637,100.0,0.0,99.3410509222936,100.34449588110465,7.235843384717925,True,True,good
1718,100.20778379549074,100.34449588110465,98.13905688610247,103.12093417692637,100.0,0.0,99.3410509222936,100.34449588110465,13.633562980225795,True,True,ok
1719,100.17320073212584,100.34449588110465,98.13905688610247,103.12093417692637,100.0,0.0,99.3410509222936,100.34449588110465,17.085294070358685,True,True,ok
1720,100.19535475468803,100.34449588110465,98.13905688610247,103.12093417692637,100.0,0.0,99.3410509222936,100.34449588110465,14.873966789125106,True,True,ok
1721,100.29841267992221,100.35212645108182,95.87517088204842,105.55591330093056,100.0,0.0,99.34860518657099,100.35212645108182,5.353962433922649,True,True,good
1722,100.21165394295404,100.45366428669952,100.21165394295403,101.22389287167074,100.0,0.0,99.44912764383253,100.45366428669952,24.120806048392662,True,True,ok
1723,100.0821779459945,100.32387560624177,100.08217794599449,101.09310903635807,100.0,0.0,99.32063685017935,100.32387560624177,24.12080604840824,True,True,ok
1724,100.06423560151197,100.30798681745212,100.06423560151197,101.0749854560727,100.0,0.0,99.3049069492776,100.30798681745212,24.32985303414393,True,True,ok
1725,99.97916561760752,100.22061450390451,99.97916561760749,100.9890561794015,100.0,0.0,99.21840835886547,100.22061450390451,24.120806048396002,True,True,ok
1726,100.0758615600981,100.22061450390451,99.97916561760749,100.9890561794015,100.0,0.0,99.21840835886547,100.22061450390451,14.453870767148544,True,True,ok
1727,100.25577732731418,100.22061450390451,99.97916561760749,100.9890561794015,100.0,0.0,99.21840835886547,100.22061450390451,3.507926639047456,False,True,good
1728,100.24004214582114,100.08040381398307,99.8350212644011,100.84345582262738,100.0,0.0,99.07959977584323,100.08040381398307,15.938299744412507,False,True,bad
1729,100.25178949390714,100.08812122068139,98.56911109294897,102.13857510527839,100.0,0.0,99.08724000847457,100.08812122068139,16.339061852765987,False,True,bad
1730,100.32988375042225,100.08817161551114,99.32658491291805,100.32988375042227,100.0,0.0,99.08728989935604,100.08817161551114,24.120806048392712,False,True,bad
1731,100.31497513625784,100.2269880167365,99.55137792073745,100.5569473946843,100.0,0.0,99.22471813656914,100.2269880167365,8.77493406205713,False,True,good
1732,100.09046110768351,100.2269880167365,99.55137792073745,100.5569473946843,100.0,0.0,99.22471813656914,100.2269880167365,13.631057183416967,True,True,ok
1733,99.96170470580078,100.2269880167365,99.55137792073745,100.5569473946843,100.0,0.0,99.22471813656914,100.2269880167365,26.503341683592183,True,True,ok
1734,99.97629731822143,100.2269880167365,99.55137792073745,100.5569473946843,100.0,0.0,99.22471813656914,100.2269880167365,25.04362794244961,True,True,ok
1735,100.01308023149124,100.22176095269393,97.4161602162594,102.76100649441426,100.0,0.0,99.21954334316699,100.22176095269393,20.84360499108759,True,True,ok
1736,99.92020497209434,100.22176095269393,97.4161602162594,102.76100649441426,100.0,0.0,99.21954334316699,100.22176095269393,30.134230709844093,True,True,ok
1737,99.88308510098031,100.22176095269393,97.4161602162594,102.76100649441426,100.0,0.0,99.21954334316699,100.22176095269393,33.84987238196327,True,True,ok
1738,99.71911335079683,100.22176095269393,97.4161602162594,102.76100649441426,100.0,0.0,99.21954334316699,100.22176095269393,50.27973020324955,True,True,bad
1739,99.89835300331622,100.21669096103146,95.44133942075413,104.88728189901207,100.0,0.0,99.21452405142115,100.21669096103146,31.81552170533038,True,True,ok
1740,99.95903579692512,100.21177331417222,94.49720647760427,105.93522333399801,100.0,0.0,99.2096555810305,100.21177331417222,25.25219862704072,True,True,ok
1741,100.03796349339764,100.07157499325608,99.03758385846366,100.03796349339764,100.0,0.0,99.07085924332351,100.07157499325608,3.3593101487026185,True,True,good
1742,100.27692809571676,100.03534354018538,99.27415881475957,100.27692809571674,100.0,0.0,99.03499010478353,100.03534354018538,24.12080604840822,False,False,bad
1743,100.27091864220175,100.03534354018538,99.27415881475957,100.27692809571674,100.0,0.0,99.03499010478353,100.03534354018538,23.52150232966506,False,True,bad
1744,100.27247720483403,100.07866200893628,99.31714766644139,100.32035117822362,100.0,0.0,99.07787538884692,100.07866200893628,19.34755720551751,False,True,bad
1745,100.23685168332146,100.07866200893628,99.31714766644139,100.32035117822362,100.0,0.0,99.07787538884692,100.07866200893628,15.794054524620693,False,True,bad
1746,100.13844604844353,100.07866200893628,99.31714766644139,100.32035117822362,100.0,0.0,99.07787538884692,100.07866200893628,5.971921367167143,False,True,good
1747,100.00746213206673,100.07866200893628,99.31714766644139,100.32035117822362,100.0,0.0,99.07787538884692,100.07866200893628,7.116923292954635,True,True,good
1748,99.97647122796486,100.1091924050118,99.34744575191216,100.35095530496179,100.0,0.0,99.10810048096168,100.1091924050118,13.266437395133131,True,True,ok
1749,99.98444215944386,100.17253163879953,99.41238119160982,100.41654665819175,91.00621759418777,0.0,99.2608993176714,100.17253163879953,18.794202485267576,True,True,ok
1750,99.9398037165558,100.17253163879953,99.41238119160982,100.41654665819175,91.00621759418777,0.0,99.2608993176714,100.17253163879953,23.259738262005953,True,True,ok
1751,100.00095412453116,100.17253163879953,99.41238119160982,100.41654665819175,91.00621759418777,0.0,99.2608993176714,100.17253163879953,17.142885395955066,True,True,ok
1752,100.10003911546178,100.17253163879953,99.41238119160982,100.41654665819175,91.00621759418777,0.0,99.2608993176714,100.17253163879953,7.239386425285703,True,True,good
1753,100.12127768065784,100.17253163879953,99.41238119160982,100.41654665819175,91.00621759418777,0.0,99.2608993176714,100.17253163879953,5.117877525477404,True,True,good
1754,100.25775296813885,100.17253163879953,99.41238119160982,100.41654665819175,91.00621759418777,0.0,99.2608993176714,100.17253163879953,8.503838094339043,False,True,good
1755,100.27170563517221,100.17253163879953,99.41238119160982,100.41654665819175,91.00621759418777,0.0,99.2608993176714,100.17253163879953,9.895420872557375,False,True,good
1756,100.14623110339103,100.03238821779,99.63771754689522,100.55281064340733,91.00621759418777,0.0,99.12203128892855,100.03238821779,11.374131589114349,False,True,good
1757,100.2035897133176,100.03238821779,99.63771754689522,100.55281064340733,91.00621759418777,0.0,99.12203128892855,100.03238821779,17.099977637775446,False,True,bad
1758,100.0441904699636,100.03238821779,99.63771754689522,100.55281064340733,91.00621759418777,0.0,99.12203128892855,100.03238821779,1.1797734911997788,False,True,good
1759,100.13047512801784,100.03238821779,99.63771754689522,100.55281064340733,91.00621759418777,0.0,99.12203128892855,100.03238821779,9.800710925056935,False,True,good
1760,100.26008928953328,100.03238821779,99.63771754689522,100.55281064340733,91.00621759418777,0.0,99.12203128892855,100.03238821779,22.736866873049305,False,True,bad
1761,100.27387193061365,100.03238821779,99.63771754689522,100.55281064340733,91.00621759418777,0.0,99.12203128892855,100.03238821779,24.111461083248148,False,True,bad
1762,100.28753146962151,99.8924408602934,99.5131974662256,100.42714694494916,91.00621759418777,0.0,98.98335753939877,99.8924408602934,39.47359146301233,False,True,bad
1763,100.1540289242501,99.8924408602934,99.5131974662256,100.42714694494916,91.00621759418777,0.0,98.98335753939877,99.8924408602934,26.152744743380122,False,True,bad
1764,100.11111495320752,99.89651101500746,98.35061818290636,101.61427238125219,86.76884042851327,0.0,99.02972057264483,99.89651101500746,21.459583805157326,False,True,bad
1765,100.12952407906653,99.89651101500746,98.35061818290636,101.61427238125219,86.76884042851327,0.0,99.02972057264483,99.89651101500746,23.298284080970028,False,True,bad
1766,100.0540136204409,99.89651101500746,98.35061818290636,101.61427238125219,86.76884042851327,0.0,99.02972057264483,99.89651101500746,15.754161015236251,False,True,bad
1767,100.02534405892756,99.75755929030615,99.42332658623504,100.29356219565119,86.76884042851327,0.0,98.8919745159463,99.75755929030615,26.807592091322572,False,True,bad
1768,100.13392763546013,99.89731768135911,99.26507715661198,100.13392763546013,86.76884042851327,0.0,99.03052023964608,99.89731768135911,23.657310544543428,False,True,bad
1769,100.15795957371206,99.94869417751823,99.28890057252237,100.15795957371205,86.76884042851327,0.0,99.08145094790551,99.94869417751823,20.91539372204829,False,False,bad
1770,100.19266168975184,99.98332378856601,99.32330158232524,100.19266168975184,86.76884042851327,0.0,99.11578008183378,99.98332378856601,20.915393722043856,False,True,bad
1771,100.16702800116016,99.98332378856601,99.32330158232524,100.19266168975184,86.76884042851327,0.0,99.11578008183378,99.98332378856601,18.35662665955945,False,True,bad
1772,100.15113145546633,99.97652765015873,98.32165920343783,101.21336472522783,86.76884042851327,0.0,99.10904291273138,99.97652765015873,17.44924718453875,False,True,bad
1773,100.15145536186296,99.94220355526777,99.28245279696527,100.15145536186296,86.76884042851327,0.0,99.07501664403166,99.94220355526777,20.915393722046073,False,True,bad
1774,100.19406632794427,99.98472549197253,99.32469403263497,100.19406632794428,86.76884042851327,0.0,99.11716962282236,99.98472549197253,20.915393722043856,False,True,bad
1775,100.04770813670515,99.97617137437683,98.67531915783634,100.85343596396443,86.76884042851327,0.0,99.10868972831314,99.97617137437683,7.152822508312829,False,True,good
1776,99.93454797472634,99.97617137437683,98.67531915783634,100.85343596396443,86.76884042851327,0.0,99.10868972831314,99.97617137437683,4.164198937154504,True,True,good
1777,100.15236620731469,99.94311249764121,99.28335573911664,100.15236620731469,86.76884042851327,0.0,99.07591769961753,99.94311249764121,20.915393722050506,False,True,bad
1778,100.18293728481123,99.97361970134618,99.31366155491868,100.18293728481123,86.76884042851327,0.0,99.10616019585349,99.97361970134618,20.915393722039425,False,True,bad
1779,100.04820616005229,99.96682422255219,98.74479660322159,100.76008730931731,86.76884042851327,0.0,99.09942368064101,99.96682422255219,8.137582644200142,False,True,good
1780,100.14442703233182,99.93518991040241,99.27548545143449,100.14442703233182,86.76884042851327,0.0,99.06806385574953,99.93518991040241,20.91539372204829,False,True,bad
1781,100.05221848799775,99.79537853532626,99.25826167637742,100.12705250047654,86.76884042851327,0.0,98.9294656077628,99.79537853532626,25.70359593044387,False,True,bad
1782,100.05540249222884,99.79537853532626,99.25826167637742,100.12705250047654,86.76884042851327,0.0,98.9294656077628,99.79537853532626,26.021825112895563,False,True,bad
1783,100.27462948713092,99.93518991040243,99.40455815463123,100.27462948713094,86.76884042851327,0.0,99.06806385574954,99.93518991040243,33.90841697815898,False,True,bad
1784,100.34979212450375,100.0739023980084,99.47906861451521,100.34979212450376,75.85997085365278,0.0,99.31474206609599,100.0739023980084,27.530667110854477,False,True,bad
1785,100.37069354874296,100.0739023980084,99.47906861451521,100.34979212450376,75.85997085365278,0.0,99.31474206609599,100.0739023980084,29.61330698138242,False,False,bad
1786,100.28135262406464,100.0739023980084,99.47906861451521,100.34979212450376,75.85997085365278,0.0,99.31474206609599,100.0739023980084,20.70824647625974,False,True,bad
1787,100.20856416391676,100.06784024156242,98.5422023761666,101.30384358671756,100.0,0.0,99.06716183914679,100.06784024156242,14.052973033070375,False,True,bad
1788,100.43017585024899,100.06784024156242,98.5422023761666,101.30384358671756,100.0,0.0,99.06716183914679,100.06784024156242,36.1435998420179,False,True,bad
1789,100.40483792000163,100.20803333016443,99.80268314642414,100.81079105699409,100.0,0.0,99.20595299686278,100.20803333016443,19.620341580807136,False,True,bad
1790,100.43299215010421,100.21095507142067,99.16900124959297,101.45496385790055,100.0,0.0,99.20884552070646,100.21095507142067,22.132456263428153,False,True,bad
1791,100.4774239094354,100.23326095661855,99.47264967034103,100.47742390943539,100.0,0.0,99.23092834705237,100.23326095661855,24.32985303414644,False,False,bad
1792,100.44181930518751,100.23326095661855,99.47264967034103,100.47742390943539,100.0,0.0,99.23092834705237,100.23326095661855,20.785682346368567,False,True,bad
1793,100.3487987602561,100.09126022099802,99.51726798795453,100.52249291712579,100.0,0.0,99.09034761878804,100.09126022099802,25.69732640160606,False,True,bad
1794,100.29558347546188,100.05186239998973,99.29262764070725,100.29558347546187,76.41743661595032,0.0,99.28729171466384,100.05186239998973,24.32985303416859,False,False,bad
1795,100.26258268892794,100.19203310394795,99.74903221253552,100.51715857193415,76.41743661595032,0.0,99.42639127003353,100.19203310394795,7.038958680384537,False,True,good
1796,100.38940869603205,100.19203310394795,99.74903221253552,100.51715857193415,76.41743661595032,0.0,99.42639127003353,100.19203310394795,19.68035068633789,False,True,bad
1797,100.27892093923154,100.19203310394795,99.74903221253552,100.51715857193415,76.41743661595032,0.0,99.42639127003353,100.19203310394795,8.668372048107205,False,True,good
1798,100.37356593967021,100.33240018432312,99.88764761469938,100.65684139442136,76.41743661595032,0.0,99.56568570116195,100.33240018432312,4.102095888760134,False,True,good
1799,100.38249463912746,100.47296391623478,100.02644264774544,100.7967052310545,76.41743661595032,0.0,99.70517528106623,100.47296391623478,9.008396772095397,True,True,good
1800,100.30912902459536,100.46966427985804,99.4793713142385,101.35102103759162,100.0,0.0,99.46496763705946,100.46966427985804,15.991259518066645,True,True,ok
1801,100.34478484104645,100.5892194601813,100.34478484104646,101.35836852630956,100.0,0.0,99.58332726557948,100.5892194601813,24.32985303416062,True,False,ok
1802,100.2957896749459,100.59704213314772,99.31644072917508,102.40785520442307,100.0,0.0,99.59107171181624,100.59704213314772,29.991382101590183,True,True,ok
1803,100.38890835309292,100.51809749446919,100.27593191992273,101.28882012113407,100.0,0.0,99.5129165195245,100.51809749446919,12.860592754073746,True,True,ok
1804,100.49692753071955,100.51809749446919,100.27593191992273,101.28882012113407,100.0,0.0,99.5129165195245,100.51809749446919,2.106306613175065,True,True,good
1805,100.55041425533555,100.51809749446919,100.27593191992273,101.28882012113407,100.0,0.0,99.5129165195245,100.51809749446919,3.2145024462953145,False,True,good
1806,100.49565661971133,100.51809749446919,100.27593191992273,101.28882012113407,100.0,0.0,99.5129165195245,100.51809749446919,2.232770085806633,True,True,good
1807,100.52258985700796,100.51809749446919,100.27593191992273,101.28882012113407,100.0,0.0,99.5129165195245,100.51809749446919,0.4469107819619894,False,True,good
1808,100.44944890603101,100.51809749446919,100.27593191992273,101.28882012113407,100.0,0.0,99.5129165195245,100.51809749446919,6.831808651475902,True,True,good
1809,100.32607523822638,100.51809749446919,100.27593191992273,101.28882012113407,100.0,0.0,99.5129165195245,100.51809749446919,19.121522137101834,True,True,ok
1810,100.42685317834687,100.51809749446919,100.27593191992273,101.28882012113407,100.0,0.0,99.5129165195245,100.51809749446919,9.081524276960753,True,True,good
1811,100.42217648356576,100.51809749446919,100.27593191992273,101.28882012113407,100.0,0.0,99.5129165195245,100.51809749446919,9.54721682123853,True,True,good
1812,100.37470782837957,100.51809749446919,100.27593191992273,101.28882012113407,100.0,0.0,99.5129165195245,100.51809749446919,14.275243974959048,True,True,ok
1813,100.56804764793146,100.51809749446919,100.27593191992273,101.28882012113407,100.0,0.0,99.5129165195245,100.51809749446919,4.968035411317251,False,True,good
1814,100.61030361992299,100.51809749446919,100.27593191992273,101.28882012113407,100.0,0.0,99.5129165195245,100.51809749446919,9.168882306288607,False,True,good
1815,100.54842186702201,100.51809749446919,100.27593191992273,101.28882012113407,100.0,0.0,99.5129165195245,100.51809749446919,3.016352287694375,False,True,good
1816,100.52537753197541,100.51809749446919,100.27593191992273,101.28882012113407,100.0,0.0,99.5129165195245,100.51809749446919,0.724225196410738,False,True,good
1817,100.58980168731819,100.51809749446919,100.27593191992273,101.28882012113407,100.0,0.0,99.5129165195245,100.51809749446919,7.130917898221335,False,True,good
1818,100.67657289915999,100.51809749446919,100.27593191992273,101.28882012113407,100.0,0.0,99.5129165195245,100.51809749446919,15.753442887420656,False,True,bad
1819,100.55625382534313,100.51809749446919,100.27593191992273,101.28882012113407,100.0,0.0,99.5129165195245,100.51809749446919,3.795245995474014,False,True,good
1820,100.60577878389155,100.51809749446919,100.27593191992273,101.28882012113407,100.0,0.0,99.5129165195245,100.51809749446919,8.719133361954796,False,True,good
1821,100.46735999051864,100.51809749446919,100.27593191992273,101.28882012113407,100.0,0.0,99.5129165195245,100.51809749446919,5.0488732531438005,True,True,good
1822,100.41987365054798,100.51809749446919,100.27593191992273,101.28882012113407,100.0,0.0,99.5129165195245,100.51809749446919,9.776534637537166,True,True,good
1823,100.42863021438139,100.51809749446919,100.27593191992273,101.28882012113407,100.0,0.0,99.5129165195245,100.51809749446919,8.904577548442608,True,True,good
1824,100.51720492190911,100.51809749446919,100.27593191992273,101.28882012113407,100.0,0.0,99.5129165195245,100.51809749446919,0.08879759418917499,True,True,good
1825,100.65499218520803,100.51809749446919,100.27593191992273,101.28882012113407,100.0,0.0,99.5129165195245,100.51809749446919,13.609644519232468,False,True,bad
1826,100.78241285455302,100.51809749446919,100.27593191992273,101.28882012113407,100.0,0.0,99.5129165195245,100.51809749446919,26.2607890586216,False,True,bad
1827,100.7833686522872,100.51809749446919,100.27593191992273,101.28882012113407,100.0,0.0,99.5129165195245,100.51809749446919,26.35562635958088,False,True,bad
1828,100.76809653445821,100.51809749446919,100.27593191992273,101.28882012113407,100.0,0.0,99.5129165195245,100.51809749446919,24.84017045911858,False,True,bad
1829,100.85443964889514,100.51809749446919,100.27593191992273,101.28882012113407,100.0,0.0,99.5129165195245,100.51809749446919,33.40499871190687,False,True,bad
1830,100.96373376190257,100.51809749446919,100.27593191992273,101.28882012113407,100.0,0.0,99.5129165195245,100.51809749446919,44.23594835778701,False,True,bad
1831,101.19624748802252,100.51809749446919,100.27593191992273,101.28882012113407,100.0,0.0,99.5129165195245,100.51809749446919,67.23890148515252,False,True,bad
1832,101.2605722975966,100.51809749446919,100.27593191992273,101.28882012113407,100.0,0.0,99.5129165195245,100.51809749446919,73.59332430051066,False,True,bad
1833,101.38291985790259,100.53004085265327,94.5146897783075,107.46366931395933,100.0,0.0,99.52474044412673,100.53004085265327,84.48036962977027,False,True,bad
1834,101.52371672456319,100.53004085265327,94.5146897783075,107.46366931395933,100.0,0.0,99.52474044412673,100.53004085265327,98.35836708020055,False,True,bad
1835,101.5497351196337,100.53004085265327,94.5146897783075,107.46366931395933,100.0,0.0,99.52474044412673,100.53004085265327,100.9208285912053,False,True,bad
1836,101.62866285447237,100.54542543156857,94.58627331956296,107.7263826257407,100.0,0.0,99.5399711772529,100.54542543156857,107.15990342460326,False,True,bad
1837,101.52514943292775,100.54542543156857,94.58627331956296,107.7263826257407,100.0,0.0,99.5399711772529,100.54542543156857,96.96925729915957,False,True,bad
1838,101.56027950191397,100.54542543156857,94.58627331956296,107.7263826257407,100.0,0.0,99.5399711772529,100.54542543156857,100.42889194856457,False,True,bad
1839,101.5781239713191,100.5611986777315,94.64111478369546,107.3688796378102,100.0,0.0,99.55558669095419,100.5611986777315,100.61712481681315,False,True,bad
1840,101.5280447454832,100.57373719131117,94.98429764568067,107.6197274302122,100.0,0.0,99.56799981939805,100.57373719131117,94.43901361878814,False,True,bad
1841,101.62380775705405,100.60394063059364,95.18312950638251,108.41835082394742,100.0,0.0,99.59790122428771,100.60394063059364,100.8640783451955,False,True,bad
1842,101.6102906884523,100.64559727803666,95.57329496954785,108.86276882411426,100.0,0.0,99.63914130525629,100.64559727803666,95.3940808072507,False,True,bad
1843,101.59452008222326,100.69332450936453,95.49884887728984,108.72608889605515,100.0,0.0,99.68639126427088,100.69332450936453,89.10090834265553,False,True,bad
1844,101.65021746293274,100.69332450936453,95.49884887728984,108.72608889605515,100.0,0.0,99.68639126427088,100.69332450936453,94.58172745526615,False,True,bad
1845,101.68913390932781,100.72532326663433,95.35180955812824,108.61048584957656,100.0,0.0,99.71807003396799,100.72532326663433,95.23212326379245,False,True,bad
1846,101.62670883024582,100.72532326663433,95.35180955812824,108.61048584957656,100.0,0.0,99.71807003396799,100.72532326663433,89.09142313905495,False,True,bad
1847,101.67084670463859,100.72532326663433,95.35180955812824,108.61048584957656,100.0,0.0,99.71807003396799,100.72532326663433,93.43361751223668,False,True,bad
1848,101.48095012118834,100.72532326663433,95.35180955812824,108.61048584957656,100.0,0.0,99.71807003396799,100.72532326663433,74.73856861525866,False,True,bad
1849,101.53193864750175,100.8664374761056,101.15761604553856,102.17941014700865,100.0,0.0,99.85777310134455,100.8664374761056,65.76174992111422,False,True,bad
1850,101.5391416381909,101.012446622098,101.08734095477021,102.1084252068386,100.0,0.0,100.00232215587701,101.012446622098,52.006129175818295,False,True,bad
1851,101.56508577524852,101.012446622098,101.08734095477021,102.1084252068386,100.0,0.0,100.00232215587701,101.012446622098,54.56089010119473,False,True,bad
1852,101.76038162981618,101.012446622098,101.08734095477021,102.1084252068386,100.0,0.0,100.00232215587701,101.012446622098,73.77106747037891,False,True,bad
1853,101.56569581387103,101.012446622098,101.08734095477021,102.1084252068386,100.0,0.0,100.00232215587701,101.012446622098,54.62095373288613,False,True,bad
1854,101.5705043504622,101.012446622098,101.08734095477021,102.1084252068386,100.0,0.0,100.00232215587701,101.012446622098,55.09438353891587,False,True,bad
1855,101.64370865271636,101.02992226626897,97.09209683529687,106.31008629618897,100.0,0.0,100.01962304360627,101.02992226626897,60.569128812694785,False,True,bad
1856,101.71471523561951,101.02992226626897,97.09209683529687,106.31008629618897,100.0,0.0,100.01962304360627,101.02992226626897,67.55252142866387,False,True,bad
1857,101.65613335997395,101.06067181968677,95.62776697037907,108.92481516075847,100.0,0.0,100.0500651014899,101.06067181968677,58.74828703874232,False,True,bad
1858,101.63621644049323,101.20978885549876,101.63621644049321,102.66284488938709,100.0,0.0,100.19769096694377,101.20978885549876,42.04452659054371,False,True,bad
1859,101.5633114861978,101.20978885549876,101.63621644049321,102.66284488938709,100.0,0.0,100.19769096694377,101.20978885549876,34.86882513419083,False,False,bad
1860,101.42284670593331,101.35158179179236,101.4228467059333,102.44731990498313,100.0,0.0,100.33806597387444,101.35158179179236,7.028984631155703,False,True,good
1861,101.38931134391088,101.49357337721871,101.38931134391085,102.41344580193015,100.0,0.0,100.47863764344652,101.49357337721871,10.278052052497024,True,True,good
1862,101.36794426525394,101.61487124694226,101.36794426525395,102.39186289419591,100.0,0.0,100.59872253447283,101.61487124694226,24.32985303416396,True,False,ok
1863,101.2166102780216,101.62481788022744,99.51613717650427,104.29718179942492,100.0,0.0,100.60856970142517,101.62481788022744,40.248992228662544,True,True,bad
1864,101.21766365113744,101.62481788022744,99.51613717650427,104.29718179942492,100.0,0.0,100.60856970142517,101.62481788022744,40.1449215991794,True,True,bad
1865,101.19858813166888,101.62481788022744,99.51613717650427,104.29718179942492,100.0,0.0,100.60856970142517,101.62481788022744,42.029703019348666,True,True,bad
1866,101.15102269009675,101.48264268105649,100.39831012807103,101.41243447279902,100.0,0.0,100.46781625424592,101.48264268105649,32.73101598506707,True,True,ok
1867,101.14543458377292,101.34066638789768,100.41283135405394,101.42710237783226,100.0,0.0,100.3272597240187,101.34066638789768,19.283483032741263,True,True,ok
1868,101.07820846224334,101.34066638789768,100.41283135405394,101.42710237783226,100.0,0.0,100.3272597240187,101.34066638789768,25.932173857753277,True,True,ok
1869,101.19500005428259,101.34066638789768,100.41283135405394,101.42710237783226,100.0,0.0,100.3272597240187,101.34066638789768,14.384267353014339,True,True,ok
1870,101.00940488943236,101.32798154033038,97.87188360145687,104.06035064440131,100.0,0.0,100.31470172492708,101.32798154033038,31.489673734513488,True,True,ok
1871,101.04616035087763,101.32798154033038,97.87188360145687,104.06035064440131,100.0,0.0,100.31470172492708,101.32798154033038,27.851519862633904,True,True,ok
1872,101.0550072274209,101.18319702617083,100.3035363618245,101.31670339578233,100.0,0.0,100.17136505590912,101.18319702617083,12.677111764394692,True,True,ok
1873,101.24080617701105,101.04163966360902,100.22839811524094,101.24080617701105,100.0,0.0,100.03122326697293,101.04163966360902,19.691928969288647,False,True,bad
1874,101.50311450551598,101.18168463934987,100.48808336046082,101.50311450551598,100.0,0.0,100.16986779295637,101.18168463934987,31.717241449098307,False,True,bad
1875,101.61381956227274,101.18168463934987,100.48808336046082,101.50311450551598,100.0,0.0,100.16986779295637,101.18168463934987,42.61786558729003,False,False,bad
1876,101.63447329726172,101.32345874134442,100.81810265332048,101.83646732658634,100.0,0.0,100.31022415393097,101.32345874134442,30.648203422564894,False,True,bad
1877,101.84031828716196,101.4654109269267,100.98487598361946,102.00492523597926,100.0,0.0,100.45075681765742,101.4654109269267,36.881182507615435,False,True,bad
1878,101.89861114325673,101.46647592633799,99.89084616807156,103.12210898025477,100.0,0.0,100.45181116707461,101.46647592633799,42.49853045613624,False,True,bad
1879,101.86358879612271,101.46647592633799,99.89084616807156,103.12210898025477,100.0,0.0,100.45181116707461,101.46647592633799,39.060959847916145,False,True,bad
1880,102.0740553929278,101.44817613897679,101.20376984325733,102.22603014470438,100.0,0.0,100.43369437758702,101.44817613897679,61.50494933644112,False,True,bad
1881,102.07779368662479,101.44817613897679,101.20376984325733,102.22603014470438,100.0,0.0,100.43369437758702,101.44817613897679,61.87117611462129,False,True,bad
1882,102.01897476472796,101.30624806521544,100.97246796511507,101.99239188395462,100.0,0.0,100.29318558456329,101.30624806521544,70.10734908575627,False,False,bad
1883,101.94522510861967,101.30624806521544,100.97246796511507,101.99239188395462,100.0,0.0,100.29318558456329,101.30624806521544,62.87572124438603,False,True,bad
1884,101.90043713214196,101.30624806521544,100.97246796511507,101.99239188395462,100.0,0.0,100.29318558456329,101.30624806521544,58.48141854438518,False,True,bad
1885,101.96521392251695,101.30624806521544,100.97246796511507,101.99239188395462,100.0,0.0,100.29318558456329,101.30624806521544,64.8362696161401,False,True,bad
1886,102.01202425207116,101.4485960825859,100.99190400955042,102.01202425207114,100.0,0.0,100.43411012176003,101.4485960825859,55.38463500221582,False,False,bad
1887,102.11392834713365,101.45015828807303,99.9020939523172,103.12485107671897,100.0,0.0,100.4356567051923,101.45015828807303,65.2150801790378,False,True,bad
1888,102.08119131649096,101.45015828807303,99.9020939523172,103.12485107671897,100.0,0.0,100.4356567051923,101.45015828807303,62.00863420940766,False,True,bad
1889,102.06340351725785,101.45015828807303,99.9020939523172,103.12485107671897,100.0,0.0,100.4356567051923,101.45015828807303,60.26596751841732,False,True,bad
1890,102.26394044593779,101.45167365038023,98.0198944732597,105.10507705041081,100.0,0.0,100.43715691387642,101.45167365038023,79.74559080672678,False,True,bad
1891,102.49656437224844,101.45314357344483,96.92050306833006,106.29730794754332,100.0,0.0,100.43861213771038,101.45314357344483,102.32227474233962,False,True,bad
1892,102.53708788757426,101.45456941916619,95.7806427291048,107.56232436467582,100.0,0.0,100.44002372497452,101.45456941916619,106.13459828899224,False,True,bad
1893,102.43166467563177,101.45456941916619,95.7806427291048,107.56232436467582,100.0,0.0,100.44002372497452,101.45456941916619,95.84783799792488,False,True,bad
1894,102.48325529463254,101.45456941916619,95.7806427291048,107.56232436467582,100.0,0.0,100.44002372497452,101.45456941916619,100.8831590080601,False,True,bad
1895,102.39907399562823,101.45456941916619,95.7806427291048,107.56232436467582,100.0,0.0,100.44002372497452,101.45456941916619,92.66563199798829,False,True,bad
1896,102.36172472243202,101.3435377726275,101.09727013887748,102.11845468573483,100.0,0.0,100.33010239490122,101.3435377726275,99.9675135240414,False,False,bad
1897,102.28589695576143,101.4855180885402,101.2630379862038,102.28589695576142,100.0,0.0,100.4706629076548,101.4855180885402,78.55694412490118,False,False,bad
1898,102.15785363364421,101.4855180885402,101.2630379862038,102.28589695576142,100.0,0.0,100.4706629076548,101.4855180885402,66.03092281196179,False,True,bad
1899,102.16592317084027,101.4855180885402,101.2630379862038,102.28589695576142,100.0,0.0,100.4706629076548,101.4855180885402,66.82080026298087,False,True,bad
1900,102.20211191158522,101.4855180885402,101.2630379862038,102.28589695576142,100.0,0.0,100.4706629076548,101.4855180885402,70.36232681419472,False,True,bad
1901,102.10173405355914,101.4855180885402,101.2630379862038,102.28589695576142,100.0,0.0,100.4706629076548,101.4855180885402,60.53599529031433,False,True,bad
1902,102.23480741423182,101.4855180885402,101.2630379862038,102.28589695576142,100.0,0.0,100.4706629076548,101.4855180885402,73.56091765905664,False,True,bad
1903,102.29417516989807,101.62892616932653,101.2712334181991,102.29417516989808,100.0,0.0,100.61263690763327,101.62892616932653,65.24531611619977,False,True,bad
1904,102.36346204683714,101.7713063088058,101.33982742636877,102.36346204683714,100.0,0.0,100.75359324571775,101.7713063088058,58.01631968376541,False,True,bad
1905,102.40303496380918,101.91369267648594,101.37900461417108,102.40303496380918,100.0,0.0,100.89455574972108,101.91369267648594,47.900456180831036,False,True,bad
1906,102.46825447463114,101.91297381354002,100.19676520607491,103.61130654018062,100.0,0.0,100.89384407540462,101.91297381354002,54.33786967729473,False,True,bad
1907,102.3663307426748,101.9122765213272,99.00051702024548,104.86326805725797,100.0,0.0,100.89315375611393,101.9122765213272,44.45448059203695,False,True,bad
1908,102.22905070003193,101.9122765213272,99.00051702024548,104.86326805725797,100.0,0.0,100.89315375611393,101.9122765213272,31.034816640991504,False,True,bad
1909,102.13055336268374,101.91973336162918,101.66995715783669,102.69692642205726,100.0,0.0,100.9005360280129,101.91973336162918,20.663541272353587,False,True,bad
1910,102.09527230253795,102.06252091630178,102.09527230253796,103.12653767933128,100.0,0.0,101.04189570713876,102.06252091630178,3.2084385318592643,False,False,bad
1911,102.09011746938873,102.08312588804796,100.73599596778972,104.51807067411956,100.0,0.0,101.06229462916748,102.08312588804796,0.6848675397933763,False,True,good
1912,101.96960850806012,102.21800111220466,101.9696085080601,102.99960455359607,100.0,0.0,101.19582110108261,102.21800111220466,24.329853034155057,True,True,ok
1913,101.82659474993694,102.07499603755733,101.82659474993697,102.85514621205755,100.0,0.0,101.05424607718176,102.07499603755733,24.364833010491548,True,False,ok
1914,101.8253770009354,102.0829235445678,100.46872727578118,104.24526691307452,100.0,0.0,101.06209430912213,102.0829235445678,25.261029580254633,True,True,ok
1915,102.00738123910756,102.0829235445678,100.46872727578118,104.24526691307452,100.0,0.0,101.06209430912213,102.0829235445678,7.402831701408148,True,True,good
1916,101.97056824609056,102.09061381461744,98.56568621167185,106.2579655640897,100.0,0.0,101.06970767647127,102.09061381461744,11.765646083483038,True,True,good
1917,102.18906411823345,102.23364076946524,102.18906411823342,103.22127688710447,100.0,0.0,101.21130436177059,102.23364076946524,4.361223178494993,True,True,good
1918,102.13734239548774,102.37686810228166,102.13734239548772,103.16903272271487,100.0,0.0,101.35309942125885,102.37686810228166,23.423880006157688,True,True,ok
1919,102.05901644740418,102.30548815684061,102.05901644740416,103.08991560343854,100.0,0.0,101.2824332752722,102.30548815684061,24.120806048403793,True,True,ok
1920,102.07222779409562,102.30548815684061,102.05901644740416,103.08991560343854,100.0,0.0,101.2824332752722,102.30548815684061,22.82640873465752,True,True,ok
1921,101.97251696764346,102.22091665664273,101.97251696764347,103.00254239155906,100.0,0.0,101.1987074900763,102.22091665664273,24.3298530341673,True,False,ok
1922,102.05571394063497,102.30217767454387,102.05571394063494,103.0865797380151,100.0,0.0,101.27915589779843,102.30217767454387,24.120806048396002,True,True,ok
1923,102.15458079130254,102.30217767454387,102.05571394063494,103.0865797380151,100.0,0.0,101.27915589779843,102.30217767454387,14.437958420960566,True,True,ok
1924,102.11962615142342,102.30217767454387,102.05571394063494,103.0865797380151,100.0,0.0,101.27915589779843,102.30217767454387,17.860283808333786,True,True,ok
1925,102.13441578062779,102.18652699937708,101.94034188805347,102.97004231116512,100.0,0.0,101.16466172938331,102.18652699937708,5.100918111494143,True,True,good
1926,102.07608885254787,102.19453798291912,100.37073527234588,104.58029712490887,100.0,0.0,101.17259260308992,102.19453798291912,11.597276170548719,True,True,good
1927,102.22889278376527,102.19453798291912,100.37073527234588,104.58029712490887,100.0,0.0,101.17259260308992,102.19453798291912,3.361141239116693,False,True,good
1928,102.27488229439213,102.19453798291912,100.37073527234588,104.58029712490887,100.0,0.0,101.17259260308992,102.19453798291912,7.858809938343212,False,True,good
1929,102.24445423238465,102.19453798291912,100.37073527234588,104.58029712490887,100.0,0.0,101.17259260308992,102.19453798291912,4.883241686585549,False,True,good
1930,102.29901130465007,102.19453798291912,100.37073527234588,104.58029712490887,100.0,0.0,101.17259260308992,102.19453798291912,10.217762974366755,False,True,good
1931,102.52067401583537,102.19453798291912,100.37073527234588,104.58029712490887,100.0,0.0,101.17259260308992,102.19453798291912,31.862440084166746,False,True,bad
1932,102.51162687301868,102.2043194975903,96.63150050118703,108.62711706829553,100.0,0.0,101.1822763026144,102.2043194975903,30.022830337160666,False,True,bad
1933,102.42917290217602,102.2043194975903,96.63150050118703,108.62711706829553,100.0,0.0,101.1822763026144,102.2043194975903,21.97621635087349,False,True,bad
1934,102.16092715028545,102.2043194975903,96.63150050118703,108.62711706829553,100.0,0.0,101.1822763026144,102.2043194975903,4.246548634729974,True,True,good
1935,102.01270207233672,102.25906193292737,102.01270207233671,103.04313340640071,100.0,0.0,101.23647131359809,102.25906193292737,24.120806048406017,True,True,ok
1936,101.82706589845495,102.11599941335184,101.82706589845493,102.85562211965144,100.0,0.0,101.09483941921833,102.11599941335184,28.33474212673152,True,True,ok
1937,101.91592941064538,101.97489943553138,101.68142035276927,102.70850540683765,100.0,0.0,100.95515044117607,101.97489943553138,5.7844707252407845,True,True,good
1938,101.89282124454053,102.11748468333342,101.58843721027377,102.61458304068057,100.0,0.0,101.09630983650008,102.11748468333342,22.024723563753515,True,True,ok
1939,101.80452660247127,102.11696673004606,100.30250557233624,103.93015674537348,100.0,0.0,101.0957970627456,102.11696673004606,30.643201651254884,True,True,ok
1940,101.9350782765178,102.01795325584955,101.24168254002632,102.26432579800638,100.0,0.0,100.99777372329105,102.01795325584955,8.126869531712993,True,True,good
1941,102.20588513993505,102.01795325584955,101.24168254002632,102.26432579800638,100.0,0.0,100.99777372329105,102.01795325584955,18.404505429880725,False,True,bad
1942,102.26735724628229,102.00583572049885,99.59711694528737,103.95293282735406,100.0,0.0,100.98577736329386,102.00583572049885,25.605089426330895,False,True,bad
1943,102.26043235025998,102.00583572049885,99.59711694528737,103.95293282735406,100.0,0.0,100.98577736329386,102.00583572049885,24.927930000844782,False,True,bad
1944,102.3806886795009,102.00583572049885,99.59711694528737,103.95293282735406,100.0,0.0,100.98577736329386,102.00583572049885,36.68083112632452,False,True,bad
1945,102.42263356445366,102.00583572049885,99.59711694528737,103.95293282735406,100.0,0.0,100.98577736329386,102.00583572049885,40.77694490803929,False,True,bad
1946,102.22343020807125,102.00583572049885,99.59711694528737,103.95293282735406,100.0,0.0,100.98577736329386,102.00583572049885,21.30885296174308,False,True,bad
1947,102.24512882931465,101.99820300586453,97.3183022006603,106.3871047222332,100.0,0.0,100.97822097580588,101.99820300586453,24.179584374795226,False,True,bad
1948,102.27628641781504,101.99820300586453,97.3183022006603,106.3871047222332,100.0,0.0,100.97822097580588,101.99820300586453,27.226462248565575,False,True,bad
1949,102.19529323602718,101.99820300586453,97.3183022006603,106.3871047222332,100.0,0.0,100.97822097580588,101.99820300586453,19.30426727545486,False,True,bad
1950,102.32154041424045,101.99820300586453,97.3183022006603,106.3871047222332,100.0,0.0,100.97822097580588,101.99820300586453,31.650164871814212,False,True,bad
1951,102.44589107113684,102.02759528321982,101.78179306603482,102.80989198589376,100.0,0.0,101.00731933038763,102.02759528321982,40.914485187860855,False,True,bad
1952,102.49980160233117,102.02759528321982,101.78179306603482,102.80989198589376,100.0,0.0,101.00731933038763,102.02759528321982,46.175443028398995,False,True,bad
1953,102.6495433427398,102.03559380719992,100.15719632008776,104.47751670092337,100.0,0.0,101.01523786912792,102.03559380719992,59.98983466137955,False,True,bad
1954,102.69743713773302,102.04335297457489,98.99489571258668,105.70418884656864,100.0,0.0,101.02291944482914,102.04335297457489,63.894096337365845,False,True,bad
1955,102.77021861313403,102.04335297457489,98.99489571258668,105.70418884656864,100.0,0.0,101.02291944482914,102.04335297457489,70.97856694945503,False,True,bad
1956,102.73531221376444,102.04335297457489,98.99489571258668,105.70418884656864,100.0,0.0,101.02291944482914,102.04335297457489,67.5814418633478,False,True,bad
1957,102.69061905100314,102.18631371790937,101.85698568932794,102.88584413063428,100.0,0.0,101.16445058073027,102.18631371790937,49.23017392056194,False,True,bad
1958,102.71694047688618,102.18631371790937,101.85698568932794,102.88584413063428,100.0,0.0,101.16445058073027,102.18631371790937,51.79302273562991,False,True,bad
1959,102.64369078241266,102.18631371790937,101.85698568932794,102.88584413063428,100.0,0.0,101.16445058073027,102.18631371790937,44.65926032647114,False,True,bad
1960,102.69590524725818,102.07892857711111,101.8330026890955,102.86161887787424,100.0,0.0,101.05813929134,102.07892857711111,60.25921501981223,False,True,bad
1961,102.51277103402475,102.07892857711111,101.8330026890955,102.86161887787424,100.0,0.0,101.05813929134,102.07892857711111,42.41062643476793,False,True,bad
1962,102.66347730626632,102.07892857711111,101.8330026890955,102.86161887787424,100.0,0.0,101.05813929134,102.07892857711111,57.10104996709734,False,True,bad
1963,102.51373431997675,102.07892857711111,101.8330026890955,102.86161887787424,100.0,0.0,101.05813929134,102.07892857711111,42.504593402632864,False,True,bad
1964,102.6282327873011,102.07892857711111,101.8330026890955,102.86161887787424,100.0,0.0,101.05813929134,102.07892857711111,53.66744621413324,False,True,bad
1965,102.65158399585549,102.22193916116952,101.84789734726664,102.87666398713802,100.0,0.0,101.19971976955782,102.22193916116952,41.942507544665425,False,True,bad
1966,102.69574991580184,102.22193916116952,101.84789734726664,102.87666398713802,100.0,0.0,101.19971976955782,102.22193916116952,46.24408962864475,False,True,bad
1967,102.7138433449359,102.22610788390722,100.09528650849313,104.6779751442365,100.0,0.0,101.20384680506814,102.22610788390722,47.5979796945615,False,True,bad
1968,102.82021588375875,102.22610788390722,100.09528650849313,104.6779751442365,100.0,0.0,101.20384680506814,102.22610788390722,57.948823610097236,False,True,bad
1969,102.79325156867209,102.24961053681791,102.0032734462839,103.03360954170091,100.0,0.0,101.22711443144973,102.24961053681791,53.02718662333254,False,True,bad
1970,102.75785726485051,102.24961053681791,102.0032734462839,103.03360954170091,100.0,0.0,101.22711443144973,102.24961053681791,49.58334198807355,False,True,bad
1971,102.77314640822077,102.24961053681791,102.0032734462839,103.03360954170091,100.0,0.0,101.22711443144973,102.24961053681791,51.071112020353,False,True,bad
1972,102.62986210045804,102.24961053681791,102.0032734462839,103.03360954170091,100.0,0.0,101.22711443144973,102.24961053681791,37.1195801470509,False,True,bad
1973,102.83183325196265,102.24961053681791,102.0032734462839,103.03360954170091,100.0,0.0,101.22711443144973,102.24961053681791,56.779810849796576,False,True,bad
1974,102.82766328279904,102.24961053681791,102.0032734462839,103.03360954170091,100.0,0.0,101.22711443144973,102.24961053681791,56.374289175917944,False,True,bad
1975,102.86179905894348,102.24961053681791,102.0032734462839,103.03360954170091,100.0,0.0,101.22711443144973,102.24961053681791,59.69344574030479,False,True,bad
1976,102.89550868190472,102.25970002177343,98.63946404638628,106.54726837624982,100.0,0.0,101.2371030215557,102.25970002177343,61.9833831919753,False,True,bad
1977,102.96009461897401,102.40584225954241,102.24828321409694,103.28109415565348,100.0,0.0,101.38178383694698,102.40584225954241,53.97717981380318,False,True,bad
1978,102.91357100369103,102.40584225954241,102.24828321409694,103.28109415565348,100.0,0.0,101.38178383694698,102.40584225954241,49.45755211550332,False,True,bad
1979,103.01351353942252,102.40584225954241,102.24828321409694,103.28109415565348,100.0,0.0,101.38178383694698,102.40584225954241,59.16414741842003,False,True,bad
1980,102.97596941529426,102.40584225954241,102.24828321409694,103.28109415565348,100.0,0.0,101.38178383694698,102.40584225954241,55.51890068004705,False,True,bad
1981,102.85092539650118,102.40584225954241,102.24828321409694,103.28109415565348,100.0,0.0,101.38178383694698,102.40584225954241,43.368492999729,False,True,bad
1982,103.00508025378953,102.55320781082439,102.5210989044914,103.55666556009233,100.0,0.0,101.52767573271615,102.55320781082439,43.96545379862589,False,True,bad
1983,102.94202643830141,102.45610464056196,102.20713343817829,103.23952872543262,100.0,0.0,101.43154359415634,102.45610464056196,47.31520211268407,False,True,bad
1984,103.01199409899586,102.45610464056196,102.20713343817829,103.23952872543262,100.0,0.0,101.43154359415634,102.45610464056196,54.10969568009633,False,True,bad
1985,103.06362946473938,102.45610464056196,102.20713343817829,103.23952872543262,100.0,0.0,101.43154359415634,102.45610464056196,59.120998417525676,False,True,bad
1986,103.12694037352696,102.45610464056196,102.20713343817829,103.23952872543262,100.0,0.0,101.43154359415634,102.45610464056196,65.26200775921511,False,True,bad
1987,103.12782437249423,102.45610464056196,102.20713343817829,103.23952872543262,100.0,0.0,101.43154359415634,102.45610464056196,65.34772689092671,False,True,bad
1988,102.9058067676101,102.45610464056196,102.20713343817829,103.23952872543262,100.0,0.0,101.43154359415634,102.45610464056196,43.79612974733637,False,True,bad
1989,102.86759929288313,102.46407249839322,99.03665808659858,106.54455120353845,100.0,0.0,101.43943177340928,102.46407249839322,39.3049265579883,False,True,bad
1990,102.92679985405589,102.46407249839322,99.03665808659858,106.54455120353845,100.0,0.0,101.43943177340928,102.46407249839322,45.05829623677054,False,True,bad
1991,102.81887530928034,102.46407249839322,99.03665808659858,106.54455120353845,100.0,0.0,101.43943177340928,102.46407249839322,34.56723200530557,False,True,bad
1992,102.77925027426457,102.32354459954789,101.9841445638426,103.01428743822486,100.0,0.0,101.3003091535524,102.32354459954789,44.43688101610833,False,True,bad
1993,102.85431633512442,102.46689788587332,102.85431633512444,103.89324882335802,100.0,0.0,101.4422289070146,102.46689788587332,37.737835372150606,False,False,bad
1994,102.90446171177078,102.46689788587332,102.85431633512444,103.89324882335802,100.0,0.0,101.4422289070146,102.46689788587332,42.61202621981473,False,True,bad
1995,102.84766225998452,102.4939494939379,100.79761902908388,106.01311005648049,100.0,0.0,101.46900999899853,102.4939494939379,34.45118725543055,False,True,bad
1996,102.91999550247601,102.4939494939379,100.79761902908388,106.01311005648049,100.0,0.0,101.46900999899853,102.4939494939379,41.48176205591446,False,True,bad
1997,102.96416240777327,102.63754151419023,102.5777775584263,103.61391672568314,100.0,0.0,101.61116609904833,102.63754151419023,31.772223879016984,False,True,bad
1998,102.93088560271131,102.63754151419023,102.5777775584263,103.61391672568314,100.0,0.0,101.61116609904833,102.63754151419023,28.53981924634276,False,True,bad
1999,103.0438563886758,102.61653641408908,102.36931533531708,103.4033488235526,100.0,0.0,101.59037104994819,102.61653641408908,41.55594411843521,False,True,bad
