step,fair_price,submission_spot,internal_pool_price_x_per_y,normalizer_spot,internal_price_estimate,p_low,p_high,bid_fee_bps,ask_fee_bps,lambda_hat,arb_hat,stale_hat,inventory_signed,required_no_arb_bid_bps,required_no_arb_ask_bps
0,100.0,100.0198226225385,0.009998018130604639,100.00979155016637,100.14009804574935,99.72976513693314,100.29999999999998,28.999999999999996,28.999999999999996,0.8160000000000001,0.55,7.210760513024374e-05,0.0006008966370954095,0.0,12.010715543329109
1,99.83181263869632,100.0198226225385,0.009998018130604639,100.00979155016637,100.14009804574935,99.72976513693314,100.29999999999998,28.999999999999996,28.999999999999996,0.8160000000000001,0.55,7.210760513024374e-05,0.0006008966370954095,0.0,12.010715543329109
2,99.67839436360673,99.67348321488248,0.010032758640973105,99.68348055522502,99.99974637964928,99.67839436360673,100.25905369640428,28.999999999999996,28.999999999999996,0.9247616000000001,0.45220000000000005,0.000179633755413985,0.001633985514379287,0.0,32.626399223868454
3,99.8426241003642,99.67348321488248,0.010032758640973105,99.68348055522502,99.99974637964928,99.67839436360673,100.25905369640428,28.999999999999996,28.999999999999996,0.9247616000000001,0.45220000000000005,0.000179633755413985,0.001633985514379287,0.0,32.626399223868454
4,99.81775621291175,99.37261055780354,0.010063135046837831,99.38257772034693,99.99880291759135,99.39398708188521,100.54593629128675,0.0,97.61998559161208,0.8907806720000001,0.40698000000000006,0.0005457569565862114,0.003140833226148987,0.0,62.61998559161208
5,99.83778655022516,99.37261055780354,0.010063135046837831,99.53827319057449,99.99880291759135,99.39398708188521,100.54593629128675,0.0,97.61998559161208,0.8907806720000001,0.40698000000000006,0.0005457569565862114,0.003140833226148987,0.0,62.61998559161208
6,99.88589919778433,99.06879039462903,0.010093996262764651,99.36689106783255,99.9978877678998,99.02176697320112,100.92388571067264,0.0,100.0,0.8595182182400002,0.36628200000000005,0.0010730876673886386,0.004667267178247696,0.0,92.91169983782544
7,99.90120370558397,99.06879039462903,0.010093996262764651,99.60150009446721,99.9978877678998,99.02176697320112,100.92388571067264,0.0,100.0,0.8595182182400002,0.36628200000000005,0.0010730876673886386,0.004667267178247696,0.0,92.91169983782544
8,100.04203460294946,99.06879039462903,0.010093996262764651,99.74190849914059,99.9978877678998,99.02176697320112,100.92388571067264,0.0,100.0,0.8595182182400002,0.36628200000000005,0.0010730876673886386,0.004667267178247696,0.0,92.91169983782544
9,100.0454739906732,99.06879039462903,0.010093996262764651,99.5356350493726,99.9978877678998,99.02176697320112,100.92388571067264,0.0,100.0,0.8595182182400002,0.36628200000000005,0.0010730876673886386,0.004667267178247696,0.0,92.91169983782544
10,100.06520297664015,99.06879039462903,0.010093996262764651,99.56518802148787,99.9978877678998,99.02176697320112,100.92388571067264,0.0,100.0,0.8595182182400002,0.36628200000000005,0.0010730876673886386,0.004667267178247696,0.0,92.91169983782544
11,99.91246127540013,99.06879039462903,0.010093996262764651,99.5227626086364,99.9978877678998,99.02176697320112,100.92388571067264,0.0,100.0,0.8595182182400002,0.36628200000000005,0.0010730876673886386,0.004667267178247696,0.0,92.91169983782544
12,99.99262688241636,99.13734230213747,0.01008701642366339,99.74910034746623,99.996770466895,98.1490536856356,101.82127201023448,0.0,100.0,0.8618569400756909,0.25053688800000007,0.0017291961813891115,0.004315825916548701,0.0,85.94559211710262
13,99.95253665671771,99.13734230213747,0.01008701642366339,99.74910034746623,99.996770466895,98.1490536856356,101.82127201023448,0.0,100.0,0.8618569400756909,0.25053688800000007,0.0017291961813891115,0.004315825916548701,0.0,85.94559211710262
14,100.03152588873687,99.13734230213747,0.01008701642366339,99.74910034746623,99.996770466895,98.1490536856356,101.82127201023448,0.0,100.0,0.8618569400756909,0.25053688800000007,0.0017291961813891115,0.004315825916548701,0.0,85.94559211710262
15,100.05654516501023,99.29267351265676,0.010071236523533941,99.99474292133212,100.05400019954972,99.29267351265678,100.29562981076442,0.0,100.0,0.8195750515363023,0.3254831992000001,0.002083739725425405,0.003819109056176497,0.0,76.09157908474829
16,99.97388834514528,99.29267351265676,0.010071236523533941,99.99474292133212,100.05400019954972,99.29267351265678,100.29562981076442,0.0,100.0,0.8195750515363023,0.3254831992000001,0.002083739725425405,0.003819109056176497,0.0,76.09157908474829
17,100.07719565982246,99.4406669414452,0.01005624791906154,99.73988660124897,100.04412834065,98.53915281486277,101.0625821419123,0.0,95.3195219163688,0.9273270569824505,0.22263050825280004,0.0022366015212005284,0.0030250997242743014,0.0,60.3195219163688
18,100.13557486812107,99.06683086818758,0.01009419592043416,99.36492564512295,100.18259537661505,99.60000468182479,100.55852372240835,0.0,100.0,1.5097629189506732,0.17349224341013555,0.002807892686407881,0.005599837999315571,0.0,111.37308873192976
19,100.11344546636744,99.13918813674017,0.010086828617364964,99.84017229528277,100.03898395467223,99.11231101170378,100.11344546636745,0.0,100.0,1.5638058706390032,0.19466869449253274,0.0032789302093225643,0.004517542301367679,0.0,89.94451786313084
20,100.0115430175656,99.13918813674017,0.010086828617364964,99.84017229528277,100.03898395467223,99.11231101170378,100.11344546636745,0.0,100.0,1.5638058706390032,0.19466869449253274,0.0032789302093225643,0.004517542301367679,0.0,89.94451786313084
21,99.98132429804349,99.13918813674017,0.010086828617364964,99.74982403596483,100.03898395467223,99.11231101170378,100.11344546636745,0.0,100.0,1.5638058706390032,0.19466869449253274,0.0032789302093225643,0.004517542301367679,0.0,89.94451786313084
22,99.88417390966177,100.0210143993154,0.009997899001580657,100.72823369304795,100.0261364133198,97.85881566016546,101.39582087293657,0.0,100.0,1.4653680676545497,0.17520182504327947,0.003085266880815913,2.560403376697952e-05,0.0,0.5120675643432993
23,99.92738125027716,99.92738125027715,0.010007267152287416,100.22806544661704,100.16627107567345,99.92738125027716,100.9367487376537,0.0,100.0,1.428138622242186,0.25768164253895154,0.0030434177449249395,0.001193890074069627,0.0,23.849328005413064
24,99.75791687241569,99.75791687241566,0.010024267059214352,100.05809114585328,100.02613641331982,99.75791687241568,100.76557259839967,0.0,100.0,1.393887532462811,0.3319134782850564,0.0030219184527727453,0.0013425472979093453,0.0,26.814945625394103
25,100.03476597428987,99.75791687241566,0.010024267059214352,100.08746109149456,100.02613641331982,99.75791687241568,100.76557259839967,0.0,100.0,1.393887532462811,0.3319134782850564,0.0030219184527727453,0.0013425472979093453,0.0,26.814945625394103
26,100.12666195291955,100.29672608993644,0.009970415176895168,101.00589486026935,100.03497522406603,98.81708410424224,101.72495683305615,0.0,100.0,1.3394536932953134,0.2270288191469786,0.002860562574060576,-0.0013065873456550138,26.097648056397915,0.0
27,99.99357893239292,99.99357893239292,0.010000642147993465,100.29446231935097,100.1751222694208,99.99357893239292,101.00361508322517,0.0,100.0,1.3122973978316885,0.30432593723228074,0.0027977630493729935,0.0009069516659592728,0.0,18.12259699964347
28,100.0667984022594,99.99357893239292,0.010000642147993465,100.3084723560434,100.1751222694208,99.99357893239292,101.00361508322517,0.0,100.0,1.3122973978316885,0.30432593723228074,0.0027977630493729935,0.0009069516659592728,0.0,18.12259699964347
29,100.06716708468291,99.99357893239292,0.010000642147993465,100.4043608886838,100.1751222694208,99.99357893239292,101.00361508322517,0.0,100.0,1.3122973978316885,0.30432593723228074,0.0027977630493729935,0.0009069516659592728,0.0,18.12259699964347
30,99.9609806902627,99.96098069026269,0.010003903454074568,100.26176598822738,100.2023856601054,99.96098069026269,100.9706875659219,0.0,100.0,1.23398027267182,0.3738933435090527,0.0027746221027009827,0.0012060397176781718,0.0,24.091738759751678
31,99.9593766071862,99.9593766071862,0.010004063990212088,100.26015707842147,100.21024109551323,99.35685814793602,101.58462272459985,0.0,100.0,1.2152618508580746,0.33650400915814743,0.0027585360032678346,0.0012532595665922807,0.0,25.033817460624608
32,99.93533851370407,99.93533851370405,0.010006470332442721,100.33265126411476,100.17668155789528,99.93533851370405,100.94478637747885,0.0,100.0,1.1980409027894288,0.40285360824233274,0.0027377486793621667,0.0012060397176784448,0.0,24.09173875975723
33,99.76435864217486,99.73861367023068,0.010026207134844842,100.03872985981012,100.03837359404567,99.76435864217484,100.77207943654024,0.0,100.0,1.3401141518416941,0.35155186803775557,0.0026627621951367457,0.001500472741730043,0.0,29.964493928242852
34,99.71639940972189,99.75257622664627,0.010024803747703875,100.45789747269323,99.95930331499035,99.71639940972187,100.72363576739583,0.0,100.0,1.4420659153615998,0.3164614777378248,0.0025509656427708085,0.0010351266475411558,0.0,20.681125366854847
35,99.78298073759346,99.75257622664627,0.010024803747703875,100.1563797659899,99.95930331499035,99.71639940972187,100.72363576739583,0.0,100.0,1.4420659153615998,0.3164614777378248,0.0025509656427708085,0.0010351266475411558,0.0,20.681125366854847
36,99.81760794956308,99.95683804013683,0.010004318059745531,100.66360356163273,99.96707700032142,98.95000793368888,101.50376441517639,0.0,100.0,1.366700642132672,0.2848153299640423,0.002404053418302733,5.121428410664604e-05,0.0,1.024233226761817
37,99.79267885731696,99.79267885731696,0.010020775185620525,100.09295773050849,100.03367737957767,99.79267885731697,100.8006857144616,0.0,100.0,1.3373645907620584,0.3563337969676381,0.0024045350494949916,0.0012060397176786057,0.0,24.09173875976056
38,99.7554356748064,99.72842845918296,0.010027231106015892,100.02851400118655,99.99843467036379,99.75543567480638,100.76306633818827,0.0,100.0,1.4400928303308531,0.31973231712586453,0.0023418012028740727,0.0013518772935701118,0.0,27.001043773421387
39,99.81790572786922,99.72842845918296,0.010027231106015892,100.02851400118655,99.99843467036379,99.75543567480638,100.76306633818827,0.0,100.0,1.4400928303308531,0.31973231712586453,0.0023418012028740727,0.0013518772935701118,0.0,27.001043773421387
40,99.67022798737001,99.35079482431335,0.010065344738996266,99.71648948754992,99.91509138530742,99.67022798737001,100.67699796704042,0.0,91.47761045605492,1.5766362797354279,0.22396964773470943,0.002345229527469252,0.0028318774062532446,0.0,56.477610456054926
41,99.77042467088437,99.24365548502689,0.010076210868218898,99.54228233202296,99.9227994679689,99.1810734356341,101.17353032049034,0.0,100.0,1.5305053773565938,0.20157268296123848,0.0026137091305184954,0.003409931572574798,0.0,67.96686907873494
42,99.79749882275844,98.62371192465774,0.010139549409415218,98.92047334469183,99.93027687630872,98.64269635626806,101.72572031301011,0.0,100.0,1.4880649471680665,0.18141541466511463,0.003246546152168701,0.0065804014290576935,0.0,130.74765651537425
43,99.6365310168946,98.64016570672564,0.010137858070648155,99.33762142384393,99.79047237466777,98.64016570672565,99.6365310168946,0.0,100.0,1.4490197513946212,0.2632738731986032,0.003747403751258938,0.0057970214633401365,0.0,115.27219388472676
44,99.80715628048948,98.80908471768457,0.010120526901521059,99.507734811648,99.65086346238462,98.80908471768457,99.80715628048947,0.0,100.0,1.4130981712830517,0.3369464858787429,0.004031549153901023,0.004241554794402545,0.0,84.4727998787287
45,99.86164820811699,98.8630317260358,0.010115004390833867,99.56206326349265,99.621064134042,98.8630317260358,99.86164820811697,0.0,100.0,1.3800503175804077,0.40325183729086855,0.004247951519586588,0.0038191090561763364,0.0,76.09157908474606
46,99.90521017802705,99.0792555282446,0.0100929300958961,99.77981592086854,99.66243772059562,98.90615807624678,99.90521017802705,0.0,93.51574632219747,1.4707241078957007,0.35182425670695416,0.004360350424050897,0.0029343726664381436,0.0,58.51574632219747
47,99.81547889023129,99.0792555282446,0.0100929300958961,99.62546584539724,99.66243772059562,98.90615807624678,99.90521017802705,0.0,93.51574632219747,1.4707241078957007,0.35182425670695416,0.004360350424050897,0.0029343726664381436,0.0,58.51574632219747
48,99.95381959097979,99.4859173495733,0.010051673911657297,100.12377454766663,99.65468772476282,97.67329963210418,101.16624039248433,0.0,93.51574632219747,1.3930661792640449,0.31664183103625876,0.004200428647055573,0.0008474935341616305,0.0,16.9355179412789
49,100.06466462591301,99.4859173495733,0.010051673911657297,100.12377454766663,99.65468772476282,97.67329963210418,101.16624039248433,0.0,93.51574632219747,1.3930661792640449,0.31664183103625876,0.004200428647055573,0.0008474935341616305,0.0,16.9355179412789
50,100.05896070943422,99.4859173495733,0.010051673911657297,100.12377454766663,99.65468772476282,97.67329963210418,101.16624039248433,0.0,93.51574632219747,1.3930661792640449,0.31664183103625876,0.004200428647055573,0.0008474935341616305,0.0,16.9355179412789
51,100.19671398514092,99.61569307681512,0.010038578953909253,100.14573603952246,99.64717080461575,96.23906617709743,102.67390263664153,0.0,93.51574632219747,1.308287551589588,0.2849776479326329,0.003967359432690313,0.00015797086916990652,0.0,3.1589183663183196
52,100.2171072035316,99.61569307681512,0.010038578953909253,100.03102637934202,99.64717080461575,96.23906617709743,102.67390263664153,0.0,93.51574632219747,1.308287551589588,0.2849776479326329,0.003967359432690313,0.00015797086916990652,0.0,3.1589183663183196
53,100.09681750002837,99.61569307681512,0.010038578953909253,100.15284634268734,99.64717080461575,96.23906617709743,102.67390263664153,0.0,93.51574632219747,1.308287551589588,0.2849776479326329,0.003967359432690313,0.00015797086916990652,0.0,3.1589183663183196
54,100.14701855631931,99.61569307681512,0.010038578953909253,99.9507121663959,99.64717080461575,96.23906617709743,102.67390263664153,0.0,93.51574632219747,1.308287551589588,0.2849776479326329,0.003967359432690313,0.00015797086916990652,0.0,3.1589183663183196
55,100.22188389555184,99.41152654101424,0.010059195696863478,99.71065851656392,99.63594630435792,99.41152654101424,100.34995664996642,0.0,93.51574632219747,1.223624547462421,0.3564798831393696,0.0038646141487034716,0.001127468538713901,0.0,22.523975700310395
56,100.2127152930151,99.41152654101424,0.010059195696863478,99.86946126806824,99.63594630435792,99.41152654101424,100.34995664996642,0.0,93.51574632219747,1.223624547462421,0.3564798831393696,0.0038646141487034716,0.001127468538713901,0.0,22.523975700310395
57,100.1848701987326,99.41152654101424,0.010059195696863478,99.88431558813642,99.63594630435792,99.41152654101424,100.34995664996642,0.0,93.51574632219747,1.223624547462421,0.3564798831393696,0.0038646141487034716,0.001127468538713901,0.0,22.523975700310395
58,100.22345094528544,99.345559445096,0.010065875169314002,99.64449292386762,99.56983028888698,99.345559445096,100.28336683441833,0.0,93.51574632219747,1.152401250332094,0.4208318948254327,0.0037680335817557664,0.0011274685387133152,0.0,22.52397570029818
59,100.29814045087936,99.47761774850578,0.010052512541345218,100.11542173343665,99.71027503812975,99.3601949049801,100.29814045087936,0.0,93.51574632219747,1.3073631372383108,0.363849016060596,0.0035973466027414192,0.0011680292731104378,0.0,23.33333144803662
60,100.16703963150626,99.47761774850578,0.010052512541345218,100.11542173343665,99.71027503812975,99.3601949049801,100.29814045087936,0.0,93.51574632219747,1.3073631372383108,0.363849016060596,0.0035973466027414192,0.0011680292731104378,0.0,23.33333144803662
61,100.25082283968338,99.47761774850578,0.010052512541345218,100.11542173343665,99.71027503812975,99.3601949049801,100.29814045087936,0.0,93.51574632219747,1.3073631372383108,0.363849016060596,0.0035973466027414192,0.0011680292731104378,0.0,23.33333144803662
62,100.16206413652532,99.65371111433163,0.01003474922125791,100.29264412761064,99.71380674729662,98.11225567283877,101.5738830532801,0.0,93.51574632219747,1.2294407529259126,0.3274641144545364,0.0034176775774429325,0.0003014314147538367,0.0,6.026811624723072
63,100.17462476823738,99.65371111433163,0.01003474922125791,100.29264412761064,99.71380674729662,98.11225567283877,101.5738830532801,0.0,93.51574632219747,1.2294407529259126,0.3274641144545364,0.0034176775774429325,0.0003014314147538367,0.0,6.026811624723072
64,100.30290861472479,99.65371111433163,0.01003474922125791,100.05296347229853,99.71380674729662,98.11225567283877,101.5738830532801,0.0,93.51574632219747,1.2294407529259126,0.3274641144545364,0.0034176775774429325,0.0003014314147538367,0.0,6.026811624723072
65,100.14014292516185,99.65371111433163,0.01003474922125791,100.16591602514123,99.71380674729662,98.11225567283877,101.5738830532801,0.0,93.51574632219747,1.2294407529259126,0.3274641144545364,0.0034176775774429325,0.0003014314147538367,0.0,6.026811624723072
66,100.21016621821643,99.65371111433163,0.01003474922125791,100.16591602514123,99.71380674729662,98.11225567283877,101.5738830532801,0.0,93.51574632219747,1.2294407529259126,0.3274641144545364,0.0034176775774429325,0.0003014314147538367,0.0,6.026811624723072
67,100.10242964423365,99.65371111433163,0.01003474922125791,100.16591602514123,99.71380674729662,98.11225567283877,101.5738830532801,0.0,93.51574632219747,1.2294407529259126,0.3274641144545364,0.0034176775774429325,0.0003014314147538367,0.0,6.026811624723072
68,100.12568855280581,99.89103583968917,0.010010908302170949,99.40135583653567,99.71811880415854,96.46043338982089,103.31326984124954,78.87435184149413,0.0,1.1273133509663016,0.2239854542869029,0.003319832381094379,-0.0008662780814794746,17.310565865802374,0.0
69,100.02448641706145,100.01965758121729,0.009998034628222824,99.52934705607284,99.83292711834582,99.23554976361905,100.02448641706145,78.87435184149413,0.0,1.2893600606534181,0.22920605073224157,0.0030966519661221104,-0.0009343409951499559,18.669376339329744,0.0
70,100.04979316535132,100.07421752787769,0.009992583751368625,99.77399487529406,99.85818540107351,99.26065690657205,100.0497931653513,78.87435184149413,0.0,1.405644779524893,0.23277693870085323,0.0029082208508169932,-0.0010805258359294658,21.58719120077146,0.0
71,100.1065932140623,100.1065932140623,0.009989352028608706,99.80627343442012,99.9165223728922,99.3170089485804,100.10659321406231,78.87435184149413,0.0,1.3731931971629017,0.3094992448307679,0.0028477569595175894,-0.0009502443785677925,18.98684542822049,0.0
72,99.97857251437262,100.1065932140623,0.009989352028608706,99.66669507384199,99.9165223728922,99.3170089485804,100.10659321406231,78.87435184149413,0.0,1.3731931971629017,0.3094992448307679,0.0028477569595175894,-0.0009502443785677925,18.98684542822049,0.0
73,99.99031442271404,99.80157079282472,0.010019882373152942,99.31232936000005,99.91035112923159,98.51154214421717,100.92510174592324,78.87435184149413,0.0,1.3033377413898697,0.27854932034769114,0.0027422538975541712,0.0005446862428639431,0.0,10.887794425439301
74,99.998971447244,99.77764217626843,0.010022285335560321,99.28851804491063,99.8058302580786,99.21023604147224,99.99897144724399,78.87435184149413,0.0,1.7202266273126692,0.20256107868954376,0.0024469048995443333,0.00014123454946626517,0.0,2.824292101701875
75,99.98228289548332,99.98228289548332,0.010001772024403083,99.68233604679689,99.79244808039358,99.19367911958192,99.98228289548332,78.87435184149413,0.0,1.6626084971276558,0.28230497082058936,0.0024141199653213152,-0.0009502443785678571,18.986845428222708,0.0
76,99.90901844802292,100.24646548977849,0.009975414046911848,99.94572609330915,99.87315125434979,99.27553320761247,100.06478773508864,72.23964068007568,0.0,1.673487857538806,0.2690966000412831,0.0023522314580711385,-0.0018654554785901062,37.23964068007568,0.0
77,99.78002056570897,100.23095725886988,0.00997695749245681,99.80631135920747,99.73342667262258,99.50689242512979,100.23095725886986,72.23964068007568,0.0,1.6196088289357016,0.3421869400371548,0.0025096697081708006,-0.0024880960122265856,49.638415101862506,0.0
78,99.68988414871204,100.23095725886988,0.00997695749245681,99.80631135920747,99.73342667262258,99.50689242512979,100.23095725886986,72.23964068007568,0.0,1.6196088289357016,0.3421869400371548,0.0025096697081708006,-0.0024880960122265856,49.638415101862506,0.0
79,99.67504948404012,100.45837195470088,0.00995437195071133,100.15699683883676,99.73851499629215,98.79772490947032,100.95041247928688,100.0,0.0,1.5014312956442597,0.23405586698541386,0.002715425643916246,-0.0035957450156800983,71.65723915308008,0.0
80,99.58957139687402,100.44607764698243,0.009955590336882026,99.74083938867865,99.68176758087958,99.4416168705126,100.44607764698243,100.0,0.0,1.461316791992719,0.31065028028687247,0.0030107954202009354,-0.0038191090561766525,76.09157908475161,0.0
81,99.61749865442795,100.85425552239404,0.009915298019109925,100.55169275582689,99.68958220207261,98.84148939678488,101.05594756286519,100.0,0.0,1.4244114486333017,0.27958525225818526,0.003527064495508702,-0.0058075747105309355,115.48083065893388,0.0
82,99.54824823535807,100.02981928870001,0.009997018960054905,99.41513300890466,99.7928119612956,99.54824823535806,100.55378609632128,91.26595302418824,0.0,1.7879949713206207,0.20309959753389503,0.003564756476256165,-0.0011860885122061573,23.693667457339586,0.0
83,99.49061039623103,100.01700735628073,0.009998299553572908,99.40239980619951,99.6531997758829,99.10419260678093,100.01700735628074,91.26595302418824,0.0,1.7249553736149712,0.28278963778050553,0.003569516415825499,-0.0018220423849063965,36.37457168678249,0.0
84,99.43383804117872,100.03011772067572,0.009996989134736418,99.73002736751367,99.7928119612956,99.11718331818581,100.03011772067572,91.26595302418824,0.0,1.6669589437257737,0.35451067400245495,0.003497855124624754,-0.0011875802229394054,23.72343098133389,0.0
85,99.4773369390157,100.08788338463671,0.00999121937824392,99.7876197344828,99.86788818672032,99.17442177830945,100.08788338463671,91.26595302418824,0.0,1.613602228227712,0.4190596066022094,0.003420010185751325,-0.001100219294434753,21.980202845428565,0.0
86,99.49035064426421,100.08788338463671,0.00999121937824392,99.7876197344828,99.86788818672032,99.17442177830945,100.08788338463671,91.26595302418824,0.0,1.613602228227712,0.4190596066022094,0.003420010185751325,-0.001100219294434753,21.980202845428565,0.0
87,99.42576441344465,100.09931483497442,0.009990078370152866,99.79901689046947,99.87929451049844,99.18574889842623,100.09931483497444,91.26595302418824,0.0,1.5245140499694951,0.4771536459419885,0.003346835943210222,-0.0011002192944340793,21.98020284541635,0.0
88,99.67132778902716,100.09931483497442,0.009990078370152866,99.79901689046947,99.87929451049844,99.18574889842623,100.09931483497444,91.26595302418824,0.0,1.5245140499694951,0.4771536459419885,0.003346835943210222,-0.0011002192944340793,21.98020284541635,0.0
89,99.51823155850371,100.44094128826552,0.009956099446838116,100.13961846440073,100.01922345021589,99.52425746533352,100.44094128826552,91.26595302418824,0.0,1.4425529259719356,0.5294382813477897,0.0033984760192562816,-0.002103748835085491,41.986647341276665,0.0
90,99.54637857434544,100.44094128826552,0.009956099446838116,99.84591632331536,100.01922345021589,99.52425746533352,100.44094128826552,91.26595302418824,0.0,1.4425529259719356,0.5294382813477897,0.0033984760192562816,-0.002103748835085491,41.986647341276665,0.0
91,99.47737264894643,100.39362463190479,0.009960791869668218,99.8446715278201,99.87929451049845,99.47737264894644,100.39362463190477,91.26595302418824,0.0,1.3671486918941809,0.5764944532130107,0.0035027456707198614,-0.002568146125840472,51.23135291629555,0.0
92,99.70900155017213,100.37310004661708,0.009962828681544777,99.75630429613078,99.73956133423023,99.45703538324241,100.37310004661708,91.26595302418824,0.0,1.3377767965426466,0.6188450078917097,0.003672491421703812,-0.0031659101828700677,63.1183765463672,0.0
93,99.6566020307155,100.22161762184217,0.009977887243580685,99.9209527689766,99.6031653232852,99.34091017896151,100.2559052528822,96.70847300534632,0.0,1.7395031307752227,0.3794603889024264,0.0037585828114807276,-0.003094972953013509,61.70847300534632,0.0
94,99.51950075643003,100.22161762184217,0.009977887243580685,99.81895762931799,99.6031653232852,99.34091017896151,100.2559052528822,96.70847300534632,0.0,1.7395031307752227,0.3794603889024264,0.0037585828114807276,-0.003094972953013509,61.70847300534632,0.0
95,99.48324643001028,100.22161762184217,0.009977887243580685,99.78259421264823,99.6031653232852,99.34091017896151,100.2559052528822,96.70847300534632,0.0,1.7395031307752227,0.3794603889024264,0.0037585828114807276,-0.003094972953013509,61.70847300534632,0.0
96,99.34611993915667,100.22161762184217,0.009977887243580685,99.64505510447007,99.6031653232852,99.34091017896151,100.2559052528822,96.70847300534632,0.0,1.7395031307752227,0.3794603889024264,0.0037585828114807276,-0.003094972953013509,61.70847300534632,0.0
97,99.37388032449554,100.22161762184217,0.009977887243580685,99.64505510447007,99.6031653232852,99.34091017896151,100.2559052528822,96.70847300534632,0.0,1.7395031307752227,0.3794603889024264,0.0037585828114807276,-0.003094972953013509,61.70847300534632,0.0
98,99.43433311412235,100.22161762184217,0.009977887243580685,99.64505510447007,99.6031653232852,99.34091017896151,100.2559052528822,96.70847300534632,0.0,1.7395031307752227,0.3794603889024264,0.0037585828114807276,-0.003094972953013509,61.70847300534632,0.0
99,99.41507997406693,100.22161762184217,0.009977887243580685,99.64505510447007,99.6031653232852,99.34091017896151,100.2559052528822,96.70847300534632,0.0,1.7395031307752227,0.3794603889024264,0.0037585828114807276,-0.003094972953013509,61.70847300534632,0.0
100,99.35069861072829,100.22161762184217,0.009977887243580685,99.6859676722014,99.6031653232852,99.34091017896151,100.2559052528822,96.70847300534632,0.0,1.7395031307752227,0.3794603889024264,0.0037585828114807276,-0.003094972953013509,61.70847300534632,0.0
101,99.31230012895084,100.22161762184217,0.009977887243580685,99.61113352953946,99.6031653232852,99.34091017896151,100.2559052528822,96.70847300534632,0.0,1.7395031307752227,0.3794603889024264,0.0037585828114807276,-0.003094972953013509,61.70847300534632,0.0
102,99.27529267715619,99.91709091027661,0.010008297788593329,99.24855364229659,99.6089856340807,97.12181602322438,102.54660885104809,96.70847300534632,0.0,1.6092317692020939,0.3415143500121838,0.003718370251234334,-0.0015441855096439909,30.836093544055476,0.0
103,99.35915560828562,99.91709091027661,0.010008297788593329,99.47187199207801,99.6089856340807,97.12181602322438,102.54660885104809,96.70847300534632,0.0,1.6092317692020939,0.3415143500121838,0.003718370251234334,-0.0015441855096439909,30.836093544055476,0.0
104,99.30831015373661,99.91709091027661,0.010008297788593329,99.47187199207801,99.6089856340807,97.12181602322438,102.54660885104809,96.70847300534632,0.0,1.6092317692020939,0.3415143500121838,0.003718370251234334,-0.0015441855096439909,30.836093544055476,0.0
105,99.39625841518132,99.91709091027661,0.010008297788593329,99.41343568594775,99.6089856340807,97.12181602322438,102.54660885104809,96.70847300534632,0.0,1.6092317692020939,0.3415143500121838,0.003718370251234334,-0.0015441855096439909,30.836093544055476,0.0
106,99.66757437725408,99.91709091027661,0.010008297788593329,99.56436953077701,99.6089856340807,97.12181602322438,102.54660885104809,96.70847300534632,0.0,1.6092317692020939,0.3415143500121838,0.003718370251234334,-0.0015441855096439909,30.836093544055476,0.0
107,99.62942520424441,99.91709091027661,0.010008297788593329,99.56436953077701,99.6089856340807,97.12181602322438,102.54660885104809,96.70847300534632,0.0,1.6092317692020939,0.3415143500121838,0.003718370251234334,-0.0015441855096439909,30.836093544055476,0.0
108,99.72559156345892,99.91709091027661,0.010008297788593329,99.56436953077701,99.6089856340807,97.12181602322438,102.54660885104809,96.70847300534632,0.0,1.6092317692020939,0.3415143500121838,0.003718370251234334,-0.0015441855096439909,30.836093544055476,0.0
109,99.88784049439312,100.18602024023274,0.00998143251525645,99.88546217951198,99.74689243444644,99.06081185515441,100.02816900333775,78.83124559028673,0.0,1.3931275747222798,0.30959581540833375,0.003575224178689564,-0.002196375773811871,43.83124559028673,0.0
110,99.88725576174753,100.19349577872664,0.009980687790437618,99.89291529139045,99.8866358814428,99.40365797149843,100.19349577872664,78.83124559028673,0.0,1.3616773687444974,0.37863623386750034,0.0035447530726041444,-0.0015336850027919619,30.626728301957897,0.0
111,99.80944283212469,100.21588123158472,0.009978458381153597,99.8361959190495,100.02570719095566,99.42586695704331,100.21588123158472,78.83124559028673,0.0,1.3327431792449378,0.44077261048075034,0.0034460346816425564,-0.0009497229927469558,18.97643749592892,0.0
112,99.82918781193709,100.21588123158472,0.009978458381153597,99.8361959190495,100.02570719095566,99.42586695704331,100.21588123158472,78.83124559028673,0.0,1.3327431792449378,0.44077261048075034,0.0034460346816425564,-0.0009497229927469558,18.97643749592892,0.0
113,99.75052490525316,100.14601003165416,0.009985420284681537,99.68280583487851,100.01953259327726,98.46012380745063,101.19884567482536,78.83124559028673,0.0,1.2661237249053428,0.3966953494326753,0.003315096313587133,-0.0006318641896017095,12.629303787230484,0.0
114,99.86101415861818,99.37106922970762,0.010063291134448654,98.88436781685655,100.01354359770743,97.8085750430455,101.87297862103831,0.0,99.23873656392966,1.2448338269129156,0.3570258144894078,0.0035028662661845205,0.0032222866092276622,0.0,64.23873656392965
115,99.97615891568682,99.343483998039,0.010066085461827969,99.6424112317342,99.87362260421983,99.34348399803902,100.33923791791516,0.0,99.23873656392966,1.2252471207598825,0.42132323304046704,0.0036120282269146288,0.0026611098575949686,0.0,53.08094293141386
116,100.08885045006282,99.343483998039,0.010066085461827969,99.78858389871263,99.87362260421983,99.34348399803902,100.33923791791516,0.0,99.23873656392966,1.2252471207598825,0.42132323304046704,0.0036120282269146288,0.0026611098575949686,0.0,53.08094293141386
117,99.91991129381049,99.343483998039,0.010066085461827969,99.78858389871263,99.87362260421983,99.34348399803902,100.33923791791516,0.0,99.23873656392966,1.2252471207598825,0.42132323304046704,0.0036120282269146288,0.0026611098575949686,0.0,53.08094293141386
118,99.91024124390898,99.343483998039,0.010066085461827969,99.78858389871263,99.87362260421983,99.34348399803902,100.33923791791516,0.0,99.23873656392966,1.2252471207598825,0.42132323304046704,0.0036120282269146288,0.0026611098575949686,0.0,53.08094293141386
119,99.8443945457941,98.51850621699334,0.010150377207277543,99.05854495809277,99.8726173497421,97.91688759791818,101.80112665964442,0.0,100.0,1.147227351099092,0.37919090973642033,0.0042143747276549536,0.0068254622908733775,0.0,135.58382354262542
120,99.82590754429455,98.8276484688516,0.010118625865262585,99.21493394839935,99.73289351495836,98.82764846885159,99.82590754429454,0.0,100.0,1.1354491630111647,0.4412718187627783,0.004508600588292799,0.0045590379491438834,0.0,90.76694901777759
121,99.84317580879421,98.84474405070628,0.010116875809673916,99.32652888964249,99.60263623794127,98.84474405070628,99.84317580879423,0.0,100.0,1.1246132299702716,0.49714463688650046,0.004696379867914938,0.0038191090561771122,0.0,76.09157908475939
122,99.65481826702141,98.84474405070628,0.010116875809673916,99.35585381222035,99.60263623794127,98.84474405070628,99.84317580879423,0.0,100.0,1.1246132299702716,0.49714463688650046,0.004696379867914938,0.0038191090561771122,0.0,76.09157908475939
123,99.6716606114058,98.95275699972476,0.010105832624782568,99.65242295830868,99.71147737636893,98.95275699972476,99.95227979770178,0.0,100.0,1.07464417157265,0.5474301731978505,0.0048728923907597225,0.003819109056176851,0.0,76.09157908475494
124,99.60074664081897,98.99900265789329,0.010101111861254383,99.69899560597943,99.7580776231739,98.99900265789329,99.9989925837306,0.0,100.0,1.068672637846838,0.5926871558780654,0.0050388141622337785,0.0038191090561765103,0.0,76.09157908474829
125,99.64789407745049,98.99900265789329,0.010101111861254383,99.69899560597943,99.7580776231739,98.99900265789329,99.9989925837306,0.0,100.0,1.068672637846838,0.5926871558780654,0.0050388141622337785,0.0038191090561765103,0.0,76.09157908474829
126,99.6283652598802,98.99900265789329,0.010101111861254383,99.69899560597943,99.7580776231739,98.99900265789329,99.9989925837306,0.0,100.0,1.068672637846838,0.5926871558780654,0.0050388141622337785,0.0038191090561765103,0.0,76.09157908474829
127,99.54901074079291,98.99900265789329,0.010101111861254383,99.66156458475922,99.7580776231739,98.99900265789329,99.9989925837306,0.0,100.0,1.068672637846838,0.5926871558780654,0.0050388141622337785,0.0038191090561765103,0.0,76.09157908474829
128,99.60619697747717,99.06822787698778,0.01009405357731534,99.45140348226808,99.8278336267144,99.06822787698779,100.06891704746242,0.0,100.0,1.003178826819091,0.6334184402902588,0.005194780627419378,0.0038191090561763277,0.0,76.09157908474606
129,99.64435532732557,99.06822787698778,0.01009405357731534,99.45140348226808,99.8278336267144,99.06822787698779,100.06891704746242,0.0,100.0,1.003178826819091,0.6334184402902588,0.005194780627419378,0.0038191090561763277,0.0,76.09157908474606
130,99.65386536988849,99.06822787698778,0.01009405357731534,99.45140348226808,99.8278336267144,99.06822787698779,100.06891704746242,0.0,100.0,1.003178826819091,0.6334184402902588,0.005194780627419378,0.0038191090561763277,0.0,76.09157908474606
131,99.7646940709429,99.06822787698778,0.01009405357731534,99.61902098535542,99.8278336267144,99.06822787698779,100.06891704746242,0.0,100.0,1.003178826819091,0.6334184402902588,0.005194780627419378,0.0038191090561763277,0.0,76.09157908474606
132,99.74926972292187,99.06822787698778,0.01009405357731534,99.73146821569189,99.8278336267144,99.06822787698779,100.06891704746242,0.0,100.0,1.003178826819091,0.6334184402902588,0.005194780627419378,0.0038191090561763277,0.0,76.09157908474606
133,99.61085816163744,99.06822787698778,0.01009405357731534,99.62390961588031,99.8278336267144,99.06822787698779,100.06891704746242,0.0,100.0,1.003178826819091,0.6334184402902588,0.005194780627419378,0.0038191090561763277,0.0,76.09157908474606
134,99.60477825900712,99.06822787698778,0.01009405357731534,99.62390961588031,99.8278336267144,99.06822787698779,100.06891704746242,0.0,100.0,1.003178826819091,0.6334184402902588,0.005194780627419378,0.0038191090561763277,0.0,76.09157908474606
135,99.56218257284499,99.06822787698778,0.01009405357731534,99.62390961588031,99.8278336267144,99.06822787698779,100.06891704746242,0.0,100.0,1.003178826819091,0.6334184402902588,0.005194780627419378,0.0038191090561763277,0.0,76.09157908474606
136,99.6222561789081,100.9036708648164,0.009910442221073693,101.43324432422472,99.82000816805483,96.19783263310273,103.05481949132812,100.0,0.0,0.9329245206735639,0.570076596261233,0.005530953512515839,-0.005398778569538416,107.39576543388529,0.0
137,99.62126554758497,100.62754095715654,0.009937637256044672,99.92102863348542,99.861850108072,99.62126554758497,100.62754095715654,100.0,0.0,0.9382905590196788,0.6130689366351096,0.00565739161668454,-0.0038191090561765454,76.0915790847494,0.0
138,99.64450138955708,100.1798833292464,0.009982043966985349,99.47651403806817,99.86967884695943,98.499938130117,101.77308909423846,100.0,0.0,0.9432273142981046,0.5517620429715987,0.005504024846394289,-0.0015506381464295363,30.96474780944436,0.0
139,99.73642579158624,99.46063296300807,0.010054229198118268,98.76231357410032,99.8772733100771,97.42113892863024,102.9000798937213,0.0,76.71523042840187,0.9477691291542563,0.49658583867443884,0.005424598242697282,0.0020901210154091,0.0,41.71523042840186
140,99.76152763617776,99.46063296300807,0.010054229198118268,99.46224305326923,99.8772733100771,97.42113892863024,102.9000798937213,0.0,76.71523042840187,0.9477691291542563,0.49658583867443884,0.005424598242697282,0.0020901210154091,0.0,41.71523042840186
141,99.71391709072148,99.46063296300807,0.010054229198118268,99.46224305326923,99.8772733100771,97.42113892863024,102.9000798937213,0.0,76.71523042840187,0.9477691291542563,0.49658583867443884,0.005424598242697282,0.0020901210154091,0.0,41.71523042840186
142,99.85406002283241,99.46063296300807,0.010054229198118268,99.55449784276395,99.8772733100771,97.42113892863024,102.9000798937213,0.0,76.71523042840187,0.9477691291542563,0.49658583867443884,0.005424598242697282,0.0020901210154091,0.0,41.71523042840186
143,99.86875698332976,99.46063296300807,0.010054229198118268,99.56915071237977,99.8772733100771,97.42113892863024,102.9000798937213,0.0,76.71523042840187,0.9477691291542563,0.49658583867443884,0.005424598242697282,0.0020901210154091,0.0,41.71523042840186
144,99.84992239922177,99.21353105355384,0.010079270331183115,99.5120672553198,99.88464049108403,95.08525423104705,105.427945270405,0.0,100.0,0.8879475988219158,0.44692725480699497,0.005503613443582849,0.0033707463625788064,0.0,67.18845202131729
145,99.95864162970148,98.58272589329586,0.010143764954139954,98.87936398525162,99.8770685414163,94.04398190868558,105.55322166352892,0.0,100.0,0.8969117909161625,0.4022345293262955,0.00595604039865881,0.0065219388733482354,0.0,129.59357608535726
146,100.07792017308684,99.10060209072573,0.01009075604893408,99.80131341863995,99.83472802553273,99.07714097135596,100.07792017308682,0.0,100.0,1.1240239011614381,0.35112841805918615,0.00591497235499296,0.003690274293550378,0.0,73.53412478063204
147,99.91384352712527,99.10060209072573,0.01009075604893408,99.80131341863995,99.83472802553273,99.07714097135596,100.07792017308682,0.0,100.0,1.1240239011614381,0.35112841805918615,0.00591497235499296,0.003690274293550378,0.0,73.53412478063204
148,100.099172194197,99.12612658710273,0.010088157728238215,99.827018391254,99.88617627525497,99.12612658710273,100.12740059303306,0.0,100.0,1.074101989068523,0.41601557625326757,0.006018369328613062,0.0038191090561768525,0.0,76.09157908475494
149,100.03978066385694,99.12612658710273,0.010088157728238215,99.827018391254,99.88617627525497,99.12612658710273,100.12740059303306,0.0,100.0,1.074101989068523,0.41601557625326757,0.006018369328613062,0.0038191090561768525,0.0,76.09157908475494
150,100.13217445642728,99.20019337872132,0.010080625510297668,99.90160888745977,99.87632097475468,97.45258854377293,101.8468727648461,0.0,100.0,1.1099755873555721,0.284554654157235,0.005945298420274938,0.003396320245153751,0.0,67.69648595729261
151,100.13574039475061,99.20019337872132,0.010080625510297668,99.90160888745977,99.87632097475468,97.45258854377293,101.8468727648461,0.0,100.0,1.1099755873555721,0.284554654157235,0.005945298420274938,0.003396320245153751,0.0,67.69648595729261
152,100.1668597922917,99.20019337872132,0.010080625510297668,99.90160888745977,99.87632097475468,97.45258854377293,101.8468727648461,0.0,100.0,1.1099755873555721,0.284554654157235,0.005945298420274938,0.003396320245153751,0.0,67.69648595729261
153,100.11706000105177,100.23264957954656,0.00997678904224098,100.94136528364436,100.0121487614017,99.3438335243425,100.34730659024495,0.0,100.0,1.6957490974696343,0.15631899747699382,0.00526459568216703,-0.0011011562845663482,21.998901462727538,0.0
154,100.27984002479009,99.62009260709333,0.010038135619327825,99.9198521635841,99.87222971931864,99.62009260709331,100.62635616878113,0.0,100.0,1.6400891696720636,0.24068709772929445,0.005100387279734276,0.001263893814483643,0.0,25.245968066792692
155,100.26397999552418,99.62009260709333,0.010038135619327825,99.96318805553763,99.87222971931864,99.62009260709331,100.62635616878113,0.0,100.0,1.6400891696720636,0.24068709772929445,0.005100387279734276,0.001263893814483643,0.0,25.245968066792692
156,100.26736719480742,99.62009260709333,0.010038135619327825,99.966565093223,99.87222971931864,99.62009260709331,100.62635616878113,0.0,100.0,1.6400891696720636,0.24068709772929445,0.005100387279734276,0.001263893814483643,0.0,25.245968066792692
157,100.28217593040114,99.65550357356271,0.010034568730685605,100.3601384473152,100.0121487614017,99.65550357356271,100.66212482178052,0.0,100.0,1.5355487027649652,0.316618387956365,0.0050087075660757265,0.0017861941264310877,0.0,35.66018651292468
158,100.42349504596429,99.74977556242794,0.010025085213090576,100.45507700579869,100.0165077134965,98.66200354052998,101.6757655420858,0.0,100.0,1.4927048065437682,0.2849565491607285,0.00486841173606756,0.0013352210728180772,0.0,26.66881269566379
159,100.36697535698228,99.74977556242794,0.010025085213090576,100.45507700579869,100.0165077134965,98.66200354052998,101.6757655420858,0.0,100.0,1.4927048065437682,0.2849565491607285,0.00486841173606756,0.0013352210728180772,0.0,26.66881269566379
160,100.24699791117203,99.74977556242794,0.010025085213090576,100.45507700579869,100.0165077134965,98.66200354052998,101.6757655420858,0.0,100.0,1.4927048065437682,0.2849565491607285,0.00486841173606756,0.0013352210728180772,0.0,26.66881269566379
161,100.26083888659991,99.74977556242794,0.010025085213090576,100.45507700579869,100.0165077134965,98.66200354052998,101.6757655420858,0.0,100.0,1.4927048065437682,0.2849565491607285,0.00486841173606756,0.0013352210728180772,0.0,26.66881269566379
162,100.22370982298413,99.74977556242794,0.010025085213090576,100.45507700579869,100.0165077134965,98.66200354052998,101.6757655420858,0.0,100.0,1.4927048065437682,0.2849565491607285,0.00486841173606756,0.0013352210728180772,0.0,26.66881269566379
163,100.21073085125988,99.74977556242794,0.010025085213090576,100.45507700579869,100.0165077134965,98.66200354052998,101.6757655420858,0.0,100.0,1.4927048065437682,0.2849565491607285,0.00486841173606756,0.0013352210728180772,0.0,26.66881269566379
164,100.1416271335197,99.74977556242794,0.010025085213090576,100.41712797384419,100.0165077134965,98.66200354052998,101.6757655420858,0.0,100.0,1.4927048065437682,0.2849565491607285,0.00486841173606756,0.0013352210728180772,0.0,26.66881269566379
165,100.17377936535269,99.74977556242794,0.010025085213090576,100.37981921482475,100.0165077134965,98.66200354052998,101.6757655420858,0.0,100.0,1.4927048065437682,0.2849565491607285,0.00486841173606756,0.0013352210728180772,0.0,26.66881269566379
166,100.21313575019522,99.94753066819911,0.010005249687656126,100.24827549468313,100.02182984473902,95.98143691286883,104.51536320513632,0.0,100.0,1.3044649691758081,0.19491027962593827,0.0043548470203457175,0.000371552803636227,0.0,7.42829606849349
167,100.26775819357985,98.57136565391754,0.010144934011678238,98.86796956260537,100.05098328058901,99.80785659043774,100.81601675801792,0.0,100.0,1.4164840618805599,0.2093186312641418,0.004430956532226355,0.0074494015130159045,0.0,147.8863653465512
168,100.16906076525746,99.1673701576049,0.010083962077553516,99.86855358296168,99.92773608088072,99.16737015760489,100.16906076525747,0.0,100.0,1.3831653369301151,0.2883867681377276,0.00462339445521242,0.0038191090561765363,0.0,76.0915790847494
169,100.04872089662577,98.09742622047577,0.01019394736975547,98.39260403257347,99.91990279091301,98.25448436334271,101.099734954733,0.0,100.0,1.352512109975706,0.25954809132395484,0.0054504565682113515,0.009203621620067633,0.0,182.3937493465022
170,100.18475324240903,99.18290570998495,0.010082382572295701,99.88419898268181,99.94339075212632,99.18290570998494,100.18475324240903,0.0,100.0,1.3243111411776496,0.33359328219155937,0.005581724489038343,0.0038191090561767505,0.0,76.09157908475383
171,100.28563164665509,99.28277533018856,0.01007224059434541,99.98477475171514,100.04402612275625,99.28277533018854,100.28563164665509,0.0,100.0,1.2983662498834379,0.40023395397240347,0.005705116334615729,0.0038191090561769158,0.0,76.09157908475606
172,100.26627448265552,99.28277533018856,0.01007224059434541,99.82484823726337,100.04402612275625,99.28277533018854,100.28563164665509,0.0,100.0,1.2983662498834379,0.40023395397240347,0.005705116334615729,0.0038191090561769158,0.0,76.09157908475606
173,100.42599042743493,99.42173052316059,0.010058163288226483,100.12471245615262,100.18404675482809,99.42173052316058,100.42599042743493,0.0,100.0,1.234496949892763,0.46021055857516313,0.005821104669458425,0.0038191090561764617,0.0,76.09157908474829
174,100.31717323088672,99.42173052316059,0.010058163288226483,100.12471245615262,100.18404675482809,99.42173052316058,100.42599042743493,0.0,100.0,1.234496949892763,0.46021055857516313,0.005821104669458425,0.0038191090561764617,0.0,76.09157908474829
175,100.16732368424691,101.3814074321868,0.009863741541257375,102.09824566655578,100.17619337278268,97.79805081326398,102.09330017080232,100.0,0.0,1.175737193901342,0.4141895027176468,0.0061893871706723644,-0.005979501912062911,118.8791998385197,0.0
176,100.22551098805019,101.2378898869194,0.00987772464555493,100.59907367399772,100.31653826200403,100.2255109880502,101.2378898869194,100.0,0.0,1.1616782183892347,0.4727705524458822,0.0063665753472292395,-0.00457122988255362,91.00857652648675,0.0
177,100.17229384420065,101.16180944815058,0.009885153354364814,100.451545991644,100.4163082843378,100.17229384420065,101.18413519616227,100.0,0.0,1.3140202895161148,0.39937505787298344,0.0062782040165298755,-0.0036983238666914117,73.69393330146856,0.0
178,100.20075002631874,101.16180944815058,0.009885153354364814,100.451545991644,100.4163082843378,100.17229384420065,101.18413519616227,100.0,0.0,1.3140202895161148,0.39937505787298344,0.0062782040165298755,-0.0036983238666914117,73.69393330146856,0.0
179,100.2525855452654,101.14737106133352,0.009886564420874787,100.43720897765314,100.37772474290077,100.1358973507202,101.14737106133353,100.0,0.0,1.2488986663548258,0.45943755208568515,0.006359807090457707,-0.00381910905617639,76.09157908474606,0.0
180,100.31798366808589,101.14737106133352,0.009886564420874787,100.43720897765314,100.37772474290077,100.1358973507202,101.14737106133353,100.0,0.0,1.2488986663548258,0.45943755208568515,0.006359807090457707,-0.00381910905617639,76.09157908474606,0.0
181,100.34060822270138,101.14737106133352,0.009886564420874787,100.43720897765314,100.37772474290077,100.1358973507202,101.14737106133353,100.0,0.0,1.2488986663548258,0.45943755208568515,0.006359807090457707,-0.00381910905617639,76.09157908474606,0.0
182,100.41587768697653,101.14737106133352,0.009886564420874787,100.43720897765314,100.37772474290077,100.1358973507202,101.14737106133353,100.0,0.0,1.2488986663548258,0.45943755208568515,0.006359807090457707,-0.00381910905617639,76.09157908474606,0.0
183,100.44936701401198,101.14737106133352,0.009886564420874787,100.60631577655381,100.37772474290077,100.1358973507202,101.14737106133353,100.0,0.0,1.2488986663548258,0.45943755208568515,0.006359807090457707,-0.00381910905617639,76.09157908474606,0.0
184,100.39512189757481,101.14737106133352,0.009886564420874787,100.54063288906708,100.37772474290077,100.1358973507202,101.14737106133353,100.0,0.0,1.2488986663548258,0.45943755208568515,0.006359807090457707,-0.00381910905617639,76.09157908474606,0.0
185,100.41426880267512,101.14737106133352,0.009886564420874787,100.54063288906708,100.37772474290077,100.1358973507202,101.14737106133353,100.0,0.0,1.2488986663548258,0.45943755208568515,0.006359807090457707,-0.00381910905617639,76.09157908474606,0.0
186,100.59707731360491,101.14737106133352,0.009886564420874787,100.54063288906708,100.37772474290077,100.1358973507202,101.14737106133353,100.0,0.0,1.2488986663548258,0.45943755208568515,0.006359807090457707,-0.00381910905617639,76.09157908474606,0.0
187,100.55503724543313,101.14737106133352,0.009886564420874787,100.54063288906708,100.37772474290077,100.1358973507202,101.14737106133353,100.0,0.0,1.2488986663548258,0.45943755208568515,0.006359807090457707,-0.00381910905617639,76.09157908474606,0.0
188,100.44123448471208,101.14737106133352,0.009886564420874787,100.57376589241487,100.37772474290077,100.1358973507202,101.14737106133353,100.0,0.0,1.2488986663548258,0.45943755208568515,0.006359807090457707,-0.00381910905617639,76.09157908474606,0.0
189,100.56416477206665,101.14737106133352,0.009886564420874787,100.57376589241487,100.37772474290077,100.1358973507202,101.14737106133353,100.0,0.0,1.2488986663548258,0.45943755208568515,0.006359807090457707,-0.00381910905617639,76.09157908474606,0.0
190,100.65707584653464,101.31990878669677,0.009869728585181071,101.01594906033667,100.3855939241374,95.99916417700362,105.5059473978124,100.0,0.0,1.1562595003191671,0.4134937968771166,0.006534071548968402,-0.004632074236957289,92.21434106561843,0.0
191,100.64333897814059,101.40809431285886,0.009861145767268372,101.10387002992023,100.39322761936307,94.75272610215607,106.8938402360376,100.0,0.0,1.1437587402936338,0.372144417189405,0.006745517009011896,-0.005029038877340147,100.07748398907611,0.0
192,100.56638483406408,101.40809431285886,0.009861145767268372,100.86899180949256,100.39322761936307,94.75272610215607,106.8938402360376,100.0,0.0,1.1437587402936338,0.372144417189405,0.006745517009011896,-0.005029038877340147,100.07748398907611,0.0
193,100.42508879953922,101.45198789907413,0.009856879305261265,101.1476319353769,100.40425891388679,94.41121993887838,107.53910717301858,100.0,0.0,1.0922580410701432,0.3349299754704645,0.006963648096035388,-0.005190470950141838,103.27338151615461,0.0
194,100.45953384422421,101.5075922228915,0.009851479855853431,101.20306944622287,100.41661106730261,94.46296532262282,107.598047756265,100.0,0.0,1.0848773977845318,0.30143697792341806,0.007194186417872546,-0.005402924155758568,107.47778877399638,0.0
195,100.48532115218657,101.50032439614807,0.009852185260975874,100.78768420480097,100.55729277701563,100.48532115218659,101.50032439614807,100.0,0.0,1.0780872059617694,0.3712932801310763,0.007322596355674736,-0.004667142136612781,92.90922218650799,0.0
196,100.74371043048824,101.50032439614807,0.009852185260975874,100.78768420480097,100.55729277701563,100.48532115218659,101.50032439614807,100.0,0.0,1.0780872059617694,0.3712932801310763,0.007322596355674736,-0.004667142136612781,92.90922218650799,0.0
197,100.8877239782026,101.50032439614807,0.009852185260975874,100.78768420480097,100.55729277701563,100.48532115218659,101.50032439614807,100.0,0.0,1.0780872059617694,0.3712932801310763,0.007322596355674736,-0.004667142136612781,92.90922218650799,0.0
198,100.8601946462896,101.48895697164885,0.009853288769923531,100.77639659170744,100.69817157905469,100.47406740193236,101.48895697164885,100.0,0.0,1.0185068961514947,0.43416395211796865,0.007352581682574814,-0.003911155958653645,77.91836828267562,0.0
199,100.83770365136854,102.52892142810542,0.009753345554319642,102.2213346638211,100.70662207267385,99.00733731270914,102.9924506616573,100.0,0.0,1.0170263444593752,0.3907475569061718,0.007987428446818202,-0.008966440239940542,177.73515316938048,0.0
200,100.8078007716699,101.9507656897985,0.009808656102129333,101.27706865848756,100.85144502704941,100.80780077166992,101.82606138552516,100.0,0.0,1.2102181047840477,0.3432713289238215,0.007927449094806785,-0.005420654236772419,107.82858326870759,0.0
201,100.80843644938443,101.82670348422668,0.009820606636400673,101.11177176467845,100.99273593064228,100.80843644938442,101.82670348422668,100.0,0.0,1.193400656401324,0.4089441960314394,0.00794522955793338,-0.004111871899411567,81.90067291273806,0.0
202,100.8340520938769,101.4729161731789,0.009854846373916646,100.76046841669718,100.85144502704941,100.45818701144711,101.4729161731789,100.0,0.0,1.1779286038892183,0.4680497764282955,0.007837115846455158,-0.0030716575228153828,61.24502670928011,0.0
203,100.76967670925168,101.31941323050987,0.009869776858309661,100.60804322788834,100.71226469258946,100.44372918049838,101.45831230353372,100.0,0.0,1.3256815661509032,0.3961460470769541,0.007522515426338043,-0.0030052145493317073,59.92420589123415,0.0
204,100.85848632028897,101.21193819146768,0.00988025738730791,100.50132277788664,100.57136617399627,100.199818809553,101.21193819146767,100.0,0.0,1.299627040858831,0.4565314423692587,0.007452112273230619,-0.0031745541063755186,63.290164077245414,0.0
205,101.11385342474547,101.93383366016154,0.009810285398800092,101.628032159181,100.57536083217713,98.71746001914767,102.73175450605865,100.0,0.0,1.2756568775901247,0.41087829813233284,0.00780998199679199,-0.006708203207216827,133.27006149042032,0.0
206,101.10849701326339,101.93383366016154,0.009810285398800092,101.41273521892015,100.57536083217713,98.71746001914767,102.73175450605865,100.0,0.0,1.2756568775901247,0.41087829813233284,0.00780998199679199,-0.006708203207216827,133.27006149042032,0.0
207,101.09515386128358,101.93383366016154,0.009810285398800092,101.39935191703468,100.57536083217713,98.71746001914767,102.73175450605865,100.0,0.0,1.2756568775901247,0.41087829813233284,0.00780998199679199,-0.006708203207216827,133.27006149042032,0.0
208,100.99226174670318,101.93383366016154,0.009810285398800092,101.2801791546192,100.57536083217713,98.71746001914767,102.73175450605865,100.0,0.0,1.2756568775901247,0.41087829813233284,0.00780998199679199,-0.006708203207216827,133.27006149042032,0.0
209,100.8069251774055,101.89162643606122,0.0098143491764509,101.585951556753,100.72103894510852,100.80692517740549,101.82517694687424,100.0,0.0,1.1840113753586736,0.35704075592251566,0.00786513665936293,-0.0057774645467029056,114.88554377795168,0.0
210,100.90678972965523,101.82598039150642,0.009820676375077777,101.11105374883785,100.86214715232906,100.80772058759135,101.82598039150642,100.0,0.0,1.1692904653299798,0.42133668033026406,0.007963863069233067,-0.004755252568845736,94.65494321503786,0.0
211,100.8065234827154,101.82477119466203,0.00982079299828,101.27507313957851,100.87572030469221,99.21477709532459,103.46084807510248,100.0,0.0,1.1557472281035817,0.3792030122972377,0.008047879646412653,-0.004682035464984731,93.20432335227058,0.0
212,100.70058751335023,101.71776516500023,0.009831124370240167,101.00359830827506,100.94377862776254,100.70058751335023,101.71776516500023,100.0,0.0,1.1432874498552952,0.44128271106751393,0.008023302182547558,-0.0038191090561766447,76.09157908475272,0.0
213,100.57146840192148,101.49906178371813,0.009852307818675956,100.78643045725269,100.81645521029009,100.57146840192146,101.58734182012269,100.0,0.0,1.30082307401616,0.37783737437017956,0.007722626398955207,-0.0033739704377111794,67.2525008046465,0.0
214,100.44260425743187,101.45717601760796,0.009856375263455484,100.74483877375312,100.68517234434208,100.44260425743188,101.45717601760796,100.0,0.0,1.2767572280948674,0.4400536369331616,0.007717564129937519,-0.003819109056176348,76.09157908474606,0.0
215,100.46331869919999,101.45717601760796,0.009856375263455484,100.74483877375312,100.68517234434208,100.44260425743188,101.45717601760796,100.0,0.0,1.2767572280948674,0.4400536369331616,0.007717564129937519,-0.003819109056176348,76.09157908474606,0.0
216,100.51832882813585,101.45717601760796,0.009856375263455484,100.74483877375312,100.68517234434208,100.44260425743188,101.45717601760796,100.0,0.0,1.2767572280948674,0.4400536369331616,0.007717564129937519,-0.003819109056176348,76.09157908474606,0.0
217,100.5548612863554,101.45717601760796,0.009856375263455484,100.74483877375312,100.68517234434208,100.44260425743188,101.45717601760796,100.0,0.0,1.2767572280948674,0.4400536369331616,0.007717564129937519,-0.003819109056176348,76.09157908474606,0.0
218,100.40675287124307,101.2462371175584,0.00987691027804704,100.53538088904996,100.65342571608716,100.40675287124307,101.42096249620512,100.0,0.0,1.375144769767084,0.28651748262333476,0.007170374289055283,-0.0029361683578425384,58.551450241346444,0.0
219,100.28999366609379,101.2462371175584,0.00987691027804704,100.55076629630138,100.65342571608716,100.40675287124307,101.42096249620512,100.0,0.0,1.375144769767084,0.28651748262333476,0.007170374289055283,-0.0029361683578425384,58.551450241346444,0.0
220,100.1124388816469,101.1236756380272,0.009888881052736909,100.41367992141113,100.51260951442578,100.11243888164692,101.1236756380272,100.0,0.0,1.3051331881857173,0.35786573436100133,0.007103817326059481,-0.0030305365085425643,60.42760211651399,0.0
221,100.17292061833143,101.1696350489744,0.009884388725094423,100.86612614382749,100.51734285855566,98.70012007942282,102.57067355797575,100.0,0.0,1.7212315891568153,0.18603292335022292,0.006711420914944703,-0.003234180992675701,64.47509572442112,0.0
222,100.21745932912037,101.12363476426125,0.009888885049782805,100.41363933462256,100.37671703959585,100.11239841661866,101.12363476426127,100.0,0.0,1.6635330620242703,0.2674296310152007,0.006753551446589433,-0.003706781243699653,73.86183520861734,0.0
223,100.1904325763522,100.82002129887742,0.009918664835782319,100.11215755856432,100.34547161941572,100.10162931435737,101.11275688318926,100.0,0.0,1.6741513253086164,0.2589218676143973,0.006539776000794052,-0.002359001400177781,47.068992185085314,0.0
224,100.27792803051052,100.82002129887742,0.009918664835782319,100.11215755856432,100.34547161941572,100.10162931435737,101.11275688318926,100.0,0.0,1.6741513253086164,0.2589218676143973,0.006539776000794052,-0.002359001400177781,47.068992185085314,0.0
225,100.38606027404671,100.82002129887742,0.009918664835782319,100.11215755856432,100.34547161941572,100.10162931435737,101.11275688318926,100.0,0.0,1.6741513253086164,0.2589218676143973,0.006539776000794052,-0.002359001400177781,47.068992185085314,0.0
226,100.5138134175968,100.82002129887742,0.009918664835782319,100.2832996786803,100.34547161941572,100.10162931435737,101.11275688318926,100.0,0.0,1.6741513253086164,0.2589218676143973,0.006539776000794052,-0.002359001400177781,47.068992185085314,0.0
227,100.70096646227155,100.82002129887742,0.009918664835782319,100.27964169396604,100.34547161941572,100.10162931435737,101.11275688318926,100.0,0.0,1.6741513253086164,0.2589218676143973,0.006539776000794052,-0.002359001400177781,47.068992185085314,0.0
228,100.69314746435305,101.77106143940155,0.009825975929271789,101.4657482550834,100.3552939967487,97.21635623097261,104.11367079451468,100.0,0.0,1.4558509910414632,0.17710255744824774,0.006541023838267383,-0.0070043683298889135,139.11296812953555,0.0
229,100.64602856892373,101.66265512012498,0.00983645369893592,100.94887519450725,100.49588980244415,100.64602856892373,101.66265512012498,100.0,0.0,1.4193829117581462,0.259392301703423,0.006841154417049177,-0.005771535989872325,114.76833024891664,0.0
230,100.6707572674443,102.0400767962697,0.009800071025001005,101.73395656588089,100.5206269850108,99.27832817847334,103.06320301061783,100.0,0.0,1.4989491774776458,0.17742433436514132,0.007195084182959747,-0.007501207207986233,148.90716069261623,0.0
231,100.68735716500092,101.52002062353371,0.009850273806664166,100.80724214372955,100.66992858631892,100.6873571650009,101.70440117676858,100.0,0.0,1.8297158252112076,0.14999226597637508,0.007019612240779176,-0.004204422823868932,83.73639327430627,0.0
232,100.5102748320133,101.52002062353371,0.009850273806664166,100.80724214372955,100.66992858631892,100.6873571650009,101.70440117676858,100.0,0.0,1.8297158252112076,0.14999226597637508,0.007019612240779176,-0.004204422823868932,83.73639327430627,0.0
233,100.62996777935454,101.73986512287469,0.009828988851049351,101.43464552750608,100.68562912151873,98.7079701228245,103.74387553300456,100.0,0.0,1.7233385591943111,0.13499303937873758,0.007223403544252517,-0.005208019895375254,103.62073903702584,0.0
234,100.77534397713528,101.73986512287469,0.009828988851049351,101.07857971628414,100.68562912151873,98.7079701228245,103.74387553300456,100.0,0.0,1.7233385591943111,0.13499303937873758,0.007223403544252517,-0.005208019895375254,103.62073903702584,0.0
235,100.82776059737272,101.7209188258057,0.009830819575199401,101.00672982702875,100.82668772026841,100.70370963754763,101.7209188258057,100.0,0.0,1.6254714744587664,0.22149373544086381,0.007319792952459164,-0.004414918155717002,87.91024657068158,0.0
236,100.93288051739614,101.7209188258057,0.009830819575199401,101.00672982702875,100.82668772026841,100.70370963754763,101.7209188258057,100.0,0.0,1.6254714744587664,0.22149373544086381,0.007319792952459164,-0.004414918155717002,87.91024657068158,0.0
237,100.80508017703818,101.72855178119289,0.00983008194347337,101.30715920785165,100.9679439393583,100.71126626338096,101.72855178119289,100.0,0.0,1.5354337565020653,0.29934436189677743,0.007330901119694099,-0.003752446923814606,74.76837412082382,0.0
238,100.82698076375628,101.57672074940398,0.009844775383791545,100.86354417443322,100.82668772026841,100.56095354190992,101.57672074940396,100.0,0.0,1.4925990559819002,0.36940992570709974,0.0073357252135675954,-0.003705634380400974,73.83906702264298,0.0
239,100.67510410861782,101.57672074940398,0.009844775383791545,100.86354417443322,100.82668772026841,100.56095354190992,101.57672074940396,100.0,0.0,1.4925990559819002,0.36940992570709974,0.0073357252135675954,-0.003705634380400974,73.83906702264298,0.0
240,100.57974159439725,101.57672074940398,0.009844775383791545,100.86354417443322,100.82668772026841,100.56095354190992,101.57672074940396,100.0,0.0,1.4925990559819002,0.36940992570709974,0.0073357252135675954,-0.003705634380400974,73.83906702264298,0.0
241,100.59165868675147,101.53087074331066,0.009849221154895737,100.95151474626853,100.75830631523974,100.51556203587755,101.53087074331066,100.0,0.0,1.3998577981700149,0.4324689331363898,0.007353877015673256,-0.0038191090561771326,76.0915790847605,0.0
242,100.64230346243835,101.51893709445483,0.009850378940330947,100.80616622217678,100.74646347140254,100.50374772351027,101.51893709445483,100.0,0.0,1.3678691743164137,0.4892220398227508,0.007370939709652537,-0.0038191090561767714,76.09157908475494,0.0
243,100.71381270001031,101.51893709445483,0.009850378940330947,100.80616622217678,100.74646347140254,100.50374772351027,101.51893709445483,100.0,0.0,1.3678691743164137,0.4892220398227508,0.007370939709652537,-0.0038191090561767714,76.09157908475494,0.0
244,100.76432432067185,101.41302382891934,0.009860666433602942,100.94803535995052,100.64135611662918,100.39889359063012,101.41302382891932,100.0,0.0,1.2984396403711007,0.5402998358404757,0.007386978641993009,-0.003819109056176354,76.09157908474495,0.0
245,100.87582616240792,101.41302382891934,0.009860666433602942,100.94803535995052,100.64135611662918,100.39889359063012,101.41302382891932,100.0,0.0,1.2984396403711007,0.5402998358404757,0.007386978641993009,-0.003819109056176354,76.09157908474495,0.0
246,101.09325245337195,101.02767891307468,0.009898277489482965,100.31835719553054,100.64924596542991,98.32296292474265,103.5541961433457,100.0,0.0,1.2345644691414128,0.48626985225642816,0.007168931975473272,-0.0018764315643584415,37.45834326950859,0.0
247,101.09381415682131,101.09381415682131,0.009891802068608813,100.64230412096252,100.79025359208893,100.08287601525309,101.09381415682131,100.0,0.0,1.2157993116101,0.5376428670307853,0.0069192327582023715,-0.0015036380439387713,30.027610221677882,0.0
248,101.3103908651965,101.31039086519648,0.009870655827698851,101.00645969260091,100.93145876767726,100.2972869565445,101.31039086519647,100.0,0.0,1.1985353666812921,0.5838785803277068,0.006728918038375986,-0.0018736581879916533,37.40308316680152,0.0
249,101.22002965897377,101.31039086519648,0.009870655827698851,100.67288177001537,100.93145876767726,100.2972869565445,101.31039086519647,100.0,0.0,1.1985353666812921,0.5838785803277068,0.006728918038375986,-0.0018736581879916533,37.40308316680152,0.0
250,100.98153161438384,101.31039086519648,0.009870655827698851,100.6785870195407,100.93145876767726,100.2972869565445,101.31039086519647,100.0,0.0,1.1985353666812921,0.5838785803277068,0.006728918038375986,-0.0018736581879916533,37.40308316680152,0.0
251,100.93887849684579,101.31039086519648,0.009870655827698851,100.6785870195407,100.93145876767726,100.2972869565445,101.31039086519647,100.0,0.0,1.1985353666812921,0.5838785803277068,0.006728918038375986,-0.0018736581879916533,37.40308316680152,0.0
252,101.00526893093885,101.31039086519648,0.009870655827698851,100.61497108187032,100.93145876767726,100.2972869565445,101.31039086519647,100.0,0.0,1.1985353666812921,0.5838785803277068,0.006728918038375986,-0.0018736581879916533,37.40308316680152,0.0
253,100.9745566121089,101.3403915770109,0.009867733728264478,101.03637040227984,101.07286176895708,100.32698766124079,101.3403915770109,100.0,0.0,1.1186525373467888,0.6254907222949361,0.006483787173582103,-0.001321701042947772,26.399129102487873,0.0
254,100.94219092961616,101.3403915770109,0.009867733728264478,100.95561869046843,101.07286176895708,100.32698766124079,101.3403915770109,100.0,0.0,1.1186525373467888,0.6254907222949361,0.006483787173582103,-0.001321701042947772,26.399129102487873,0.0
255,100.85314463167401,101.3403915770109,0.009867733728264478,100.95561869046843,101.07286176895708,100.32698766124079,101.3403915770109,100.0,0.0,1.1186525373467888,0.6254907222949361,0.006483787173582103,-0.001321701042947772,26.399129102487873,0.0
256,100.80706584904324,101.3403915770109,0.009867733728264478,100.95561869046843,101.07286176895708,100.32698766124079,101.3403915770109,100.0,0.0,1.1186525373467888,0.6254907222949361,0.006483787173582103,-0.001321701042947772,26.399129102487873,0.0
257,100.80147601351455,101.56938789002214,0.009845486132916203,101.26467972635211,101.21446287307833,100.55369401112193,101.56938789002216,100.0,0.0,1.0491603343590459,0.6629416500654425,0.006304791685657686,-0.0017502627334878276,34.94409332545412,0.0
258,100.70055687577947,100.31368516179124,0.009968729574505682,99.6093764394918,101.20983351377531,99.29371153640489,102.85824744345163,0.0,100.0,1.0452275076103223,0.5966474850588982,0.006460131781898938,0.004446867332774091,0.0,88.54360499092273
259,100.7687690830438,100.31368516179124,0.009968729574505682,100.59231489751147,101.20983351377531,99.29371153640489,102.85824744345163,0.0,100.0,1.0452275076103223,0.5966474850588982,0.006460131781898938,0.004446867332774091,0.0,88.54360499092273
260,100.8604532743752,100.11807222724966,0.009988206701884784,100.4797086195308,101.2053432375567,97.4958868007729,104.75495414140156,0.0,100.0,1.0016093070014966,0.5369827365530084,0.006720604424589018,0.005400618739736748,0.0,107.43217457945042
261,100.85553848220306,100.11807222724966,0.009988206701884784,100.55297186675645,101.2053432375567,97.4958868007729,104.75495414140156,0.0,100.0,1.0016093070014966,0.5369827365530084,0.006720604424589018,0.005400618739736748,0.0,107.43217457945042
262,100.9437291955929,100.11807222724966,0.009988206701884784,100.64089800800615,101.2053432375567,97.4958868007729,104.75495414140156,0.0,100.0,1.0016093070014966,0.5369827365530084,0.006720604424589018,0.005400618739736748,0.0,107.43217457945042
263,100.92208679436858,100.17146253203333,0.009982883095873887,100.87974560044162,101.06375489199212,100.17146253203333,101.18329548690235,0.0,100.0,0.9481472291080436,0.5832844628977076,0.0068494608330980766,0.004434076556682565,0.0,88.29004630912296
264,100.941298737457,100.17146253203333,0.009982883095873887,100.87974560044162,101.06375489199212,100.17146253203333,101.18329548690235,0.0,100.0,0.9481472291080436,0.5832844628977076,0.0068494608330980766,0.004434076556682565,0.0,88.29004630912296
265,100.97698608142423,100.17146253203333,0.009982883095873887,100.87974560044162,101.06375489199212,100.17146253203333,101.18329548690235,0.0,100.0,0.9481472291080436,0.5832844628977076,0.0068494608330980766,0.004434076556682565,0.0,88.29004630912296
266,100.92791519659998,100.17146253203333,0.009982883095873887,100.83259100599521,101.06375489199212,100.17146253203333,101.18329548690235,0.0,100.0,0.9481472291080436,0.5832844628977076,0.0068494608330980766,0.004434076556682565,0.0,88.29004630912296
267,100.88907118365368,100.32505302665093,0.009967600014468512,101.03442208845554,101.09429548463967,100.32505302665093,101.33843740065751,0.0,100.0,0.8922954507794002,0.6249560166079369,0.006896788498031892,0.0038191090561769895,0.0,76.09157908475828
268,100.99146756775899,100.30634316420793,0.009969459243100266,100.60816766720963,100.95286249715313,100.30634316420795,101.319538549705,0.0,100.0,0.9009118147170482,0.6624604149471431,0.006868467092091604,0.0032123714829373914,0.0,64.04170391537178
269,101.04984240042936,100.30634316420793,0.009969459243100266,100.74669287322808,100.95286249715313,100.30634316420795,101.319538549705,0.0,100.0,0.9009118147170482,0.6624604149471431,0.006868467092091604,0.0032123714829373914,0.0,64.04170391537178
270,101.03272451430622,100.30634316420793,0.009969459243100266,100.86133818193298,100.95286249715313,100.30634316420795,101.319538549705,0.0,100.0,0.9009118147170482,0.6624604149471431,0.006868467092091604,0.0032123714829373914,0.0,64.04170391537178
271,100.88156523604364,100.3373215714757,0.00996638124616119,101.04677738056694,101.09429548463967,100.3373215714757,101.35082987017748,0.0,100.0,0.855505536206351,0.6962143734524289,0.006907317553225131,0.0037579696982380575,0.0,74.87800469206385
272,100.8611408162402,100.3373215714757,0.00996638124616119,100.90364268860023,101.09429548463967,100.3373215714757,101.35082987017748,0.0,100.0,0.855505536206351,0.6962143734524289,0.006907317553225131,0.0037579696982380575,0.0,74.87800469206385
273,100.89664193913613,100.3373215714757,0.00996638124616119,100.6579155194903,101.09429548463967,100.3373215714757,101.35082987017748,0.0,100.0,0.855505536206351,0.6962143734524289,0.006907317553225131,0.0037579696982380575,0.0,74.87800469206385
274,100.94256805277375,100.3373215714757,0.00996638124616119,100.6579155194903,101.09429548463967,100.3373215714757,101.35082987017748,0.0,100.0,0.855505536206351,0.6962143734524289,0.006907317553225131,0.0037579696982380575,0.0,74.87800469206385
275,101.02521020505264,100.3373215714757,0.00996638124616119,100.76460256937185,101.09429548463967,100.3373215714757,101.35082987017748,0.0,100.0,0.855505536206351,0.6962143734524289,0.006907317553225131,0.0037579696982380575,0.0,74.87800469206385
276,101.12272697275172,100.66880364547438,0.009933563962095972,101.38060326721002,101.23592661697772,100.6688036454744,101.68566024795393,0.0,100.0,0.8030650933098429,0.726592936107186,0.006829943092180601,0.00280886421415749,0.0,56.0199319011534
277,101.21941151785603,100.7136544398742,0.009929140249766207,101.42577118843896,101.37775617176435,100.71365443987419,101.730964080681,0.0,100.0,0.8188198858450555,0.7539336424964674,0.006814485357797597,0.003286145264067484,0.0,65.50763766806634
278,101.19469795335971,99.83037042825023,0.010016991780259062,100.13076271639945,101.51904022890713,100.91839371004045,101.93777142428328,0.0,100.0,1.0679851500824118,0.5916906114675837,0.006859597037083315,0.008386763065983002,0.0,166.34020542838468
279,101.34719968998294,100.3337276930831,0.009966738234414655,101.04315809091301,101.37701301483429,100.3337276930831,101.34719968998293,0.0,100.0,1.0625463380758189,0.6325215503208254,0.007068688981813066,0.0051721852693103814,0.0,102.9114284121313
280,101.399776768199,100.38577900051702,0.009961570353454643,101.09557743789442,101.2351844997394,100.38577900051702,101.399776768199,0.0,100.0,1.0575426310297535,0.6692693952887429,0.007150116575745808,0.0042128828494627625,0.0,83.9041785145922
281,101.36759773369698,100.38577900051702,0.009961570353454643,101.09557743789442,101.2351844997394,100.38577900051702,101.399776768199,0.0,100.0,1.0575426310297535,0.6692693952887429,0.007150116575745808,0.0042128828494627625,0.0,83.9041785145922
282,101.277789191103,100.42864735926636,0.009957318218403066,101.13874890625114,101.17741743642141,100.40964150172589,101.42388030477362,0.0,100.0,1.098092592026951,0.5337802663775001,0.0069714831604234416,0.003714025557286017,0.0,74.00565226183598
283,101.43958602354276,100.51885300279629,0.009948382518572723,101.22959236746254,101.2895814223221,100.51885300279629,101.53419495231948,0.0,100.0,1.0902451846647951,0.5804022397397501,0.007011489485717701,0.0038191090561767154,0.0,76.09157908475272
284,101.27364044980153,102.4121133169583,0.009764469920712116,103.01362677720981,101.28164137791494,99.11911527610098,102.96803788794811,100.0,0.0,1.0830255698916116,0.5223620157657751,0.007256790223628486,-0.005549860577398451,110.38459244998022,0.0
285,101.24031058404022,102.47052515721526,0.009758903825912392,102.1631135817436,101.4261452533877,101.24031058404023,102.26293998387902,100.0,0.0,1.2575791489542205,0.4332956187837902,0.007184287409763581,-0.005122103768170404,101.92003039168785,0.0
286,101.21459216174358,102.15993754401899,0.009788572938086585,101.44266616708002,101.46114558577183,101.2145921617436,102.23696177953899,100.0,0.0,1.3828387972895488,0.3723742032481125,0.006984744269864298,-0.0034318251700966615,68.40176051850611,0.0
287,101.35675698090881,102.13299271727625,0.00979115536904115,101.41591052166851,101.35584664802538,101.1116627901035,102.13299271727625,100.0,0.0,1.352211693506385,0.43513678292330127,0.007023954928592091,-0.0038191090561764947,76.0915790847494,0.0
288,101.19107800179623,102.08045376318834,0.00979619469874079,101.36374044689718,101.30370747113544,101.05964922555646,102.08045376318834,100.0,0.0,1.3240347580258744,0.49162310463097114,0.007060812947796229,-0.003819109056176641,76.09157908475272,0.0
289,101.35843575323828,101.75070232171505,0.009827941991380101,101.03630421113132,101.16296371755307,100.77713455744174,101.79508541155731,100.0,0.0,1.4305273423593676,0.4122702035675843,0.006764593814295793,-0.002896495911952231,57.76260907798702,0.0
290,101.40232889929653,101.75070232171505,0.009827941991380101,101.09812191259866,101.16296371755307,100.77713455744174,101.79508541155731,100.0,0.0,1.4305273423593676,0.4122702035675843,0.006764593814295793,-0.002896495911952231,57.76260907798702,0.0
291,101.22469666006187,101.66116275043741,0.009836598096510532,100.94739330284155,101.02143466180392,100.64455112293304,101.66116275043741,100.0,0.0,1.3560851549706183,0.47104318321082594,0.006737476039063393,-0.0031563049655039324,62.92748098936541,0.0
292,101.27745960156392,101.98539907542721,0.009805325164834738,101.67944287820086,101.02533657783698,99.29746633446698,103.0403138101191,100.0,0.0,1.327598342572969,0.42393886488974336,0.006900726324541173,-0.004729121809745067,94.13724967435755,0.0
293,101.17153319361103,102.04202842513821,0.009799883591432492,101.73590233986283,101.02912158038498,97.93643022200936,104.47227929851425,100.0,0.0,1.3013904751671315,0.381544978400769,0.007085240587523762,-0.004987940653931854,99.26369167546855,0.0
294,101.40383239289172,100.9070279414196,0.009910112510503614,100.19855332197135,101.0804578093102,100.83482946723562,101.8533630982178,100.0,0.0,1.4142778049799336,0.33697676522612596,0.0067428332055341645,0.0008586168952300357,0.0,17.157606094125867
295,101.39090369360525,101.39090369360527,0.009862817704257922,101.08673098252443,101.14663537716504,100.37699465666921,101.39090369360527,100.0,0.0,1.381135580581539,0.40327908870351337,0.006482988049492537,-0.0012060397176785677,24.09173875975945,0.0
296,101.27607852844801,101.39090369360527,0.009862817704257922,101.04414465419829,101.14663537716504,100.37699465666921,101.39090369360527,100.0,0.0,1.381135580581539,0.40327908870351337,0.006482988049492537,-0.0012060397176785677,24.09173875975945,0.0
297,101.33012773130395,101.39090369360527,0.009862817704257922,101.04414465419829,101.14663537716504,100.37699465666921,101.39090369360527,100.0,0.0,1.381135580581539,0.40327908870351337,0.006482988049492537,-0.0012060397176785677,24.09173875975945,0.0
298,101.33253952849763,101.23489595664563,0.009878016770306705,100.52411935514462,101.1366557130773,98.14787862275583,103.69367469882577,100.0,0.0,1.2832362259586458,0.27584289667320316,0.005896948498014536,-0.00048544492917986697,9.70418773486914,0.0
299,101.2272268407036,101.23489595664563,0.009878016770306705,100.92354516018148,101.1366557130773,98.14787862275583,103.69367469882577,100.0,0.0,1.2832362259586458,0.27584289667320316,0.005896948498014536,-0.00048544492917986697,9.70418773486914,0.0
300,101.24759616104261,101.24759616104262,0.00987677770057294,100.9438533725595,101.003673097366,100.23512019943219,101.24759616104261,100.0,0.0,1.2205773278819543,0.34825860700588285,0.005687856424424112,-0.0012060397176789392,24.091738759765,0.0
301,101.20483637181476,101.24759616104262,0.00987677770057294,100.83149478930096,101.003673097366,100.23512019943219,101.24759616104261,100.0,0.0,1.2205773278819543,0.34825860700588285,0.005687856424424112,-0.0012060397176789392,24.091738759765,0.0
302,101.3004436832002,101.37128356633278,0.009864726624928698,100.977568966299,101.05428076929384,100.28743924636821,101.30044368320021,100.0,0.0,1.2150862904880906,0.3142088871920239,0.00525579265284709,-0.0015660215550312047,31.2714593212704,0.0
303,101.30093948565062,101.37128356633278,0.009864726624928698,100.99703666719367,101.05428076929384,100.28743924636821,101.30044368320021,100.0,0.0,1.2150862904880906,0.3142088871920239,0.00525579265284709,-0.0015660215550312047,31.2714593212704,0.0
304,101.33398199017759,101.37128356633278,0.009864726624928698,101.02998004420705,101.05428076929384,100.28743924636821,101.30044368320021,100.0,0.0,1.2150862904880906,0.3142088871920239,0.00525579265284709,-0.0015660215550312047,31.2714593212704,0.0
305,101.2572446073641,101.68039177875623,0.009834737873314596,101.37535060341997,101.04642254032855,98.47806664082454,103.16167282773968,100.0,0.0,1.14454605391571,0.2827879984728215,0.005315711468096752,-0.0031272095926582638,62.34921279681282,0.0
306,101.08868527491933,101.74368751476766,0.009828619587380832,101.43845645222336,101.0388006420844,97.43665003624663,104.26427928022831,100.0,0.0,1.1329823696024532,0.25450919862553933,0.005413899303369781,-0.0034760736939869704,69.28064923742316,0.0
307,101.06346360797608,101.74368751476766,0.009828619587380832,101.36756630689675,101.0388006420844,97.43665003624663,104.26427928022831,100.0,0.0,1.1329823696024532,0.25450919862553933,0.005413899303369781,-0.0034760736939869704,69.28064923742316,0.0
308,101.06077426457547,101.39678722015691,0.009862245416403171,100.68487396986495,101.03140795009267,95.95598529299518,105.87314653159743,100.0,0.0,1.082343780034257,0.2290582787629854,0.005305663433129466,-0.0018049821061583808,36.03460031439742,0.0
309,101.01692376235668,101.33219154838542,0.009868532247449786,100.62073182838672,101.02423755566412,94.94314798131207,107.00258320388475,100.0,0.0,1.0757562776315166,0.20615245088668688,0.005169944499722887,-0.0015218394299839318,30.39053907901046,0.0
310,101.11359079381276,101.33219154838542,0.009868532247449786,100.81025002143132,101.02423755566412,94.94314798131207,107.00258320388475,100.0,0.0,1.0757562776315166,0.20615245088668688,0.005169944499722887,-0.0015218394299839318,30.39053907901046,0.0
311,101.1191163129108,101.33219154838542,0.009868532247449786,100.69542231349145,101.02423755566412,94.94314798131207,107.00258320388475,100.0,0.0,1.0757562776315166,0.20615245088668688,0.005169944499722887,-0.0015218394299839318,30.39053907901046,0.0
312,101.15108828357016,101.33219154838542,0.009868532247449786,100.84763501871944,101.02423755566412,94.94314798131207,107.00258320388475,100.0,0.0,1.0757562776315166,0.20615245088668688,0.005169944499722887,-0.0015218394299839318,30.39053907901046,0.0
313,101.33164075393043,101.33219154838542,0.009868532247449786,101.02764583166864,101.02423755566412,94.94314798131207,107.00258320388475,100.0,0.0,1.0757562776315166,0.20615245088668688,0.005169944499722887,-0.0015218394299839318,30.39053907901046,0.0
314,101.2495980911355,101.33219154838542,0.009868532247449786,101.02764583166864,101.02423755566412,94.94314798131207,107.00258320388475,100.0,0.0,1.0757562776315166,0.20615245088668688,0.005169944499722887,-0.0015218394299839318,30.39053907901046,0.0
315,101.2548775332308,101.33219154838542,0.009868532247449786,100.76730921360632,101.02423755566412,94.94314798131207,107.00258320388475,100.0,0.0,1.0757562776315166,0.20615245088668688,0.005169944499722887,-0.0015218394299839318,30.39053907901046,0.0
316,101.25068948797951,101.33219154838542,0.009868532247449786,100.68622010797239,101.02423755566412,94.94314798131207,107.00258320388475,100.0,0.0,1.0757562776315166,0.20615245088668688,0.005169944499722887,-0.0015218394299839318,30.39053907901046,0.0
317,101.14332849204332,101.33219154838542,0.009868532247449786,100.83989850656721,101.02423755566412,94.94314798131207,107.00258320388475,100.0,0.0,1.0757562776315166,0.20615245088668688,0.005169944499722887,-0.0015218394299839318,30.39053907901046,0.0
318,101.02836489991923,101.33219154838542,0.009868532247449786,100.83989850656721,101.02423755566412,94.94314798131207,107.00258320388475,100.0,0.0,1.0757562776315166,0.20615245088668688,0.005169944499722887,-0.0015218394299839318,30.39053907901046,0.0
319,100.98399831078208,101.0972935286946,0.009891461631622892,100.3874830425353,101.00573507257296,94.0811413578032,107.16313114041628,100.0,0.0,0.9976957754209953,0.1855372057980182,0.004914111267844704,-0.00045302861988414566,9.056469557778835,0.0
320,101.09074999784211,101.0972935286946,0.009891461631622892,100.78747774784857,101.00573507257296,94.0811413578032,107.16313114041628,100.0,0.0,0.9976957754209953,0.1855372057980182,0.004914111267844704,-0.00045302861988414566,9.056469557778835,0.0
321,101.15279945129807,101.15279945129805,0.00988603385595343,100.8131285993183,100.90910476937813,100.14127145678506,101.15279945129805,100.0,0.0,0.9578801133873157,0.26698348521821635,0.004763989428064445,-0.001206039717678622,24.09173875976167,0.0
322,101.07396909278012,101.15279945129805,0.00988603385595343,100.63455083930889,100.90910476937813,100.14127145678506,101.15279945129805,100.0,0.0,0.9578801133873157,0.26698348521821635,0.004763989428064445,-0.001206039717678622,24.09173875976167,0.0
323,101.14551278474461,100.88595513676123,0.009912182509888496,100.23018390885484,100.90119455036347,98.8009582344779,102.52501726173875,100.0,0.0,0.9212497043163306,0.24028513669639473,0.004487212728851575,7.552222044810438e-05,0.0,1.5103303454599981
324,101.07875455311324,101.07875455311327,0.009893275836462111,100.77551828945391,100.83523825822763,100.06796700758213,101.07875455311326,100.0,0.0,0.9275497279710241,0.3162566230267553,0.004362704801410943,-0.00120603971767904,24.091738759767225,0.0
325,101.12507442184261,101.12507442184261,0.009888744267603763,100.71015106939409,100.88144653433939,100.11382367762417,101.1250744218426,100.0,0.0,0.9333457497333422,0.38463096072407976,0.004245667349616696,-0.0012060397176785267,24.09173875975723,0.0
326,101.3081508740114,101.30815087401142,0.009870874074521582,101.00422642138936,101.02277946945767,100.29506936527129,101.3081508740114,100.0,0.0,0.9386780897546748,0.4461678646516718,0.0041601777104231,-0.0014104190796202173,28.16865198819185,0.0
327,101.31444922010142,101.31444922010142,0.009870260438642286,100.80369743033636,101.01609907041633,99.46404058324637,102.15458732216236,100.0,0.0,0.9435838425743008,0.40155107818650465,0.004087515334714594,-0.0014745679888966074,29.447936792997844,0.0
328,101.32208686132071,101.32208686132071,0.009869516420133524,101.01812060073675,101.07798433659502,100.30886599270751,101.32208686132071,100.0,0.0,0.9480971351683568,0.4613959703678542,0.0039869892509221535,-0.0012060397176787605,24.091738759762784,0.0
329,101.28319370279858,101.06505079181282,0.009894617300098454,100.35546668394653,101.06801144598349,99.5121856702503,102.1332569937927,100.0,0.0,1.1607545041968128,0.3155948437316123,0.003527864548337425,1.4647055449032465e-05,0.0,0.29293681831910057
330,101.22310044478398,101.22310044478398,0.009879167854036325,100.91943114344961,100.97923639554712,100.21086944033614,101.22310044478398,100.0,0.0,1.147894143861068,0.3840353593584511,0.0034609175117275887,-0.0012060397176785185,24.09173875975945,0.0
331,101.11267439445265,101.22310044478398,0.009879167854036325,100.91943114344961,100.97923639554712,100.21086944033614,101.22310044478398,100.0,0.0,1.147894143861068,0.3840353593584511,0.0034609175117275887,-0.0012060397176785185,24.09173875975945,0.0
332,100.91289033393517,101.22310044478398,0.009879167854036325,100.91943114344961,100.97923639554712,100.21086944033614,101.22310044478398,100.0,0.0,1.147894143861068,0.3840353593584511,0.0034609175117275887,-0.0012060397176785185,24.09173875975945,0.0
333,100.85562711049131,101.22310044478398,0.009879167854036325,100.70521645108961,100.97923639554712,100.21086944033614,101.22310044478398,100.0,0.0,1.147894143861068,0.3840353593584511,0.0034609175117275887,-0.0012060397176785185,24.09173875975945,0.0
334,100.69271371791321,101.11432640847771,0.009889795398134178,100.40439633339312,100.96927324793174,98.83314137548929,102.63414439575746,100.0,0.0,1.0923288376347025,0.2626801858011806,0.0031898176174135744,-0.000717787889727757,14.345460796523213,0.0
335,100.76352575605688,101.11432640847771,0.009889795398134178,100.64300194982701,100.96927324793174,98.83314137548929,102.63414439575746,100.0,0.0,1.0923288376347025,0.2626801858011806,0.0031898176174135744,-0.000717787889727757,14.345460796523213,0.0
336,100.88370152353487,101.11432640847771,0.009889795398134178,100.64300194982701,100.96927324793174,98.83314137548929,102.63414439575746,100.0,0.0,1.0923288376347025,0.2626801858011806,0.0031898176174135744,-0.000717787889727757,14.345460796523213,0.0
337,100.85251700414751,101.11432640847771,0.009889795398134178,100.7055194221695,100.96927324793174,98.83314137548929,102.63414439575746,100.0,0.0,1.0923288376347025,0.2626801858011806,0.0031898176174135744,-0.000717787889727757,14.345460796523213,0.0
338,100.91625610222562,101.11432640847771,0.009889795398134178,100.6779580788675,100.96927324793174,98.83314137548929,102.63414439575746,100.0,0.0,1.0923288376347025,0.2626801858011806,0.0031898176174135744,-0.000717787889727757,14.345460796523213,0.0
339,100.8546897592763,101.11432640847771,0.009889795398134178,100.76502856017012,100.96927324793174,98.83314137548929,102.63414439575746,100.0,0.0,1.0923288376347025,0.2626801858011806,0.0031898176174135744,-0.000717787889727757,14.345460796523213,0.0
340,100.69366684787514,101.11432640847771,0.009889795398134178,100.76502856017012,100.96927324793174,98.83314137548929,102.63414439575746,100.0,0.0,1.0923288376347025,0.2626801858011806,0.0031898176174135744,-0.000717787889727757,14.345460796523213,0.0
341,100.78481763465507,101.36464543582315,0.009865372642507083,101.06055149951565,101.01471053644308,100.25024820280488,101.26287697253018,100.0,0.0,1.224743035631597,0.19431166778688574,0.0029624724356712914,-0.0017291037304616218,34.52238183002554,0.0
342,100.6914246984561,101.36464543582315,0.009865372642507083,100.99440792222278,101.01471053644308,100.25024820280488,101.26287697253018,100.0,0.0,1.224743035631597,0.19431166778688574,0.0029624724356712914,-0.0017291037304616218,34.52238183002554,0.0
343,100.81343153493322,101.36464543582315,0.009865372642507083,100.99440792222278,101.01471053644308,100.25024820280488,101.26287697253018,100.0,0.0,1.224743035631597,0.19431166778688574,0.0029624724356712914,-0.0017291037304616218,34.52238183002554,0.0
344,100.88266312703445,102.96913967446358,0.009711647617543421,102.66023225544016,101.0069182233475,99.22671026937417,102.30741826134587,100.0,0.0,1.153430259447736,0.1748805010081972,0.003939143095660347,-0.00961986162169646,190.5640328082403,0.0
345,100.8379058018919,101.8564705069615,0.009817736615286054,101.1413297912657,101.08142853887406,100.83790580189189,101.85647050696151,100.0,0.0,1.1411558386919172,0.2573924509073775,0.004161089824840403,-0.0038191090561767622,76.09157908475494,0.0
346,100.66952865873661,101.77858985898756,0.009825249115609506,101.4732540894106,100.94564186481308,100.66952865873662,101.68639258458245,100.0,0.0,2.084970122717893,0.14558779767656527,0.00427025457756181,-0.00410877371240606,81.83921543111427,0.0
347,100.57855144774581,101.59449641186445,0.009843052875088788,100.88119503284432,100.82144784603462,100.57855144774581,101.59449641186445,100.0,0.0,1.9981725129004617,0.23102901790890876,0.004472334617827725,-0.003819109056176403,76.09157908474717,0.0
348,100.56585163598817,101.404264945584,0.009861518157413048,100.69229919370932,100.81082476221036,100.56585163598818,101.58166831917998,93.52221143677671,0.0,1.9142885952573714,0.2340238482496936,0.004558634839168229,-0.002934697822161446,58.522211436776715,0.0
349,100.63788622578282,101.404264945584,0.009861518157413048,100.69229919370932,100.81082476221036,100.56585163598818,101.58166831917998,93.52221143677671,0.0,1.9142885952573714,0.2340238482496936,0.004558634839168229,-0.002934697822161446,58.522211436776715,0.0
350,100.4953131737545,101.404264945584,0.009861518157413048,100.69229919370932,100.81082476221036,100.56585163598818,101.58166831917998,93.52221143677671,0.0,1.9142885952573714,0.2340238482496936,0.004558634839168229,-0.002934697822161446,58.522211436776715,0.0
351,100.57533666056004,101.404264945584,0.009861518157413048,100.70539403156144,100.81082476221036,100.56585163598818,101.58166831917998,93.52221143677671,0.0,1.9142885952573714,0.2340238482496936,0.004558634839168229,-0.002934697822161446,58.522211436776715,0.0
352,100.62975901385911,101.404264945584,0.009861518157413048,100.70539403156144,100.81082476221036,100.56585163598818,101.58166831917998,93.52221143677671,0.0,1.9142885952573714,0.2340238482496936,0.004558634839168229,-0.002934697822161446,58.522211436776715,0.0
353,100.84205552224287,101.404264945584,0.009861518157413048,100.70539403156144,100.81082476221036,100.56585163598818,101.58166831917998,93.52221143677671,0.0,1.9142885952573714,0.2340238482496936,0.004558634839168229,-0.002934697822161446,58.522211436776715,0.0
354,100.97019307184227,101.404264945584,0.009861518157413048,100.70539403156144,100.81082476221036,100.56585163598818,101.58166831917998,93.52221143677671,0.0,1.9142885952573714,0.2340238482496936,0.004558634839168229,-0.002934697822161446,58.522211436776715,0.0
355,101.04417915015478,101.404264945584,0.009861518157413048,100.7410466127043,100.81082476221036,100.56585163598818,101.58166831917998,93.52221143677671,0.0,1.9142885952573714,0.2340238482496936,0.004558634839168229,-0.002934697822161446,58.522211436776715,0.0
356,101.14612020626116,101.404264945584,0.009861518157413048,100.84268184564239,100.81082476221036,100.56585163598818,101.58166831917998,93.52221143677671,0.0,1.9142885952573714,0.2340238482496936,0.004558634839168229,-0.002934697822161446,58.522211436776715,0.0
357,101.25810710357855,101.404264945584,0.009861518157413048,100.8743820382777,100.81082476221036,100.56585163598818,101.58166831917998,93.52221143677671,0.0,1.9142885952573714,0.2340238482496936,0.004558634839168229,-0.002934697822161446,58.522211436776715,0.0
358,101.2951471830346,101.404264945584,0.009861518157413048,100.9912617414855,100.81082476221036,100.56585163598818,101.58166831917998,93.52221143677671,0.0,1.9142885952573714,0.2340238482496936,0.004558634839168229,-0.002934697822161446,58.522211436776715,0.0
359,101.34791018405711,101.47850252963205,0.009854303868033496,101.17406702204315,100.81866466908922,97.57040193910446,104.70026547086067,100.0,0.0,1.768418234909509,0.21062146342472424,0.004676525215679674,-0.0032617256567644233,65.02242781422085,0.0
360,101.27983764799365,101.47850252963205,0.009854303868033496,101.17406702204315,100.81866466908922,97.57040193910446,104.70026547086067,100.0,0.0,1.768418234909509,0.21062146342472424,0.004676525215679674,-0.0032617256567644233,65.02242781422085,0.0
361,101.44234733749418,101.47850252963205,0.009854303868033496,101.17406702204315,100.81866466908922,97.57040193910446,104.70026547086067,100.0,0.0,1.768418234909509,0.21062146342472424,0.004676525215679674,-0.0032617256567644233,65.02242781422085,0.0
362,101.5830572346097,101.6263003219452,0.009839972495624343,101.32142142097929,100.82823729027223,96.00249965001098,106.41021871685867,100.0,0.0,1.561150258704397,0.1440650809825114,0.004790444475559618,-0.0039419369952655185,78.52918281436527,0.0
363,101.54158889674797,101.64753106201678,0.009837917257329978,101.34258846883071,100.96949568027941,100.63105575139663,101.6475310620168,100.0,0.0,1.5162582380080454,0.22965857288426025,0.004904585981394105,-0.0033463889616728412,66.70455983074586,0.0
364,101.55045814445347,101.64753106201678,0.009837917257329978,101.34258846883071,100.96949568027941,100.63105575139663,101.6475310620168,100.0,0.0,1.5162582380080454,0.22965857288426025,0.004904585981394105,-0.0033463889616728412,66.70455983074586,0.0
365,101.47924696034352,101.64753106201678,0.009837917257329978,101.34258846883071,100.96949568027941,100.63105575139663,101.6475310620168,100.0,0.0,1.5162582380080454,0.22965857288426025,0.004904585981394105,-0.0033463889616728412,66.70455983074586,0.0
366,101.5052381428791,105.27134144295198,0.009499261492187919,104.95552741862318,100.97715018692719,98.93577777993626,103.38927529377557,100.0,0.0,1.545889524377101,0.11938571252815387,0.006771511206170847,-0.020820473507902667,407.91645638446397,0.0
367,101.55712045823832,102.58294995781648,0.009748208648817506,101.8627085839903,101.11861720099246,101.55712045823832,102.58294995781648,100.0,0.0,1.502218362426933,0.20744714127533848,0.007227869556149735,-0.007188618022179474,142.7462124481871,0.0
368,101.5936754953425,102.58294995781648,0.009748208648817506,101.8627085839903,101.11861720099246,101.55712045823832,102.58294995781648,100.0,0.0,1.502218362426933,0.20744714127533848,0.007227869556149735,-0.007188618022179474,142.7462124481871,0.0
369,101.59198549154502,102.49684732877839,0.009756397645991073,101.77721048695147,101.26028240757981,101.47187885549062,102.4968473287784,100.0,0.0,1.4220408934327784,0.28670242714780464,0.007522464474640491,-0.006068817924548621,120.64419086297073,0.0
370,101.50937397750853,102.53800894968843,0.009752481155457803,102.2303949228394,101.28189148094641,99.95666831374612,104.05056361592663,100.0,0.0,1.3882776219581563,0.25803218443302417,0.007810671499095043,-0.0061628794150525,122.5026194294776,0.0
371,101.33711391595804,102.06729543801121,0.009797457605872712,101.35067450715252,101.43052599370392,101.33711391595804,102.36072112723035,100.0,0.0,1.7677698567833948,0.19189545075566328,0.0073869355773516845,-0.003129121677211453,62.387216353156916,0.0
372,101.26882261674662,102.06729543801121,0.009797457605872712,101.35067450715252,101.43052599370392,101.33711391595804,102.36072112723035,100.0,0.0,1.7677698567833948,0.19189545075566328,0.0073869355773516845,-0.003129121677211453,62.387216353156916,0.0
373,101.17067015679872,102.56221258092293,0.00975017966983685,102.25452594318016,101.44301427167112,99.24180144989998,104.5218839827923,100.0,0.0,1.6663482682407234,0.17270590568009694,0.007602061126464522,-0.005486125657263196,109.12384601382774,0.0
374,101.23101467328136,102.25355017503169,0.009779611546868133,101.77570225384551,101.4754867650476,101.23101467328138,102.25355017503169,100.0,0.0,1.6130404067814657,0.2554353151120873,0.007604232773796355,-0.003819109056177012,76.09157908475939,0.0
375,101.18780200659998,102.20990101676766,0.009783787970168847,101.49227884312937,101.43216974012144,101.18780200659998,102.20990101676766,100.0,0.0,1.5639971742389485,0.32989178360087856,0.00760627412228825,-0.0038191090561766903,76.09157908475383,0.0
376,101.22305688848581,102.20990101676766,0.009783787970168847,101.49227884312937,101.43216974012144,101.18780200659998,102.20990101676766,100.0,0.0,1.5639971742389485,0.32989178360087856,0.00760627412228825,-0.0038191090561766903,76.09157908475383,0.0
377,101.302569064968,102.05673170126678,0.009798471725776296,101.34018493907135,101.29026405963953,101.03616438425412,102.05673170126678,100.0,0.0,1.4788774002998326,0.3969026052407907,0.00760221098419275,-0.0037692597265044465,75.10211515207143,0.0
378,101.26381713946078,101.88937732133579,0.009814565819224007,101.17400556481687,101.14855690810761,100.87048354812242,101.88937732133579,100.0,0.0,1.440567208275846,0.4572123447167117,0.007583921846479134,-0.00364867981956028,72.7083070585266,0.0
379,101.37480793639126,101.88937732133579,0.009814565819224007,101.17400556481687,101.14855690810761,100.87048354812242,101.88937732133579,100.0,0.0,1.440567208275846,0.4572123447167117,0.007583921846479134,-0.00364867981956028,72.7083070585266,0.0
380,101.39053960688615,101.88937732133579,0.009814565819224007,101.17400556481687,101.14855690810761,100.87048354812242,101.88937732133579,100.0,0.0,1.440567208275846,0.4572123447167117,0.007583921846479134,-0.00364867981956028,72.7083070585266,0.0
381,101.46282658975863,101.88937732133579,0.009814565819224007,101.17400556481687,101.14855690810761,100.87048354812242,101.88937732133579,100.0,0.0,1.440567208275846,0.4572123447167117,0.007583921846479134,-0.00364867981956028,72.7083070585266,0.0
382,101.53223535739465,101.88937732133579,0.009814565819224007,101.22763865132248,101.14855690810761,100.87048354812242,101.88937732133579,100.0,0.0,1.440567208275846,0.4572123447167117,0.007583921846479134,-0.00364867981956028,72.7083070585266,0.0
383,101.48663848887014,101.88937732133579,0.009814565819224007,101.22763865132248,101.14855690810761,100.87048354812242,101.88937732133579,100.0,0.0,1.440567208275846,0.4572123447167117,0.007583921846479134,-0.00364867981956028,72.7083070585266,0.0
384,101.51067691241947,101.88937732133579,0.009814565819224007,101.22763865132248,101.14855690810761,100.87048354812242,101.88937732133579,100.0,0.0,1.440567208275846,0.4572123447167117,0.007583921846479134,-0.00364867981956028,72.7083070585266,0.0
385,101.55499448971001,101.85498929412215,0.009817879388434711,101.21665535209227,101.07995859681716,100.83643940118093,101.85498929412215,100.0,0.0,1.3367504030423498,0.5114911102450406,0.0075871818506100235,-0.0038191090561763945,76.09157908474829,0.0
386,101.45687583820889,101.62593851687541,0.009840007527546187,100.91241638084922,100.9404249326987,100.66658559128985,101.68341978918166,100.0,0.0,1.4396520892231903,0.42585991940760776,0.007321757836419099,-0.003384143213625687,67.45458828533945,0.0
387,101.57880858955515,101.62593851687541,0.009840007527546187,101.2740721637865,100.9404249326987,100.66658559128985,101.68341978918166,100.0,0.0,1.4396520892231903,0.42585991940760776,0.007321757836419099,-0.003384143213625687,67.45458828533945,0.0
388,101.73732128421148,101.7537914161269,0.009827643629616247,101.44853004187857,100.94922457150106,98.60331331481596,103.81114322945017,100.0,0.0,1.3722943392265616,0.2912881848748037,0.00714726551238059,-0.003969190298949285,79.06996225187757,0.0
389,101.66487009418775,101.83126957999933,0.009820166282169283,101.52577577125936,100.95595233818919,97.20385133641639,105.30573162164262,100.0,0.0,1.342510792088437,0.26215936638732334,0.007236404631410753,-0.00431643194048625,85.9576086422531,0.0
390,101.8881875553925,101.88818755539253,0.009814680425602233,101.33118995417632,100.96247870027379,95.80716985586518,106.84088358754572,100.0,0.0,1.3151099287213621,0.235943429748591,0.007349844060212836,-0.004563499209571259,90.8553658014044,0.0
391,101.98785561248526,101.98785561248525,0.009805088988238135,101.6818920456478,100.97240292546375,94.90989843297875,108.10712694923436,100.0,0.0,1.2899011344236533,0.2123490867737319,0.007509243562396985,-0.005003209467392468,99.56603959591081,0.0
392,102.07399411362766,102.07399411362766,0.009796814641022186,101.76777213128678,100.9845879779919,94.99005892214188,108.19843376044533,100.0,0.0,1.2667090436697612,0.19111417809635872,0.007702493259748848,-0.005364984451355149,106.72709979615891,0.0
393,102.25119671919943,102.50716850976492,0.009755415299611355,102.19964700423564,101.00709215312546,95.39317101518724,108.3862685223514,100.0,0.0,1.3893904097374208,0.13072209781790936,0.007941649365494984,-0.007370866059967467,146.33867840145976,0.0
394,102.23767650786455,102.50716850976492,0.009755415299611355,102.19964700423564,101.00709215312546,95.39317101518724,108.3862685223514,100.0,0.0,1.3893904097374208,0.13072209781790936,0.007941649365494984,-0.007370866059967467,146.33867840145976,0.0
395,102.19704143978713,102.50716850976492,0.009755415299611355,101.90711922911302,101.00709215312546,95.39317101518724,108.3862685223514,100.0,0.0,1.3893904097374208,0.13072209781790936,0.007941649365494984,-0.007370866059967467,146.33867840145976,0.0
396,102.20958354530747,102.50716850976492,0.009755415299611355,101.83983275698083,101.00709215312546,95.39317101518724,108.3862685223514,100.0,0.0,1.3893904097374208,0.13072209781790936,0.007941649365494984,-0.007370866059967467,146.33867840145976,0.0
397,102.37785686457752,102.50716850976492,0.009755415299611355,102.07072329398379,101.00709215312546,95.39317101518724,108.3862685223514,100.0,0.0,1.3893904097374208,0.13072209781790936,0.007941649365494984,-0.007370866059967467,146.33867840145976,0.0
398,102.20370004739607,102.50716850976492,0.009755415299611355,102.03218856214116,101.00709215312546,95.39317101518724,108.3862685223514,100.0,0.0,1.3893904097374208,0.13072209781790936,0.007941649365494984,-0.007370866059967467,146.33867840145976,0.0
399,102.2193585262966,102.50716850976492,0.009755415299611355,102.03218856214116,101.00709215312546,95.39317101518724,108.3862685223514,100.0,0.0,1.3893904097374208,0.13072209781790936,0.007941649365494984,-0.007370866059967467,146.33867840145976,0.0
400,102.19885143175809,102.65626750357845,0.009741246436464695,102.34829870106768,101.03548029365125,95.5319225388301,108.81564355379318,100.0,0.0,1.2896677483869985,0.11764988803611842,0.008420017609734765,-0.007957058778545452,157.88487632971027,0.0
401,102.16169376722355,102.65626750357845,0.009741246436464695,102.34829870106768,101.03548029365125,95.5319225388301,108.81564355379318,100.0,0.0,1.2896677483869985,0.11764988803611842,0.008420017609734765,-0.007957058778545452,157.88487632971027,0.0
402,102.06488405347912,102.95655053483543,0.009712835121274282,102.64768088323092,101.0718805328301,95.81136592771784,109.13394356692557,100.0,0.0,1.2264943285160388,0.10588489923250659,0.009023323009614278,-0.00923729105861865,183.05488987489517,0.0
403,102.00108828620067,102.95655053483543,0.009712835121274282,102.30801232317016,101.0718805328301,95.81136592771784,109.13394356692557,100.0,0.0,1.2264943285160388,0.10588489923250659,0.009023323009614278,-0.00923729105861865,183.05488987489517,0.0
404,102.06811780730358,101.7657167085098,0.009826491989088292,101.0512131809676,101.10501925414448,95.62586896965065,107.8716597110204,100.0,0.0,1.2193323301431096,0.0724252710750345,0.009084682365304733,-0.0032567410535097843,64.92338242531814,0.0
405,102.13608597893192,102.13608597893192,0.00979085883716236,101.82967772099512,101.115083485897,95.04784161199403,108.26425113766784,100.0,0.0,1.201785743731661,0.06518274396753106,0.009142408925379162,-0.005023353596061795,99.96491281695663,0.0
406,102.19072162947931,102.19072162947933,0.009785624213769387,101.88414946459086,101.1264691682508,95.09868554839346,108.3221649272481,100.0,0.0,1.1856428842331284,0.05866446957077795,0.009222003413717924,-0.005234444057843151,104.14374654161618,0.0
407,102.22511889390151,102.11728612842951,0.009792661339847334,101.40031420977455,101.14123006073689,95.13069564266475,108.24432329613528,100.0,0.0,1.331217333725693,0.04012649718641212,0.00903938937599271,-0.004802042669563819,95.58186519616818,0.0
408,101.99712842576369,102.11728612842951,0.009792661339847334,101.58530545567463,101.14123006073689,95.13069564266475,108.24432329613528,100.0,0.0,1.331217333725693,0.04012649718641212,0.00903938937599271,-0.004802042669563819,95.58186519616818,0.0
409,101.87340299317404,102.11728612842951,0.009792661339847334,101.58530545567463,101.14123006073689,95.13069564266475,108.24432329613528,100.0,0.0,1.331217333725693,0.04012649718641212,0.00903938937599271,-0.004802042669563819,95.58186519616818,0.0
410,101.81745840412619,102.11728612842951,0.009792661339847334,101.58530545567463,101.14123006073689,95.13069564266475,108.24432329613528,100.0,0.0,1.331217333725693,0.04012649718641212,0.00903938937599271,-0.004802042669563819,95.58186519616818,0.0
411,101.91024090474355,102.11728612842951,0.009792661339847334,101.60451018202932,101.14123006073689,95.13069564266475,108.24432329613528,100.0,0.0,1.331217333725693,0.04012649718641212,0.00903938937599271,-0.004802042669563819,95.58186519616818,0.0
412,101.84968419466502,102.17748323124269,0.00978689206639444,101.87095078154894,101.15144096414507,95.08636589499444,108.30813222511726,100.0,0.0,1.2407199470276375,0.03611384746777091,0.009102577425530022,-0.005046218933965618,100.41764923643059,0.0
413,101.65203250242827,102.17748323124269,0.00978689206639444,101.87095078154894,101.15144096414507,95.08636589499444,108.30813222511726,100.0,0.0,1.2407199470276375,0.03611384746777091,0.009102577425530022,-0.005046218933965618,100.41764923643059,0.0
414,101.59269322958076,100.75303268813776,0.00992525955119697,100.71301508852893,101.11874927687336,93.760772219581,106.79821464942603,0.0,71.16704037094354,1.1814623512654265,0.03250246272099382,0.00877381838741002,0.00181162807984221,0.0,36.16704037094354
415,101.5724710112695,100.87150266443804,0.009913602688428544,101.28973723836522,101.2600144135296,100.84960979676595,101.57247101126949,0.0,74.16704037094354,1.3282173832680702,0.09823168450115978,0.008097145897132086,0.00192207407685812,0.0,38.36773590658815
416,101.44840692247345,100.87150266443804,0.009913602688428544,101.28973723836522,101.2600144135296,100.84960979676595,101.57247101126949,0.0,74.16704037094354,1.3282173832680702,0.09823168450115978,0.008097145897132086,0.00192207407685812,0.0,38.36773590658815
417,101.38192292598356,100.87150266443804,0.009913602688428544,101.28973723836522,101.2600144135296,100.84960979676595,101.57247101126949,0.0,74.16704037094354,1.3282173832680702,0.09823168450115978,0.008097145897132086,0.00192207407685812,0.0,38.36773590658815
418,101.19176089001964,100.87150266443804,0.009913602688428544,101.31515574544159,101.2600144135296,100.84960979676595,101.57247101126949,0.0,74.16704037094354,1.3282173832680702,0.09823168450115978,0.008097145897132086,0.00192207407685812,0.0,38.36773590658815
419,101.05624010043184,101.00217535489794,0.009900776854421547,101.45160535987557,101.40187771484847,101.00217535489794,101.75687598783907,0.0,74.16704037094354,1.2419599926066247,0.1884085160510438,0.007848290389719341,0.0019747744864219118,0.0,39.41764876134957
420,101.05284515254482,101.19454784061654,0.009881955316160117,101.64483384663482,101.54393976388012,101.19454784061655,101.95068590434786,0.0,74.16704037094354,1.222603193198095,0.26956766444593944,0.007584196680789031,0.0017233625809873645,0.0,34.40795423892418
421,101.09264747527212,101.09264747527212,0.009891916227088682,101.39683798923983,101.40187771484847,101.09264747527212,101.84802412698481,0.0,74.16704037094354,1.2047949377422476,0.3426108980013455,0.007312397526204314,0.00152710419842715,0.0,30.495514140865822
422,101.17659661635942,101.09264747527212,0.009891916227088682,101.39683798923983,101.40187771484847,101.09264747527212,101.84802412698481,0.0,74.16704037094354,1.2047949377422476,0.3426108980013455,0.007312397526204314,0.00152710419842715,0.0,30.495514140865822
423,101.22170650629313,101.09264747527212,0.009891916227088682,101.39683798923983,101.40187771484847,101.09264747527212,101.84802412698481,0.0,74.16704037094354,1.2047949377422476,0.3426108980013455,0.007312397526204314,0.00152710419842715,0.0,30.495514140865822
424,101.2861339695189,101.02034285830356,0.009898996298227302,101.32431580572073,101.2600144135296,101.02034285830356,101.77517924105672,0.0,74.16704037094354,1.1350780093895345,0.4083498082012109,0.007015835547719976,0.0011848483879428411,0.0,23.66892367279938
425,101.29752990776439,101.02034285830356,0.009898996298227302,101.32431580572073,101.2600144135296,101.02034285830356,101.77517924105672,0.0,74.16704037094354,1.1350780093895345,0.4083498082012109,0.007015835547719976,0.0011848483879428411,0.0,23.66892367279938
426,101.15934860778107,101.02034285830356,0.009898996298227302,101.32431580572073,101.2600144135296,101.02034285830356,101.77517924105672,0.0,74.16704037094354,1.1350780093895345,0.4083498082012109,0.007015835547719976,0.0011848483879428411,0.0,23.66892367279938
427,101.18266649268911,101.02034285830356,0.009898996298227302,101.32431580572073,101.2600144135296,101.02034285830356,101.77517924105672,0.0,74.16704037094354,1.1350780093895345,0.4083498082012109,0.007015835547719976,0.0011848483879428411,0.0,23.66892367279938
428,101.10570610472992,101.02034285830356,0.009898996298227302,101.32431580572073,101.2600144135296,101.02034285830356,101.77517924105672,0.0,74.16704037094354,1.1350780093895345,0.4083498082012109,0.007015835547719976,0.0011848483879428411,0.0,23.66892367279938
429,101.03745419257183,100.9497694228412,0.009905916632769811,101.25353001287989,101.13029180684914,100.9497694228412,101.7040784722352,0.0,74.16704037094354,1.0602717686383718,0.46751482738108985,0.006702083976216925,0.0008933211070376343,0.0,17.850475933830488
430,101.08496592133602,100.9497694228412,0.009905916632769811,101.25353001287989,101.13029180684914,100.9497694228412,101.7040784722352,0.0,74.16704037094354,1.0602717686383718,0.46751482738108985,0.006702083976216925,0.0008933211070376343,0.0,17.850475933830488
431,101.33427940017495,100.9497694228412,0.009905916632769811,101.25353001287989,101.13029180684914,100.9497694228412,101.7040784722352,0.0,74.16704037094354,1.0602717686383718,0.46751482738108985,0.006702083976216925,0.0008933211070376343,0.0,17.850475933830488
432,101.49854712052426,100.87489064484866,0.009913269730528989,101.32375427026395,100.99005068002789,100.76842810467937,101.52138214951911,0.0,74.16704037094354,1.052984354508229,0.3957801419286655,0.00607940224828221,0.0005704806115584935,0.0,11.403106979726019
433,101.5532313802643,100.87489064484866,0.009913269730528989,101.32375427026395,100.99005068002789,100.76842810467937,101.52138214951911,0.0,74.16704037094354,1.052984354508229,0.3957801419286655,0.00607940224828221,0.0005704806115584935,0.0,11.403106979726019
434,101.43925068513555,100.87489064484866,0.009913269730528989,101.32375427026395,100.99005068002789,100.76842810467937,101.52138214951911,0.0,74.16704037094354,1.052984354508229,0.3957801419286655,0.00607940224828221,0.0005704806115584935,0.0,11.403106979726019
435,101.51813143975555,100.87489064484866,0.009913269730528989,101.23392145940231,100.99005068002789,100.76842810467937,101.52138214951911,0.0,74.16704037094354,1.052984354508229,0.3957801419286655,0.00607940224828221,0.0005704806115584935,0.0,11.403106979726019
436,101.46595694709781,100.6433801869826,0.009936073273196183,100.94621884351315,100.84876353315556,100.6433801869826,101.3953998584556,0.0,74.16704037094354,0.9887456061475707,0.45620212773579893,0.005836955587513193,0.0010193119313784938,0.0,20.365479850968924
437,101.47875287771359,100.72611500156617,0.009927911942046522,101.17431661908043,100.85385717290399,99.47530954548377,102.58601680952468,0.0,74.16704037094354,0.989645957655765,0.4105819149622191,0.005562782823789722,0.0006337046778995613,0.0,12.666067012075954
438,101.55071945022854,100.73443872517147,0.009927091595042764,101.03755137930938,100.86007638042543,98.37472412635059,103.73371684436799,0.0,74.16704037094354,1.190569939213777,0.28083802983415784,0.004986929583653193,0.0006232196108517881,0.0,12.456629001555974
439,101.62116709906604,100.86747297878817,0.009913998739814708,101.31630359776884,100.86483117053551,97.39842530691148,104.77351913041173,0.0,74.16704037094354,1.175324344076675,0.25275422685074206,0.004689285282234491,-1.3095613336670454e-05,0.26190883687715605,0.0
440,101.68541368421985,101.0688843997876,0.009894241990882225,101.51861124041527,100.87063662937736,96.48923740587479,105.76076722671192,0.0,74.16704037094354,1.323812749309422,0.17288389116590758,0.004236899531181634,-0.0009817185333504343,19.615114145918877,0.0
441,101.59438698305662,101.06266605173991,0.00989485077989177,101.3667663507923,100.8750750788319,95.6750614482142,106.66077055711307,0.0,74.16704037094354,1.2979077293646684,0.15559550204931683,0.0040941601311181046,-0.0009289544978455156,18.56184684579376,0.0
442,101.55907244422005,101.42522431798821,0.009859480289289789,101.8765367665559,100.8864580990628,95.33971085890892,107.53772861453093,88.11954916030203,0.0,1.274075111015495,0.14003595184438514,0.004168077333891878,-0.0026630504600064233,53.119549160302036,0.0
443,101.45245237628455,101.97410382231527,0.009806411260475007,101.75772555294337,101.0274261944386,100.55845793982404,101.45245237628455,100.0,0.0,1.7038475137384812,0.13055628920678516,0.004196542207470999,-0.004663401442336602,92.83510150049467,0.0
444,101.49731314538566,101.97410382231527,0.009806411260475007,101.75772555294337,101.0274261944386,100.55845793982404,101.45245237628455,100.0,0.0,1.7038475137384812,0.13055628920678516,0.004196542207470999,-0.004663401442336602,92.83510150049467,0.0
445,101.34514727119318,102.07998058482367,0.009796240107716783,101.77374064306919,101.02673731463567,99.37192365934358,102.66382887127861,100.0,0.0,1.6075397126394029,0.11750066028610665,0.004567034977367283,-0.005185664369355663,103.17823966598417,0.0
446,101.2075631787765,102.07998058482367,0.009796240107716783,101.55268669932727,101.02673731463567,99.37192365934358,102.66382887127861,100.0,0.0,1.6075397126394029,0.11750066028610665,0.004567034977367283,-0.005185664369355663,103.17823966598417,0.0
447,101.29544792035617,102.07998058482367,0.009796240107716783,101.39196712440281,101.02673731463567,99.37192365934358,102.66382887127861,100.0,0.0,1.6075397126394029,0.11750066028610665,0.004567034977367283,-0.005185664369355663,103.17823966598417,0.0
448,101.21111757140332,101.87816631156875,0.009815645846449096,101.16287326825781,101.10295925667806,100.85938464845306,101.87816631156875,100.0,0.0,1.5056032022949173,0.20575059425749598,0.00475130819364495,-0.0038191090561770164,76.09157908475828,0.0
449,101.16466182051171,101.87816631156875,0.009815645846449096,101.16287326825781,101.10295925667806,100.85938464845306,101.87816631156875,100.0,0.0,1.5056032022949173,0.20575059425749598,0.00475130819364495,-0.0038191090561770164,76.09157908475828,0.0
450,100.91513838804468,101.87816631156875,0.009815645846449096,101.17361764941901,101.10295925667806,100.85938464845306,101.87816631156875,100.0,0.0,1.5056032022949173,0.20575059425749598,0.00475130819364495,-0.0038191090561770164,76.09157908475828,0.0
451,100.9599670881122,102.11699962128004,0.009792688814875942,101.81064862241621,101.11088529317658,99.21292530090413,103.56885589385948,100.0,0.0,1.4118216127779906,0.1851755348317464,0.00506031503533384,-0.004950670664741593,98.52564527305319,0.0
452,101.03459952370717,102.13794908765534,0.009790680241109939,101.83153524039243,101.2548647820661,101.03459952370716,102.05515103404764,100.0,0.0,1.4935231893294862,0.20266006582491455,0.005177112467902592,-0.004341767483264582,86.4599606196692,0.0
453,100.84974318276117,101.86842745733452,0.009816584244601492,101.1532027911346,101.11320715484766,100.84974318276117,101.86842745733452,100.0,0.0,1.4540413341831275,0.2823940592424231,0.005312963819480674,-0.0037206336619062938,74.13683722595654,0.0
454,100.91595394895411,101.86842745733452,0.009816584244601492,101.1532027911346,101.11320715484766,100.84974318276117,101.86842745733452,100.0,0.0,1.4540413341831275,0.2823940592424231,0.005312963819480674,-0.0037206336619062938,74.13683722595654,0.0
455,101.11890651632672,101.86842745733452,0.009816584244601492,101.1532027911346,101.11320715484766,100.84974318276117,101.86842745733452,100.0,0.0,1.4540413341831275,0.2823940592424231,0.005312963819480674,-0.0037206336619062938,74.13683722595654,0.0
456,101.05622610533418,101.86842745733452,0.009816584244601492,101.1532027911346,101.11320715484766,100.84974318276117,101.86842745733452,100.0,0.0,1.4540413341831275,0.2823940592424231,0.005312963819480674,-0.0037206336619062938,74.13683722595654,0.0
457,101.27606904019501,101.86842745733452,0.009816584244601492,101.1532027911346,101.11320715484766,100.84974318276117,101.86842745733452,100.0,0.0,1.4540413341831275,0.2823940592424231,0.005312963819480674,-0.0037206336619062938,74.13683722595654,0.0
458,101.32913915460477,101.86842745733452,0.009816584244601492,101.17588173862451,101.11320715484766,100.84974318276117,101.86842745733452,100.0,0.0,1.4540413341831275,0.2823940592424231,0.005312963819480674,-0.0037206336619062938,74.13683722595654,0.0
459,101.54714105586575,101.58027033630547,0.009844431371261998,101.25547009358095,100.97174770954761,100.56446763294242,101.58027033630547,100.0,0.0,1.3510513607818109,0.35415465331818086,0.00535470046758066,-0.003004278271965161,59.90559236977888,0.0
460,101.47695843030095,101.58027033630547,0.009844431371261998,101.25547009358095,100.97174770954761,100.56446763294242,101.58027033630547,100.0,0.0,1.3510513607818109,0.35415465331818086,0.00535470046758066,-0.003004278271965161,59.90559236977888,0.0
461,101.49299163425125,101.35180377803528,0.009866622622622901,100.64020635933288,100.97472664226915,99.05285640803753,103.13045154699869,100.0,0.0,1.282967251919266,0.3187391879863628,0.005257063398926969,-0.0018637058372068316,37.2047779822382,0.0
462,101.53500472205964,101.53500472205965,0.009848820145696399,101.23039970789345,101.11619026099571,100.51965467483905,101.53500472205964,100.0,0.0,1.260329871765725,0.38686526918772657,0.005189641127303374,-0.0020666764935630137,41.24828301435457,0.0
463,101.58355398222017,103.4565952927097,0.009665889324607104,103.14622550683157,101.25492532800821,100.56771844239799,101.5835539822202,100.0,0.0,1.6961539184636858,0.2588680415345478,0.005547327111636776,-0.010754988082867336,212.81098208115966,0.0
464,101.6120326392673,102.63841680734072,0.009742940617225887,101.91778599725907,101.39678149961772,101.6120326392673,102.6384168073407,100.0,0.0,1.640461604986591,0.33298123738109303,0.005944744212291052,-0.006085397607990338,120.97179071396069,0.0
465,101.69269628918595,102.63841680734072,0.009742940617225887,101.91778599725907,101.39678149961772,101.6120326392673,102.6384168073407,100.0,0.0,1.640461604986591,0.33298123738109303,0.005944744212291052,-0.006085397607990338,120.97179071396069,0.0
466,101.69721914280827,102.63841680734072,0.009742940617225887,101.91778599725907,101.39678149961772,101.6120326392673,102.6384168073407,100.0,0.0,1.640461604986591,0.33298123738109303,0.005944744212291052,-0.006085397607990338,120.97179071396069,0.0
467,101.58512850166196,101.44351927561053,0.00985770216905738,100.73127791660427,101.54328875654386,101.58512850166194,102.61124091076964,100.0,0.0,1.4693285810717112,0.3037591663686676,0.005874812562267944,0.0004915072161612479,0.0,9.825315109945887
468,101.7291930286007,101.72919302860072,0.009830019979799254,101.42400544951494,101.484109714332,100.7119010983147,101.7291930286007,100.0,0.0,1.4317822945859744,0.3733832497318009,0.00566704864482233,-0.0012060397176789884,24.091738759767225,0.0
469,101.7657022256013,101.76570222560129,0.009826493387557337,101.4604051189245,101.520530954329,100.74804520334526,101.76570222560127,100.0,0.0,1.3972397110190966,0.4360449247586209,0.005471750562423413,-0.0012060397176786258,24.09173875975945,0.0
470,101.68264535605854,102.24170199895836,0.009780744847246265,101.93497689296153,101.66212803571544,101.07469414752251,102.09565065406314,100.0,0.0,1.4830592166273038,0.3742547285348967,0.005245030241877156,-0.0028423888023307894,56.68665054586186,0.0
471,101.64690510818588,102.24170199895836,0.009780744847246265,101.93497689296153,101.66212803571544,101.07469414752251,102.09565065406314,100.0,0.0,1.4830592166273038,0.3742547285348967,0.005245030241877156,-0.0028423888023307894,56.68665054586186,0.0
472,101.60118505161252,102.33970753331944,0.009771378325215784,101.98826427994678,101.65978001164488,99.58629987909478,103.62154911047125,100.0,0.0,1.4044144792971196,0.33682925568140704,0.0053302882787935185,-0.0033329864200011003,66.4382904800842,0.0
473,101.55689257592448,102.39742835050279,0.009765870257766976,102.09023606545126,101.80220337675428,101.37345406699775,102.39742835050278,100.0,0.0,1.37206132095335,0.4031463301132664,0.0053602620103139435,-0.0029149169795934047,58.12889867810589,0.0
474,101.4304550920778,102.39742835050279,0.009765870257766976,101.73566207831276,101.80220337675428,101.37345406699775,102.39742835050278,100.0,0.0,1.37206132095335,0.4031463301132664,0.0053602620103139435,-0.0029149169795934047,58.12889867810589,0.0
475,101.38748029596287,102.39742835050279,0.009765870257766976,101.90856655051836,101.80220337675428,101.37345406699775,102.39742835050278,100.0,0.0,1.37206132095335,0.4031463301132664,0.0053602620103139435,-0.0029149169795934047,58.12889867810589,0.0
476,101.45131880084425,102.32467283416752,0.009772814046722145,101.60624484034683,101.65978001164488,101.30142610582583,102.3246728341675,100.0,0.0,1.2889630819437488,0.4628316971019397,0.005429790909581419,-0.003259526955346961,64.97873915513819,0.0
477,101.39003933712192,102.32467283416752,0.009772814046722145,101.60624484034683,101.65978001164488,101.30142610582583,102.3246728341675,100.0,0.0,1.2889630819437488,0.4628316971019397,0.005429790909581419,-0.003259526955346961,64.97873915513819,0.0
478,101.39093320135734,102.32467283416752,0.009772814046722145,101.60624484034683,101.65978001164488,101.30142610582583,102.3246728341675,100.0,0.0,1.2889630819437488,0.4628316971019397,0.005429790909581419,-0.003259526955346961,64.97873915513819,0.0
479,101.41688464721436,102.32467283416752,0.009772814046722145,101.60624484034683,101.65978001164488,101.30142610582583,102.3246728341675,100.0,0.0,1.2889630819437488,0.4628316971019397,0.005429790909581419,-0.003259526955346961,64.97873915513819,0.0
480,101.58551239311525,102.32467283416752,0.009772814046722145,101.60624484034683,101.65978001164488,101.30142610582583,102.3246728341675,100.0,0.0,1.2889630819437488,0.4628316971019397,0.005429790909581419,-0.003259526955346961,64.97873915513819,0.0
481,101.60463814687535,102.00774702680712,0.009803177005146532,101.29154418910635,101.66433622776925,98.87117360647696,104.83981231142359,100.0,0.0,1.201846035388249,0.41654852739174575,0.005306335234000025,-0.0016860965604628966,33.6651684844691,0.0
482,101.51047905418099,102.05483319513003,0.009798654004832758,101.74866869554464,101.80676597604841,101.03428486317873,102.05483319513003,100.0,0.0,1.1856983525571891,0.47489367465257115,0.005133976151401878,-0.0012168413280881536,24.30724849721844,0.0
483,101.40925351940864,102.04829458683088,0.009799281840512482,101.33180706214903,101.79885136534575,100.0021775273747,103.10812567934735,100.0,0.0,1.1708424843526142,0.42740430718731404,0.004972778988308174,-0.0012236777724797712,24.443644305379706,0.0
484,101.39692105641969,101.95774686168785,0.009807984491424308,101.24189507830589,101.791174780847,99.01252953096387,104.13870989404849,100.0,0.0,1.1571750856044052,0.38466387646858263,0.004772516592301443,-0.0008175360119603854,16.337363855915,0.0
485,101.30942999647337,101.95774686168785,0.009807984491424308,101.24189507830589,101.791174780847,99.01252953096387,104.13870989404849,100.0,0.0,1.1571750856044052,0.38466387646858263,0.004772516592301443,-0.0008175360119603854,16.337363855915,0.0
486,101.22123140149472,101.95774686168785,0.009807984491424308,101.63811753965734,101.791174780847,99.01252953096387,104.13870989404849,100.0,0.0,1.1571750856044052,0.38466387646858263,0.004772516592301443,-0.0008175360119603854,16.337363855915,0.0
487,101.07756937910219,101.87248539492464,0.009816193215698462,101.15723223768845,101.78372904698044,97.3890635637923,105.87469179172223,100.0,0.0,1.0912677454227195,0.34619748882172435,0.004538463349899976,-0.0004358145818797367,8.7124946054018,0.0
488,101.19766637642388,101.87248539492464,0.009816193215698462,101.15723223768845,101.78372904698044,97.3890635637923,105.87469179172223,100.0,0.0,1.0912677454227195,0.34619748882172435,0.004538463349899976,-0.0004358145818797367,8.7124946054018,0.0
489,101.1527202204988,101.31503565695758,0.009870203307097463,100.99596594214012,101.77650720550102,96.14689783980954,107.2425353325511,0.0,80.34165704976334,1.043966325788902,0.3115777399395519,0.004538824121654022,0.0022722341956699934,0.0,45.34165704976334
490,101.13634610677623,100.90815129339535,0.009910002186963583,100.99596594214012,101.76483220829712,95.27805959158617,108.0104627655973,0.0,100.0,1.229550235386116,0.2131191741186535,0.004614953275777441,0.004226912241091173,0.0,84.18241314919861
491,101.0712694011319,100.72428373239055,0.009928092441509452,100.99596594214012,101.74329368758558,94.68082670844711,107.84620278417574,0.0,100.0,1.211186216555227,0.19180725670678817,0.004942015630106194,0.005032953760696728,0.0,100.15499973138442
492,101.05766490403906,100.72428373239055,0.009928092441509452,100.99596594214012,101.74329368758558,94.68082670844711,107.84620278417574,0.0,100.0,1.211186216555227,0.19180725670678817,0.004942015630106194,0.005032953760696728,0.0,100.15499973138442
493,101.02459706740312,100.72428373239055,0.009928092441509452,100.99596594214012,101.74329368758558,94.68082670844711,107.84620278417574,0.0,100.0,1.211186216555227,0.19180725670678817,0.004942015630106194,0.005032953760696728,0.0,100.15499973138442
494,100.91631879841975,100.72428373239055,0.009928092441509452,100.99596594214012,101.74329368758558,94.68082670844711,107.84620278417574,0.0,100.0,1.211186216555227,0.19180725670678817,0.004942015630106194,0.005032953760696728,0.0,100.15499973138442
495,101.01838537729704,100.72428373239055,0.009928092441509452,100.99596594214012,101.74329368758558,94.68082670844711,107.84620278417574,0.0,100.0,1.211186216555227,0.19180725670678817,0.004942015630106194,0.005032953760696728,0.0,100.15499973138442
496,100.97784906606472,100.72428373239055,0.009928092441509452,100.99596594214012,101.74329368758558,94.68082670844711,107.84620278417574,0.0,100.0,1.211186216555227,0.19180725670678817,0.004942015630106194,0.005032953760696728,0.0,100.15499973138442
497,100.86756673364758,100.46099696312795,0.009954111846680443,100.76328682359873,101.71441867403539,94.43333714534027,107.56429977870266,0.0,100.0,1.1276246525641422,0.17262653103610937,0.0053894651297439105,0.006199674213391503,0.0,123.22950150501998
498,100.81326110914799,98.85645623276929,0.010115677196089055,99.15391798672945,101.6701567298875,94.36537518459521,105.84630667347015,0.0,100.0,1.2895834506800286,0.1180765472286988,0.006327270300483252,0.014031556487927069,0.0,276.7479256074634
499,100.77779110687653,99.77001319580776,0.010023051696278807,100.47545773355591,101.62245139658218,93.78381240405929,106.82445857328914,0.0,100.0,1.2664167746256263,0.10626889250582892,0.007051443273898214,0.009198150509373157,0.0,182.28631324246126
500,100.93146174520913,99.92214712775704,0.010007791353016406,100.53507577817197,101.58084181992255,93.92681830009161,106.98734944992168,0.0,100.0,1.2451034326555763,0.09564200325524604,0.0076161725901328645,0.008231613341458681,0.0,163.28814198113827
501,100.75464906047691,99.92214712775704,0.010007791353016406,100.53507577817197,101.58084181992255,93.92681830009161,106.98734944992168,0.0,100.0,1.2451034326555763,0.09564200325524604,0.0076161725901328645,0.008231613341458681,0.0,163.28814198113827
502,100.79124188502068,99.92214712775704,0.010007791353016406,100.53507577817197,101.58084181992255,93.92681830009161,106.98734944992168,0.0,100.0,1.2451034326555763,0.09564200325524604,0.0076161725901328645,0.008231613341458681,0.0,163.28814198113827
503,100.81914199302514,99.92214712775704,0.010007791353016406,100.53507577817197,101.58084181992255,93.92681830009161,106.98734944992168,0.0,100.0,1.2451034326555763,0.09564200325524604,0.0076161725901328645,0.008231613341458681,0.0,163.28814198113827
504,100.9035215282927,99.92214712775704,0.010007791353016406,100.60081096370783,101.58084181992255,93.92681830009161,106.98734944992168,0.0,100.0,1.2451034326555763,0.09564200325524604,0.0076161725901328645,0.008231613341458681,0.0,163.28814198113827
505,100.84661361366456,99.92214712775704,0.010007791353016406,100.60081096370783,101.58084181992255,93.92681830009161,106.98734944992168,0.0,100.0,1.2451034326555763,0.09564200325524604,0.0076161725901328645,0.008231613341458681,0.0,163.28814198113827
506,100.80389006773261,99.92214712775704,0.010007791353016406,100.60081096370783,101.58084181992255,93.92681830009161,106.98734944992168,0.0,100.0,1.2451034326555763,0.09564200325524604,0.0076161725901328645,0.008231613341458681,0.0,163.28814198113827
507,100.78591296549851,100.19727085882234,0.009980311753291136,100.90573641034936,101.43126610342969,100.00640063313982,101.01656629610083,0.0,100.0,1.1318290804164988,0.14141913022658828,0.007898914191009899,0.006120141837057428,0.0,121.65827086778603
508,100.70892976474227,100.19727085882234,0.009980311753291136,100.90573641034936,101.43126610342969,100.00640063313982,101.01656629610083,0.0,100.0,1.1318290804164988,0.14141913022658828,0.007898914191009899,0.006120141837057428,0.0,121.65827086778603
509,100.62776370013825,100.19727085882234,0.009980311753291136,100.90573641034936,101.43126610342969,100.00640063313982,101.01656629610083,0.0,100.0,1.1318290804164988,0.14141913022658828,0.007898914191009899,0.006120141837057428,0.0,121.65827086778603
510,100.68914314945431,100.19727085882234,0.009980311753291136,100.90573641034936,101.43126610342969,100.00640063313982,101.01656629610083,0.0,100.0,1.1318290804164988,0.14141913022658828,0.007898914191009899,0.006120141837057428,0.0,121.65827086778603
511,100.56948124782268,100.19727085882234,0.009980311753291136,100.87209754044405,101.43126610342969,100.00640063313982,101.01656629610083,0.0,100.0,1.1318290804164988,0.14141913022658828,0.007898914191009899,0.006120141837057428,0.0,121.65827086778603
512,100.55045075811246,100.19727085882234,0.009980311753291136,100.85300978747489,101.43126610342969,100.00640063313982,101.01656629610083,0.0,100.0,1.1318290804164988,0.14141913022658828,0.007898914191009899,0.006120141837057428,0.0,121.65827086778603
513,100.50713522188728,100.19727085882234,0.009980311753291136,100.80956391362817,101.43126610342969,100.00640063313982,101.01656629610083,0.0,100.0,1.1318290804164988,0.14141913022658828,0.007898914191009899,0.006120141837057428,0.0,121.65827086778603
514,100.59537507488446,100.19727085882234,0.009980311753291136,100.66490693927622,101.43126610342969,100.00640063313982,101.01656629610083,0.0,100.0,1.1318290804164988,0.14141913022658828,0.007898914191009899,0.006120141837057428,0.0,121.65827086778603
515,100.63238550511343,102.99785110149277,0.009708940422597873,103.72611873554372,101.42219471668722,96.8179800354032,105.63265246609049,100.0,0.0,1.0512827539831788,0.12727721720392945,0.008349949833932882,-0.007707934799148848,152.97953966563082,0.0
516,100.60384482506947,101.62004527784796,0.009840578177915739,100.90656451862536,101.41339624669362,95.21455526336598,107.41151927097799,100.0,0.0,1.0471801336645246,0.11454949548353652,0.007971089828402044,-0.001017807852749027,20.335459464648764,0.0
517,100.54454206063,101.56014349558585,0.009846382306888562,100.84708331056167,101.27151683071307,100.54454206063,101.56014349558585,100.0,0.0,1.0434057229713627,0.2030945459351829,0.0076635829046421975,-0.0014229862557377424,28.41928486299605,0.0
518,100.55970955882434,101.38461158803491,0.009863429807902098,100.67278382362545,101.26489634020609,99.01522914841935,103.12876319327853,100.0,0.0,1.0399332651336537,0.1827850913416646,0.007274657968822103,-0.0005907502517658005,11.808029438952206,0.0
519,100.37081467216235,101.38461158803491,0.009863429807902098,100.67278382362545,101.26489634020609,99.01522914841935,103.12876319327853,100.0,0.0,1.0399332651336537,0.1827850913416646,0.007274657968822103,-0.0005907502517658005,11.808029438952206,0.0
520,100.47081109444444,101.38461158803491,0.009863429807902098,100.67278382362545,101.26489634020609,99.01522914841935,103.12876319327853,100.0,0.0,1.0399332651336537,0.1827850913416646,0.007274657968822103,-0.0005907502517658005,11.808029438952206,0.0
521,100.40138222630539,101.38461158803491,0.009863429807902098,100.82851432349564,101.26489634020609,99.01522914841935,103.12876319327853,100.0,0.0,1.0399332651336537,0.1827850913416646,0.007274657968822103,-0.0005907502517658005,11.808029438952206,0.0
522,100.37611791125106,101.8598091726065,0.009817414818689188,101.1446450159282,101.25516628857012,96.1755373860801,106.17375682949371,100.0,0.0,1.2425877666267298,0.09501900188305093,0.006440850546951798,-0.002976850341357351,59.360300097538456,0.0
523,100.40187702916349,101.29978060059675,0.009871689692426728,100.58854843991055,101.24611101126027,94.94457830619316,107.37776743663255,100.0,0.0,1.3720809813313413,0.06499299728800684,0.005800371436492436,-0.0002649749590543101,5.298095318496676,0.0
524,100.30784037459061,99.5262246729024,0.010047603064283277,99.76407974265732,101.19777418238235,93.84951472240007,106.4976512662981,0.0,100.0,1.4650053122033704,0.04445521014499668,0.0060377732885488426,0.008327601676992674,0.0,165.17650936347826
525,100.37169379124987,99.55138375379127,0.010045063788095426,100.18988693906591,101.05619642608079,99.55138375379127,100.55695328665784,0.0,100.0,1.427804887227101,0.14000968913049702,0.00657567680309658,0.0075012752306779186,0.0,148.90850096364372
526,100.33893025549713,99.6908230339135,0.010031013583465082,100.39570764122404,100.90894763179298,99.68163963528686,100.68852488412814,0.0,100.0,1.5049927870741677,0.17176662736525997,0.006868069842344606,0.006072412714316834,0.0,120.71522163964121
527,100.3898015177715,99.70749966065826,0.01002933584136973,100.05223748442212,100.76777394974427,99.70749966065824,100.71464612187701,0.0,100.0,1.4645933641082345,0.25458996462873396,0.007090647965588608,0.005288803302229334,0.0,105.21958038041123
528,100.25305286507268,99.70749966065826,0.01002933584136973,100.05223748442212,100.76777394974427,99.70749966065824,100.71464612187701,0.0,100.0,1.4645933641082345,0.25458996462873396,0.007090647965588608,0.005288803302229334,0.0,105.21958038041123
529,100.2109860164367,99.70749966065826,0.01002933584136973,100.05223748442212,100.76777394974427,99.70749966065824,100.71464612187701,0.0,100.0,1.4645933641082345,0.25458996462873396,0.007090647965588608,0.005288803302229334,0.0,105.21958038041123
530,100.0154327507636,99.04023906804451,0.010096906160666283,99.33825382953313,100.74664880914384,97.28824513324301,103.21910453073896,0.0,100.0,1.3431255314174027,0.17413953580605404,0.007576112610672352,0.008541149818341812,0.0,169.3763277756255
531,99.9960773962218,99.04023906804451,0.010096906160666283,99.56967888842296,100.74664880914384,97.28824513324301,103.21910453073896,0.0,100.0,1.3431255314174027,0.17413953580605404,0.007576112610672352,0.008541149818341812,0.0,169.3763277756255
532,99.85563160739649,99.04023906804451,0.010096906160666283,99.51495160704093,100.74664880914384,97.28824513324301,103.21910453073896,0.0,100.0,1.3431255314174027,0.17413953580605404,0.007576112610672352,0.008541149818341812,0.0,169.3763277756255
533,99.88229997733706,98.62992036443774,0.010138911157030223,98.92670046583522,100.7253579274213,94.76818459637921,105.60375311747879,0.0,100.0,1.262342155570677,0.15672558222544863,0.008382920876072987,0.010511071394436917,0.0,208.03475967724583
534,99.98789374919261,98.98801481170068,0.01010223310268666,99.68793006794502,100.68486051749076,93.19256144242783,105.98716737414416,0.0,100.0,1.2413547831250231,0.1410530240029038,0.008899745565268978,0.008498128266007935,0.0,168.530372597111
535,100.04585018814306,98.91930161819779,0.010109250506637564,99.21695247562462,100.53596354886754,99.04539168626164,100.04585018814306,0.0,100.0,1.3711961923705167,0.1724802684179862,0.009197119023824746,0.008105386084020543,0.0,160.80434041734094
536,99.95378498395824,98.95424713411867,0.010105680442847891,99.65392362900637,100.39531167918105,98.95424713411867,99.95378498395826,0.0,100.0,1.3415004969808755,0.2552322415761876,0.009512766878091912,0.007228832376860143,0.0,143.539027964511
537,99.88084941730257,99.54900466388388,0.01004530385187063,100.25288651504265,100.3122967701699,99.54900466388388,100.55455016553927,0.0,100.0,1.3141804572224056,0.32970901741856884,0.009400296180326038,0.0038191090561765406,0.0,76.09157908474829
538,99.88505004483798,99.5405141726759,0.010046160684535649,99.84003427550243,100.17195781488239,99.54051417267588,100.54597391179382,0.0,100.0,1.2890460206446133,0.396738115676712,0.009215691316509978,0.0031617636891792572,0.0,63.0359689458615
539,100.01820248442701,99.70368358077614,0.010029719706291875,100.40865912124627,100.31229677016991,99.70368358077613,100.71079149573346,0.0,100.0,1.2659223389930443,0.45706430410904086,0.009027889702847942,0.0030428228200862183,0.0,60.67184273411685
540,100.0360702940463,99.70368358077614,0.010029719706291875,100.33708153866226,100.31229677016991,99.70368358077613,100.71079149573346,0.0,100.0,1.2659223389930443,0.45706430410904086,0.009027889702847942,0.0030428228200862183,0.0,60.67184273411685
541,100.193785756607,99.70368358077614,0.010029719706291875,100.33708153866226,100.31229677016991,99.70368358077613,100.71079149573346,0.0,100.0,1.2659223389930443,0.45706430410904086,0.009027889702847942,0.0030428228200862183,0.0,60.67184273411685
542,100.14562919445858,99.70368358077614,0.010029719706291875,100.33708153866226,100.31229677016991,99.70368358077613,100.71079149573346,0.0,100.0,1.2659223389930443,0.45706430410904086,0.009027889702847942,0.0030428228200862183,0.0,60.67184273411685
543,100.1936959783551,99.70368358077614,0.010029719706291875,100.33708153866226,100.31229677016991,99.70368358077613,100.71079149573346,0.0,100.0,1.2659223389930443,0.45706430410904086,0.009027889702847942,0.0030428228200862183,0.0,60.67184273411685
544,100.1918303340588,99.79266386012017,0.010020776691578295,100.49826855408061,100.4528323375912,99.79266386012017,100.80067056577795,0.0,100.0,1.1806485518736007,0.5113578736981368,0.008881833229990053,0.0032967956333920345,0.0,65.71924973229338
545,100.26312447899777,99.79266386012017,0.010020776691578295,100.49826855408061,100.4528323375912,99.79266386012017,100.80067056577795,0.0,100.0,1.1806485518736007,0.5113578736981368,0.008881833229990053,0.0032967956333920345,0.0,65.71924973229338
546,100.03923922642697,99.79266386012017,0.010020776691578295,100.4612664166631,100.4528323375912,99.79266386012017,100.80067056577795,0.0,100.0,1.1806485518736007,0.5113578736981368,0.008881833229990053,0.0032967956333920345,0.0,65.71924973229338
547,100.02376242507167,99.79266386012017,0.010020776691578295,100.32473663497659,100.4528323375912,99.79266386012017,100.80067056577795,0.0,100.0,1.1806485518736007,0.5113578736981368,0.008881833229990053,0.0032967956333920345,0.0,65.71924973229338
548,99.89636940328089,99.79266386012017,0.010020776691578295,100.19696028413328,100.4528323375912,99.79266386012017,100.80067056577795,0.0,100.0,1.1806485518736007,0.5113578736981368,0.008881833229990053,0.0032967956333920345,0.0,65.71924973229338
549,100.00593691591234,99.79266386012017,0.010020776691578295,100.25833339843771,100.4528323375912,99.79266386012017,100.80067056577795,0.0,100.0,1.1806485518736007,0.5113578736981368,0.008881833229990053,0.0032967956333920345,0.0,65.71924973229338
550,100.02648508545548,99.79266386012017,0.010020776691578295,100.25833339843771,100.4528323375912,99.79266386012017,100.80067056577795,0.0,100.0,1.1806485518736007,0.5113578736981368,0.008881833229990053,0.0032967956333920345,0.0,65.71924973229338
551,99.98844901960375,99.79266386012017,0.010020776691578295,100.31721070726697,100.4528323375912,99.79266386012017,100.80067056577795,0.0,100.0,1.1806485518736007,0.5113578736981368,0.008881833229990053,0.0032967956333920345,0.0,65.71924973229338
552,99.96018438191376,99.79266386012017,0.010020776691578295,100.26096728376505,100.4528323375912,99.79266386012017,100.80067056577795,0.0,100.0,1.1806485518736007,0.5113578736981368,0.008881833229990053,0.0032967956333920345,0.0,65.71924973229338
553,99.97532127122385,99.79266386012017,0.010020776691578295,100.22608068203898,100.4528323375912,99.79266386012017,100.80067056577795,0.0,100.0,1.1806485518736007,0.5113578736981368,0.008881833229990053,0.0032967956333920345,0.0,65.71924973229338
554,100.12416174478834,99.79266386012017,0.010020776691578295,100.1040647432566,100.4528323375912,99.79266386012017,100.80067056577795,0.0,100.0,1.1806485518736007,0.5113578736981368,0.008881833229990053,0.0032967956333920345,0.0,65.71924973229338
555,100.21904182606082,99.59695725372404,0.01004046737544895,99.89664719531,100.44310872005217,94.08317727636707,106.63916635247223,0.0,100.0,1.0709061280972232,0.34976878560952557,0.008535872141810362,0.004229909954334017,0.0,84.24186358931274
556,100.29803467296408,99.59695725372404,0.01004046737544895,99.99714056894518,100.44310872005217,94.08317727636707,106.63916635247223,0.0,100.0,1.0709061280972232,0.34976878560952557,0.008535872141810362,0.004229909954334017,0.0,84.24186358931274
557,100.30980445009085,99.59695725372404,0.01004046737544895,100.00887503674058,100.44310872005217,94.08317727636707,106.63916635247223,0.0,100.0,1.0709061280972232,0.34976878560952557,0.008535872141810362,0.004229909954334017,0.0,84.24186358931274
558,100.07639182352872,99.2840996801786,0.01007210624079057,99.58284822485317,100.4178480529752,93.32705369936788,106.30418753635286,0.0,100.0,1.0119003045161121,0.314791907048573,0.008704991418135983,0.005677202379175305,0.0,112.90307398327259
559,100.14939670787251,99.91626649497192,0.010008380367678399,100.62274514695658,100.35155389694398,99.59004495509163,100.59600500514306,0.0,100.0,1.2065396585207622,0.291317664421224,0.008252939804635245,0.0021735264363501863,0.0,43.37624930243478
560,100.08999893007771,99.84535515884407,0.010015488436183126,100.14579253645344,100.21116002013302,99.84535515884409,100.8538940998425,0.0,100.0,1.1900164858391014,0.3621858979791016,0.007977184574610156,0.001828507614269277,0.0,36.50340553042586
561,100.11633170170647,99.84535515884407,0.010015488436183126,100.14579253645344,100.21116002013302,99.84535515884409,100.8538940998425,0.0,100.0,1.1900164858391014,0.3621858979791016,0.007977184574610156,0.001828507614269277,0.0,36.50340553042586
562,100.09442420618248,99.84535515884407,0.010015488436183126,100.39529144691768,100.21116002013302,99.84535515884409,100.8538940998425,0.0,100.0,1.1900164858391014,0.3621858979791016,0.007977184574610156,0.001828507614269277,0.0,36.50340553042586
563,100.07810278599992,99.76577616344485,0.010023477373259886,100.065974085702,100.07096255722779,99.76577616344487,100.77351127620695,0.0,100.0,1.1214818336386398,0.42596730818119144,0.007681815076356115,0.0015271786145865261,0.0,30.49699792868399
564,100.06295081780611,99.2595514055098,0.01007459721346767,99.55822608376107,99.9323893484418,99.60782803662697,100.61396771376462,0.0,100.0,1.285175363819088,0.367361638795935,0.00717299132866558,0.003377837177474539,0.0,67.32931608249393
565,100.07307954460099,99.24436401678781,0.01007613893148475,99.54299299577512,99.79258189140913,99.24436401678781,100.24683234018971,0.0,100.0,1.262361334713561,0.4306254749163415,0.007073134963719047,0.0027543523244883687,0.0,54.935734122789626
566,100.21186604505041,99.24436401678781,0.01007613893148475,99.91123044691527,99.79258189140913,99.24436401678781,100.24683234018971,0.0,100.0,1.262361334713561,0.4306254749163415,0.007073134963719047,0.0027543523244883687,0.0,54.935734122789626
567,100.38193253084088,99.37811320553246,0.01006257784278731,100.08078673324836,99.93238934844182,99.37811320553247,100.38193253084088,0.0,100.0,1.2013724279364761,0.4875629274247074,0.006982463894169265,0.0027809680664432138,0.0,55.46511461631432
568,100.32881498910665,99.37811320553246,0.01006257784278731,99.76608905139429,99.93238934844182,99.37811320553247,100.38193253084088,0.0,100.0,1.2013724279364761,0.4875629274247074,0.006982463894169265,0.0027809680664432138,0.0,55.46511461631432
569,100.44287513342888,99.44840014631203,0.010055465935387241,100.15157065239704,100.07132802089721,99.4384463820946,100.44287513342888,0.0,100.0,1.2013048542872153,0.40949304235849987,0.006715457455639365,0.003122136744608779,0.0,62.24838691609058
570,100.47936390080791,99.50668634475564,0.01004957593035861,100.21026897547613,100.20963722054232,99.47457026179984,100.47936390080793,0.0,100.0,1.3424563634365059,0.35609324097321393,0.0065612621924478216,0.003519746724943373,0.0,70.1480311958047
571,100.42212587416958,99.49402328045389,0.010050854986346253,99.79340349092668,100.06944188806486,99.49402328045387,100.49901341459987,0.0,100.0,1.3150598543615855,0.4204839168758926,0.006513593803554008,0.0028833865313226035,0.0,57.501930334999955
572,100.32984336435432,99.49402328045389,0.010050854986346253,99.97718243113842,100.06944188806486,99.49402328045387,100.49901341459987,0.0,100.0,1.3150598543615855,0.4204839168758926,0.006513593803554008,0.0028833865313226035,0.0,57.501930334999955
573,100.49560081446086,99.49402328045389,0.010050854986346253,100.1941140120175,100.06944188806486,99.49402328045387,100.49901341459987,0.0,100.0,1.3150598543615855,0.4204839168758926,0.006513593803554008,0.0028833865313226035,0.0,57.501930334999955
574,100.45107671232249,99.49402328045389,0.010050854986346253,100.16400213085494,100.06944188806486,99.49402328045387,100.49901341459987,0.0,100.0,1.3150598543615855,0.4204839168758926,0.006513593803554008,0.0028833865313226035,0.0,57.501930334999955
575,100.40751127797174,99.49402328045389,0.010050854986346253,100.16400213085494,100.06944188806486,99.49402328045387,100.49901341459987,0.0,100.0,1.3150598543615855,0.4204839168758926,0.006513593803554008,0.0028833865313226035,0.0,57.501930334999955
576,100.4484086069722,99.49402328045389,0.010050854986346253,100.16400213085494,100.06944188806486,99.49402328045387,100.49901341459987,0.0,100.0,1.3150598543615855,0.4204839168758926,0.006513593803554008,0.0028833865313226035,0.0,57.501930334999955
577,100.44023872514875,99.49402328045389,0.010050854986346253,100.16400213085494,100.06944188806486,99.49402328045387,100.49901341459987,0.0,100.0,1.3150598543615855,0.4204839168758926,0.006513593803554008,0.0028833865313226035,0.0,57.501930334999955
578,100.36988738828475,99.49402328045389,0.010050854986346253,99.86976795137235,100.06944188806486,99.49402328045387,100.49901341459987,0.0,100.0,1.3150598543615855,0.4204839168758926,0.006513593803554008,0.0028833865313226035,0.0,57.501930334999955
579,100.28285108303692,99.97762277855708,0.01000223822299641,100.68453526284988,100.06721550449241,95.89473927653293,104.27111284489182,0.0,100.0,1.2198550660126586,0.37843552518830337,0.006176521765644534,0.00044786322258696856,0.0,8.953254618274675
580,100.11473434033184,99.97762277855708,0.01000223822299641,100.41598228719342,100.06721550449241,95.89473927653293,104.27111284489182,0.0,100.0,1.2198550660126586,0.37843552518830337,0.006176521765644534,0.00044786322258696856,0.0,8.953254618274675
581,100.10511696850168,99.97762277855708,0.01000223822299641,100.40633597643095,100.06721550449241,95.89473927653293,104.27111284489182,0.0,100.0,1.2198550660126586,0.37843552518830337,0.006176521765644534,0.00044786322258696856,0.0,8.953254618274675
582,100.04175911610285,99.22006827646263,0.010078606247414003,99.51862414890935,100.06095699650258,93.86476019767781,106.23562865964686,0.0,100.0,1.1489333273983127,0.34059197266947305,0.006312286973871236,0.004219612574193444,0.0,84.03764517956213
583,99.9968897924165,99.22006827646263,0.010078606247414003,99.69689912303924,100.06095699650258,93.86476019767781,106.23562865964686,0.0,100.0,1.1489333273983127,0.34059197266947305,0.006312286973871236,0.004219612574193444,0.0,84.03764517956213
584,99.95740071176493,99.22006827646263,0.010078606247414003,99.69689912303924,100.06095699650258,93.86476019767781,106.23562865964686,0.0,100.0,1.1489333273983127,0.34059197266947305,0.006312286973871236,0.004219612574193444,0.0,84.03764517956213
585,99.98568639433353,99.22006827646263,0.010078606247414003,99.70693282625972,100.06095699650258,93.86476019767781,106.23562865964686,0.0,100.0,1.1489333273983127,0.34059197266947305,0.006312286973871236,0.004219612574193444,0.0,84.03764517956213
586,99.95033023078125,99.54394364373864,0.010045814575911676,100.24778970990646,100.20114044181278,99.54394364373864,100.54943802397842,0.0,100.0,1.0770186612064476,0.40653277540252575,0.006328372490151374,0.0032901775835077317,0.0,65.58775630460812
587,100.03212682758857,99.54394364373864,0.010045814575911676,100.24778970990646,100.20114044181278,99.54394364373864,100.54943802397842,0.0,100.0,1.0770186612064476,0.40653277540252575,0.006328372490151374,0.0032901775835077317,0.0,65.58775630460812
588,100.14774415316015,99.65082030899303,0.010035040322791547,100.35542206875358,100.34152028139032,99.65082030899303,100.65739425150811,0.0,100.0,1.030857168309932,0.46587949786227323,0.006363107643600552,0.0034536321259020066,0.0,68.83491205438519
589,100.17973778054066,99.65082030899303,0.010035040322791547,100.30458000632689,100.34152028139032,99.65082030899303,100.65739425150811,0.0,100.0,1.030857168309932,0.46587949786227323,0.006363107643600552,0.0034536321259020066,0.0,68.83491205438519
590,100.20755260874981,99.65082030899303,0.010035040322791547,100.2066651186209,100.34152028139032,99.65082030899303,100.65739425150811,0.0,100.0,1.030857168309932,0.46587949786227323,0.006363107643600552,0.0034536321259020066,0.0,68.83491205438519
591,100.18212025749492,99.65082030899303,0.010035040322791547,100.2066651186209,100.34152028139032,99.65082030899303,100.65739425150811,0.0,100.0,1.030857168309932,0.46587949786227323,0.006363107643600552,0.0034536321259020066,0.0,68.83491205438519
592,100.24906239593547,99.65082030899303,0.010035040322791547,100.2066651186209,100.34152028139032,99.65082030899303,100.65739425150811,0.0,100.0,1.030857168309932,0.46587949786227323,0.006363107643600552,0.0034536321259020066,0.0,68.83491205438519
593,100.27463979225966,99.65082030899303,0.010035040322791547,100.2066651186209,100.34152028139032,99.65082030899303,100.65739425150811,0.0,100.0,1.030857168309932,0.46587949786227323,0.006363107643600552,0.0034536321259020066,0.0,68.83491205438519
594,100.32835226827659,99.65082030899303,0.010035040322791547,100.17402682080439,100.34152028139032,99.65082030899303,100.65739425150811,0.0,100.0,1.030857168309932,0.46587949786227323,0.006363107643600552,0.0034536321259020066,0.0,68.83491205438519
595,100.31302352879196,99.65082030899303,0.010035040322791547,100.17402682080439,100.34152028139032,99.65082030899303,100.65739425150811,0.0,100.0,1.030857168309932,0.46587949786227323,0.006363107643600552,0.0034536321259020066,0.0,68.83491205438519
596,100.28504117279599,99.65082030899303,0.010035040322791547,100.17402682080439,100.34152028139032,99.65082030899303,100.65739425150811,0.0,100.0,1.030857168309932,0.46587949786227323,0.006363107643600552,0.0034536321259020066,0.0,68.83491205438519
597,100.20410666792716,99.25817168730546,0.01007473725337512,99.95999714368034,100.33293568577852,95.91799739791006,104.5746593907418,0.0,100.0,1.1763587322148927,0.2421827981687241,0.006537721511007129,0.0053848290768989905,0.0,107.11975993994538
598,100.10977552930751,99.39380384969684,0.010060989330000877,100.09658832136138,100.19256785622586,99.39380384969684,100.39778166636044,0.0,100.0,1.1622500336377015,0.3179645183518517,0.006625712416633828,0.004002096935285483,0.0,79.72288001194205
599,100.04395075101436,99.39380384969684,0.010060989330000877,99.74600941960345,100.19256785622586,99.39380384969684,100.39778166636044,0.0,100.0,1.1622500336377015,0.3179645183518517,0.006625712416633828,0.004002096935285483,0.0,79.72288001194205
600,100.16381567032069,99.39380384969684,0.010060989330000877,99.86332422330972,100.19256785622586,99.39380384969684,100.39778166636044,0.0,100.0,1.1622500336377015,0.3179645183518517,0.006625712416633828,0.004002096935285483,0.0,79.72288001194205
601,100.09787284202055,99.39380384969684,0.010060989330000877,99.92033220986171,100.19256785622586,99.39380384969684,100.39778166636044,0.0,100.0,1.1622500336377015,0.3179645183518517,0.006625712416633828,0.004002096935285483,0.0,79.72288001194205
602,100.23615400489639,99.39380384969684,0.010060989330000877,99.93544554288168,100.19256785622586,99.39380384969684,100.39778166636044,0.0,100.0,1.1622500336377015,0.3179645183518517,0.006625712416633828,0.004002096935285483,0.0,79.72288001194205
603,100.05557759909415,99.39380384969684,0.010060989330000877,99.93544554288168,100.19256785622586,99.39380384969684,100.39778166636044,0.0,100.0,1.1622500336377015,0.3179645183518517,0.006625712416633828,0.004002096935285483,0.0,79.72288001194205
604,99.889783832769,99.39380384969684,0.010060989330000877,99.93544554288168,100.19256785622586,99.39380384969684,100.39778166636044,0.0,100.0,1.1622500336377015,0.3179645183518517,0.006625712416633828,0.004002096935285483,0.0,79.72288001194205
605,99.83965515807782,99.39380384969684,0.010060989330000877,99.93544554288168,100.19256785622586,99.39380384969684,100.39778166636044,0.0,100.0,1.1622500336377015,0.3179645183518517,0.006625712416633828,0.004002096935285483,0.0,79.72288001194205
606,99.90671444983408,99.39380384969684,0.010060989330000877,99.8082176170147,100.19256785622586,99.39380384969684,100.39778166636044,0.0,100.0,1.1622500336377015,0.3179645183518517,0.006625712416633828,0.004002096935285483,0.0,79.72288001194205
607,99.70918272126303,99.53469740020998,0.01004674777860821,100.2384780888983,100.29787980553556,99.53469740020998,100.54009838405048,0.0,100.0,1.0781589198355743,0.3861680665166666,0.006686464986555458,0.0038191090561766577,0.0,76.09157908475161
608,99.6137704172033,99.52494328156236,0.010047732427949612,99.82441653115586,100.1575610198765,99.52494328156237,100.53024573895189,0.0,100.0,1.0719062062487283,0.4475512598649999,0.006665452520595272,0.0031681180107754328,0.0,63.16225473866899
609,99.66555157885018,99.52494328156236,0.010047732427949612,99.82441653115586,100.1575610198765,99.52494328156237,100.53024573895189,0.0,100.0,1.0719062062487283,0.4475512598649999,0.006665452520595272,0.0031681180107754328,0.0,63.16225473866899
610,99.6686414009739,99.52494328156236,0.010047732427949612,100.05522922527204,100.1575610198765,99.52494328156237,100.53024573895189,0.0,100.0,1.0719062062487283,0.4475512598649999,0.006665452520595272,0.0031681180107754328,0.0,63.16225473866899
611,99.66735811683075,99.99137521666589,0.010000862552726714,100.56426696092915,100.1536216321719,97.253259062959,102.87847524753478,0.0,100.0,1.0128203764154968,0.4027961338784999,0.006362802715443807,0.0008106443731319176,0.0,16.1997552222215
612,99.85338580115612,99.77896620158633,0.010022152344008767,100.0792038130254,100.0966233980705,99.85338580115614,100.86200585975368,0.0,100.0,1.2071999021157607,0.35151255557289396,0.005853570381394626,0.0015892745938632835,0.0,31.73505615877703
613,99.74772971977387,99.74772971977386,0.01002529082926848,100.04787333979327,99.98861969022654,99.74772971977387,100.75528254522614,0.0,100.0,1.1906239099465,0.41636130001560456,0.005647080994801411,0.0012060397176790057,0.0,24.091738759767225
614,99.76531053435367,99.74772971977386,0.01002529082926848,100.12639189961916,99.98861969022654,99.74772971977387,100.75528254522614,0.0,100.0,1.1906239099465,0.41636130001560456,0.005647080994801411,0.0012060397176790057,0.0,24.091738759767225
615,99.79740497082167,99.74772971977386,0.01002529082926848,100.09769806501671,99.98861969022654,99.74772971977387,100.75528254522614,0.0,100.0,1.1906239099465,0.41636130001560456,0.005647080994801411,0.0012060397176790057,0.0,24.091738759767225
616,99.88755763149273,99.74772971977386,0.01002529082926848,100.14211340780211,99.98861969022654,99.74772971977387,100.75528254522614,0.0,100.0,1.1906239099465,0.41636130001560456,0.005647080994801411,0.0012060397176790057,0.0,24.091738759767225
617,99.9285563630804,99.95641935584138,0.010004359964516483,100.47641943622456,99.99848607180776,97.51985241891687,103.05707445073153,0.0,100.0,1.1229917177776083,0.2847911292106735,0.005033136943040644,0.00021038101504136783,0.0,4.206735283588392
618,99.92176654277714,99.9217665427771,0.010007829470988125,100.22243384431009,100.1385819965733,99.92176654277712,100.93107731593649,0.0,100.0,1.1131523803553998,0.3563120162896062,0.004861198808004209,0.0010837502552562548,0.0,21.651540242859646
619,99.82758369772041,99.82758369772041,0.010017271408952625,100.127967600522,100.06866651489183,99.82758369772043,100.83594312901053,0.0,100.0,1.1041001899269678,0.42068081466064555,0.004714251715814359,0.0012060397176784023,0.0,24.09173875975723
620,99.68139083911545,99.68139083911541,0.0100319627523455,100.17893481199759,99.92866840331544,99.68139083911542,100.68827357486407,0.0,100.0,1.0957721747328104,0.478612733194581,0.004580053063326199,0.0012388031201358265,0.0,24.745407714430456
621,99.64292463546333,99.68024006134787,0.01003207856827545,100.37185437730199,99.88772095628407,99.64292463546336,100.64941882370036,0.0,98.69848896227936,1.6040463678188468,0.306562043223871,0.0041745809878689635,0.001039650322016652,0.0,20.77141143574601
622,99.61458391868753,99.61458391868756,0.010038690728420556,99.9143268993857,99.85200199179971,99.61458391868754,100.60756538687335,0.0,98.69848896227936,1.5557226583933392,0.3759058389014839,0.00406693798235179,0.0011902648858627277,0.0,23.776996792880254
623,99.71434862524131,99.54429957604803,0.010045778655924324,99.84383106925577,99.84281318384457,99.60336199412843,100.5962315995459,0.0,98.69848896227936,1.5967865796630603,0.333119593808615,0.003817637769530127,0.0014971559779593652,0.0,29.898357055191394
624,99.6193628176056,99.54429957604803,0.010045778655924324,99.84383106925577,99.84281318384457,99.60336199412843,100.5962315995459,0.0,98.69848896227936,1.5967865796630603,0.333119593808615,0.003817637769530127,0.0014971559779593652,0.0,29.898357055191394
625,99.57835020742998,99.51685276005934,0.010048549288541667,99.81630166505457,99.7540379039913,99.51685276005934,100.5088600212007,0.0,98.69848896227936,1.5090436532900156,0.39980763442775347,0.0037314113571132635,0.0011902648858624972,0.0,23.776996792876925
626,99.65603207227085,99.51685276005934,0.010048549288541667,99.81630166505457,99.7540379039913,99.51685276005934,100.5088600212007,0.0,98.69848896227936,1.5090436532900156,0.39980763442775347,0.0037314113571132635,0.0011902648858624972,0.0,23.776996792876925
627,99.5821300426476,99.51685276005934,0.010048549288541667,100.04810004401118,99.7540379039913,99.51685276005934,100.5088600212007,0.0,98.69848896227936,1.5090436532900156,0.39980763442775347,0.0037314113571132635,0.0011902648858624972,0.0,23.776996792876925
628,99.54897718859793,99.51685276005934,0.010048549288541667,99.84852275686855,99.7540379039913,99.51685276005934,100.5088600212007,0.0,98.69848896227936,1.5090436532900156,0.39980763442775347,0.0037314113571132635,0.0011902648858624972,0.0,23.776996792876925
629,99.62969401004698,99.51685276005934,0.010048549288541667,99.84852275686855,99.7540379039913,99.51685276005934,100.5088600212007,0.0,98.69848896227936,1.5090436532900156,0.39980763442775347,0.0037314113571132635,0.0011902648858624972,0.0,23.776996792876925
630,99.32387286866123,99.22770041124818,0.010077831047736777,99.52627924899517,99.61610397875536,99.32387286866121,100.3139564611152,0.0,73.99003795511113,1.3373697256009152,0.34946842194858335,0.0035790510116658586,0.0019533098790717406,0.0,38.990037955111134
631,99.32271468392639,99.22770041124818,0.010077831047736777,99.52627924899517,99.61610397875536,99.32387286866121,100.3139564611152,0.0,73.99003795511113,1.3373697256009152,0.34946842194858335,0.0035790510116658586,0.0019533098790717406,0.0,38.990037955111134
632,99.46228841375539,99.01061930020957,0.010099926725717223,99.30854493501461,99.4778727418233,99.17894534822913,99.91824079108315,0.0,81.97059041727013,1.519139281771149,0.23942766446575162,0.0033599813552433093,0.002354058095795278,0.0,46.970590417270145
633,99.47978375860411,99.2714719644593,0.010073387451714379,99.79165564173289,99.47997304567456,98.51470088249758,100.59194875422534,0.0,81.97059041727013,1.4776081392294573,0.21548489801917645,0.0032842690501138825,0.0010490544167093805,0.0,20.959101096612585
634,99.46180734723916,99.2714719644593,0.010073387451714379,99.69399262147385,99.47997304567456,98.51470088249758,100.59194875422534,0.0,81.97059041727013,1.4776081392294573,0.21548489801917645,0.0032842690501138825,0.0010490544167093805,0.0,20.959101096612585
635,99.29381004537908,99.20464790224344,0.010080172866350002,99.50315737436654,99.40081060055083,99.20464790224344,100.02455508590508,0.0,81.97059041727013,1.399399488091101,0.2939364082172588,0.0032057369981820087,0.0009877004377733542,0.0,19.73451696442252
636,99.22466516563995,99.52579681498896,0.010047646258576811,100.04731315746187,99.40719239205048,98.57063453387492,100.66792017520845,0.0,81.97059041727013,1.367447529043813,0.26454276739553295,0.003084937133481792,-0.0005962028892807582,11.916952863887387,0.0
637,99.24439065906994,98.72509845639857,0.010129136517819173,99.02216495125235,99.44233439563173,99.24439065906992,100.06462630891242,0.0,100.0,1.4616803468418402,0.25694725289854453,0.003054424633576853,0.0036193431428701013,0.0,72.12581478423851
638,99.16275404355343,98.46592387460544,0.01015579766735832,98.76221050612381,99.4486677757815,98.63996967391758,100.67777694361428,0.0,100.0,1.424745919094493,0.23125252760869008,0.003467023444288515,0.004965494928802663,0.0,98.8192122786158
639,99.28481234450881,98.47233185982937,0.010155136789321206,99.16860087297967,99.45481153992313,97.9583613820697,101.3783073179631,0.0,100.0,1.3907662455669338,0.2081272748478211,0.003854668341519163,0.004963845095816126,0.0,98.7865408300892
640,99.15125107099522,98.82767042821085,0.010118623616919183,99.52645193628913,99.58543170342595,98.82767042821087,99.82592972546553,0.0,100.0,1.3595049459215793,0.28731454736303896,0.004081683555947707,0.0038191090561768477,0.0,76.09157908475717
641,99.11316484668953,98.82767042821085,0.010118623616919183,99.41139904382098,99.58543170342595,98.82767042821087,99.82592972546553,0.0,100.0,1.3595049459215793,0.28731454736303896,0.004081683555947707,0.0038191090561768477,0.0,76.09157908475717
642,99.27465887051753,98.82767042821085,0.010118623616919183,99.41139904382098,99.58543170342595,98.82767042821087,99.82592972546553,0.0,100.0,1.3595049459215793,0.28731454736303896,0.004081683555947707,0.0038191090561768477,0.0,76.09157908475717
643,98.96121209601424,98.82767042821085,0.010118623616919183,99.14392857281818,99.58543170342595,98.82767042821087,99.82592972546553,0.0,100.0,1.3595049459215793,0.28731454736303896,0.004081683555947707,0.0038191090561768477,0.0,76.09157908475717
644,98.95625983466267,98.82767042821085,0.010118623616919183,99.23970257007369,99.58543170342595,98.82767042821087,99.82592972546553,0.0,100.0,1.3595049459215793,0.28731454736303896,0.004081683555947707,0.0038191090561768477,0.0,76.09157908475717
645,99.07366687749187,98.82767042821085,0.010118623616919183,99.23970257007369,99.58543170342595,98.82767042821087,99.82592972546553,0.0,100.0,1.3595049459215793,0.28731454736303896,0.004081683555947707,0.0038191090561768477,0.0,76.09157908475717
646,99.1657729255758,98.80542700907428,0.010120901556431307,99.10273521471849,99.44610964723643,98.8054270090743,99.80346162532757,0.0,100.0,1.2640778835811866,0.35858309262673504,0.004224583744643161,0.003231665433558894,0.0,64.42510827570969
647,99.14890019925684,99.27915818120644,0.010072607567590154,99.98113202693216,99.44181908138539,97.97412027779488,100.6502902492425,0.0,100.0,1.2429516528946918,0.3227247833640616,0.0040693334401209905,0.0008185391518279803,0.0,16.357393869255166
648,99.23791302822005,99.16373298013578,0.010084331942206304,99.46211933815022,99.4796513658248,99.23791302822005,100.24031619012126,0.0,100.0,1.372342106117231,0.2967437518210181,0.0038271272301193373,0.001590379597735875,0.0,31.757086132847554
649,99.42891402627305,98.63052143727576,0.010138849368610016,99.32790896258983,99.48938899181717,98.48122044299342,101.01052500415342,0.0,100.0,1.465192695349725,0.20297272624557638,0.0041341210915885615,0.0043350895560231115,0.0,86.32755344512577
650,99.30034028885662,98.63052143727576,0.010138849368610016,99.32790896258983,99.48938899181717,98.48122044299342,101.01052500415342,0.0,100.0,1.465192695349725,0.20297272624557638,0.0041341210915885615,0.0043350895560231115,0.0,86.32755344512577
651,99.24393550630892,98.63052143727576,0.010138849368610016,99.32790896258983,99.48938899181717,98.48122044299342,101.01052500415342,0.0,100.0,1.465192695349725,0.20297272624557638,0.0041341210915885615,0.0043350895560231115,0.0,86.32755344512577
652,99.2151070237745,98.70256426079666,0.010131449040753915,99.40046117981242,99.45936628433107,98.70256426079666,99.69955985939058,0.0,100.0,1.3746439463884137,0.28267545362101876,0.004344369141012942,0.0038191090561769526,0.0,76.09157908475717
653,99.17044758432998,98.70256426079666,0.010131449040753915,99.40046117981242,99.45936628433107,98.70256426079666,99.69955985939058,0.0,100.0,1.3746439463884137,0.28267545362101876,0.004344369141012942,0.0038191090561769526,0.0,76.09157908475717
654,99.14410306268753,99.39241190609951,0.01006113022938557,100.09518653573859,99.45156970965947,97.4971546924209,100.93219894302841,0.0,100.0,1.3046724306773407,0.2544079082589169,0.0041194080310193925,0.00029750864511586533,0.0,5.948403200941588
655,99.11439195661355,99.11439195661355,0.0100893521138458,99.41262984615202,99.35375242142737,99.11439195661355,100.11554743092277,0.0,100.0,1.2802986362231537,0.3289671174330252,0.0040169683854486115,0.001206039717678299,0.0,24.091738759753902
656,99.07376181677587,99.07376181677589,0.010093489756141195,99.64391780040386,99.31302416012666,99.07376181677589,100.0745068856322,0.0,100.0,1.2578747453253014,0.39607040568972274,0.003920675118612131,0.0012060397176787898,0.0,24.091738759762784
657,99.1631713161492,99.07376181677589,0.010093489756141195,99.65201600462625,99.31302416012666,99.07376181677589,100.0745068856322,0.0,100.0,1.2578747453253014,0.39607040568972274,0.003920675118612131,0.0012060397176787898,0.0,24.091738759762784
658,99.06244053229682,98.6821585980702,0.010133544038826443,99.10316958896905,99.30375142812896,99.06244053229683,100.06307124474428,0.0,98.0,1.2418509172454364,0.34691215749177035,0.003788725368546819,0.0031395811448223627,0.0,62.59510049916206
659,98.88350404275502,98.6821585980702,0.010133544038826443,98.98529295491134,99.30375142812896,99.06244053229683,100.06307124474428,0.0,98.0,1.2418509172454364,0.34691215749177035,0.003788725368546819,0.0031395811448223627,0.0,62.59510049916206
660,99.0303536626688,98.60823610739467,0.010141140735048699,98.90495096027546,99.31147413217148,98.00654186488053,101.1411264599826,0.0,100.0,1.1825028438658016,0.3122209417425933,0.0039877814020884104,0.003553148011007063,0.0,70.8113569879032
661,98.9892801056064,98.58830041610719,0.010143191390655334,98.88495528195297,99.17253534822854,98.58830041610719,99.5841418344517,0.0,100.0,1.1679026163565376,0.380998847568334,0.0041030255390317695,0.002954249914364037,0.0,58.91096058701084
662,99.00324160795506,98.58830041610719,0.010143191390655334,98.88495528195297,99.17253534822854,98.58830041610719,99.5841418344517,0.0,100.0,1.1679026163565376,0.380998847568334,0.0041030255390317695,0.002954249914364037,0.0,58.91096058701084
663,99.01132495621256,98.58830041610719,0.010143191390655334,98.88495528195297,99.17253534822854,98.58830041610719,99.5841418344517,0.0,100.0,1.1679026163565376,0.380998847568334,0.0041030255390317695,0.002954249914364037,0.0,58.91096058701084
664,99.23959415968257,98.58830041610719,0.010143191390655334,98.94187537720352,99.17253534822854,98.58830041610719,99.5841418344517,0.0,100.0,1.1679026163565376,0.380998847568334,0.0041030255390317695,0.002954249914364037,0.0,58.91096058701084
665,99.30179263941235,98.58830041610719,0.010143191390655334,99.00388726149411,99.17253534822854,98.58830041610719,99.5841418344517,0.0,100.0,1.1679026163565376,0.380998847568334,0.0041030255390317695,0.002954249914364037,0.0,58.91096058701084
666,98.99034117256348,98.49071284024119,0.010153241571335462,98.78707406242852,99.30994471250851,98.74977294055962,99.74724539450467,0.0,100.0,1.6459177126054498,0.1944220150991413,0.004067947813851897,0.004141704493822884,0.0,82.4924306059105
667,98.73824344399716,98.55150822199053,0.0101469781441342,99.24833706800459,99.30715202317582,98.55150822199055,99.54697800201065,0.0,100.0,1.594244295597014,0.2749798135892272,0.00428216625994043,0.0038191090561765662,0.0,76.0915790847494
668,98.79750263871992,98.55150822199053,0.0101469781441342,99.09478699971908,99.30715202317582,98.55150822199055,99.54697800201065,0.0,100.0,1.594244295597014,0.2749798135892272,0.00428216625994043,0.0038191090561765662,0.0,76.0915790847494
669,98.85684510325575,98.6105699148268,0.010140900725588882,99.30781636877003,99.36666657160893,98.61056991482678,99.60663627760282,0.0,100.0,1.506704751949253,0.3474818322303045,0.004483531599263651,0.003819109056176578,0.0,76.0915790847494
670,98.87883798286552,98.6105699148268,0.010140900725588882,99.02366292316465,99.36666657160893,98.61056991482678,99.60663627760282,0.0,100.0,1.506704751949253,0.3474818322303045,0.004483531599263651,0.003819109056176578,0.0,76.0915790847494
671,99.00693443390722,98.6105699148268,0.010140900725588882,99.02366292316465,99.36666657160893,98.61056991482678,99.60663627760282,0.0,100.0,1.506704751949253,0.3474818322303045,0.004483531599263651,0.003819109056176578,0.0,76.0915790847494
672,98.93009867523321,98.6105699148268,0.010140900725588882,99.02366292316465,99.36666657160893,98.61056991482678,99.60663627760282,0.0,100.0,1.506704751949253,0.3474818322303045,0.004483531599263651,0.003819109056176578,0.0,76.0915790847494
673,98.97191549848006,98.6105699148268,0.010140900725588882,99.02366292316465,99.36666657160893,98.61056991482678,99.60663627760282,0.0,100.0,1.506704751949253,0.3474818322303045,0.004483531599263651,0.003819109056176578,0.0,76.0915790847494
674,98.84758741025998,98.6105699148268,0.010140900725588882,99.02366292316465,99.36666657160893,98.61056991482678,99.60663627760282,0.0,100.0,1.506704751949253,0.3474818322303045,0.004483531599263651,0.003819109056176578,0.0,76.0915790847494
675,98.84688556274656,98.6105699148268,0.010140900725588882,99.17628901474829,99.36666657160893,98.61056991482678,99.60663627760282,0.0,100.0,1.506704751949253,0.3474818322303045,0.004483531599263651,0.003819109056176578,0.0,76.0915790847494
676,98.90946179145254,98.6105699148268,0.010140900725588882,99.27789056496287,99.36666657160893,98.61056991482678,99.60663627760282,0.0,100.0,1.506704751949253,0.3474818322303045,0.004483531599263651,0.003819109056176578,0.0,76.0915790847494
677,98.92883127575688,98.6105699148268,0.010140900725588882,99.22651080818143,99.36666657160893,98.61056991482678,99.60663627760282,0.0,100.0,1.506704751949253,0.3474818322303045,0.004483531599263651,0.003819109056176578,0.0,76.0915790847494
678,98.90398142775061,98.6105699148268,0.010140900725588882,99.20158618630954,99.36666657160893,98.61056991482678,99.60663627760282,0.0,100.0,1.506704751949253,0.3474818322303045,0.004483531599263651,0.003819109056176578,0.0,76.0915790847494
679,98.85220154445803,98.6105699148268,0.010140900725588882,98.95487347997373,99.36666657160893,98.61056991482678,99.60663627760282,0.0,100.0,1.506704751949253,0.3474818322303045,0.004483531599263651,0.003819109056176578,0.0,76.0915790847494
680,98.87487274600848,98.6105699148268,0.010140900725588882,98.95487347997373,99.36666657160893,98.61056991482678,99.60663627760282,0.0,100.0,1.506704751949253,0.3474818322303045,0.004483531599263651,0.003819109056176578,0.0,76.0915790847494
681,98.8357683565303,98.339920285809,0.010168810357926491,98.63582776911636,99.35887726362584,95.59453352307948,102.74925572247156,0.0,100.0,1.3928350384599792,0.3127336490072741,0.004833015726547322,0.005154087887469605,0.0,102.55318959706771
682,98.8755812699682,98.44658525029848,0.010157792649257666,99.14267221671473,99.21987216173225,98.44658525029848,99.4409952023217,0.0,100.0,1.3614082353831811,0.38146028410654664,0.005012486727295385,0.003912079578690911,0.0,77.93669701300243
683,98.84922565123037,98.44658525029848,0.010157792649257666,99.14267221671473,99.21987216173225,98.44658525029848,99.4409952023217,0.0,100.0,1.3614082353831811,0.38146028410654664,0.005012486727295385,0.003912079578690911,0.0,77.93669701300243
684,98.77941172547891,98.44658525029848,0.010157792649257666,99.07664165043019,99.21987216173225,98.44658525029848,99.4409952023217,0.0,100.0,1.3614082353831811,0.38146028410654664,0.005012486727295385,0.003912079578690911,0.0,77.93669701300243
685,98.57331783430108,98.14485123737308,0.010189021506399767,98.440171752631,99.21154092615468,96.75193735005574,101.18274299914312,0.0,100.0,1.2791622432191934,0.34331425569589197,0.0053603306992516045,0.005404890498290847,0.0,107.51669400796638
686,98.53473339797955,98.14485123737308,0.010189021506399767,98.440171752631,99.21154092615468,96.75193735005574,101.18274299914312,0.0,100.0,1.2791622432191934,0.34331425569589197,0.0053603306992516045,0.005404890498290847,0.0,107.51669400796638
687,98.62005902629865,98.14485123737308,0.010189021506399767,98.65809394913889,99.21154092615468,96.75193735005574,101.18274299914312,0.0,100.0,1.2791622432191934,0.34331425569589197,0.0053603306992516045,0.005404890498290847,0.0,107.51669400796638
688,98.52188551452264,98.14485123737308,0.010189021506399767,98.50783937241651,99.21154092615468,96.75193735005574,101.18274299914312,0.0,100.0,1.2791622432191934,0.34331425569589197,0.0053603306992516045,0.005404890498290847,0.0,107.51669400796638
689,98.57041220110492,98.23912436985707,0.010179243823826593,98.93374444115912,99.0693405919108,98.15399413432822,99.14544862053356,0.0,100.0,1.1865268257340933,0.3108269508959901,0.005514315884894768,0.004207707065252399,0.0,83.80152901931393
690,98.57705836348678,98.23912436985707,0.010179243823826593,98.78989791973562,99.0693405919108,98.15399413432822,99.14544862053356,0.0,100.0,1.1865268257340933,0.3108269508959901,0.005514315884894768,0.004207707065252399,0.0,83.80152901931393
691,98.55088635742399,98.23912436985707,0.010179243823826593,98.59073207792106,99.0693405919108,98.15399413432822,99.14544862053356,0.0,100.0,1.1865268257340933,0.3108269508959901,0.005514315884894768,0.004207707065252399,0.0,83.80152901931393
692,98.43915328766836,98.29547391830918,0.010173408399567553,98.99049242076188,99.04915457618027,98.2954739183092,99.28835749324162,0.0,100.0,1.1182713463420324,0.37974425580639115,0.005641752246720715,0.0038191090561763806,0.0,76.09157908474717
693,98.41872159875153,97.67331646162971,0.01023821076448083,97.96721811597767,99.04139015781877,97.19259039360738,100.41502253252638,0.0,100.0,1.10880963863467,0.341769830225752,0.006137813541658829,0.006954608121067598,0.0,138.13151188700857
694,98.4044535067651,97.67331646162971,0.01023821076448083,98.10924014624477,99.04139015781877,97.19259039360738,100.41502253252638,0.0,100.0,1.10880963863467,0.341769830225752,0.006137813541658829,0.006954608121067598,0.0,138.13151188700857
695,98.44003111022123,97.67331646162971,0.01023821076448083,98.14471101689057,99.04139015781877,97.19259039360738,100.41502253252638,0.0,100.0,1.10880963863467,0.341769830225752,0.006137813541658829,0.006954608121067598,0.0,138.13151188700857
696,98.57175468520344,97.67331646162971,0.01023821076448083,98.33217824872254,99.04139015781877,97.19259039360738,100.41502253252638,0.0,100.0,1.10880963863467,0.341769830225752,0.006137813541658829,0.006954608121067598,0.0,138.13151188700857
697,98.63959442009279,97.67331646162971,0.01023821076448083,98.35049934906581,99.04139015781877,97.19259039360738,100.41502253252638,0.0,100.0,1.10880963863467,0.341769830225752,0.006137813541658829,0.006954608121067598,0.0,138.13151188700857
698,98.65999238853195,97.70131198039347,0.010235277088199986,98.39212933783055,99.03191135285576,94.5610200960623,103.20950582443115,0.0,100.0,1.0501617966842394,0.2337705638744144,0.006609346323268329,0.006763470602056713,0.0,134.3606676156428
699,98.67157977946943,97.68054660681332,0.0102374529498205,97.97447001686395,99.02466549865596,93.31927225780606,104.58285751957642,0.0,100.0,1.0461488529495002,0.21039350748697294,0.007032777936324094,0.0068331635824776535,0.0,135.73576694999034
700,98.69858761016651,97.84265692604832,0.010220491055918714,98.5344736921921,98.87521817946651,97.71160173406484,98.69858761016651,0.0,100.0,1.576270805163718,0.16713096093202803,0.00711066607019995,0.005248944727897069,0.0,104.43074335816038
701,98.78013127576918,97.84265692604832,0.010220491055918714,98.5344736921921,98.87521817946651,97.71160173406484,98.69858761016651,0.0,100.0,1.576270805163718,0.16713096093202803,0.00711066607019995,0.005248944727897069,0.0,104.43074335816038
702,98.72244814320443,97.19074881382215,0.010289045122140093,97.48319840904928,98.84978431021536,95.76605591201015,100.70370960186773,0.0,100.0,1.4703319297854842,0.11431757727750719,0.0076868360125898925,0.00846271671452505,0.0,167.8340026708336
703,98.72186300208756,97.73464437206667,0.010231786347869578,98.4256974130813,98.71149143977819,97.73464437206667,98.72186300208755,0.0,100.0,1.4327053754026455,0.20288581954975649,0.007822342167090494,0.0049725949745691705,0.0,98.95981242543317
704,98.68731831791992,97.73464437206667,0.010231786347869578,98.4256974130813,98.71149143977819,97.73464437206667,98.72186300208755,0.0,100.0,1.4327053754026455,0.20288581954975649,0.007822342167090494,0.0049725949745691705,0.0,98.95981242543317
705,98.64014615202463,97.73464437206667,0.010231786347869578,98.37552049011998,98.71149143977819,97.73464437206667,98.72186300208755,0.0,100.0,1.4327053754026455,0.20288581954975649,0.007822342167090494,0.0049725949745691705,0.0,98.95981242543317
706,98.73657020568142,97.74920450362461,0.010230262282727009,98.4403604950644,98.57339204389585,97.74920450362461,98.73657020568143,0.0,100.0,1.3447556120371005,0.28259723759478084,0.00785678004875392,0.004198128767473495,0.0,83.61156324053654
707,98.69821532366896,97.74920450362461,0.010230262282727009,98.4403604950644,98.57339204389585,97.74920450362461,98.73657020568143,0.0,100.0,1.3447556120371005,0.28259723759478084,0.00785678004875392,0.004198128767473495,0.0,83.61156324053654
708,98.9306834425965,97.94137660817054,0.010210189346231602,98.61702572816618,98.69234222451422,97.94137660817054,98.9306834425965,0.0,100.0,1.2771751630741326,0.35433751383530276,0.007843668560748392,0.0038191090561770246,0.0,76.09157908475939
709,98.95172489371564,97.81520309288831,0.010223359645334168,98.10953168795216,98.71126943221667,97.96220764477845,98.9517248937156,0.0,100.0,1.3969008970219976,0.31836685946334714,0.0076350362190726285,0.004559519782831831,0.0,90.77649841629065
710,98.88397241847666,97.99993174445804,0.010204088739649054,98.69286055477238,98.64368159738908,97.89513269429189,98.88397241847666,0.0,100.0,1.4828160837029856,0.29376293187292946,0.007373537585663393,0.0032736880796222327,0.0,65.26012031449646
711,98.86992557089052,97.99993174445804,0.010204088739649054,98.69286055477238,98.64368159738908,97.89513269429189,98.88397241847666,0.0,100.0,1.4828160837029856,0.29376293187292946,0.007373537585663393,0.0032736880796222327,0.0,65.26012031449646
712,98.71580834997654,97.99993174445804,0.010204088739649054,98.4035256724832,98.64368159738908,97.89513269429189,98.88397241847666,0.0,100.0,1.4828160837029856,0.29376293187292946,0.007373537585663393,0.0032736880796222327,0.0,65.26012031449646
713,98.64916435065288,98.06782797462962,0.010197024046037834,98.76123685929872,98.78187946756223,98.06782797462962,99.05841209558548,0.0,100.0,1.3908574636734135,0.3643866386856365,0.007366414547294756,0.003627394229896438,0.0,72.28567595406909
714,98.71754931269966,98.06782797462962,0.010197024046037834,98.76123685929872,98.78187946756223,98.06782797462962,99.05841209558548,0.0,100.0,1.3908574636734135,0.3643866386856365,0.007366414547294756,0.003627394229896438,0.0,72.28567595406909
715,98.65341414789376,98.06782797462962,0.010197024046037834,98.76123685929872,98.78187946756223,98.06782797462962,99.05841209558548,0.0,100.0,1.3908574636734135,0.3643866386856365,0.007366414547294756,0.003627394229896438,0.0,72.28567595406909
716,98.79660035876161,98.06782797462962,0.010197024046037834,98.76123685929872,98.78187946756223,98.06782797462962,99.05841209558548,0.0,100.0,1.3908574636734135,0.3643866386856365,0.007366414547294756,0.003627394229896438,0.0,72.28567595406909
717,98.56684968451809,98.09283450618882,0.010194424547257918,98.7864202047174,98.84496142613749,98.09283450618882,99.08367121837254,0.0,100.0,1.2995888665795405,0.4279479748170728,0.007382724989376757,0.0038191090561768668,0.0,76.09157908475606
718,98.62380314950327,98.09283450618882,0.010194424547257918,98.7864202047174,98.84496142613749,98.09283450618882,99.08367121837254,0.0,100.0,1.2995888665795405,0.4279479748170728,0.007382724989376757,0.0038191090561768668,0.0,76.09157908475606
719,98.68572000793115,98.09283450618882,0.010194424547257918,98.6374822762246,98.84496142613749,98.09283450618882,99.08367121837254,0.0,100.0,1.2995888665795405,0.4279479748170728,0.007382724989376757,0.0038191090561768668,0.0,76.09157908475606
720,98.72167891293114,98.09283450618882,0.010194424547257918,98.51998438369849,98.84496142613749,98.09283450618882,99.08367121837254,0.0,100.0,1.2995888665795405,0.4279479748170728,0.007382724989376757,0.0038191090561768668,0.0,76.09157908475606
721,98.75421954579605,98.09283450618882,0.010194424547257918,98.51998438369849,98.84496142613749,98.09283450618882,99.08367121837254,0.0,100.0,1.2995888665795405,0.4279479748170728,0.007382724989376757,0.0038191090561768668,0.0,76.09157908475606
722,98.62878192947292,98.09283450618882,0.010194424547257918,98.51998438369849,98.84496142613749,98.09283450618882,99.08367121837254,0.0,100.0,1.2995888665795405,0.4279479748170728,0.007382724989376757,0.0038191090561768668,0.0,76.09157908475606
723,98.59677950053823,98.09283450618882,0.010194424547257918,98.51998438369849,98.84496142613749,98.09283450618882,99.08367121837254,0.0,100.0,1.2995888665795405,0.4279479748170728,0.007382724989376757,0.0038191090561768668,0.0,76.09157908475606
724,98.61475610462769,98.09283450618882,0.010194424547257918,98.51998438369849,98.84496142613749,98.09283450618882,99.08367121837254,0.0,100.0,1.2995888665795405,0.4279479748170728,0.007382724989376757,0.0038191090561768668,0.0,76.09157908475606
725,98.4708745865231,97.9710043324459,0.010207101650266753,98.2658017376589,98.83721301438443,94.0805492193706,103.3093263563589,0.0,100.0,1.2056217572531773,0.3851531773353655,0.0074679188729984605,0.004401283105024064,0.0,87.639933939907
726,98.58670588932635,97.9710043324459,0.010207101650266753,98.29094577165837,98.83721301438443,94.0805492193706,103.3093263563589,0.0,100.0,1.2056217572531773,0.3851531773353655,0.0074679188729984605,0.004401283105024064,0.0,87.639933939907
727,98.60116516058842,97.9710043324459,0.010207101650266753,98.30536166510664,98.83721301438443,94.0805492193706,103.3093263563589,0.0,100.0,1.2056217572531773,0.3851531773353655,0.0074679188729984605,0.004401283105024064,0.0,87.639933939907
728,98.66172941456333,97.9710043324459,0.010207101650266753,98.36574422631963,98.83721301438443,94.0805492193706,103.3093263563589,0.0,100.0,1.2056217572531773,0.3851531773353655,0.0074679188729984605,0.004401283105024064,0.0,87.639933939907
729,98.76460591303716,98.04341118020542,0.01019956351949019,98.7366474208736,98.7951591467459,98.04341118020542,99.03374866687416,0.0,100.0,1.129172016672923,0.446637859601829,0.007478139055538185,0.003819109056176374,0.0,76.09157908474717
730,98.63731855768823,98.04341118020542,0.01019956351949019,98.7366474208736,98.7951591467459,98.04341118020542,99.03374866687416,0.0,100.0,1.129172016672923,0.446637859601829,0.007478139055538185,0.003819109056176374,0.0,76.09157908474717
731,98.62843791496773,98.04341118020542,0.01019956351949019,98.7366474208736,98.7951591467459,98.04341118020542,99.03374866687416,0.0,100.0,1.129172016672923,0.446637859601829,0.007478139055538185,0.003819109056176374,0.0,76.09157908474717
732,98.73068971687954,98.04341118020542,0.01019956351949019,98.7366474208736,98.7951591467459,98.04341118020542,99.03374866687416,0.0,100.0,1.129172016672923,0.446637859601829,0.007478139055538185,0.003819109056176374,0.0,76.09157908474717
733,98.70556195352096,98.04341118020542,0.01019956351949019,98.541872332303,98.7951591467459,98.04341118020542,99.03374866687416,0.0,100.0,1.129172016672923,0.446637859601829,0.007478139055538185,0.003819109056176374,0.0,76.09157908474717
734,98.74350078269873,98.04341118020542,0.01019956351949019,98.51029767178107,98.7951591467459,98.04341118020542,99.03374866687416,0.0,100.0,1.129172016672923,0.446637859601829,0.007478139055538185,0.003819109056176374,0.0,76.09157908474717
735,98.76959310177658,98.04341118020542,0.01019956351949019,98.62870647935205,98.7951591467459,98.04341118020542,99.03374866687416,0.0,100.0,1.129172016672923,0.446637859601829,0.007478139055538185,0.003819109056176374,0.0,76.09157908474717
736,98.60942860407316,98.04341118020542,0.01019956351949019,98.62870647935205,98.7951591467459,98.04341118020542,99.03374866687416,0.0,100.0,1.129172016672923,0.446637859601829,0.007478139055538185,0.003819109056176374,0.0,76.09157908474717
737,98.70786836475257,98.04341118020542,0.01019956351949019,98.62870647935205,98.7951591467459,98.04341118020542,99.03374866687416,0.0,100.0,1.129172016672923,0.446637859601829,0.007478139055538185,0.003819109056176374,0.0,76.09157908474717
738,98.63641907387112,98.04341118020542,0.01019956351949019,98.62870647935205,98.7951591467459,98.04341118020542,99.03374866687416,0.0,100.0,1.129172016672923,0.446637859601829,0.007478139055538185,0.003819109056176374,0.0,76.09157908474717
739,98.74494600524902,98.04341118020542,0.01019956351949019,98.41272410530543,98.7951591467459,98.04341118020542,99.03374866687416,0.0,100.0,1.129172016672923,0.446637859601829,0.007478139055538185,0.003819109056176374,0.0,76.09157908474717
740,98.64738861410767,97.969123602006,0.010207297597786455,98.26391534805016,98.78741463897104,93.29868272585843,104.07013537150803,0.0,100.0,1.0461109826118167,0.4019740736416461,0.007528521754322751,0.00415890137263364,0.0,82.83353096703472
741,98.7558087836544,97.969123602006,0.010207297597786455,98.45954135730342,98.78741463897104,93.29868272585843,104.07013537150803,0.0,100.0,1.0461109826118167,0.4019740736416461,0.007528521754322751,0.00415890137263364,0.0,82.83353096703472
742,98.55217275054694,97.969123602006,0.010207297597786455,98.4308779107683,98.78741463897104,93.29868272585843,104.07013537150803,0.0,100.0,1.0461109826118167,0.4019740736416461,0.007528521754322751,0.00415890137263364,0.0,82.83353096703472
743,98.69961699741117,97.969123602006,0.010207297597786455,98.4308779107683,98.78741463897104,93.29868272585843,104.07013537150803,0.0,100.0,1.0461109826118167,0.4019740736416461,0.007528521754322751,0.00415890137263364,0.0,82.83353096703472
744,98.58458710106008,97.73928215984046,0.010231300843448228,98.03338230676071,98.76535368371881,91.87492523025003,104.65014049437464,0.0,100.0,0.9824221040028714,0.3617766662774815,0.0077034099254547515,0.005221614846253475,0.0,103.88982427625315
745,98.63847954322813,97.73928215984046,0.010231300843448228,98.34256410459842,98.76535368371881,91.87492523025003,104.65014049437464,0.0,100.0,0.9824221040028714,0.3617766662774815,0.0077034099254547515,0.005221614846253475,0.0,103.88982427625315
746,98.5213759444757,97.73928215984046,0.010231300843448228,98.30905738841652,98.76535368371881,91.87492523025003,104.65014049437464,0.0,100.0,0.9824221040028714,0.3617766662774815,0.0077034099254547515,0.005221614846253475,0.0,103.88982427625315
747,98.53948422910203,97.73928215984046,0.010231300843448228,98.30905738841652,98.76535368371881,91.87492523025003,104.65014049437464,0.0,100.0,0.9824221040028714,0.3617766662774815,0.0077034099254547515,0.005221614846253475,0.0,103.88982427625315
748,98.39199155502692,97.73928215984046,0.010231300843448228,98.30905738841652,98.76535368371881,91.87492523025003,104.65014049437464,0.0,100.0,0.9824221040028714,0.3617766662774815,0.0077034099254547515,0.005221614846253475,0.0,103.88982427625315
749,98.39534246764225,97.73928215984046,0.010231300843448228,98.30905738841652,98.76535368371881,91.87492523025003,104.65014049437464,0.0,100.0,0.9824221040028714,0.3617766662774815,0.0077034099254547515,0.005221614846253475,0.0,103.88982427625315
750,98.39700550090147,97.73928215984046,0.010231300843448228,98.37557913660753,98.76535368371881,91.87492523025003,104.65014049437464,0.0,100.0,0.9824221040028714,0.3617766662774815,0.0077034099254547515,0.005221614846253475,0.0,103.88982427625315
751,98.4568370070445,97.80986920771521,0.0102239171578518,98.50145414150715,98.62717893345533,97.80986920771521,98.79784768456082,0.0,100.0,0.9152569071112132,0.42559899964973336,0.00774048860651112,0.004160669962586408,0.0,82.8686103139542
752,98.52348309673788,97.84331025028047,0.010220422811145982,98.5351316358885,98.5935239427136,97.84331025028047,98.83162651543482,0.0,100.0,0.9220363545423161,0.48303909968476,0.007734354605040112,0.0038191090561766642,0.0,76.09157908475161
753,98.37572018134173,97.84331025028047,0.010220422811145982,98.5351316358885,98.5935239427136,97.84331025028047,98.83162651543482,0.0,100.0,0.9220363545423161,0.48303909968476,0.007734354605040112,0.0038191090561766642,0.0,76.09157908475161
754,98.39618726176684,97.74671279562916,0.010230523067213735,98.04083530153378,98.58579524103106,95.72612653557528,101.0174948643285,0.0,100.0,0.8882734461789309,0.434735189716284,0.007783150356352666,0.004273782542650678,0.0,85.11190109593781
755,98.49169057741143,97.74671279562916,0.010230523067213735,98.26777057153257,98.58579524103106,95.72612653557528,101.0174948643285,0.0,100.0,0.8882734461789309,0.434735189716284,0.007783150356352666,0.004273782542650678,0.0,85.11190109593781
756,98.27697296742669,97.74671279562916,0.010230523067213735,98.26777057153257,98.58579524103106,95.72612653557528,101.0174948643285,0.0,100.0,0.8882734461789309,0.434735189716284,0.007783150356352666,0.004273782542650678,0.0,85.11190109593781
757,98.36197823953569,97.74671279562916,0.010230523067213735,98.26777057153257,98.58579524103106,95.72612653557528,101.0174948643285,0.0,100.0,0.8882734461789309,0.434735189716284,0.007783150356352666,0.004273782542650678,0.0,85.11190109593781
758,98.30277111370803,97.75307674180306,0.010229857037045676,98.4442601127047,98.57829897925828,92.7918362358517,104.21189932173539,0.0,100.0,0.8372115704846165,0.3912616707446556,0.007820549649394756,0.004203211200575815,0.0,83.71236326859876
759,98.26370637660602,97.45550245586442,0.010261093266158873,97.74874870197033,98.55395313538419,91.60817230851255,104.34629555880433,0.0,100.0,0.8502346448458471,0.3521355036701901,0.008023812091995394,0.005604069845540724,0.0,111.45678530122716
760,98.27733979748619,97.45550245586442,0.010261093266158873,97.92774368673459,98.55395313538419,91.60817230851255,104.34629555880433,0.0,100.0,0.8502346448458471,0.3521355036701901,0.008023812091995394,0.005604069845540724,0.0,111.45678530122716
761,98.25748239011949,97.45550245586442,0.010261093266158873,97.84115098515868,98.55395313538419,91.60817230851255,104.34629555880433,0.0,100.0,0.8502346448458471,0.3521355036701901,0.008023812091995394,0.005604069845540724,0.0,111.45678530122716
762,98.14382224534762,97.08311016496009,0.010300452862509621,97.37523587257779,98.51308646395772,91.34298283110313,103.94757249985626,0.0,100.0,0.9022617144747132,0.24086068451041,0.008305732226466628,0.0073108594320499855,0.0,145.15597372140033
763,98.20990661233745,97.6709863280227,0.010238455017148637,98.36158926165515,98.36474984289802,97.22780754621405,98.20990661233743,0.0,100.0,1.4957331449195022,0.18296901823589154,0.008042997261608792,0.0035389645195630683,0.0,70.52968832669704
764,98.05387425532174,96.94236076193201,0.010315407961394385,97.23406295078438,98.34527383266455,95.6763136825522,99.80248539798552,0.0,100.0,1.4560744933259422,0.1646721164123024,0.0084224917961368,0.007183829501775119,0.0,142.65180379888997
765,98.15471637909955,97.30718339534427,0.01027673358848701,97.99521398500832,98.20331492152411,97.17316921530856,98.15471637909955,0.0,100.0,1.5252790564106962,0.18863572762601483,0.008314396175268263,0.004583546837098572,0.0,91.25267582830165
766,98.10956979247821,97.35430349987998,0.010271759583809595,98.04266726200039,98.10076773249916,97.35430349987998,98.33768030290906,0.0,100.0,1.4832567318978407,0.2697721548634133,0.0082738277196718,0.0038191090561764266,0.0,76.09157908474717
767,98.22046473527311,97.45798638319673,0.010260831740028805,97.75124010350726,98.21741403427947,97.47209982509906,98.45666648999905,0.0,100.0,1.5447850308098905,0.26052415392657474,0.007974416440664843,0.003881058372501129,0.0,77.32107982579284
768,98.11929645485407,97.45798638319673,0.010260831740028805,97.82493856548949,98.21741403427947,97.47209982509906,98.45666648999905,0.0,100.0,1.5447850308098905,0.26052415392657474,0.007974416440664843,0.003881058372501129,0.0,77.32107982579284
769,98.0483471778357,97.45798638319673,0.010260831740028805,97.82493856548949,98.21741403427947,97.47209982509906,98.45666648999905,0.0,100.0,1.5447850308098905,0.26052415392657474,0.007974416440664843,0.003881058372501129,0.0,77.32107982579284
770,98.15643337190043,97.45798638319673,0.010260831740028805,97.86196407178473,98.21741403427947,97.47209982509906,98.45666648999905,0.0,100.0,1.5447850308098905,0.26052415392657474,0.007974416440664843,0.003881058372501129,0.0,77.32107982579284
771,97.98530402618321,97.45798638319673,0.010260831740028805,97.85758379168885,98.21741403427947,97.47209982509906,98.45666648999905,0.0,100.0,1.5447850308098905,0.26052415392657474,0.007974416440664843,0.003881058372501129,0.0,77.32107982579284
772,98.14960401870944,97.45798638319673,0.010260831740028805,97.9316505727406,98.21741403427947,97.47209982509906,98.45666648999905,0.0,100.0,1.5447850308098905,0.26052415392657474,0.007974416440664843,0.003881058372501129,0.0,77.32107982579284
773,98.1524412959749,97.81901529665777,0.010222961220446547,98.51066489976544,98.35292690202432,97.73173395260167,98.71892318444614,0.0,100.0,1.4884781023918252,0.19319087617719066,0.007286541983264969,0.0027216512177149583,0.0,54.285278759260706
774,98.24199402683384,97.81901529665777,0.010222961220446547,98.18478502807842,98.35292690202432,97.73173395260167,98.71892318444614,0.0,100.0,1.4884781023918252,0.19319087617719066,0.007286541983264969,0.0027216512177149583,0.0,54.285278759260706
775,98.26924873772579,97.70299350044108,0.010235100933683116,97.99698445380245,98.34905928839147,95.73815027450043,100.77457637406766,0.0,100.0,1.4093998542004793,0.1738717885594716,0.007244796357538782,0.0032953788484238297,0.0,65.69109990731125
776,98.27712700532527,97.63063433533839,0.010242686701852554,97.92440755801248,98.34530784848138,94.3609451355739,102.24538894653719,0.0,100.0,1.376647865864441,0.15648460970352446,0.007247719441962418,0.003646741049840916,0.0,72.66981300664388
777,98.24346719545292,97.63063433533839,0.010242686701852554,97.94873679386656,98.34530784848138,94.3609451355739,102.24538894653719,0.0,100.0,1.376647865864441,0.15648460970352446,0.007247719441962418,0.003646741049840916,0.0,72.66981300664388
778,98.3851324186459,97.63063433533839,0.010242686701852554,98.14340072052401,98.34530784848138,94.3609451355739,102.24538894653719,0.0,100.0,1.376647865864441,0.15648460970352446,0.007247719441962418,0.003646741049840916,0.0,72.66981300664388
779,98.46252877764175,97.63063433533839,0.010242686701852554,98.16714119130883,98.34530784848138,94.3609451355739,102.24538894653719,0.0,100.0,1.376647865864441,0.15648460970352446,0.007247719441962418,0.003646741049840916,0.0,72.66981300664388
780,98.4142940841858,97.63063433533839,0.010242686701852554,98.16714119130883,98.34530784848138,94.3609451355739,102.24538894653719,0.0,100.0,1.376647865864441,0.15648460970352446,0.007247719441962418,0.003646741049840916,0.0,72.66981300664388
781,98.2210610822246,97.63063433533839,0.010242686701852554,98.16714119130883,98.34530784848138,94.3609451355739,102.24538894653719,0.0,100.0,1.376647865864441,0.15648460970352446,0.007247719441962418,0.003646741049840916,0.0,72.66981300664388
782,98.3211161602754,97.63063433533839,0.010242686701852554,98.16714119130883,98.34530784848138,94.3609451355739,102.24538894653719,0.0,100.0,1.376647865864441,0.15648460970352446,0.007247719441962418,0.003646741049840916,0.0,72.66981300664388
783,98.45091325977366,97.63063433533839,0.010242686701852554,98.16714119130883,98.34530784848138,94.3609451355739,102.24538894653719,0.0,100.0,1.376647865864441,0.15648460970352446,0.007247719441962418,0.003646741049840916,0.0,72.66981300664388
784,98.43852545279373,97.63063433533839,0.010242686701852554,98.30193143300816,98.34530784848138,94.3609451355739,102.24538894653719,0.0,100.0,1.376647865864441,0.15648460970352446,0.007247719441962418,0.003646741049840916,0.0,72.66981300664388
785,98.48214967338956,97.63063433533839,0.010242686701852554,98.02154012191589,98.34530784848138,94.3609451355739,102.24538894653719,0.0,100.0,1.376647865864441,0.15648460970352446,0.007247719441962418,0.003646741049840916,0.0,72.66981300664388
786,98.65228000873844,98.41652827196367,0.010160894898025723,99.11240271429071,98.41051140139119,97.66575720865107,98.65228000873846,0.0,100.0,1.3650155566645719,0.13910695950828017,0.0064828059231691725,-3.056932920631133e-05,0.6113678950203649,0.0
787,98.70723340556037,98.47948291039377,0.01015439937788765,99.17580248652783,98.40291997720483,96.4076346989564,99.93969520670761,0.0,100.0,1.3358143121314063,0.12519626355745217,0.006140502746134482,-0.0003888764666929287,7.774506011429816,0.0
788,98.65566746534907,98.47948291039377,0.01015439937788765,98.95252504047045,98.40291997720483,96.4076346989564,99.93969520670761,0.0,100.0,1.3358143121314063,0.12519626355745217,0.006140502746134482,-0.0003888764666929287,7.774506011429816,0.0
789,98.5112330702899,98.17691085992986,0.01018569428637566,98.47232784346025,98.41400731538425,98.17691085992985,99.16859682821197,0.0,100.0,1.268949167160894,0.21267663720170696,0.005916797417656876,0.0012060397176789392,0.0,24.091738759767225
790,98.4427911047974,98.09610729122373,0.010194084430192941,98.39128113462759,98.33300860670505,98.09610729122373,99.08697706184215,0.0,100.0,1.2474332337880225,0.29140897348153627,0.005706514408887832,0.0012060397176782511,0.0,24.091738759751678
791,98.56739923279481,98.09610729122373,0.010194084430192941,98.39128113462759,98.33300860670505,98.09610729122373,99.08697706184215,0.0,100.0,1.2474332337880225,0.29140897348153627,0.005706514408887832,0.0012060397176782511,0.0,24.091738759751678
792,98.63922857888765,98.09610729122373,0.010194084430192941,98.39128113462759,98.33300860670505,98.09610729122373,99.08697706184215,0.0,100.0,1.2474332337880225,0.29140897348153627,0.005706514408887832,0.0012060397176782511,0.0,24.091738759751678
793,98.7899219802551,98.09610729122373,0.010194084430192941,98.49355221431435,98.33300860670505,98.09610729122373,99.08697706184215,0.0,100.0,1.2474332337880225,0.29140897348153627,0.005706514408887832,0.0012060397176782511,0.0,24.091738759751678
794,98.68344902480791,98.09610729122373,0.010194084430192941,98.49355221431435,98.33300860670505,98.09610729122373,99.08697706184215,0.0,100.0,1.2474332337880225,0.29140897348153627,0.005706514408887832,0.0012060397176782511,0.0,24.091738759751678
795,98.79006619685138,98.09610729122373,0.010194084430192941,98.56821528157636,98.33300860670505,98.09610729122373,99.08697706184215,0.0,100.0,1.2474332337880225,0.29140897348153627,0.005706514408887832,0.0012060397176782511,0.0,24.091738759751678
796,98.8277576920897,98.09610729122373,0.010194084430192941,98.56821528157636,98.33300860670505,98.09610729122373,99.08697706184215,0.0,100.0,1.2474332337880225,0.29140897348153627,0.005706514408887832,0.0012060397176782511,0.0,24.091738759751678
797,98.70780867952834,98.07863744124195,0.010195900209146883,98.37375871739413,98.31549656717517,98.07863744124194,99.06933074872923,0.0,100.0,1.159067146513552,0.36226807613338263,0.0055088483806449776,0.0012060397176785202,0.0,24.09173875975945
798,98.59667075953354,98.42391073049136,0.010160132762233395,99.11983737202009,98.323204078606,97.00396781829069,100.16688173263542,0.0,100.0,1.146341774792468,0.3260412685200444,0.005239740484153127,-0.0005118583415216068,10.231929531951955,0.0
799,98.65380391815486,98.42391073049136,0.010160132762233395,98.95065588581231,98.323204078606,97.00396781829069,100.16688173263542,0.0,100.0,1.146341774792468,0.3260412685200444,0.005239740484153127,-0.0005118583415216068,10.231929531951955,0.0
800,98.58498290420823,98.42391073049136,0.010160132762233395,98.88162778757096,98.323204078606,97.00396781829069,100.16688173263542,0.0,100.0,1.146341774792468,0.3260412685200444,0.005239740484153127,-0.0005118583415216068,10.231929531951955,0.0
801,98.61268642449214,97.56473573598761,0.010249604966962885,97.85831066799155,98.33068094201047,95.25913258193695,102.00161085545676,0.0,100.0,1.0813010994757373,0.29343714166803997,0.005394554848380536,0.003909970018756904,0.0,77.89483390993391
802,98.55324782829479,97.56771535001185,0.010249291954952788,98.25758808480991,98.33793404275119,94.23689577948512,103.10807557570614,0.0,100.0,1.0747970115176784,0.264093427501236,0.00554267356368217,0.0039315797942874086,0.0,78.32366016602532
803,98.5800093456944,97.59420925223746,0.010246509579430543,98.28426931765732,98.3425129624853,97.59420925223746,98.5800093456944,0.0,100.0,1.0688132505962642,0.3376840847511124,0.005668408464780913,0.0038191090561768186,0.0,76.09157908475383
804,98.74762541096561,97.76014915685597,0.01022911696253145,98.45138253473274,98.48028890128654,97.76014915685597,98.74762541096563,0.0,100.0,1.063308190548563,0.4039156762760011,0.00576866761538373,0.0036696806812936576,0.0,73.12526724534862
805,98.61888908340416,97.76014915685597,0.01022911696253145,98.45138253473274,98.48028890128654,97.76014915685597,98.74762541096563,0.0,100.0,1.063308190548563,0.4039156762760011,0.00576866761538373,0.0036696806812936576,0.0,73.12526724534862
806,98.71530184712503,97.76014915685597,0.01022911696253145,98.45138253473274,98.48028890128654,97.76014915685597,98.74762541096563,0.0,100.0,1.063308190548563,0.4039156762760011,0.00576866761538373,0.0036696806812936576,0.0,73.12526724534862
807,98.71211080760071,97.76014915685597,0.01022911696253145,98.45138253473274,98.48028890128654,97.76014915685597,98.74762541096563,0.0,100.0,1.063308190548563,0.4039156762760011,0.00576866761538373,0.0036696806812936576,0.0,73.12526724534862
808,98.74876919294728,97.76128150101782,0.010228998481260588,98.45252288536847,98.47345196814368,95.53019262917154,101.05268631179834,0.0,100.0,0.9982435353046781,0.363524108648401,0.005858050640636277,0.003629176418137933,0.0,72.32106246831461
809,98.56146503656437,97.76128150101782,0.010228998481260588,98.45252288536847,98.47345196814368,95.53019262917154,101.05268631179834,0.0,100.0,0.9982435353046781,0.363524108648401,0.005858050640636277,0.003629176418137933,0.0,72.32106246831461
810,98.72341872487948,97.76128150101782,0.010228998481260588,98.45252288536847,98.47345196814368,95.53019262917154,101.05268631179834,0.0,100.0,0.9982435353046781,0.363524108648401,0.005858050640636277,0.003629176418137933,0.0,72.32106246831461
811,98.818038358347,97.82985797476354,0.0102218281892831,98.52158424327196,98.5799685218589,97.82985797476354,98.81803835834701,0.0,100.0,0.9450507191469706,0.4271716977835609,0.005964862917117774,0.003819109056176749,0.0,76.09157908475383
812,98.8570880806474,97.86851719984094,0.010217790445910887,98.56051681640545,98.61892416658841,97.86851719984092,98.8570880806474,0.0,100.0,0.949446661615213,0.48445452800520483,0.006065266457010354,0.003819109056176488,0.0,76.0915790847494
813,98.75278315322805,97.86851719984094,0.010217790445910887,98.56051681640545,98.61892416658841,97.86851719984092,98.8570880806474,0.0,100.0,0.949446661615213,0.48445452800520483,0.006065266457010354,0.003819109056176488,0.0,76.0915790847494
814,98.79750571262153,97.73710273677695,0.01023152898948902,98.03119632575421,98.63768492043465,97.88918152259332,98.87796113393264,0.0,100.0,1.0205229243750769,0.40736689715556007,0.006065231229772933,0.004586037721042618,0.0,91.30203982221974
815,98.7383861969135,97.75100233494436,0.010230074128278444,98.44217103832275,98.50050825633193,97.75100233494436,98.7383861969135,0.0,100.0,1.0188810904250707,0.46663020744000405,0.006159612670906265,0.0038191090561770055,0.0,76.09157908475939
816,98.8057659991805,97.81770833918868,0.010223097811006172,98.50934870118296,98.56772572893948,97.81770833918868,98.8057659991805,0.0,100.0,1.017370603191065,0.5199671866960036,0.0062483312255715625,0.003819109056176806,0.0,76.09157908475383
817,98.83227031233177,97.84394760920846,0.010220356234951076,98.53577350139479,98.59416618859191,97.84394760920846,98.83227031233177,0.0,100.0,1.01598095493578,0.5679704680264033,0.006331726666956942,0.003819109056176728,0.0,76.09157908475383
818,99.00732834803816,98.01725506455779,0.010202285294985694,98.71030636299406,98.732294688645,98.01725506455779,99.00732834803817,0.0,100.0,1.0147024785409176,0.611173421223763,0.00638793655623113,0.0036342630770141125,0.0,72.42206071904955
819,98.98633147356313,98.01725506455779,0.010202285294985694,98.71030636299406,98.732294688645,98.01725506455779,99.00732834803817,0.0,100.0,1.0147024785409176,0.611173421223763,0.00638793655623113,0.0036342630770141125,0.0,72.42206071904955
820,98.9542854372814,98.01725506455779,0.010202285294985694,98.54700583463607,98.732294688645,98.01725506455779,99.00732834803817,0.0,100.0,1.0147024785409176,0.611173421223763,0.00638793655623113,0.0036342630770141125,0.0,72.42206071904955
821,98.88795319117075,97.84987818477288,0.01021973679018455,98.14431111812725,98.72565006029187,95.87210598295825,101.22262838030376,0.0,100.0,0.9601929469243108,0.5500560791013867,0.006539280929881719,0.004455141915870597,0.0,88.70763322238572
822,98.85102040929469,97.86251020520176,0.010218417634119162,98.41687756537122,98.61287111331102,97.86251020520176,98.8510204092947,0.0,100.0,0.963377511170366,0.595050471191248,0.0066052193890084555,0.0038191090561765025,0.0,76.09157908474829
823,98.98166841004532,97.99185172594485,0.01020493012823876,98.6847234048152,98.74320436031125,97.99185172594485,98.98166841004532,0.0,100.0,0.9663073102767367,0.6355454240721232,0.006667201540587581,0.003819109056176429,0.0,76.09157908474717
824,98.82069330482258,98.01176414157271,0.01020285685864764,98.704776615301,98.76326945440854,98.01176414157271,99.00178196118456,0.0,100.0,0.9690027254545978,0.6719908816649109,0.0067254647630719585,0.0038191090561764626,0.0,76.09157908474717
825,98.71378805196639,98.01176414157271,0.01020285685864764,98.66115283431655,98.76326945440854,98.01176414157271,99.00178196118456,0.0,100.0,0.9690027254545978,0.6719908816649109,0.0067254647630719585,0.0038191090561764626,0.0,76.09157908474717
826,98.75411418879659,98.06280235723216,0.010197546632994521,98.75617570723277,98.81469900564461,98.06280235723216,99.05333571437592,0.0,100.0,0.93148250741823,0.7047917934984198,0.006780232192207341,0.0038191090561769886,0.0,76.09157908475828
827,98.91819949590847,98.11484774176694,0.010192137306597538,98.80858908943594,98.86714344822433,98.11484774176694,99.10590680986559,0.0,100.0,0.9369639068247716,0.7343126141485778,0.006831713575594554,0.003819109056176571,0.0,76.0915790847505
828,98.94536497832598,97.58154089086737,0.01024783981550746,97.8751663900375,98.85939329763269,96.78337959040954,100.46932642888669,0.0,100.0,0.9420067942787899,0.6608813527337201,0.00720242429463051,0.006505021023465094,0.0,129.25958415687776
829,98.98355847841692,97.99372289363274,0.010204735267435953,98.57608847125276,98.74508987517963,97.99372289363275,98.98355847841692,0.0,100.0,0.9466462507364867,0.6947932174603481,0.00722857415187238,0.00381910905617705,0.0,76.09157908475828
830,99.01629804034015,98.04956435136282,0.010198923438522148,98.74284409930176,98.77568566428705,98.02613505993673,99.01629804034013,0.0,100.0,1.1597133495285028,0.5512385607428781,0.0070393167700187895,0.003689167486724889,0.0,73.51215109679288
831,98.96473297289923,98.11156212267836,0.01019247862703076,98.77755462003637,98.81586668281595,98.06601116834001,99.05657693771718,0.0,100.0,1.3126102996216538,0.4530471755481286,0.0068653268623596825,0.0035764675566511807,0.0,71.27444040928133
832,98.98948430399729,98.11156212267836,0.01019247862703076,98.77755462003637,98.81586668281595,98.06601116834001,99.05657693771718,0.0,100.0,1.3126102996216538,0.4530471755481286,0.0068653268623596825,0.0035764675566511807,0.0,71.27444040928133
833,99.04106338104305,98.11156212267836,0.01019247862703076,98.73356196074366,98.81586668281595,98.06601116834001,99.05657693771718,0.0,100.0,1.3126102996216538,0.4530471755481286,0.0068653268623596825,0.0035764675566511807,0.0,71.27444040928133
834,99.0045474369127,98.11156212267836,0.01019247862703076,98.44807105999894,98.81586668281595,98.06601116834001,99.05657693771718,0.0,100.0,1.3126102996216538,0.4530471755481286,0.0068653268623596825,0.0035764675566511807,0.0,71.27444040928133
835,99.07051562477136,97.91323841496681,0.010213123538636244,98.20786200096974,98.80619497851022,95.40963105523728,101.81449475103565,0.0,100.0,1.2105291510084988,0.30988426807492,0.00684283100131021,0.004539239200416601,0.0,90.37455229782054
836,99.1727706181623,98.18104291198068,0.010185265610760523,98.87525230630784,98.9338461699809,98.18104291198068,99.1727706181623,0.0,100.0,1.193686818927819,0.37889584126742804,0.006890556456151278,0.003819109056176859,0.0,76.09157908475494
837,99.20079029465289,98.2925057299292,0.010173715611113054,98.98750324519129,98.95972959725725,98.20878239170636,99.20079029465289,0.0,100.0,1.3369896612626029,0.33516475542692076,0.006722249585133776,0.0033825921730179895,0.0,67.42377632229734
838,99.20421228768534,98.2925057299292,0.010173715611113054,98.89640499377789,98.95972959725725,98.20878239170636,99.20079029465289,0.0,100.0,1.3369896612626029,0.33516475542692076,0.006722249585133776,0.0033825921730179895,0.0,67.42377632229734
839,99.2151140290159,98.04423393541289,0.01019947792808249,98.33925169048436,98.9500438122213,96.35913992078314,101.10497909323476,0.0,100.0,1.298623780922044,0.22925269271201382,0.006683083530179422,0.00459815324163282,0.0,91.54214004466255
840,99.26410565456278,98.27146459801715,0.010175893929031532,98.96631333759909,99.02496116439768,98.27146459801716,99.26410565456278,0.0,100.0,1.2747338784482807,0.30632742344081243,0.006740393833288317,0.0038191090561766985,0.0,76.09157908475161
841,99.40809919860682,98.41401820662077,0.010161154053282273,99.109874901011,99.16369319979306,98.41401820662077,99.40809919860683,0.0,100.0,1.2527551681724183,0.3756946810967312,0.006791291961322437,0.0037943297745271195,0.0,75.59974512666213
842,99.38675906713823,97.19820349707817,0.01028825599672797,97.66831813255939,99.15606722579444,97.0863386164196,100.76752943655343,0.0,100.0,1.232534754718625,0.3381252129870581,0.007580383447543482,0.009971077896642994,0.0,197.4527412687621
843,99.41296279140329,98.47394175531534,0.010154970768660461,99.170222151565,99.17138650890115,98.41883316348928,99.41296279140332,0.0,100.0,1.3648669399860853,0.30727764568314775,0.007340551443128959,0.003528769233813882,0.0,70.32721615959359
844,99.44328625394397,98.47394175531534,0.010154970768660461,99.170222151565,99.17138650890115,98.41883316348928,99.41296279140332,0.0,100.0,1.3648669399860853,0.30727764568314775,0.007340551443128959,0.003528769233813882,0.0,70.32721615959359
845,99.60655974147545,98.79575660579674,0.010121892218408559,99.49431246058518,99.30869764909653,98.6104941440607,99.60655974147545,0.0,100.0,1.318628516134015,0.2861779096472731,0.0070403182595057835,0.002589245381831756,0.0,51.65117008303244
846,99.64685592792739,98.79575660579674,0.010121892218408559,99.19914186808394,99.30869764909653,98.6104941440607,99.60655974147545,0.0,100.0,1.318628516134015,0.2861779096472731,0.0070403182595057835,0.002589245381831756,0.0,51.65117008303244
847,99.61813551425236,98.79575660579674,0.010121892218408559,99.39100443854744,99.30869764909653,98.6104941440607,99.60655974147545,0.0,100.0,1.318628516134015,0.2861779096472731,0.0070403182595057835,0.002589245381831756,0.0,51.65117008303244
848,99.72909155631332,98.79575660579674,0.010121892218408559,99.42990428164438,99.30869764909653,98.6104941440607,99.60655974147545,0.0,100.0,1.318628516134015,0.2861779096472731,0.0070403182595057835,0.002589245381831756,0.0,51.65117008303244
849,99.80339295782281,98.8053590282446,0.01012090851989252,99.50398277894934,99.44782719376204,98.8053590282446,99.80339295782282,0.0,100.0,1.2331382348432938,0.3575601186825458,0.007006777906392606,0.00324064484289296,0.0,64.60353973000043
850,99.92002302649966,98.92082279623466,0.010109095049278788,99.6011061106965,99.58715165620069,98.92082279623465,99.92002302649965,0.0,100.0,1.2144871760558305,0.42180410681429126,0.00698917501724046,0.0033566856032058168,0.0,66.90911918701859
851,100.18691274186709,99.18504361444842,0.010082165249502685,99.49258759177054,99.582108007913,97.54769231714268,101.32654762826253,0.0,100.0,1.197328201971364,0.3796236961328621,0.006809541140442951,0.0019976358780799527,0.0,39.87306569499749
852,100.12052090055383,99.18504361444842,0.010082165249502685,99.82015933785213,99.582108007913,97.54769231714268,101.32654762826253,0.0,100.0,1.197328201971364,0.3796236961328621,0.006809541140442951,0.0019976358780799527,0.0,39.87306569499749
853,100.01822885154809,99.18504361444842,0.010082165249502685,99.82015933785213,99.582108007913,97.54769231714268,101.32654762826253,0.0,100.0,1.197328201971364,0.3796236961328621,0.006809541140442951,0.0019976358780799527,0.0,39.87306569499749
854,100.0470141463774,99.18504361444842,0.010082165249502685,99.62367752447227,99.582108007913,97.54769231714268,101.32654762826253,0.0,100.0,1.197328201971364,0.3796236961328621,0.006809541140442951,0.0019976358780799527,0.0,39.87306569499749
855,100.12159224205078,99.11582050247833,0.010089206697078149,99.41406269054995,99.5759505304063,94.92653207329413,104.12442839445929,0.0,100.0,1.127802717734651,0.2596626081548777,0.0063771731749606665,0.0023157981104905785,0.0,46.2089516069919
856,100.24545800036536,99.33221653751407,0.010067227278899362,100.03456554333488,99.57002591869336,93.72349449288929,105.46097267371907,0.0,100.0,1.2897112302463858,0.17760922397793635,0.005892838480299507,0.0011956093518233708,0.0,23.883631543240025
857,100.40838993128207,99.50371414895234,0.010049876113197619,100.20727576414693,99.57627507490048,93.53349130001519,106.432893327159,0.0,100.0,1.4058967788248067,0.12148470920090847,0.005325361845969551,0.00036448126318994775,0.0,7.286969300024371
858,100.40980595917334,99.50371414895234,0.010049876113197619,100.20727576414693,99.57627507490048,93.53349130001519,106.432893327159,0.0,100.0,1.4058967788248067,0.12148470920090847,0.005325361845969551,0.00036448126318994775,0.0,7.286969300024371
859,100.5790990090487,99.5733080189582,0.010042852044341096,100.27736171202156,99.58581132265499,93.5989095378207,106.61384494959162,0.0,100.0,1.3334250365188223,0.10933623828081762,0.005013373791970584,6.278047291093659e-05,0.0,1.2555306354111728
860,100.41051086813454,99.6128650684217,0.01003886394908051,100.31719845779433,99.5962490976726,93.6360931643164,106.6561989621485,0.0,100.0,1.3067510335973167,0.09840261445273586,0.004722580527451066,-8.340969146247188e-05,1.668054697322452,0.0
861,100.48883918365617,99.37749626197379,0.010062640312086873,99.67652583949229,99.74213081207522,99.63305864021603,100.63945317193539,0.0,97.0,1.722137142533359,0.10891361509711021,0.00416135019945035,0.0018312335928884755,0.0,36.55772612161656
862,100.43297517149682,99.48955766751531,0.010051306121411308,100.16266686308468,99.75693719550674,98.80728364885016,101.48054039248352,0.0,97.0,1.7162056134819383,0.07449691272642338,0.003924591290383787,0.0013419534841766282,0.0,26.80310116853324
863,100.43115331318079,99.48955766751531,0.010051306121411308,100.16266686308468,99.75693719550674,98.80728364885016,101.48054039248352,0.0,97.0,1.7162056134819383,0.07449691272642338,0.003924591290383787,0.0013419534841766282,0.0,26.80310116853324
864,100.62417844467231,99.648123913759,0.010035311862624283,100.26895648136468,99.76825803260029,97.71654627759732,102.61329243988567,0.0,97.0,1.6189091644033833,0.06704722145378104,0.003761407245912335,0.000602428535051905,0.0,12.041316668278679
865,100.71484622134689,99.73875095807196,0.010026193334026998,100.41354610239095,99.78208145988845,96.98420093004836,103.38814408164156,0.0,97.0,1.642129216375868,0.04586029947438624,0.003359975360307139,0.00021717281995751921,0.0,4.342513323286612
866,100.60095418451716,100.02132625722584,0.009997867828989692,100.69803320049898,99.92443613482462,99.7552634469454,100.73236741083046,0.0,97.0,1.658791925671323,0.10736844484048018,0.003092069581775387,-0.0004845820248555138,9.686946377018835,0.0
867,100.5353508130361,100.02132625722584,0.009997867828989692,100.59522612599453,99.92443613482462,99.7552634469454,100.73236741083046,0.0,97.0,1.658791925671323,0.10736844484048018,0.003092069581775387,-0.0004845820248555138,9.686946377018835,0.0
868,100.41966585178014,100.02132625722584,0.009997867828989692,100.51370818848811,99.92443613482462,99.7552634469454,100.73236741083046,0.0,97.0,1.658791925671323,0.10736844484048018,0.003092069581775387,-0.0004845820248555138,9.686946377018835,0.0
869,100.26695728712556,100.00674034975042,0.009999326010454212,100.3834338870486,100.06442831707557,100.0067403497504,100.98630753281874,0.0,97.0,1.552755238284284,0.19663160035643218,0.0029411458758769275,0.00028833723374318816,0.0,5.765082386957054
870,100.09262140627119,100.00674034975042,0.009999326010454212,100.45396949391436,100.06442831707557,100.0067403497504,100.98630753281874,0.0,97.0,1.552755238284284,0.19663160035643218,0.0029411458758769275,0.00028833723374318816,0.0,5.765082386957054
871,100.07655089254405,100.00674034975042,0.009999326010454212,100.37768394437718,100.06442831707557,100.0067403497504,100.98630753281874,0.0,97.0,1.552755238284284,0.19663160035643218,0.0029411458758769275,0.00028833723374318816,0.0,5.765082386957054
872,100.01971224525566,100.16614659024718,0.009983412899876557,100.84383333381442,100.07732845772522,98.99300182850769,102.02045851493999,0.0,97.0,1.4552014858882079,0.17696844032078896,0.002817903210211969,-0.0004435506949761843,8.867080899627178,0.0
873,99.97252124534032,99.97252124534033,0.01000274863075547,100.33462799305995,100.20666716696653,99.97252124534033,100.9517532518836,0.0,97.0,1.4187853670171513,0.2592715962887101,0.002789190878549548,0.001169681641150114,0.0,23.366301688894087
874,99.97970868736395,99.8512333617858,0.010014898828307426,100.15168842706697,100.08509521472064,99.8512333617858,100.82927735210119,0.0,97.0,1.3852825376557794,0.3333444366598391,0.002762201286786846,0.0011696816411498672,0.0,23.366301688889646
875,99.95476244226549,99.90366009410111,0.01000964328091765,100.57957095205374,100.0927049078649,99.3011358303725,101.38784031416363,0.0,97.0,1.354459934643317,0.30000999299385517,0.0027098981931901757,0.0009452412485693743,0.0,18.886972226177523
876,99.9152581008919,99.90366009410111,0.01000964328091765,100.21590581834695,100.0927049078649,99.3011358303725,101.38784031416363,0.0,97.0,1.354459934643317,0.30000999299385517,0.0027098981931901757,0.0009452412485693743,0.0,18.886972226177523
877,99.99927748642375,99.90366009410111,0.01000964328091765,100.21590581834695,100.0927049078649,99.3011358303725,101.38784031416363,0.0,97.0,1.354459934643317,0.30000999299385517,0.0027098981931901757,0.0009452412485693743,0.0,18.886972226177523
878,99.95237493407534,99.93713821161568,0.010006290132928483,100.6132755700099,100.23293283137848,99.93713821161566,100.9160236409327,0.0,97.0,1.2727698065385185,0.3700089936944697,0.0027246304124556617,0.0014777165148694069,0.0,29.510721816394803
879,100.07656825271948,100.14029916435628,0.009985989739842297,100.81781103389193,100.23870112362692,99.39403577674287,101.46744242304332,0.0,97.0,1.250948222015437,0.33300809432502276,0.002620082096512773,0.0004910792005610248,0.0,9.816763202995515
880,100.1006775557189,100.1006775557189,0.00998994237020395,100.40188320533493,100.33512363259807,100.1006775557189,101.08116485481057,0.0,97.0,1.2308723642542023,0.3997072848925205,0.0026032390316722974,0.0011696816411499971,0.0,23.366301688892975
881,100.13447917900265,100.1006775557189,0.00998994237020395,100.40188320533493,100.33512363259807,100.1006775557189,101.08116485481057,0.0,97.0,1.2308723642542023,0.3997072848925205,0.0026032390316722974,0.0011696816411499971,0.0,23.366301688892975
882,100.08528799279473,100.08528799279472,0.009991478468563646,100.44050481687061,100.31969802573553,100.08528799279472,101.06562455093884,0.0,97.0,1.1724025751138663,0.4597365564032685,0.002587406550722264,0.0011696816411500412,0.0,23.3663016888952
883,100.04000889829703,100.040008898297,0.009996000710242071,100.34103199427987,100.27431288294393,100.040008898297,101.01990194718469,0.0,97.0,1.1586103691047571,0.5137629007629416,0.002572524018629219,0.0011696816411499711,0.0,23.366301688892975
884,100.1433154116977,100.040008898297,0.009996000710242071,100.34103199427987,100.27431288294393,100.040008898297,101.01990194718469,0.0,97.0,1.1586103691047571,0.5137629007629416,0.002572524018629219,0.0011696816411499711,0.0,23.366301688892975
885,100.18031964575886,100.040008898297,0.009996000710242071,100.34103199427987,100.27431288294393,100.040008898297,101.01990194718469,0.0,97.0,1.1586103691047571,0.5137629007629416,0.002572524018629219,0.0011696816411499711,0.0,23.366301688892975
886,100.27403360521879,100.16626432176882,0.009983401165762285,100.84395186186357,100.41597334378282,100.07325090802787,101.05346956278692,0.0,97.0,1.1235521342029071,0.42741382412185214,0.002539939782977081,0.0012449209108454007,0.0,24.867460195709956
887,100.36532613120423,100.09337051047524,0.009990671658872208,100.39455417299425,100.32779947350329,100.09337051047522,101.07378623697387,0.0,97.0,1.1136679634666746,0.48467244170966695,0.002527905256948747,0.0011696816411499898,0.0,23.366301688892975
888,100.30106478125963,99.74597490030149,0.01002546720305781,100.04611324002154,100.18743882961668,99.74597490030148,100.7229878827643,0.0,97.0,1.1045745263893407,0.5362051975387002,0.002641197945416617,0.002208054777234773,0.0,44.06380026002799
889,100.27909057597135,99.74597490030149,0.01002546720305781,100.04611324002154,100.18743882961668,99.74597490030148,100.7229878827643,0.0,97.0,1.1045745263893407,0.5362051975387002,0.002641197945416617,0.002208054777234773,0.0,44.06380026002799
890,100.27576373855256,99.61672141655743,0.010038475326028836,99.91647082904456,100.04727455314224,99.61672141655743,100.59246835964599,0.0,97.0,1.0562085642781935,0.5825846777848303,0.00274149308486072,0.0021563884589896557,0.0,43.03496906916004
891,100.25016374843631,99.61672141655743,0.010038475326028836,99.949413257191,100.04727455314224,99.61672141655743,100.59246835964599,0.0,97.0,1.0562085642781935,0.5825846777848303,0.00274149308486072,0.0021563884589896557,0.0,43.03496906916004
892,100.14560487639888,99.57240482362981,0.010042943140434097,100.24916530802493,100.04939350548503,98.8472691273153,101.37550572368438,0.0,82.67531967388327,1.0971352657260318,0.39848791960482394,0.0029182525538276774,0.002389461901694737,0.0,47.67531967388328
893,100.1063805626046,99.57240482362981,0.010042943140434097,100.24916530802493,100.04939350548503,98.8472691273153,101.37550572368438,0.0,82.67531967388327,1.0971352657260318,0.39848791960482394,0.0029182525538276774,0.002389461901694737,0.0,47.67531967388328
894,100.13809707036373,99.57240482362981,0.010042943140434097,100.24916530802493,100.04939350548503,98.8472691273153,101.37550572368438,0.0,82.67531967388327,1.0971352657260318,0.39848791960482394,0.0029182525538276774,0.002389461901694737,0.0,47.67531967388328
895,100.1447901500963,99.57240482362981,0.010042943140434097,100.24916530802493,100.04939350548503,98.8472691273153,101.37550572368438,0.0,82.67531967388327,1.0971352657260318,0.39848791960482394,0.0029182525538276774,0.002389461901694737,0.0,47.67531967388328
896,100.27412796726092,99.87309554675116,0.01001270657052874,100.40356595125267,100.18945206665674,99.76101267125051,100.59266575103197,0.0,82.67531967388327,1.0559042666850005,0.3485657370096996,0.002915206553858104,0.0015812880705532509,0.0,31.575830926304782
897,100.23228185988397,100.3605778823727,0.009964071761045926,100.8936375222468,100.18894318405756,99.18105708855154,101.1808756349899,0.0,82.67531967388327,1.2381169017731564,0.23841896411463456,0.0026570353690413776,-0.0008558220304015336,17.101804506972627,0.0
898,100.1150965044848,100.11509650448482,0.009988503581527322,100.47546030096306,100.31477022485238,100.11509650448481,100.9497013878068,0.0,82.67531967388327,1.219067549631304,0.3145770677031711,0.002617160571665962,0.0009962273768170478,0.0,19.904717911430893
899,99.93630744847108,99.93630744847108,0.010006373314479502,100.23701850398305,100.17442780915117,99.93630744847107,100.76942186507581,0.0,82.67531967388327,1.2015421456607998,0.38311936093285404,0.0026029241599866363,0.001189942960199243,0.0,23.770573577296396
900,99.95698888298824,100.15673000962786,0.009984351524893754,100.68870692283848,100.1797504034209,99.41740602318156,101.29538003199073,0.0,82.67531967388327,1.1854187740079358,0.34480742483956867,0.002460537748018661,0.0001149086464210962,0.0,2.297908878823307
901,100.01731120266058,100.0173112026606,0.009998269179359809,100.31826600066256,100.21678989594736,100.0173112026606,100.85110090332513,0.0,82.67531967388327,1.1705852720873011,0.41032668235561176,0.002432452807904588,0.0009962273768169049,0.0,19.90471791142756
902,99.91687890101771,99.77501322644069,0.010022549410547178,100.07523894327055,100.11788610335253,99.9168789010177,100.7498313524329,0.0,82.67531967388327,1.3204119912498473,0.35666345073123845,0.0023646068627384714,0.0017152829243131523,0.0,34.24691533717494
903,100.0472026299787,99.77501322644069,0.010022549410547178,100.07523894327055,100.11788610335253,99.9168789010177,100.7498313524329,0.0,82.67531967388327,1.3204119912498473,0.35666345073123845,0.0023646068627384714,0.0017152829243131523,0.0,34.24691533717494
904,100.10784996835436,99.77501322644069,0.010022549410547178,100.07523894327055,100.11788610335253,99.9168789010177,100.7498313524329,0.0,82.67531967388327,1.3204119912498473,0.35666345073123845,0.0023646068627384714,0.0017152829243131523,0.0,34.24691533717494
905,100.2134675233477,99.62613042314295,0.010037527260696476,99.92590814758574,99.97781913256499,99.62613042314297,100.45665906328571,0.0,82.67531967388327,1.241445698616526,0.42099710565811466,0.002434162583935715,0.0017619326180911376,0.0,35.17667343350461
906,100.18655568076986,99.59518154800064,0.010040646389283828,99.89486614643998,99.83794811833495,99.59518154800065,100.42545218427355,0.0,82.67531967388327,1.2221300427272042,0.4788973950923032,0.0024341868682425587,0.001217283059943225,0.0,24.31606166891087
907,100.170855681223,99.50179520346062,0.01005006993044906,99.80119879986022,99.70024573015645,99.50179520346062,100.33128732878053,0.0,82.67531967388327,1.204359639309028,0.531007655583073,0.0024076829809150254,0.0009962273768166726,0.0,19.90471791142312
908,100.22363979995889,99.5762487267559,0.010042555456613646,100.10514244584668,99.70670200875527,99.0238094075803,100.81558429243454,0.0,82.67531967388327,1.1880108681643058,0.47790689002476566,0.0023417756164973613,0.0006546133601389009,0.0,13.08370243636392
909,100.20885229316701,99.5762487267559,0.010042555456613646,100.10514244584668,99.70670200875527,99.0238094075803,100.81558429243454,0.0,82.67531967388327,1.1880108681643058,0.47790689002476566,0.0023417756164973613,0.0006546133601389009,0.0,13.08370243636392
910,100.24918356739505,99.5762487267559,0.010042555456613646,100.02523501778569,99.70670200875527,99.0238094075803,100.81558429243454,0.0,82.67531967388327,1.1880108681643058,0.47790689002476566,0.0023417756164973613,0.0006546133601389009,0.0,13.08370243636392
911,100.25635081146203,99.614751685087,0.010038673821737856,100.14384991050413,99.84638914975066,99.614751685087,100.44518546690487,0.0,82.67531967388327,1.119636665377828,0.5301162010222891,0.002340627092498285,0.0011613162528507736,0.0,23.199383236207627
912,100.42628607979631,99.67179960043532,0.010032928110145533,100.20120083268897,99.85186582015419,99.14951949653528,100.91649721608471,0.0,82.67531967388327,1.110065732147602,0.4771045809200602,0.002308487157786541,0.0009024805119697507,0.0,18.0333355055351
913,100.37667937230846,99.67179960043532,0.010032928110145533,100.20120083268897,99.85186582015419,99.14951949653528,100.91649721608471,0.0,82.67531967388327,1.110065732147602,0.4771045809200602,0.002308487157786541,0.0009024805119697507,0.0,18.0333355055351
914,100.1877555866738,99.80283778396758,0.010019755171336832,100.33293501826105,99.85717847746317,98.5042427675146,101.57757602242111,0.0,82.67531967388327,1.0612604735757938,0.42939412282805417,0.002202637864457699,0.00027216612776615487,0.0,5.441841470400499
915,100.19113636718389,99.80283778396758,0.010019755171336832,100.33293501826105,99.85717847746317,98.5042427675146,101.57757602242111,0.0,82.67531967388327,1.0612604735757938,0.42939412282805417,0.002202637864457699,0.00027216612776615487,0.0,5.441841470400499
916,100.25590816642392,99.80283778396758,0.010019755171336832,100.33293501826105,99.85717847746317,98.5042427675146,101.57757602242111,0.0,82.67531967388327,1.0612604735757938,0.42939412282805417,0.002202637864457699,0.00027216612776615487,0.0,5.441841470400499
917,100.18516260471321,99.80283778396758,0.010019755171336832,100.33293501826105,99.85717847746317,98.5042427675146,101.57757602242111,0.0,82.67531967388327,1.0612604735757938,0.42939412282805417,0.002202637864457699,0.00027216612776615487,0.0,5.441841470400499
918,100.12010992818156,99.80283778396758,0.010019755171336832,100.33293501826105,99.85717847746317,98.5042427675146,101.57757602242111,0.0,82.67531967388327,1.0612604735757938,0.42939412282805417,0.002202637864457699,0.00027216612776615487,0.0,5.441841470400499
919,100.06460175590439,99.80283778396758,0.010019755171336832,100.32013640314833,99.85717847746317,98.5042427675146,101.57757602242111,0.0,82.67531967388327,1.0612604735757938,0.42939412282805417,0.002202637864457699,0.00027216612776615487,0.0,5.441841470400499
920,99.90917299624769,99.80283778396758,0.010019755171336832,100.20980240345808,99.85717847746317,98.5042427675146,101.57757602242111,0.0,82.67531967388327,1.0612604735757938,0.42939412282805417,0.002202637864457699,0.00027216612776615487,0.0,5.441841470400499
921,99.89766703739407,99.80634739684008,0.010019402834409915,100.33646327224754,99.86233202512221,97.36281455448511,102.7684157861818,0.0,82.67531967388327,0.9877882071183017,0.38645471054524877,0.002104126109356716,0.00028038763237284153,0.0,5.606180743712441
922,100.03885715401574,99.68941109033717,0.010031155656981601,99.98937922802122,99.9369110531508,99.73626719536868,100.56771398563205,0.0,82.67531967388327,1.1892368174280934,0.3403350220129502,0.00204596933003455,0.0012398162735058932,0.0,24.76562065061305
923,100.06220988504148,99.68941109033717,0.010031155656981601,99.98937922802122,99.9369110531508,99.73626719536868,100.56771398563205,0.0,82.67531967388327,1.1892368174280934,0.3403350220129502,0.00204596933003455,0.0012398162735058932,0.0,24.76562065061305
924,100.06796062570557,99.65510896339681,0.010034608465154544,99.95497388505196,99.85386526544431,99.65510896339681,100.48587918180348,0.0,82.67531967388327,1.134097872033846,0.4063015198116552,0.002042758494999564,0.0009962273768172804,0.0,19.904717911434222
925,100.02998403015268,99.59610199929176,0.010040553595231178,99.89578936739396,99.79474061539115,99.59610199929176,100.4263803088644,0.0,82.67531967388327,1.1233700422711383,0.4656713678304897,0.0020397403100666637,0.000996227376817177,0.0,19.904717911432
926,99.85460284223674,99.43832931276877,0.010056484324617379,99.73754193858457,99.65512573175191,99.43832931276877,100.26729235761886,0.0,82.67531967388327,1.1135004388894474,0.5191042310474407,0.002048026086295293,0.001088917859879725,0.0,21.75466815090843
927,99.84025118384172,99.43832931276877,0.010056484324617379,99.94451974430955,99.65512573175191,99.43832931276877,100.26729235761886,0.0,82.67531967388327,1.1135004388894474,0.5191042310474407,0.002048026086295293,0.001088917859879725,0.0,21.75466815090843
928,100.00996505097648,99.45053388074301,0.010055250193017153,99.97875987240572,99.79474061539115,99.45053388074301,100.27959866841097,0.0,82.67531967388327,1.0644204037782916,0.5671938079426967,0.0021324510650386885,0.0017275528140810387,0.0,34.49147044479184
929,100.02160433324744,99.45053388074301,0.010055250193017153,99.97875987240572,99.79474061539115,99.45053388074301,100.27959866841097,0.0,82.67531967388327,1.0644204037782916,0.5671938079426967,0.0021324510650386885,0.0017275528140810387,0.0,34.49147044479184
930,100.01773432348145,99.45053388074301,0.010055250193017153,99.97875987240572,99.79474061539115,99.45053388074301,100.27959866841097,0.0,82.67531967388327,1.0644204037782916,0.5671938079426967,0.0021324510650386885,0.0017275528140810387,0.0,34.49147044479184
931,100.13785531724305,99.45053388074301,0.010055250193017153,99.97875987240572,99.79474061539115,99.45053388074301,100.27959866841097,0.0,82.67531967388327,1.0644204037782916,0.5671938079426967,0.0021324510650386885,0.0017275528140810387,0.0,34.49147044479184
932,99.93527674869169,99.45053388074301,0.010055250193017153,99.97875987240572,99.79474061539115,99.45053388074301,100.27959866841097,0.0,82.67531967388327,1.0644204037782916,0.5671938079426967,0.0021324510650386885,0.0017275528140810387,0.0,34.49147044479184
933,99.7968300839585,99.45053388074301,0.010055250193017153,99.97875987240572,99.79474061539115,99.45053388074301,100.27959866841097,0.0,82.67531967388327,1.0644204037782916,0.5671938079426967,0.0021324510650386885,0.0017275528140810387,0.0,34.49147044479184
934,99.70519790691759,99.45053388074301,0.010055250193017153,99.97875987240572,99.79474061539115,99.45053388074301,100.27959866841097,0.0,82.67531967388327,1.0644204037782916,0.5671938079426967,0.0021324510650386885,0.0017275528140810387,0.0,34.49147044479184
935,99.75828791609877,99.45053388074301,0.010055250193017153,99.97875987240572,99.79474061539115,99.45053388074301,100.27959866841097,0.0,82.67531967388327,1.0644204037782916,0.5671938079426967,0.0021324510650386885,0.0017275528140810387,0.0,34.49147044479184
936,99.84898195559988,99.45053388074301,0.010055250193017153,99.97875987240572,99.79474061539115,99.45053388074301,100.27959866841097,0.0,82.67531967388327,1.0644204037782916,0.5671938079426967,0.0021324510650386885,0.0017275528140810387,0.0,34.49147044479184
937,99.79696201539073,99.45053388074301,0.010055250193017153,99.97875987240572,99.79474061539115,99.45053388074301,100.27959866841097,0.0,82.67531967388327,1.0644204037782916,0.5671938079426967,0.0021324510650386885,0.0017275528140810387,0.0,34.49147044479184
938,99.66837365171929,99.45053388074301,0.010055250193017153,99.96827848718085,99.79474061539115,99.45053388074301,100.27959866841097,0.0,82.67531967388327,1.0644204037782916,0.5671938079426967,0.0021324510650386885,0.0017275528140810387,0.0,34.49147044479184
939,99.7805015638545,99.45053388074301,0.010055250193017153,99.96827848718085,99.79474061539115,99.45053388074301,100.27959866841097,0.0,82.67531967388327,1.0644204037782916,0.5671938079426967,0.0021324510650386885,0.0017275528140810387,0.0,34.49147044479184
940,99.89778045807242,99.45053388074301,0.010055250193017153,99.96827848718085,99.79474061539115,99.45053388074301,100.27959866841097,0.0,82.67531967388327,1.0644204037782916,0.5671938079426967,0.0021324510650386885,0.0017275528140810387,0.0,34.49147044479184
941,99.79023993965912,99.45053388074301,0.010055250193017153,99.96827848718085,99.79474061539115,99.45053388074301,100.27959866841097,0.0,82.67531967388327,1.0644204037782916,0.5671938079426967,0.0021324510650386885,0.0017275528140810387,0.0,34.49147044479184
942,99.76447637152147,99.45053388074301,0.010055250193017153,99.96827848718085,99.79474061539115,99.45053388074301,100.27959866841097,0.0,82.67531967388327,1.0644204037782916,0.5671938079426967,0.0021324510650386885,0.0017275528140810387,0.0,34.49147044479184
943,99.82559272827825,99.45053388074301,0.010055250193017153,99.96827848718085,99.79474061539115,99.45053388074301,100.27959866841097,0.0,82.67531967388327,1.0644204037782916,0.5671938079426967,0.0021324510650386885,0.0017275528140810387,0.0,34.49147044479184
944,99.73356698667406,99.45053388074301,0.010055250193017153,99.96827848718085,99.79474061539115,99.45053388074301,100.27959866841097,0.0,82.67531967388327,1.0644204037782916,0.5671938079426967,0.0021324510650386885,0.0017275528140810387,0.0,34.49147044479184
945,99.89278813609172,99.45053388074301,0.010055250193017153,99.96827848718085,99.79474061539115,99.45053388074301,100.27959866841097,0.0,82.67531967388327,1.0644204037782916,0.5671938079426967,0.0021324510650386885,0.0017275528140810387,0.0,34.49147044479184
946,99.94972319242288,99.49476399386103,0.010050780160267545,100.02322491131503,99.93455109675395,99.49476399386103,100.32419750382648,0.0,82.67531967388327,0.9837112159204728,0.610474427148427,0.002269131786030193,0.0022052279660745733,0.0,44.00751272371606
947,99.86384080070421,99.29901639675911,0.010070593207131079,99.5978098262378,99.93377306641558,99.04425357155577,100.78052984977356,0.0,98.51773281236927,0.985014318646835,0.5494269844335844,0.0025153057762465113,0.003186005031434768,0.0,63.517732812369275
948,99.89547553283698,99.1407408139917,0.010086670644071588,99.4390579879556,99.93282317220074,98.54725156548488,101.28879491767289,0.0,100.0,1.1872462750609687,0.3758080573525717,0.0028731180558374645,0.003978842505999344,0.0,79.26148116962128
949,99.82494495750265,99.1407408139917,0.010086670644071588,99.52547012263015,99.93282317220074,98.54725156548488,101.28879491767289,0.0,100.0,1.1872462750609687,0.3758080573525717,0.0028731180558374645,0.003978842505999344,0.0,79.26148116962128
950,99.89065646751682,99.1407408139917,0.010086670644071588,99.5909844981143,99.93282317220074,98.54725156548488,101.28879491767289,0.0,100.0,1.1872462750609687,0.3758080573525717,0.0028731180558374645,0.003978842505999344,0.0,79.26148116962128
951,99.70242381797057,99.1407408139917,0.010086670644071588,99.5909844981143,99.93282317220074,98.54725156548488,101.28879491767289,0.0,100.0,1.1872462750609687,0.3758080573525717,0.0028731180558374645,0.003978842505999344,0.0,79.26148116962128
952,99.83064716407355,99.1407408139917,0.010086670644071588,99.81626714702342,99.93282317220074,98.54725156548488,101.28879491767289,0.0,100.0,1.1872462750609687,0.3758080573525717,0.0028731180558374645,0.003978842505999344,0.0,79.26148116962128
953,99.81612725965373,99.1407408139917,0.010086670644071588,99.81626714702342,99.93282317220074,98.54725156548488,101.28879491767289,0.0,100.0,1.1872462750609687,0.3758080573525717,0.0028731180558374645,0.003978842505999344,0.0,79.26148116962128
954,99.79544488307961,99.1407408139917,0.010086670644071588,99.81626714702342,99.93282317220074,98.54725156548488,101.28879491767289,0.0,100.0,1.1872462750609687,0.3758080573525717,0.0028731180558374645,0.003978842505999344,0.0,79.26148116962128
955,99.714761470365,99.1407408139917,0.010086670644071588,99.79981780506647,99.93282317220074,98.54725156548488,101.28879491767289,0.0,100.0,1.1872462750609687,0.3758080573525717,0.0028731180558374645,0.003978842505999344,0.0,79.26148116962128
956,99.7042938901601,98.71375803282314,0.010130300172216031,99.01079040403525,99.93209699221325,96.95852738983999,102.9484731485585,0.0,100.0,1.1022665730560912,0.33822725161731454,0.003436726739078314,0.006133221149953247,0.0,121.9166810324257
957,99.71339613480586,98.75049030912797,0.010126531998672672,99.44872609919253,99.93121040137959,96.29437259585018,103.65852213825922,0.0,100.0,1.2713864928250511,0.23134744010624314,0.004083270031317798,0.0059427722232557115,0.0,118.15328639663059
958,99.75740986322289,98.51949245129389,0.010150275596419464,98.81594027211021,99.78712093295853,98.75983576459068,99.7574098632229,0.0,100.0,1.3927469472512568,0.23424164903267033,0.004577573862224353,0.006392265290761579,0.0,127.03327541800702
959,99.67822086155122,98.6875784363338,0.010132987513166398,99.24107866588616,99.64375641170408,98.68143865293573,99.67822086155124,0.0,100.0,1.479835209347502,0.2362212879383465,0.004883476567153105,0.004821114001490986,0.0,95.95964762905696
960,99.68649967008454,98.7344065201746,0.0101281816060308,99.43252858647887,99.62615168293078,97.7223131577731,100.65654321037256,0.0,100.0,1.5423297462277674,0.16157536094982902,0.005119509614312108,0.004495576997938761,0.0,89.50914470672755
961,99.75978678460169,98.76218891675565,0.010125332487748693,99.13035249888094,99.51944811240733,98.76218891675566,99.75978678460167,0.0,100.0,1.4989433665295462,0.24541782485484612,0.005270634352373082,0.003819109056176969,0.0,76.09157908475828
962,99.55623928645187,98.76218891675565,0.010125332487748693,99.25757056859253,99.51944811240733,98.76218891675566,99.75978678460167,0.0,100.0,1.4989433665295462,0.24541782485484612,0.005270634352373082,0.003819109056176969,0.0,76.09157908475828
963,99.69499679478375,98.76218891675565,0.010125332487748693,99.3959118043994,99.51944811240733,98.76218891675566,99.75978678460167,0.0,100.0,1.4989433665295462,0.24541782485484612,0.005270634352373082,0.003819109056176969,0.0,76.09157908475828
964,99.67016307036839,98.76218891675565,0.010125332487748693,99.3959118043994,99.51944811240733,98.76218891675566,99.75978678460167,0.0,100.0,1.4989433665295462,0.24541782485484612,0.005270634352373082,0.003819109056176969,0.0,76.09157908475828
965,99.70376375580264,98.76218891675565,0.010125332487748693,99.34116766511877,99.51944811240733,98.76218891675566,99.75978678460167,0.0,100.0,1.4989433665295462,0.24541782485484612,0.005270634352373082,0.003819109056176969,0.0,76.09157908475828
966,99.70475504601033,98.76218891675565,0.010125332487748693,99.40564078087232,99.51944811240733,98.76218891675566,99.75978678460167,0.0,100.0,1.4989433665295462,0.24541782485484612,0.005270634352373082,0.003819109056176969,0.0,76.09157908475828
967,99.76449800665371,98.76685302658717,0.010124854334791943,99.46520451263375,99.51164682794844,96.24471847394437,102.36920077212744,0.0,100.0,1.392361230540516,0.2208760423693615,0.005405154576108493,0.0037563013736116708,0.0,74.84488751844043
968,99.85711580829721,98.85854465021423,0.010115463499268021,99.55754446087235,99.61654265356148,98.85854465021424,99.85711580829721,0.0,100.0,1.3609723320972749,0.2987884381324254,0.005539140616461603,0.0038191090561763372,0.0,76.09157908474495
969,99.88829315415401,98.88941022261247,0.01011230623935237,99.53099943939006,99.6476448877712,98.88941022261247,99.88829315415401,0.0,100.0,1.332094545529493,0.3689095943191829,0.005665087494393573,0.0038191090561766716,0.0,76.09157908475272
970,99.83672877055021,98.88941022261247,0.01011230623935237,99.53721858423857,99.6476448877712,98.88941022261247,99.88829315415401,0.0,100.0,1.332094545529493,0.3689095943191829,0.005665087494393573,0.0038191090561766716,0.0,76.09157908475272
971,99.83500184601698,98.89696104543964,0.010111534160696156,99.59623248717504,99.65525360654098,98.89696104543965,99.89592024791884,0.0,100.0,1.2655269818871338,0.43201863488726466,0.005783477559649632,0.0038191090561767956,0.0,76.09157908475383
972,99.88696588372909,98.89696104543964,0.010111534160696156,99.59623248717504,99.65525360654098,98.89696104543965,99.89592024791884,0.0,100.0,1.2655269818871338,0.43201863488726466,0.005783477559649632,0.0038191090561767956,0.0,76.09157908475383
973,99.93820111469805,98.93881910355108,0.010107256272721252,99.63838651135396,99.69743261136044,98.93881910355108,99.93820111469806,0.0,100.0,1.2042848233361632,0.4888167713985382,0.005894764220990287,0.0038191090561764188,0.0,76.09157908474717
974,99.92094939879964,98.93881910355108,0.010107256272721252,99.63838651135396,99.69743261136044,98.93881910355108,99.93820111469806,0.0,100.0,1.2042848233361632,0.4888167713985382,0.005894764220990287,0.0038191090561764188,0.0,76.09157908474717
975,99.94729493597096,98.89443678802762,0.01011179225524506,99.37397769861997,99.70442021139972,98.94782198661125,99.94729493597096,0.0,100.0,1.2033947892260308,0.4103506716366001,0.005884122009808867,0.004078489854422659,0.0,81.2384668257149
976,99.90234270138944,98.92733272789944,0.01010842981838507,99.25102483340793,99.65957721200655,98.90331927437556,99.90234270138946,0.0,100.0,1.3439561007485998,0.3566798593994345,0.005851245287133486,0.003687274676506624,0.0,73.4745725992203
977,99.73815886871364,98.92733272789944,0.01010842981838507,99.4389443921075,99.65957721200655,98.90331927437556,99.90234270138946,0.0,100.0,1.3439561007485998,0.3566798593994345,0.005851245287133486,0.003687274676506624,0.0,73.4745725992203
978,99.75866592060922,98.92733272789944,0.01010842981838507,99.2776952305796,99.65957721200655,98.90331927437556,99.90234270138946,0.0,100.0,1.3439561007485998,0.3566798593994345,0.005851245287133486,0.003687274676506624,0.0,73.4745725992203
979,99.91066291334447,98.92733272789944,0.01010842981838507,99.60220761263825,99.65957721200655,98.90331927437556,99.90234270138946,0.0,100.0,1.3439561007485998,0.3566798593994345,0.005851245287133486,0.003687274676506624,0.0,73.4745725992203
980,99.91092815702069,98.92733272789944,0.01010842981838507,99.61119537254964,99.65957721200655,98.90331927437556,99.90234270138946,0.0,100.0,1.3439561007485998,0.3566798593994345,0.005851245287133486,0.003687274676506624,0.0,73.4745725992203
981,99.98357532891548,98.98373957562632,0.010102669431234937,99.68362460292873,99.74269751120644,98.98373957562633,99.98357532891549,0.0,100.0,1.2524396126887118,0.4210118734594911,0.005958465884825177,0.00381910905617705,0.0,76.09157908475828
982,99.86030782507379,98.98373957562632,0.010102669431234937,99.68362460292873,99.74269751120644,98.98373957562633,99.98357532891549,0.0,100.0,1.2524396126887118,0.4210118734594911,0.005958465884825177,0.00381910905617705,0.0,76.09157908475828
983,99.9012321962283,99.00971379870568,0.010100019095430134,99.70978248213088,99.76887089167074,99.00971379870569,100.00981191788453,0.0,100.0,1.192244443673615,0.47891068611354204,0.00605925324665536,0.0038191090561769427,0.0,76.09157908475717
984,99.84281735751726,98.84636694087787,0.010116709707683252,99.14379833588555,99.75902716514236,97.81710485408605,101.22915485817003,0.0,100.0,1.3359546127801862,0.3275749093016628,0.006078443334782706,0.004595344594604929,0.0,91.48647999079328
985,99.9155809779195,99.03135172818624,0.010097812284181724,99.73157340707243,99.67071638013014,98.91642516814032,99.91558097791952,0.0,100.0,1.738483203502228,0.2280465408513764,0.005849843406466799,0.0032177050698605596,0.0,64.14769304009637
986,99.95346453912394,99.03135172818624,0.010097812284181724,99.70526021426681,99.67071638013014,98.91642516814032,99.91558097791952,0.0,100.0,1.738483203502228,0.2280465408513764,0.005849843406466799,0.0032177050698605596,0.0,64.14769304009637
987,99.84665701413603,99.03135172818624,0.010097812284181724,99.70526021426681,99.67071638013014,98.91642516814032,99.91558097791952,0.0,100.0,1.738483203502228,0.2280465408513764,0.005849843406466799,0.0032177050698605596,0.0,64.14769304009637
988,99.67925871202324,99.03135172818624,0.010097812284181724,99.70526021426681,99.67071638013014,98.91642516814032,99.91558097791952,0.0,100.0,1.738483203502228,0.2280465408513764,0.005849843406466799,0.0032177050698605596,0.0,64.14769304009637
989,99.70628327998182,99.03135172818624,0.010097812284181724,99.70526021426681,99.67071638013014,98.91642516814032,99.91558097791952,0.0,100.0,1.738483203502228,0.2280465408513764,0.005849843406466799,0.0032177050698605596,0.0,64.14769304009637
990,99.95424812376828,99.03135172818624,0.010097812284181724,99.70526021426681,99.67071638013014,98.91642516814032,99.91558097791952,0.0,100.0,1.738483203502228,0.2280465408513764,0.005849843406466799,0.0032177050698605596,0.0,64.14769304009637
991,100.023307510844,99.03135172818624,0.010097812284181724,99.72323758831146,99.67071638013014,98.91642516814032,99.91558097791952,0.0,100.0,1.738483203502228,0.2280465408513764,0.005849843406466799,0.0032177050698605596,0.0,64.14769304009637
992,100.13390822416451,99.17352776384142,0.010083335972289564,99.87475472782818,99.80892486041789,99.13256914192286,100.1339082241645,0.0,100.0,1.485878403976056,0.23198383394234146,0.00574481901811575,0.0031932318061045034,0.0,63.661350672303826
993,100.20603610777576,99.20397574669799,0.010080241164460439,99.90541799945241,99.94875521363078,99.20397574669799,100.20603610777574,0.0,100.0,1.4470081316579717,0.30878545054810735,0.005848900788949791,0.0037397401649548324,0.0,74.516132326099
994,100.2124628286244,99.21033820033817,0.01007959470897753,99.91182544013851,99.9413962159164,98.05026839843502,101.38510927183953,0.0,100.0,1.4112474811253342,0.2779069054932966,0.005938471847812803,0.0036708593963345466,0.0,73.14866944612474
995,100.19731398183865,99.35814172181048,0.010064600471291686,99.97288357020572,100.08141215890952,99.3581417218105,100.3617593149601,0.0,100.0,1.3783476826353076,0.35011621494396694,0.006017347186590332,0.0036265145154285557,0.0,72.26820860107397
996,100.19029604205195,99.3668917556963,0.010063714204310653,100.06948593982743,100.12878751105204,99.3668917556963,100.37059773302657,0.0,100.0,1.3480798680244832,0.4151045934495703,0.006114601670314565,0.0038191090561766265,0.0,76.0915790847505
997,100.32551474025483,99.3668917556963,0.010063714204310653,100.06948593982743,100.12878751105204,99.3668917556963,100.37059773302657,0.0,100.0,1.3480798680244832,0.4151045934495703,0.006114601670314565,0.0038191090561766265,0.0,76.0915790847505
998,100.23630971014096,99.3668917556963,0.010063714204310653,100.06948593982743,100.12878751105204,99.3668917556963,100.37059773302657,0.0,100.0,1.3480798680244832,0.4151045934495703,0.006114601670314565,0.0038191090561766265,0.0,76.0915790847505
999,100.31268074707914,99.3668917556963,0.010063714204310653,100.06948593982743,100.12878751105204,99.3668917556963,100.37059773302657,0.0,100.0,1.3480798680244832,0.4151045934495703,0.006114601670314565,0.0038191090561766265,0.0,76.0915790847505
1000,100.35694666762421,99.3668917556963,0.010063714204310653,100.06948593982743,100.12878751105204,99.3668917556963,100.37059773302657,0.0,100.0,1.3480798680244832,0.4151045934495703,0.006114601670314565,0.0038191090561766265,0.0,76.0915790847505
1001,100.39997064008371,99.39597093368289,0.010060769974943966,100.09877072816347,100.1580896536689,99.39597093368289,100.39997064008372,0.0,100.0,1.2562334785825247,0.47359413410461326,0.006206020885015364,0.003819109056176801,0.0,76.09157908475383
1002,100.27080671573482,99.39597093368289,0.010060769974943966,100.09877072816347,100.1580896536689,99.39597093368289,100.39997064008372,0.0,100.0,1.2562334785825247,0.47359413410461326,0.006206020885015364,0.003819109056176801,0.0,76.09157908475383
1003,100.27311716920093,99.22863718934605,0.010077735906942071,99.52721884588371,100.15023830638887,97.6664694600673,102.17787761402204,0.0,100.0,1.1957348002959227,0.42623472069415197,0.006388346889657052,0.0046223608933060895,0.0,92.02185962088106
1004,100.13559693985921,99.22863718934605,0.010077735906942071,99.83519014903962,100.15023830638887,97.6664694600673,102.17787761402204,0.0,100.0,1.1957348002959227,0.42623472069415197,0.006388346889657052,0.0046223608933060895,0.0,92.02185962088106
1005,100.2785959195246,99.34537456914028,0.010065893901321408,100.04781661154831,100.03491612428907,99.27580996032938,100.27859591952463,0.0,100.0,1.1972592926923542,0.3675445489548,0.006283047166815301,0.0034584238630138275,0.0,68.93008779975007
1006,100.26426330116229,99.34537456914028,0.010065893901321408,100.04781661154831,100.03491612428907,99.27580996032938,100.27859591952463,0.0,100.0,1.1972592926923542,0.3675445489548,0.006283047166815301,0.0034584238630138275,0.0,68.93008779975007
1007,100.20602191623854,99.34537456914028,0.010065893901321408,100.04781661154831,100.03491612428907,99.27580996032938,100.27859591952463,0.0,100.0,1.1972592926923542,0.3675445489548,0.006283047166815301,0.0034584238630138275,0.0,68.93008779975007
1008,100.26407253111759,99.34537456914028,0.010065893901321408,100.04781661154831,100.03491612428907,99.27580996032938,100.27859591952463,0.0,100.0,1.1972592926923542,0.3675445489548,0.006283047166815301,0.0034584238630138275,0.0,68.93008779975007
1009,100.23710729546497,99.34537456914028,0.010065893901321408,100.04781661154831,100.03491612428907,99.27580996032938,100.27859591952463,0.0,100.0,1.1972592926923542,0.3675445489548,0.006283047166815301,0.0034584238630138275,0.0,68.93008779975007
1010,100.21797783627382,99.26969781327814,0.010073567483613733,99.56840302234518,100.02713716362116,96.52512089245693,103.13624825900999,0.0,100.0,1.1174785492769659,0.33079009405932,0.00636213359491151,0.0038005588519798147,0.0,75.72338585518202
1011,100.20024137455853,99.26969781327814,0.010073567483613733,99.89964065043483,100.02713716362116,96.52512089245693,103.13624825900999,0.0,100.0,1.1174785492769659,0.33079009405932,0.00636213359491151,0.0038005588519798147,0.0,75.72338585518202
1012,100.1285696047204,99.26969781327814,0.010073567483613733,99.89964065043483,100.02713716362116,96.52512089245693,103.13624825900999,0.0,100.0,1.1174785492769659,0.33079009405932,0.00636213359491151,0.0038005588519798147,0.0,75.72338585518202
1013,100.30524899606039,99.30219650609975,0.010070270700795362,99.99114093117417,100.06359621055572,99.30219650609976,100.30524899606037,0.0,100.0,1.0547469320014753,0.397711084653388,0.006438700894136439,0.003819109056176373,0.0,76.09157908474495
1014,100.42933279259289,99.42503946466692,0.010057828544844319,100.12804479421513,100.18738106764725,99.42503946466694,100.42933279259287,0.0,100.0,1.0503671774413572,0.45793997618804927,0.006510674155407919,0.0038191090561766903,0.0,76.09157908475272
1015,100.55034287711136,99.54483944834023,0.010045724173566624,100.0971464409665,100.3080996178314,99.54483944834024,100.55034287711136,0.0,100.0,1.0463378032460486,0.5121459785692444,0.006578329021003118,0.003819109056176764,0.0,76.09157908475383
1016,100.5634248591485,99.81553242946316,0.01001848084822542,100.52129882037859,100.31905292161635,99.557790610557,100.5634248591485,0.0,100.0,1.2312520076093645,0.4263078493413632,0.006394364003767602,0.002515909437990969,0.0,50.19191045858573
1017,100.66031589881075,99.81553242946316,0.01001848084822542,100.52129882037859,100.31905292161635,99.557790610557,100.5634248591485,0.0,100.0,1.2312520076093645,0.4263078493413632,0.006394364003767602,0.002515909437990969,0.0,50.19191045858573
1018,100.66955766694927,99.81553242946316,0.01001848084822542,100.52129882037859,100.31905292161635,99.557790610557,100.5634248591485,0.0,100.0,1.2312520076093645,0.4263078493413632,0.006394364003767602,0.002515909437990969,0.0,50.19191045858573
1019,100.68329202719397,99.81553242946316,0.01001848084822542,100.52129882037859,100.31905292161635,99.557790610557,100.5634248591485,0.0,100.0,1.2312520076093645,0.4263078493413632,0.006394364003767602,0.002515909437990969,0.0,50.19191045858573
1020,100.41861402305328,99.81553242946316,0.01001848084822542,100.52129882037859,100.31905292161635,99.557790610557,100.5634248591485,0.0,100.0,1.2312520076093645,0.4263078493413632,0.006394364003767602,0.002515909437990969,0.0,50.19191045858573
1021,100.44358214569348,99.81553242946316,0.01001848084822542,100.52129882037859,100.31905292161635,99.557790610557,100.5634248591485,0.0,100.0,1.2312520076093645,0.4263078493413632,0.006394364003767602,0.002515909437990969,0.0,50.19191045858573
1022,100.29300224850958,99.81553242946316,0.01001848084822542,100.52129882037859,100.31905292161635,99.557790610557,100.5634248591485,0.0,100.0,1.2312520076093645,0.4263078493413632,0.006394364003767602,0.002515909437990969,0.0,50.19191045858573
1023,100.45229705343715,99.78665086084523,0.010021380529090239,100.08691159563215,100.17870451433475,99.78665086084523,100.7945968291366,0.0,100.0,1.1441804184291868,0.4836770644072269,0.006245975411812581,0.0019606078900715486,0.0,39.13542857139185
1024,100.43141375819123,99.78665086084523,0.010021380529090239,100.13011951691664,100.17870451433475,99.78665086084523,100.7945968291366,0.0,100.0,1.1441804184291868,0.4836770644072269,0.006245975411812581,0.0019606078900715486,0.0,39.13542857139185
1025,100.52672492340506,99.78665086084523,0.010021380529090239,100.22514474863483,100.17870451433475,99.78665086084523,100.7945968291366,0.0,100.0,1.1441804184291868,0.4836770644072269,0.006245975411812581,0.0019606078900715486,0.0,39.13542857139185
1026,100.60328726073492,99.78665086084523,0.010021380529090239,100.15220683065077,100.17870451433475,99.78665086084523,100.7945968291366,0.0,100.0,1.1441804184291868,0.4836770644072269,0.006245975411812581,0.0019606078900715486,0.0,39.13542857139185
1027,100.73046671005667,99.78665086084523,0.010021380529090239,100.4282753099265,100.17870451433475,99.78665086084523,100.7945968291366,0.0,100.0,1.1441804184291868,0.4836770644072269,0.006245975411812581,0.0019606078900715486,0.0,39.13542857139185
1028,100.66840402480398,99.94062787945593,0.010005940739197245,100.64727878365412,100.18288055501237,97.03789421724777,103.64976820221418,0.0,100.0,1.0755438682647847,0.3308351120545432,0.005749863381964726,0.0012105158332048908,0.0,24.181045126110412
1029,100.63576204016034,101.41880318532407,0.009860104522952074,102.13590583410922,100.18607322013285,95.92837674906339,104.84859207780677,100.0,0.0,1.0695003588036018,0.29775160084908886,0.006138630811863883,-0.00611458406746078,121.54846305360456,0.0
1030,100.57904643495861,101.41880318532407,0.009860104522952074,100.8816915094871,100.18607322013285,95.92837674906339,104.84859207780677,100.0,0.0,1.0695003588036018,0.29775160084908886,0.006138630811863883,-0.00611458406746078,121.54846305360456,0.0
1031,100.60439391212725,101.4816261000133,0.009854000555868792,101.17718122171327,100.19174437282344,94.43880124867239,106.68493938505723,100.0,0.0,1.0239403300993137,0.26797644076418,0.006537830844089091,-0.006395895125695871,127.10495256734066,0.0
1032,100.51627973184932,101.4816261000133,0.009854000555868792,100.81873593966833,100.19174437282344,94.43880124867239,106.68493938505723,100.0,0.0,1.0239403300993137,0.26797644076418,0.006537830844089091,-0.006395895125695871,127.10495256734066,0.0
1033,100.62564449606023,101.4816261000133,0.009854000555868792,100.81873593966833,100.19174437282344,94.43880124867239,106.68493938505723,100.0,0.0,1.0239403300993137,0.26797644076418,0.006537830844089091,-0.006395895125695871,127.10495256734066,0.0
1034,100.63356503595084,101.22710321858766,0.009878777206936577,100.51638133039295,100.33211104869194,100.21483218640178,101.22710321858766,100.0,0.0,0.9686917703580353,0.34117879668776196,0.00667840572910223,-0.004440343613906476,88.41428248352545,0.0
1035,100.68589565866995,101.22710321858766,0.009878777206936577,100.51638133039295,100.33211104869194,100.21483218640178,101.22710321858766,100.0,0.0,0.9686917703580353,0.34117879668776196,0.00667840572910223,-0.004440343613906476,88.41428248352545,0.0
1036,100.52005401414337,101.22710321858766,0.009878777206936577,100.51638133039295,100.33211104869194,100.21483218640178,101.22710321858766,100.0,0.0,0.9686917703580353,0.34117879668776196,0.00667840572910223,-0.004440343613906476,88.41428248352545,0.0
1037,100.54849022735095,101.21272365686934,0.009880180711174148,100.50210272848611,100.44258006021728,100.20059642030066,101.21272365686934,100.0,0.0,0.9178630953960591,0.40706091701898584,0.0067359967002758,-0.0038191090561771417,76.09157908475939,0.0
1038,100.5151140288741,101.21272365686934,0.009880180711174148,100.50210272848611,100.44258006021728,100.20059642030066,101.21272365686934,100.0,0.0,0.9178630953960591,0.40706091701898584,0.0067359967002758,-0.0038191090561771417,76.09157908475939,0.0
1039,100.50561553803095,101.21272365686934,0.009880180711174148,100.50210272848611,100.44258006021728,100.20059642030066,101.21272365686934,100.0,0.0,0.9178630953960591,0.40706091701898584,0.0067359967002758,-0.0038191090561771417,76.09157908475939,0.0
1040,100.55581680961626,101.21272365686934,0.009880180711174148,100.50210272848611,100.44258006021728,100.20059642030066,101.21272365686934,100.0,0.0,0.9178630953960591,0.40706091701898584,0.0067359967002758,-0.0038191090561771417,76.09157908475939,0.0
1041,100.52430636674099,101.21272365686934,0.009880180711174148,100.50210272848611,100.44258006021728,100.20059642030066,101.21272365686934,100.0,0.0,0.9178630953960591,0.40706091701898584,0.0067359967002758,-0.0038191090561771417,76.09157908475939,0.0
1042,100.42585780107596,101.21272365686934,0.009880180711174148,100.50210272848611,100.44258006021728,100.20059642030066,101.21272365686934,100.0,0.0,0.9178630953960591,0.40706091701898584,0.0067359967002758,-0.0038191090561771417,76.09157908475939,0.0
1043,100.45927232563456,101.21272365686934,0.009880180711174148,100.50210272848611,100.44258006021728,100.20059642030066,101.21272365686934,100.0,0.0,0.9178630953960591,0.40706091701898584,0.0067359967002758,-0.0038191090561771417,76.09157908475939,0.0
1044,100.47764194289172,100.95023002096875,0.009905871435778663,100.24145207699006,100.31657917230713,100.0728070767039,101.08364351182212,100.0,0.0,0.8970014143990692,0.35442966724098635,0.006571623665667641,-0.0031483126860381246,62.7686384201398,0.0
1045,100.52226235196352,100.93398441922902,0.00990746581296645,100.22532053664662,100.17623422585143,99.92464457503674,100.93398441922903,100.0,0.0,0.9052413012471436,0.4189867005168877,0.006629468628745933,-0.003767835361538175,75.07384135657324,0.0
1046,100.52204903473515,100.93398441922902,0.00990746581296645,100.46002313949313,100.17623422585143,99.92464457503674,100.93398441922903,100.0,0.0,0.9052413012471436,0.4189867005168877,0.006629468628745933,-0.003767835361538175,75.07384135657324,0.0
1047,100.34426798884371,100.93398441922902,0.00990746581296645,100.46002313949313,100.17623422585143,99.92464457503674,100.93398441922903,100.0,0.0,0.9052413012471436,0.4189867005168877,0.006629468628745933,-0.003767835361538175,75.07384135657324,0.0
1048,100.3857405361045,100.98086268600635,0.009902866477873508,100.67792009794839,100.1837793986393,97.65600930875574,103.27876993975704,100.0,0.0,0.8594886638140388,0.37708803046519895,0.0067071841450782686,-0.0039623428804732965,78.93409366540371,0.0
1049,100.29064078786527,101.28559753817831,0.009873072029051936,100.98174074556383,100.1910987592203,96.35476284648608,104.67352334936052,100.0,0.0,0.8707295707089157,0.33937922741867904,0.006956645587628071,-0.005432383988183071,108.06065280361877,0.0
1050,100.40732998040562,101.28559753817831,0.009873072029051936,100.77727885211577,100.1910987592203,96.35476284648608,104.67352334936052,100.0,0.0,0.8707295707089157,0.33937922741867904,0.006956645587628071,-0.005432383988183071,108.06065280361877,0.0
1051,100.39320270480371,101.28559753817831,0.009873072029051936,100.76186889320192,100.1910987592203,96.35476284648608,104.67352334936052,100.0,0.0,0.8707295707089157,0.33937922741867904,0.006956645587628071,-0.005432383988183071,108.06065280361877,0.0
1052,100.24292822507644,101.25548305563277,0.009876008388114354,100.54456191080887,100.33146453059676,100.24292822507644,101.25548305563277,100.0,0.0,0.827737871718869,0.40544130467681117,0.007089297343762438,-0.004583721992420863,91.25614704028618,0.0
1053,100.18640224044404,101.19838610145861,0.009881580512533357,100.71298095365557,100.4283516015297,100.18640224044404,101.19838610145862,100.0,0.0,0.8415188419813595,0.46489717420913,0.007122234818056409,-0.003819109056177017,76.0915790847605,0.0
1054,100.0474519302677,101.05803225279566,0.009895304487015045,100.34849742253532,100.2890657274644,100.0474519302677,101.05803225279566,100.0,0.0,0.8541973346228507,0.518407456788217,0.007153196043892662,-0.003819109056176453,76.09157908474717,0.0
1055,100.00886670926005,101.01905728208087,0.009899122273608701,100.41054193494274,100.25038732345614,100.00886670926006,101.01905728208087,100.0,0.0,0.8658615478530227,0.5665667111093953,0.007182299596178806,-0.003819109056177051,76.09157908475939,0.0
1056,100.00221657273994,101.01233997246459,0.009899780564162701,100.30312595059172,100.25824652198762,98.58254819584826,102.4806278566474,100.0,0.0,0.8765926240247809,0.5099100399984557,0.0072009635173385855,-0.0037466649430057015,74.65359684594274,0.0
1057,100.14503522225887,101.01233997246459,0.009899780564162701,100.30312595059172,100.25824652198762,98.58254819584826,102.4806278566474,100.0,0.0,0.8765926240247809,0.5099100399984557,0.0072009635173385855,-0.0037466649430057015,74.65359684594274,0.0
1058,100.2233234790218,101.01233997246459,0.009899780564162701,100.30312595059172,100.25824652198762,98.58254819584826,102.4806278566474,100.0,0.0,0.8765926240247809,0.5099100399984557,0.0072009635173385855,-0.0037466649430057015,74.65359684594274,0.0
1059,100.24060189579198,101.08619913550687,0.009892547237427454,100.78294053810038,100.26587053324153,96.15383728575708,105.06914461244517,100.0,0.0,0.8331318807694651,0.45891903599861017,0.007257800491842323,-0.004074100671599245,81.1513944812281,0.0
1060,100.07912928705542,101.08619913550687,0.009892547237427454,100.38027009734746,100.26587053324153,96.15383728575708,105.06914461244517,100.0,0.0,0.8331318807694651,0.45891903599861017,0.007257800491842323,-0.004074100671599245,81.1513944812281,0.0
1061,99.9693100718998,100.97910108272708,0.009903039235621146,100.27012043319941,100.21073515713265,99.96931007189981,100.97910108272708,100.0,0.0,0.8064813303079079,0.5130271323987492,0.007280627777251501,-0.0038191090561771213,76.0915790847605,0.0
1062,99.8900425485655,100.83506501432049,0.009917185057182053,100.12709565113066,100.13336943938889,99.89004254856548,100.89903287733887,100.0,0.0,1.0591310026289547,0.42691055856074445,0.007073455416488107,-0.0034915710859719173,69.58844870402436,0.0
1063,99.92722043920193,100.83506501432049,0.009917185057182053,100.22584964142676,100.13336943938889,99.89004254856548,100.89903287733887,100.0,0.0,1.0591310026289547,0.42691055856074445,0.007073455416488107,-0.0034915710859719173,69.58844870402436,0.0
1064,99.98734435074202,100.83506501432049,0.009917185057182053,100.22584964142676,100.13336943938889,99.89004254856548,100.89903287733887,100.0,0.0,1.0591310026289547,0.42691055856074445,0.007073455416488107,-0.0034915710859719173,69.58844870402436,0.0
1065,99.90142410096306,100.83506501432049,0.009917185057182053,100.27705184464519,100.13336943938889,99.89004254856548,100.89903287733887,100.0,0.0,1.0591310026289547,0.42691055856074445,0.007073455416488107,-0.0034915710859719173,69.58844870402436,0.0
1066,99.69103214705541,100.69801226975295,0.009930682616864066,99.99100516254303,99.99328080709749,99.69103214705542,100.69801226975295,100.0,0.0,0.9944005224186383,0.48421950270467007,0.007070432207471185,-0.0035115198664129525,69.98464485749811,0.0
1067,99.65874917328826,100.66540320534166,0.00993389951421698,99.95862504843355,99.89942425643193,99.65874917328826,100.66540320534168,100.0,0.0,0.9948484806251472,0.5357975524342031,0.0071045015899425645,-0.0038191090561765,76.0915790847494,0.0
1068,99.65807449618146,100.66472171331459,0.009933966765913517,99.95794834120507,99.90725594097076,98.25271054904785,102.10596850110304,100.0,0.0,0.9952606021751355,0.48221779719078284,0.007131417058512285,-0.003776528412405826,75.24639808780708,0.0
1069,99.69602988688034,100.51263263389554,0.009948998188539868,99.80692708882304,99.76748364608929,99.50750630755658,100.51263263389554,100.0,0.0,0.9956397540011246,0.5339960174717046,0.007149998178452326,-0.0037205340282734163,74.13485929876673,0.0
1070,99.74931276570487,100.38898372062606,0.009961252349988065,99.68414632238695,99.6279068955077,99.3850938834198,100.38898372062606,100.0,0.0,0.9959885736810347,0.5805964157245341,0.007177608024586983,-0.00380506277631818,75.81278312731587,0.0
1071,99.66880363443877,100.38898372062606,0.009961252349988065,99.68414632238695,99.6279068955077,99.3850938834198,100.38898372062606,100.0,0.0,0.9959885736810347,0.5805964157245341,0.007177608024586983,-0.00380506277631818,75.81278312731587,0.0
1072,99.66871524690211,100.07988502052348,0.009992017874470271,99.37721782378962,99.48852541565553,99.07908617031823,100.07988502052348,100.0,0.0,0.956309487786552,0.6225367741520808,0.007102535676530944,-0.002963192439001045,59.08875742080211,0.0
1073,99.74588396649078,99.97410249787252,0.010002590421067098,99.27217800691454,99.35078136406239,99.03090576452512,100.03121794396476,100.0,0.0,1.1666476884356298,0.5018151535200233,0.006849206927865998,-0.0031271616555506813,62.34826002297966,0.0
1074,99.63586633571299,99.97410249787252,0.010002590421067098,99.33695873670584,99.35078136406239,99.03090576452512,100.03121794396476,100.0,0.0,1.1666476884356298,0.5018151535200233,0.006849206927865998,-0.0031271616555506813,62.34826002297966,0.0
1075,99.60033457635737,99.97410249787252,0.010002590421067098,99.38499661749655,99.35078136406239,99.03090576452512,100.03121794396476,100.0,0.0,1.1666476884356298,0.5018151535200233,0.006849206927865998,-0.0031271616555506813,62.34826002297966,0.0
1076,99.68984881246449,99.97410249787252,0.010002590421067098,99.42459730114251,99.35078136406239,99.03090576452512,100.03121794396476,100.0,0.0,1.1666476884356298,0.5018151535200233,0.006849206927865998,-0.0031271616555506813,62.34826002297966,0.0
1077,99.81440816566193,99.97410249787252,0.010002590421067098,99.51496494116493,99.35078136406239,99.03090576452512,100.03121794396476,100.0,0.0,1.1666476884356298,0.5018151535200233,0.006849206927865998,-0.0031271616555506813,62.34826002297966,0.0
1078,99.80105729637836,99.97410249787252,0.010002590421067098,99.51496494116493,99.35078136406239,99.03090576452512,100.03121794396476,100.0,0.0,1.1666476884356298,0.5018151535200233,0.006849206927865998,-0.0031271616555506813,62.34826002297966,0.0
1079,99.89931737901053,98.91493968225254,0.010109696302826755,98.22045164035107,99.35614739019054,95.76314053657306,103.44462454148695,0.0,79.40668439017692,1.086649206694113,0.45163363816802093,0.006705287961832797,0.0022252750739032135,0.0,44.40668439017692
1080,99.90517977318336,99.11186586526406,0.01008960926393448,99.60546423386381,99.49534341101604,99.11186586526408,99.90517977318338,0.0,79.40668439017692,1.079717270158584,0.5064702743512188,0.006534671048092787,0.0019308339669508801,0.0,38.54226063302324
1081,100.05085216726081,99.25638152315942,0.010074918958905133,99.75069961075904,99.63473444274648,99.25638152315943,100.05085216726081,0.0,79.40668439017692,1.0733398885458973,0.555823246916097,0.006370868478241739,0.0019023118139268598,0.0,37.973997893722135
1082,100.16070649849702,99.36536353757468,0.010063868982091061,99.86022437900154,99.77432075858832,99.3653635375747,100.16070649849702,0.0,79.40668439017692,1.0674726974622257,0.6002409222244872,0.006235051105466223,0.002053619912369741,0.0,40.98822401438551
1083,100.13714407740248,100.00835252795837,0.00999916481696306,100.50641559258942,99.7737716708817,98.1339611123232,101.41754088589101,0.0,79.40668439017692,1.5882063580051367,0.3120292410091774,0.005313730587078542,-0.0011741834161458943,23.456126528141887,0.0
1084,100.20417732832966,100.00835252795837,0.00999916481696306,100.50569441156436,99.7737716708817,98.1339611123232,101.41754088589101,0.0,79.40668439017692,1.5882063580051367,0.3120292410091774,0.005313730587078542,-0.0011741834161458943,23.456126528141887,0.0
1085,100.17232231759093,100.00835252795837,0.00999916481696306,100.47374354823565,99.7737716708817,98.1339611123232,101.41754088589101,0.0,79.40668439017692,1.5882063580051367,0.3120292410091774,0.005313730587078542,-0.0011741834161458943,23.456126528141887,0.0
1086,100.27192160515541,100.02188593339761,0.00999781188554951,100.52001639729296,99.91355277516303,100.02188593339761,100.82248384883945,0.0,79.40668439017692,1.4878165160313923,0.38082631690825963,0.0050599276423190075,-0.0005418407008499441,10.830945369968425,0.0
1087,100.27939543262217,100.12420892521216,0.009987594516196883,100.62284897957268,99.92875037230166,99.01478338337635,101.84797294363952,0.0,79.40668439017692,1.448791194748881,0.3427436852174337,0.004873576107010934,-0.0009770340493679781,19.521607711926457,0.0
1088,100.22286333086706,100.12420892521216,0.009987594516196883,100.50002426715058,99.92875037230166,99.01478338337635,101.84797294363952,0.0,79.40668439017692,1.448791194748881,0.3427436852174337,0.004873576107010934,-0.0009770340493679781,19.521607711926457,0.0
1089,100.36719500501471,100.12420892521216,0.009987594516196883,100.50002426715058,99.92875037230166,99.01478338337635,101.84797294363952,0.0,79.40668439017692,1.448791194748881,0.3427436852174337,0.004873576107010934,-0.0009770340493679781,19.521607711926457,0.0
1090,100.46195711340175,100.12420892521216,0.009987594516196883,100.50002426715058,99.92875037230166,99.01478338337635,101.84797294363952,0.0,79.40668439017692,1.448791194748881,0.3427436852174337,0.004873576107010934,-0.0009770340493679781,19.521607711926457,0.0
1091,100.48153985513196,100.12420892521216,0.009987594516196883,100.50002426715058,99.92875037230166,99.01478338337635,101.84797294363952,0.0,79.40668439017692,1.448791194748881,0.3427436852174337,0.004873576107010934,-0.0009770340493679781,19.521607711926457,0.0
1092,100.5206836445648,100.88153564919726,0.009912616749584116,101.38394735322042,99.94349425020583,96.88007478255264,104.09214693201885,100.0,0.0,1.3488878991689706,0.30846931669569033,0.005141678257959174,-0.004670938674632939,92.98444883445778,0.0
1093,100.45824250942903,101.07916835315531,0.009893235335159777,100.50337133432978,99.95779789022653,95.8889273298414,105.16808624171648,100.0,0.0,1.320976867235453,0.2776223850261213,0.005502536306171585,-0.005577931680341899,110.93981887651539,0.0
1094,100.45169385958964,101.07916835315531,0.009893235335159777,100.5705613510107,99.95779789022653,95.8889273298414,105.16808624171648,100.0,0.0,1.320976867235453,0.2776223850261213,0.005502536306171585,-0.005577931680341899,110.93981887651539,0.0
1095,100.51726879791444,101.07916835315531,0.009893235335159777,100.5705613510107,99.95779789022653,95.8889273298414,105.16808624171648,100.0,0.0,1.320976867235453,0.2776223850261213,0.005502536306171585,-0.005577931680341899,110.93981887651539,0.0
1096,100.4963360200846,101.32259930595868,0.009869466504509532,101.0186315080408,99.97505533106398,94.29081091412515,107.191958996684,100.0,0.0,1.2419653845232834,0.24986014652350919,0.005975710390435362,-0.006694285521232608,132.99540123576924,0.0
1097,100.54819672328637,101.32259930595868,0.009869466504509532,100.85074897019697,99.97505533106398,94.29081091412515,107.191958996684,100.0,0.0,1.2419653845232834,0.24986014652350919,0.005975710390435362,-0.006694285521232608,132.99540123576924,0.0
1098,100.56699289921123,101.41074243035338,0.009860888265232626,101.10651020306231,100.002020860138,94.37283690568685,107.46079111364102,100.0,0.0,1.2304343599339083,0.1709043402220803,0.006473784610926999,-0.006994202091272754,138.91246000716896,0.0
1099,100.54436756592497,101.41074243035338,0.009860888265232626,100.84690829079739,100.002020860138,94.37283690568685,107.46079111364102,100.0,0.0,1.2304343599339083,0.1709043402220803,0.006473784610926999,-0.006994202091272754,138.91246000716896,0.0
1100,100.59286771064801,101.41617123304341,0.009860360412365677,101.11192271934434,100.02366488325558,94.37788894947019,107.50114150702602,100.0,0.0,1.1719996111391957,0.15381390619987226,0.006914902608290051,-0.006912765501774387,137.30614485415794,0.0
1101,100.40369504222281,101.49071077495368,0.009853118500839038,101.18623864262881,100.04686922061491,94.4472554471719,107.58015342145092,100.0,0.0,1.15823964224806,0.13843251557988503,0.007359718838357079,-0.007164130651814493,142.2634193133554,0.0
1102,100.39867464352523,101.41280267022748,0.009860687937515974,100.74525535962975,100.18703292922639,100.39867464352521,101.41280267022749,100.0,0.0,1.1455804708682154,0.22458926402189655,0.007647770140252202,-0.006080212006901169,120.8693289926166,0.0
1103,100.42834196080115,101.3778118898365,0.009864091376194456,100.66603186653774,100.32739300445449,100.36403377093812,101.3778118898365,100.0,0.0,1.1339340331987582,0.30213033761970687,0.007813832801807774,-0.0052076935046495585,103.61427868688433,0.0
1104,100.66069551151595,101.25764347148706,0.009875797675279576,100.5467071582469,100.467949721405,100.24506703677218,101.25764347148706,100.0,0.0,1.1232193105428576,0.37191730385773625,0.007814768382983303,-0.003914692913193941,77.98855701243168,0.0
1105,100.74640088276503,101.25764347148706,0.009875797675279576,100.5467071582469,100.467949721405,100.24506703677218,101.25764347148706,100.0,0.0,1.1232193105428576,0.37191730385773625,0.007814768382983303,-0.003914692913193941,77.98855701243168,0.0
1106,100.76048188373348,100.67824551799447,0.009932632366157667,99.9713771943977,100.32948947737944,100.08557926902024,101.09654471618207,100.0,0.0,1.1452221772455546,0.33039143583869157,0.0074399686832162465,-0.001735037910969224,34.64065536905814,0.0
1107,100.872206084756,100.93542294278505,0.009907324612557944,100.6326166739567,100.4692209377281,99.86348402390844,100.872206084756,100.0,0.0,1.3022114343914102,0.301987742113665,0.006938146497944349,-0.002314753007053466,46.1881459912461,0.0
1108,100.91918662884837,100.93542294278505,0.009907324612557944,100.60085689753961,100.4692209377281,99.86348402390844,100.872206084756,100.0,0.0,1.3022114343914102,0.301987742113665,0.006938146497944349,-0.002314753007053466,46.1881459912461,0.0
1109,100.9737343376289,100.9737343376289,0.009903565581285427,100.63575738076096,100.60997635284144,99.9639969942526,100.97373433762888,100.0,0.0,1.2380345196400975,0.37178896790229854,0.006738398049567318,-0.0018045008872070445,36.025010580585935,0.0
1110,101.00087476903086,101.00087476903086,0.009900904346490103,100.69787214472376,100.75092896354066,99.99086602134054,101.00087476903084,100.0,0.0,1.2189917580688898,0.43461007111206873,0.006482759563624599,-0.0012388776747766202,24.746895119647228,0.0
1111,101.01967585366002,101.01967585366003,0.009899061658529062,100.71661682609906,100.7763018896338,100.00947909512342,101.01967585366002,100.0,0.0,1.2014724174233788,0.4911490640008619,0.006238518826097559,-0.0012060397176787518,24.09173875976167,0.0
1112,101.02129754876562,101.05487141514206,0.009895613996597101,100.75170680089663,100.76635876461418,98.76940934479182,102.28799815147917,100.0,0.0,1.342576606743017,0.33594595977658953,0.005739496115302006,-0.0014295455947369946,28.550098227589913,0.0
1113,101.2172536082694,101.21725360826942,0.009879738526301017,100.91360184744458,100.90753046401619,100.20508107218672,101.21725360826942,100.0,0.0,1.3151704782035758,0.40235136379893055,0.005579006848595132,-0.0015323363024222528,30.599836807656544,0.0
1114,101.07798250038452,101.32117049657987,0.009869605681605853,101.01720698509014,101.0488999422102,100.30795879161406,101.32117049657985,100.0,0.0,1.2899568399472898,0.46211622741903746,0.005405715638973354,-0.0013454091989952316,26.872030103407553,0.0
1115,101.01910233704106,101.32117049657987,0.009869605681605853,101.01720698509014,101.0488999422102,100.30795879161406,101.32117049657985,100.0,0.0,1.2899568399472898,0.46211622741903746,0.005405715638973354,-0.0013454091989952316,26.872030103407553,0.0
1116,101.06457717626886,101.32117049657987,0.009869605681605853,101.01720698509014,101.0488999422102,100.30795879161406,101.32117049657985,100.0,0.0,1.2899568399472898,0.46211622741903746,0.005405715638973354,-0.0013454091989952316,26.872030103407553,0.0
1117,101.13267334610595,101.32117049657987,0.009869605681605853,100.71673802037776,101.0488999422102,100.30795879161406,101.32117049657985,100.0,0.0,1.2899568399472898,0.46211622741903746,0.005405715638973354,-0.0013454091989952316,26.872030103407553,0.0
1118,101.22200170847871,101.24403856453657,0.009877124758931504,100.53319777220783,101.04182369135245,98.1622948827511,103.53588215341239,100.0,0.0,1.2067602927515066,0.41590460467713375,0.005201330628462457,-0.0009996490655798727,19.97301530550999,0.0
1119,101.32886626697909,101.75689054879692,0.009827344316505584,101.29669670228228,101.08263428539843,100.31557760430931,101.3288662669791,100.0,0.0,1.3463711860784813,0.36047874959915954,0.004931383054613908,-0.003324087176548258,66.26148457977487,0.0
1120,101.3625859114098,101.96276136760525,0.009807502136929292,101.65687308350242,101.07477385159412,99.33105158096609,102.3331937574053,100.0,0.0,1.318661491192203,0.3244308746392436,0.005160325105377162,-0.004373514065034648,87.08939460845721,0.0
1121,101.32611206952518,101.9605451795012,0.00980771531026539,101.24467374895303,101.06714981482001,98.31116255432508,103.39480770502426,100.0,0.0,1.2931685718968269,0.29198778717531926,0.005378752453608104,-0.004400362052606593,87.62167396303866,0.0
1122,101.40042650282271,101.9605451795012,0.00980771531026539,101.41155712012579,101.06714981482001,98.31116255432508,103.39480770502426,100.0,0.0,1.2931685718968269,0.29198778717531926,0.005378752453608104,-0.004400362052606593,87.62167396303866,0.0
1123,101.21222353692468,101.9605451795012,0.00980771531026539,101.41155712012579,101.06714981482001,98.31116255432508,103.39480770502426,100.0,0.0,1.2931685718968269,0.29198778717531926,0.005378752453608104,-0.004400362052606593,87.62167396303866,0.0
1124,101.28902758365754,101.9605451795012,0.00980771531026539,101.41155712012579,101.06714981482001,98.31116255432508,103.39480770502426,100.0,0.0,1.2931685718968269,0.29198778717531926,0.005378752453608104,-0.004400362052606593,87.62167396303866,0.0
1125,101.36085475378088,101.9605451795012,0.00980771531026539,101.44912255487976,101.06714981482001,98.31116255432508,103.39480770502426,100.0,0.0,1.2931685718968269,0.29198778717531926,0.005378752453608104,-0.004400362052606593,87.62167396303866,0.0
1126,101.44188322182366,101.9605451795012,0.00980771531026539,101.44912255487976,101.06714981482001,98.31116255432508,103.39480770502426,100.0,0.0,1.2931685718968269,0.29198778717531926,0.005378752453608104,-0.004400362052606593,87.62167396303866,0.0
1127,101.47753095136453,101.9062676449738,0.009812939116599289,101.53007854812824,101.1308467625999,100.88720496852407,101.90626764497381,100.0,0.0,1.2030484194784141,0.3627890084577874,0.005514322621311255,-0.00381910905617648,76.09157908474829,0.0
1128,101.49538954318359,101.9062676449738,0.009812939116599289,101.53007854812824,101.1308467625999,100.88720496852407,101.90626764497381,100.0,0.0,1.2030484194784141,0.3627890084577874,0.005514322621311255,-0.00381910905617648,76.09157908474829,0.0
1129,101.45569176161743,101.9062676449738,0.009812939116599289,101.59764944431943,101.1308467625999,100.88720496852407,101.90626764497381,100.0,0.0,1.2030484194784141,0.3627890084577874,0.005514322621311255,-0.00381910905617648,76.09157908474829,0.0
1130,101.51795033837962,102.15883399680777,0.00978867867688513,101.85235749481738,101.14082585348918,98.97832991094457,103.87161028809112,100.0,0.0,1.1554408791510433,0.24814768178512658,0.00573603980895689,-0.0050074266925396,99.64954605398147,0.0
1131,101.63319334231478,102.15883399680777,0.00978867867688513,101.85235749481738,101.14082585348918,98.97832991094457,103.87161028809112,100.0,0.0,1.1554408791510433,0.24814768178512658,0.00573603980895689,-0.0050074266925396,99.64954605398147,0.0
1132,101.55131169808399,102.15883399680777,0.00978867867688513,101.85235749481738,101.14082585348918,98.97832991094457,103.87161028809112,100.0,0.0,1.1554408791510433,0.24814768178512658,0.00573603980895689,-0.0050074266925396,99.64954605398147,0.0
1133,101.61811280448282,102.15883399680777,0.00978867867688513,101.85235749481738,101.14082585348918,98.97832991094457,103.87161028809112,100.0,0.0,1.1554408791510433,0.24814768178512658,0.00573603980895689,-0.0050074266925396,99.64954605398147,0.0
1134,101.57249052381029,102.15883399680777,0.00978867867688513,101.5628734044526,101.14082585348918,98.97832991094457,103.87161028809112,100.0,0.0,1.1554408791510433,0.24814768178512658,0.00573603980895689,-0.0050074266925396,99.64954605398147,0.0
1135,101.51743290233196,102.15883399680777,0.00978867867688513,101.5594670500092,101.14082585348918,98.97832991094457,103.87161028809112,100.0,0.0,1.1554408791510433,0.24814768178512658,0.00573603980895689,-0.0050074266925396,99.64954605398147,0.0
1136,101.53360013724657,102.15883399680777,0.00978867867688513,101.46868584204626,101.14082585348918,98.97832991094457,103.87161028809112,100.0,0.0,1.1554408791510433,0.24814768178512658,0.00573603980895689,-0.0050074266925396,99.64954605398147,0.0
1137,101.42761478359881,102.1412186593763,0.00979036683843406,101.42407870890924,101.28252217396467,101.11980647278254,102.1412186593763,100.0,0.0,1.0744341802475312,0.3233329136066139,0.005898426901164097,-0.004221220600377967,84.06953595054057,0.0
1138,101.41971733625373,102.1412186593763,0.00979036683843406,101.42407870890924,101.28252217396467,101.11980647278254,102.1412186593763,100.0,0.0,1.0744341802475312,0.3233329136066139,0.005898426901164097,-0.004221220600377967,84.06953595054057,0.0
1139,101.31966990013697,102.1412186593763,0.00979036683843406,101.42407870890924,101.28252217396467,101.11980647278254,102.1412186593763,100.0,0.0,1.0744341802475312,0.3233329136066139,0.005898426901164097,-0.004221220600377967,84.06953595054057,0.0
1140,101.21599859517295,101.98971256909917,0.009804910464106748,101.27363635246557,101.21365674112094,100.96981544340818,101.98971256909917,100.0,0.0,1.0151461124943955,0.3909996222459525,0.0060028166020138895,-0.0038191090561764266,76.09157908474717,0.0
1141,101.27112953288501,101.98971256909917,0.009804910464106748,101.27363635246557,101.21365674112094,100.96981544340818,101.98971256909917,100.0,0.0,1.0151461124943955,0.3909996222459525,0.0060028166020138895,-0.0038191090561764266,76.09157908474717,0.0
1142,101.08789823123176,101.66028603493704,0.00983668292706097,100.9465227428161,101.0720567647948,100.64368317458768,101.66028603493704,100.0,0.0,0.9739344234948439,0.4518996600213573,0.00599082939834544,-0.0029015067947166257,57.86224818805752,0.0
1143,101.0950985738589,101.54686446905828,0.009847669893389017,100.83389751691846,100.93065488973227,100.53139582436768,101.54686446905826,100.0,0.0,0.9760196696152564,0.5067096940192216,0.005996582537201979,-0.003043348127127548,60.68228522346564,0.0
1144,101.09371929188141,101.54686446905828,0.009847669893389017,100.83389751691846,100.93065488973227,100.53139582436768,101.54686446905826,100.0,0.0,0.9760196696152564,0.5067096940192216,0.005996582537201979,-0.003043348127127548,60.68228522346564,0.0
1145,100.97321329311413,101.54686446905828,0.009847669893389017,100.83389751691846,100.93065488973227,100.53139582436768,101.54686446905826,100.0,0.0,0.9760196696152564,0.5067096940192216,0.005996582537201979,-0.003043348127127548,60.68228522346564,0.0
1146,101.13325053746485,101.54686446905828,0.009847669893389017,100.83389751691846,100.93065488973227,100.53139582436768,101.54686446905826,100.0,0.0,0.9760196696152564,0.5067096940192216,0.005996582537201979,-0.003043348127127548,60.68228522346564,0.0
1147,101.03194800480985,101.54686446905828,0.009847669893389017,100.84848061456654,100.93065488973227,100.53139582436768,101.54686446905826,100.0,0.0,0.9760196696152564,0.5067096940192216,0.005996582537201979,-0.003043348127127548,60.68228522346564,0.0
1148,101.13737926285653,101.44996774191871,0.009857075583739236,100.737681107823,100.78945083878563,100.43546806449953,101.44996774191871,100.0,0.0,0.9139380960460359,0.5560387246172994,0.006028710736052194,-0.0032660146462470964,65.10765038520216,0.0
1149,101.07695890060599,101.44996774191871,0.009857075583739236,100.95504028337552,100.78945083878563,100.43546806449953,101.44996774191871,100.0,0.0,0.9139380960460359,0.5560387246172994,0.006028710736052194,-0.0032660146462470964,65.10765038520216,0.0
1150,101.13767679412506,101.44996774191871,0.009857075583739236,100.95504028337552,100.78945083878563,100.43546806449953,101.44996774191871,100.0,0.0,0.9139380960460359,0.5560387246172994,0.006028710736052194,-0.0032660146462470964,65.10765038520216,0.0
1151,101.2423954030259,101.64936313306623,0.009837739944232893,101.34441504366707,100.79400728388835,98.35971755987,103.59093385039455,100.0,0.0,0.8674897150290197,0.5004348521555695,0.0061740104383779205,-0.00422516107796556,84.14768403990469,0.0
1152,101.24711167248134,101.85871310554073,0.009817520460560421,101.55313696622407,100.79842723244707,97.15263757571327,104.87800691306325,100.0,0.0,0.8780905378266981,0.4503913669400125,0.006431405897720186,-0.005231919641841052,104.09378253140144,0.0
1153,101.26658808725918,101.90209819172989,0.009813340625415674,101.59639189715467,100.80271476773474,95.91098417956954,106.2357464314127,100.0,0.0,0.8878432948005622,0.4053522302460113,0.006696356136853657,-0.005423568429107772,107.88624017600168,0.0
1154,101.19010720069785,101.90209819172989,0.009813340625415674,101.4945909736187,100.80271476773474,95.91098417956954,106.2357464314127,100.0,0.0,0.8878432948005622,0.4053522302460113,0.006696356136853657,-0.005423568429107772,107.88624017600168,0.0
1155,101.05282272097047,101.90209819172989,0.009813340625415674,101.35689340117398,100.80271476773474,95.91098417956954,106.2357464314127,100.0,0.0,0.8878432948005622,0.4053522302460113,0.006696356136853657,-0.005423568429107772,107.88624017600168,0.0
1156,101.12746235083571,101.90209819172989,0.009813340625415674,101.35689340117398,100.80271476773474,95.91098417956954,106.2357464314127,100.0,0.0,0.8878432948005622,0.4053522302460113,0.006696356136853657,-0.005423568429107772,107.88624017600168,0.0
1157,101.11448764236394,101.90209819172989,0.009813340625415674,101.35689340117398,100.80271476773474,95.91098417956954,106.2357464314127,100.0,0.0,0.8878432948005622,0.4053522302460113,0.006696356136853657,-0.005423568429107772,107.88624017600168,0.0
1158,101.02364851060877,101.90209819172989,0.009813340625415674,101.23008026485708,100.80271476773474,95.91098417956954,106.2357464314127,100.0,0.0,0.8878432948005622,0.4053522302460113,0.006696356136853657,-0.005423568429107772,107.88624017600168,0.0
1159,101.00630791972365,101.75213163533756,0.009827803938140884,101.03772348945253,100.94393740118663,100.73461031898417,101.75213163533755,100.0,0.0,0.8301491645498505,0.46481700722141017,0.0067730439491693745,-0.003987222041317881,79.42774477171177,0.0
1160,100.77781651470015,101.76231048462749,0.009826820904887599,101.45702355317357,101.08535788478814,100.74468737978121,101.76231048462749,100.0,0.0,0.8437372313858625,0.5183353064992692,0.006767132336659964,-0.0033372461477177307,66.52291959719392,0.0
1161,100.75535917800795,101.76231048462749,0.009826820904887599,101.05853478235501,101.08535788478814,100.74468737978121,101.76231048462749,100.0,0.0,0.8437372313858625,0.5183353064992692,0.006767132336659964,-0.0033372461477177307,66.52291959719392,0.0
1162,100.91046563199983,101.76231048462749,0.009826820904887599,101.05853478235501,101.08535788478814,100.74468737978121,101.76231048462749,100.0,0.0,0.8437372313858625,0.5183353064992692,0.006767132336659964,-0.0033372461477177307,66.52291959719392,0.0
1163,100.86964058099636,101.22308731515851,0.00987916913546112,100.5123936228755,101.09035975999954,98.41049301039148,104.1760064725566,100.0,0.0,0.8029049195416602,0.46650177584934227,0.006439830299925401,-0.0006560491014206628,13.11237966351797,0.0
1164,100.87430880890842,101.22308731515851,0.00987916913546112,100.57168588248169,101.09035975999954,98.41049301039148,104.1760064725566,100.0,0.0,0.8029049195416602,0.46650177584934227,0.006439830299925401,-0.0006560491014206628,13.11237966351797,0.0
1165,100.64671937104454,101.22308731515851,0.00987916913546112,100.75083546880471,101.09035975999954,98.41049301039148,104.1760064725566,100.0,0.0,0.8029049195416602,0.46650177584934227,0.006439830299925401,-0.0006560491014206628,13.11237966351797,0.0
1166,100.63842059137927,101.22308731515851,0.00987916913546112,100.75083546880471,101.09035975999954,98.41049301039148,104.1760064725566,100.0,0.0,0.8029049195416602,0.46650177584934227,0.006439830299925401,-0.0006560491014206628,13.11237966351797,0.0
1167,100.7661690533177,101.22308731515851,0.00987916913546112,100.75083546880471,101.09035975999954,98.41049301039148,104.1760064725566,100.0,0.0,0.8029049195416602,0.46650177584934227,0.006439830299925401,-0.0006560491014206628,13.11237966351797,0.0
1168,100.80964625829922,101.1815991718968,0.009883219954856673,100.47119677048934,101.09521181542962,95.61671405900917,107.21987528761,100.0,0.0,0.7546725259783275,0.41985159826440804,0.00610468947757957,-0.0004270749377821752,8.537852452839001,0.0
1169,100.76842833924823,101.1815991718968,0.009883219954856673,100.47119677048934,101.09521181542962,95.61671405900917,107.21987528761,100.0,0.0,0.7546725259783275,0.41985159826440804,0.00610468947757957,-0.0004270749377821752,8.537852452839001,0.0
1170,100.79836572091186,101.1815991718968,0.009883219954856673,100.49597062374912,101.09521181542962,95.61671405900917,107.21987528761,100.0,0.0,0.7546725259783275,0.41985159826440804,0.00610468947757957,-0.0004270749377821752,8.537852452839001,0.0
1171,100.83971031180863,101.1815991718968,0.009883219954856673,100.53719118087322,101.09521181542962,95.61671405900917,107.21987528761,100.0,0.0,0.7546725259783275,0.41985159826440804,0.00610468947757957,-0.0004270749377821752,8.537852452839001,0.0
1172,100.8814178732488,101.1815991718968,0.009883219954856673,100.57877361962905,101.09521181542962,95.61671405900917,107.21987528761,100.0,0.0,0.7546725259783275,0.41985159826440804,0.00610468947757957,-0.0004270749377821752,8.537852452839001,0.0
1173,101.03439757860053,101.1815991718968,0.009883219954856673,100.73129438586471,101.09521181542962,95.61671405900917,107.21987528761,100.0,0.0,0.7546725259783275,0.41985159826440804,0.00610468947757957,-0.0004270749377821752,8.537852452839001,0.0
1174,101.06200963244689,101.1815991718968,0.009883219954856673,100.56153458985376,101.09521181542962,95.61671405900917,107.21987528761,100.0,0.0,0.7546725259783275,0.41985159826440804,0.00610468947757957,-0.0004270749377821752,8.537852452839001,0.0
1175,101.01073365782932,101.1815991718968,0.009883219954856673,100.70770145685584,101.09521181542962,95.61671405900917,107.21987528761,100.0,0.0,0.7546725259783275,0.41985159826440804,0.00610468947757957,-0.0004270749377821752,8.537852452839001,0.0
1176,101.04659751216455,101.10668461373993,0.009890542883690843,100.39680819217908,101.07484842698362,94.08988070154639,107.17308569056435,100.0,0.0,0.7042987239000613,0.37786643843796724,0.005757303714200304,-0.00015746337599442214,3.148771703666009,0.0
1177,101.09531860658986,101.10668461373993,0.009890542883690843,100.7299663521366,101.07484842698362,94.08988070154639,107.17308569056435,100.0,0.0,0.7042987239000613,0.37786643843796724,0.005757303714200304,-0.00015746337599442214,3.148771703666009,0.0
1178,101.02130238460174,101.10668461373993,0.009890542883690843,100.70312417094227,101.07484842698362,94.08988070154639,107.17308569056435,100.0,0.0,0.7042987239000613,0.37786643843796724,0.005757303714200304,-0.00015746337599442214,3.148771703666009,0.0
1179,100.85002673195244,101.10668461373993,0.009890542883690843,100.70312417094227,101.07484842698362,94.08988070154639,107.17308569056435,100.0,0.0,0.7042987239000613,0.37786643843796724,0.005757303714200304,-0.00015746337599442214,3.148771703666009,0.0
1180,100.89344996936678,100.92830931630495,0.009908022900354382,100.21968527897886,101.04974674873272,93.92388464975338,106.98400787528325,100.0,0.0,0.6679548259880564,0.34007979459417054,0.0054840143867836335,0.0006012407228469639,0.0,12.01758899304628
1181,101.06261509554618,98.93266802044855,0.01010788468570673,98.4643412544323,100.90275146753349,100.05198894459072,101.06261509554618,0.0,100.0,1.364585018840643,0.23454708042183367,0.005719378444730267,0.009858529844872774,0.0,195.24576073813304
1182,100.98842873189322,100.03517229831058,0.009996484006824548,100.74249169839963,100.75934842630413,99.97854444457427,100.98842873189321,0.0,100.0,1.4596262095200454,0.23643020300853423,0.005710046535812705,0.003606553233525284,0.0,71.87185499945792
1183,100.7861587501754,100.13539151232644,0.009986479154844092,100.84341953312065,100.90051030435916,100.13539151232644,101.14686011346105,0.0,100.0,1.4228561127584418,0.3127871827076808,0.0058241517123388915,0.003805881363073049,0.0,75.82903096573057
1184,100.89560006952973,100.2410971480737,0.009975948273219959,100.8671145751062,101.00969587426808,100.2410971480737,101.25363348290273,0.0,100.0,1.3890276237377666,0.3815084644369128,0.005932997924518225,0.0038191090561766573,0.0,76.09157908475272
1185,101.00114166281226,100.2410971480737,0.009975948273219959,100.8671145751062,101.00969587426808,100.2410971480737,101.25363348290273,0.0,100.0,1.3890276237377666,0.3815084644369128,0.005932997924518225,0.0038191090561766573,0.0,76.09157908475272
1186,100.75494966011841,100.2410971480737,0.009975948273219959,100.8671145751062,101.00969587426808,100.2410971480737,101.25363348290273,0.0,100.0,1.3890276237377666,0.3815084644369128,0.005932997924518225,0.0038191090561766573,0.0,76.09157908475272
1187,100.72846807573559,100.2410971480737,0.009975948273219959,100.78071548920629,101.00969587426808,100.2410971480737,101.25363348290273,0.0,100.0,1.3890276237377666,0.3815084644369128,0.005932997924518225,0.0038191090561766573,0.0,76.09157908475272
1188,100.85194425723353,100.2410971480737,0.009975948273219959,100.78071548920629,101.00969587426808,100.2410971480737,101.25363348290273,0.0,100.0,1.3890276237377666,0.3815084644369128,0.005932997924518225,0.0038191090561766573,0.0,76.09157908475272
1189,100.78330255596583,100.2410971480737,0.009975948273219959,100.80275556930278,101.00969587426808,100.2410971480737,101.25363348290273,0.0,100.0,1.3890276237377666,0.3815084644369128,0.005932997924518225,0.0038191090561766573,0.0,76.09157908475272
1190,100.81128733729152,100.2410971480737,0.009975948273219959,100.80275556930278,101.00969587426808,100.2410971480737,101.25363348290273,0.0,100.0,1.3890276237377666,0.3815084644369128,0.005932997924518225,0.0038191090561766573,0.0,76.09157908475272
1191,100.79296687744622,100.56076546245994,0.009944236158119811,101.27180117785107,101.10573219554988,100.33850023800078,101.35202044242503,0.0,100.0,1.2351090799370785,0.33695178967484835,0.005835333955424325,0.0027023166436603773,0.0,53.90067617886518
1192,100.81153807887502,102.364056712888,0.009769054022593229,103.08784297247408,101.09786996559536,99.17428969456108,102.54179544521446,100.0,0.0,1.2163003535421124,0.30325661070736354,0.006232009024658392,-0.006223212214506879,123.69446736993473,0.0
1193,100.93328262956072,101.95281073693,0.00980845935263434,101.2369936103919,101.17703570081984,100.93328262956072,101.95281073693002,100.0,0.0,1.1989963252587434,0.3729309496366272,0.006316383798098539,-0.0038191090561766386,76.0915790847505,0.0
1194,100.88556154929354,101.904607625549,0.00981309896873873,101.18912893610182,101.12919937452493,100.88556154929351,101.904607625549,100.0,0.0,1.1830766192380442,0.43563785467296445,0.00639569608513233,-0.003819109056176983,76.09157908475828,0.0
1195,100.72510629839722,101.74253161454266,0.009828731250649007,101.13178295144887,100.98771755578241,100.72510629839722,101.74253161454266,100.0,0.0,1.1684304896990008,0.492074069205668,0.006458745590547875,-0.0037232433830142243,74.18864527766078,0.0
1196,100.68125616536707,101.61622055949286,0.009840948566026759,100.90276665385952,100.92651041095422,100.68125616536707,101.69823855087583,100.0,0.0,1.3188657194080031,0.41257866333667687,0.006342061438039062,-0.0034052574744796154,67.87402097235385,0.0
1197,100.61954854284761,101.61622055949286,0.009840948566026759,100.90276665385952,100.92651041095422,100.68125616536707,101.69823855087583,100.0,0.0,1.3188657194080031,0.41257866333667687,0.006342061438039062,-0.0034052574744796154,67.87402097235385,0.0
1198,100.60859362983011,101.61622055949286,0.009840948566026759,100.90276665385952,100.92651041095422,100.68125616536707,101.69823855087583,100.0,0.0,1.3188657194080031,0.41257866333667687,0.006342061438039062,-0.0034052574744796154,67.87402097235385,0.0
1199,100.55955743472366,101.5753105401249,0.009844912062611651,100.86214386632261,100.80240796262271,100.55955743472366,101.5753105401249,100.0,0.0,1.2400231285220296,0.4713207970030092,0.006419833066676369,-0.0038191090561765935,76.0915790847494,0.0
1200,100.50367015907229,101.39614092027877,0.00986230827844065,101.09195249751791,100.7505811040683,100.50367015907229,101.51885874653766,100.0,0.0,1.6847876656813785,0.3027714031140443,0.006100983412219708,-0.003193521070961039,63.66709919641056,0.0
1201,100.47992657110002,101.39614092027877,0.00986230827844065,100.78227339127385,100.7505811040683,100.50367015907229,101.51885874653766,100.0,0.0,1.6847876656813785,0.3027714031140443,0.006100983412219708,-0.003193521070961039,63.66709919641056,0.0
1202,100.51624567577646,101.39614092027877,0.00986230827844065,100.71907259361542,100.7505811040683,100.50367015907229,101.51885874653766,100.0,0.0,1.6847876656813785,0.3027714031140443,0.006100983412219708,-0.003193521070961039,63.66709919641056,0.0
1203,100.42965037936831,101.36064162335724,0.009865762331259385,100.64898215358443,100.60962898003162,100.34703520712368,101.36064162335725,100.0,0.0,1.5766713190935349,0.37249426280263986,0.006181138260126114,-0.0037184316339329356,74.0931224682162,0.0
1204,100.38564570680545,101.36064162335724,0.009865762331259385,100.968716953728,100.60962898003162,100.34703520712368,101.36064162335725,100.0,0.0,1.5766713190935349,0.37249426280263986,0.006181138260126114,-0.0037184316339329356,74.0931224682162,0.0
1205,100.28637012809949,101.29936376575705,0.009871730313256291,100.58813453169456,100.52856091083525,100.28637012809949,101.29936376575706,100.0,0.0,1.4905376135660522,0.4352448365223759,0.0062685652794382644,-0.0038191090561771448,76.0915790847616,0.0
1206,100.27199713858694,101.28484559453224,0.009873145327221429,100.57371829346732,100.51415321066794,100.27199713858694,101.28484559453226,100.0,0.0,1.4512946044807682,0.49172035287013827,0.006350746677591619,-0.003819109056176589,76.0915790847505,0.0
1207,100.25671585065105,101.26940995015258,0.009874650207720433,100.5583910237222,100.4988350185437,100.25671585065106,101.26940995015259,100.0,0.0,1.4151910361223068,0.5425483175831245,0.006427997191855826,-0.003819109056176999,76.09157908475939,0.0
1208,100.40347750696995,101.26940995015258,0.009874650207720433,100.5583910237222,100.4988350185437,100.25671585065106,101.26940995015259,100.0,0.0,1.4151910361223068,0.5425483175831245,0.006427997191855826,-0.003819109056176999,76.09157908475939,0.0
1209,100.40146458066639,101.26940995015258,0.009874650207720433,100.77488165128666,100.4988350185437,100.25671585065106,101.26940995015259,100.0,0.0,1.4151910361223068,0.5425483175831245,0.006427997191855826,-0.003819109056176999,76.09157908475939,0.0
1210,100.14460264083647,101.1561642836732,0.009885705009490972,100.44594046222313,100.3864510562231,100.14460264083647,101.1561642836732,100.0,0.0,1.3286424198991889,0.5882934858248121,0.006500612675264127,-0.0038191090561766235,76.0915790847505,0.0
1211,100.23921047510078,101.078447643326,0.009893305875933957,100.36876947531873,100.30932577406442,100.06766316689274,101.078447643326,100.0,0.0,1.302351026307254,0.6294641372423309,0.00656887122966793,-0.003819109056176558,76.0915790847494,0.0
1212,100.26798266342821,101.078447643326,0.009893305875933957,100.36876947531873,100.30932577406442,100.06766316689274,101.078447643326,100.0,0.0,1.302351026307254,0.6294641372423309,0.00656887122966793,-0.003819109056176558,76.0915790847494,0.0
1213,100.35655674146423,100.91189213241196,0.009909634819728142,100.20338336117138,100.16899097526124,99.90277321108785,100.91189213241196,100.0,0.0,1.2381629442026738,0.6665177235180978,0.006618085648503867,-0.0036945389619804573,73.6187917451714,0.0
1214,100.1371489980747,100.80591275732289,0.009920053027121236,100.09814807397159,100.05839770551822,99.81525299810679,100.82348787687555,100.0,0.0,1.368905728759839,0.5318981228863789,0.0065018286639029555,-0.0037214926339189155,74.15388952473401,0.0
1215,100.10568460894201,100.80591275732289,0.009920053027121236,100.09814807397159,100.05839770551822,99.81525299810679,100.82348787687555,100.0,0.0,1.368905728759839,0.5318981228863789,0.0065018286639029555,-0.0037214926339189155,74.15388952473401,0.0
1216,99.9100206149932,100.80591275732289,0.009920053027121236,100.09814807397159,100.05839770551822,99.81525299810679,100.82348787687555,100.0,0.0,1.368905728759839,0.5318981228863789,0.0065018286639029555,-0.0037214926339189155,74.15388952473401,0.0
1217,99.7889614672534,100.79693077500345,0.00992093699987926,100.08922915471754,100.02995101204682,99.78896146725342,100.79693077500345,100.0,0.0,1.2860599371257184,0.5787083105977411,0.006570014258988429,-0.0038191090561764973,76.0915790847494,0.0
1218,99.83431891326357,100.79693077500345,0.00992093699987926,100.33225394585884,100.02995101204682,99.78896146725342,100.79693077500345,100.0,0.0,1.2860599371257184,0.5787083105977411,0.006570014258988429,-0.0038191090561764973,76.0915790847494,0.0
1219,99.87356743151335,100.55761135289455,0.009944548070962256,99.85159000939382,99.89000706425092,99.55203523936562,100.55761135289457,100.0,0.0,1.2231751421556611,0.620837479537967,0.00657548296047666,-0.0033305673268429993,66.39022940797324,0.0
1220,99.87996555792853,100.67469408436915,0.009932982752964342,100.37267000211607,99.89617796339951,98.25140086087657,101.88877493120845,100.0,0.0,1.3581504820109025,0.4246528360039694,0.006451350637602027,-0.003881501401580555,77.32987202496156,0.0
1221,99.76329356888154,100.67469408436915,0.009932982752964342,100.06348402094436,99.89617796339951,98.25140086087657,101.88877493120845,100.0,0.0,1.3581504820109025,0.4246528360039694,0.006451350637602027,-0.003881501401580555,77.32987202496156,0.0
1222,99.79217023216604,100.67469408436915,0.009932982752964342,100.06348402094436,99.89617796339951,98.25140086087657,101.88877493120845,100.0,0.0,1.3581504820109025,0.4246528360039694,0.006451350637602027,-0.003881501401580555,77.32987202496156,0.0
1223,99.80127501629563,100.67469408436915,0.009932982752964342,100.23706732334236,99.89617796339951,98.25140086087657,101.88877493120845,100.0,0.0,1.3581504820109025,0.4246528360039694,0.006451350637602027,-0.003881501401580555,77.32987202496156,0.0
1224,99.70220353695044,100.75436139244978,0.009925128661228723,100.45209830827244,99.90089582062231,95.7484180471308,104.55227431603268,100.0,0.0,1.2694984434500303,0.3821875524035725,0.006574679780779386,-0.004253392528465881,84.70755608316782,0.0
1225,99.80331559841733,100.75436139244978,0.009925128661228723,100.10362647785088,99.90089582062231,95.7484180471308,104.55227431603268,100.0,0.0,1.2694984434500303,0.3821875524035725,0.006574679780779386,-0.004253392528465881,84.70755608316782,0.0
1226,99.72437558543312,100.73169251053851,0.009927362234039503,100.02444893222982,99.96520915583787,99.72437558543312,100.73169251053851,100.0,0.0,1.207938567974028,0.44396879716321525,0.006638494308852274,-0.003819109056176642,76.0915790847505,0.0
1227,99.94118369546709,100.73169251053851,0.009927362234039503,100.3596249663313,99.96520915583787,99.72437558543312,100.73169251053851,100.0,0.0,1.207938567974028,0.44396879716321525,0.006638494308852274,-0.003819109056176642,76.0915790847505,0.0
1228,100.0341096559344,101.1602251813779,0.00988530816540813,100.85674450583376,99.97507322738348,97.86937085442494,102.64094935502615,100.0,0.0,1.2060167163781625,0.30367465725963927,0.006867655750900667,-0.005892312107176066,117.15592288070286,0.0
1229,100.03362023846559,101.04406084693495,0.009896672715033047,100.42986732221794,100.11513635121152,100.03362023846559,101.04406084693494,100.0,0.0,1.1895353790679097,0.3733071915336753,0.007009743237846313,-0.004617857441578536,91.93261711151868,0.0
1230,100.10809659364492,101.01114286477683,0.009899897888876436,100.30193724787264,100.24253312820312,100.00103143612905,101.01114286477683,100.0,0.0,1.174372548742477,0.4359764723803078,0.007047453958495238,-0.0038191090561769717,76.09157908475939,0.0
1231,100.18724811134217,101.01114286477683,0.009899897888876436,100.30193724787264,100.24253312820312,100.00103143612905,101.01114286477683,100.0,0.0,1.174372548742477,0.4359764723803078,0.007047453958495238,-0.0038191090561769717,76.09157908475939,0.0
1232,100.22073118929335,100.92191064224714,0.009908651091088122,100.21333153041591,100.15397988774524,99.91269153582465,100.92191064224713,100.0,0.0,1.1204227448430788,0.49237882514227704,0.007082902035905187,-0.0038191090561767054,76.09157908475272,0.0
1233,100.18005716581443,100.92191064224714,0.009908651091088122,100.21333153041591,100.15397988774524,99.91269153582465,100.92191064224713,100.0,0.0,1.1204227448430788,0.49237882514227704,0.007082902035905187,-0.0038191090561767054,76.09157908475272,0.0
1234,100.20582958828025,100.92191064224714,0.009908651091088122,100.253571067723,100.15397988774524,99.91269153582465,100.92191064224713,100.0,0.0,1.1204227448430788,0.49237882514227704,0.007082902035905187,-0.0038191090561767054,76.09157908475272,0.0
1235,100.07026221266884,100.76526259848629,0.009924054919448224,100.15601352245507,100.01386242101495,99.75760997250143,100.76526259848629,100.0,0.0,1.0574555919222992,0.5431409426280494,0.007107020628182181,-0.003742421815008666,74.56936627708744,0.0
1236,99.91709214552782,100.76526259848629,0.009924054919448224,100.10718161419035,100.01386242101495,99.75760997250143,100.76526259848629,100.0,0.0,1.0574555919222992,0.5431409426280494,0.007107020628182181,-0.003742421815008666,74.56936627708744,0.0
1237,99.96641718434566,100.76526259848629,0.009924054919448224,100.10718161419035,100.01386242101495,99.75760997250143,100.76526259848629,100.0,0.0,1.0574555919222992,0.5431409426280494,0.007107020628182181,-0.003742421815008666,74.56936627708744,0.0
1238,99.93412076014832,101.01834339745406,0.009899192229529303,100.71528836726172,100.0231520073372,97.3316191209716,103.2768370223341,100.0,0.0,1.0509634660967753,0.3715084047575858,0.007084743086318629,-0.004950179007140161,98.51590875939232,0.0
1239,100.17360546911779,100.95604226103005,0.009905301135066477,100.24722350894655,100.16328248859638,99.94648183841973,100.95604226103003,100.0,0.0,1.0468863888090334,0.43435756428182726,0.007132669563149483,-0.003941738435232666,78.52524273722072,0.0
1240,100.1741896093957,100.95604226103005,0.009905301135066477,100.24722350894655,100.16328248859638,99.94648183841973,100.95604226103003,100.0,0.0,1.0468863888090334,0.43435756428182726,0.007132669563149483,-0.003941738435232666,78.52524273722072,0.0
1241,100.23640826941252,100.95604226103005,0.009905301135066477,100.24722350894655,100.16328248859638,99.94648183841973,100.95604226103003,100.0,0.0,1.0468863888090334,0.43435756428182726,0.007132669563149483,-0.003941738435232666,78.52524273722072,0.0
1242,100.14921138463114,100.95604226103005,0.009905301135066477,100.24722350894655,100.16328248859638,99.94648183841973,100.95604226103003,100.0,0.0,1.0468863888090334,0.43435756428182726,0.007132669563149483,-0.003941738435232666,78.52524273722072,0.0
1243,100.22161169288061,100.95604226103005,0.009905301135066477,100.24722350894655,100.16328248859638,99.94648183841973,100.95604226103003,100.0,0.0,1.0468863888090334,0.43435756428182726,0.007132669563149483,-0.003941738435232666,78.52524273722072,0.0
1244,100.31040343519494,101.03656968449233,0.009897406484827303,100.73345997543889,100.17187190773876,96.80867355438565,104.22827701127679,100.0,0.0,0.9791354777043108,0.39092180785364455,0.007220415247375627,-0.004297522359951353,85.58265383056596,0.0
1245,100.25004326063498,101.00081572335174,0.009900910134617818,100.29168261396012,100.23228456762789,99.99080756611824,101.00081572335175,100.0,0.0,0.9808046394879659,0.4518296270682801,0.007245485647452793,-0.0038191090561770806,76.09157908475939,0.0
1246,100.31083177717161,101.00081572335174,0.009900910134617818,100.31630875184393,100.23228456762789,99.99080756611824,101.00081572335175,100.0,0.0,0.9808046394879659,0.4518296270682801,0.007245485647452793,-0.0038191090561770806,76.09157908475939,0.0
1247,100.41619330722372,101.00081572335174,0.009900910134617818,100.31630875184393,100.23228456762789,99.99080756611824,101.00081572335175,100.0,0.0,0.9808046394879659,0.4518296270682801,0.007245485647452793,-0.0038191090561770806,76.09157908475939,0.0
1248,100.36919352634808,100.98085679079384,0.009902867055997957,100.27186381432892,100.2124775057395,99.97104822288591,100.98085679079385,100.0,0.0,0.9290069349955953,0.5066466643614521,0.007269051823525342,-0.0038191090561770645,76.0915790847605,0.0
1249,100.38402562806826,100.02212153895215,0.00999778833535904,99.31985990327247,100.09649658844756,99.84913454436592,100.85771166097568,100.0,0.0,1.9923484910947475,0.24406275352125956,0.006121071227233211,0.0003716548224816094,0.0,7.430334929824367
1250,100.42584360835188,100.53834578577705,0.009946453685748506,100.23673074841973,100.18180599711049,99.42158517226837,100.42584360835188,100.0,0.0,1.910109277209591,0.24293892340854156,0.005651198168878979,-0.0017763029048135609,35.463064950985725,0.0
1251,100.34617490497813,100.53834578577705,0.009946453685748506,100.23673074841973,100.18180599711049,99.42158517226837,100.42584360835188,100.0,0.0,1.910109277209591,0.24293892340854156,0.005651198168878979,-0.0017763029048135609,35.463064950985725,0.0
1252,100.32373256521299,100.53834578577705,0.009946453685748506,100.23673074841973,100.18180599711049,99.42158517226837,100.42584360835188,100.0,0.0,1.910109277209591,0.24293892340854156,0.005651198168878979,-0.0017763029048135609,35.463064950985725,0.0
1253,100.19133400186375,100.53834578577705,0.009946453685748506,100.23673074841973,100.18180599711049,99.42158517226837,100.42584360835188,100.0,0.0,1.910109277209591,0.24293892340854156,0.005651198168878979,-0.0017763029048135609,35.463064950985725,0.0
1254,100.00144821891469,100.53834578577705,0.009946453685748506,100.23673074841973,100.18180599711049,99.42158517226837,100.42584360835188,100.0,0.0,1.910109277209591,0.24293892340854156,0.005651198168878979,-0.0017763029048135609,35.463064950985725,0.0
1255,100.08433605816799,100.53834578577705,0.009946453685748506,100.0155603031299,100.18180599711049,99.42158517226837,100.42584360835188,100.0,0.0,1.910109277209591,0.24293892340854156,0.005651198168878979,-0.0017763029048135609,35.463064950985725,0.0
1256,100.09936500211668,106.02341416905256,0.00943187887163789,105.7053439265454,100.20414759675435,98.66538922572029,103.24498760768198,100.0,0.0,1.770633868366157,0.2186450310676874,0.00869914890665639,-0.028217695648783257,548.8661743168799,0.0
1257,100.12199479466841,101.13332807542265,0.009887937231277762,100.60926023847122,100.3445316492972,100.12199479466841,101.13332807542264,100.0,0.0,1.7089831588968647,0.2967805279609187,0.008647008689126674,-0.003915052637561135,77.99569549784668,0.0
1258,100.06393719749242,100.87401024826231,0.009913356250424537,100.16576744812409,100.30768768653623,100.06393719749242,101.07468403787114,100.0,0.0,1.7067663148243901,0.2789978811252684,0.008240193751379415,-0.002814980525264413,56.141573070437325,0.0
1259,100.18056845669338,100.84430708579453,0.009916276177585689,100.13627283343693,100.16735517945101,99.83586401493658,100.84430708579453,100.0,0.0,1.650225009638439,0.35109809301274153,0.008149910598026692,-0.0033677245325708476,67.12842062245427,0.0
1260,100.29519185821312,100.84430708579453,0.009916276177585689,100.50767484139489,100.16735517945101,99.83586401493658,100.84430708579453,100.0,0.0,1.650225009638439,0.35109809301274153,0.008149910598026692,-0.0033677245325708476,67.12842062245427,0.0
1261,100.23786245897212,101.00538871295132,0.009900461873790858,100.70237254681247,100.17249481797153,97.56082693017676,103.19591218823268,100.0,0.0,1.558207008867364,0.31598828371146737,0.008157729213641253,-0.00414008677475602,82.46034252160528,0.0
1262,100.3891631332872,101.00538871295132,0.009900461873790858,100.69123684381867,100.17249481797153,97.56082693017676,103.19591218823268,100.0,0.0,1.558207008867364,0.31598828371146737,0.008157729213641253,-0.00414008677475602,82.46034252160528,0.0
1263,100.3989501277726,101.00538871295132,0.009900461873790858,100.6294440801078,100.17249481797153,97.56082693017676,103.19591218823268,100.0,0.0,1.558207008867364,0.31598828371146737,0.008157729213641253,-0.00414008677475602,82.46034252160528,0.0
1264,100.33188008133138,101.00538871295132,0.009900461873790858,100.6542514740342,100.17249481797153,97.56082693017676,103.19591218823268,100.0,0.0,1.558207008867364,0.31598828371146737,0.008157729213641253,-0.00414008677475602,82.46034252160528,0.0
1265,100.34299505060453,100.43738983642164,0.009956451493100925,99.73221257578477,100.17529160954011,94.4287075738889,106.46363322660694,100.0,0.0,1.453550448157975,0.2843894553403206,0.007825044209276079,-0.0013064888270890955,26.095682823737974,0.0
1266,100.25524546230622,100.43738983642164,0.009956451493100925,100.00728560296488,100.17529160954011,94.4287075738889,106.46363322660694,100.0,0.0,1.453550448157975,0.2843894553403206,0.007825044209276079,-0.0013064888270890955,26.095682823737974,0.0
1267,100.13487902334126,100.45782659425677,0.009954425990509838,100.156453114474,100.21580622278863,99.4532483283142,100.45782659425677,100.0,0.0,1.377266412305337,0.3559505098062886,0.0075002663930098966,-0.0012060397176782533,24.09173875975279,0.0
1268,100.1786988339426,100.45782659425677,0.009954425990509838,100.07780550311155,100.21580622278863,99.4532483283142,100.45782659425677,100.0,0.0,1.377266412305337,0.3559505098062886,0.0075002663930098966,-0.0012060397176782533,24.09173875975279,0.0
1269,100.31243485585033,100.65165379717784,0.009935256523604571,100.34969883578633,100.3562066088387,99.64513725920607,100.65165379717784,100.0,0.0,1.3070850993209102,0.4203554588256597,0.007226630019960198,-0.0014698290292845461,29.35343605327101,0.0
1270,100.14528915219064,100.65165379717784,0.009935256523604571,100.0188822203784,100.3562066088387,99.64513725920607,100.65165379717784,100.0,0.0,1.3070850993209102,0.4203554588256597,0.007226630019960198,-0.0014698290292845461,29.35343605327101,0.0
1271,100.15511301255664,100.65165379717784,0.009935256523604571,100.1060482198434,100.3562066088387,99.64513725920607,100.65165379717784,100.0,0.0,1.3070850993209102,0.4203554588256597,0.007226630019960198,-0.0014698290292845461,29.35343605327101,0.0
1272,100.16846143398863,100.65165379717784,0.009935256523604571,100.2304741034643,100.3562066088387,99.64513725920607,100.65165379717784,100.0,0.0,1.3070850993209102,0.4203554588256597,0.007226630019960198,-0.0014698290292845461,29.35343605327101,0.0
1273,100.0110522805245,100.65165379717784,0.009935256523604571,100.2304741034643,100.3562066088387,99.64513725920607,100.65165379717784,100.0,0.0,1.3070850993209102,0.4203554588256597,0.007226630019960198,-0.0014698290292845461,29.35343605327101,0.0
1274,100.05336251979436,100.65165379717784,0.009935256523604571,99.95930063154312,100.3562066088387,99.64513725920607,100.65165379717784,100.0,0.0,1.3070850993209102,0.4203554588256597,0.007226630019960198,-0.0014698290292845461,29.35343605327101,0.0
1275,99.92250644640714,100.46671996878268,0.009953544818729256,99.76133677943315,100.34992799584921,96.17910545315908,104.27886400825794,100.0,0.0,1.2158516247085709,0.37831991294309375,0.006862822440211951,-0.0005815851131727103,11.624941370611541,0.0
1276,99.86138756743267,100.43257742517535,0.009956928574744821,99.72743395278194,100.20953639370715,99.42825165092358,100.43257742517534,100.0,0.0,1.1985834947318854,0.44048792164878436,0.006584449489458897,-0.0011116361726009806,22.20803619566114,0.0
1277,99.98453658809113,100.43257742517535,0.009956928574744821,99.72743395278194,100.20953639370715,99.42825165092358,100.43257742517534,100.0,0.0,1.1985834947318854,0.44048792164878436,0.006584449489458897,-0.0011116361726009806,22.20803619566114,0.0
1278,100.06164186766887,100.43257742517535,0.009956928574744821,99.76145694206586,100.20953639370715,99.42825165092358,100.43257742517534,100.0,0.0,1.1985834947318854,0.44048792164878436,0.006584449489458897,-0.0011116361726009806,22.20803619566114,0.0
1279,99.99091481857074,100.43257742517535,0.009956928574744821,99.76145694206586,100.20953639370715,99.42825165092358,100.43257742517534,100.0,0.0,1.1985834947318854,0.44048792164878436,0.006584449489458897,-0.0011116361726009806,22.20803619566114,0.0
1280,99.97080430234455,100.31082533684824,0.00996901377933992,99.9864407683801,100.20111345075065,96.84371534675317,103.11289221429061,100.0,0.0,1.1226968151533347,0.3964391294839059,0.006255041591192811,-0.0005471588712421132,10.937193042641624,0.0
1281,100.00054993874558,100.39114631097446,0.009961037768234777,100.08997287204153,100.1492865839027,99.38723484786472,100.39114631097446,100.0,0.0,1.112881069941068,0.45679521653551536,0.006024463932011718,-0.0012060397176790357,24.091738759768333,0.0
1282,100.10929104658733,100.39114631097446,0.009961037768234777,100.08997287204153,100.1492865839027,99.38723484786472,100.39114631097446,100.0,0.0,1.112881069941068,0.45679521653551536,0.006024463932011718,-0.0012060397176790357,24.091738759768333,0.0
1283,100.10892248927071,100.39114631097446,0.009961037768234777,100.08997287204153,100.1492865839027,99.38723484786472,100.39114631097446,100.0,0.0,1.112881069941068,0.45679521653551536,0.006024463932011718,-0.0012060397176790357,24.091738759768333,0.0
1284,100.02887732371435,100.39114631097446,0.009961037768234777,100.08997287204153,100.1492865839027,99.38723484786472,100.39114631097446,100.0,0.0,1.112881069941068,0.45679521653551536,0.006024463932011718,-0.0012060397176790357,24.091738759768333,0.0
1285,100.05939725538482,100.5067678255341,0.009949578736188814,100.20524752205752,100.26462954613002,99.50170014727875,100.5067678255341,100.0,0.0,1.0438505843457826,0.5111156948819638,0.005807720932381437,-0.001206039717678665,24.09173875976167,0.0
1286,100.00790624177063,100.21388737889349,0.009978656912281548,99.51027934313397,100.25676984723617,98.35263032980599,101.68100478262201,100.0,0.0,1.0403425375981201,0.46000412539376745,0.005484926751159068,0.00021390895274171854,0.0,4.277264109747714
1287,99.98028270682448,100.04593376851479,0.009995408732090894,99.34350494566665,100.24914652797978,97.27961256769949,102.80257097024082,100.0,0.0,1.0371151345902705,0.4140037128543907,0.005277579216320485,0.0010145669038110173,0.0,20.270772021812043
1288,99.79858705870372,100.04593376851479,0.009995408732090894,99.54359812186858,100.24914652797978,97.27961256769949,102.80257097024082,100.0,0.0,1.0371151345902705,0.4140037128543907,0.005277579216320485,0.0010145669038110173,0.0,20.270772021812043
1289,99.80497484433103,100.04593376851479,0.009995408732090894,99.54359812186858,100.24914652797978,97.27961256769949,102.80257097024082,100.0,0.0,1.0371151345902705,0.4140037128543907,0.005277579216320485,0.0010145669038110173,0.0,20.270772021812043
1290,99.80405265155859,100.04593376851479,0.009995408732090894,99.54359812186858,100.24914652797978,97.27961256769949,102.80257097024082,100.0,0.0,1.0371151345902705,0.4140037128543907,0.005277579216320485,0.0010145669038110173,0.0,20.270772021812043
1291,99.88282827550303,99.98407686752346,0.01000159256683418,99.34553488693336,100.2417524621391,95.24753350334542,104.99583461231784,100.0,0.0,0.9741459238230489,0.37260334156895164,0.005115355530140453,0.0012869248462014757,0.0,25.705415985515234
1292,99.84502438050494,99.98407686752346,0.01000159256683418,99.54548930736343,100.2417524621391,95.24753350334542,104.99583461231784,100.0,0.0,0.9741459238230489,0.37260334156895164,0.005115355530140453,0.0012869248462014757,0.0,25.705415985515234
1293,99.85427769345894,99.98407686752346,0.01000159256683418,99.64753932505924,100.2417524621391,95.24753350334542,104.99583461231784,100.0,0.0,0.9741459238230489,0.37260334156895164,0.005115355530140453,0.0012869248462014757,0.0,25.705415985515234
1294,99.75994215843167,99.98407686752346,0.01000159256683418,99.33239185628025,100.2417524621391,95.24753350334542,104.99583461231784,100.0,0.0,0.9741459238230489,0.37260334156895164,0.005115355530140453,0.0012869248462014757,0.0,25.705415985515234
1295,99.86443493914658,99.98407686752346,0.01000159256683418,99.56484163432914,100.2417524621391,95.24753350334542,104.99583461231784,100.0,0.0,0.9741459238230489,0.37260334156895164,0.005115355530140453,0.0012869248462014757,0.0,25.705415985515234
1296,99.8543117970632,99.98407686752346,0.01000159256683418,99.64964299271224,100.2417524621391,95.24753350334542,104.99583461231784,100.0,0.0,0.9741459238230489,0.37260334156895164,0.005115355530140453,0.0012869248462014757,0.0,25.705415985515234
1297,99.72524627611901,99.98407686752346,0.01000159256683418,99.64964299271224,100.2417524621391,95.24753350334542,104.99583461231784,100.0,0.0,0.9741459238230489,0.37260334156895164,0.005115355530140453,0.0012869248462014757,0.0,25.705415985515234
1298,99.66843302390342,99.98407686752346,0.01000159256683418,99.64964299271224,100.2417524621391,95.24753350334542,104.99583461231784,100.0,0.0,0.9741459238230489,0.37260334156895164,0.005115355530140453,0.0012869248462014757,0.0,25.705415985515234
1299,99.86996415822017,99.98407686752346,0.01000159256683418,99.64964299271224,100.2417524621391,95.24753350334542,104.99583461231784,100.0,0.0,0.9741459238230489,0.37260334156895164,0.005115355530140453,0.0012869248462014757,0.0,25.705415985515234
1300,99.84314012252949,99.98407686752346,0.01000159256683418,99.53791659267888,100.2417524621391,95.24753350334542,104.99583461231784,100.0,0.0,0.9741459238230489,0.37260334156895164,0.005115355530140453,0.0012869248462014757,0.0,25.705415985515234
1301,99.8031528150295,99.98407686752346,0.01000159256683418,99.53791659267888,100.2417524621391,95.24753350334542,104.99583461231784,100.0,0.0,0.9741459238230489,0.37260334156895164,0.005115355530140453,0.0012869248462014757,0.0,25.705415985515234
1302,99.92213539244686,99.98407686752346,0.01000159256683418,99.62236898626954,100.2417524621391,95.24753350334542,104.99583461231784,100.0,0.0,0.9741459238230489,0.37260334156895164,0.005115355530140453,0.0012869248462014757,0.0,25.705415985515234
1303,99.96748536184037,100.06132680900484,0.009993871077771943,99.76114282857782,100.10151219978167,99.0607135409148,100.06132680900485,100.0,0.0,0.9028809165838717,0.43534300741205645,0.0048325258178448455,0.00020076349324286765,0.0,4.014463907059396
1304,99.92932368671866,99.26220267546034,0.010074328123359491,98.56527647814018,100.08521691523269,98.10789854963366,101.03311331794602,0.0,100.0,0.9106504432571619,0.3918087066708508,0.005038002150949562,0.004128542227745806,0.0,82.23134895829709
1305,99.96750021877575,99.26220267546034,0.010074328123359491,99.79651645281378,100.08521691523269,98.10789854963366,101.03311331794602,0.0,100.0,0.9106504432571619,0.3918087066708508,0.005038002150949562,0.004128542227745806,0.0,82.23134895829709
1306,100.06236646479098,99.26220267546034,0.010074328123359491,99.75938248362885,100.08521691523269,98.10789854963366,101.03311331794602,0.0,100.0,0.9106504432571619,0.3918087066708508,0.005038002150949562,0.004128542227745806,0.0,82.23134895829709
1307,100.11318793605074,99.26220267546034,0.010074328123359491,99.81284837224258,100.08521691523269,98.10789854963366,101.03311331794602,0.0,100.0,0.9106504432571619,0.3918087066708508,0.005038002150949562,0.004128542227745806,0.0,82.23134895829709
1308,100.25557480057398,99.263925118316,0.010074153312072504,99.87878097355899,100.06941302371807,96.15061516758475,103.08978693765415,0.0,100.0,0.857798407796589,0.35262783600376574,0.005220633756503122,0.004040909126942593,0.0,80.49291797196378
1309,100.31587642019495,99.31271765599301,0.01006920386031401,100.01492879093436,100.07419803137775,99.312717655993,100.31587642019495,0.0,100.0,0.8691745351728619,0.41736505240338917,0.005365691046032581,0.00381910905617656,0.0,76.0915790847494
1310,100.25243333238997,99.31271765599301,0.01006920386031401,100.01492879093436,100.07419803137775,99.312717655993,100.31587642019495,0.0,100.0,0.8691745351728619,0.41736505240338917,0.005365691046032581,0.00381910905617656,0.0,76.0915790847494
1311,100.4249746231613,99.45082501018366,0.010055220757571403,100.1540126617708,100.18093912357817,99.42072487692968,100.42497462316129,0.0,100.0,0.9629196464400458,0.3614776958439182,0.0053913614419052805,0.003657304320094616,0.0,72.87954373175421
1312,100.30229866402533,99.54336967645011,0.01004587250010062,100.24721168426342,100.30661857646366,99.5433696764501,100.5488582590405,0.0,100.0,0.9658860747248421,0.42532992625952637,0.005526175070310664,0.003819109056177008,0.0,76.09157908475828
1313,100.12874303196095,99.54336967645011,0.01004587250010062,99.87288963969182,100.30661857646366,99.5433696764501,100.5488582590405,0.0,100.0,0.9658860747248421,0.42532992625952637,0.005526175070310664,0.003819109056177008,0.0,76.09157908475828
1314,100.05282472996932,99.44364096405847,0.010055947170733884,99.88931203276981,100.29875558606867,97.99956519533164,102.13282220461774,0.0,100.0,0.9286151887468548,0.38279693363357375,0.005708338171536184,0.004281087224241826,0.0,85.25675288926115
1315,100.02386121865756,99.25872285432801,0.010074681310050694,99.7703832490793,100.29112907430266,96.8870982982525,103.30552100356563,0.0,100.0,0.9343259736471063,0.3445172402702164,0.005986684504735463,0.005173675700565717,0.0,102.94093101791412
1316,100.09270413137814,99.33197270927981,0.010067251990723603,100.03431999106257,100.1508197330547,99.33197270927982,100.33532596896951,0.0,100.0,0.9395798957553378,0.41006551624319476,0.006120068251175381,0.0041048504171685984,0.0,81.76139006724648
1317,100.2815292221432,99.33197270927981,0.010067251990723603,100.03431999106257,100.1508197330547,99.33197270927982,100.33532596896951,0.0,100.0,0.9395798957553378,0.41006551624319476,0.006120068251175381,0.0041048504171685984,0.0,81.76139006724648
1318,100.20932975797811,99.33197270927981,0.010067251990723603,100.03431999106257,100.1508197330547,99.33197270927982,100.33532596896951,0.0,100.0,0.9395798957553378,0.41006551624319476,0.006120068251175381,0.0041048504171685984,0.0,81.76139006724648
1319,100.19561096160841,98.11296857598505,0.010192332517444268,98.4081931554514,100.14125204412119,97.248247509882,102.4851975858343,0.0,100.0,0.8910801707615774,0.3690589646188753,0.006980593420953953,0.01023072024288816,0.0,202.5422517428177
1320,100.0633738449044,99.06274010645537,0.01009461275677792,99.76318372336969,100.00115238390451,99.06274010645537,100.0633738449044,0.0,100.0,0.8997937571006512,0.43215306815698773,0.007127457129967505,0.004714126031141467,0.0,93.84014634617243
1321,99.99615913565842,99.16666411181005,0.010084033873242965,99.84403387368721,99.92702462147895,99.16666411181004,100.16834758768691,0.0,100.0,0.9078102565325992,0.48893776134128897,0.007158105017089114,0.0038191090561765597,0.0,76.09157908475161
1322,100.15326655878675,99.16666411181005,0.010084033873242965,99.8528067591104,99.92702462147895,99.16666411181004,100.16834758768691,0.0,100.0,0.9078102565325992,0.48893776134128897,0.007158105017089114,0.0038191090561765597,0.0,76.09157908475161
1323,100.17922565697297,99.17743340040327,0.010082938887546711,99.87868798000206,99.93787648360465,99.17743340040326,100.17922565697299,0.0,100.0,0.8751854360099913,0.5400439852071601,0.007186914030983401,0.00381910905617647,0.0,76.09157908474717
1324,100.01154007729292,99.32609649019868,0.010067847578190877,100.02840222295764,100.07788749552158,99.32609649019868,100.32939039414008,0.0,100.0,0.885170601129192,0.5860395866864442,0.007208124192314218,0.003770190496177531,0.0,75.12059098535029
1325,99.88502516580677,99.57900229107642,0.010042277759290355,100.2830962466699,100.21809466013003,99.57900229107642,100.5848507990671,0.0,100.0,0.8943569530388567,0.6274356280177997,0.007159482887786691,0.003198706982262582,0.0,63.770157596886314
1326,99.6820128338276,99.54321189734752,0.010045888423122566,99.84274011770063,100.07788749552158,99.54321189734752,100.54869888620962,0.0,100.0,0.9028083967957481,0.6646920652160198,0.007051328962375069,0.002678452326934542,0.0,53.42594768479536
1327,99.74895512178945,99.46058211944741,0.010054234337770593,99.75986170456112,100.07689147669124,98.14924048547012,101.97674877284724,0.0,100.0,0.9105837250520883,0.5982228586944178,0.006998893177978686,0.0030886897891231964,0.0,61.583583197862836
1328,99.84736285055406,99.46058211944741,0.010054234337770593,99.75986170456112,100.07689147669124,98.14924048547012,101.97674877284724,0.0,100.0,0.9105837250520883,0.5982228586944178,0.006998893177978686,0.0030886897891231964,0.0,61.583583197862836
1329,100.10444468623008,99.39565863267335,0.010060801585868057,99.69474286125715,100.07592534789698,96.2253968241544,104.01557976968634,0.0,100.0,0.8777370270479213,0.5384005728249761,0.00698820245123195,0.0034103439780670264,0.0,67.97506122064867
1330,100.12055812264713,99.39565863267335,0.010060801585868057,99.82019644827918,100.07592534789698,96.2253968241544,104.01557976968634,0.0,100.0,0.8777370270479213,0.5384005728249761,0.00698820245123195,0.0034103439780670264,0.0,67.97506122064867
1331,100.24784256624407,99.39565863267335,0.010060801585868057,99.94709903854533,100.07592534789698,96.2253968241544,104.01557976968634,0.0,100.0,0.8777370270479213,0.5384005728249761,0.00698820245123195,0.0034103439780670264,0.0,67.97506122064867
1332,100.44909091390166,99.44460000476265,0.010055850191484582,100.14774364115993,100.20709158820635,99.44460000476265,100.44909091390167,0.0,100.0,0.8341847315507542,0.5845605155424786,0.0070272056190777,0.0038191090561766872,0.0,76.09157908475272
1333,100.57284586350028,99.56711740486529,0.010043476461548495,100.27112732590977,100.33054839061333,99.56711740486529,100.57284586350029,0.0,100.0,0.8474499530266939,0.6261044639882307,0.007063868596852671,0.0038191090561764127,0.0,76.09157908474717
1334,100.65665287895204,99.76940467224628,0.01002311282988119,100.47484490730258,100.41205439472192,99.65008635016254,100.65665287895206,0.0,100.0,1.0885300862919556,0.5042554533679497,0.006865052703314594,0.0032103358896022694,0.0,64.00125227488785
1335,100.51075779770512,99.84200904544367,0.010015824096096105,100.54796264475486,100.55272972062569,99.84200904544367,100.85051418731685,0.0,100.0,1.0814476793885992,0.5538299080311548,0.006878743741536063,0.0035466034665294693,0.0,70.68139046614408
1336,100.45175042144075,99.84200904544367,0.010015824096096105,100.54796264475486,100.55272972062569,99.84200904544367,100.85051418731685,0.0,100.0,1.0814476793885992,0.5538299080311548,0.006878743741536063,0.0035466034665294693,0.0,70.68139046614408
1337,100.4761921338351,99.87920589264074,0.010012094019598945,100.58542249996243,100.64502981722322,99.87920589264074,100.88808676024317,0.0,100.0,1.0349318650375112,0.5984469172280393,0.0069243144319635795,0.0038191090561767774,0.0,76.09157908475494
1338,100.52529021391157,99.87920589264074,0.010012094019598945,100.58542249996243,100.64502981722322,99.87920589264074,100.88808676024317,0.0,100.0,1.0349318650375112,0.5984469172280393,0.0069243144319635795,0.0038191090561767774,0.0,76.09157908475494
1339,100.44291418265671,99.87920589264074,0.010012094019598945,100.48336950142314,100.64502981722322,99.87920589264074,100.88808676024317,0.0,100.0,1.0349318650375112,0.5984469172280393,0.0069243144319635795,0.0038191090561767774,0.0,76.09157908475494
1340,100.62618222121021,99.87920589264074,0.010012094019598945,100.45714292385404,100.64502981722322,99.87920589264074,100.88808676024317,0.0,100.0,1.0349318650375112,0.5984469172280393,0.0069243144319635795,0.0038191090561767774,0.0,76.09157908475494
1341,100.72222104092099,99.87920589264074,0.010012094019598945,100.45714292385404,100.64502981722322,99.87920589264074,100.88808676024317,0.0,100.0,1.0349318650375112,0.5984469172280393,0.0069243144319635795,0.0038191090561767774,0.0,76.09157908475494
1342,100.77018982384946,99.99374568134634,0.010000625470984315,100.70077216596191,100.76044783988883,99.99374568134634,101.00378351651146,0.0,100.0,0.9681373158345103,0.6386022255052354,0.006967150880965485,0.0038191090561770975,0.0,76.0915790847616
1343,100.69594894229317,98.4762018343613,0.010154737706903214,98.77251939253895,100.75050627911394,98.61006535276172,102.42105210734402,0.0,100.0,1.1751353378428446,0.43680392224558107,0.008048671311829812,0.011415660411641396,0.0,225.7362795232043
1344,100.76148497318223,99.75387012345041,0.01002467371704426,100.4592005182627,100.60955425975888,99.75387012345041,100.76148497318223,0.0,100.0,1.1611245108154171,0.49312353002102294,0.008078233393296864,0.004270660370986276,0.0,85.04998780724304
1345,100.81724083678395,99.60655213161554,0.01003950019953151,100.22376557481614,100.57225211932096,99.80906842841611,100.81724083678395,0.0,100.0,1.3136229489611433,0.4132964945343797,0.007858178088585924,0.004824187012801052,0.0,96.02051931378641
1346,100.72324171170597,99.82731019158517,0.010017298854199656,100.5331598596065,100.47848141474816,99.71600929458891,100.72324171170598,0.0,100.0,1.4230558281745165,0.35869480226151573,0.007569337581112884,0.0032508856480932477,0.0,64.8070327093342
1347,100.78317510579289,99.82731019158517,0.010017298854199656,100.5331598596065,100.47848141474816,99.71600929458891,100.72324171170598,0.0,100.0,1.4230558281745165,0.35869480226151573,0.007569337581112884,0.0032508856480932477,0.0,64.8070327093342
1348,100.8070102204867,99.82731019158517,0.010017298854199656,100.44537720858393,100.47848141474816,99.71600929458891,100.72324171170598,0.0,100.0,1.4230558281745165,0.35869480226151573,0.007569337581112884,0.0032508856480932477,0.0,64.8070327093342
1349,100.7439892826617,99.82731019158517,0.010017298854199656,100.37282131555915,100.47848141474816,99.71600929458891,100.72324171170598,0.0,100.0,1.4230558281745165,0.35869480226151573,0.007569337581112884,0.0032508856480932477,0.0,64.8070327093342
1350,100.98529407510097,99.97544113434994,0.010002456489851047,100.68233819287565,100.61924980360884,99.97544113434995,100.98529407510097,0.0,100.0,1.3292113619205552,0.42282532203536416,0.007500318653883268,0.0032095000433386197,0.0,63.98464215500388
1351,100.98391805860281,99.97544113434994,0.010002456489851047,100.68233819287565,100.61924980360884,99.97544113434995,100.98529407510097,0.0,100.0,1.3292113619205552,0.42282532203536416,0.007500318653883268,0.0032095000433386197,0.0,63.98464215500388
1352,101.05529820022478,100.04474521822253,0.00999552747941684,100.7521323056241,100.76021540623135,100.04474521822254,101.0552982002248,0.0,100.0,1.262874452966911,0.48054278983182774,0.0074778626068664755,0.003563010524161758,0.0,71.00721104299711
1353,101.02260086598456,100.04474521822253,0.00999552747941684,100.7521323056241,100.76021540623135,100.04474521822254,101.0552982002248,0.0,100.0,1.262874452966911,0.48054278983182774,0.0074778626068664755,0.003563010524161758,0.0,71.00721104299711
1354,101.1008848418386,100.08987599342022,0.00999102047109878,100.7975821873131,100.85731523123957,100.08987599342025,101.10088484183863,0.0,100.0,1.201844496729558,0.532488510848645,0.0074874861653741204,0.0038191090561765007,0.0,76.09157908474717
1355,100.94447029318651,99.63621506592399,0.010036511316074713,99.93602313532999,100.84940907198333,98.60219962686682,102.62626051891289,0.0,100.0,1.1856969369911936,0.4792396597637805,0.007764399075048765,0.006051276799900679,0.0,120.29758203078612
1356,101.0203133498202,100.01011021632199,0.009998989080573941,100.71725240977072,100.77693784995489,100.01011021632199,101.0203133498202,0.0,100.0,1.1708411820318982,0.5313156937874025,0.007756830445465506,0.003819109056176667,0.0,76.09157908475272
1357,101.04421654771491,100.39241979411194,0.00996091141194557,101.10226518659556,100.79867627292036,100.03377438223777,101.04421654771491,0.0,100.0,1.3205956322260903,0.43941993455058337,0.007405888547314941,0.002019256750174789,0.0,40.303751381461915
1358,100.91735207719032,100.6334683394602,0.009937051922197163,101.34501811559774,100.79083792038823,98.56301557882676,102.55199986936528,0.0,100.0,1.2949479816480032,0.39547794109552503,0.007055289329522402,0.0007812839664198398,0.0,15.613480766213383
1359,100.89248296370221,100.33093871145017,0.009967015288035733,100.63283722311952,100.64982947624196,100.33093871145016,101.34438253681834,0.0,100.0,1.271352143116163,0.45593014698597256,0.006822372893346035,0.0015866730317897232,0.0,31.68318977302187
1360,100.92559652319571,101.36824370139135,0.009865022451664263,101.90748236643793,100.65542119016462,98.97124598445994,102.73667803119115,100.0,0.0,1.2496439716668701,0.41033713228737534,0.006836441590781776,-0.003528410949327927,70.32010077303252,0.0
1361,101.14361104126279,101.36824370139135,0.009865022451664263,101.44795490598072,100.65542119016462,98.97124598445994,102.73667803119115,100.0,0.0,1.2496439716668701,0.41033713228737534,0.006836441590781776,-0.003528410949327927,70.32010077303252,0.0
1362,101.0197394970294,101.42359273794722,0.00985963889667906,101.32371062891615,100.7964374681928,100.40935681056773,101.4235927379472,100.0,0.0,1.1896724539335206,0.4693034190586378,0.006798418394805467,-0.0031013508855432404,61.835244919277166,0.0
1363,101.0531106342387,102.18994910661348,0.009785698189914085,101.88337925929363,100.8009194238616,99.05334678819301,102.81205070244177,100.0,0.0,1.3341089529426944,0.3210035386361083,0.00700555994290862,-0.006842818560300567,135.9262525224192,0.0
1364,101.05707476442035,102.07785329739431,0.009796444259917901,101.65178328300053,100.9421395420718,101.05707476442035,102.0778532973943,100.0,0.0,1.3073802367072789,0.3889031847724975,0.007256525120397161,-0.00559409809565184,111.25956499238865,0.0
1365,100.9893982115462,101.90857825578462,0.009812716624208592,101.19307168829168,101.08686763049447,100.98939821154619,102.00949314297596,100.0,0.0,1.4185760578611433,0.34200977838438834,0.007169020386684342,-0.004047926403977014,80.63213513073597,0.0
1366,101.03317801032078,101.84004799998243,0.00981931980236471,101.12502258774586,101.06513099334379,100.8216475199826,101.84004799998243,100.0,0.0,1.385089973232252,0.4078088005459495,0.0071971744784029975,-0.0038191090561770814,76.0915790847605,0.0
1367,100.94653203920603,100.20332842336238,0.009979708416221134,99.56594206809561,101.07510359972663,99.38078059241442,103.31657048441471,0.0,100.0,1.474340564791464,0.27894121957342943,0.0070692317562693514,0.00433119022044173,0.0,86.25023822054322
1368,100.96385720124246,100.20332842336238,0.009979708416221134,100.66096562963872,101.07510359972663,99.38078059241442,103.31657048441471,0.0,100.0,1.474340564791464,0.27894121957342943,0.0070692317562693514,0.00433119022044173,0.0,86.25023822054322
1369,100.90824416035693,100.20332842336238,0.009979708416221134,100.68588257247706,101.07510359972663,99.38078059241442,103.31657048441471,0.0,100.0,1.474340564791464,0.27894121957342943,0.0070692317562693514,0.00433119022044173,0.0,86.25023822054322
1370,100.96050878035422,100.27258345429532,0.009972815754326349,100.98158151912365,101.04142360177835,100.27258345429533,101.28543783262154,0.0,100.0,1.3830599862748136,0.35104709761608655,0.007103373165812823,0.003819109056176439,0.0,76.09157908474717
1371,100.91729384055571,100.30523432083086,0.009969569452392229,101.01446325037207,101.07432481887018,100.30523432083086,101.31841850588977,0.0,100.0,1.3524151873728287,0.4159423878544779,0.007135466090783727,0.0038191090561767714,0.0,76.09157908475383
1372,100.88488523630734,100.29526092234735,0.009970560830129755,100.59705207858312,100.9329197707536,100.29526092234737,101.30834436600745,0.0,100.0,1.3242219723830027,0.4743481490690301,0.007087599566200156,0.003168834733832588,0.0,63.17649879291398
1373,100.82188983944995,100.29526092234735,0.009970560830129755,100.59705207858312,100.9329197707536,100.29526092234737,101.30834436600745,0.0,100.0,1.3242219723830027,0.4743481490690301,0.007087599566200156,0.003168834733832588,0.0,63.17649879291398
1374,100.77897830479323,100.29526092234735,0.009970560830129755,100.59705207858312,100.9329197707536,100.29526092234737,101.30834436600745,0.0,100.0,1.3242219723830027,0.4743481490690301,0.007087599566200156,0.003168834733832588,0.0,63.17649879291398
1375,100.64281445647818,100.29526092234735,0.009970560830129755,100.59705207858312,100.9329197707536,100.29526092234737,101.30834436600745,0.0,100.0,1.3242219723830027,0.4743481490690301,0.007087599566200156,0.003168834733832588,0.0,63.17649879291398
1376,100.61862163098905,100.29526092234735,0.009970560830129755,100.74369242090603,100.9329197707536,100.29526092234737,101.30834436600745,0.0,100.0,1.3242219723830027,0.4743481490690301,0.007087599566200156,0.003168834733832588,0.0,63.17649879291398
1377,100.57420457061859,100.09936005693554,0.009990073856927854,100.40056174216207,100.92894554638225,97.1660854995203,104.5709187476725,0.0,100.0,1.2342842145923625,0.4269133341621271,0.007157551585676766,0.004126709852908477,0.0,82.19500213300756
1378,100.51991117219075,99.98788884654617,0.010001211262043189,100.28875511188185,100.92509069825545,95.7850513675093,106.07862799817117,0.0,100.0,1.2155414774249735,0.3842220007459144,0.007287868387906162,0.004664715310243544,0.0,92.86113544463515
1379,100.38527179197494,99.98788884654617,0.010001211262043189,100.4389419349346,100.92509069825545,95.7850513675093,106.07862799817117,0.0,100.0,1.2155414774249735,0.3842220007459144,0.007287868387906162,0.004664715310243544,0.0,92.86113544463515
1380,100.11753481855217,99.98788884654617,0.010001211262043189,100.41879119212852,100.92509069825545,95.7850513675093,106.07862799817117,0.0,100.0,1.2155414774249735,0.3842220007459144,0.007287868387906162,0.004664715310243544,0.0,92.86113544463515
1381,100.12335972090312,100.23297867620768,0.009976756285278093,100.94169670725157,101.0015151540099,100.23297867620768,101.24543300627039,0.0,100.0,1.1449648258976424,0.44579980067132297,0.00730889159955152,0.0038191090561771526,0.0,76.09157908476271
1382,100.14777041481454,100.14777041481452,0.009985244762394364,100.44911776811888,100.99359769098702,98.77845160534434,102.73628673717593,0.0,100.0,1.133367639825831,0.4012198206041907,0.007374977677263435,0.004205138327027695,0.0,83.75058375091227
1383,100.28212811025,100.14777041481452,0.009985244762394364,100.44911776811888,100.99359769098702,98.77845160534434,102.73628673717593,0.0,100.0,1.133367639825831,0.4012198206041907,0.007374977677263435,0.004205138327027695,0.0,83.75058375091227
1384,100.40180260127086,100.12121068091797,0.009987893606150624,100.4224781152638,100.85230558177379,100.12121068091795,101.13253604133126,0.0,100.0,1.0826982286397646,0.4610978385437716,0.007369013027330467,0.003637767375778092,0.0,72.49163979330619
1385,100.40834268453085,100.08490701820037,0.009991516501265778,100.38606521384186,100.7112111431118,100.08490701820037,101.09586567494986,0.0,100.0,1.0760823703485836,0.5149880546893945,0.007301166028891567,0.0031191047448849265,0.0,62.18812362622117
1386,100.58412472127743,99.91721008103492,0.010008285851746453,100.21786367205111,100.70754614212859,98.6340526805029,102.58293196951746,0.0,100.0,1.069995780720697,0.46348924922045504,0.007335823459927863,0.003939374561604595,0.0,78.47833567290685
1387,100.4488440893901,99.91721008103492,0.010008285851746453,100.21786367205111,100.70754614212859,98.6340526805029,102.58293196951746,0.0,100.0,1.069995780720697,0.46348924922045504,0.007335823459927863,0.003939374561604595,0.0,78.47833567290685
1388,100.33955772221726,99.91721008103492,0.010008285851746453,100.21786367205111,100.70754614212859,98.6340526805029,102.58293196951746,0.0,100.0,1.069995780720697,0.46348924922045504,0.007335823459927863,0.003939374561604595,0.0,78.47833567290685
1389,100.34264404431504,99.91721008103492,0.010008285851746453,100.21786367205111,100.70754614212859,98.6340526805029,102.58293196951746,0.0,100.0,1.069995780720697,0.46348924922045504,0.007335823459927863,0.003939374561604595,0.0,78.47833567290685
1390,100.22267579466696,99.91721008103492,0.010008285851746453,100.45618191208935,100.70754614212859,98.6340526805029,102.58293196951746,0.0,100.0,1.069995780720697,0.46348924922045504,0.007335823459927863,0.003939374561604595,0.0,78.47833567290685
1391,100.35274449153799,99.90402129646002,0.010009607091115499,100.48213413113746,100.56665422488403,99.90402129646002,100.91315282470708,0.0,100.0,1.0003961182630412,0.5171403242984095,0.00729232179540899,0.003305385821147011,0.0,65.88992479975131
1392,100.50700583021126,99.92704396093983,0.010007300930375633,100.63359881722933,100.69323468396533,99.92704396093984,100.93640804135337,0.0,100.0,1.000364428801998,0.5654262918685685,0.007313077802604136,0.003819109056176957,0.0,76.09157908475606
1393,100.62129511190615,99.92704396093983,0.010007300930375633,100.63359881722933,100.69323468396533,99.92704396093984,100.93640804135337,0.0,100.0,1.000364428801998,0.5654262918685685,0.007313077802604136,0.003819109056176957,0.0,76.09157908475606
1394,100.63986289647991,100.03050083618912,0.009996950846398433,100.7377872057379,100.79748481492297,100.03050083618912,101.04090993554456,0.0,100.0,0.9603352744978382,0.6088836626817117,0.007332588449367528,0.0038191090561765176,0.0,76.09157908474829
1395,100.55578254863458,100.03050083618912,0.009996950846398433,100.7377872057379,100.79748481492297,100.03050083618912,101.04090993554456,0.0,100.0,0.9603352744978382,0.6088836626817117,0.007332588449367528,0.0038191090561765176,0.0,76.09157908474829
1396,100.60249301291479,99.26406452260875,0.010074139164150751,99.6697981315268,100.78958334574587,97.97726439437687,103.15834891157537,0.0,100.0,0.9235084525380112,0.5479952964135405,0.0078077167169674595,0.007625548643536762,0.0,151.35679427347392
1397,100.78931623393069,99.78142307159138,0.010021905573370285,100.4869482852289,100.64857665677519,99.78142307159138,100.78931623393069,0.0,100.0,0.9296277763349703,0.5931957667721864,0.007858432876930518,0.004326466029830952,0.0,86.15656713566122
1398,100.69044732055588,99.98235399262909,0.010001764912173623,100.68929992995074,100.74896880538532,99.98235399262909,100.9922767602314,0.0,100.0,0.9352575542281727,0.6338761900949678,0.007845222219234354,0.003819109056176688,0.0,76.09157908475272
1399,100.77528763179293,100.01491041307418,0.009998509180979855,100.36222885637419,100.7817748522211,100.01491041307419,101.02516203340828,0.0,100.0,0.9404369498899189,0.670488571085471,0.007832804200999938,0.0038191090561764877,0.0,76.0915790847494
1400,100.73737351851325,100.01491041307418,0.009998509180979855,100.43516139795771,100.7817748522211,100.01491041307419,101.02516203340828,0.0,100.0,0.9404369498899189,0.670488571085471,0.007832804200999938,0.0038191090561764877,0.0,76.0915790847494
1401,100.93143034903444,100.6593421463591,0.009934497669833724,101.23794036505001,100.77387461454087,97.82349302164074,103.28830241220682,0.0,100.0,0.9052019938987255,0.6034397139769239,0.00743106649146871,0.0005685877931330325,0.0,11.36529369540118
1402,100.8755969292725,100.73984015314078,0.00992655932826416,101.45214205321344,100.76621197569791,96.38037770854923,104.8348509360674,0.0,100.0,0.9127858343868275,0.5430957425792315,0.007000907334125776,0.0001308736004627461,0.0,2.6171294960941616
1403,100.88541042731822,100.73984015314078,0.00992655932826416,101.2946710075596,100.76621197569791,96.38037770854923,104.8348509360674,0.0,100.0,0.9127858343868275,0.5430957425792315,0.007000907334125776,0.0001308736004627461,0.0,2.6171294960941616
1404,100.91168609369554,100.73984015314078,0.00992655932826416,101.15495889692731,100.76621197569791,96.38037770854923,104.8348509360674,0.0,100.0,0.9127858343868275,0.5430957425792315,0.007000907334125776,0.0001308736004627461,0.0,2.6171294960941616
1405,100.87950064628475,100.73984015314078,0.00992655932826416,101.16652725402265,100.76621197569791,96.38037770854923,104.8348509360674,0.0,100.0,0.9127858343868275,0.5430957425792315,0.007000907334125776,0.0001308736004627461,0.0,2.6171294960941616
1406,100.88899432457376,100.73984015314078,0.00992655932826416,101.16652725402265,100.76621197569791,96.38037770854923,104.8348509360674,0.0,100.0,0.9127858343868275,0.5430957425792315,0.007000907334125776,0.0001308736004627461,0.0,2.6171294960941616
1407,100.94391250982532,100.73984015314078,0.00992655932826416,101.16652725402265,100.76621197569791,96.38037770854923,104.8348509360674,0.0,100.0,0.9127858343868275,0.5430957425792315,0.007000907334125776,0.0001308736004627461,0.0,2.6171294960941616
1408,100.93230530248343,100.08921960999187,0.009991085992043944,100.3903907823389,100.75557405471667,94.08386643339237,107.16623513797111,0.0,100.0,0.8530963009692146,0.4887861683213084,0.006978985329110475,0.00331775811842656,0.0,66.1357399802931
1409,101.10982057876511,100.09872237297746,0.009990137499197081,100.80649111702881,100.86622944042212,100.09872237297748,101.10982057876512,0.0,100.0,0.8648485968916775,0.5399075514891776,0.007018541524283493,0.003819109056176589,0.0,76.0915790847494
1410,101.01351063461789,100.5383076354919,0.009946457460031694,101.24918455816709,100.85832258238504,98.70344402336765,102.53911562497532,0.0,100.0,0.8756607091403433,0.4859167963402598,0.00678810663207583,0.0015889786564299488,0.0,31.72915617664751
1411,101.11088894340003,99.99447043384099,0.010000552987193694,100.29535650335106,100.8486698870107,97.37248018468875,103.94070111081383,0.0,100.0,1.1087741248791103,0.3323670886967377,0.006725926914986243,0.0042530676019359994,0.0,84.70111248137901
1412,100.93414836670247,100.17790608261953,0.009982240986103981,100.8862347114865,100.94602029124785,100.17790608261953,101.18980412385811,0.0,100.0,1.1000721948887815,0.3991303798270639,0.006780666615006776,0.0038191090561771005,0.0,76.09157908475939
1413,101.00951466974708,100.4564417323301,0.009954563219196405,101.1667398051849,101.08744369293763,100.45644173233009,101.47115326497989,0.0,100.0,1.092066419297679,0.4592173418443575,0.0067495288257029265,0.0031308415002324484,0.0,62.42139849972461
1414,100.83324750136462,100.4564417323301,0.009954563219196405,100.78242096491543,101.08744369293763,100.45644173233009,101.47115326497989,0.0,100.0,1.092066419297679,0.4592173418443575,0.0067495288257029265,0.0031308415002324484,0.0,62.42139849972461
1415,100.7709697219155,100.4564417323301,0.009954563219196405,100.78242096491543,101.08744369293763,100.45644173233009,101.47115326497989,0.0,100.0,1.092066419297679,0.4592173418443575,0.0067495288257029265,0.0031308415002324484,0.0,62.42139849972461
1416,100.78023950267954,100.4564417323301,0.009954563219196405,100.83182152254467,101.08744369293763,100.45644173233009,101.47115326497989,0.0,100.0,1.092066419297679,0.4592173418443575,0.0067495288257029265,0.0031308415002324484,0.0,62.42139849972461
1417,100.83536205025072,100.4564417323301,0.009954563219196405,100.83182152254467,101.08744369293763,100.45644173233009,101.47115326497989,0.0,100.0,1.092066419297679,0.4592173418443575,0.0067495288257029265,0.0031308415002324484,0.0,62.42139849972461
1418,100.79334396391233,101.00446803137503,0.009900552119034674,101.71864103765745,101.08369381600832,97.46949014150312,104.58073578385697,0.0,100.0,1.0207011057538646,0.41329560765992174,0.006391601388889933,0.0003920357526589003,0.0,7.837642417134472
1419,100.76798004248685,100.76798004248687,0.009923787294122294,101.07119362335692,101.01133390931864,100.76798004248687,101.78583842675441,0.0,100.0,1.0190450172935555,0.4719660468939296,0.0061528301418469255,0.0012060397176783947,0.0,24.09173875975501
1420,100.90640548550861,100.75063423067728,0.009925495830730094,101.05379561752987,100.99394620751207,100.75063423067728,101.76831740472453,0.0,100.0,1.0175214159100712,0.5247694422045367,0.005928385169626486,0.00120603971767823,0.0,24.09173875975279
1421,100.73802205934383,100.72025987961118,0.009928489076530175,101.02332986921883,100.98341458366365,100.73802205934385,101.75557783772106,0.0,100.0,1.2105733680570672,0.43494229846790305,0.0054526421228775,0.0013046599411374472,0.0,26.059200427853703
1422,100.70725776126845,100.6101646753104,0.009939353575527927,100.9129033854668,100.95257534537593,100.70725776126844,101.72450278916004,0.0,100.0,1.3491074489177515,0.3735005321520457,0.005055922799697611,0.0016987795960224886,0.0,33.91797276038666
1423,100.75428715755804,101.4620065983682,0.009855906003894101,101.4173927305297,100.9604262759854,99.69405283920095,102.75834346456207,84.43528510807815,0.0,1.3211788530043316,0.33615047893684114,0.005049914721828372,-0.002477889012894818,49.435285108078155,0.0
1424,100.73324968849325,101.4620065983682,0.009855906003894101,101.0363587647876,100.9604262759854,99.69405283920095,102.75834346456207,84.43528510807815,0.0,1.3211788530043316,0.33615047893684114,0.005049914721828372,-0.002477889012894818,49.435285108078155,0.0
1425,100.56905427209361,101.42544289086392,0.009859459042008058,101.03132052599705,100.81918057426036,100.5690542720936,101.4254428908639,84.43528510807815,0.0,1.255484544763985,0.40253543104315703,0.005106641123873178,-0.002997668398873914,59.77418479265584,0.0
1426,100.60317010032122,101.27398152040483,0.009874204459893962,100.72103487465824,100.68769173536451,100.48122333992755,101.33686404065064,92.89145210235324,0.0,1.3813357093226357,0.35133423483351944,0.005049867132157024,-0.002902975478410766,57.89145210235325,0.0
1427,100.68247083564866,101.17053734969808,0.009884300570070902,100.53234657699021,100.54682759484118,100.23074953725919,101.17053734969807,92.89145210235324,0.0,1.350828852576825,0.4162008113501675,0.005117916085863974,-0.0030919983266109383,61.64934685490731,0.0
1428,100.50134500958774,101.17053734969808,0.009884300570070902,100.53234657699021,100.54682759484118,100.23074953725919,101.17053734969807,92.89145210235324,0.0,1.350828852576825,0.4162008113501675,0.005117916085863974,-0.0030919983266109383,61.64934685490731,0.0
1429,100.39925176128118,100.97811396981676,0.009903136042914297,100.34113701714688,100.40794931262117,100.16153215804576,101.10067097155273,95.89145210235324,0.0,1.3085547846091299,0.3606813549635146,0.005080839576969162,-0.002831202159187912,56.46418167069345,0.0
1430,100.48782124836471,100.97811396981676,0.009903136042914297,100.47176500481544,100.40794931262117,100.16153215804576,101.10067097155273,95.89145210235324,0.0,1.3085547846091299,0.3606813549635146,0.005080839576969162,-0.002831202159187912,56.46418167069345,0.0
1431,100.49083058877092,100.97811396981676,0.009903136042914297,100.47176500481544,100.40794931262117,100.16153215804576,101.10067097155273,95.89145210235324,0.0,1.3085547846091299,0.3606813549635146,0.005080839576969162,-0.002831202159187912,56.46418167069345,0.0
1432,100.4967865437037,100.97811396981676,0.009903136042914297,100.47176500481544,100.40794931262117,100.16153215804576,101.10067097155273,95.89145210235324,0.0,1.3085547846091299,0.3606813549635146,0.005080839576969162,-0.002831202159187912,56.46418167069345,0.0
1433,100.56561721912489,100.97811396981676,0.009903136042914297,100.47176500481544,100.40794931262117,100.16153215804576,101.10067097155273,95.89145210235324,0.0,1.3085547846091299,0.3606813549635146,0.005080839576969162,-0.002831202159187912,56.46418167069345,0.0
1434,100.54470995729463,100.97811396981676,0.009903136042914297,100.66322598441815,100.40794931262117,100.16153215804576,101.10067097155273,95.89145210235324,0.0,1.3085547846091299,0.3606813549635146,0.005080839576969162,-0.002831202159187912,56.46418167069345,0.0
1435,100.63613363027861,100.9622250406167,0.009904694548854327,100.29496850948222,100.26747653746999,99.99408360395377,100.9622250406167,95.89145210235324,0.0,1.217203735173733,0.4246132194671631,0.005190292612723844,-0.0034525147018474095,68.81271711941972,0.0
1436,100.78034105761486,100.9622250406167,0.009904694548854327,100.3227018289924,100.26747653746999,99.99408360395377,100.9622250406167,95.89145210235324,0.0,1.217203735173733,0.4246132194671631,0.005190292612723844,-0.0034525147018474095,68.81271711941972,0.0
1437,100.79419618305711,100.9622250406167,0.009904694548854327,100.54939476047629,100.26747653746999,99.99408360395377,100.9622250406167,95.89145210235324,0.0,1.217203735173733,0.4246132194671631,0.005190292612723844,-0.0034525147018474095,68.81271711941972,0.0
1438,100.66765648319385,100.9622250406167,0.009904694548854327,100.58525590202066,100.26747653746999,99.99408360395377,100.9622250406167,95.89145210235324,0.0,1.217203735173733,0.4246132194671631,0.005190292612723844,-0.0034525147018474095,68.81271711941972,0.0
1439,100.71850263263231,101.16483447980444,0.009884857768433656,100.86133997636503,100.27537975809317,97.9394910612352,103.08022904918387,100.0,0.0,1.142065400360671,0.29043544211553957,0.005339914791419496,-0.004415477441166984,87.92133415577719,0.0
1440,100.77839447395074,101.16483447980444,0.009884857768433656,100.86133997636503,100.27537975809317,97.9394910612352,103.08022904918387,100.0,0.0,1.142065400360671,0.29043544211553957,0.005339914791419496,-0.004415477441166984,87.92133415577719,0.0
1441,100.7388045859331,101.16483447980444,0.009884857768433656,100.86133997636503,100.27537975809317,97.9394910612352,103.08022904918387,100.0,0.0,1.142065400360671,0.29043544211553957,0.005339914791419496,-0.004415477441166984,87.92133415577719,0.0
1442,100.80165971356382,94.78196639097621,0.01055053021241397,94.19027210725861,100.20089695988995,96.14445906766457,100.54763976605356,0.0,100.0,1.1116794646321508,0.19865784240702905,0.009486433056925933,0.027791829885904003,0.0,540.8065928873784
1443,100.81994776866796,100.116545701181,0.009988358996970505,100.8244404687651,100.34106287001818,99.81174829098128,100.81994776866796,0.0,100.0,1.2781411838200316,0.21188196420640787,0.008747839918367315,0.0011200231831431943,0.0,22.375402693114445
1444,100.88606027339483,100.16149194874804,0.009983876842726079,100.8697045180826,100.4816387381832,100.16149194874802,101.17322419065457,0.0,100.0,1.2558898891144292,0.29069376778576705,0.008414442050651779,0.0015956030407773718,0.0,31.861222951324876
1445,100.78523514228608,100.16149194874804,0.009983876842726079,100.8355234166334,100.4816387381832,100.16149194874802,101.17322419065457,0.0,100.0,1.2558898891144292,0.29069376778576705,0.008414442050651779,0.0015956030407773718,0.0,31.861222951324876
1446,100.6290133169472,100.16149194874804,0.009983876842726079,100.8355234166334,100.4816387381832,100.16149194874802,101.17322419065457,0.0,100.0,1.2558898891144292,0.29069376778576705,0.008414442050651779,0.0015956030407773718,0.0,31.861222951324876
1447,100.5883973695713,100.16149194874804,0.009983876842726079,100.82415345470474,100.4816387381832,100.16149194874802,101.17322419065457,0.0,100.0,1.2558898891144292,0.29069376778576705,0.008414442050651779,0.0015956030407773718,0.0,31.861222951324876
1448,100.62286712266585,100.16149194874804,0.009983876842726079,100.82415345470474,100.4816387381832,100.16149194874802,101.17322419065457,0.0,100.0,1.2558898891144292,0.29069376778576705,0.008414442050651779,0.0015956030407773718,0.0,31.861222951324876
1449,100.84059117349557,100.16149194874804,0.009983876842726079,100.82415345470474,100.4816387381832,100.16149194874802,101.17322419065457,0.0,100.0,1.2558898891144292,0.29069376778576705,0.008414442050651779,0.0015956030407773718,0.0,31.861222951324876
1450,100.95815070131803,100.16149194874804,0.009983876842726079,100.82415345470474,100.4816387381832,100.16149194874802,101.17322419065457,0.0,100.0,1.2558898891144292,0.29069376778576705,0.008414442050651779,0.0015956030407773718,0.0,31.861222951324876
1451,100.93940879323831,100.16149194874804,0.009983876842726079,100.82415345470474,100.4816387381832,100.16149194874802,101.17322419065457,0.0,100.0,1.2558898891144292,0.29069376778576705,0.008414442050651779,0.0015956030407773718,0.0,31.861222951324876
1452,100.8494055865632,100.16149194874804,0.009983876842726079,100.54171152798637,100.4816387381832,100.16149194874802,101.17322419065457,0.0,100.0,1.2558898891144292,0.29069376778576705,0.008414442050651779,0.0015956030407773718,0.0,31.861222951324876
1453,100.82206112826485,100.16149194874804,0.009983876842726079,100.54171152798637,100.4816387381832,100.16149194874802,101.17322419065457,0.0,100.0,1.2558898891144292,0.29069376778576705,0.008414442050651779,0.0015956030407773718,0.0,31.861222951324876
1454,100.90143214994464,100.58890977097181,0.009941453807153026,101.30014448652415,100.6233031360557,100.22898589164036,101.24139989054582,0.0,100.0,1.1274665844285146,0.2748345371654647,0.007666208610705527,0.00017093080279258693,0.0,3.4180318089305217
1455,101.02490474379343,100.60404597309699,0.009939958083469275,101.1754394346229,100.76427441731775,100.60404597309699,101.62024845767372,0.0,100.0,1.1172692576742336,0.34735108344891824,0.007301719918564834,0.00079569836958524,0.0,15.901314741489925
1456,100.94292729060768,100.60404597309699,0.009939958083469275,101.1754394346229,100.76427441731775,100.60404597309699,101.62024845767372,0.0,100.0,1.1172692576742336,0.34735108344891824,0.007301719918564834,0.00079569836958524,0.0,15.901314741489925
1457,101.02994684891485,100.64795747787545,0.009935621398177118,101.35960970246647,100.90544319658993,100.64795747787545,101.6646035130055,0.0,100.0,1.067887717060295,0.4126159751040265,0.007016917550682105,0.0012775061986195191,0.0,25.517525175805524
1458,101.03062434106204,101.09730262872,0.009891460741267268,101.81213204124626,100.91485539098763,99.24534567086586,103.1014061386439,0.0,100.0,1.2467162257624678,0.2822293269711541,0.006345316573701587,-0.000903149788215145,18.046696893824212,0.0
1459,101.1131397912243,101.09730262872,0.009891460741267268,101.41739196712568,100.91485539098763,99.24534567086586,103.1014061386439,0.0,100.0,1.2467162257624678,0.2822293269711541,0.006345316573701587,-0.000903149788215145,18.046696893824212,0.0
1460,101.10208985807844,100.04752130813135,0.00999525012638894,100.34856700915883,101.05924238019225,100.92439717579602,101.94383553110708,0.0,100.0,1.233843563607147,0.2690448596482694,0.005982197704555214,0.005030766014557633,0.0,100.11168184446917
1461,100.98179619899764,100.04752130813135,0.00999525012638894,100.67885081040068,101.05924238019225,100.92439717579602,101.94383553110708,0.0,100.0,1.233843563607147,0.2690448596482694,0.005982197704555214,0.005030766014557633,0.0,100.11168184446917
1462,101.056683783547,100.04752130813135,0.00999525012638894,100.75351373219637,101.05924238019225,100.92439717579602,101.94383553110708,0.0,100.0,1.233843563607147,0.2690448596482694,0.005982197704555214,0.005030766014557633,0.0,100.11168184446917
1463,101.01459564241803,100.04752130813135,0.00999525012638894,100.75351373219637,101.05924238019225,100.92439717579602,101.94383553110708,0.0,100.0,1.233843563607147,0.2690448596482694,0.005982197704555214,0.005030766014557633,0.0,100.11168184446917
1464,101.02056674769806,100.04752130813135,0.00999525012638894,100.75351373219637,101.05924238019225,100.92439717579602,101.94383553110708,0.0,100.0,1.233843563607147,0.2690448596482694,0.005982197704555214,0.005030766014557633,0.0,100.11168184446917
1465,101.19934086270081,100.18734745407379,0.009981300288026922,100.8957428401127,100.95553405442847,100.18734745407379,101.1993408627008,0.0,100.0,1.1511360785185754,0.34214037368344247,0.006081561157201615,0.0038191090561771287,0.0,76.0915790847605
1466,101.2694472029785,100.2567527309487,0.009974390480046991,100.96563886136956,101.0254714963426,100.2567527309487,101.2694472029785,0.0,100.0,1.1390451922370894,0.4079263363150982,0.006174962802689218,0.0038191090561770368,0.0,76.09157908475828
1467,101.30125455342373,100.2882420078895,0.009971258643873045,100.89758265901278,101.05720221735007,100.2882420078895,101.30125455342373,0.0,100.0,1.1279215768581223,0.46713370268358845,0.006262760349447552,0.0038191090561769357,0.0,76.09157908475606
1468,101.39917779598305,100.71066396169184,0.00992943508326366,101.42275956546138,101.15277495541855,100.38518601802322,101.39917779598305,0.0,100.0,1.2897965235533888,0.39551945263557453,0.0060959817864046735,0.0021901489249287554,0.0,43.707253105175205
1469,101.39605309304929,100.71066396169184,0.00992943508326366,101.04469898403757,101.15277495541855,100.38518601802322,101.39917779598305,0.0,100.0,1.2897965235533888,0.39551945263557453,0.0060959817864046735,0.0021901489249287554,0.0,43.707253105175205
1470,101.47594926301036,99.8199308622385,0.01001803939716308,100.12029173745083,101.14490906730354,98.66917686317966,103.16266587729945,0.0,100.0,1.2266128016691178,0.3559675073720171,0.006521404503480208,0.006593084668589752,0.0,130.99801238472654
1471,101.56299383019312,100.61725034027542,0.009938653626670582,101.32868544369148,101.28474731816208,100.54736389189121,101.56299383019314,0.0,100.0,1.3606173464777591,0.31948177504245967,0.006373825180565906,0.003306044445463508,0.0,65.90301062704751
1472,101.50672315676923,100.61725034027542,0.009938653626670582,101.23675356502513,101.28474731816208,100.54736389189121,101.56299383019314,0.0,100.0,1.3606173464777591,0.31948177504245967,0.006373825180565906,0.003306044445463508,0.0,65.90301062704751
1473,101.36071304972161,100.87215689496256,0.009913538391384778,101.58539436795725,101.42664526979699,100.87215689496254,101.89106757066924,0.0,100.0,1.2917679587595385,0.3875335975382137,0.006320308994467005,0.0027409375087789427,0.0,54.66890612023101
1474,101.30482073709368,100.87215689496256,0.009913538391384778,101.58539436795725,101.42664526979699,100.87215689496254,101.89106757066924,0.0,100.0,1.2917679587595385,0.3875335975382137,0.006320308994467005,0.0027409375087789427,0.0,54.66890612023101
1475,101.27124780549552,100.79001867894806,0.00992161736952698,101.50267537667798,101.4248961034603,99.08493467729056,103.72890477909759,0.0,100.0,1.266172687205845,0.26507298071613816,0.006148152609255887,0.003139617199826184,0.0,62.59581709254225
1476,101.52289412412077,100.79001867894806,0.00992161736952698,101.50267537667798,101.4248961034603,99.08493467729056,103.72890477909759,0.0,100.0,1.266172687205845,0.26507298071613816,0.006148152609255887,0.003139617199826184,0.0,62.59581709254225
1477,101.47247499183214,100.79001867894806,0.00992161736952698,101.50267537667798,101.4248961034603,99.08493467729056,103.72890477909759,0.0,100.0,1.266172687205845,0.26507298071613816,0.006148152609255887,0.003139617199826184,0.0,62.59581709254225
1478,101.44248204628921,100.79001867894806,0.00992161736952698,101.50267537667798,101.4248961034603,99.08493467729056,103.72890477909759,0.0,100.0,1.266172687205845,0.26507298071613816,0.006148152609255887,0.003139617199826184,0.0,62.59581709254225
1479,101.42810424091905,100.82370421598519,0.009918302523956007,101.53659909428,101.56699040080456,100.8237042159852,101.84212547069212,0.0,100.0,1.1848788722293775,0.33856568264452436,0.006219969204281462,0.0036725314186342142,0.0,73.1818656717298
1480,101.41585061971473,101.07258466738625,0.00989387976265612,101.78723930644857,101.70928376948251,101.07258466738625,102.09351986604672,0.0,100.0,1.1700885624510273,0.40470911438007195,0.006223551007340925,0.00313982264294243,0.0,62.599900274521445
1481,101.46457029390943,100.1683967757505,0.009983188632226242,100.6026362664469,101.70545601873404,99.82232111606696,103.3722299309629,0.0,100.0,1.1564814774549452,0.36423820294206477,0.006763830686240005,0.007613959022956511,0.0,151.12849429635645
1482,101.19920867136848,100.23320735010024,0.009976733524121833,100.94192699803024,101.55616836630627,100.18721658465479,101.19920867136848,0.0,100.0,1.3102911082216688,0.32513893081237233,0.007139210954109525,0.006556148020722891,0.0,130.26889823513187
1483,101.15089739262623,100.23320735010024,0.009976733524121833,100.94192699803024,101.55616836630627,100.18721658465479,101.19920867136848,0.0,100.0,1.3102911082216688,0.32513893081237233,0.007139210954109525,0.006556148020722891,0.0,130.26889823513187
1484,100.97059586031021,100.23320735010024,0.009976733524121833,100.94192699803024,101.55616836630627,100.18721658465479,101.19920867136848,0.0,100.0,1.3102911082216688,0.32513893081237233,0.007139210954109525,0.006556148020722891,0.0,130.26889823513187
1485,100.7687401100547,100.23320735010024,0.009976733524121833,100.94192699803024,101.55616836630627,100.18721658465479,101.19920867136848,0.0,100.0,1.3102911082216688,0.32513893081237233,0.007139210954109525,0.006556148020722891,0.0,130.26889823513187
1486,100.8863611467626,99.8254707723146,0.010017483436475193,100.1258483172664,101.53013394467574,97.36665079340747,104.13079791423364,0.0,100.0,1.2254678195639355,0.29262503773113513,0.007726794596465371,0.008465933564437369,0.0,167.89726420434303
1487,100.98028383547233,99.97048099711763,0.010002952771917066,100.67734298396591,101.38809121026759,99.97048099711762,100.98028383547235,0.0,100.0,1.2074303939988207,0.36336253395802165,0.008108028212209089,0.00704022777679372,0.0,139.8201895536233
1488,100.78155748579967,99.97048099711763,0.010002952771917066,100.67734298396591,101.38809121026759,99.97048099711762,100.98028383547235,0.0,100.0,1.2074303939988207,0.36336253395802165,0.008108028212209089,0.00704022777679372,0.0,139.8201895536233
1489,100.85577867508748,100.02983525107463,0.009997017364769246,100.73711691446606,101.24624719655067,100.02983525107463,101.0402376273481,0.0,100.0,1.150835962478915,0.4270262805622195,0.008346775313900415,0.006043499707882906,0.0,120.14390450587275
1490,100.91571318856262,100.02983525107463,0.009997017364769246,100.73711691446606,101.24624719655067,100.02983525107463,101.0402376273481,0.0,100.0,1.150835962478915,0.4270262805622195,0.008346775313900415,0.006043499707882906,0.0,120.14390450587275
1491,100.85557014180992,100.02983525107463,0.009997017364769246,100.73711691446606,101.24624719655067,100.02983525107463,101.0402376273481,0.0,100.0,1.150835962478915,0.4270262805622195,0.008346775313900415,0.006043499707882906,0.0,120.14390450587275
1492,101.06936349326473,100.05866985833207,0.009994136454300747,100.76615540278493,101.10460162551067,100.05866985833208,101.06936349326473,0.0,100.0,1.0854357521472686,0.4843236525059975,0.0084699044776598,0.0051994171672765125,0.0,103.45046124138779
1493,101.09149298865202,100.08057805876548,0.009991948681719426,100.78821850968608,100.96315421952222,100.0805780587655,101.09149298865202,0.0,100.0,1.0786008919754873,0.5358912872553978,0.00848851011692738,0.004389971031452278,0.0,87.4156683771743
1494,101.24137947479554,100.22896568004755,0.009977155737516192,100.93765533637118,100.99747138819701,100.22896568004757,101.24137947479552,0.0,100.0,1.0723128206174484,0.582302158529858,0.00843749482483137,0.003819109056176442,0.0,76.09157908474717
1495,101.2815170752661,100.26870190451343,0.00997320181677735,100.97767252404029,101.0375122902091,100.26870190451345,101.28151707526611,0.0,100.0,1.0665277949680525,0.6240719426768722,0.008389540450261114,0.003819109056176357,0.0,76.09157908474606
1496,101.35847217190397,100.34488745018491,0.009965629793510294,100.88174703941334,101.1142819886386,100.34488745018491,101.35847217190395,0.0,100.0,1.0612055713706083,0.661664748409185,0.008344463338165133,0.003819109056176872,0.0,76.09157908475606
1497,101.27375213526433,100.8588922566738,0.009914842188184258,101.57203593929674,101.25422095117253,100.53467102806842,101.55017275562466,0.0,100.0,1.2419211180155487,0.5285786879118824,0.007893714898983295,0.001955977463432506,0.0,39.04318168517329
1498,101.29655666281172,100.8588922566738,0.009914842188184258,101.57203593929674,101.25422095117253,100.53467102806842,101.55017275562466,0.0,100.0,1.2419211180155487,0.5285786879118824,0.007893714898983295,0.001955977463432506,0.0,39.04318168517329
1499,101.17140116364511,100.98711807172461,0.009902253070433843,101.70116840152467,101.24782217344087,98.31492591106918,103.84296297049627,0.0,100.0,1.1825674285743049,0.4757208191206942,0.007574785894724034,0.0012891150332391276,0.0,25.74910710372191
1500,101.21383134746218,100.98711807172461,0.009902253070433843,101.50464854502756,101.24782217344087,98.31492591106918,103.84296297049627,0.0,100.0,1.1825674285743049,0.4757208191206942,0.007574785894724034,0.0012891150332391276,0.0,25.74910710372191
1501,101.1053478264266,100.98711807172461,0.009902253070433843,101.40957655609488,101.24782217344087,98.31492591106918,103.84296297049627,0.0,100.0,1.1825674285743049,0.4757208191206942,0.007574785894724034,0.0012891150332391276,0.0,25.74910710372191
1502,100.95775436123178,100.95775436123178,0.009905133155220066,101.55490581635156,101.20156653152736,100.95775436123176,101.97752965780987,0.0,100.0,1.114628700955027,0.5281487372086248,0.0072650235773310074,0.001206039717678522,0.0,24.09173875975945
1503,100.92364887047013,100.92364887047015,0.009908480432405335,101.22733086305931,101.16737867627805,100.92364887047013,101.94307966714155,0.0,100.0,1.1054584048786251,0.5753338634877623,0.006973846998981597,0.0012060397176788696,0.0,24.091738759765
1504,100.99078133326513,100.69257876369592,0.009931218489763655,100.99556546007615,101.02584344391133,100.6925787636959,101.70967551888475,0.0,100.0,1.0970217324883351,0.617800477138986,0.006753671735349571,0.0016521281327117662,0.0,32.98806214871664
1505,100.87443436467821,100.64484290441266,0.00993592886770909,100.94768596229953,100.88789939603967,100.64484290441264,101.66145747920469,0.0,100.0,1.0892599938892684,0.6560204294250874,0.006493176267519013,0.0012060397176785257,0.0,24.09173875975945
1506,100.7696010558125,100.6397863289009,0.009936428091489582,100.94261417141514,100.89580857277153,99.34628351822654,102.99027860011516,0.0,100.0,1.082119194378127,0.5904183864825787,0.006256028667143273,0.0012703574472566655,0.0,25.374913734497184
1507,100.71643612699404,100.6397863289009,0.009936428091489582,100.94261417141514,100.89580857277153,99.34628351822654,102.99027860011516,0.0,100.0,1.082119194378127,0.5904183864825787,0.006256028667143273,0.0012703574472566655,0.0,25.374913734497184
1508,100.79875951827971,100.6397863289009,0.009936428091489582,100.94261417141514,100.89580857277153,99.34628351822654,102.99027860011516,0.0,100.0,1.082119194378127,0.5904183864825787,0.006256028667143273,0.0012703574472566655,0.0,25.374913734497184
1509,100.74161271401883,100.6397863289009,0.009936428091489582,100.94261417141514,100.89580857277153,99.34628351822654,102.99027860011516,0.0,100.0,1.082119194378127,0.5904183864825787,0.006256028667143273,0.0012703574472566655,0.0,25.374913734497184
1510,100.82665438694461,100.35121298625546,0.009965001620229189,101.06076701747136,100.90546578000878,96.89107851408514,105.60003639489666,0.0,100.0,1.0451287338857438,0.4038461763540839,0.00618532724712282,0.002753959755030191,0.0,54.92792580351291
1511,100.90309775865033,100.35121298625546,0.009965001620229189,101.06076701747136,100.90546578000878,96.89107851408514,105.60003639489666,0.0,100.0,1.0451287338857438,0.4038461763540839,0.00618532724712282,0.002753959755030191,0.0,54.92792580351291
1512,100.83467726517806,100.35121298625546,0.009965001620229189,101.06076701747136,100.90546578000878,96.89107851408514,105.60003639489666,0.0,100.0,1.0451287338857438,0.4038461763540839,0.00618532724712282,0.002753959755030191,0.0,54.92792580351291
1513,100.87254271455215,100.36881533756835,0.009963253991159713,101.07849382985414,101.04683236562086,100.36881533756835,101.38264175511955,0.0,100.0,0.988185101841551,0.46346155871867545,0.006218160093740741,0.003366257963490782,0.0,67.09928576476455
1514,100.867091699738,100.36881533756835,0.009963253991159713,101.07849382985414,101.04683236562086,100.36881533756835,101.38264175511955,0.0,100.0,0.988185101841551,0.46346155871867545,0.006218160093740741,0.003366257963490782,0.0,67.09928576476455
1515,100.91707100822683,100.87555984644003,0.009913203966572987,101.56981384908329,101.18653035835219,100.44928812343028,101.46392739740432,0.0,100.0,1.048321629081497,0.393007706163574,0.006000179005043134,0.001538984930805081,0.0,30.732401912670902
1516,100.89811332519743,100.87555984644003,0.009913203966572987,101.20171848063933,101.18653035835219,100.44928812343028,101.46392739740432,0.0,100.0,1.048321629081497,0.393007706163574,0.006000179005043134,0.001538984930805081,0.0,30.732401912670902
1517,100.9538433156633,100.87555984644003,0.009913203966572987,101.20171848063933,101.18653035835219,100.44928812343028,101.46392739740432,0.0,100.0,1.048321629081497,0.393007706163574,0.006000179005043134,0.001538984930805081,0.0,30.732401912670902
1518,101.00954117212396,100.87555984644003,0.009913203966572987,101.30155273929579,101.18653035835219,100.44928812343028,101.46392739740432,0.0,100.0,1.048321629081497,0.393007706163574,0.006000179005043134,0.001538984930805081,0.0,30.732401912670902
1519,101.04551183936738,100.87555984644003,0.009913203966572987,101.30155273929579,101.18653035835219,100.44928812343028,101.46392739740432,0.0,100.0,1.048321629081497,0.393007706163574,0.006000179005043134,0.001538984930805081,0.0,30.732401912670902
1520,100.93747446470466,100.87555984644003,0.009913203966572987,101.2411980588813,101.18653035835219,100.44928812343028,101.46392739740432,0.0,100.0,1.048321629081497,0.393007706163574,0.006000179005043134,0.001538984930805081,0.0,30.732401912670902
1521,100.82129561984354,100.82129561984355,0.009918539469782226,101.29486219160546,101.06477824336875,100.82129561984354,101.8396925452965,0.0,100.0,0.9777892320883106,0.45370693554721664,0.005784893101030955,0.0012060397176784571,0.0,24.091738759758343
1522,100.79187714942495,100.74149956535469,0.009926395818153008,101.15784602349486,101.03740086191226,100.79187714942495,101.80997691861106,0.0,100.0,1.1820615529465717,0.38633554391429614,0.005335560734714174,0.0014664630242854474,0.0,29.28631319029762
1523,100.54796699964058,100.57434065188755,0.009942893918253416,101.28547235346655,100.89731417756326,100.5479669996406,101.56360302994,0.0,100.0,1.32864737039446,0.3402535120373786,0.005005596169537658,0.0016030717866942646,0.0,32.01012121168301
1524,100.54756396643043,100.51045354737855,0.009949213884788817,100.81289222405073,100.79249254485133,100.54756396643046,101.56319592568734,0.0,100.0,1.4338373529950645,0.308733402233567,0.004643050221171647,0.0014010674108245274,0.0,27.982143347360378
1525,100.43339865728377,100.43339865728375,0.00995684715810896,100.73560547370488,100.6759445127431,100.43339865728375,101.44787743159975,0.0,100.0,1.3991303647554596,0.3778600620102103,0.004509192044191791,0.0012060397176787746,0.0,24.091738759763892
1526,100.31241637490515,100.31241637490515,0.00996885566251963,100.61425915236225,100.55467005911905,100.31241637490515,101.32567310596481,0.0,100.0,1.367199935575023,0.44007405580918924,0.004383365357830746,0.0012060397176790047,0.0,24.091738759767225
1527,100.52657934511619,100.31241637490515,0.00996885566251963,100.61425915236225,100.55467005911905,100.31241637490515,101.32567310596481,0.0,100.0,1.367199935575023,0.44007405580918924,0.004383365357830746,0.0012060397176790047,0.0,24.091738759767225
1528,100.57429518639621,100.19341327242358,0.009980696009237884,100.49489796632255,100.43537956509554,100.19341327242358,101.20546795194302,0.0,100.0,1.2978239407290213,0.49606665022827034,0.004265088272651317,0.0012060397176785955,0.0,24.09173875975945
1529,100.51187371254801,100.16061874558463,0.009983963882452382,100.58968442413068,100.40250583973629,100.16061874558463,101.1723421672572,0.0,100.0,1.2739980254706997,0.5464599852054434,0.00415390781258268,0.0012060397176788277,0.0,24.091738759763892
1530,100.51245585336518,100.16061874558463,0.009983963882452382,100.84919417311902,100.40250583973629,100.16061874558463,101.1723421672572,0.0,100.0,1.2739980254706997,0.5464599852054434,0.00415390781258268,0.0012060397176788277,0.0,24.091738759763892
1531,100.55813143576108,100.1814596720706,0.009981886900763416,100.88981342732764,100.54316778830113,100.1814596720706,101.19339360815212,0.0,100.0,1.2120781834330439,0.591813986684899,0.004120914975356138,0.001802011645541282,0.0,35.97540481240169
1532,100.6748335045592,100.1814596720706,0.009981886900763416,100.88981342732764,100.54316778830113,100.1814596720706,101.19339360815212,0.0,100.0,1.2120781834330439,0.591813986684899,0.004120914975356138,0.001802011645541282,0.0,35.97540481240169
1533,100.58372328920572,99.38789955293903,0.010061587019125495,99.68696043424183,100.54856330810037,99.02055260134614,102.37977484986527,0.0,100.0,1.2089873044315524,0.4048007668924709,0.0045594200516666464,0.005805162993045571,0.0,115.43315160106648
1534,100.74765162646435,99.6387507942803,0.010036255894703614,99.9764449967636,100.50074786078248,99.7401751101997,100.74765162646435,0.0,100.0,1.6674160459348641,0.26819163066138213,0.004652897122561777,0.004306981242057717,0.0,85.77021413773478
1535,100.79534200078403,99.78738858077618,0.010021306441850786,100.49295597478168,100.55250849601562,99.78738858077618,100.79534200078402,0.0,100.0,1.6140227622600751,0.3413724675952439,0.00483201861012771,0.003819109056176446,0.0,76.09157908474829
1536,100.88132532934164,99.87251207604822,0.01001276506631321,100.57868135335363,100.63828467578438,99.87251207604824,100.88132532934165,0.0,100.0,1.5649009412792692,0.4072352208357195,0.005000392808439721,0.003819109056176808,0.0,76.09157908475383
1537,100.97483361459616,99.96508527845019,0.010003492691618533,100.67190911375238,100.73156768332088,99.9650852784502,100.97483361459616,0.0,100.0,1.5197088659769278,0.4665116987521476,0.005158664554853018,0.0038191090561768425,0.0,76.09157908475494
1538,101.11185153662684,100.18091334386907,0.00998194133614573,100.88926323619944,100.86614690691597,100.10073302126058,101.11185153662684,0.0,100.0,1.5709430822250434,0.395094001946469,0.005193493841238999,0.0034083242112178122,0.0,67.93493992382716
1539,101.28041767784754,100.26761350106908,0.009973310075733854,100.97657642481403,101.00745840755523,100.26761350106908,101.28041767784755,0.0,100.0,1.52526763564704,0.45558460175182214,0.005322981003299733,0.0036757900492617413,0.0,73.24656200148661
1540,101.25599804484155,100.26761350106908,0.009973310075733854,100.97657642481403,101.00745840755523,100.26761350106908,101.28041767784755,0.0,100.0,1.52526763564704,0.45558460175182214,0.005322981003299733,0.0036757900492617413,0.0,73.24656200148661
1541,101.22862504993168,100.26761350106908,0.009973310075733854,100.97657642481403,101.00745840755523,100.26761350106908,101.28041767784755,0.0,100.0,1.52526763564704,0.45558460175182214,0.005322981003299733,0.0036757900492617413,0.0,73.24656200148661
1542,101.27453772065876,100.38041925056136,0.009962102245298279,101.09017979071683,101.1489678828453,100.38041925056136,101.39436287935492,0.0,100.0,1.4299128914619434,0.51002614157664,0.005461234076003529,0.0038135809532094025,0.0,75.98185610495855
1543,101.30212025452498,100.4049553012621,0.009959667797266874,101.11488932864474,101.17481041003201,100.4049553012621,101.41914676895162,0.0,100.0,1.395519860144988,0.559023527418976,0.005591855346362936,0.0038191090561763594,0.0,76.09157908474495
1544,101.20771767032265,100.44690876196312,0.00995550796261713,101.15713942997695,101.21708554894064,100.4469087619631,101.46152400198294,0.0,100.0,1.3638782713333892,0.6031211746770784,0.005714639340500827,0.0038191090561766864,0.0,76.09157908475272
1545,100.9301840559735,100.44690876196312,0.00995550796261713,101.15713942997695,101.21708554894064,100.4469087619631,101.46152400198294,0.0,100.0,1.3638782713333892,0.6031211746770784,0.005714639340500827,0.0038191090561766864,0.0,76.09157908475272
1546,100.8373999565105,100.49958700946712,0.009950289645526599,101.21019014993807,101.27016770696717,100.4995870094671,101.51473435299708,0.0,100.0,1.2947680096267182,0.6428090572093705,0.005830056294990431,0.0038191090561765857,0.0,76.0915790847505
1547,100.86498977640527,100.55159198765972,0.009945143385921984,101.2625628400977,101.32257143338919,100.55159198765972,101.56726463399971,0.0,100.0,1.2711865688565809,0.6785281514884335,0.005938548232210698,0.0038191090561769305,0.0,76.09157908475717
1548,100.68641818268496,100.27806146191415,0.009972270957589286,100.57980086450772,101.31462880291001,99.3643952112903,102.7807810943147,0.0,100.0,1.2494916433480545,0.6106753363395901,0.00619926751839728,0.005141889518087951,0.0,102.31171482770974
1549,100.64651320227223,100.27806146191415,0.009972270957589286,100.57980086450772,101.31462880291001,99.3643952112903,102.7807810943147,0.0,100.0,1.2494916433480545,0.6106753363395901,0.00619926751839728,0.005141889518087951,0.0,102.31171482770974
1550,100.5960569272944,100.06856768492504,0.00999314792981339,100.3696767150703,101.30692504622719,97.63730815090874,104.59885003174935,0.0,100.0,1.1895323118802101,0.5496078027056311,0.00656526003583976,0.006149493885809675,0.0,122.2381748076018
1551,100.52088422816986,100.06856768492504,0.00999314792981339,100.3696767150703,101.30692504622719,97.63730815090874,104.59885003174935,0.0,100.0,1.1895323118802101,0.5496078027056311,0.00656526003583976,0.006149493885809675,0.0,122.2381748076018
1552,100.38799689679873,100.06856768492504,0.00999314792981339,100.44067939313918,101.30692504622719,97.63730815090874,104.59885003174935,0.0,100.0,1.1895323118802101,0.5496078027056311,0.00656526003583976,0.006149493885809675,0.0,122.2381748076018
1553,100.40247372935383,100.06856768492504,0.00999314792981339,100.44067939313918,101.30692504622719,97.63730815090874,104.59885003174935,0.0,100.0,1.1895323118802101,0.5496078027056311,0.00656526003583976,0.006149493885809675,0.0,122.2381748076018
1554,100.52531137112895,100.02550321987697,0.009997450328260694,100.32648266788065,101.29542765270867,95.10662549856046,107.09801354855514,0.0,100.0,1.1143697269297934,0.49464702243506803,0.006928309705793456,0.006307960266860863,0.0,125.3683865362254
1555,100.42266311084227,100.02550321987697,0.009997450328260694,100.32648266788065,101.29542765270867,95.10662549856046,107.09801354855514,0.0,100.0,1.1143697269297934,0.49464702243506803,0.006928309705793456,0.006307960266860863,0.0,125.3683865362254
1556,100.49180514381443,99.87552411800063,0.010012463101755773,100.1984935682558,101.26232555883924,93.88299267092059,106.93742986371785,0.0,100.0,1.06522014877541,0.44518232019156123,0.0073399979642331395,0.006894781082062518,0.0,136.9513719130222
1557,100.51607636617571,99.85679458419882,0.010014341078781616,100.15726638334887,101.22965730407172,93.86538690914689,106.9173760194452,0.0,100.0,1.0600025368733772,0.4006640881724051,0.007718877975852298,0.0068272263346498595,0.0,135.61862762699218
1558,100.64537871855147,99.85679458419882,0.010014341078781616,100.27289687072475,101.22965730407172,93.86538690914689,106.9173760194452,0.0,100.0,1.0600025368733772,0.4006640881724051,0.007718877975852298,0.0068272263346498595,0.0,135.61862762699218
1559,100.53645963846749,99.85679458419882,0.010014341078781616,100.27289687072475,101.22965730407172,93.86538690914689,106.9173760194452,0.0,100.0,1.0600025368733772,0.4006640881724051,0.007718877975852298,0.0068272263346498595,0.0,135.61862762699218
1560,100.58644649950365,99.85679458419882,0.010014341078781616,100.28468716000516,101.22965730407172,93.86538690914689,106.9173760194452,0.0,100.0,1.0600025368733772,0.4006640881724051,0.007718877975852298,0.0068272263346498595,0.0,135.61862762699218
1561,100.41324156727063,100.05963578098842,0.009994039976207894,100.76712815519738,101.08803494263069,100.05963578098842,101.07033917271558,0.0,100.0,0.9952023339235071,0.4605976793551646,0.007869269551566735,0.005112657571139928,0.0,101.73302530075978
1562,100.28701065628974,100.05963578098842,0.009994039976207894,100.3775905029184,101.08803494263069,100.05963578098842,101.07033917271558,0.0,100.0,0.9952023339235071,0.4605976793551646,0.007869269551566735,0.005112657571139928,0.0,101.73302530075978
1563,100.48603912566404,100.05963578098842,0.009994039976207894,100.38382708400636,101.08803494263069,100.05963578098842,101.07033917271558,0.0,100.0,0.9952023339235071,0.4605976793551646,0.007869269551566735,0.005112657571139928,0.0,101.73302530075978
1564,100.48837446081365,100.05963578098842,0.009994039976207894,100.38382708400636,101.08803494263069,100.05963578098842,101.07033917271558,0.0,100.0,0.9952023339235071,0.4605976793551646,0.007869269551566735,0.005112657571139928,0.0,101.73302530075978
1565,100.35394761434827,100.05963578098842,0.009994039976207894,100.38382708400636,101.08803494263069,100.05963578098842,101.07033917271558,0.0,100.0,0.9952023339235071,0.4605976793551646,0.007869269551566735,0.005112657571139928,0.0,101.73302530075978
1566,100.30217058644563,100.05963578098842,0.009994039976207894,100.38382708400636,101.08803494263069,100.05963578098842,101.07033917271558,0.0,100.0,0.9952023339235071,0.4605976793551646,0.007869269551566735,0.005112657571139928,0.0,101.73302530075978
1567,100.41766181488265,100.05963578098842,0.009994039976207894,100.6429795982676,101.08803494263069,100.05963578098842,101.07033917271558,0.0,100.0,0.9952023339235071,0.4605976793551646,0.007869269551566735,0.005112657571139928,0.0,101.73302530075978
1568,100.39327465150316,99.26752995243605,0.010073787475916335,99.56622863835109,101.07226572262016,95.9786821221479,105.36778691139385,0.0,100.0,0.9270147186381981,0.41453791141964813,0.008478147479598613,0.009008373818606223,0.0,178.5589505964935
1569,100.45182455340303,99.46778797487265,0.010053505967707033,100.1710955666142,101.04068052665136,94.36495932224535,106.47893402660723,0.0,100.0,1.145625762094771,0.28354393141103934,0.008862089184841085,0.007844519304015146,0.0,155.66923575537794
1570,100.49864432962244,99.4936578863262,0.010050891898481842,100.19714839663355,100.89932254758786,99.4936578863262,100.49864432962242,0.0,100.0,1.1339757011271894,0.3551895382699354,0.00917212249030767,0.007014540420617282,0.0,139.31358762083735
1571,100.45868274933426,99.4936578863262,0.010050891898481842,100.19714839663355,100.89932254758786,99.4936578863262,100.49864432962242,0.0,100.0,1.1339757011271894,0.3551895382699354,0.00917212249030767,0.007014540420617282,0.0,139.31358762083735
1572,100.3096518633079,99.4936578863262,0.010050891898481842,100.19714839663355,100.89932254758786,99.4936578863262,100.49864432962242,0.0,100.0,1.1339757011271894,0.3551895382699354,0.00917212249030767,0.007014540420617282,0.0,139.31358762083735
1573,100.21252170912702,99.72186895904616,0.010027890676724887,100.426973082999,100.75816233122885,99.72186895904616,100.72916056469309,0.0,100.0,1.069924311703681,0.4196705844429418,0.009242087902397082,0.005169060307468905,0.0,102.84957051677979
1574,100.07960716435225,99.65953104217547,0.010034163210910598,99.95940926998541,100.74210363226443,97.89552364507892,102.60837039500312,0.0,100.0,1.0643303667673865,0.37770352599864765,0.009335810706164082,0.005402014768230957,0.0,107.45979595985222
1575,100.10740935933353,99.65953104217547,0.010034163210910598,99.95940926998541,100.74210363226443,97.89552364507892,102.60837039500312,0.0,100.0,1.0643303667673865,0.37770352599864765,0.009335810706164082,0.005402014768230957,0.0,107.45979595985222
1576,100.22665798690485,99.65953104217547,0.010034163210910598,99.95940926998541,100.74210363226443,97.89552364507892,102.60837039500312,0.0,100.0,1.0643303667673865,0.37770352599864765,0.009335810706164082,0.005402014768230957,0.0,107.45979595985222
1577,100.00589411971696,99.65953104217547,0.010034163210910598,99.95940926998541,100.74210363226443,97.89552364507892,102.60837039500312,0.0,100.0,1.0643303667673865,0.37770352599864765,0.009335810706164082,0.005402014768230957,0.0,107.45979595985222
1578,100.12221739874668,99.65953104217547,0.010034163210910598,99.99941214485968,100.74210363226443,97.89552364507892,102.60837039500312,0.0,100.0,1.0643303667673865,0.37770352599864765,0.009335810706164082,0.005402014768230957,0.0,107.45979595985222
1579,100.07748397464665,99.65953104217547,0.010034163210910598,100.0317222310418,100.74210363226443,97.89552364507892,102.60837039500312,0.0,100.0,1.0643303667673865,0.37770352599864765,0.009335810706164082,0.005402014768230957,0.0,107.45979595985222
1580,100.06976678990684,99.59754966304996,0.010040407654436437,99.89724138721162,100.7120317031427,93.65289212374232,106.63980064932622,0.0,100.0,1.0088301378589433,0.25834921178307496,0.009195286876463172,0.005563797959595884,0.0,110.66026781961557
1581,99.96125483935091,99.54022205308274,0.010046190166892741,99.83974127691349,100.6864091424028,93.56780872989779,106.5784195719876,0.0,100.0,1.0081237268302279,0.23251429060476747,0.009330511017866505,0.005724448753277946,0.0,113.83731916578377
1582,99.81531766641378,99.27593394454595,0.010072934700957685,99.57465791830084,100.65353318299985,93.3193779078732,106.29544442547346,0.0,100.0,1.0074738286838096,0.20926286154429072,0.009597544586909843,0.0068904262000310575,0.0,136.86546263102838
1583,99.86337530531098,99.27593394454595,0.010072934700957685,99.57465791830084,100.65353318299985,93.3193779078732,106.29544442547346,0.0,100.0,1.0074738286838096,0.20926286154429072,0.009597544586909843,0.0068904262000310575,0.0,136.86546263102838
1584,99.92925557328536,99.27593394454595,0.010072934700957685,99.62946780656549,100.65353318299985,93.3193779078732,106.29544442547346,0.0,100.0,1.0074738286838096,0.20926286154429072,0.009597544586909843,0.0068904262000310575,0.0,136.86546263102838
1585,99.91713105830934,99.27593394454595,0.010072934700957685,99.62946780656549,100.65353318299985,93.3193779078732,106.29544442547346,0.0,100.0,1.0074738286838096,0.20926286154429072,0.009597544586909843,0.0068904262000310575,0.0,136.86546263102838
1586,99.96455307821728,99.27944344684795,0.010072578625356397,99.98141930960345,100.62176046920492,93.32267684003708,106.29920207440288,0.0,100.0,0.9468759223891049,0.18833657538986165,0.009827492280032048,0.0067149021419633595,0.0,133.40225971973152
1587,100.14833333316464,99.27944344684795,0.010072578625356397,99.59094960346144,100.62176046920492,93.32267684003708,106.29920207440288,0.0,100.0,0.9468759223891049,0.18833657538986165,0.009827492280032048,0.0067149021419633595,0.0,133.40225971973152
1588,100.21697681823801,99.27944344684795,0.010072578625356397,99.61759344124083,100.62176046920492,93.32267684003708,106.29920207440288,0.0,100.0,0.9468759223891049,0.18833657538986165,0.009827492280032048,0.0067149021419633595,0.0,133.40225971973152
1589,100.30041502077407,99.29741087056631,0.010070756037168935,99.82647965005609,100.4809885678717,99.29741087056632,100.30041502077407,0.0,100.0,0.8977925152646432,0.2695029178508755,0.009948785396756712,0.0059244527968605925,0.0,117.79120748856009
1590,100.13418245862283,99.12240226207369,0.010088536770487664,99.42066425483821,100.46042057815406,97.34116046532807,102.31613711194271,0.0,100.0,0.9059691140434718,0.24255262606578795,0.01015635938772158,0.0067040755163158315,0.0,133.18860386807185
1591,100.19139566952738,99.1894817128321,0.010081714136738253,99.89082148251879,100.31987439462898,99.1894817128321,100.19139566952738,0.0,100.0,0.913491584919994,0.31829736345920917,0.010226888661749155,0.0056658630144042306,0.0,112.67883743058205
1592,100.27205128183074,99.26933076901243,0.010073604730214989,99.97123512798525,100.17952483808983,99.26933076901243,100.27205128183074,0.0,100.0,0.9204122581263945,0.3864676271132883,0.010160904688889489,0.004563546209913675,0.0,90.85629728714184
1593,100.31772382547022,98.66073394835824,0.010135744586325778,98.95760676866425,100.07394894832788,99.31454658721552,100.31772382547022,0.0,100.0,1.1408878364315007,0.3403438569454892,0.009835643996248653,0.007111063752794058,0.0,141.21707145776097
1594,100.30141360024543,100.10273733406329,0.009989736810720726,100.81053446672841,100.05560343671996,99.29839946424299,100.30141360024544,0.0,100.0,1.6292988669101311,0.23468435059454315,0.008641582521214114,-0.0002354830538754016,4.708552293234414,0.0
1595,100.29245006261002,100.10273733406329,0.009989736810720726,100.59423276089268,100.05560343671996,99.29839946424299,100.30141360024544,0.0,100.0,1.6292988669101311,0.23468435059454315,0.008641582521214114,-0.0002354830538754016,4.708552293234414,0.0
1596,100.3014285215435,100.10273733406329,0.009989736810720726,100.68036485850777,100.05560343671996,99.29839946424299,100.30141360024544,0.0,100.0,1.6292988669101311,0.23468435059454315,0.008641582521214114,-0.0002354830538754016,4.708552293234414,0.0
1597,100.33517844165321,100.10273733406329,0.009989736810720726,100.63708971078559,100.05560343671996,99.29839946424299,100.30141360024544,0.0,100.0,1.6292988669101311,0.23468435059454315,0.008641582521214114,-0.0002354830538754016,4.708552293234414,0.0
1598,100.35431503816842,100.10273733406329,0.009989736810720726,100.63708971078559,100.05560343671996,99.29839946424299,100.30141360024544,0.0,100.0,1.6292988669101311,0.23468435059454315,0.008641582521214114,-0.0002354830538754016,4.708552293234414,0.0
1599,100.46231492852695,100.10273733406329,0.009989736810720726,100.63708971078559,100.05560343671996,99.29839946424299,100.30141360024544,0.0,100.0,1.6292988669101311,0.23468435059454315,0.008641582521214114,-0.0002354830538754016,4.708552293234414,0.0
1600,100.43992620889973,100.10273733406329,0.009989736810720726,100.63708971078559,100.05560343671996,99.29839946424299,100.30141360024544,0.0,100.0,1.6292988669101311,0.23468435059454315,0.008641582521214114,-0.0002354830538754016,4.708552293234414,0.0
1601,100.40563768776087,100.10273733406329,0.009989736810720726,100.67075938663947,100.05560343671996,99.29839946424299,100.30141360024544,0.0,100.0,1.6292988669101311,0.23468435059454315,0.008641582521214114,-0.0002354830538754016,4.708552293234414,0.0
1602,100.36383448568562,100.10273733406329,0.009989736810720726,100.66583198163049,100.05560343671996,99.29839946424299,100.30141360024544,0.0,100.0,1.6292988669101311,0.23468435059454315,0.008641582521214114,-0.0002354830538754016,4.708552293234414,0.0
1603,100.49153794692548,100.10273733406329,0.009989736810720726,100.66583198163049,100.05560343671996,99.29839946424299,100.30141360024544,0.0,100.0,1.6292988669101311,0.23468435059454315,0.008641582521214114,-0.0002354830538754016,4.708552293234414,0.0
1604,100.70014885225953,100.13495035355454,0.009986523151698975,100.84297525504427,100.0496380989066,94.12685333234127,105.93587469029168,0.0,100.0,1.5069549575573207,0.21121591553508884,0.008174227726417183,-0.00042616794483263967,8.519728061653353,0.0
1605,100.84422196158344,100.06808244883689,0.009993196387182525,100.36919001889358,100.18980568666247,100.0680824488369,101.07887116044132,0.0,100.0,1.4663985609527352,0.29009432398157997,0.00775671396284778,0.0006078324252736117,0.0,12.1492637889975
1606,100.71362203547646,100.06808244883689,0.009993196387182525,100.41148116937006,100.18980568666247,100.0680824488369,101.07887116044132,0.0,100.0,1.4663985609527352,0.29009432398157997,0.00775671396284778,0.0006078324252736117,0.0,12.1492637889975
1607,100.92790456809783,100.06808244883689,0.009993196387182525,100.65614288632867,100.18980568666247,100.0680824488369,101.07887116044132,0.0,100.0,1.4663985609527352,0.29009432398157997,0.00775671396284778,0.0006078324252736117,0.0,12.1492637889975
1608,100.96331489827436,100.3796093723643,0.00996218262107834,101.08936418610827,100.20125654171999,97.41505168411612,103.8316834847777,0.0,100.0,1.3757533427431832,0.26108489158342196,0.007398012954388145,-0.0008891816765847259,17.767834698647622,0.0
1609,100.92072469712402,100.3796093723643,0.00996218262107834,100.92015595228163,100.20125654171999,97.41505168411612,103.8316834847777,0.0,100.0,1.3757533427431832,0.26108489158342196,0.007398012954388145,-0.0008891816765847259,17.767834698647622,0.0
1610,101.0522479281312,100.3796093723643,0.00996218262107834,100.92015595228163,100.20125654171999,97.41505168411612,103.8316834847777,0.0,100.0,1.3757533427431832,0.26108489158342196,0.007398012954388145,-0.0008891816765847259,17.767834698647622,0.0
1611,101.12866598103633,100.3796093723643,0.00996218262107834,100.92015595228163,100.20125654171999,97.41505168411612,103.8316834847777,0.0,100.0,1.3757533427431832,0.26108489158342196,0.007398012954388145,-0.0008891816765847259,17.767834698647622,0.0
1612,101.23803923601692,100.3796093723643,0.00996218262107834,100.93432511830886,100.20125654171999,97.41505168411612,103.8316834847777,0.0,100.0,1.3757533427431832,0.26108489158342196,0.007398012954388145,-0.0008891816765847259,17.767834698647622,0.0
1613,101.34759796015108,100.3796093723643,0.00996218262107834,101.04355516627064,100.20125654171999,97.41505168411612,103.8316834847777,0.0,100.0,1.3757533427431832,0.26108489158342196,0.007398012954388145,-0.0008891816765847259,17.767834698647622,0.0
1614,101.4808175628091,100.49938960924887,0.009950309189817914,101.20999135396069,100.22356651063971,94.46942623269395,107.56966661657766,0.0,100.0,1.232307265419175,0.17858206584306063,0.006758241144508537,-0.0013741482486159858,27.445251128548342,0.0
1615,101.56323948723177,100.23240335298456,0.009976813550786952,100.53400536909189,100.25065730770264,94.51475066681789,107.3195429840037,0.0,100.0,1.6804688810585442,0.09283410110785664,0.005790368841324938,9.10498605613319e-05,0.0,1.820831424779179
1616,101.59946614179283,100.58347148037487,0.009941991316089272,101.29466774336746,100.27031711200233,94.54846319155237,107.69543411030038,0.0,100.0,1.6260313705738607,0.08355069099707098,0.00563004079016189,-0.0015591160643131563,31.13378010955237,0.0
1617,101.78679916411943,100.76893117247822,0.009923693626246555,101.48143876662706,100.29493337452617,94.72279530212953,107.89400711396658,82.03808926391662,0.0,1.575948860927952,0.07519562189736388,0.005575132741771626,-0.0023574489579217977,47.03808926391662,0.0
1618,101.90417374851667,100.33304000176936,0.009966806547298528,99.88408123434003,100.32655978069175,95.00408109558511,106.35302240187553,100.0,0.0,1.6113009026018985,0.0514338053777969,0.00580897171732383,-3.229459783948325e-05,0.6458710986423366,0.0
1619,101.90442949658672,101.90442949658669,0.009813116122037611,101.59871620809695,100.34707461547644,94.83226208952358,107.59583126262069,100.0,0.0,1.5623968303937468,0.046290424840017205,0.0063844625343384065,-0.007700090478671337,152.82504291556975,0.0
1620,101.91265977162126,101.92541039427732,0.009811096135219934,101.61963416309446,100.37991669434281,94.85178691291448,108.02741935791853,100.0,0.0,1.6015759654905528,0.031662650590571766,0.006958186444400081,-0.007639411785026819,151.6298726643428,0.0
1621,101.88856117619642,101.94873161385007,0.0098088518039409,101.64288541900854,100.40605747888465,94.87348963984888,108.0656555106811,100.0,0.0,1.5534498882513088,0.02849638553151459,0.0074555462653411435,-0.007623610698229918,151.3186197164873,0.0
1622,101.94334379939308,101.96809132127566,0.009806989490950192,101.66218704731183,100.43199263871327,94.89150578357913,108.08617680055221,100.0,0.0,1.5091738971912043,0.02564674697836313,0.007918961042231738,-0.007589417220133464,150.64503636951886,0.0
1623,101.9616459273869,101.96809132127566,0.009806989490950192,101.66218704731183,100.43199263871327,94.89150578357913,108.08617680055221,100.0,0.0,1.5091738971912043,0.02564674697836313,0.007918961042231738,-0.007589417220133464,150.64503636951886,0.0
1624,101.95405312757244,102.04126065911522,0.009799957326484393,101.7072882734867,100.45931794618612,94.95959716937263,108.16373629866214,100.0,0.0,1.428439985415908,0.02308207228052682,0.008381287305533835,-0.007812040458474551,155.02971079648154,0.0
1625,101.87384018796205,102.04126065911522,0.009799957326484393,101.65119075703761,100.45931794618612,94.95959716937263,108.16373629866214,100.0,0.0,1.428439985415908,0.02308207228052682,0.008381287305533835,-0.007812040458474551,155.02971079648154,0.0
1626,101.80862101733986,102.04126065911522,0.009799957326484393,101.65119075703761,100.45931794618612,94.95959716937263,108.16373629866214,100.0,0.0,1.428439985415908,0.02308207228052682,0.008381287305533835,-0.007812040458474551,155.02971079648154,0.0
1627,101.72904838645171,102.04126065911522,0.009799957326484393,101.5869360032278,100.45931794618612,94.95959716937263,108.16373629866214,100.0,0.0,1.428439985415908,0.02308207228052682,0.008381287305533835,-0.007812040458474551,155.02971079648154,0.0
1628,101.62788609200953,102.04126065911522,0.009799957326484393,101.5869360032278,100.45931794618612,94.95959716937263,108.16373629866214,100.0,0.0,1.428439985415908,0.02308207228052682,0.008381287305533835,-0.007812040458474551,155.02971079648154,0.0
1629,101.60843851964002,102.04126065911522,0.009799957326484393,101.5869360032278,100.45931794618612,94.95959716937263,108.16373629866214,100.0,0.0,1.428439985415908,0.02308207228052682,0.008381287305533835,-0.007812040458474551,155.02971079648154,0.0
1630,101.67355755909861,102.15322058015605,0.009789216574090633,101.84676091841555,100.48913643794296,95.06378707189322,108.28241381496542,100.0,0.0,1.3274981199159688,0.02077386505247414,0.008863863399542298,-0.008211926502929848,162.90080065633816,0.0
1631,101.63723317557911,102.15322058015605,0.009789216574090633,101.84676091841555,100.48913643794296,95.06378707189322,108.28241381496542,100.0,0.0,1.3274981199159688,0.02077386505247414,0.008863863399542298,-0.008211926502929848,162.90080065633816,0.0
1632,101.80633271669109,102.15322058015605,0.009789216574090633,101.84676091841555,100.48913643794296,95.06378707189322,108.28241381496542,100.0,0.0,1.3274981199159688,0.02077386505247414,0.008863863399542298,-0.008211926502929848,162.90080065633816,0.0
1633,101.76888032805095,102.15322058015605,0.009789216574090633,101.62331872290335,100.48913643794296,95.06378707189322,108.28241381496542,100.0,0.0,1.3274981199159688,0.02077386505247414,0.008863863399542298,-0.008211926502929848,162.90080065633816,0.0
1634,101.79727302423375,101.9847614770089,0.009805386466736371,101.26872002230571,100.62991975428291,100.96491386223882,101.9847614770089,100.0,0.0,1.2412982703226914,0.11869647854722673,0.009134458295224308,-0.00668678949863166,132.8474669258728,0.0
1635,101.72640609178546,101.9847614770089,0.009805386466736371,101.4212268735101,100.62991975428291,100.96491386223882,101.9847614770089,100.0,0.0,1.2412982703226914,0.11869647854722673,0.009134458295224308,-0.00668678949863166,132.8474669258728,0.0
1636,101.67458687884076,101.64403891707653,0.009838255254848955,100.93038969699676,100.7709003052978,100.62759852790577,101.64403891707654,100.0,0.0,1.181994408696876,0.20682683069250407,0.009104026915132298,-0.004313607558479197,85.90160535543734,0.0
1637,101.79547591752494,101.6166815449181,0.009840903922432906,100.90322440267693,100.78460762397707,98.81194571136855,103.51173096802637,100.0,0.0,1.3285991876808783,0.1414695521936728,0.008855429890931228,-0.004111010974078789,81.88359512342646,0.0
1638,101.73088912979316,101.73088912979314,0.009829856089473003,101.42569646240379,100.79508801050021,97.07730750553782,105.36134348718868,100.0,0.0,1.302311252666408,0.12732259697430554,0.008878585725459553,-0.004620647348585276,91.98790331017337,0.0
1639,101.72639481082807,101.73088912979314,0.009829856089473003,101.42569646240379,100.79508801050021,97.07730750553782,105.36134348718868,100.0,0.0,1.302311252666408,0.12732259697430554,0.008878585725459553,-0.004620647348585276,91.98790331017337,0.0
1640,101.78795359036458,101.78795359036457,0.009824345266085218,101.48258972959347,100.80408051149242,94.72386961119328,107.89523080578645,100.0,0.0,1.2381263524530954,0.11459033727687498,0.00892864619885998,-0.004856425294478752,96.65908824846414,0.0
1641,101.85132544613863,101.85132544613863,0.009818232562214651,101.2085384279053,100.81468637786396,94.78284346017661,107.96240497290695,100.0,0.0,1.219076244256848,0.10313130354918748,0.00900673421163941,-0.005115011929947581,101.7796345539823,0.0
1642,101.86665539486108,101.8666553948611,0.009816755012950464,101.5610554286765,100.95592578330769,100.84798884091249,101.8666553948611,100.0,0.0,1.2015501447163002,0.19281817319426875,0.009005167044198781,-0.004490277198244413,89.4040947965935,0.0
1643,101.83900317006493,101.8666553948611,0.009816755012950464,101.5610554286765,100.95592578330769,100.84798884091249,101.8666553948611,100.0,0.0,1.2015501447163002,0.19281817319426875,0.009005167044198781,-0.004490277198244413,89.4040947965935,0.0
1644,101.92395956677325,101.92395956677323,0.009811235790392073,101.6181876880729,100.96790626800696,98.3117806076996,104.49457087462685,100.0,0.0,1.1454261331389963,0.17353635587484187,0.009030317073514921,-0.004712132222909406,93.80064342378147,0.0
1645,101.72566938335397,101.92395956677323,0.009811235790392073,101.5843797651375,100.96790626800696,98.3117806076996,104.49457087462685,100.0,0.0,1.1454261331389963,0.17353635587484187,0.009030317073514921,-0.004712132222909406,93.80064342378147,0.0
1646,101.81657425244008,101.92395956677323,0.009811235790392073,101.5843797651375,100.96790626800696,98.3117806076996,104.49457087462685,100.0,0.0,1.1454261331389963,0.17353635587484187,0.009030317073514921,-0.004712132222909406,93.80064342378147,0.0
1647,101.62342405099845,101.934458269061,0.009810225285746366,101.60507778117888,101.10936033152247,100.91511368637039,101.934458269061,100.0,0.0,1.0804587091545432,0.25618272028735767,0.008976138097409842,-0.004063644701056475,80.94396650057622,0.0
1648,101.60067065984292,101.934458269061,0.009810225285746366,101.60507778117888,101.10936033152247,100.91511368637039,101.934458269061,100.0,0.0,1.0804587091545432,0.25618272028735767,0.008976138097409842,-0.004063644701056475,80.94396650057622,0.0
1649,101.56487050032162,102.23276543960517,0.009781599819783394,101.92606714328635,101.11877051063395,98.38529505933768,104.55553788375373,100.0,0.0,1.0340220124221797,0.2305644482586219,0.00909495716855006,-0.0054781731731980325,108.96652596464551,0.0
1650,101.67060534708014,102.23276543960517,0.009781599819783394,101.92606714328635,101.11877051063395,98.38529505933768,104.55553788375373,100.0,0.0,1.0340220124221797,0.2305644482586219,0.00909495716855006,-0.0054781731731980325,108.96652596464551,0.0
1651,101.7937070376571,103.08552067244987,0.009700683408074933,102.77626411043252,101.12860652185101,95.93138553778185,107.28006198762048,100.0,0.0,0.9913002514284054,0.2075080034327597,0.009699213904795785,-0.00958265805350946,189.8340463174142,0.0
1652,101.86270010373161,102.89161626639557,0.00971896483199283,102.47872972759279,101.16032960550577,95.75093809750771,109.06511324237931,100.0,0.0,0.991996231314133,0.18675720308948374,0.010135430164006965,-0.008484538843734783,168.26314171286327,0.0
1653,101.89358537990188,102.89161626639557,0.00971896483199283,102.200185937715,101.16032960550577,95.75093809750771,109.06511324237931,100.0,0.0,0.991996231314133,0.18675720308948374,0.010135430164006965,-0.008484538843734783,168.26314171286327,0.0
1654,101.74659817071587,102.77434158658167,0.00973005503671902,102.05275644003596,101.30205325035668,101.74659817071586,102.77434158658167,100.0,0.0,0.9526365328090024,0.26808148278053534,0.01039304713516409,-0.007214398007184466,143.25446541388675,0.0
1655,101.67229846857266,102.53556550810175,0.009752713558896653,101.81565682349121,101.44987833476796,101.67229846857266,102.69929138239662,100.0,0.0,1.1640119759437402,0.2593677342218862,0.010196279492662249,-0.005322375718975865,105.8839601609285,0.0
1656,101.67315445176051,102.53556550810175,0.009752713558896653,102.10749398395095,101.44987833476796,101.67229846857266,102.69929138239662,100.0,0.0,1.1640119759437402,0.2593677342218862,0.010196279492662249,-0.005322375718975865,105.8839601609285,0.0
1657,101.6639301035562,102.53556550810175,0.009752713558896653,101.96983962242346,101.44987833476796,101.67229846857266,102.69929138239662,100.0,0.0,1.1640119759437402,0.2593677342218862,0.010196279492662249,-0.005322375718975865,105.8839601609285,0.0
1658,101.41068954966923,102.22486576261849,0.009782355716877637,101.50713852055394,101.59725129778657,101.4106895496692,102.43503994916081,100.0,0.0,1.3487274286043711,0.19258972295790533,0.00929682253146012,-0.0030792265034020896,61.39547948043611,0.0
1659,101.44299111522935,102.3000476066062,0.009775166516495574,101.99314746378637,101.60696606222392,99.54251707287666,104.35749808985726,100.0,0.0,1.3208292343160215,0.1733307506621148,0.009146895694869766,-0.0033990078708520137,67.74987505846708,0.0
1660,101.50292454242194,102.3000476066062,0.009775166516495574,101.67348949217086,101.60696606222392,99.54251707287666,104.35749808985726,100.0,0.0,1.3208292343160215,0.1733307506621148,0.009146895694869766,-0.0033990078708520137,67.74987505846708,0.0
1661,101.56017077998558,102.3000476066062,0.009775166516495574,101.94041397443334,101.60696606222392,99.54251707287666,104.35749808985726,100.0,0.0,1.3208292343160215,0.1733307506621148,0.009146895694869766,-0.0033990078708520137,67.74987505846708,0.0
1662,101.59158852560783,102.34036849937623,0.009771315216693744,102.03334739387809,101.7493154360223,101.31696481438244,102.34036849937621,100.0,0.0,1.2418295622374065,0.25599767559590336,0.008945608415682735,-0.0028960457577120974,57.75365791823472,0.0
1663,101.63991312714033,102.34036849937623,0.009771315216693744,101.94575037827516,101.7493154360223,101.31696481438244,102.34036849937621,100.0,0.0,1.2418295622374065,0.25599767559590336,0.008945608415682735,-0.0028960457577120974,57.75365791823472,0.0
1664,101.42725985751363,102.34036849937623,0.009771315216693744,101.73245722920126,101.7493154360223,101.31696481438244,102.34036849937621,100.0,0.0,1.2418295622374065,0.25599767559590336,0.008945608415682735,-0.0028960457577120974,57.75365791823472,0.0
1665,101.38732233995474,102.34036849937623,0.009771315216693744,101.69239953857046,101.7493154360223,101.31696481438244,102.34036849937621,100.0,0.0,1.2418295622374065,0.25599767559590336,0.008945608415682735,-0.0028960457577120974,57.75365791823472,0.0
1666,101.28321055618798,102.30627328907879,0.009774571664577977,101.58797447962687,101.60696606222392,101.28321055618798,102.30627328907877,100.0,0.0,1.162483197258414,0.330397908036313,0.008820405739906886,-0.0034294351317232558,68.35428604450078,0.0
1667,101.11395505780425,102.13530813919621,0.00979093340216039,101.41820968686486,101.46481583811155,101.11395505780423,102.1353081391962,100.0,0.0,1.149484541477741,0.3973581172326818,0.00868636468627456,-0.0032931821846993287,65.64745466581034,0.0
1668,101.18185801781372,102.13530813919621,0.00979093340216039,101.41820968686486,101.46481583811155,101.11395505780423,102.1353081391962,100.0,0.0,1.149484541477741,0.3973581172326818,0.00868636468627456,-0.0032931821846993287,65.64745466581034,0.0
1669,101.17284017242397,102.13530813919621,0.00979093340216039,101.41820968686486,101.46481583811155,101.11395505780423,102.1353081391962,100.0,0.0,1.149484541477741,0.3973581172326818,0.00868636468627456,-0.0032931821846993287,65.64745466581034,0.0
1670,100.94623233062771,101.96589124305831,0.00980720109253278,101.24998227746008,101.32286448507071,100.94623233062771,101.9658912430583,100.0,0.0,1.0841924448261884,0.45762230550941363,0.008544758488128107,-0.0031631201425008563,63.062927234636135,0.0
1671,100.7958656035087,101.81400566010981,0.00982183142207708,101.09916309278705,101.1811117248767,100.7958656035087,101.8140056601098,100.0,0.0,1.0774570492400934,0.5118600749584723,0.008406207683609545,-0.003117779104178142,62.16177539914436,0.0
1672,100.69859637871505,101.17482645460167,0.009883881544869385,100.83460160320556,101.04351440932157,100.69859637871507,101.715753917894,100.0,0.0,2.0571600058205064,0.2461224594384733,0.006979928557461868,-0.0006493577423248663,12.97872700962821,0.0
1673,100.5902208415789,101.17482645460167,0.009883881544869385,100.83460160320556,101.04351440932157,100.69859637871507,101.715753917894,100.0,0.0,2.0571600058205064,0.2461224594384733,0.006979928557461868,-0.0006493577423248663,12.97872700962821,0.0
1674,100.57445083317542,101.17482645460167,0.009883881544869385,100.76874483323142,101.04351440932157,100.69859637871507,101.715753917894,100.0,0.0,2.0571600058205064,0.2461224594384733,0.006979928557461868,-0.0006493577423248663,12.97872700962821,0.0
1675,100.70725398319617,101.17482645460167,0.009883881544869385,100.76874483323142,101.04351440932157,100.69859637871507,101.715753917894,100.0,0.0,2.0571600058205064,0.2461224594384733,0.006979928557461868,-0.0006493577423248663,12.97872700962821,0.0
1676,100.59719737547705,101.17482645460167,0.009883881544869385,100.86860668823861,101.04351440932157,100.69859637871507,101.715753917894,100.0,0.0,2.0571600058205064,0.2461224594384733,0.006979928557461868,-0.0006493577423248663,12.97872700962821,0.0
1677,100.76713896425491,101.17482645460167,0.009883881544869385,100.86860668823861,101.04351440932157,100.69859637871507,101.715753917894,100.0,0.0,2.0571600058205064,0.2461224594384733,0.006979928557461868,-0.0006493577423248663,12.97872700962821,0.0
1678,100.65573979889386,101.17482645460167,0.009883881544869385,100.86860668823861,101.04351440932157,100.69859637871507,101.715753917894,100.0,0.0,2.0571600058205064,0.2461224594384733,0.006979928557461868,-0.0006493577423248663,12.97872700962821,0.0
1679,100.47413494086668,101.21481049440811,0.00987997700252818,100.89717227754134,100.97096641710311,100.20266238946401,101.2148104944081,100.0,0.0,1.9040157767834374,0.32151021349462594,0.006705857680304578,-0.0012060397176786126,24.09173875975945,0.0
1680,100.39643937233423,101.21481049440811,0.00987997700252818,100.80470830877633,100.97096641710311,100.20266238946401,101.2148104944081,100.0,0.0,1.9040157767834374,0.32151021349462594,0.006705857680304578,-0.0012060397176786126,24.09173875975945,0.0
1681,100.72723258892864,101.21481049440811,0.00987997700252818,100.70119670310169,100.97096641710311,100.20266238946401,101.2148104944081,100.0,0.0,1.9040157767834374,0.32151021349462594,0.006705857680304578,-0.0012060397176786126,24.09173875975945,0.0
1682,100.63480383215186,101.1768411107226,0.009883684734786815,100.46647211596327,100.82970596950503,100.16507269961538,101.1768411107226,100.0,0.0,1.7783611813074292,0.38935919214516335,0.006509718634638898,-0.00171843510141144,34.30974296160238,0.0
1683,100.55439816799738,101.1768411107226,0.009883684734786815,100.48032991720612,100.82970596950503,100.16507269961538,101.1768411107226,100.0,0.0,1.7783611813074292,0.38935919214516335,0.006509718634638898,-0.00171843510141144,34.30974296160238,0.0
1684,100.57442966460867,101.16197603878575,0.00988513707577833,100.45171141263579,100.68864314816292,100.1503562783979,101.16197603878575,100.0,0.0,1.676092286802835,0.450423272930647,0.006400531982995259,-0.0023449662553892926,46.78960506281027,0.0
1685,100.44661726657634,101.16197603878575,0.00988513707577833,100.45171141263579,100.68864314816292,100.1503562783979,101.16197603878575,100.0,0.0,1.676092286802835,0.450423272930647,0.006400531982995259,-0.0023449662553892926,46.78960506281027,0.0
1686,100.47249189377166,101.16197603878575,0.00988513707577833,100.45171141263579,100.68864314816292,100.1503562783979,101.16197603878575,100.0,0.0,1.676092286802835,0.450423272930647,0.006400531982995259,-0.0023449662553892926,46.78960506281027,0.0
1687,100.28559695387207,101.16197603878575,0.00988513707577833,100.50352121031958,100.68864314816292,100.1503562783979,101.16197603878575,100.0,0.0,1.676092286802835,0.450423272930647,0.006400531982995259,-0.0023449662553892926,46.78960506281027,0.0
1688,100.28787320317592,101.20283303069812,0.009881146308391065,100.68049278637872,100.82970596950504,100.19080470039113,101.2028330306981,100.0,0.0,1.5620049038586084,0.5053809456375823,0.006238124256202763,-0.001846866168388266,36.86923083268567,0.0
1689,100.27981612996362,101.20283303069812,0.009881146308391065,100.58156081240082,100.82970596950504,100.19080470039113,101.2028330306981,100.0,0.0,1.5620049038586084,0.5053809456375823,0.006238124256202763,-0.001846866168388266,36.86923083268567,0.0
1690,100.2430398966878,101.20283303069812,0.009881146308391065,100.54467391844311,100.82970596950504,100.19080470039113,101.2028330306981,100.0,0.0,1.5620049038586084,0.5053809456375823,0.006238124256202763,-0.001846866168388266,36.86923083268567,0.0
1691,100.32116204196652,101.18253776462872,0.009883128275811826,100.47212877330236,100.68864314816294,100.17071238698243,101.18253776462872,100.0,0.0,1.4637111782165864,0.554842851073824,0.006157427356757846,-0.002446583084482625,48.81223849264149,0.0
1692,100.53126592803125,101.13621228140615,0.009887655246743404,100.42612854422478,100.54777767659364,100.12485015859207,101.13621228140613,100.0,0.0,1.4266142839592595,0.5993585659664417,0.006138095539228857,-0.002917606920286695,58.18238507639628,0.0
1693,100.57844847177462,101.13621228140615,0.009887655246743404,100.42612854422478,100.54777767659364,100.12485015859207,101.13621228140613,100.0,0.0,1.4266142839592595,0.5993585659664417,0.006138095539228857,-0.002917606920286695,58.18238507639628,0.0
1694,100.48241605563679,100.58831868523954,0.009941512225979192,99.88208174361799,100.55022120572242,98.40156938116124,102.90738413997282,100.0,0.0,1.3524851412425187,0.5394227093697975,0.005792538904934616,-0.0001894091482306907,3.7874655839842397,0.0
1695,100.40350543772273,100.58831868523954,0.009941512225979192,100.10229492140954,100.55022120572242,98.40156938116124,102.90738413997282,100.0,0.0,1.3524851412425187,0.5394227093697975,0.005792538904934616,-0.0001894091482306907,3.7874655839842397,0.0
1696,100.3425760670643,100.58831868523954,0.009941512225979192,100.10229492140954,100.55022120572242,98.40156938116124,102.90738413997282,100.0,0.0,1.3524851412425187,0.5394227093697975,0.005792538904934616,-0.0001894091482306907,3.7874655839842397,0.0
1697,100.35509910017056,100.58831868523954,0.009941512225979192,100.10229492140954,100.55022120572242,98.40156938116124,102.90738413997282,100.0,0.0,1.3524851412425187,0.5394227093697975,0.005792538904934616,-0.0001894091482306907,3.7874655839842397,0.0
1698,100.40247865470016,100.58831868523954,0.009941512225979192,100.19351641369364,100.55022120572242,98.40156938116124,102.90738413997282,100.0,0.0,1.3524851412425187,0.5394227093697975,0.005792538904934616,-0.0001894091482306907,3.7874655839842397,0.0
1699,100.32973958467986,100.58831868523954,0.009941512225979192,100.25679245660858,100.55022120572242,98.40156938116124,102.90738413997282,100.0,0.0,1.3524851412425187,0.5394227093697975,0.005792538904934616,-0.0001894091482306907,3.7874655839842397,0.0
1700,100.27200387639498,100.58831868523954,0.009941512225979192,100.25679245660858,100.55022120572242,98.40156938116124,102.90738413997282,100.0,0.0,1.3524851412425187,0.5394227093697975,0.005792538904934616,-0.0001894091482306907,3.7874655839842397,0.0
1701,100.24690652984813,100.58831868523954,0.009941512225979192,100.24337065633303,100.55022120572242,98.40156938116124,102.90738413997282,100.0,0.0,1.3524851412425187,0.5394227093697975,0.005792538904934616,-0.0001894091482306907,3.7874655839842397,0.0
1702,100.16360444223275,100.58831868523954,0.009941512225979192,100.24337065633303,100.55022120572242,98.40156938116124,102.90738413997282,100.0,0.0,1.3524851412425187,0.5394227093697975,0.005792538904934616,-0.0001894091482306907,3.7874655839842397,0.0
1703,100.16681285392643,100.58831868523954,0.009941512225979192,100.2083295335695,100.55022120572242,98.40156938116124,102.90738413997282,100.0,0.0,1.3524851412425187,0.5394227093697975,0.005792538904934616,-0.0001894091482306907,3.7874655839842397,0.0
1704,100.23341936017214,100.438688674167,0.009956322739777083,99.73350229430825,100.54859724379493,94.86184027601689,106.46500999461702,100.0,0.0,1.2522863299431173,0.4854804384328178,0.005510607784486899,0.0005468433942274148,0.0,10.930890399339921
1705,100.25918674901469,100.438688674167,0.009956322739777083,100.091865452189,100.54859724379493,94.86184027601689,106.46500999461702,100.0,0.0,1.2522863299431173,0.4854804384328178,0.005510607784486899,0.0005468433942274148,0.0,10.930890399339921
1706,100.19286237984402,100.50048776943777,0.009950200463644915,100.19898630612946,100.40792769931078,99.4954828917434,100.50048776943778,100.0,0.0,1.192103423547668,0.536932394589536,0.00523525625496083,-0.0004607077802641598,9.209912526927377,0.0
1707,100.2362136967781,100.62175654696306,0.0099382085377656,100.31989127732214,100.37934123973537,99.61553898149344,100.62175654696307,100.0,0.0,1.1767351496638547,0.5832391551305824,0.005065865715953563,-0.0012060397176782676,24.091738759753902,0.0
1708,100.27819228331965,100.62175654696306,0.0099382085377656,100.18211071689876,100.37934123973537,99.61553898149344,100.62175654696307,100.0,0.0,1.1767351496638547,0.5832391551305824,0.005065865715953563,-0.0012060397176782676,24.091738759753902,0.0
1709,100.29808957323304,100.62175654696306,0.0099382085377656,100.25048424145842,100.37934123973537,99.61553898149344,100.62175654696307,100.0,0.0,1.1767351496638547,0.5832391551305824,0.005065865715953563,-0.0012060397176782676,24.091738759753902,0.0
1710,100.30234527417463,101.27644309249473,0.00987396446266098,100.9726137632173,100.37147254864374,97.88266766853083,102.40311947395855,100.0,0.0,1.109263004357413,0.5249152396175242,0.005300462331788818,-0.004487874526119672,89.35646989739698,0.0
1711,100.36199193688505,101.27644309249473,0.00987396446266098,100.66398388855069,100.37147254864374,97.88266766853083,102.40311947395855,100.0,0.0,1.109263004357413,0.5249152396175242,0.005300462331788818,-0.004487874526119672,89.35646989739698,0.0
1712,100.36744327654971,101.2664740179033,0.009874936495006294,100.55547570483876,100.49592142626656,100.25380927772427,101.2664740179033,100.0,0.0,1.06052196400882,0.5724237156557718,0.005440729906801166,-0.0038191090561767054,76.09157908475383,0.0
1713,100.33322606583957,101.16665899976074,0.00988467949705016,100.45636149424584,100.39686591635876,100.15499240976314,101.16665899976074,100.0,0.0,1.0556802068881144,0.6151813440901945,0.00557258142731272,-0.0038191090561763594,76.09157908474606,0.0
1714,100.09490153391448,101.10596114536814,0.009890613655926972,100.39608980332444,100.33662992152489,100.09490153391445,101.10596114536814,100.0,0.0,1.0512257903370652,0.6536632096811751,0.005696521856593608,-0.003819109056176674,76.0915790847505,0.0
1715,100.17123284646507,101.10596114536814,0.009890613655926972,100.39608980332444,100.33662992152489,100.09490153391445,101.10596114536814,100.0,0.0,1.0512257903370652,0.6536632096811751,0.005696521856593608,-0.003819109056176674,76.0915790847505,0.0
1716,100.15517892155879,101.10596114536814,0.009890613655926972,100.39608980332444,100.33662992152489,100.09490153391445,101.10596114536814,100.0,0.0,1.0512257903370652,0.6536632096811751,0.005696521856593608,-0.003819109056176674,76.0915790847505,0.0
1717,100.2719144379978,101.1502423986358,0.0098862837724004,100.84679167143986,100.34449588110465,98.13905688610247,103.12093417692637,100.0,0.0,0.9937943937767666,0.5882968887130576,0.005834594676214796,-0.003998846443387015,79.6583872093637,0.0
1718,100.20778379549074,101.1502423986358,0.0098862837724004,100.5093117306828,100.34449588110465,98.13905688610247,103.12093417692637,100.0,0.0,0.9937943937767666,0.5882968887130576,0.005834594676214796,-0.003998846443387015,79.6583872093637,0.0
1719,100.17320073212584,101.1502423986358,0.0098862837724004,100.47462460594367,100.34449588110465,98.13905688610247,103.12093417692637,100.0,0.0,0.9937943937767666,0.5882968887130576,0.005834594676214796,-0.003998846443387015,79.6583872093637,0.0
1720,100.19535475468803,101.1502423986358,0.0098862837724004,100.47462460594367,100.34449588110465,98.13905688610247,103.12093417692637,100.0,0.0,0.9937943937767666,0.5882968887130576,0.005834594676214796,-0.003998846443387015,79.6583872093637,0.0
1721,100.29841267992221,101.43196259942489,0.009858825308834848,101.12766671162662,100.35212645108182,95.87517088204842,105.55591330093056,100.0,0.0,0.9342908422746253,0.5294671998417518,0.006126698343893802,-0.0053514434831024174,106.45915948679585,0.0
1722,100.21165394295404,101.22389287167074,0.009879090515396165,100.51319352352462,100.45366428669952,100.21165394295403,101.22389287167074,100.0,0.0,0.9395475748926553,0.5765204798575767,0.0062173917581798905,-0.0038191090561771664,76.0915790847616,0.0
1723,100.0821779459945,101.09310903635807,0.009891871063539559,100.38332792978386,100.32387560624177,100.08217794599449,101.09310903635807,100.0,0.0,0.9443837689012429,0.6188684318718191,0.0063026435676087345,-0.003819109056176437,76.09157908474717,0.0
1724,100.06423560151197,101.03940713412008,0.009897128539883417,100.33000307199488,100.30798681745212,100.06423560151197,101.0749854560727,100.0,0.0,1.1580897925635318,0.49930600740032427,0.006217772131523281,-0.0036326286738227404,72.3896089074505,0.0
1725,99.97916561760752,100.9890561794015,0.009902063033677183,100.28000563451104,100.22061450390451,99.97916561760749,100.9890561794015,100.0,0.0,1.1454426091584493,0.5493754066602918,0.006303001118551575,-0.0038191090561769375,76.09157908475717,0.0
1726,100.0758615600981,100.9890561794015,0.009902063033677183,100.39147883448948,100.22061450390451,99.97916561760749,100.9890561794015,100.0,0.0,1.1454426091584493,0.5493754066602918,0.006303001118551575,-0.0038191090561769375,76.09157908475717,0.0
1727,100.25577732731418,100.9890561794015,0.009902063033677183,100.39147883448948,100.22061450390451,99.97916561760749,100.9890561794015,100.0,0.0,1.1454426091584493,0.5493754066602918,0.006303001118551575,-0.0038191090561769375,76.09157908475717,0.0
1728,100.24004214582114,100.84345582262738,0.009916359885155965,100.13542754704224,100.08040381398307,99.8350212644011,100.84345582262738,100.0,0.0,1.08047386709244,0.5944378659942626,0.006380549312961075,-0.0037977172548066883,75.66698328808074,0.0
1729,100.25178949390714,100.13857132527669,0.009986162042912857,99.4354920882888,100.08812122068139,98.56911109294897,102.13857510527839,100.0,0.0,1.074035957725045,0.5349940793948363,0.00602795214643755,-0.00025196493011904307,5.038029195707505,0.0
1730,100.32988375042225,100.32988375042225,0.009967120090436576,100.02889409917097,100.08817161551114,99.32658491291805,100.32988375042227,100.0,0.0,1.0681130811070414,0.5814946714553527,0.0058109998539416525,-0.0012060397176780725,24.09173875974946,0.0
1731,100.31497513625784,100.56586023920498,0.009943732372212695,100.13203788944483,100.2269880167365,99.55137792073745,100.5569473946843,100.0,0.0,1.246877947002413,0.47374235527546127,0.005420439761133052,-0.0016876707781769593,33.696546886033964,0.0
1732,100.09046110768351,100.56586023920498,0.009943732372212695,99.94191476979337,100.2269880167365,99.55137792073745,100.5569473946843,100.0,0.0,1.246877947002413,0.47374235527546127,0.005420439761133052,-0.0016876707781769593,33.696546886033964,0.0
1733,99.96170470580078,100.56586023920498,0.009943732372212695,100.13477971790037,100.2269880167365,99.55137792073745,100.5569473946843,100.0,0.0,1.246877947002413,0.47374235527546127,0.005420439761133052,-0.0016876707781769593,33.696546886033964,0.0
1734,99.97629731822143,100.56586023920498,0.009943732372212695,100.18152080742126,100.2269880167365,99.55137792073745,100.5569473946843,100.0,0.0,1.246877947002413,0.47374235527546127,0.005420439761133052,-0.0016876707781769593,33.696546886033964,0.0
1735,100.01308023149124,100.2632979083148,0.009973739352903037,99.55934295810601,100.22176095269393,97.4161602162594,102.76100649441426,100.0,0.0,1.16712771124222,0.42636811974791516,0.005120075251827025,-0.00020718230005187658,4.142787688756755,0.0
1736,99.92020497209434,100.2632979083148,0.009973739352903037,99.62044435717804,100.22176095269393,97.4161602162594,102.76100649441426,100.0,0.0,1.16712771124222,0.42636811974791516,0.005120075251827025,-0.00020718230005187658,4.142787688756755,0.0
1737,99.88308510098031,100.2632979083148,0.009973739352903037,99.62044435717804,100.22176095269393,97.4161602162594,102.76100649441426,100.0,0.0,1.16712771124222,0.42636811974791516,0.005120075251827025,-0.00020718230005187658,4.142787688756755,0.0
1738,99.71911335079683,100.2632979083148,0.009973739352903037,99.62044435717804,100.22176095269393,97.4161602162594,102.76100649441426,100.0,0.0,1.16712771124222,0.42636811974791516,0.005120075251827025,-0.00020718230005187658,4.142787688756755,0.0
1739,99.89835300331622,99.95330292789649,0.010004671888845655,99.25152447203361,100.21669096103146,95.44133942075413,104.88728189901207,100.0,0.0,1.0937574943428425,0.38373130777312364,0.00497076943873175,0.0013158217573865278,0.0,26.281852913843107
1740,99.95903579692512,99.95903579692514,0.01000409809906111,99.65915868953434,100.21177331417222,94.49720647760427,105.93522333399801,100.0,0.0,1.0862568947954152,0.3453581769958113,0.004824036464170075,0.0012626092604082558,0.0,25.220341771093892
1741,100.03796349339764,100.03796349339764,0.009996205091340134,99.73784960291745,100.07157499325608,99.03758385846366,100.03796349339764,100.0,0.0,1.079356343211782,0.4108223592962301,0.004554750137212086,0.00016796550585564173,0.0,3.3587459636463812
1742,100.27692809571676,100.27692809571674,0.009972383667811164,99.9760973114296,100.03534354018538,99.27415881475957,100.27692809571674,100.0,0.0,1.0730078357548396,0.4697401233666071,0.004426189965269797,-0.0012060397176787943,24.091738759763892,0.0
1743,100.27091864220175,100.27692809571674,0.009972383667811164,99.9760973114296,100.03534354018538,99.27415881475957,100.27692809571674,100.0,0.0,1.0730078357548396,0.4697401233666071,0.004426189965269797,-0.0012060397176787943,24.091738759763892,0.0
1744,100.27247720483403,100.32035117822362,0.009968067179344847,100.01939012468893,100.07866200893628,99.31714766644139,100.32035117822362,100.0,0.0,1.0271672088944526,0.5227661110299464,0.004305343403644045,-0.0012060397176787533,24.091738759762784,0.0
1745,100.23685168332146,100.32035117822362,0.009968067179344847,100.01939012468893,100.07866200893628,99.31714766644139,100.32035117822362,100.0,0.0,1.0271672088944526,0.5227661110299464,0.004305343403644045,-0.0012060397176787533,24.091738759762784,0.0
1746,100.13844604844353,100.32035117822362,0.009968067179344847,100.01939012468893,100.07866200893628,99.31714766644139,100.32035117822362,100.0,0.0,1.0271672088944526,0.5227661110299464,0.004305343403644045,-0.0012060397176787533,24.091738759762784,0.0
1747,100.00746213206673,100.32035117822362,0.009968067179344847,100.01939012468893,100.07866200893628,99.31714766644139,100.32035117822362,100.0,0.0,1.0271672088944526,0.5227661110299464,0.004305343403644045,-0.0012060397176787533,24.091738759762784,0.0
1748,99.97647122796486,100.35095530496179,0.009965027208371335,100.04990243904693,100.1091924050118,99.34744575191216,100.35095530496179,100.0,0.0,0.9649938321828965,0.5704894999269517,0.004191747635715851,-0.0012060397176788119,24.091738759763892,0.0
1749,99.98444215944386,100.73671990426784,0.009926866796440469,100.43450974455506,100.17253163879953,99.41238119160982,100.41654665819175,91.00621759418777,0.0,1.1728795739744464,0.466214817950035,0.004008360478432797,-0.0028081746417106296,56.00621759418778,0.0
1750,99.9398037165558,100.73671990426784,0.009926866796440469,100.24052529243309,100.17253163879953,99.41238119160982,100.41654665819175,91.00621759418777,0.0,1.1728795739744464,0.466214817950035,0.004008360478432797,-0.0028081746417106296,56.00621759418778,0.0
1751,100.00095412453116,100.73671990426784,0.009926866796440469,100.24052529243309,100.17253163879953,99.41238119160982,100.41654665819175,91.00621759418777,0.0,1.1728795739744464,0.466214817950035,0.004008360478432797,-0.0028081746417106296,56.00621759418778,0.0
1752,100.10003911546178,100.73671990426784,0.009926866796440469,100.24052529243309,100.17253163879953,99.41238119160982,100.41654665819175,91.00621759418777,0.0,1.1728795739744464,0.466214817950035,0.004008360478432797,-0.0028081746417106296,56.00621759418778,0.0
1753,100.12127768065784,100.73671990426784,0.009926866796440469,100.24052529243309,100.17253163879953,99.41238119160982,100.41654665819175,91.00621759418777,0.0,1.1728795739744464,0.466214817950035,0.004008360478432797,-0.0028081746417106296,56.00621759418778,0.0
1754,100.25775296813885,100.73671990426784,0.009926866796440469,100.24052529243309,100.17253163879953,99.41238119160982,100.41654665819175,91.00621759418777,0.0,1.1728795739744464,0.466214817950035,0.004008360478432797,-0.0028081746417106296,56.00621759418778,0.0
1755,100.27170563517221,100.73671990426784,0.009926866796440469,100.24052529243309,100.17253163879953,99.41238119160982,100.41654665819175,91.00621759418777,0.0,1.1728795739744464,0.466214817950035,0.004008360478432797,-0.0028081746417106296,56.00621759418778,0.0
1756,100.14623110339103,100.55281064340734,0.009945022855167343,99.93753013730715,100.03238821779,99.63771754689522,100.55281064340733,91.00621759418777,0.0,1.0904777794850622,0.5195933361550316,0.0040792020174127575,-0.0025945205756555617,51.75612917105887,0.0
1757,100.2035897133176,100.55281064340734,0.009945022855167343,100.03836066373188,100.03238821779,99.63771754689522,100.55281064340733,91.00621759418777,0.0,1.0904777794850622,0.5195933361550316,0.0040792020174127575,-0.0025945205756555617,51.75612917105887,0.0
1758,100.0441904699636,100.55281064340734,0.009945022855167343,100.0298152587829,100.03238821779,99.63771754689522,100.55281064340733,91.00621759418777,0.0,1.0904777794850622,0.5195933361550316,0.0040792020174127575,-0.0025945205756555617,51.75612917105887,0.0
1759,100.13047512801784,100.55281064340734,0.009945022855167343,100.0298152587829,100.03238821779,99.63771754689522,100.55281064340733,91.00621759418777,0.0,1.0904777794850622,0.5195933361550316,0.0040792020174127575,-0.0025945205756555617,51.75612917105887,0.0
1760,100.26008928953328,100.55281064340734,0.009945022855167343,100.0298152587829,100.03238821779,99.63771754689522,100.55281064340733,91.00621759418777,0.0,1.0904777794850622,0.5195933361550316,0.0040792020174127575,-0.0025945205756555617,51.75612917105887,0.0
1761,100.27387193061365,100.55281064340734,0.009945022855167343,100.0298152587829,100.03238821779,99.63771754689522,100.55281064340733,91.00621759418777,0.0,1.0904777794850622,0.5195933361550316,0.0040792020174127575,-0.0025945205756555617,51.75612917105887,0.0
1762,100.28753146962151,100.42714694494917,0.009957466983983594,99.81263537234267,99.8924408602934,99.5131974662256,100.42714694494916,91.00621759418777,0.0,1.0165728904595908,0.5676340025395284,0.004154762469157676,-0.0026692651004035354,53.24318184094845,0.0
1763,100.1540289242501,100.42714694494917,0.009957466983983594,99.85356683747736,99.8924408602934,99.5131974662256,100.42714694494916,91.00621759418777,0.0,1.0165728904595908,0.5676340025395284,0.004154762469157676,-0.0026692651004035354,53.24318184094845,0.0
1764,100.11111495320752,100.41635484002006,0.009958537148586664,99.73078706602527,99.89651101500746,98.35061818290636,101.61427238125219,86.76884042851327,0.0,1.7488726424483096,0.2242599335089128,0.0039617301590487465,-0.002595159441175507,51.768840428513265,0.0
1765,100.12952407906653,100.41635484002006,0.009958537148586664,99.82913550682933,99.89651101500746,98.35061818290636,101.61427238125219,86.76884042851327,0.0,1.7488726424483096,0.2242599335089128,0.0039617301590487465,-0.002595159441175507,51.768840428513265,0.0
1766,100.0540136204409,100.41635484002006,0.009958537148586664,99.82913550682933,99.89651101500746,98.35061818290636,101.61427238125219,86.76884042851327,0.0,1.7488726424483096,0.2242599335089128,0.0039617301590487465,-0.002595159441175507,51.768840428513265,0.0
1767,100.02534405892756,99.98103182262425,0.010001897177597589,99.41174323271287,99.75755929030615,99.42332658623504,100.29356219565119,86.76884042851327,0.0,1.5471243415542404,0.2293937945200964,0.0038703988367960757,-0.0011188250156012314,22.351492902629168,0.0
1768,100.13392763546013,100.13392763546014,0.009986625149075577,99.83352585255375,99.89731768135911,99.26507715661198,100.13392763546013,86.76884042851327,0.0,1.5033543942299012,0.3064544150680868,0.0037801187698555715,-0.0011828649755504814,23.62934918146764,0.0
1769,100.15795957371206,100.15795957371205,0.00998422895450503,99.85748569499093,99.94869417751823,99.28890057252237,100.15795957371205,86.76884042851327,0.0,1.4630860426915093,0.3758089735612782,0.003678804005996513,-0.001045769304872659,20.893536278542292,0.0
1770,100.19266168975184,100.19266168975184,0.009980770878175846,99.78812172312922,99.98332378856601,99.32330158232524,100.19266168975184,86.76884042851327,0.0,1.4260391592761887,0.43822807620515036,0.0035835681279689853,-0.0010457693048725315,20.89353627854007,0.0
1771,100.16702800116016,100.19266168975184,0.009980770878175846,99.86652691715668,99.98332378856601,99.32330158232524,100.19266168975184,86.76884042851327,0.0,1.4260391592761887,0.43822807620515036,0.0035835681279689853,-0.0010457693048725315,20.89353627854007,0.0
1772,100.15113145546633,100.08931013617861,0.009991076955565274,99.51940501323776,99.97652765015873,98.32165920343783,101.21336472522783,86.76884042851327,0.0,1.3519560265340937,0.3944052685846353,0.0034362012703515587,-0.0005637268574574917,11.268184970646411,0.0
1773,100.15145536186296,100.15145536186296,0.009984877367850949,99.85100099577737,99.94220355526777,99.28245279696527,100.15145536186296,86.76884042851327,0.0,1.3237995444113664,0.45496474172617185,0.0033555215564627415,-0.001045769304872578,20.893536278542292,0.0
1774,100.19406632794427,100.19406632794428,0.009980630955998025,99.83179158534332,99.98472549197253,99.32469403263497,100.19406632794428,86.76884042851327,0.0,1.2978955808584571,0.5094682675535547,0.0032796826254072537,-0.0010457693048725827,20.893536278542292,0.0
1775,100.04770813670515,100.04091397179214,0.009995910276089275,99.47128441496294,99.97617137437683,98.67531915783634,100.85343596396443,86.76884042851327,0.0,1.411769868824029,0.3484762950066314,0.0029750566174008434,-0.00032368533569638984,6.471611948042355,0.0
1776,99.93454797472634,100.04091397179214,0.009995910276089275,99.63474433080215,99.97617137437683,98.67531915783634,100.85343596396443,86.76884042851327,0.0,1.411769868824029,0.3484762950066314,0.0029750566174008434,-0.00032368533569638984,6.471611948042355,0.0
1777,100.15236620731469,100.15236620731469,0.00998478655941096,99.85190910869271,99.94311249764121,99.28335573911664,100.15236620731469,86.76884042851327,0.0,1.3388282793181068,0.41362866550596833,0.0029220455826890956,-0.0010457693048728097,20.89353627854562,0.0
1778,100.18293728481123,100.18293728481125,0.00998173967645896,99.8823884729568,99.97361970134618,99.31366155491868,100.18293728481123,86.76884042851327,0.0,1.3117220169726584,0.47226579895537146,0.002872215210059986,-0.0010457693048723314,20.893536278535628,0.0
1779,100.04820616005229,99.89961422315469,0.01001004866511507,99.33078922228165,99.96682422255219,98.74479660322159,100.76008730931731,86.76884042851327,0.0,1.2867842556148459,0.42503921905983433,0.0027402352466279764,0.0003362745637545346,0.0,6.723230423713034
1780,100.14442703233182,100.14442703233183,0.009985578125851657,99.69804565950491,99.93518991040241,99.27548545143449,100.14442703233182,86.76884042851327,0.0,1.2638415151656583,0.4825352971538509,0.0027013134941625875,-0.0010457693048727035,20.89353627854451,0.0
1781,100.05221848799775,100.12705250047654,0.009987310871807004,99.55693247379882,99.79537853532626,99.25826167637742,100.12705250047654,86.76884042851327,0.0,1.2427341939524057,0.5342817674384658,0.0027383164590134026,-0.0016590132654542484,33.1253099804063,0.0
1782,100.05540249222884,100.12705250047654,0.009987310871807004,99.75523628475214,99.79537853532626,99.25826167637742,100.12705250047654,86.76884042851327,0.0,1.2427341939524057,0.5342817674384658,0.0027383164590134026,-0.0016590132654542484,33.1253099804063,0.0
1783,100.27462948713092,100.27462948713094,0.009972612266080108,99.97380559866953,99.93518991040243,99.40455815463123,100.27462948713094,86.76884042851327,0.0,1.1833154584362133,0.5808535906946192,0.002777467973341566,-0.0016954192244412996,33.8509928647579,0.0
1784,100.34979212450375,100.48448169734822,0.009951785421075523,100.18302825225616,100.0739023980084,99.47906861451521,100.34979212450376,75.85997085365278,0.0,1.3295471729738269,0.47330385603511954,0.002731544990246149,-0.0020471809303399466,40.85997085365278,0.0
1785,100.37069354874296,100.48448169734822,0.009951785421075523,100.18302825225616,100.0739023980084,99.47906861451521,100.34979212450376,75.85997085365278,0.0,1.3295471729738269,0.47330385603511954,0.002731544990246149,-0.0020471809303399466,40.85997085365278,0.0
1786,100.28135262406464,100.48448169734822,0.009951785421075523,100.18302825225616,100.0739023980084,99.47906861451521,100.34979212450376,75.85997085365278,0.0,1.3295471729738269,0.47330385603511954,0.002731544990246149,-0.0020471809303399466,40.85997085365278,0.0
1787,100.20856416391676,100.77551725038694,0.009923045073689863,100.47319069863579,100.06784024156242,98.5422023761666,101.30384358671756,100.0,0.0,1.2462163846593515,0.32373983752802177,0.003005289712441609,-0.0035235270793204836,70.2231085617977,0.0
1788,100.43017585024899,100.77551725038694,0.009923045073689863,100.47319069863579,100.06784024156242,98.5422023761666,101.30384358671756,100.0,0.0,1.2462163846593515,0.32373983752802177,0.003005289712441609,-0.0035235270793204836,70.2231085617977,0.0
1789,100.40483792000163,100.8107910569941,0.009919572989310668,100.5083586838231,100.20803333016443,99.80268314642414,100.81079105699409,100.0,0.0,1.1865190738866034,0.3913658537752196,0.003184795068779813,-0.0029985138390261922,59.79099266157806,0.0
1790,100.43299215010421,100.37167410033896,0.009962970220067527,99.66695823403766,100.21095507142067,99.16900124959297,101.45496385790055,100.0,0.0,1.1715975479756753,0.35222926839769764,0.003089858699777205,-0.0008012609545598078,16.012388989109503,0.0
1791,100.4774239094354,100.56333088562124,0.009943982475454997,100.21451540929334,100.23326095661855,99.47264967034103,100.47742390943539,100.0,0.0,1.3211384004273448,0.31692481958402524,0.002964868728885142,-0.0016438024469161594,32.822095896775096,0.0
1792,100.44181930518751,100.56333088562124,0.009943982475454997,100.21451540929334,100.23326095661855,99.47264967034103,100.47742390943539,100.0,0.0,1.3211384004273448,0.31692481958402524,0.002964868728885142,-0.0016438024469161594,32.822095896775096,0.0
1793,100.3487987602561,100.21500184203596,0.009978545942415403,99.51138598156032,100.09126022099802,99.51726798795453,100.52249291712579,100.0,0.0,1.8818422405836297,0.16910775064154535,0.0026963546317730147,-0.000617762119683498,12.34761450516042,0.0
1794,100.29558347546188,100.46797499863361,0.00995342048064172,100.12047395140469,100.05186239998973,99.29262764070725,100.29558347546187,76.41743661595032,0.0,1.830809991842813,0.19166970143881704,0.0026430506318945784,-0.002075169240321406,41.41743661595032,0.0
1795,100.26258268892794,100.51715857193416,0.009948550219755362,100.21560709621838,100.19203310394795,99.74903221253552,100.51715857193415,76.41743661595032,0.0,1.764345192495388,0.27250273129493535,0.0026788537601454116,-0.0016198833011655913,32.34527045982149,0.0
1796,100.38940869603205,100.51715857193416,0.009948550219755362,100.1415425106279,100.19203310394795,99.74903221253552,100.51715857193415,76.41743661595032,0.0,1.764345192495388,0.27250273129493535,0.0026788537601454116,-0.0016198833011655913,32.34527045982149,0.0
1797,100.27892093923154,100.51715857193416,0.009948550219755362,100.1415425106279,100.19203310394795,99.74903221253552,100.51715857193415,76.41743661595032,0.0,1.764345192495388,0.27250273129493535,0.0026788537601454116,-0.0016198833011655913,32.34527045982149,0.0
1798,100.37356593967021,100.65684139442138,0.009934744485787354,100.35487087023809,100.33240018432312,99.88764761469938,100.65684139442136,76.41743661595032,0.0,1.6498642437624236,0.3452524581654418,0.0027118293156660794,-0.0016142217740104446,32.232405229857264,0.0
1799,100.38249463912746,100.79670523105452,0.009920959199090066,100.49431511536132,100.47296391623478,100.02644264774544,100.7967052310545,76.41743661595032,0.0,1.5978751042614299,0.41072721234889764,0.0027421391579759654,-0.0016084952898829967,32.118243753862515,0.0
1800,100.30912902459536,103.01057791946019,0.009707740896103502,102.7015461857018,100.46966427985804,99.4793713142385,101.35102103759162,100.0,0.0,2.284368200359273,0.16226944989126274,0.005101152317368919,-0.012487274499669628,246.6653125263285,0.0
1801,100.34478484104645,101.30362951163431,0.00987131462930609,100.59237032750045,100.5892194601813,100.34478484104646,101.35836852630956,100.0,0.0,2.1196626205778144,0.18699230372562373,0.005150490297094049,-0.0035385604546733294,70.52166392231274,0.0
1802,100.2957896749459,101.30011488454772,0.009871657116477167,100.58888037683272,100.59704213314772,99.31644072917508,102.40785520442307,100.0,0.0,2.030089610931589,0.16829307335306135,0.005259342301933556,-0.0034823311124602056,69.40493129758862,0.0
1803,100.38890835309292,101.28882012113407,0.009872757909550854,100.57766491466673,100.51809749446919,100.27593191992273,101.28882012113407,100.0,0.0,1.9476824420570622,0.2514637660177552,0.005402077078737219,-0.003819109056176772,76.09157908475494,0.0
1804,100.49692753071955,101.28882012113407,0.009872757909550854,100.57766491466673,100.51809749446919,100.27593191992273,101.28882012113407,100.0,0.0,1.9476824420570622,0.2514637660177552,0.005402077078737219,-0.003819109056176772,76.09157908475494,0.0
1805,100.55041425533555,101.28882012113407,0.009872757909550854,100.64644000525026,100.51809749446919,100.27593191992273,101.28882012113407,100.0,0.0,1.9476824420570622,0.2514637660177552,0.005402077078737219,-0.003819109056176772,76.09157908475494,0.0
1806,100.49565661971133,101.28882012113407,0.009872757909550854,100.64644000525026,100.51809749446919,100.27593191992273,101.28882012113407,100.0,0.0,1.9476824420570622,0.2514637660177552,0.005402077078737219,-0.003819109056176772,76.09157908475494,0.0
1807,100.52258985700796,101.28882012113407,0.009872757909550854,100.64644000525026,100.51809749446919,100.27593191992273,101.28882012113407,100.0,0.0,1.9476824420570622,0.2514637660177552,0.005402077078737219,-0.003819109056176772,76.09157908475494,0.0
1808,100.44944890603101,101.28882012113407,0.009872757909550854,100.64644000525026,100.51809749446919,100.27593191992273,101.28882012113407,100.0,0.0,1.9476824420570622,0.2514637660177552,0.005402077078737219,-0.003819109056176772,76.09157908475494,0.0
1809,100.32607523822638,101.28882012113407,0.009872757909550854,100.62795911557309,100.51809749446919,100.27593191992273,101.28882012113407,100.0,0.0,1.9476824420570622,0.2514637660177552,0.005402077078737219,-0.003819109056176772,76.09157908475494,0.0
1810,100.42685317834687,101.28882012113407,0.009872757909550854,100.62795911557309,100.51809749446919,100.27593191992273,101.28882012113407,100.0,0.0,1.9476824420570622,0.2514637660177552,0.005402077078737219,-0.003819109056176772,76.09157908475494,0.0
1811,100.42217648356576,101.28882012113407,0.009872757909550854,100.73677559294929,100.51809749446919,100.27593191992273,101.28882012113407,100.0,0.0,1.9476824420570622,0.2514637660177552,0.005402077078737219,-0.003819109056176772,76.09157908475494,0.0
1812,100.37470782837957,101.28882012113407,0.009872757909550854,100.6767380425071,100.51809749446919,100.27593191992273,101.28882012113407,100.0,0.0,1.9476824420570622,0.2514637660177552,0.005402077078737219,-0.003819109056176772,76.09157908475494,0.0
1813,100.56804764793146,101.28882012113407,0.009872757909550854,100.6767380425071,100.51809749446919,100.27593191992273,101.28882012113407,100.0,0.0,1.9476824420570622,0.2514637660177552,0.005402077078737219,-0.003819109056176772,76.09157908475494,0.0
1814,100.61030361992299,101.28882012113407,0.009872757909550854,100.6767380425071,100.51809749446919,100.27593191992273,101.28882012113407,100.0,0.0,1.9476824420570622,0.2514637660177552,0.005402077078737219,-0.003819109056176772,76.09157908475494,0.0
1815,100.54842186702201,101.28882012113407,0.009872757909550854,100.6767380425071,100.51809749446919,100.27593191992273,101.28882012113407,100.0,0.0,1.9476824420570622,0.2514637660177552,0.005402077078737219,-0.003819109056176772,76.09157908475494,0.0
1816,100.52537753197541,101.28882012113407,0.009872757909550854,100.6767380425071,100.51809749446919,100.27593191992273,101.28882012113407,100.0,0.0,1.9476824420570622,0.2514637660177552,0.005402077078737219,-0.003819109056176772,76.09157908475494,0.0
1817,100.58980168731819,101.28882012113407,0.009872757909550854,100.6767380425071,100.51809749446919,100.27593191992273,101.28882012113407,100.0,0.0,1.9476824420570622,0.2514637660177552,0.005402077078737219,-0.003819109056176772,76.09157908475494,0.0
1818,100.67657289915999,101.28882012113407,0.009872757909550854,100.6767380425071,100.51809749446919,100.27593191992273,101.28882012113407,100.0,0.0,1.9476824420570622,0.2514637660177552,0.005402077078737219,-0.003819109056176772,76.09157908475494,0.0
1819,100.55625382534313,101.28882012113407,0.009872757909550854,100.6767380425071,100.51809749446919,100.27593191992273,101.28882012113407,100.0,0.0,1.9476824420570622,0.2514637660177552,0.005402077078737219,-0.003819109056176772,76.09157908475494,0.0
1820,100.60577878389155,101.28882012113407,0.009872757909550854,100.6767380425071,100.51809749446919,100.27593191992273,101.28882012113407,100.0,0.0,1.9476824420570622,0.2514637660177552,0.005402077078737219,-0.003819109056176772,76.09157908475494,0.0
1821,100.46735999051864,101.28882012113407,0.009872757909550854,100.6767380425071,100.51809749446919,100.27593191992273,101.28882012113407,100.0,0.0,1.9476824420570622,0.2514637660177552,0.005402077078737219,-0.003819109056176772,76.09157908475494,0.0
1822,100.41987365054798,101.28882012113407,0.009872757909550854,100.6767380425071,100.51809749446919,100.27593191992273,101.28882012113407,100.0,0.0,1.9476824420570622,0.2514637660177552,0.005402077078737219,-0.003819109056176772,76.09157908475494,0.0
1823,100.42863021438139,101.28882012113407,0.009872757909550854,100.6767380425071,100.51809749446919,100.27593191992273,101.28882012113407,100.0,0.0,1.9476824420570622,0.2514637660177552,0.005402077078737219,-0.003819109056176772,76.09157908475494,0.0
1824,100.51720492190911,101.28882012113407,0.009872757909550854,100.80243917221694,100.51809749446919,100.27593191992273,101.28882012113407,100.0,0.0,1.9476824420570622,0.2514637660177552,0.005402077078737219,-0.003819109056176772,76.09157908475494,0.0
1825,100.65499218520803,101.28882012113407,0.009872757909550854,100.80243917221694,100.51809749446919,100.27593191992273,101.28882012113407,100.0,0.0,1.9476824420570622,0.2514637660177552,0.005402077078737219,-0.003819109056176772,76.09157908475494,0.0
1826,100.78241285455302,101.28882012113407,0.009872757909550854,100.66078781771623,100.51809749446919,100.27593191992273,101.28882012113407,100.0,0.0,1.9476824420570622,0.2514637660177552,0.005402077078737219,-0.003819109056176772,76.09157908475494,0.0
1827,100.7833686522872,101.28882012113407,0.009872757909550854,100.66078781771623,100.51809749446919,100.27593191992273,101.28882012113407,100.0,0.0,1.9476824420570622,0.2514637660177552,0.005402077078737219,-0.003819109056176772,76.09157908475494,0.0
1828,100.76809653445821,101.28882012113407,0.009872757909550854,100.70788128622333,100.51809749446919,100.27593191992273,101.28882012113407,100.0,0.0,1.9476824420570622,0.2514637660177552,0.005402077078737219,-0.003819109056176772,76.09157908475494,0.0
1829,100.85443964889514,101.28882012113407,0.009872757909550854,100.70788128622333,100.51809749446919,100.27593191992273,101.28882012113407,100.0,0.0,1.9476824420570622,0.2514637660177552,0.005402077078737219,-0.003819109056176772,76.09157908475494,0.0
1830,100.96373376190257,101.28882012113407,0.009872757909550854,100.70788128622333,100.51809749446919,100.27593191992273,101.28882012113407,100.0,0.0,1.9476824420570622,0.2514637660177552,0.005402077078737219,-0.003819109056176772,76.09157908475494,0.0
1831,101.19624748802252,101.28882012113407,0.009872757909550854,100.76159756418971,100.51809749446919,100.27593191992273,101.28882012113407,100.0,0.0,1.9476824420570622,0.2514637660177552,0.005402077078737219,-0.003819109056176772,76.09157908475494,0.0
1832,101.2605722975966,101.28882012113407,0.009872757909550854,100.95679058070381,100.51809749446919,100.27593191992273,101.28882012113407,100.0,0.0,1.9476824420570622,0.2514637660177552,0.005402077078737219,-0.003819109056176772,76.09157908475494,0.0
1833,101.38291985790259,101.56317405792771,0.009846088498865138,101.25848453575392,100.53004085265327,94.5146897783075,107.46366931395933,100.0,0.0,1.6552881312610488,0.13072092412666986,0.005517789875980398,-0.005112161760262691,101.72320970248228,0.0
1834,101.52371672456319,101.56317405792771,0.009846088498865138,101.25848453575392,100.53004085265327,94.5146897783075,107.46366931395933,100.0,0.0,1.6552881312610488,0.13072092412666986,0.005517789875980398,-0.005112161760262691,101.72320970248228,0.0
1835,101.5497351196337,101.56317405792771,0.009846088498865138,101.25848453575392,100.53004085265327,94.5146897783075,107.46366931395933,100.0,0.0,1.6552881312610488,0.13072092412666986,0.005517789875980398,-0.005112161760262691,101.72320970248228,0.0
1836,101.62866285447237,101.64009598061784,0.00983863691146744,101.335175692676,100.54542543156857,94.58627331956296,107.7263826257407,100.0,0.0,1.479968096326262,0.08941311210264219,0.005806549283565567,-0.005414188619459161,107.70066069772489,0.0
1837,101.52514943292775,101.64009598061784,0.00983863691146744,101.20525328598377,100.54542543156857,94.58627331956296,107.7263826257407,100.0,0.0,1.479968096326262,0.08941311210264219,0.005806549283565567,-0.005414188619459161,107.70066069772489,0.0
1838,101.56027950191397,101.64009598061784,0.00983863691146744,101.25559866340822,100.54542543156857,94.58627331956296,107.7263826257407,100.0,0.0,1.479968096326262,0.08941311210264219,0.005806549283565567,-0.005414188619459161,107.70066069772489,0.0
1839,101.5781239713191,101.29139588472658,0.009872506852783798,100.58022259366032,100.5611986777315,94.64111478369546,107.3688796378102,100.0,0.0,1.3541584392570591,0.06115856867820726,0.005983385574645771,-0.0036174774398015966,72.08876929942764,0.0
1840,101.5280447454832,102.06780318684791,0.009797408867215203,101.7615997772874,100.57373719131117,94.98429764568067,107.6197274302122,100.0,0.0,1.4521440960108658,0.041832460975893763,0.006264336023786272,-0.007372950248742702,146.37975432876593,0.0
1841,101.62380775705405,102.28146304145982,0.009776942666479552,101.97461865233542,100.60394063059364,95.18312950638251,108.41835082394742,100.0,0.0,1.4159725683299966,0.03764921487830439,0.006880697447620919,-0.0082683247809081,164.0104043277324,0.0
1842,101.6102906884523,102.70072530576816,0.0097370295781527,102.39262312985085,100.64559727803666,95.57329496954785,108.86276882411426,100.0,0.0,1.382694762863597,0.03388429339047395,0.007680681863461217,-0.01010654140000252,200.10842392912176,0.0
1843,101.59452008222326,102.57178197741052,0.00974927003042836,101.85161901468045,100.69332450936453,95.49884887728984,108.72608889605515,100.0,0.0,1.4726217618309174,0.02317685667908418,0.008415928937252334,-0.009241416298710309,183.13589096655036,0.0
1844,101.65021746293274,102.57178197741052,0.00974927003042836,101.85161901468045,100.69332450936453,95.49884887728984,108.72608889605515,100.0,0.0,1.4726217618309174,0.02317685667908418,0.008415928937252334,-0.009241416298710309,183.13589096655036,0.0
1845,101.68913390932781,102.46272249960053,0.009759646977991423,101.74332525035554,100.72532326663433,95.35180955812824,108.61048584957656,100.0,0.0,1.3948120208844441,0.020859171011175764,0.008937081742732809,-0.008550696112137738,169.56403173583158,0.0
1846,101.62670883024582,102.46272249960053,0.009759646977991423,101.74332525035554,100.72532326663433,95.35180955812824,108.61048584957656,100.0,0.0,1.3948120208844441,0.020859171011175764,0.008937081742732809,-0.008550696112137738,169.56403173583158,0.0
1847,101.67084670463859,102.46272249960053,0.009759646977991423,101.74332525035554,100.72532326663433,95.35180955812824,108.61048584957656,100.0,0.0,1.3948120208844441,0.020859171011175764,0.008937081742732809,-0.008550696112137738,169.56403173583158,0.0
1848,101.48095012118834,102.46272249960053,0.009759646977991423,101.74332525035554,100.72532326663433,95.35180955812824,108.61048584957656,100.0,0.0,1.3948120208844441,0.020859171011175764,0.008937081742732809,-0.008550696112137738,169.56403173583158,0.0
1849,101.53193864750175,102.17941014700867,0.009786707503608303,101.46200205169366,100.8664374761056,101.15761604553856,102.17941014700865,100.0,0.0,1.3032270592136888,0.11877325391005819,0.009176833881977858,-0.006466385234039104,128.49679490359534,0.0
1850,101.5391416381909,102.01748302119334,0.00980224144318732,101.30121182646081,101.012446622098,101.08734095477021,102.1084252068386,100.0,0.0,1.4155957376917432,0.1572409056744798,0.009016927373178631,-0.004950188382871019,98.5160944312402,0.0
1851,101.56508577524852,102.01748302119334,0.00980224144318732,101.44880015768912,101.012446622098,101.08734095477021,102.1084252068386,100.0,0.0,1.4155957376917432,0.1572409056744798,0.009016927373178631,-0.004950188382871019,98.5160944312402,0.0
1852,101.76038162981618,102.01748302119334,0.00980224144318732,101.54325526120937,101.012446622098,101.08734095477021,102.1084252068386,100.0,0.0,1.4155957376917432,0.1572409056744798,0.009016927373178631,-0.004950188382871019,98.5160944312402,0.0
1853,101.56569581387103,102.01748302119334,0.00980224144318732,101.60057297363464,101.012446622098,101.08734095477021,102.1084252068386,100.0,0.0,1.4155957376917432,0.1572409056744798,0.009016927373178631,-0.004950188382871019,98.5160944312402,0.0
1854,101.5705043504622,102.01748302119334,0.00980224144318732,101.60057297363464,101.012446622098,101.08734095477021,102.1084252068386,100.0,0.0,1.4155957376917432,0.1572409056744798,0.009016927373178631,-0.004950188382871019,98.5160944312402,0.0
1855,101.64370865271636,102.55811776034632,0.00975056896360715,102.14793289602922,101.02992226626897,97.09209683529687,106.31008629618897,100.0,0.0,1.3183480786764037,0.14151681510703182,0.00937668617516239,-0.007506312717964979,149.007755548749,0.0
1856,101.71471523561951,102.55811776034632,0.00975056896360715,102.02077756832449,101.02992226626897,97.09209683529687,106.31008629618897,100.0,0.0,1.3183480786764037,0.14151681510703182,0.00937668617516239,-0.007506312717964979,149.007755548749,0.0
1857,101.65613335997395,102.75925958562118,0.009731483119210087,102.4509818068643,101.06067181968677,95.62776697037907,108.92481516075847,100.0,0.0,1.2528802323822914,0.12736513359632864,0.009814160166554207,-0.008333766743138972,165.2977817068757,0.0
1858,101.63621644049323,102.58376026488637,0.009748131647912425,101.86351320184299,101.20978885549876,101.63621644049321,102.66284488938709,100.0,0.0,1.3794668547575324,0.1631177513798888,0.009884484729796448,-0.00674197694342123,133.93654179178262,0.0
1859,101.5633114861978,102.58376026488637,0.009748131647912425,102.01683437704692,101.20978885549876,101.63621644049321,102.66284488938709,100.0,0.0,1.3794668547575324,0.1631177513798888,0.009884484729796448,-0.00674197694342123,133.93654179178262,0.0
1860,101.42284670593331,102.44731990498312,0.00976111430662579,101.7280307983283,101.35158179179236,101.4228467059333,102.44731990498313,100.0,0.0,1.3091095063769298,0.24680597624189993,0.009936609705005671,-0.005376565349802902,106.956249729816,0.0
1861,101.38931134391088,102.41344580193015,0.009764342876754893,101.69439452749337,101.49357337721871,101.38931134391085,102.41344580193015,100.0,0.0,1.2843807458667755,0.32212537861770996,0.009881764961600422,-0.004511234720680565,89.8194975775446,0.0
1862,101.36794426525394,101.80548580552859,0.009822653387364854,101.27743932685922,101.61487124694226,101.36794426525395,102.39186289419591,100.0,0.0,1.4020716232339983,0.29633375897451364,0.009218547988909864,-0.0009370476059933722,18.723407395790925,0.0
1863,101.2166102780216,101.3816116786868,0.00986372166946156,100.66980497683042,101.62481788022744,99.51613717650427,104.29718179942492,100.0,0.0,1.4865265968327173,0.20269229113856735,0.008271566613755147,0.0011980221615102262,0.0,23.931772436461827
1864,101.21766365113744,101.3816116786868,0.00986372166946156,101.03151794271449,101.62481788022744,99.51613717650427,104.29718179942492,100.0,0.0,1.4865265968327173,0.20269229113856735,0.008271566613755147,0.0011980221615102262,0.0,23.931772436461827
1865,101.19858813166888,101.3816116786868,0.00986372166946156,101.03151794271449,101.62481788022744,99.51613717650427,104.29718179942492,100.0,0.0,1.4865265968327173,0.20269229113856735,0.008271566613755147,0.0011980221615102262,0.0,23.931772436461827
1866,101.15102269009675,101.41243447279902,0.009860723738647862,101.1081971693806,101.48264268105649,100.39831012807103,101.41243447279902,100.0,0.0,1.3942711357527666,0.2824230620247106,0.007816796469777048,0.00034603209324901254,0.0,6.918247929167398
1867,101.14543458377292,101.42710237783226,0.009859297727690565,101.12282107069878,101.34066638789768,100.41283135405394,101.42710237783226,100.0,0.0,1.3627294448925453,0.3541807558222396,0.007398942370776615,-0.00042628071739768804,8.521981591526062,0.0
1868,101.07820846224334,101.42710237783226,0.009859297727690565,101.12282107069878,101.34066638789768,100.41283135405394,101.42710237783226,100.0,0.0,1.3627294448925453,0.3541807558222396,0.007398942370776615,-0.00042628071739768804,8.521981591526062,0.0
1869,101.19500005428259,101.42710237783226,0.009859297727690565,101.12282107069878,101.34066638789768,100.41283135405394,101.42710237783226,100.0,0.0,1.3627294448925453,0.3541807558222396,0.007398942370776615,-0.00042628071739768804,8.521981591526062,0.0
1870,101.00940488943236,101.34229814347299,0.009867548085245445,100.63076746443156,101.32798154033038,97.87188360145687,104.06035064440131,100.0,0.0,1.2803777559678085,0.3187626802400157,0.006963482613496471,-7.063987460303785e-05,1.4126976992712148,0.0
1871,101.04616035087763,101.34229814347299,0.009867548085245445,100.74302186982501,101.32798154033038,97.87188360145687,104.06035064440131,100.0,0.0,1.2803777559678085,0.3187626802400157,0.006963482613496471,-7.063987460303785e-05,1.4126976992712148,0.0
1872,101.0550072274209,101.19271526451904,0.009882134276029526,100.54005730037889,101.18319702617083,100.3035363618245,101.31670339578233,100.0,0.0,1.2579990776824994,0.2940336732841708,0.006228437326547866,-4.703246666304328e-05,0.9406050942839528,0.0
1873,101.24080617701105,101.24080617701104,0.009877440112947975,100.93708375848001,101.04163966360902,100.22839811524094,101.24080617701105,100.0,0.0,1.2373591514678997,0.36463030595575374,0.005972882660770726,-0.0009845961302986435,19.67255308633287,0.0
1874,101.50311450551598,101.79496185170773,0.009823668890969027,101.4895769661526,101.18168463934987,100.48808336046082,101.50311450551598,100.0,0.0,1.368328927093365,0.3254071292737356,0.005636966950580077,-0.003021417601284888,60.246322725800994,0.0
1875,101.61381956227274,101.79496185170773,0.009823668890969027,101.4895769661526,101.18168463934987,100.48808336046082,101.50311450551598,100.0,0.0,1.368328927093365,0.3254071292737356,0.005636966950580077,-0.003021417601284888,60.246322725800994,0.0
1876,101.63447329726172,101.9666146186862,0.00980713151789529,101.66071477483014,101.32345874134442,100.81810265332048,101.83646732658634,100.0,0.0,1.3211128380821988,0.2985784764232352,0.005455497286585105,-0.003163734788971885,63.075142755981695,0.0
1877,101.84031828716196,102.00492523597926,0.009803448193178806,101.69891046027136,101.4654109269267,100.98487598361946,102.00492523597926,100.0,0.0,1.295423811035623,0.3687206287809117,0.005446355692630761,-0.002651562479459474,52.89100578275474,0.0
1878,101.89861114325673,102.23639075264336,0.009781252963237501,101.92968158038536,101.46647592633799,99.89084616807156,103.12210898025477,100.0,0.0,1.4099961267991632,0.25220491008614365,0.0054598456754198586,-0.0037795974050708874,75.30731676239965,0.0
1879,101.86358879612271,102.23639075264336,0.009781252963237501,101.92968158038536,101.46647592633799,99.89084616807156,103.12210898025477,100.0,0.0,1.4099961267991632,0.25220491008614365,0.0054598456754198586,-0.0037795974050708874,75.30731676239965,0.0
1880,102.0740553929278,102.22603014470438,0.00978224429320464,101.50829472743966,101.44817613897679,101.20376984325733,102.22603014470438,100.0,0.0,1.3371964366552302,0.3269844190775293,0.005590550249814318,-0.0038191090561766347,76.0915790847505,0.0
1881,102.07779368662479,102.22603014470438,0.00978224429320464,101.51887102767573,101.44817613897679,101.20376984325733,102.22603014470438,100.0,0.0,1.3371964366552302,0.3269844190775293,0.005590550249814318,-0.0038191090561766347,76.0915790847505,0.0
1882,102.01897476472796,101.99239188395462,0.009804652891539053,101.27629685568212,101.30624806521544,100.97246796511507,101.99239188395462,100.0,0.0,1.2702207217228119,0.3942859771697764,0.005660125211788033,-0.003375053659536185,67.2740197641275,0.0
1883,101.94522510861967,101.99239188395462,0.009804652891539053,101.6393894332938,101.30624806521544,100.97246796511507,101.99239188395462,100.0,0.0,1.2702207217228119,0.3942859771697764,0.005660125211788033,-0.003375053659536185,67.2740197641275,0.0
1884,101.90043713214196,101.99239188395462,0.009804652891539053,101.48775959350242,101.30624806521544,100.97246796511507,101.99239188395462,100.0,0.0,1.2702207217228119,0.3942859771697764,0.005660125211788033,-0.003375053659536185,67.2740197641275,0.0
1885,101.96521392251695,101.99239188395462,0.009804652891539053,101.65931828074942,101.30624806521544,100.97246796511507,101.99239188395462,100.0,0.0,1.2702207217228119,0.3942859771697764,0.005660125211788033,-0.003375053659536185,67.2740197641275,0.0
1886,102.01202425207116,101.82453321099709,0.00982081595137624,101.10961672907433,101.4485960825859,100.99190400955042,102.01202425207114,100.0,0.0,1.1801103899082899,0.3456916083841271,0.0054248546943154695,-0.0018494187092886229,36.92009347415426,0.0
1887,102.11392834713365,102.11392834713367,0.009792983348956332,101.78450462041592,101.45015828807303,99.9020939523172,103.12485107671897,100.0,0.0,1.1657015587156268,0.3111224475457144,0.005490653893730768,-0.0032607424523272512,65.00289135916604,0.0
1888,102.08119131649096,102.11392834713367,0.009792983348956332,101.78450462041592,101.45015828807303,99.9020939523172,103.12485107671897,100.0,0.0,1.1657015587156268,0.3111224475457144,0.005490653893730768,-0.0032607424523272512,65.00289135916604,0.0
1889,102.06340351725785,102.11392834713367,0.009792983348956332,101.78450462041592,101.45015828807303,99.9020939523172,103.12485107671897,100.0,0.0,1.1657015587156268,0.3111224475457144,0.005490653893730768,-0.0032607424523272512,65.00289135916604,0.0
1890,102.26394044593779,102.26394044593778,0.009778617913991431,101.95714862459998,101.45167365038023,98.0198944732597,105.10507705041081,100.0,0.0,1.0991121006850433,0.28001020279114297,0.005639688204947269,-0.00398725841001813,79.42846637979505,0.0
1891,102.49656437224844,102.49656437224846,0.009756424579932123,102.1890746791317,101.45314357344483,96.92050306833006,106.29730794754332,100.0,0.0,1.09118313263024,0.2520091825120287,0.00591524056110447,-0.0051160691001403726,101.80056328660037,0.0
1892,102.53708788757426,102.53708788757423,0.009752568759280935,102.22947662391152,101.45456941916619,95.7806427291048,107.56232436467582,100.0,0.0,1.083888482019821,0.22680826426082584,0.006197133717172142,-0.005306680100060574,105.57335796340995,0.0
1893,102.43166467563177,102.53708788757423,0.009752568759280935,102.22947662391152,101.45456941916619,95.7806427291048,107.56232436467582,100.0,0.0,1.083888482019821,0.22680826426082584,0.006197133717172142,-0.005306680100060574,105.57335796340995,0.0
1894,102.48325529463254,102.53708788757423,0.009752568759280935,102.22947662391152,101.45456941916619,95.7806427291048,107.56232436467582,100.0,0.0,1.083888482019821,0.22680826426082584,0.006197133717172142,-0.005306680100060574,105.57335796340995,0.0
1895,102.39907399562823,102.53708788757423,0.009752568759280935,102.08095276671705,101.45456941916619,95.7806427291048,107.56232436467582,100.0,0.0,1.083888482019821,0.22680826426082584,0.006197133717172142,-0.005306680100060574,105.57335796340995,0.0
1896,102.36172472243202,102.26145834744536,0.009778855261406327,101.95467397240297,101.3435377726275,101.09727013887748,102.11845468573483,100.0,0.0,1.0463983746974237,0.2311368527544049,0.006177087189033819,-0.004508340130693661,89.76212442610709,0.0
1897,102.28589695576143,102.28589695576142,0.00977651885315626,101.61470455316038,101.4855180885402,101.2630379862038,102.28589695576142,100.0,0.0,1.0426865047216298,0.3080231674789644,0.006277803622441184,-0.003927827006782063,78.24919085056004,0.0
1898,102.15785363364421,102.28589695576142,0.00977651885315626,101.80033104231454,101.4855180885402,101.2630379862038,102.28589695576142,100.0,0.0,1.0426865047216298,0.3080231674789644,0.006277803622441184,-0.003927827006782063,78.24919085056004,0.0
1899,102.16592317084027,102.28589695576142,0.00977651885315626,101.85942540132775,101.4855180885402,101.2630379862038,102.28589695576142,100.0,0.0,1.0426865047216298,0.3080231674789644,0.006277803622441184,-0.003927827006782063,78.24919085056004,0.0
1900,102.20211191158522,102.28589695576142,0.00977651885315626,101.89550557585046,101.4855180885402,101.2630379862038,102.28589695576142,100.0,0.0,1.0426865047216298,0.3080231674789644,0.006277803622441184,-0.003927827006782063,78.24919085056004,0.0
1901,102.10173405355914,102.28589695576142,0.00977651885315626,101.89550557585046,101.4855180885402,101.2630379862038,102.28589695576142,100.0,0.0,1.0426865047216298,0.3080231674789644,0.006277803622441184,-0.003927827006782063,78.24919085056004,0.0
1902,102.23480741423182,102.28589695576142,0.00977651885315626,101.92810299198912,101.4855180885402,101.2630379862038,102.28589695576142,100.0,0.0,1.0426865047216298,0.3080231674789644,0.006277803622441184,-0.003927827006782063,78.24919085056004,0.0
1903,102.29417516989807,102.33903213926908,0.009771442812153433,102.03201504285124,101.62892616932653,101.2712334181991,102.29417516989808,100.0,0.0,0.9932985024549082,0.2866878465556117,0.006124621182678207,-0.003481458439997604,69.38759875862344,0.0
1904,102.36346204683714,102.36346204683714,0.009769110774530495,102.05637166069664,101.7713063088058,101.33982742636877,102.36346204683714,100.0,0.0,0.9938346222585156,0.3580190619000505,0.006105241829820107,-0.0029008078476846365,57.84835000602007,0.0
1905,102.40303496380918,102.59679479166144,0.009746893185412405,102.28900440728647,101.91369267648594,101.37900461417108,102.40303496380918,100.0,0.0,1.1935757249327108,0.32088503833963455,0.00586505493700467,-0.0033401813453792194,66.5812335134508,0.0
1906,102.46825447463114,102.75254880222646,0.009732118683739471,102.44429115581977,101.91297381354002,100.19676520607491,103.61130654018062,100.0,0.0,1.178089666938094,0.2887965345056711,0.006005416104732092,-0.004102180855652214,81.70843433795815,0.0
1907,102.3663307426748,102.79544286686496,0.00972805770480648,102.37355093701933,101.9122765213272,99.00051702024548,104.86326805725797,100.0,0.0,1.1638424935830467,0.259916881055104,0.0061628079071364035,-0.004314279638194756,85.9149317233443,0.0
1908,102.22905070003193,102.79544286686496,0.00972805770480648,102.4119244404241,101.9122765213272,99.00051702024548,104.86326805725797,100.0,0.0,1.1638424935830467,0.259916881055104,0.0061628079071364035,-0.004314279638194756,85.9149317233443,0.0
1909,102.13055336268374,103.59633353437795,0.00965285127265778,103.2855445337748,101.91973336162918,101.66995715783669,102.69692642205726,100.0,0.0,1.4220112312482516,0.19287519144768528,0.006467385440357813,-0.008158000481768336,161.83972111255994,0.0
1910,102.09527230253795,103.12653767933129,0.009696825109260126,102.40247974176323,102.06252091630178,102.09527230253796,103.12653767933128,100.0,0.0,1.3882503327483915,0.27358767230291675,0.006701613096337589,-0.00518554337308187,103.17584464418105,0.0
1911,102.09011746938873,103.03531022522172,0.009705410677311795,102.31189280137362,102.08312588804796,100.73599596778972,104.51807067411956,100.0,0.0,1.4766084387802458,0.18713396785519507,0.006773115867785003,-0.004642119719789339,92.41340032775325,0.0
1912,101.96960850806012,103.03676361028529,0.009705273777642008,102.72765331945445,102.21800111220466,101.9696085080601,102.99960455359607,100.0,0.0,1.5400142156687044,0.2039996340129534,0.0066548644092310405,-0.0039890060490805545,79.46314202738503,0.0
1913,101.82659474993694,102.85514621205755,0.009722410951983767,102.27859679290019,102.07499603755733,101.82659474993697,102.85514621205755,100.0,0.0,1.4968130784152083,0.2835996706116581,0.006712403697824332,-0.003806907885468382,75.84940600752988,0.0
1914,101.8253770009354,102.853916162561,0.00972252722414085,102.24143777447517,102.0829235445678,100.46872727578118,104.24526691307452,100.0,0.0,1.4570680321419918,0.2552397035504923,0.0067611134496834285,-0.0037620986987747943,74.95996718050569,0.0
1915,102.00738123910756,102.853916162561,0.00972252722414085,102.24143777447517,102.0829235445678,100.46872727578118,104.24526691307452,100.0,0.0,1.4570680321419918,0.2552397035504923,0.0067611134496834285,-0.0037620986987747943,74.95996718050569,0.0
1916,101.97056824609056,104.68837615312697,0.009552158861813912,104.188784730913,102.09061381461744,98.56568621167185,106.2579655640897,100.0,0.0,1.3805025895706324,0.22971573319544308,0.007863084736313277,-0.012562989783994746,248.14238542680167,0.0
1917,102.18906411823345,103.22127688710447,0.00968792510766674,102.49655377957214,102.23364076946524,102.18906411823342,103.22127688710447,100.0,0.0,1.350062382404982,0.30674415987589876,0.007968152464273575,-0.0048070697401856,95.6814474131562,0.0
1918,102.13734239548774,103.16903272271487,0.009692831013427041,102.44467642476202,102.37686810228166,102.13734239548772,103.16903272271487,100.0,0.0,1.3220573918125835,0.37606974388830894,0.007952540187590304,-0.0038539548453834743,76.78317800674739,0.0
1919,102.05901644740418,103.08991560343854,0.009700269848379284,102.3661147917795,102.30548815684061,102.05901644740416,103.08991560343854,100.0,0.0,1.2962928004675769,0.43846276949947804,0.007933683091254536,-0.0038191090561766213,76.0915790847505,0.0
1920,102.07222779409562,103.08991560343854,0.009700269848379284,102.3661147917795,102.30548815684061,102.05901644740416,103.08991560343854,100.0,0.0,1.2962928004675769,0.43846276949947804,0.007933683091254536,-0.0038191090561766213,76.0915790847505,0.0
1921,101.97251696764346,103.36320889498914,0.009674622244128859,103.05311926830423,102.22091665664273,101.97251696764347,103.00254239155906,100.0,0.0,1.2694197136155332,0.375908534337643,0.00777438291270452,-0.0055563251067239534,110.51245898402118,0.0
1922,102.05571394063497,103.0865797380151,0.00970058374757807,102.39760832042359,102.30217767454387,102.05571394063494,103.0865797380151,100.0,0.0,1.2478661365262906,0.4383176809038787,0.00776621525286194,-0.0038191090561769067,76.09157908475717,0.0
1923,102.15458079130254,103.0865797380151,0.00970058374757807,102.39760832042359,102.30217767454387,102.05571394063494,103.0865797380151,100.0,0.0,1.2478661365262906,0.4383176809038787,0.00776621525286194,-0.0038191090561769067,76.09157908475717,0.0
1924,102.11962615142342,103.0865797380151,0.00970058374757807,102.39760832042359,102.30217767454387,102.05571394063494,103.0865797380151,100.0,0.0,1.2478661365262906,0.4383176809038787,0.00776621525286194,-0.0038191090561769067,76.09157908475717,0.0
1925,102.13441578062779,102.97004231116512,0.009711562485116792,102.24708313746584,102.18652699937708,101.94034188805347,102.97004231116512,100.0,0.0,1.174703512270854,0.49448591281349086,0.007758537652609887,-0.003819109056176692,76.09157908475272,0.0
1926,102.07608885254787,102.97543188648292,0.009711054196911458,102.66650559082346,102.19453798291912,100.37073527234588,104.58029712490887,100.0,0.0,1.1607272312891859,0.44503732153214176,0.007749757540856395,-0.003806082849555819,75.83303019545906,0.0
1927,102.22889278376527,102.97543188648292,0.009711054196911458,102.47473241726077,102.19453798291912,100.37073527234588,104.58029712490887,100.0,0.0,1.1607272312891859,0.44503732153214176,0.007749757540856395,-0.003806082849555819,75.83303019545906,0.0
1928,102.27488229439213,102.97543188648292,0.009711054196911458,102.47473241726077,102.19453798291912,100.37073527234588,104.58029712490887,100.0,0.0,1.1607272312891859,0.44503732153214176,0.007749757540856395,-0.003806082849555819,75.83303019545906,0.0
1929,102.24445423238465,102.97543188648292,0.009711054196911458,102.47473241726077,102.19453798291912,100.37073527234588,104.58029712490887,100.0,0.0,1.1607272312891859,0.44503732153214176,0.007749757540856395,-0.003806082849555819,75.83303019545906,0.0
1930,102.29901130465007,102.97543188648292,0.009711054196911458,102.47473241726077,102.19453798291912,100.37073527234588,104.58029712490887,100.0,0.0,1.1607272312891859,0.44503732153214176,0.007749757540856395,-0.003806082849555819,75.83303019545906,0.0
1931,102.52067401583537,102.97543188648292,0.009711054196911458,102.60673395767782,102.19453798291912,100.37073527234588,104.58029712490887,100.0,0.0,1.1607272312891859,0.44503732153214176,0.007749757540856395,-0.003806082849555819,75.83303019545906,0.0
1932,102.51162687301868,103.1289901322159,0.009696594514480905,102.81960316181927,102.2043194975903,96.63150050118703,108.62711706829553,100.0,0.0,1.0780045278397865,0.304405527927985,0.007607381020699944,-0.004503266597575809,89.66156203412012,0.0
1933,102.42917290217602,103.1289901322159,0.009696594514480905,102.73738505734802,102.2043194975903,96.63150050118703,108.62711706829553,100.0,0.0,1.0780045278397865,0.304405527927985,0.007607381020699944,-0.004503266597575809,89.66156203412012,0.0
1934,102.16092715028545,103.1289901322159,0.009696594514480905,102.52431647822185,102.2043194975903,96.63150050118703,108.62711706829553,100.0,0.0,1.0780045278397865,0.304405527927985,0.007607381020699944,-0.004503266597575809,89.66156203412012,0.0
1935,102.01270207233672,103.04313340640071,0.009704673828735522,102.62799133284938,102.25906193292737,102.01270207233671,103.04313340640071,100.0,0.0,1.0184308322792703,0.37396497513518645,0.007609233474377585,-0.0038191090561764743,76.0915790847494,0.0
1936,101.82706589845495,102.85562211965146,0.009722365966895857,102.13346629734697,102.11599941335184,101.82706589845493,102.85562211965144,100.0,0.0,1.0169563656969287,0.43656847762166784,0.007585691164364618,-0.0036084151589761138,71.9088262807066,0.0
1937,101.91592941064538,102.59508629742207,0.009747055498359936,101.87475971358857,101.97489943553138,101.68142035276927,102.70850540683765,100.0,0.0,1.2101678880241162,0.3746128386932208,0.007289879993375004,-0.0030316610702622246,60.44995762202188,0.0
1938,101.89282124454053,102.20682322506056,0.00978408259297903,101.4892226607923,102.11748468333342,101.58843721027377,102.61458304068057,100.0,0.0,1.6680768516279625,0.2524987380662839,0.006369523122743038,-0.0004372389298252503,8.740956709947234,0.0
1939,101.80452660247127,102.14852568479981,0.009789666500774615,101.43133443124552,102.11696673004606,100.30250557233624,103.93015674537348,100.0,0.0,1.6146307034977256,0.22724886425965554,0.006005891698031033,-0.00015449968754225368,3.0895164215227755,0.0
1940,101.9350782765178,102.26432579800638,0.0097785810662382,101.9147072089926,102.01795325584955,101.24168254002632,102.26432579800638,100.0,0.0,1.5654602472179078,0.30452397783369,0.00579026303243958,-0.0012060397176785673,24.091738759758343,0.0
1941,102.20588513993505,102.26432579800638,0.0097785810662382,101.8730000817265,102.01795325584955,101.24168254002632,102.26432579800638,100.0,0.0,1.5654602472179078,0.30452397783369,0.00579026303243958,-0.0012060397176785673,24.091738759758343,0.0
1942,102.26735724628229,102.47114986098593,0.009758844331859423,102.16373641140298,102.00583572049885,99.59711694528737,103.95293282735406,100.0,0.0,1.6468079332547854,0.15830374463706542,0.005175635500038998,-0.0022756308694782657,45.40928262426358,0.0
1943,102.26043235025998,102.47114986098593,0.009758844331859423,102.16373641140298,102.00583572049885,99.59711694528737,103.95293282735406,100.0,0.0,1.6468079332547854,0.15830374463706542,0.005175635500038998,-0.0022756308694782657,45.40928262426358,0.0
1944,102.3806886795009,102.47114986098593,0.009758844331859423,102.16373641140298,102.00583572049885,99.59711694528737,103.95293282735406,100.0,0.0,1.6468079332547854,0.15830374463706542,0.005175635500038998,-0.0022756308694782657,45.40928262426358,0.0
1945,102.42263356445366,102.47114986098593,0.009758844331859423,102.16373641140298,102.00583572049885,99.59711694528737,103.95293282735406,100.0,0.0,1.6468079332547854,0.15830374463706542,0.005175635500038998,-0.0022756308694782657,45.40928262426358,0.0
1946,102.22343020807125,102.47114986098593,0.009758844331859423,101.95094682768314,102.00583572049885,99.59711694528737,103.95293282735406,100.0,0.0,1.6468079332547854,0.15830374463706542,0.005175635500038998,-0.0022756308694782657,45.40928262426358,0.0
1947,102.24512882931465,103.19387254192203,0.009690497849993512,102.88429092429628,101.99820300586453,97.3183022006603,106.3871047222332,100.0,0.0,1.5310632985944026,0.1424733701733589,0.005564354239122247,-0.005827074621987806,115.86633068468078,0.0
1948,102.27628641781504,103.19387254192203,0.009690497849993512,102.58403853341528,101.99820300586453,97.3183022006603,106.3871047222332,100.0,0.0,1.5310632985944026,0.1424733701733589,0.005564354239122247,-0.005827074621987806,115.86633068468078,0.0
1949,102.19529323602718,103.19387254192203,0.009690497849993512,102.50280164095003,101.99820300586453,97.3183022006603,106.3871047222332,100.0,0.0,1.5310632985944026,0.1424733701733589,0.005564354239122247,-0.005827074621987806,115.86633068468078,0.0
1950,102.32154041424045,103.19387254192203,0.009690497849993512,102.50280164095003,101.99820300586453,97.3183022006603,106.3871047222332,100.0,0.0,1.5310632985944026,0.1424733701733589,0.005564354239122247,-0.005827074621987806,115.86633068468078,0.0
1951,102.44589107113684,102.80989198589376,0.00972669050306178,102.08805723774805,102.02759528321982,101.78179306603482,102.80989198589376,100.0,0.0,1.4285782347068505,0.22822603315602302,0.005688788299694563,-0.0038191090561765966,76.0915790847505,0.0
1952,102.49980160233117,102.80989198589376,0.00972669050306178,102.19230219752419,102.02759528321982,101.78179306603482,102.80989198589376,100.0,0.0,1.4285782347068505,0.22822603315602302,0.005688788299694563,-0.0038191090561765966,76.0915790847505,0.0
1953,102.6495433427398,102.87032690218031,0.00972097620483799,102.56171592147372,102.03559380719992,100.15719632008776,104.47751670092337,100.0,0.0,1.3542919759303025,0.20540342984042073,0.005836312300707498,-0.004073738289701779,81.14420553695156,0.0
1954,102.69743713773302,102.87537886930431,0.009720498830633008,102.56675273269639,102.04335297457489,98.99489571258668,105.70418884656864,100.0,0.0,1.3259486178558784,0.18486308685637867,0.005973368941976064,-0.004060272515073458,80.87706736773615,0.0
1955,102.77021861313403,102.87537886930431,0.009720498830633008,102.56675273269639,102.04335297457489,98.99489571258668,105.70418884656864,100.0,0.0,1.3259486178558784,0.18486308685637867,0.005973368941976064,-0.004060272515073458,80.87706736773615,0.0
1956,102.73531221376444,102.87537886930431,0.009720498830633008,102.56675273269639,102.04335297457489,98.99489571258668,105.70418884656864,100.0,0.0,1.3259486178558784,0.18486308685637867,0.005973368941976064,-0.004060272515073458,80.87706736773615,0.0
1957,102.69061905100314,102.88584413063428,0.009719510088582243,102.57718659824239,102.18631371790937,101.85698568932794,102.88584413063428,100.0,0.0,1.2465393950940749,0.2663767781707408,0.006024305527965891,-0.003411142790244382,67.99092903749914,0.0
1958,102.71694047688618,102.88584413063428,0.009719510088582243,102.57718659824239,102.18631371790937,101.85698568932794,102.88584413063428,100.0,0.0,1.2465393950940749,0.2663767781707408,0.006024305527965891,-0.003411142790244382,67.99092903749914,0.0
1959,102.64369078241266,102.88584413063428,0.009719510088582243,102.30929191742258,102.18631371790937,101.85698568932794,102.88584413063428,100.0,0.0,1.2465393950940749,0.2663767781707408,0.006024305527965891,-0.003411142790244382,67.99092903749914,0.0
1960,102.69590524725818,102.86161887787422,0.0097217991599693,102.13942095195135,102.07892857711111,101.8330026890955,102.86161887787424,100.0,0.0,1.1734829101532156,0.3397391003536667,0.006121142511207589,-0.003819109056176622,76.0915790847505,0.0
1961,102.51277103402475,102.86161887787422,0.0097217991599693,102.20523272092268,102.07892857711111,101.8330026890955,102.86161887787424,100.0,0.0,1.1734829101532156,0.3397391003536667,0.006121142511207589,-0.003819109056176622,76.0915790847505,0.0
1962,102.66347730626632,102.86161887787422,0.0097217991599693,102.48768739011254,102.07892857711111,101.8330026890955,102.86161887787424,100.0,0.0,1.1734829101532156,0.3397391003536667,0.006121142511207589,-0.003819109056176622,76.0915790847505,0.0
1963,102.51373431997675,102.86161887787422,0.0097217991599693,102.48768739011254,102.07892857711111,101.8330026890955,102.86161887787424,100.0,0.0,1.1734829101532156,0.3397391003536667,0.006121142511207589,-0.003819109056176622,76.0915790847505,0.0
1964,102.6282327873011,102.86161887787422,0.0097217991599693,102.48768739011254,102.07892857711111,101.8330026890955,102.86161887787424,100.0,0.0,1.1734829101532156,0.3397391003536667,0.006121142511207589,-0.003819109056176622,76.0915790847505,0.0
1965,102.65158399585549,102.87666398713802,0.009720377403810676,102.29226465217046,102.22193916116952,101.84789734726664,102.87666398713802,100.0,0.0,1.0956042773409584,0.40576519031830005,0.00613694456554534,-0.003192244198245826,63.64172404058066,0.0
1966,102.69574991580184,102.87666398713802,0.009720377403810676,102.38766266605442,102.22193916116952,101.84789734726664,102.87666398713802,100.0,0.0,1.0956042773409584,0.40576519031830005,0.00613694456554534,-0.003192244198245826,63.64172404058066,0.0
1967,102.7138433449359,103.05657464461999,0.009703408088696885,102.74740492068611,102.22610788390722,100.09528650849313,104.6779751442365,100.0,0.0,1.0479559351536818,0.36518867128647003,0.006254188007959477,-0.004045478900040073,80.5835788329412,0.0
1968,102.82021588375875,103.05657464461999,0.009703408088696885,102.74740492068611,102.22610788390722,100.09528650849313,104.6779751442365,100.0,0.0,1.0479559351536818,0.36518867128647003,0.006254188007959477,-0.004045478900040073,80.5835788329412,0.0
1969,102.79325156867209,103.03360954170091,0.00970557087583415,102.31020405845928,102.24961053681791,102.0032734462839,103.03360954170091,100.0,0.0,1.0041194603413872,0.4286698041578231,0.006337232042401585,-0.0038191090561767653,76.09157908475383,0.0
1970,102.75785726485051,103.03360954170091,0.00970557087583415,102.44958369305596,102.24961053681791,102.0032734462839,103.03360954170091,100.0,0.0,1.0041194603413872,0.4286698041578231,0.006337232042401585,-0.0038191090561767653,76.09157908475383,0.0
1971,102.77314640822077,103.03360954170091,0.00970557087583415,102.46482696899609,102.24961053681791,102.0032734462839,103.03360954170091,100.0,0.0,1.0041194603413872,0.4286698041578231,0.006337232042401585,-0.0038191090561767653,76.09157908475383,0.0
1972,102.62986210045804,103.03360954170091,0.00970557087583415,102.56558928033385,102.24961053681791,102.0032734462839,103.03360954170091,100.0,0.0,1.0041194603413872,0.4286698041578231,0.006337232042401585,-0.0038191090561767653,76.09157908475383,0.0
1973,102.83183325196265,103.03360954170091,0.00970557087583415,102.56558928033385,102.24961053681791,102.0032734462839,103.03360954170091,100.0,0.0,1.0041194603413872,0.4286698041578231,0.006337232042401585,-0.0038191090561767653,76.09157908475383,0.0
1974,102.82766328279904,103.03360954170091,0.00970557087583415,102.56558928033385,102.24961053681791,102.0032734462839,103.03360954170091,100.0,0.0,1.0041194603413872,0.4286698041578231,0.006337232042401585,-0.0038191090561767653,76.09157908475383,0.0
1975,102.86179905894348,103.03360954170091,0.00970557087583415,102.56558928033385,102.24961053681791,102.0032734462839,103.03360954170091,100.0,0.0,1.0041194603413872,0.4286698041578231,0.006337232042401585,-0.0038191090561767653,76.09157908475383,0.0
1976,102.89550868190472,103.25929678935047,0.009684358029669769,102.94951889898242,102.25970002177343,98.63946404638628,106.54726837624982,100.0,0.0,0.9588989818838367,0.293210146043951,0.00641395930554601,-0.004863768231097861,96.8045298251674,0.0
1977,102.96009461897401,103.6489284509585,0.009647953094596151,103.33798166560557,102.40584225954241,102.24828321409694,103.28109415565348,100.0,0.0,1.1685059093998411,0.2765557398940625,0.006510928333642131,-0.006032795004598893,119.93237267322377,0.0
1978,102.91357100369103,103.6489284509585,0.009647953094596151,103.22324072586864,102.40584225954241,102.24828321409694,103.28109415565348,100.0,0.0,1.1685059093998411,0.2765557398940625,0.006510928333642131,-0.006032795004598893,119.93237267322377,0.0
1979,103.01351353942252,103.6489284509585,0.009647953094596151,103.22324072586864,102.40584225954241,102.24828321409694,103.28109415565348,100.0,0.0,1.1685059093998411,0.2765557398940625,0.006510928333642131,-0.006032795004598893,119.93237267322377,0.0
1980,102.97596941529426,103.6489284509585,0.009647953094596151,103.14154786538147,102.40584225954241,102.24828321409694,103.28109415565348,100.0,0.0,1.1685059093998411,0.2765557398940625,0.006510928333642131,-0.006032795004598893,119.93237267322377,0.0
1981,102.85092539650118,103.6489284509585,0.009647953094596151,103.14154786538147,102.40584225954241,102.24828321409694,103.28109415565348,100.0,0.0,1.1685059093998411,0.2765557398940625,0.006510928333642131,-0.006032795004598893,119.93237267322377,0.0
1982,103.00508025378953,103.42766900606739,0.009668592646531915,102.701496806426,102.55320781082439,102.5210989044914,103.55666556009233,100.0,0.0,1.092999840585326,0.26516412608753875,0.006559099712050608,-0.004245351358613518,84.548090820038,0.0
1983,102.94202643830141,103.1614430340159,0.009693544124525917,102.43714002374698,102.45610464056196,102.20713343817829,103.23952872543262,100.0,0.0,1.26473668560403,0.2573722622438765,0.006432239394982953,-0.003430341434527094,68.37228839667975,0.0
1984,103.01199409899586,103.1614430340159,0.009693544124525917,102.70295811669887,102.45610464056196,102.20713343817829,103.23952872543262,100.0,0.0,1.26473668560403,0.2573722622438765,0.006432239394982953,-0.003430341434527094,68.37228839667975,0.0
1985,103.06362946473938,103.1614430340159,0.009693544124525917,102.78913176593117,102.45610464056196,102.20713343817829,103.23952872543262,100.0,0.0,1.26473668560403,0.2573722622438765,0.006432239394982953,-0.003430341434527094,68.37228839667975,0.0
1986,103.12694037352696,103.1614430340159,0.009693544124525917,102.81755955240638,102.45610464056196,102.20713343817829,103.23952872543262,100.0,0.0,1.26473668560403,0.2573722622438765,0.006432239394982953,-0.003430341434527094,68.37228839667975,0.0
1987,103.12782437249423,103.1614430340159,0.009693544124525917,102.81844089937674,102.45610464056196,102.20713343817829,103.23952872543262,100.0,0.0,1.26473668560403,0.2573722622438765,0.006432239394982953,-0.003430341434527094,68.37228839667975,0.0
1988,102.9058067676101,103.1614430340159,0.009693544124525917,102.81844089937674,102.45610464056196,102.20713343817829,103.23952872543262,100.0,0.0,1.26473668560403,0.2573722622438765,0.006432239394982953,-0.003430341434527094,68.37228839667975,0.0
1989,102.86759929288313,103.28163676530613,0.009682263288220033,102.97179185501018,102.46407249839322,99.03665808659858,106.54455120353845,100.0,0.0,1.1768910840890412,0.23163503601948884,0.006523147191245662,-0.003973663751427514,79.1587248729142,0.0
1990,102.92679985405589,103.28163676530613,0.009682263288220033,102.87627819691978,102.46407249839322,99.03665808659858,106.54455120353845,100.0,0.0,1.1768910840890412,0.23163503601948884,0.006523147191245662,-0.003973663751427514,79.1587248729142,0.0
1991,102.81887530928034,103.28163676530613,0.009682263288220033,102.87627819691978,102.46407249839322,99.03665808659858,106.54455120353845,100.0,0.0,1.1768910840890412,0.23163503601948884,0.006523147191245662,-0.003973663751427514,79.1587248729142,0.0
1992,102.77925027426457,104.96981206272366,0.009526548446161453,104.65490262653549,102.32354459954789,101.9841445638426,103.01428743822486,100.0,0.0,1.3559362260483243,0.1781731571243711,0.006714812758579256,-0.012765809313837116,252.09795189444884,0.0
1993,102.85431633512442,103.89324882335801,0.00962526450299216,103.16380775839963,102.46689788587332,102.85431633512444,103.89324882335802,100.0,0.0,1.3274613279644585,0.260355841411934,0.00714137115650751,-0.006911949619295788,137.2900504738106,0.0
1994,102.90446171177078,103.89324882335801,0.00962526450299216,103.16380775839963,102.46689788587332,102.85431633512444,103.89324882335802,100.0,0.0,1.3274613279644585,0.260355841411934,0.00714137115650751,-0.006911949619295788,137.2900504738106,0.0
1995,102.84766225998452,103.8865275353379,0.00962588724182586,103.15713366096742,102.4939494939379,100.79761902908388,106.01311005648049,100.0,0.0,1.261264421727302,0.23432025727074063,0.007522616161859749,-0.00674762487927805,134.0479920195925,0.0
1996,102.91999550247601,103.8865275353379,0.00962588724182586,103.28631448161575,102.4939494939379,100.79761902908388,106.01311005648049,100.0,0.0,1.261264421727302,0.23432025727074063,0.007522616161859749,-0.00674762487927805,134.0479920195925,0.0
1997,102.96416240777327,103.61391672568314,0.009651213192215197,102.99119187202514,102.63754151419023,102.5777775584263,103.61391672568314,100.0,0.0,1.2003632679891179,0.31088823154366657,0.007639332269587984,-0.004733906949435296,94.23205321712258,0.0
1998,102.93088560271131,103.61391672568314,0.009651213192215197,102.99119187202514,102.63754151419023,102.5777775584263,103.61391672568314,100.0,0.0,1.2003632679891179,0.31088823154366657,0.007639332269587984,-0.004733906949435296,94.23205321712258,0.0
1999,103.0438563886758,103.40334882355259,0.009670866672861817,102.67734737744942,102.61653641408908,102.36931533531708,103.4033488235526,100.0,0.0,1.1443342065499884,0.37979940838929993,0.007639267648332343,-0.0038191090561764773,76.09157908474829,0.0
