step,fair_price,submission_spot,normalizer_spot,internal_price_estimate,p_low,p_high,bid_fee_bps,ask_fee_bps,lambda_hat,arb_hat,stale_hat,inventory_signed
0,100.0,100.0198226225385,100.00979155016637,100.14009804574935,99.72976513693314,100.29999999999998,28.999999999999996,28.999999999999996,0.8160000000000001,0.55,7.210760513024374e-05,0.0006008966370954095
1,99.83181263869632,100.0198226225385,100.00979155016637,100.14009804574935,99.72976513693314,100.29999999999998,28.999999999999996,28.999999999999996,0.8160000000000001,0.55,7.210760513024374e-05,0.0006008966370954095
2,99.67839436360673,99.67348321488248,99.68348055522502,99.99974637964928,99.67839436360673,100.25905369640428,28.999999999999996,28.999999999999996,0.9247616000000001,0.45220000000000005,0.000179633755413985,0.001633985514379287
3,99.8426241003642,99.67348321488248,99.68348055522502,99.99974637964928,99.67839436360673,100.25905369640428,28.999999999999996,28.999999999999996,0.9247616000000001,0.45220000000000005,0.000179633755413985,0.001633985514379287
4,99.81775621291175,99.37261055780354,99.38257772034693,99.99880291759135,99.39398708188521,100.54593629128675,25.999999999999993,63.61998559161208,0.8907806720000001,0.40698000000000006,0.0005457569565862114,0.003140833226148987
5,99.83778655022516,99.37261055780354,99.53827319057449,99.99880291759135,99.39398708188521,100.54593629128675,25.999999999999993,63.61998559161208,0.8907806720000001,0.40698000000000006,0.0005457569565862114,0.003140833226148987
6,99.88589919778433,99.19819722702125,99.23799590193681,99.9978877678998,99.02176697320112,100.92388571067264,22.99999999999999,80.97074325556297,0.8595182182400002,0.36628200000000005,0.0009947648851722926,0.004014589648681745
7,99.90120370558397,99.19819722702125,99.60150009446724,99.9978877678998,99.02176697320112,100.92388571067264,22.99999999999999,80.97074325556297,0.8595182182400002,0.36628200000000005,0.0009947648851722926,0.004014589648681745
8,100.04203460294946,99.23198681308949,99.74190849914062,99.85798867723838,99.00375324341938,100.04203460294944,19.999999999999986,80.97074325556297,0.8307567607808003,0.4296538000000001,0.00131239819700265,0.003144316345447055
9,100.0454739906732,99.23539835183522,99.53563504937259,99.84787868420212,98.60808192253998,100.44345975191347,16.999999999999986,80.97074325556297,0.8442962199183363,0.3866884200000001,0.0016028358500188888,0.0030765031673455753
10,100.06520297664015,99.25496759073641,99.56518802148786,99.82937193681464,99.08623414583217,100.06520297664017,13.999999999999988,80.97074325556297,0.8567525223248693,0.44801957800000014,0.0018528944026939538,0.002885231191169193
11,99.91246127540013,99.25496759073641,99.5227626086364,99.82937193681464,99.08623414583217,100.06520297664017,13.999999999999988,80.97074325556297,0.8567525223248693,0.44801957800000014,0.0018528944026939538,0.002885231191169193
12,99.99262688241636,99.32580463184603,99.74699999584828,99.84364343478802,99.12499704239083,100.07427544195438,8.0,80.97074325556297,0.9540056100203262,0.3824453913520001,0.002122739400421909,0.0025999911531046954
13,99.95253665671771,99.32580463184603,99.74699999584828,99.84364343478802,99.12499704239083,100.07427544195438,8.0,80.97074325556297,0.9540056100203262,0.3824453913520001,0.002122739400421909,0.0025999911531046954
14,100.03152588873687,99.32580463184603,99.74699999584828,99.84364343478802,99.12499704239083,100.07427544195438,8.0,80.97074325556297,0.9540056100203262,0.3824453913520001,0.002122739400421909,0.0025999911531046954
15,100.05654516501023,99.48255423579066,99.99376350830212,99.9835224280451,99.40296819240203,100.29464745065407,8.0,77.97074325556297,0.9043518278853668,0.44420085221680017,0.0022967611692068586,0.002511545825903759
16,99.97388834514528,99.48255423579066,99.99376350830212,99.9835224280451,99.40296819240203,100.29464745065407,8.0,77.97074325556297,0.9043518278853668,0.44420085221680017,0.0022967611692068586,0.002511545825903759
17,100.07719565982246,99.57522228949419,99.79494695252015,99.97839466975758,98.61799254510788,101.09296887021353,8.0,74.97074325556297,0.9881628716905393,0.3038333829162913,0.0022105186393861086,0.002020371198512043
18,100.13557486812107,99.17358799309055,99.39242640190173,100.11826080916059,99.6899540235171,100.52340125001771,8.0,95.35569579766545,1.5438144278456023,0.21570474577520482,0.0025608127572007357,0.0047401477870146185
19,100.11344546636744,99.19310327724938,99.84762797131272,99.97819331415195,99.11374879462758,100.14807218787635,8.0,95.35569579766545,1.5003092736179542,0.2941342711976843,0.00288018040519501,0.003941783029676125
20,100.0115430175656,99.19310327724938,99.84762797131272,99.97819331415195,99.11374879462758,100.14807218787635,8.0,95.35569579766545,1.5003092736179542,0.2941342711976843,0.00288018040519501,0.003941783029676125
21,99.98132429804349,99.19310327724938,99.75726959381065,99.97819331415195,99.11374879462758,100.14807218787635,8.0,95.35569579766545,1.5003092736179542,0.2941342711976843,0.00288018040519501,0.003941783029676125
22,99.88417390966177,100.07547659114987,100.73582361664805,99.96771683368699,98.01112472793116,101.27473688980824,8.0,95.35569579766545,1.4069511983951846,0.2647208440779159,0.002772011481089664,-0.000538682449614886
23,99.92738125027716,100.00738716000515,100.228065446617,100.10776965135123,99.92738125027715,100.97019548453052,8.0,95.35569579766545,1.37439510252357,0.33824875967012435,0.0026658856328541734,0.000501623629841834
24,99.75791687241569,99.83778710209737,100.05809114585324,100.00678307286859,99.75791687241569,100.79896262376455,8.0,95.35569579766545,1.3444434943216845,0.4044238837031119,0.0026074089638646342,0.0008456370399418533
25,100.03476597428987,99.83778710209737,100.08746109149453,100.00678307286859,99.75791687241569,100.79896262376455,8.0,95.35569579766545,1.3444434943216845,0.4044238837031119,0.0026074089638646342,0.0008456370399418533
26,100.12666195291955,100.36044784817767,101.02267525364847,100.01697656688181,98.94370075792952,101.62844584566821,8.0,95.35569579766545,1.303972651525241,0.27662593645292854,0.0025648800162125906,-0.001714121649674501
27,99.99357893239292,100.07363784266705,100.29446231935098,100.15709839646959,99.99357893239292,101.03708398716337,8.0,95.35569579766545,1.2796548394032219,0.3489633428076357,0.00246100584486902,0.00041682188943687983
28,100.0667984022594,100.07363784266705,100.30847235604341,100.15709839646959,99.99357893239292,101.03708398716337,8.0,95.35569579766545,1.2796548394032219,0.3489633428076357,0.00246100584486902,0.00041682188943687983
29,100.06716708468291,100.07363784266705,100.40436088868383,100.15709839646959,99.99357893239292,101.03708398716337,8.0,95.35569579766545,1.2796548394032219,0.3489633428076357,0.00246100584486902,0.00041682188943687983
30,99.9609806902627,100.04101350106356,100.26176598822737,100.21035347427683,99.9609806902627,101.00414555888517,8.0,95.35569579766545,1.2039491189176308,0.41406700852687217,0.002414821963158543,0.0008456370399414774
31,99.9593766071862,100.03940813369314,100.26015707842146,100.21846851921931,99.43431471281745,101.5391263369036,8.0,95.35569579766545,1.1876331894042205,0.37266030767418495,0.0023772305571847737,0.0008941490268396641
32,99.93533851370407,100.01535079433953,100.33265126411474,100.1846473281482,99.93533851370407,100.97823578773556,8.0,95.35569579766545,1.172622534251883,0.43539427690676646,0.0023360731927353855,0.0008456370399418938
33,99.76435864217486,99.81847359529758,100.03873502148578,100.04639731056058,99.76435864217484,100.80547161803331,8.0,95.35569579766545,1.3218739305791514,0.37380968540422826,0.0022455832119783626,0.0011403890750284024
34,99.71639940972189,99.81593499994322,100.47456944286289,99.96732068956375,99.71639940972189,100.75701189642872,8.0,95.35569579766545,1.4289767325835991,0.33168582481649217,0.002125050193911644,0.0007577496377163927
35,99.78298073759346,99.81593499994322,100.15637976598987,99.96732068956375,99.71639940972189,100.75701189642872,8.0,95.35569579766545,1.4289767325835991,0.33168582481649217,0.002125050193911644,0.0007577496377163927
36,99.81760794956308,100.01205724579258,100.67198579937846,99.97535128817165,99.07505000512828,101.40924926179024,8.0,95.35569579766545,1.3546585939769114,0.29851724233484295,0.002019572143729581,-0.00018354134337759013
37,99.79267885731696,99.87257691885203,100.0929577305085,100.0416317785372,99.79267885731696,100.8340873750289,8.0,95.35569579766545,1.3262859064587587,0.3686655181013586,0.001999874284087491,0.0008456370399417221
38,99.7554356748064,99.80828048201921,100.02851941588123,100.00645518352184,99.75543567480639,100.79645553307019,8.0,95.35569579766545,1.4321427664748052,0.3281672143813293,0.0019219843513428724,0.0009917922261465386
39,99.81790572786922,99.80828048201921,100.02851941588123,100.00645518352184,99.75543567480639,100.79645553307019,8.0,95.35569579766545,1.4321427664748052,0.3281672143813293,0.0019219843513428724,0.0009917922261465386
40,99.67022798737001,99.43040285724234,99.71655341129745,99.92317352213755,99.67022798737,100.71035864201197,8.0,92.35569579766545,1.57218640639341,0.22835444472399022,0.001916405822519195,0.002471842611729362
41,99.77042467088437,99.32319903360853,99.54236757711296,99.93113635532868,99.26882242982629,101.11759322656343,8.0,89.35569579766545,1.5264114938819373,0.2055190002515912,0.002167550043652142,0.003051061953224031
42,99.79749882275844,98.7028817885014,98.92068152765358,99.9388609098088,98.82058675555963,101.57624778497285,8.0,100.0,1.4842985743713824,0.1849671002264321,0.0027841649197606526,0.006222152023628546
43,99.6365310168946,98.7028817885014,99.3376214238439,99.9388609098088,98.82058675555963,101.57624778497285,8.0,100.0,1.4842985743713824,0.1849671002264321,0.0027841649197606526,0.006222152023628546
44,99.80715628048948,98.80908471768458,99.507734811648,99.79904439892937,98.73003744991045,99.8071562804895,8.0,100.0,1.4055546884216719,0.26647039020378893,0.003215258444579169,0.0049844872193701515
45,99.86164820811699,98.8630317260358,99.5620632634926,99.65942349420892,98.78394130065499,99.86164820811699,8.0,100.0,1.3731103133479383,0.33982335118341006,0.003503736968266107,0.004011595400074893
46,99.90521017802705,99.0792555282446,99.77981592086853,99.64313084005889,98.82703314978576,99.90521017802703,8.0,97.0,1.4657439608584806,0.3084391722094525,0.0036861170674644364,0.0028375027198456054
47,99.81547889023129,99.0792555282446,99.62546584539724,99.64313084005889,98.82703314978576,99.90521017802703,8.0,97.0,1.4657439608584806,0.3084391722094525,0.0036861170674644364,0.0028375027198456054
48,99.95381959097979,99.4683790528289,100.14134496179993,99.63476534966735,97.78268851307355,100.97222390014493,8.0,97.0,1.3884844439898023,0.27759525498850723,0.0035652315348436866,0.0008356789006912055
49,100.06466462591301,99.4683790528289,100.14134496179993,99.63476534966735,97.78268851307355,100.97222390014493,8.0,97.0,1.3884844439898023,0.27759525498850723,0.0035652315348436866,0.0008356789006912055
50,100.05896070943422,99.4683790528289,100.14134496179993,99.63476534966735,97.78268851307355,100.97222390014493,8.0,97.0,1.3884844439898023,0.27759525498850723,0.0035652315348436866,0.0008356789006912055
51,100.19671398514092,99.59810908288414,100.16327784493457,99.62665149502038,96.56048552193312,102.25026795104013,8.0,97.0,1.3040723551372848,0.24983572948965652,0.003368509730071167,0.00014326739333726484
52,100.2171072035316,99.59810908288414,100.04853473853058,99.62665149502038,96.56048552193312,102.25026795104013,8.0,97.0,1.3040723551372848,0.24983572948965652,0.003368509730071167,0.00014326739333726484
53,100.09681750002837,99.59810908288414,100.17036535919638,99.62665149502038,96.56048552193312,102.25026795104013,8.0,97.0,1.3040723551372848,0.24983572948965652,0.003368509730071167,0.00014326739333726484
54,100.14701855631931,99.59810908288414,99.96817817054627,99.62665149502038,96.56048552193312,102.25026795104013,8.0,97.0,1.3040723551372848,0.24983572948965652,0.003368509730071167,0.00014326739333726484
55,100.22188389555184,99.4513287826575,99.67078005981081,99.6236401712208,99.37176771963136,100.42545570297638,8.0,97.0,1.219746566726302,0.3248521565406909,0.0032702664074301,0.0008655602935355657
56,100.2127152930151,99.4513287826575,99.86946126806824,99.6236401712208,99.37176771963136,100.42545570297638,8.0,97.0,1.219746566726302,0.3248521565406909,0.0032702664074301,0.0008655602935355657
57,100.1848701987326,99.4513287826575,99.88431558813642,99.6236401712208,99.37176771963136,100.42545570297638,8.0,97.0,1.219746566726302,0.3248521565406909,0.0032702664074301,0.0008655602935355657
58,100.22345094528544,99.4052451562651,99.6245947443732,99.57747669940291,99.32572096014007,100.37892068692831,8.0,97.0,1.1488335080548646,0.39236694088662183,0.0031779176841474437,0.0008655602935352029
59,100.29814045087936,99.48270508519965,100.15576791875603,99.58566945851418,98.68565249086797,101.02997157922711,8.0,97.0,1.1369268274104756,0.3531302467979597,0.0030493103720712704,0.0005172311953143088
60,100.16703963150626,99.48270508519965,100.15576791875603,99.58566945851418,98.68565249086797,101.02997157922711,8.0,97.0,1.1369268274104756,0.3531302467979597,0.0030493103720712704,0.0005172311953143088
61,100.25082283968338,99.48270508519965,100.15576791875603,99.58566945851418,98.68565249086797,101.02997157922711,8.0,97.0,1.1369268274104756,0.3531302467979597,0.0030493103720712704,0.0005172311953143088
62,100.16206413652532,99.65875645160021,100.33301038296014,99.59361707888326,97.63135807984258,102.12096669060233,8.0,97.0,1.0726393478843042,0.3178172221181637,0.002905582022721941,-0.00032691892981133854
63,100.17462476823738,99.65875645160021,100.33301038296014,99.59361707888326,97.63135807984258,102.12096669060233,8.0,97.0,1.0726393478843042,0.3178172221181637,0.002905582022721941,-0.00032691892981133854
64,100.30290861472479,99.65875645160021,100.09318509792239,99.59361707888326,97.63135807984258,102.12096669060233,8.0,97.0,1.0726393478843042,0.3178172221181637,0.002905582022721941,-0.00032691892981133854
65,100.14014292516185,99.65875645160021,100.20616034573221,99.59361707888326,97.63135807984258,102.12096669060233,8.0,97.0,1.0726393478843042,0.3178172221181637,0.002905582022721941,-0.00032691892981133854
66,100.21016621821643,99.65875645160021,100.20616034573221,99.59361707888326,97.63135807984258,102.12096669060233,8.0,97.0,1.0726393478843042,0.3178172221181637,0.002905582022721941,-0.00032691892981133854
67,100.10242964423365,99.65875645160021,100.20616034573221,99.59361707888326,97.63135807984258,102.12096669060233,8.0,97.0,1.0726393478843042,0.3178172221181637,0.002905582022721941,-0.00032691892981133854
68,100.12568855280581,99.80276784535525,99.53317997104061,99.6033212415052,96.22874307807783,103.60946581563755,56.93102771539904,94.0,1.0147926627084434,0.217386979928824,0.0029437209604118966,-0.0010002031771616578
69,100.02448641706145,99.79843414707376,99.52885797897264,99.61074062933086,95.65571411676443,104.23014200970263,56.93102771539904,94.0,1.013609249691768,0.1956482819359416,0.002880047514679613,-0.0009412481544711416
70,100.04979316535132,99.79843414707376,99.79831237593041,99.61074062933086,95.65571411676443,104.23014200970263,56.93102771539904,94.0,1.013609249691768,0.1956482819359416,0.002880047514679613,-0.0009412481544711416
71,100.1065932140623,99.79843414707376,99.80627343442012,99.61074062933086,95.65571411676443,104.23014200970263,56.93102771539904,94.0,1.013609249691768,0.1956482819359416,0.002880047514679613,-0.0009412481544711416
72,99.97857251437262,99.79843414707376,99.66669507384199,99.61074062933086,95.65571411676443,104.23014200970263,56.93102771539904,94.0,1.013609249691768,0.1956482819359416,0.002880047514679613,-0.0009412481544711416
73,99.99031442271404,99.5376897442166,99.26881790056281,99.61793796356557,94.54491635997267,105.45473041056012,56.93102771539904,94.0,0.9525205097164265,0.17608345374234746,0.0027555977379945425,0.00040294226315665136
74,99.998971447244,99.43718022968999,99.16857988297913,99.62491987464557,94.01821400834719,106.04550162529881,56.93102771539904,94.0,0.9563188689391124,0.1584751083681127,0.002703436426090581,0.0009431209901693171
75,99.98228289548332,99.43718022968999,99.68233604679689,99.62491987464557,94.01821400834719,106.04550162529881,56.93102771539904,94.0,0.9563188689391124,0.1584751083681127,0.002703436426090581,0.0009431209901693171
76,99.90901844802292,99.5013760151895,100.14422762683624,99.62611856063421,93.29270845286172,106.47229817898334,56.93102771539904,94.0,0.9198133594239836,0.14262759753130144,0.0026164037239427905,0.0006264456132008599
77,99.78002056570897,99.5013760151895,99.92506214694447,99.62611856063421,93.29270845286172,106.47229817898334,56.93102771539904,94.0,0.9198133594239836,0.14262759753130144,0.0026164037239427905,0.0006264456132008599
78,99.68988414871204,99.5013760151895,99.92506214694447,99.62611856063421,93.29270845286172,106.47229817898334,56.93102771539904,94.0,0.9198133594239836,0.14262759753130144,0.0026164037239427905,0.0006264456132008599
79,99.67504948404012,99.67911467584833,100.32311460914676,99.62790020559662,93.16493335791324,106.66248895255322,56.93102771539904,94.0,0.8728949573367315,0.12836483777817131,0.002490255026135491,-0.00025696270792159695
80,99.58957139687402,99.67911467584833,99.72859056933756,99.62790020559662,93.16493335791324,106.66248895255322,56.93102771539904,94.0,0.8728949573367315,0.12836483777817131,0.002490255026135491,-0.00025696270792159695
81,99.61749865442795,99.98808554335127,100.63408165427138,99.63887905659065,93.45371251063804,106.99310587114108,56.93102771539904,94.0,0.843063360749793,0.11552835400035419,0.0025507553601563523,-0.0017492951789376012
82,99.54824823535807,99.57531861825012,99.30634513124132,99.65194581498116,99.2870484472088,100.80308527916827,56.93102771539904,94.0,1.0853822676740514,0.15502139413624227,0.0023938110115217944,0.0003846220393029334
83,99.49061039623103,99.56256083900574,99.29362181339178,99.51253070418888,98.99574094795159,100.5073297385481,56.93102771539904,94.0,1.0785516862601274,0.23951925472261806,0.0022803398972009448,-0.00025131288112960494
84,99.43383804117872,99.56256083900574,99.63411534358944,99.51253070418888,98.99574094795159,100.5073297385481,56.93102771539904,94.0,1.0785516862601274,0.23951925472261806,0.0022803398972009448,-0.00025131288112960494
85,99.4773369390157,99.56256083900574,99.74917485988502,99.51253070418888,98.99574094795159,100.5073297385481,56.93102771539904,94.0,1.0785516862601274,0.23951925472261806,0.0022803398972009448,-0.00025131288112960494
86,99.49035064426421,99.56256083900574,99.74917485988502,99.51253070418888,98.99574094795159,100.5073297385481,56.93102771539904,94.0,1.0785516862601274,0.23951925472261806,0.0022803398972009448,-0.00025131288112960494
87,99.42576441344465,99.56256083900574,99.81039758723738,99.51253070418888,98.99574094795159,100.5073297385481,56.93102771539904,94.0,1.0785516862601274,0.23951925472261806,0.0022803398972009448,-0.00025131288112960494
88,99.67132778902716,99.56256083900574,99.81039758723738,99.51253070418888,98.99574094795159,100.5073297385481,56.93102771539904,94.0,1.0785516862601274,0.23951925472261806,0.0022803398972009448,-0.00025131288112960494
89,99.51823155850371,99.70431365480862,100.3484763919283,99.5196068043877,97.88427147424112,101.64858386657157,56.93102771539904,94.0,1.0056008846926507,0.21556732925035627,0.0022547753623550376,-0.0009271318925717938
90,99.54637857434544,99.70431365480862,99.84591632331541,99.5196068043877,97.88427147424112,101.64858386657157,56.93102771539904,94.0,1.0056008846926507,0.21556732925035627,0.0022547753623550376,-0.0009271318925717938
91,99.47737264894643,99.70431365480862,99.84467152782011,99.5196068043877,97.88427147424112,101.64858386657157,56.93102771539904,94.0,1.0056008846926507,0.21556732925035627,0.0022547753623550376,-0.0009271318925717938
92,99.70900155017213,99.70431365480862,99.73584915389641,99.5196068043877,97.88427147424112,101.64858386657157,56.93102771539904,94.0,1.0056008846926507,0.21556732925035627,0.0022547753623550376,-0.0009271318925717938
93,99.6566020307155,99.7027511263184,99.75120904540626,99.52647110232894,96.9965074920872,102.57892614308143,56.93102771539904,94.0,0.9451528139172387,0.19401059632532064,0.0022256660778805066,-0.0008848100796536257
94,99.51950075643003,99.7027511263184,99.75120904540626,99.52647110232894,96.9965074920872,102.57892614308143,56.93102771539904,94.0,0.9451528139172387,0.19401059632532064,0.0022256660778805066,-0.0008848100796536257
95,99.48324643001028,99.7027511263184,99.75120904540626,99.52647110232894,96.9965074920872,102.57892614308143,56.93102771539904,94.0,0.9451528139172387,0.19401059632532064,0.0022256660778805066,-0.0008848100796536257
96,99.34611993915667,99.7027511263184,99.64505510447006,99.52647110232894,96.9965074920872,102.57892614308143,56.93102771539904,94.0,0.9451528139172387,0.19401059632532064,0.0022256660778805066,-0.0008848100796536257
97,99.37388032449554,99.7027511263184,99.64505510447006,99.52647110232894,96.9965074920872,102.57892614308143,56.93102771539904,94.0,0.9451528139172387,0.19401059632532064,0.0022256660778805066,-0.0008848100796536257
98,99.43433311412235,99.7027511263184,99.64505510447006,99.52647110232894,96.9965074920872,102.57892614308143,56.93102771539904,94.0,0.9451528139172387,0.19401059632532064,0.0022256660778805066,-0.0008848100796536257
99,99.41507997406693,99.7027511263184,99.64505510447006,99.52647110232894,96.9965074920872,102.57892614308143,56.93102771539904,94.0,0.9451528139172387,0.19401059632532064,0.0022256660778805066,-0.0008848100796536257
100,99.35069861072829,99.7027511263184,99.68596767220137,99.52647110232894,96.9965074920872,102.57892614308143,56.93102771539904,94.0,0.9451528139172387,0.19401059632532064,0.0022256660778805066,-0.0008848100796536257
101,99.31230012895084,99.7027511263184,99.61113352953944,99.52647110232894,96.9965074920872,102.57892614308143,56.93102771539904,94.0,0.9451528139172387,0.19401059632532064,0.0022256660778805066,-0.0008848100796536257
102,99.27529267715619,99.45830592938854,99.18964851780267,99.5331299236993,95.6974386056756,103.97140950831633,56.93102771539904,94.0,0.8784294776927485,0.1746095366927886,0.0021372480537674176,0.0003760161536097971
103,99.35915560828562,99.45830592938854,99.41296671100707,99.5331299236993,95.6974386056756,103.97140950831633,56.93102771539904,94.0,0.8784294776927485,0.1746095366927886,0.0021372480537674176,0.0003760161536097971
104,99.30831015373661,99.45830592938854,99.41296671100707,99.5331299236993,95.6974386056756,103.97140950831633,56.93102771539904,94.0,0.8784294776927485,0.1746095366927886,0.0021372480537674176,0.0003760161536097971
105,99.39625841518132,99.45830592938854,99.35458229681515,99.5331299236993,95.6974386056756,103.97140950831633,56.93102771539904,94.0,0.8784294776927485,0.1746095366927886,0.0021372480537674176,0.0003760161536097971
106,99.66757437725408,99.45830592938854,99.5194714507549,99.5331299236993,95.6974386056756,103.97140950831633,56.93102771539904,94.0,0.8784294776927485,0.1746095366927886,0.0021372480537674176,0.0003760161536097971
107,99.62942520424441,99.45830592938854,99.5194714507549,99.5331299236993,95.6974386056756,103.97140950831633,56.93102771539904,94.0,0.8784294776927485,0.1746095366927886,0.0021372480537674176,0.0003760161536097971
108,99.72559156345892,99.45830592938854,99.5194714507549,99.5331299236993,95.6974386056756,103.97140950831633,56.93102771539904,94.0,0.8784294776927485,0.1746095366927886,0.0021372480537674176,0.0003760161536097971
109,99.88784049439312,99.4844243076354,100.12716639886177,99.67257389359557,98.91804925588454,100.42845175412415,56.93102771539904,94.0,0.8195836909059001,0.25714858302350974,0.0021223808012859526,0.000944729975142896
110,99.88725576174753,99.49182103716774,100.13461091667298,99.81221322176857,98.92540387507549,100.43591867269103,56.93102771539904,94.0,0.8340169956334281,0.3314337247211588,0.002187944712039989,0.0016075549388256832
111,99.80944283212469,99.50149393527843,100.06503667959583,99.95204818191144,98.93502170438313,100.44568335885164,53.93102771539904,94.0,0.8472956359827539,0.39829035224904297,0.0023277416888089456,0.002258943320085392
112,99.82918781193709,99.50149393527843,100.06503667959583,99.95204818191144,98.93502170438313,100.44568335885164,53.93102771539904,94.0,0.8472956359827539,0.39829035224904297,0.0023277416888089456,0.002258943320085392
113,99.75052490525316,99.50149393527843,99.82687309634161,99.95204818191144,98.93502170438313,100.44568335885164,53.93102771539904,94.0,0.8472956359827539,0.39829035224904297,0.0023277416888089456,0.002258943320085392
114,99.86101415861818,98.9978349822694,98.76021011439326,99.94410126040978,98.13473742460673,101.26481329666031,50.93102771539905,95.67955249052864,0.8061786517708003,0.3584613170241387,0.0027588608637398935,0.004756494764311919
115,99.97615891568682,99.01959150120932,99.6147960223434,99.80427741817266,98.51527454529776,99.97615891568681,50.93102771539905,95.67955249052864,0.8216843596291362,0.4226151853217248,0.003066928279478369,0.0039466384052786975
116,100.08885045006282,99.13120480802746,99.78858389871264,99.73587708445285,98.62631939407362,100.08885045006282,50.93102771539905,95.67955249052864,0.8359496108588053,0.4803536667895524,0.003247783913315965,0.003040585051438063
117,99.91991129381049,99.13120480802746,99.78858389871264,99.73587708445285,98.62631939407362,100.08885045006282,50.93102771539905,95.67955249052864,0.8359496108588053,0.4803536667895524,0.003247783913315965,0.003040585051438063
118,99.91024124390898,99.13120480802746,99.78858389871264,99.73587708445285,98.62631939407362,100.08885045006282,50.93102771539905,95.67955249052864,0.8359496108588053,0.4803536667895524,0.003247783913315965,0.003040585051438063
119,99.8443945457941,98.66678928449318,98.70280395634121,99.72442635920758,97.51820126428511,101.22617936236327,50.93102771539905,100.0,0.7957403086567675,0.43231830011059713,0.0036926511072145314,0.005331068068123854
120,99.82590754429455,98.82764846885159,99.21493394839935,99.58490984665117,98.32430909853012,99.82590754429455,50.93102771539905,100.0,0.8120810839642261,0.48908647009953743,0.003929086269248171,0.003816600038972417
121,99.84317580879421,98.84474405070627,99.32652888964249,99.48065115038122,98.34131761082948,99.84317580879423,50.93102771539905,100.0,0.827114597247088,0.5401778230895837,0.004078108325715497,0.0032063826169622866
122,99.65481826702141,98.84474405070627,99.35585381222036,99.48065115038122,98.34131761082948,99.84317580879423,50.93102771539905,100.0,0.827114597247088,0.5401778230895837,0.004078108325715497,0.0032063826169622866
123,99.6716606114058,98.95275699972474,99.65242295830868,99.5893589891664,98.44878043879793,99.95227979770176,50.93102771539905,100.0,0.8009454294673211,0.5861600407806253,0.00421818905879477,0.003206382616962169
124,99.60074664081897,98.9990026578933,99.6989956059794,99.6359021638356,98.49479056307669,99.99899258373061,50.93102771539905,98.0,0.8168697951099354,0.6275440367025628,0.004349864947889273,0.0032063826169620373
125,99.64789407745049,98.9990026578933,99.6989956059794,99.6359021638356,98.49479056307669,99.99899258373061,50.93102771539905,98.0,0.8168697951099354,0.6275440367025628,0.004349864947889273,0.0032063826169620373
126,99.6283652598802,98.9990026578933,99.6989956059794,99.6359021638356,98.49479056307669,99.99899258373061,50.93102771539905,98.0,0.8168697951099354,0.6275440367025628,0.004349864947889273,0.0032063826169620373
127,99.54901074079291,98.9990026578933,99.66156458475919,99.6359021638356,98.49479056307669,99.99899258373061,50.93102771539905,98.0,0.8168697951099354,0.6275440367025628,0.004349864947889273,0.0032063826169620373
128,99.60619697747717,99.07822440066472,99.44136550840402,99.70032641742118,98.57360882137044,100.05880064700538,50.93102771539905,95.99999999999999,0.7715202115011406,0.6647896330323064,0.004464429092818056,0.0031296234638805345
129,99.64435532732557,99.07822440066472,99.44136550840402,99.70032641742118,98.57360882137044,100.05880064700538,50.93102771539905,95.99999999999999,0.7715202115011406,0.6647896330323064,0.004464429092818056,0.0031296234638805345
130,99.65386536988849,99.07822440066472,99.44136550840402,99.70032641742118,98.57360882137044,100.05880064700538,50.93102771539905,95.99999999999999,0.7715202115011406,0.6647896330323064,0.004464429092818056,0.0031296234638805345
131,99.7646940709429,99.07822440066472,99.61902098535546,99.70032641742118,98.57360882137044,100.05880064700538,50.93102771539905,95.99999999999999,0.7715202115011406,0.6647896330323064,0.004464429092818056,0.0031296234638805345
132,99.74926972292187,99.07822440066472,99.73146821569193,99.70032641742118,98.57360882137044,100.05880064700538,50.93102771539905,95.99999999999999,0.7715202115011406,0.6647896330323064,0.004464429092818056,0.0031296234638805345
133,99.61085816163744,99.07822440066472,99.62390961588032,99.70032641742118,98.57360882137044,100.05880064700538,50.93102771539905,95.99999999999999,0.7715202115011406,0.6647896330323064,0.004464429092818056,0.0031296234638805345
134,99.60477825900712,99.07822440066472,99.62390961588032,99.70032641742118,98.57360882137044,100.05880064700538,50.93102771539905,95.99999999999999,0.7715202115011406,0.6647896330323064,0.004464429092818056,0.0031296234638805345
135,99.56218257284499,99.07822440066472,99.62390961588032,99.70032641742118,98.57360882137044,100.05880064700538,50.93102771539905,95.99999999999999,0.7715202115011406,0.6647896330323064,0.004464429092818056,0.0031296234638805345
136,99.6222561789081,100.9294469038142,101.41819223808916,99.68869757775346,96.110093884938,102.62352969836307,100.0,95.99999999999999,0.7197985945810493,0.5983106697290758,0.0049387286079518025,-0.0061846316506767125
137,99.62126554758497,100.62754095715654,99.92102863348539,99.82835949489287,99.62126554758497,101.60292907628892,100.0,95.99999999999999,0.7422147070145654,0.6384796027561682,0.005120825747987831,-0.003986819347604278
138,99.64450138955708,100.17988332924641,99.47651403806815,99.85163729486894,98.60450437833174,102.65060852682181,97.0,95.99999999999999,0.7628375304534002,0.5746316424805514,0.005010492965818402,-0.0016409715496502912
139,99.73642579158624,99.44548287144036,98.77719326738952,99.87422194689786,97.61975936462444,103.68610252474534,94.0,95.99999999999999,0.7818105280171281,0.5171684782324963,0.004967985225098139,0.0021510119927594055
140,99.76152763617776,99.44548287144036,99.46224305326923,99.87422194689786,97.61975936462444,103.68610252474534,94.0,95.99999999999999,0.7818105280171281,0.5171684782324963,0.004967985225098139,0.0021510119927594055
141,99.71391709072148,99.44548287144036,99.46224305326923,99.87422194689786,97.61975936462444,103.68610252474534,94.0,95.99999999999999,0.7818105280171281,0.5171684782324963,0.004967985225098139,0.0021510119927594055
142,99.85406002283241,99.44548287144036,99.55449784276391,99.87422194689786,97.61975936462444,103.68610252474534,94.0,95.99999999999999,0.7818105280171281,0.5171684782324963,0.004967985225098139,0.0021510119927594055
143,99.86875698332976,99.44548287144036,99.56915071237977,99.87422194689786,97.61975936462444,103.68610252474534,94.0,95.99999999999999,0.7818105280171281,0.5171684782324963,0.004967985225098139,0.0021510119927594055
144,99.84992239922177,99.44548287144036,99.26551426507831,99.87422194689786,97.61975936462444,103.68610252474534,94.0,95.99999999999999,0.7818105280171281,0.5171684782324963,0.004967985225098139,0.0021510119927594055
145,99.95864162970148,99.16680417966451,98.53022690107892,99.89459886557074,95.26904604179603,106.13571529729843,91.0,95.99999999999999,0.7325990191090912,0.4654516304092467,0.005108643858447028,0.003656131599458657
146,100.07792017308684,99.16680417966451,99.82502661928686,99.89459886557074,95.26904604179603,106.13571529729843,91.0,95.99999999999999,0.7325990191090912,0.4654516304092467,0.005108643858447028,0.003656131599458657
147,99.91384352712527,99.16680417966451,99.82502661928686,99.89459886557074,95.26904604179603,106.13571529729843,91.0,95.99999999999999,0.7325990191090912,0.4654516304092467,0.005108643858447028,0.003656131599458657
148,100.099172194197,99.19104432310492,99.85205087856988,99.75484427819669,98.28840581976466,100.15250840378123,91.0,95.99999999999999,0.7006577642470305,0.518906467368322,0.00514219848106486,0.0028339361977048052
149,100.03978066385694,99.19104432310492,99.85205087856988,99.75484427819669,98.28840581976466,100.15250840378123,91.0,95.99999999999999,0.7006577642470305,0.518906467368322,0.00514219848106486,0.0028339361977048052
150,100.13217445642728,99.26042706799481,99.9218959882783,99.77166461671737,98.35715718167606,100.22256367931625,91.0,95.99999999999999,0.6846051431072682,0.5670158206314898,0.0051419014917544826,0.002568618680511177
151,100.13574039475061,99.26042706799481,99.9218959882783,99.77166461671737,98.35715718167606,100.22256367931625,91.0,95.99999999999999,0.6846051431072682,0.5670158206314898,0.0051419014917544826,0.002568618680511177
152,100.1668597922917,99.26042706799481,99.9218959882783,99.77166461671737,98.35715718167606,100.22256367931625,91.0,95.99999999999999,0.6846051431072682,0.5670158206314898,0.0051419014917544826,0.002568618680511177
153,100.11706000105177,100.30868158325652,100.94655853286235,99.89993518266068,98.49957657396224,100.36768414661694,88.0,90.0,1.5100375340154266,0.26791330318977596,0.0046148142217252875,-0.0020416024404870214
154,100.27984002479009,100.10087042177153,99.51853837719149,99.88578205304655,97.59369081493367,101.29931871208811,85.0,87.0,1.4692345312941926,0.24112197287079837,0.004466987052687006,-0.001075513620850489
155,100.26397999552418,100.10087042177153,99.96318805553761,99.88578205304655,97.59369081493367,101.29931871208811,85.0,87.0,1.4692345312941926,0.24112197287079837,0.004466987052687006,-0.001075513620850489
156,100.26736719480742,100.10087042177153,99.96656509322301,99.88578205304655,97.59369081493367,101.29931871208811,85.0,87.0,1.4692345312941926,0.24112197287079837,0.004466987052687006,-0.001075513620850489
157,100.28217593040114,100.10087042177153,100.39593201830054,99.88578205304655,97.59369081493367,101.29931871208811,85.0,87.0,1.4692345312941926,0.24112197287079837,0.004466987052687006,-0.001075513620850489
158,100.42349504596429,100.10087042177153,100.58622321566561,99.88578205304655,97.59369081493367,101.29931871208811,85.0,87.0,1.4692345312941926,0.24112197287079837,0.004466987052687006,-0.001075513620850489
159,100.36697535698228,100.10087042177153,100.58622321566561,99.88578205304655,97.59369081493367,101.29931871208811,85.0,87.0,1.4692345312941926,0.24112197287079837,0.004466987052687006,-0.001075513620850489
160,100.24699791117203,100.10087042177153,100.5486438427001,99.88578205304655,97.59369081493367,101.29931871208811,85.0,87.0,1.4692345312941926,0.24112197287079837,0.004466987052687006,-0.001075513620850489
161,100.26083888659991,100.10087042177153,100.5486438427001,99.88578205304655,97.59369081493367,101.29931871208811,85.0,87.0,1.4692345312941926,0.24112197287079837,0.004466987052687006,-0.001075513620850489
162,100.22370982298413,100.10087042177153,100.52528568002421,99.88578205304655,97.59369081493367,101.29931871208811,85.0,87.0,1.4692345312941926,0.24112197287079837,0.004466987052687006,-0.001075513620850489
163,100.21073085125988,100.10087042177153,100.51226765422254,99.88578205304655,97.59369081493367,101.29931871208811,85.0,87.0,1.4692345312941926,0.24112197287079837,0.004466987052687006,-0.001075513620850489
164,100.1416271335197,100.10087042177153,100.41712797384417,99.88578205304655,97.59369081493367,101.29931871208811,85.0,87.0,1.4692345312941926,0.24112197287079837,0.004466987052687006,-0.001075513620850489
165,100.17377936535269,100.10087042177153,100.37981921482476,99.88578205304655,97.59369081493367,101.29931871208811,85.0,87.0,1.4692345312941926,0.24112197287079837,0.004466987052687006,-0.001075513620850489
166,100.21313575019522,100.20772684577652,100.33997386883954,99.8720554331128,94.61659000457023,104.4866908612266,82.0,84.0,1.3583624354573238,0.21700977558371853,0.0044002905561533094,-0.0016776878145330465
167,100.26775819357985,99.1558246573996,98.63866288386056,99.85874241409789,93.78675245583959,105.4112028754376,82.0,84.0,1.3296934406207381,0.19530879802534667,0.004560113863703638,0.0035319914870640674
168,100.16906076525746,99.3276406548293,99.8685535829617,99.76912214231787,98.5131540014597,100.16906076525746,79.00000000000001,84.0,1.3033179653710791,0.27577791822281206,0.004552598075173368,0.0022174217264314556
169,100.04872089662577,98.56994193295584,98.08549587932349,99.75615096310605,97.61949878104662,101.08605588605322,76.00000000000001,100.0,1.279052528141393,0.24820012640053085,0.004997183255264658,0.005981104214924766
170,100.18475324240903,99.18290570998491,99.88419898268181,99.76056517464765,98.42911562658904,100.18475324240902,73.00000000000001,97.0,1.2567283258900817,0.3233801137604778,0.005045789583699773,0.002903636204264893
171,100.28563164665509,99.3128610196825,99.98477475171514,99.87552298737809,98.58787713423882,100.28563164665506,70.00000000000001,97.0,1.2361900598188753,0.39104210238443005,0.005082015869455305,0.0028247729931662967
172,100.26627448265552,99.3128610196825,99.82484823726338,99.87552298737809,98.58787713423882,100.28563164665506,70.00000000000001,97.0,1.2361900598188753,0.39104210238443005,0.005082015869455305,0.0028247729931662967
173,100.42599042743493,99.45185832028878,100.12471245615261,100.01544664326535,98.75569531204677,100.42599042743491,67.00000000000001,95.0,1.1772948550333653,0.451937892145987,0.005116151880740707,0.0028254671765857845
174,100.31717323088672,99.45185832028878,100.12471245615261,100.01544664326535,98.75569531204677,100.42599042743491,67.00000000000001,95.0,1.1772948550333653,0.451937892145987,0.005116151880740707,0.0028254671765857845
175,100.16732368424691,101.42270136206568,102.08827184046388,100.00257674019586,97.3361049335962,101.89064498551913,100.0,95.0,1.1231112666306962,0.4067441029313883,0.0056552423090214235,-0.0070503793528279455
176,100.22551098805019,101.2378898869194,100.59907367399772,100.14267839590786,100.2255109880502,102.20887419174093,100.0,95.0,1.1132623653002405,0.4660696926382495,0.005968556153684979,-0.005438516239925302
177,100.17229384420065,101.1618094481506,100.45154599164401,100.28995110495401,100.17229384420067,102.15460393353082,100.0,95.0,1.2792770733394525,0.39479166976456265,0.006038046220893368,-0.004327876513974484
178,100.20075002631874,101.1618094481506,100.45154599164401,100.28995110495401,100.17229384420067,102.15460393353082,100.0,95.0,1.2792770733394525,0.39479166976456265,0.006038046220893368,-0.004327876513974484
179,100.2525855452654,101.14737106133356,100.43720897765316,100.43045536653503,100.13589735072023,102.11748718963509,100.0,95.0,1.2169349074722964,0.4553125027881064,0.006102547720638188,-0.003556520612921016
180,100.31798366808589,101.14737106133356,100.43720897765316,100.43045536653503,100.13589735072023,102.11748718963509,100.0,95.0,1.2169349074722964,0.4553125027881064,0.006102547720638188,-0.003556520612921016
181,100.34060822270138,101.14737106133356,100.43720897765316,100.43045536653503,100.13589735072023,102.11748718963509,100.0,95.0,1.2169349074722964,0.4553125027881064,0.006102547720638188,-0.003556520612921016
182,100.41587768697653,101.14737106133356,100.43720897765316,100.43045536653503,100.13589735072023,102.11748718963509,100.0,95.0,1.2169349074722964,0.4553125027881064,0.006102547720638188,-0.003556520612921016
183,100.44936701401198,101.14737106133356,100.60631577655383,100.43045536653503,100.13589735072023,102.11748718963509,100.0,95.0,1.2169349074722964,0.4553125027881064,0.006102547720638188,-0.003556520612921016
184,100.39512189757481,101.14737106133356,100.5406328890671,100.43045536653503,100.13589735072023,102.11748718963509,100.0,95.0,1.2169349074722964,0.4553125027881064,0.006102547720638188,-0.003556520612921016
185,100.41426880267512,101.14737106133356,100.5406328890671,100.43045536653503,100.13589735072023,102.11748718963509,100.0,95.0,1.2169349074722964,0.4553125027881064,0.006102547720638188,-0.003556520612921016
186,100.59707731360491,101.14737106133356,100.5406328890671,100.43045536653503,100.13589735072023,102.11748718963509,100.0,95.0,1.2169349074722964,0.4553125027881064,0.006102547720638188,-0.003556520612921016
187,100.55503724543313,101.14737106133356,100.5406328890671,100.43045536653503,100.13589735072023,102.11748718963509,100.0,95.0,1.2169349074722964,0.4553125027881064,0.006102547720638188,-0.003556520612921016
188,100.44123448471208,101.14737106133356,100.57376589241487,100.43045536653503,100.13589735072023,102.11748718963509,100.0,95.0,1.2169349074722964,0.4553125027881064,0.006102547720638188,-0.003556520612921016
189,100.56416477206665,101.14737106133356,100.57376589241487,100.43045536653503,100.13589735072023,102.11748718963509,100.0,95.0,1.2169349074722964,0.4553125027881064,0.006102547720638188,-0.003556520612921016
190,100.65707584653464,101.14737106133356,101.18785721004001,100.43045536653503,100.13589735072023,102.11748718963509,100.0,95.0,1.2169349074722964,0.4553125027881064,0.006102547720638188,-0.003556520612921016
191,100.64333897814059,101.14737106133356,101.19169717803926,100.43045536653503,100.13589735072023,102.11748718963509,100.0,95.0,1.2169349074722964,0.4553125027881064,0.006102547720638188,-0.003556520612921016
192,100.56638483406408,101.14737106133356,100.86899180949258,100.43045536653503,100.13589735072023,102.11748718963509,100.0,95.0,1.2169349074722964,0.4553125027881064,0.006102547720638188,-0.003556520612921016
193,100.42508879953922,101.14737106133356,101.19133759628421,100.43045536653503,100.13589735072023,102.11748718963509,100.0,95.0,1.2169349074722964,0.4553125027881064,0.006102547720638188,-0.003556520612921016
194,100.45953384422421,101.14737106133356,101.25843889223508,100.43045536653503,100.13589735072023,102.11748718963509,100.0,95.0,1.2169349074722964,0.4553125027881064,0.006102547720638188,-0.003556520612921016
195,100.48532115218657,101.14737106133356,100.78768420480097,100.43045536653503,100.13589735072023,102.11748718963509,100.0,95.0,1.2169349074722964,0.4553125027881064,0.006102547720638188,-0.003556520612921016
196,100.74371043048824,101.14737106133356,100.78768420480097,100.43045536653503,100.13589735072023,102.11748718963509,100.0,95.0,1.2169349074722964,0.4553125027881064,0.006102547720638188,-0.003556520612921016
197,100.8877239782026,101.14737106133356,100.78768420480097,100.43045536653503,100.13589735072023,102.11748718963509,100.0,95.0,1.2169349074722964,0.4553125027881064,0.006102547720638188,-0.003556520612921016
198,100.8601946462896,101.14737106133356,100.76507104936265,100.43045536653503,100.13589735072023,102.11748718963509,100.0,95.0,1.2169349074722964,0.4553125027881064,0.006102547720638188,-0.003556520612921016
199,100.83770365136854,101.85990413660737,102.52834368924536,100.45112791857972,94.81483062906231,107.84838349751229,100.0,95.0,1.1235801148745128,0.4097812525092958,0.006572018485740506,-0.006963417682745763
200,100.8078007716699,101.82606138552516,101.40061422403042,100.59185798572682,100.8078007716699,102.80268691118137,100.0,95.0,1.113693705684552,0.46880312725836626,0.006909382811567177,-0.006097303063048955
201,100.80843644938443,101.82606138552516,101.11177176467845,100.59185798572682,100.8078007716699,102.80268691118137,100.0,95.0,1.113693705684552,0.46880312725836626,0.006909382811567177,-0.006097303063048955
202,100.8340520938769,101.47259623223185,100.76015072207574,100.73278521294777,100.45787026990953,102.44583163274291,100.0,95.0,1.0645982092297879,0.5219228145325296,0.006933867101714932,-0.003658710831514853
203,100.76967670925168,101.31909401527257,100.6077262538815,100.87836542518352,100.4434125073359,102.43108776542395,97.0,95.0,1.2443556749432958,0.4329952051402503,0.006583173644926562,-0.002179694004606576
204,100.85848632028897,101.19629684179324,100.51624148688848,100.89494179424474,99.12928956516505,103.7889815122118,94.0,95.0,1.2248072209478322,0.3896956846262253,0.006367125335517726,-0.0014911831387764245
205,101.11385342474547,101.43858679574808,102.10426151979891,100.91102347471784,97.87466058739045,105.11942458090236,91.0,92.0,1.2068226432720057,0.3507261161636028,0.006297960992550599,-0.002607187235621927
206,101.10849701326339,101.43858679574808,101.41273521892015,100.91102347471784,97.87466058739045,105.11942458090236,91.0,92.0,1.2068226432720057,0.3507261161636028,0.006297960992550599,-0.002607187235621927
207,101.09515386128358,101.43858679574808,101.39935191703468,100.91102347471784,97.87466058739045,105.11942458090236,91.0,92.0,1.2068226432720057,0.3507261161636028,0.006297960992550599,-0.002607187235621927
208,100.99226174670318,101.43858679574808,101.2801791546192,100.91102347471784,97.87466058739045,105.11942458090236,91.0,92.0,1.2068226432720057,0.3507261161636028,0.006297960992550599,-0.002607187235621927
209,100.8069251774055,101.43858679574808,101.65212380882653,100.91102347471784,97.87466058739045,105.11942458090236,91.0,92.0,1.2068226432720057,0.3507261161636028,0.006297960992550599,-0.002607187235621927
210,100.90678972965523,101.43858679574808,101.0457018716668,100.91102347471784,97.87466058739045,105.11942458090236,91.0,92.0,1.2068226432720057,0.3507261161636028,0.006297960992550599,-0.002607187235621927
211,100.8065234827154,101.43858679574808,101.21086956888665,100.91102347471784,97.87466058739045,105.11942458090236,91.0,92.0,1.2068226432720057,0.3507261161636028,0.006297960992550599,-0.002607187235621927
212,100.70058751335023,101.43858679574808,101.00359830827506,100.91102347471784,97.87466058739045,105.11942458090236,91.0,92.0,1.2068226432720057,0.3507261161636028,0.006297960992550599,-0.002607187235621927
213,100.57146840192148,101.3785979182317,100.75832766015625,100.90026588554811,100.45605267717579,102.31994137891775,88.0,89.0,1.1202768318102454,0.4156535045472425,0.006203849762341874,-0.002364715836784598
214,100.44260425743187,101.33434650669074,100.7448387737531,100.8720994324131,100.44260425743185,102.24432096326379,85.0,89.0,1.110654685265426,0.47408815409251825,0.006105941117225428,-0.0022860155230503354
215,100.46331869919999,101.32457760887543,100.7448387737531,100.885575042355,100.46331869919999,102.23446434151491,82.0,89.0,1.101802310444192,0.5266793386832664,0.006000107626207729,-0.0021710213892059834
216,100.51832882813585,101.32457760887543,100.7448387737531,100.885575042355,100.46331869919999,102.23446434151491,82.0,89.0,1.101802310444192,0.5266793386832664,0.006000107626207729,-0.0021710213892059834
217,100.5548612863554,101.32457760887543,100.7448387737531,100.885575042355,100.46331869919999,102.23446434151491,82.0,89.0,1.101802310444192,0.5266793386832664,0.006000107626207729,-0.0021710213892059834
218,100.40675287124307,101.03185426996438,100.56570930542895,100.82862529552452,100.40675287124307,102.14599476706172,73.00000000000001,89.0,1.31390693695364,0.3315489874211093,0.005337042098767715,-0.0010067794096066153
219,100.28999366609379,101.02749437503154,100.58109703306746,100.84191737522687,99.34050811342888,103.2423514650538,70.00000000000001,89.0,1.2887943819973489,0.29839408867899836,0.005127134682281528,-0.0009192923197014359
220,100.1124388816469,100.81816604395458,100.41367992141114,100.85481236674626,98.3268680273393,104.30666469018398,67.00000000000001,89.0,1.265690831437561,0.26855467981109854,0.00484131199549342,0.0001817116159065808
221,100.17292061833143,100.79969338126924,100.92806518479736,100.7137144210408,100.12433543561471,101.70486669485342,65.00000000000001,89.0,1.2444355649225562,0.3416992118299887,0.004602033223032885,-0.0004266662013516132
222,100.21745932912037,100.76057862341834,100.40685542865208,100.57281387424786,100.10563486236612,101.66540068955537,63.00000000000002,87.0,1.224880719728752,0.40752929064698984,0.00443782399361573,-0.0009326060959939843
223,100.1904325763522,100.4476663434353,100.11519162033265,100.4705111696704,100.10493881260322,101.62372468655143,60.00000000000002,84.0,1.3593744044773524,0.3547500348025411,0.00408070237414469,0.0001137021374465912
224,100.27792803051052,100.4476663434353,100.11519162033265,100.4705111696704,100.10493881260322,101.62372468655143,60.00000000000002,84.0,1.3593744044773524,0.3547500348025411,0.00408070237414469,0.0001137021374465912
225,100.38606027404671,100.4476663434353,100.11519162033265,100.4705111696704,100.10493881260322,101.62372468655143,60.00000000000002,84.0,1.3593744044773524,0.3547500348025411,0.00408070237414469,0.0001137021374465912
226,100.5138134175968,100.4476663434353,100.2832996786803,100.4705111696704,100.10493881260322,101.62372468655143,60.00000000000002,84.0,1.3593744044773524,0.3547500348025411,0.00408070237414469,0.0001137021374465912
227,100.70096646227155,100.4476663434353,100.27964169396604,100.4705111696704,100.10493881260322,101.62372468655143,60.00000000000002,84.0,1.3593744044773524,0.3547500348025411,0.00408070237414469,0.0001137021374465912
228,100.69314746435305,101.15275519139861,101.70360722652723,100.4822179461668,98.29435024655997,103.49564055449966,67.28956808571785,84.0,1.2666244521191643,0.31927503132228696,0.004234921787314811,-0.0033255007045545804
229,100.64602856892373,101.15275519139861,100.94887519450725,100.4822179461668,98.29435024655997,103.49564055449966,67.28956808571785,84.0,1.2666244521191643,0.31927503132228696,0.004234921787314811,-0.0033255007045545804
230,100.6707572674443,101.3546627898009,101.9066143620729,100.49357482266562,97.12381321902322,104.74297089957665,85.95790360637744,81.0,1.2052944959496312,0.28734752819005827,0.004492751598270843,-0.004266016772405523
231,100.68735716500092,101.27337832044883,100.70496849678302,100.63944304460539,100.42578635085877,102.12371198139607,85.95790360637744,81.0,1.3453193302934556,0.27254570928199984,0.004528055307347704,-0.003139648446085043
232,100.5102748320133,101.27337832044883,100.70496849678302,100.63944304460539,100.42578635085877,102.12371198139607,85.95790360637744,81.0,1.3453193302934556,0.27254570928199984,0.004528055307347704,-0.003139648446085043
233,100.62996777935454,101.27337832044883,101.55103574167076,100.63944304460539,100.42578635085877,102.12371198139607,85.95790360637744,81.0,1.3453193302934556,0.27254570928199984,0.004528055307347704,-0.003139648446085043
234,100.77534397713528,101.27337832044883,101.07857971628414,100.63944304460539,100.42578635085877,102.12371198139607,85.95790360637744,81.0,1.3453193302934556,0.27254570928199984,0.004528055307347704,-0.003139648446085043
235,100.82776059737272,101.27337832044883,100.98785544124414,100.63944304460539,100.42578635085877,102.12371198139607,85.95790360637744,81.0,1.3453193302934556,0.27254570928199984,0.004528055307347704,-0.003139648446085043
236,100.93288051739614,101.27337832044883,100.98785544124414,100.63944304460539,100.42578635085877,102.12371198139607,85.95790360637744,81.0,1.3453193302934556,0.27254570928199984,0.004528055307347704,-0.003139648446085043
237,100.80508017703818,101.27337832044883,101.2958635830455,100.63944304460539,100.42578635085877,102.12371198139607,85.95790360637744,81.0,1.3453193302934556,0.27254570928199984,0.004528055307347704,-0.003139648446085043
238,100.82698076375628,101.27337832044883,100.71258615156042,100.63944304460539,100.42578635085877,102.12371198139607,85.95790360637744,81.0,1.3453193302934556,0.27254570928199984,0.004528055307347704,-0.003139648446085043
239,100.67510410861782,101.27337832044883,100.71258615156042,100.63944304460539,100.42578635085877,102.12371198139607,85.95790360637744,81.0,1.3453193302934556,0.27254570928199984,0.004528055307347704,-0.003139648446085043
240,100.57974159439725,101.27337832044883,100.71258615156042,100.63944304460539,100.42578635085877,102.12371198139607,85.95790360637744,81.0,1.3453193302934556,0.27254570928199984,0.004528055307347704,-0.003139648446085043
241,100.59165868675147,101.23150720489583,100.796728632374,100.76599227433282,100.36134239107116,102.05817845034362,82.95790360637744,81.0,1.2456937838699793,0.3452911383537999,0.004532919424917917,-0.0023045578869202096
242,100.64230346243835,101.20761055002305,100.6700235005005,100.76537304081131,100.36801342999898,102.03408665190346,79.95790360637744,81.0,1.2260382811603812,0.4107620245184199,0.004523695172791596,-0.002189587445554809
243,100.71381270001031,101.20761055002305,100.6700235005005,100.76537304081131,100.36801342999898,102.03408665190346,79.95790360637744,81.0,1.2260382811603812,0.4107620245184199,0.004523695172791596,-0.002189587445554809
244,100.76432432067185,101.08676189175716,100.82712473666072,100.66819063233763,100.27849333543494,101.91225112587675,76.95790360637744,81.0,1.1679552186675508,0.46968582206657794,0.004501232026099349,-0.002074651720728108
245,100.87582616240792,101.08676189175716,100.82712473666072,100.66819063233763,100.27849333543494,101.91225112587675,76.95790360637744,81.0,1.1679552186675508,0.46968582206657794,0.004501232026099349,-0.002074651720728108
246,101.09325245337195,100.68757565371033,100.21334521520411,100.68088117186893,99.0097771546143,103.2181597517021,73.95790360637744,81.0,1.114518801174147,0.42271723985992016,0.004235147497082383,-3.324493789608874e-05
247,101.09381415682131,100.68757565371033,100.64230412096252,100.68088117186893,99.0097771546143,103.2181597517021,73.95790360637744,81.0,1.114518801174147,0.42271723985992016,0.004235147497082383,-3.324493789608874e-05
248,101.3103908651965,100.68757565371033,101.00645969260088,100.68088117186893,99.0097771546143,103.2181597517021,73.95790360637744,81.0,1.114518801174147,0.42271723985992016,0.004235147497082383,-3.324493789608874e-05
249,101.22002965897377,100.68757565371033,100.67288177001535,100.68088117186893,99.0097771546143,103.2181597517021,73.95790360637744,81.0,1.114518801174147,0.42271723985992016,0.004235147497082383,-3.324493789608874e-05
250,100.98153161438384,100.68757565371033,100.6785870195407,100.68088117186893,99.0097771546143,103.2181597517021,73.95790360637744,81.0,1.114518801174147,0.42271723985992016,0.004235147497082383,-3.324493789608874e-05
251,100.93887849684579,100.68757565371033,100.6785870195407,100.68088117186893,99.0097771546143,103.2181597517021,73.95790360637744,81.0,1.114518801174147,0.42271723985992016,0.004235147497082383,-3.324493789608874e-05
252,101.00526893093885,100.68757565371033,100.61497108187037,100.68088117186893,99.0097771546143,103.2181597517021,73.95790360637744,81.0,1.114518801174147,0.42271723985992016,0.004235147497082383,-3.324493789608874e-05
253,100.9745566121089,100.68757565371033,101.06624063025292,100.68088117186893,99.0097771546143,103.2181597517021,73.95790360637744,81.0,1.114518801174147,0.42271723985992016,0.004235147497082383,-3.324493789608874e-05
254,100.94219092961616,100.68757565371033,100.98545311299685,100.68088117186893,99.0097771546143,103.2181597517021,73.95790360637744,81.0,1.114518801174147,0.42271723985992016,0.004235147497082383,-3.324493789608874e-05
255,100.85314463167401,100.68757565371033,100.98545311299685,100.68088117186893,99.0097771546143,103.2181597517021,73.95790360637744,81.0,1.114518801174147,0.42271723985992016,0.004235147497082383,-3.324493789608874e-05
256,100.80706584904324,100.68757565371033,100.98545311299685,100.68088117186893,99.0097771546143,103.2181597517021,73.95790360637744,81.0,1.114518801174147,0.42271723985992016,0.004235147497082383,-3.324493789608874e-05
257,100.80147601351455,100.84526983664355,101.36378065040189,100.69319252374909,96.2667598277333,106.15924971000487,70.95790360637744,78.0,1.0326300243529425,0.38044551587392816,0.004071588514500037,-0.0007545820838034697
258,100.70055687577947,99.80924595972029,99.39921812872292,100.69951079983078,95.48595187722077,106.62951090234175,70.95790360637744,89.40806008284964,1.0300196224047071,0.3424009642865354,0.004360100271862345,0.0044400297248768
259,100.7687690830438,99.93026292385991,100.52928497015806,100.55383277572211,99.1591739874884,100.76876908304378,70.95790360637744,89.40806008284964,1.2195420810376179,0.3102022595719902,0.0044279966919482635,0.0031103207947059033
260,100.8604532743752,99.95867952774132,100.25064426796321,100.4714298230536,99.24939369308628,100.86045327437519,70.95790360637744,89.40806008284964,1.2019787145546086,0.3791820336147912,0.004469307541027683,0.0025582498406707195
261,100.85553848220306,99.95867952774132,100.55297186675644,100.4714298230536,99.24939369308628,100.86045327437519,70.95790360637744,89.40806008284964,1.2019787145546086,0.3791820336147912,0.004469307541027683,0.0025582498406707195
262,100.9437291955929,100.04121089510228,100.64089800800612,100.55438454517657,99.33133943516627,100.94372919559291,70.95790360637744,87.40806008284964,1.14582041739024,0.44126383025331206,0.004508139739162318,0.0025582498406704966
263,100.92208679436858,100.19658683035043,100.77686812425597,100.69511413748265,99.48561285535081,101.08010844960482,70.95790360637744,84.40806008284964,1.134154783999021,0.4971374472279809,0.0045354406580509965,0.002481572432960061
264,100.941298737457,100.19658683035043,100.77686812425597,100.69511413748265,99.48561285535081,101.08010844960482,70.95790360637744,84.40806008284964,1.134154783999021,0.4971374472279809,0.0045354406580509965,0.002481572432960061
265,100.97698608142423,100.19658683035043,100.77686812425597,100.69511413748265,99.48561285535081,101.08010844960482,70.95790360637744,84.40806008284964,1.134154783999021,0.4971374472279809,0.0045354406580509965,0.002481572432960061
266,100.92791519659998,100.19658683035043,100.72978563559859,100.69511413748265,99.48561285535081,101.08010844960482,70.95790360637744,84.40806008284964,1.134154783999021,0.4971374472279809,0.0045354406580509965,0.002481572432960061
267,100.88907118365368,100.36555435127201,100.9162723663417,100.83618602455434,99.65338141816619,101.21993216283023,70.95790360637744,81.40806008284966,1.0634224012790994,0.5474237025051828,0.004544007137473004,0.002339103391467845
268,100.99146756775899,100.36555435127201,100.47206465726674,100.83618602455434,99.65338141816619,101.21993216283023,70.95790360637744,81.40806008284966,1.0634224012790994,0.5474237025051828,0.004544007137473004,0.002339103391467845
269,101.04984240042936,100.36555435127201,100.74669287322806,100.83618602455434,99.65338141816619,101.21993216283023,70.95790360637744,81.40806008284966,1.0634224012790994,0.5474237025051828,0.004544007137473004,0.002339103391467845
270,101.03272451430622,100.36555435127201,100.86133818193295,100.83618602455434,99.65338141816619,101.21993216283023,70.95790360637744,81.40806008284966,1.0634224012790994,0.5474237025051828,0.004544007137473004,0.002339103391467845
271,100.88156523604364,100.46108242602553,100.98177219657256,100.91450631246668,99.74823164572769,101.28562908382402,70.95790360637744,78.40806008284966,0.9983486091767715,0.5926813322546646,0.0045415631052512,0.0022516328283960717
272,100.8611408162402,100.46108242602553,100.8387755551331,100.91450631246668,99.74823164572769,101.28562908382402,70.95790360637744,78.40806008284966,0.9983486091767715,0.5926813322546646,0.0045415631052512,0.0022516328283960717
273,100.89664193913613,100.46108242602553,100.59328515678067,100.91450631246668,99.74823164572769,101.28562908382402,70.95790360637744,78.40806008284966,0.9983486091767715,0.5926813322546646,0.0045415631052512,0.0022516328283960717
274,100.94256805277375,100.46108242602553,100.63974034861545,100.91450631246668,99.74823164572769,101.28562908382402,70.95790360637744,78.40806008284966,0.9983486091767715,0.5926813322546646,0.0045415631052512,0.0022516328283960717
275,101.02521020505264,100.46108242602553,100.76460256937186,100.91450631246668,99.74823164572769,101.28562908382402,70.95790360637744,78.40806008284966,0.9983486091767715,0.5926813322546646,0.0045415631052512,0.0022516328283960717
276,101.12272697275172,100.84086441290913,101.33287322085724,100.90246766494954,97.74262869519731,103.36393165506256,67.95790360637744,75.40806008284966,0.9344807204426299,0.5334131990291981,0.004305711870630259,0.0003053545879604826
277,101.21941151785603,100.90106825738107,101.36272167321845,100.89079154903536,96.90449632260882,104.2579320427197,67.95790360637744,72.40806008284966,0.9397222628072195,0.48007187912627836,0.004053480430689223,-5.0927269095873035e-05
278,101.19469795335971,100.23665489367053,99.85503269865751,100.87653793305813,96.12203116537023,105.10662612668915,67.95790360637744,69.40806008284966,1.1547446957904608,0.3283691653223744,0.003907810554548596,0.0031817059358155496
279,101.34719968998294,100.64376843745185,101.04315809091298,101.0124810805022,99.95981448604637,101.34719968998294,64.95790360637744,69.40806008284966,1.142365120127224,0.39553224879013704,0.0038927527581726867,0.0018284216032566935
280,101.399776768199,100.69598058836755,101.09557743789439,101.07221013280444,100.04188060830667,101.39977676819902,61.95790360637744,67.40806008284966,1.1309759105170463,0.4559790239111233,0.0038829473315026724,0.0018646623290427878
281,101.36759773369698,100.69598058836755,101.09557743789439,101.07221013280444,100.04188060830667,101.39977676819902,61.95790360637744,67.40806008284966,1.1309759105170463,0.4559790239111233,0.0038829473315026724,0.0018646623290427878
282,101.277789191103,100.74915350499455,101.12859428041438,101.0955505244784,100.10596794229441,101.41368028653821,55.95790360637744,67.40806008284966,1.1507883133870325,0.3878896523552084,0.0037397307682732785,0.0017161560970818295
283,101.43958602354276,100.84637701652522,101.22618395447171,101.08277282943305,99.35999377413621,102.17507310590153,49.95790360637744,64.40806008284966,1.3062056936865345,0.2653165222109625,0.0035588646026074875,0.0011706869121579197
284,101.27364044980153,102.76320053847618,102.99649892701326,101.07300547913658,98.6552621319887,102.90494808165425,100.0,64.40806008284966,1.2817092381916118,0.23878486998986628,0.004340386842309743,-0.008291927584217054
285,101.24031058404022,102.26293998387902,102.36997469570723,101.21460678459299,101.24031058404022,102.92586551690825,100.0,64.40806008284966,1.259172499136283,0.3149063829908797,0.004698219056050082,-0.005152082949372629
286,101.21459216174358,102.15993754401896,101.44266616708,101.3619656913925,101.21459216174357,102.89971890732812,100.0,64.40806008284966,1.3839821853801968,0.2913959659657617,0.004874467293081191,-0.003920815597441922
287,101.35675698090881,102.13299271727622,101.4159105216685,101.50397182445927,101.11166279010347,102.79507585949416,100.0,64.40806008284966,1.3532636105497813,0.3622563693691856,0.004952672366743731,-0.0030889327693156684
288,101.19107800179623,102.08045376318836,101.36374044689714,101.46093043006115,101.05964922555646,102.7421963185412,100.0,64.40806008284966,1.3250025217057988,0.4260307324322671,0.005020759759728066,-0.003043721725597559
289,101.35843575323828,101.75070232171508,101.03630421113128,101.47737938666967,100.04991728231029,103.77909950007378,100.0,64.40806008284966,1.4312218095760814,0.29140502098367066,0.004695218392083894,-0.001344907321605321
290,101.40232889929653,101.75070232171508,101.09812191259863,101.47737938666967,100.04991728231029,103.77909950007378,100.0,64.40806008284966,1.4312218095760814,0.29140502098367066,0.004695218392083894,-0.001344907321605321
291,101.22469666006187,101.66116275043741,100.94739330284155,101.48995627319894,98.73000797302873,105.16650949173939,100.0,64.40806008284966,1.356724064809995,0.2622645188853036,0.0045146358273972865,-0.000842754290802417
292,101.27745960156392,101.66116275043741,102.00273476145117,101.48995627319894,98.73000797302873,105.16650949173939,100.0,64.40806008284966,1.356724064809995,0.2622645188853036,0.0045146358273972865,-0.000842754290802417
293,101.17153319361103,101.66116275043741,101.79229268420112,101.48995627319894,98.73000797302873,105.16650949173939,100.0,64.40806008284966,1.356724064809995,0.2622645188853036,0.0045146358273972865,-0.000842754290802417
294,101.40383239289172,100.71916956724894,100.01201391331638,101.50215734244021,97.1979405211281,106.82418027528104,97.0,78.14001314767182,1.274852806291862,0.23603806699677327,0.004708392165130939,0.003871934712113547
295,101.39090369360525,100.71916956724894,101.08673098252444,101.50215734244021,97.1979405211281,106.82418027528104,97.0,78.14001314767182,1.274852806291862,0.23603806699677327,0.004708392165130939,0.003871934712113547
296,101.27607852844801,100.71916956724894,101.04414465419832,101.50215734244021,97.1979405211281,106.82418027528104,97.0,78.14001314767182,1.274852806291862,0.23603806699677327,0.004708392165130939,0.003871934712113547
297,101.33012773130395,100.71916956724894,101.04414465419832,101.50215734244021,97.1979405211281,106.82418027528104,97.0,78.14001314767182,1.274852806291862,0.23603806699677327,0.004708392165130939,0.003871934712113547
298,101.33253952849763,100.71916956724894,100.36901941022164,101.50215734244021,97.1979405211281,106.82418027528104,97.0,78.14001314767182,1.274852806291862,0.23603806699677327,0.004708392165130939,0.003871934712113547
299,101.2272268407036,100.71916956724894,100.9235451601815,101.50215734244021,97.1979405211281,106.82418027528104,97.0,78.14001314767182,1.274852806291862,0.23603806699677327,0.004708392165130939,0.003871934712113547
300,101.24759616104261,100.71916956724894,100.94385337255946,101.50215734244021,97.1979405211281,106.82418027528104,97.0,78.14001314767182,1.274852806291862,0.23603806699677327,0.004708392165130939,0.003871934712113547
301,101.20483637181476,100.71916956724894,100.83149478930095,101.50215734244021,97.1979405211281,106.82418027528104,97.0,78.14001314767182,1.274852806291862,0.23603806699677327,0.004708392165130939,0.003871934712113547
302,101.3004436832002,100.71916956724894,101.04802113101042,101.50215734244021,97.1979405211281,106.82418027528104,97.0,78.14001314767182,1.274852806291862,0.23603806699677327,0.004708392165130939,0.003871934712113547
303,101.30093948565062,100.71916956724894,101.04802113101042,101.50215734244021,97.1979405211281,106.82418027528104,97.0,78.14001314767182,1.274852806291862,0.23603806699677327,0.004708392165130939,0.003871934712113547
304,101.33398199017759,100.71916956724894,101.04802113101042,101.50215734244021,97.1979405211281,106.82418027528104,97.0,78.14001314767182,1.274852806291862,0.23603806699677327,0.004708392165130939,0.003871934712113547
305,101.2572446073641,100.96441559656041,101.45428627612107,101.36015374787091,99.98506076527377,101.75956497103421,97.0,75.14001314767182,1.1801373090612404,0.312434260297096,0.004660603770766723,0.0019559569685123376
306,101.08868527491933,101.01183608404384,101.47125572471832,101.35513509311907,100.03202127402861,101.7765854811618,97.0,73.14001314767182,1.1657263243363412,0.3811908342673864,0.004584537921483781,0.0016964181806857087
307,101.06346360797608,101.01183608404384,101.36756630689679,101.35513509311907,100.03202127402861,101.7765854811618,97.0,73.14001314767182,1.1657263243363412,0.3811908342673864,0.004584537921483781,0.0016964181806857087
308,101.06077426457547,101.01183608404384,100.34096163789985,101.35513509311907,100.03202127402861,101.7765854811618,97.0,73.14001314767182,1.1657263243363412,0.3811908342673864,0.004584537921483781,0.0016964181806857087
309,101.01692376235668,101.01183608404384,100.55642491976667,101.35513509311907,100.03202127402861,101.7765854811618,97.0,73.14001314767182,1.1657263243363412,0.3811908342673864,0.004584537921483781,0.0016964181806857087
310,101.11359079381276,101.01183608404384,100.81025002143133,101.35513509311907,100.03202127402861,101.7765854811618,97.0,73.14001314767182,1.1657263243363412,0.3811908342673864,0.004584537921483781,0.0016964181806857087
311,101.1191163129108,101.01183608404384,100.69542231349145,101.35513509311907,100.03202127402861,101.7765854811618,97.0,73.14001314767182,1.1657263243363412,0.3811908342673864,0.004584537921483781,0.0016964181806857087
312,101.15108828357016,101.01183608404384,100.84763501871946,101.35513509311907,100.03202127402861,101.7765854811618,97.0,73.14001314767182,1.1657263243363412,0.3811908342673864,0.004584537921483781,0.0016964181806857087
313,101.33164075393043,101.01183608404384,101.02764583166862,101.35513509311907,100.03202127402861,101.7765854811618,97.0,73.14001314767182,1.1657263243363412,0.3811908342673864,0.004584537921483781,0.0016964181806857087
314,101.2495980911355,101.01183608404384,101.02764583166862,101.35513509311907,100.03202127402861,101.7765854811618,97.0,73.14001314767182,1.1657263243363412,0.3811908342673864,0.004584537921483781,0.0016964181806857087
315,101.2548775332308,101.01183608404384,100.76730921360631,101.35513509311907,100.03202127402861,101.7765854811618,97.0,73.14001314767182,1.1657263243363412,0.3811908342673864,0.004584537921483781,0.0016964181806857087
316,101.25068948797951,101.01183608404384,100.68622010797236,101.35513509311907,100.03202127402861,101.7765854811618,97.0,73.14001314767182,1.1657263243363412,0.3811908342673864,0.004584537921483781,0.0016964181806857087
317,101.14332849204332,101.01183608404384,100.8398985065672,101.35513509311907,100.03202127402861,101.7765854811618,97.0,73.14001314767182,1.1657263243363412,0.3811908342673864,0.004584537921483781,0.0016964181806857087
318,101.02836489991923,101.01183608404384,100.8398985065672,101.35513509311907,100.03202127402861,101.7765854811618,97.0,73.14001314767182,1.1657263243363412,0.3811908342673864,0.004584537921483781,0.0016964181806857087
319,100.98399831078208,100.92192534794208,100.24371381350753,101.34146727586378,96.77903001945553,105.1975573841037,94.0,73.14001314767182,1.07862206454328,0.3430717508406478,0.004558374274197501,0.002074235591914617
320,101.09074999784211,100.92192534794208,100.78747774784858,101.34146727586378,96.77903001945553,105.1975573841037,94.0,73.14001314767182,1.07862206454328,0.3430717508406478,0.004558374274197501,0.002074235591914617
321,101.15279945129807,100.92192534794208,100.81312859931828,101.34146727586378,96.77903001945553,105.1975573841037,94.0,73.14001314767182,1.07862206454328,0.3430717508406478,0.004558374274197501,0.002074235591914617
322,101.07396909278012,100.92192534794208,100.63455083930886,101.34146727586378,96.77903001945553,105.1975573841037,94.0,73.14001314767182,1.07862206454328,0.3430717508406478,0.004558374274197501,0.002074235591914617
323,101.14551278474461,100.74015167749641,100.14600803757394,101.32821125413328,95.0303785376611,107.13329485491643,91.0,73.14001314767182,1.0123322993798176,0.308764575756583,0.00463409693834873,0.002910201122556956
324,101.07875455311324,100.74015167749641,100.77551828945387,101.32821125413328,95.0303785376611,107.13329485491643,91.0,73.14001314767182,1.0123322993798176,0.308764575756583,0.00463409693834873,0.002910201122556956
325,101.12507442184261,100.74015167749641,100.71015106939407,101.32821125413328,95.0303785376611,107.13329485491643,91.0,73.14001314767182,1.0123322993798176,0.308764575756583,0.00463409693834873,0.002910201122556956
326,101.3081508740114,100.74015167749641,101.00422642138935,101.32821125413328,95.0303785376611,107.13329485491643,91.0,73.14001314767182,1.0123322993798176,0.308764575756583,0.00463409693834873,0.002910201122556956
327,101.31444922010142,100.74015167749641,100.80369743033633,101.32821125413328,95.0303785376611,107.13329485491643,91.0,73.14001314767182,1.0123322993798176,0.308764575756583,0.00463409693834873,0.002910201122556956
328,101.32208686132071,100.74015167749641,101.01812060073676,101.32821125413328,95.0303785376611,107.13329485491643,91.0,73.14001314767182,1.0123322993798176,0.308764575756583,0.00463409693834873,0.002910201122556956
329,101.28319370279858,100.72835749324783,100.11206563697019,101.30194692775574,93.8230256736557,107.55874373594209,88.0,73.14001314767182,0.9446790487627655,0.27788811818092474,0.004696747124456482,0.0028391257249833998
330,101.22310044478398,100.72835749324783,100.91943114344963,101.30194692775574,93.8230256736557,107.55874373594209,88.0,73.14001314767182,0.9446790487627655,0.27788811818092474,0.004696747124456482,0.0028391257249833998
331,101.11267439445265,100.72835749324783,100.91943114344963,101.30194692775574,93.8230256736557,107.55874373594209,88.0,73.14001314767182,0.9446790487627655,0.27788811818092474,0.004696747124456482,0.0028391257249833998
332,100.91289033393517,100.72835749324783,100.91943114344963,101.30194692775574,93.8230256736557,107.55874373594209,88.0,73.14001314767182,0.9446790487627655,0.27788811818092474,0.004696747124456482,0.0028391257249833998
333,100.85562711049131,100.72835749324783,100.70521645108963,101.30194692775574,93.8230256736557,107.55874373594209,88.0,73.14001314767182,0.9446790487627655,0.27788811818092474,0.004696747124456482,0.0028391257249833998
334,100.69271371791321,100.72835749324783,100.29617975403838,101.30194692775574,93.8230256736557,107.55874373594209,88.0,73.14001314767182,0.9446790487627655,0.27788811818092474,0.004696747124456482,0.0028391257249833998
335,100.76352575605688,100.72835749324783,100.643001949827,101.30194692775574,93.8230256736557,107.55874373594209,88.0,73.14001314767182,0.9446790487627655,0.27788811818092474,0.004696747124456482,0.0028391257249833998
336,100.88370152353487,100.72835749324783,100.643001949827,101.30194692775574,93.8230256736557,107.55874373594209,88.0,73.14001314767182,0.9446790487627655,0.27788811818092474,0.004696747124456482,0.0028391257249833998
337,100.85251700414751,100.72835749324783,100.70551942216949,101.30194692775574,93.8230256736557,107.55874373594209,88.0,73.14001314767182,0.9446790487627655,0.27788811818092474,0.004696747124456482,0.0028391257249833998
338,100.91625610222562,100.72835749324783,100.6779580788675,101.30194692775574,93.8230256736557,107.55874373594209,88.0,73.14001314767182,0.9446790487627655,0.27788811818092474,0.004696747124456482,0.0028391257249833998
339,100.8546897592763,100.72835749324783,100.76502856017011,101.30194692775574,93.8230256736557,107.55874373594209,88.0,73.14001314767182,0.9446790487627655,0.27788811818092474,0.004696747124456482,0.0028391257249833998
340,100.69366684787514,100.72835749324783,100.76502856017011,101.30194692775574,93.8230256736557,107.55874373594209,88.0,73.14001314767182,0.9446790487627655,0.27788811818092474,0.004696747124456482,0.0028391257249833998
341,100.78481763465507,100.79993130593213,101.23798627674685,101.15628620522887,99.85813556938685,101.48696462379067,88.0,73.14001314767182,0.899435018725494,0.2660754728357525,0.00448806751784653,0.0017645156147620756
342,100.6914246984561,100.79993130593213,100.99440792222276,101.15628620522887,99.85813556938685,101.48696462379067,88.0,73.14001314767182,0.899435018725494,0.2660754728357525,0.00448806751784653,0.0017645156147620756
343,100.81343153493322,100.79993130593213,100.99440792222276,101.15628620522887,99.85813556938685,101.48696462379067,88.0,73.14001314767182,0.899435018725494,0.2660754728357525,0.00448806751784653,0.0017645156147620756
344,100.88266312703445,102.30219637805793,102.7467798719956,101.14164106820712,98.3176200643511,103.0771398381585,100.0,73.14001314767182,0.8541468838941212,0.23946792555217725,0.0049033367549250325,-0.005704548854458923
345,100.8379058018919,101.85647050696151,101.1413297912657,101.25967189547045,100.8379058018919,102.60693778482397,97.0,70.14001314767182,0.8658151331825915,0.3155211329969595,0.004961723195977746,-0.002938213597561605
346,100.66952865873661,101.57128698132642,101.64914661535623,101.12120127677753,100.66952865873657,102.3736366832822,91.0,67.14001314767182,1.1017089395718276,0.29181645496992037,0.0048164597249170495,-0.002220534704649556
347,100.57855144774581,101.50222166489635,100.88119503284432,100.97973064753737,100.5785514477458,102.18831414038877,88.0,64.14001314767182,1.0935722244060815,0.36263480947292837,0.004837124732828816,-0.0025804325343167745
348,100.56585163598817,101.26611598205787,100.70747642548689,100.93837560700213,100.56585163598817,102.11364514540898,82.0,58.14001314767182,1.2651474282338042,0.324042209679483,0.004663106821623433,-0.0016208362755946997
349,100.63788622578282,101.26611598205787,100.70747642548689,100.93837560700213,100.56585163598817,102.11364514540898,82.0,58.14001314767182,1.2651474282338042,0.324042209679483,0.004663106821623433,-0.0016208362755946997
350,100.4953131737545,101.26611598205787,100.70747642548689,100.93837560700213,100.56585163598817,102.11364514540898,82.0,58.14001314767182,1.2651474282338042,0.324042209679483,0.004663106821623433,-0.0016208362755946997
351,100.57533666056004,101.26611598205787,100.72057225015448,100.93837560700213,100.56585163598817,102.11364514540898,82.0,58.14001314767182,1.2651474282338042,0.324042209679483,0.004663106821623433,-0.0016208362755946997
352,100.62975901385911,101.26611598205787,100.72057225015448,100.93837560700213,100.56585163598817,102.11364514540898,82.0,58.14001314767182,1.2651474282338042,0.324042209679483,0.004663106821623433,-0.0016208362755946997
353,100.84205552224287,101.26611598205787,100.72057225015448,100.93837560700213,100.56585163598817,102.11364514540898,82.0,58.14001314767182,1.2651474282338042,0.324042209679483,0.004663106821623433,-0.0016208362755946997
354,100.97019307184227,101.26611598205787,100.72057225015448,100.93837560700213,100.56585163598817,102.11364514540898,82.0,58.14001314767182,1.2651474282338042,0.324042209679483,0.004663106821623433,-0.0016208362755946997
355,101.04417915015478,101.26611598205787,100.74104661270431,100.93837560700213,100.56585163598817,102.11364514540898,82.0,58.14001314767182,1.2651474282338042,0.324042209679483,0.004663106821623433,-0.0016208362755946997
356,101.14612020626116,101.26611598205787,100.84268184564239,100.93837560700213,100.56585163598817,102.11364514540898,82.0,58.14001314767182,1.2651474282338042,0.324042209679483,0.004663106821623433,-0.0016208362755946997
357,101.25810710357855,101.26611598205787,100.87438203827769,100.93837560700213,100.56585163598817,102.11364514540898,82.0,58.14001314767182,1.2651474282338042,0.324042209679483,0.004663106821623433,-0.0016208362755946997
358,101.2951471830346,101.26611598205787,100.9912617414855,100.93837560700213,100.56585163598817,102.11364514540898,82.0,58.14001314767182,1.2651474282338042,0.324042209679483,0.004663106821623433,-0.0016208362755946997
359,101.34791018405711,101.26611598205787,101.24799780974439,100.93837560700213,100.56585163598817,102.11364514540898,82.0,58.14001314767182,1.2651474282338042,0.324042209679483,0.004663106821623433,-0.0016208362755946997
360,101.27983764799365,101.26611598205787,101.24799780974439,100.93837560700213,100.56585163598817,102.11364514540898,82.0,58.14001314767182,1.2651474282338042,0.324042209679483,0.004663106821623433,-0.0016208362755946997
361,101.44234733749418,101.26611598205787,101.24799780974439,100.93837560700213,100.56585163598817,102.11364514540898,82.0,58.14001314767182,1.2651474282338042,0.324042209679483,0.004663106821623433,-0.0016208362755946997
362,101.5830572346097,101.26611598205787,101.36447921434393,100.93837560700213,100.56585163598817,102.11364514540898,82.0,58.14001314767182,1.2651474282338042,0.324042209679483,0.004663106821623433,-0.0016208362755946997
363,101.54158889674797,101.26611598205787,101.40679272844646,100.93837560700213,100.56585163598817,102.11364514540898,82.0,58.14001314767182,1.2651474282338042,0.324042209679483,0.004663106821623433,-0.0016208362755946997
364,101.55045814445347,101.26611598205787,101.40679272844646,100.93837560700213,100.56585163598817,102.11364514540898,82.0,58.14001314767182,1.2651474282338042,0.324042209679483,0.004663106821623433,-0.0016208362755946997
365,101.47924696034352,101.26611598205787,101.40679272844646,100.93837560700213,100.56585163598817,102.11364514540898,82.0,58.14001314767182,1.2651474282338042,0.324042209679483,0.004663106821623433,-0.0016208362755946997
366,101.5052381428791,104.80958116923365,105.07453354182414,101.08095564243825,100.44421432609865,101.86692100480754,100.0,55.14001314767182,1.2830379952660065,0.22621010227978242,0.005962613369834873,-0.018109746977861163
367,101.55712045823832,102.58294995781648,101.86270858399028,101.22256808591807,101.5571204582383,103.08898423683019,100.0,52.14001314767182,1.260394955644726,0.3035890920518042,0.006405856710796073,-0.006674902058375453
368,101.5936754953425,102.58294995781648,101.86270858399028,101.22256808591807,101.5571204582383,103.08898423683019,100.0,52.14001314767182,1.260394955644726,0.3035890920518042,0.006405856710796073,-0.006674902058375453
369,101.59198549154502,102.4968473287784,101.77721048695143,101.36437892566374,101.4718788554906,103.03406709005174,100.0,49.14001314767182,1.199563359193148,0.3732301828466238,0.006688123520810188,-0.005555094629427937
370,101.50937397750853,102.4968473287784,102.27137967548458,101.36437892566374,101.4718788554906,103.03406709005174,100.0,49.14001314767182,1.199563359193148,0.3732301828466238,0.006688123520810188,-0.005555094629427937
371,101.33711391595804,102.06729543801117,101.35067450715252,101.51580206223423,101.33711391595803,102.86620579776566,100.0,40.14001314767182,1.4420051999144623,0.2517799782509889,0.006362863592698592,-0.0027089349879661313
372,101.26882261674662,102.06729543801117,101.35067450715252,101.51580206223423,101.33711391595803,102.86620579776566,100.0,40.14001314767182,1.4420051999144623,0.2517799782509889,0.006362863592698592,-0.0027089349879661313
373,101.17067015679872,102.35532527652062,102.4595319968368,101.53324338839369,99.52966842867103,104.73424235810798,100.0,37.14001314767182,1.3666447839213054,0.22660198042589003,0.00646493627030641,-0.0040320155931743
374,101.23101467328136,102.25355017503169,101.77570225384552,101.56614684657352,101.23101467328138,102.63473571843072,100.0,34.14001314767182,1.337313201207601,0.30394178238330105,0.006481754228081469,-0.0033726049959995398
375,101.18780200659998,102.20990101676766,101.49227884312934,101.51545560067433,101.18780200659998,102.56004113203501,100.0,31.140013147671823,1.310328145110993,0.373547604144971,0.006501898559977859,-0.003408733343868274
376,101.22305688848581,102.20990101676766,101.49227884312934,101.51545560067433,101.18780200659998,102.56004113203501,100.0,31.140013147671823,1.310328145110993,0.373547604144971,0.006501898559977859,-0.003408733343868274
377,101.302569064968,102.05673170126681,101.34018493907132,101.37343340156971,101.03616438425415,102.37552923390116,100.0,31.140013147671823,1.2455018935021136,0.43619284373047396,0.006514852226282598,-0.0033588838673540653
378,101.26381713946078,101.88937732133581,101.17400556481687,101.23160989442702,100.87048354812244,102.2076520843056,100.0,31.140013147671823,1.2258617420219446,0.4925735593574265,0.006512558884705206,-0.003238303613649067
379,101.37480793639126,101.88937732133581,101.17400556481687,101.23160989442702,100.87048354812244,102.2076520843056,100.0,31.140013147671823,1.2258617420219446,0.4925735593574265,0.006512558884705206,-0.003238303613649067
380,101.39053960688615,101.88937732133581,101.17400556481687,101.23160989442702,100.87048354812244,102.2076520843056,100.0,31.140013147671823,1.2258617420219446,0.4925735593574265,0.006512558884705206,-0.003238303613649067
381,101.46282658975863,101.88937732133581,101.17400556481687,101.23160989442702,100.87048354812244,102.2076520843056,100.0,31.140013147671823,1.2258617420219446,0.4925735593574265,0.006512558884705206,-0.003238303613649067
382,101.53223535739465,101.88937732133581,101.22763865132245,101.23160989442702,100.87048354812244,102.2076520843056,100.0,31.140013147671823,1.2258617420219446,0.4925735593574265,0.006512558884705206,-0.003238303613649067
383,101.48663848887014,101.88937732133581,101.22763865132245,101.23160989442702,100.87048354812244,102.2076520843056,100.0,31.140013147671823,1.2258617420219446,0.4925735593574265,0.006512558884705206,-0.003238303613649067
384,101.51067691241947,101.88937732133581,101.22763865132245,101.23160989442702,100.87048354812244,102.2076520843056,100.0,31.140013147671823,1.2258617420219446,0.4925735593574265,0.006512558884705206,-0.003238303613649067
385,101.55499448971001,101.8549892941222,101.21665535209225,101.15564793625506,100.83643940118098,102.17315663822755,100.0,31.140013147671823,1.1392213740887605,0.5433162034216839,0.006535189083897275,-0.0034448508088447236
386,101.45687583820889,101.62593851687545,100.91241638084922,101.0166651044827,100.66658559128987,102.0010511967159,100.0,28.140013147671823,1.2979052580460946,0.4476282831404318,0.006327349731884403,-0.0030066402696403553
387,101.57880858955515,101.62593851687545,101.27407216378647,101.0166651044827,100.66658559128987,102.0010511967159,100.0,28.140013147671823,1.2979052580460946,0.4476282831404318,0.006327349731884403,-0.0030066402696403553
388,101.73732128421148,101.62593851687545,101.46492743988155,101.0166651044827,100.66658559128987,102.0010511967159,100.0,28.140013147671823,1.2979052580460946,0.4476282831404318,0.006327349731884403,-0.0030066402696403553
389,101.66487009418775,101.63212079558237,101.61316401031827,101.02609954270109,98.48411871829856,104.26145539329386,100.0,26.140013147671823,1.2207395040690736,0.40286545482638864,0.006306553146158067,-0.002990361071313479
390,101.8881875553925,101.63212079558237,101.36171731668321,101.02609954270109,98.48411871829856,104.26145539329386,100.0,26.140013147671823,1.2207395040690736,0.40286545482638864,0.006306553146158067,-0.002990361071313479
391,101.98785561248526,101.72125922382395,101.6818920456478,101.03525178964607,96.74296823334106,106.13792132084895,100.0,26.140013147671823,1.1630803437435477,0.36257890934374976,0.006334170130935798,-0.003383405202372508
392,102.07399411362766,101.8071725588111,101.76777213128678,101.0441302613728,95.52512389961241,107.49106760109008,100.0,28.140013147671823,1.150033916244064,0.3263210184093748,0.006405512180809625,-0.0037615844060646213
393,102.25119671919943,102.20311882506546,102.21480651045249,101.05895976529521,95.1102223786059,108.38626852235141,100.0,31.140013147671823,1.3056643382967403,0.22320357659201237,0.006502322851883663,-0.0056289843521481
394,102.23767650786455,102.20311882506546,102.21480651045249,101.05895976529521,95.1102223786059,108.38626852235141,100.0,31.140013147671823,1.3056643382967403,0.22320357659201237,0.006502322851883663,-0.0056289843521481
395,102.19704143978713,102.20311882506546,101.92221369255616,101.05895976529521,95.1102223786059,108.38626852235141,100.0,31.140013147671823,1.3056643382967403,0.22320357659201237,0.006502322851883663,-0.0056289843521481
396,102.20958354530747,102.20311882506546,101.85491227264934,101.05895976529521,95.1102223786059,108.38626852235141,100.0,31.140013147671823,1.3056643382967403,0.22320357659201237,0.006502322851883663,-0.0056289843521481
397,102.37785686457752,102.20311882506546,102.0707232939838,101.05895976529521,95.1102223786059,108.38626852235141,100.0,31.140013147671823,1.3056643382967403,0.22320357659201237,0.006502322851883663,-0.0056289843521481
398,102.20370004739607,102.20311882506546,102.03218856214117,101.05895976529521,95.1102223786059,108.38626852235141,100.0,31.140013147671823,1.3056643382967403,0.22320357659201237,0.006502322851883663,-0.0056289843521481
399,102.2193585262966,102.20311882506546,102.03218856214117,101.05895976529521,95.1102223786059,108.38626852235141,100.0,31.140013147671823,1.3056643382967403,0.22320357659201237,0.006502322851883663,-0.0056289843521481
400,102.19885143175809,102.34406437190496,102.35576817546162,101.08129795553828,95.24138630449474,108.82358502105248,100.0,34.14001314767182,1.2126397626615726,0.20088321893281114,0.006857095101504471,-0.006207517105630486
401,102.16169376722355,102.34406437190496,102.35576817546162,101.08129795553828,95.24138630449474,108.82358502105248,100.0,34.14001314767182,1.2126397626615726,0.20088321893281114,0.006857095101504471,-0.006207517105630486
402,102.06488405347912,102.62770123364743,102.67033478789996,101.11182185043026,95.50533876803229,109.15802896206014,100.0,37.14001314767182,1.155628581648647,0.18079489703953003,0.007338519638573069,-0.007440281395925383
403,102.00108828620067,102.62770123364743,102.30801232317019,101.11182185043026,95.50533876803229,109.15802896206014,100.0,37.14001314767182,1.155628581648647,0.18079489703953003,0.007338519638573069,-0.007440281395925383
404,102.06811780730358,101.6036568975467,100.89029120217782,101.26155858867077,101.56685913158883,102.97523716783468,100.0,40.14001314767182,1.1684790701910692,0.19966370957503854,0.00732662455468127,-0.0016863330071447225
405,102.13608597893192,101.72611159552733,101.82967772099512,101.29162576394302,100.08942445427684,104.49526974995514,100.0,43.14001314767182,1.1550007445757837,0.1796973386175347,0.007143843949076757,-0.0021401372965505557
406,102.19072162947931,101.74987072201274,101.88414946459089,101.43353335214604,100.7323720147926,102.19072162947931,100.0,43.14001314767182,1.1426006850097212,0.2617276047557813,0.006902042129320851,-0.001556905551947716
407,102.22511889390151,101.78411959659098,101.29303089324242,101.57563975010692,100.76627840062507,102.22511889390151,100.0,43.14001314767182,1.1311926302089437,0.33555484428020316,0.006610940942769236,-0.0010251774842466995
408,101.99712842576369,101.78411959659098,101.58530545567466,101.57563975010692,100.76627840062507,102.22511889390151,100.0,43.14001314767182,1.1311926302089437,0.33555484428020316,0.006610940942769236,-0.0010251774842466995
409,101.87340299317404,101.78411959659098,101.58530545567466,101.57563975010692,100.76627840062507,102.22511889390151,100.0,43.14001314767182,1.1311926302089437,0.33555484428020316,0.006610940942769236,-0.0010251774842466995
410,101.81745840412619,101.78411959659098,101.58530545567466,101.57563975010692,100.76627840062507,102.22511889390151,100.0,43.14001314767182,1.1311926302089437,0.33555484428020316,0.006610940942769236,-0.0010251774842466995
411,101.91024090474355,101.78411959659098,101.60451018202933,101.57563975010692,100.76627840062507,102.22511889390151,100.0,43.14001314767182,1.1311926302089437,0.33555484428020316,0.006610940942769236,-0.0010251774842466995
412,101.84968419466502,101.79033490058373,101.92466704351493,101.5731619070795,97.83072708492723,105.29253024009189,100.0,43.14001314767182,1.0566972197922282,0.30199935985218285,0.006342433193008195,-0.0010679054840880163
413,101.65203250242827,101.79033490058373,101.92466704351493,101.5731619070795,97.83072708492723,105.29253024009189,100.0,43.14001314767182,1.0566972197922282,0.30199935985218285,0.006342433193008195,-0.0010679054840880163
414,101.59269322958076,100.576269826839,100.53690857911666,101.5689713089481,96.09137742952309,107.07275803538977,100.0,98.73668762377619,1.01216144220885,0.2717994238669646,0.006551191875672094,0.00491083280779425
415,101.5724710112695,100.59474695871621,101.29309720758303,101.42687424027282,99.58879948912904,101.59789088022373,100.0,98.73668762377619,1.011188526832142,0.3446194814802681,0.006652403291465989,0.004119001107990182
416,101.44840692247345,100.59474695871621,101.29309720758303,101.42687424027282,99.58879948912904,101.59789088022373,100.0,98.73668762377619,1.011188526832142,0.3446194814802681,0.006652403291465989,0.004119001107990182
417,101.38192292598356,100.59474695871621,101.29309720758303,101.42687424027282,99.58879948912904,101.59789088022373,100.0,98.73668762377619,1.011188526832142,0.3446194814802681,0.006652403291465989,0.004119001107990182
418,101.19176089001964,100.6073460660074,101.30578378057177,101.28497596830354,99.6012726053473,101.61061562745414,100.0,98.73668762377619,0.9569601113522374,0.41015753333224136,0.006656027722365431,0.0033563926328065196
419,101.05624010043184,100.74018195110008,101.4395418407901,101.25822585878255,99.73278013158908,101.74477616929798,100.0,95.73668762377619,0.9604033024440584,0.4691417799990173,0.006564418015518556,0.0025645940148698206
420,101.05284515254482,100.95322901361465,101.62327691833737,101.24245207197063,98.43196187450957,103.08937460951016,100.0,92.7366876237762,0.9635710382485337,0.4222276019991156,0.0063422024499842165,0.001430411652727543
421,101.09264747527212,100.95322901361465,101.39683798923984,101.24245207197063,98.43196187450957,103.08937460951016,100.0,92.7366876237762,0.9635710382485337,0.4222276019991156,0.0063422024499842165,0.001430411652727543
422,101.17659661635942,100.95322901361465,101.39683798923984,101.24245207197063,98.43196187450957,103.08937460951016,100.0,92.7366876237762,0.9635710382485337,0.4222276019991156,0.0063422024499842165,0.001430411652727543
423,101.22170650629313,100.95322901361465,101.39683798923984,101.24245207197063,98.43196187450957,103.08937460951016,100.0,92.7366876237762,0.9635710382485337,0.4222276019991156,0.0063422024499842165,0.001430411652727543
424,101.2861339695189,100.95322901361465,101.2519800895784,101.24245207197063,98.43196187450957,103.08937460951016,100.0,92.7366876237762,0.9635710382485337,0.4222276019991156,0.0063422024499842165,0.001430411652727543
425,101.29752990776439,100.95322901361465,101.2519800895784,101.24245207197063,98.43196187450957,103.08937460951016,100.0,92.7366876237762,0.9635710382485337,0.4222276019991156,0.0063422024499842165,0.001430411652727543
426,101.15934860778107,100.95322901361465,101.2519800895784,101.24245207197063,98.43196187450957,103.08937460951016,100.0,92.7366876237762,0.9635710382485337,0.4222276019991156,0.0063422024499842165,0.001430411652727543
427,101.18266649268911,100.95322901361465,101.2519800895784,101.24245207197063,98.43196187450957,103.08937460951016,100.0,92.7366876237762,0.9635710382485337,0.4222276019991156,0.0063422024499842165,0.001430411652727543
428,101.10570610472992,100.95322901361465,101.2519800895784,101.24245207197063,98.43196187450957,103.08937460951016,100.0,92.7366876237762,0.9635710382485337,0.4222276019991156,0.0063422024499842165,0.001430411652727543
429,101.03745419257183,100.95322901361465,101.1107400764042,101.24245207197063,98.43196187450957,103.08937460951016,100.0,92.7366876237762,0.9635710382485337,0.4222276019991156,0.0063422024499842165,0.001430411652727543
430,101.08496592133602,100.95322901361465,101.1107400764042,101.24245207197063,98.43196187450957,103.08937460951016,100.0,92.7366876237762,0.9635710382485337,0.4222276019991156,0.0063422024499842165,0.001430411652727543
431,101.33427940017495,100.95322901361465,101.1107400764042,101.24245207197063,98.43196187450957,103.08937460951016,100.0,92.7366876237762,0.9635710382485337,0.4222276019991156,0.0063422024499842165,0.001430411652727543
432,101.49854712052426,100.95322901361465,101.19027342982714,101.24245207197063,98.43196187450957,103.08937460951016,100.0,92.7366876237762,0.9635710382485337,0.4222276019991156,0.0063422024499842165,0.001430411652727543
433,101.5532313802643,100.95322901361465,101.24857168612354,101.24245207197063,98.43196187450957,103.08937460951016,100.0,92.7366876237762,0.9635710382485337,0.4222276019991156,0.0063422024499842165,0.001430411652727543
434,101.43925068513555,100.95322901361465,101.24857168612354,101.24245207197063,98.43196187450957,103.08937460951016,100.0,92.7366876237762,0.9635710382485337,0.4222276019991156,0.0063422024499842165,0.001430411652727543
435,101.51813143975555,100.95322901361465,101.15883881896356,101.24245207197063,98.43196187450957,103.08937460951016,100.0,92.7366876237762,0.9635710382485337,0.4222276019991156,0.0063422024499842165,0.001430411652727543
436,101.46595694709781,100.95322901361465,100.64335003397,101.24245207197063,98.43196187450957,103.08937460951016,100.0,92.7366876237762,0.9635710382485337,0.4222276019991156,0.0063422024499842165,0.001430411652727543
437,101.47875287771359,100.95322901361465,101.17431661908044,101.24245207197063,98.43196187450957,103.08937460951016,100.0,92.7366876237762,0.9635710382485337,0.4222276019991156,0.0063422024499842165,0.001430411652727543
438,101.55071945022854,100.95322901361465,100.97440670269715,101.24245207197063,98.43196187450957,103.08937460951016,100.0,92.7366876237762,0.9635710382485337,0.4222276019991156,0.0063422024499842165,0.001430411652727543
439,101.62116709906604,100.95322901361465,101.31630359776884,101.24245207197063,98.43196187450957,103.08937460951016,100.0,92.7366876237762,0.9635710382485337,0.4222276019991156,0.0063422024499842165,0.001430411652727543
440,101.68541368421985,100.98535303510066,101.62483200605178,101.38429076879218,99.97549950474965,101.93062387768481,100.0,89.7366876237762,0.8904853551886511,0.480004841799204,0.0061982304369881894,0.0019713318963891966
441,101.59438698305662,100.98535303510066,101.46651193553505,101.38429076879218,99.97549950474965,101.93062387768481,100.0,89.7366876237762,0.8904853551886511,0.480004841799204,0.0061982304369881894,0.0019713318963891966
442,101.55907244422005,101.35635075705456,101.96730250202974,101.37118454836717,98.2380778746317,103.7333512368511,100.0,86.7366876237762,0.8592465267735591,0.43200435761928363,0.005835117139560945,7.317107313647483e-05
443,101.45245237628455,101.54148554037239,102.09174352742352,101.35518537348555,97.09827967752746,104.95103590759929,100.0,80.7366876237762,1.096995307612706,0.29549098061159,0.005273832718250386,-0.000918202186599278
444,101.49731314538566,101.54148554037239,101.8027213093136,101.35518537348555,97.09827967752746,104.95103590759929,100.0,80.7366876237762,1.096995307612706,0.29549098061159,0.005273832718250386,-0.000918202186599278
445,101.34514727119318,101.54148554037239,101.87919596546044,101.35518537348555,97.09827967752746,104.95103590759929,100.0,80.7366876237762,1.096995307612706,0.29549098061159,0.005273832718250386,-0.000918202186599278
446,101.2075631787765,101.54148554037239,101.5526866993273,101.35518537348555,97.09827967752746,104.95103590759929,100.0,80.7366876237762,1.096995307612706,0.29549098061159,0.005273832718250386,-0.000918202186599278
447,101.29544792035617,101.54148554037239,101.39196712440285,101.35518537348555,97.09827967752746,104.95103590759929,100.0,80.7366876237762,1.096995307612706,0.29549098061159,0.005273832718250386,-0.000918202186599278
448,101.21111757140332,101.54148554037239,100.96236555977804,101.35518537348555,97.09827967752746,104.95103590759929,100.0,80.7366876237762,1.096995307612706,0.29549098061159,0.005273832718250386,-0.000918202186599278
449,101.16466182051171,101.54148554037239,100.96236555977804,101.35518537348555,97.09827967752746,104.95103590759929,100.0,80.7366876237762,1.096995307612706,0.29549098061159,0.005273832718250386,-0.000918202186599278
450,100.91513838804468,101.54148554037239,100.97309928810535,101.35518537348555,97.09827967752746,104.95103590759929,100.0,80.7366876237762,1.096995307612706,0.29549098061159,0.005273832718250386,-0.000918202186599278
451,100.9599670881122,101.54148554037239,101.84730206074713,101.35518537348555,97.09827967752746,104.95103590759929,100.0,80.7366876237762,1.096995307612706,0.29549098061159,0.005273832718250386,-0.000918202186599278
452,101.03459952370717,101.54148554037239,101.91399437998845,101.35518537348555,97.09827967752746,104.95103590759929,100.0,80.7366876237762,1.096995307612706,0.29549098061159,0.005273832718250386,-0.000918202186599278
453,100.84974318276117,101.54148554037239,101.15320279113458,101.35518537348555,97.09827967752746,104.95103590759929,100.0,80.7366876237762,1.096995307612706,0.29549098061159,0.005273832718250386,-0.000918202186599278
454,100.91595394895411,101.54148554037239,101.15320279113458,101.35518537348555,97.09827967752746,104.95103590759929,100.0,80.7366876237762,1.096995307612706,0.29549098061159,0.005273832718250386,-0.000918202186599278
455,101.11890651632672,101.54148554037239,101.15320279113458,101.35518537348555,97.09827967752746,104.95103590759929,100.0,80.7366876237762,1.096995307612706,0.29549098061159,0.005273832718250386,-0.000918202186599278
456,101.05622610533418,101.54148554037239,101.15320279113458,101.35518537348555,97.09827967752746,104.95103590759929,100.0,80.7366876237762,1.096995307612706,0.29549098061159,0.005273832718250386,-0.000918202186599278
457,101.27606904019501,101.54148554037239,101.15320279113458,101.35518537348555,97.09827967752746,104.95103590759929,100.0,80.7366876237762,1.096995307612706,0.29549098061159,0.005273832718250386,-0.000918202186599278
458,101.32913915460477,101.54148554037239,101.17588173862447,101.35518537348555,97.09827967752746,104.95103590759929,100.0,80.7366876237762,1.096995307612706,0.29549098061159,0.005273832718250386,-0.000918202186599278
459,101.54714105586575,101.41700927788634,101.09304335423273,101.34860132065874,94.378668834001,108.37703007685023,97.0,77.7366876237762,1.0142356830036894,0.265941882550431,0.0049978877030443574,-0.00033737455294144316
460,101.47695843030095,101.41700927788634,101.17252755501005,101.34860132065874,94.378668834001,108.37703007685023,97.0,77.7366876237762,1.0142356830036894,0.265941882550431,0.0049978877030443574,-0.00033737455294144316
461,101.49299163425125,101.22160077616007,100.54137537475555,101.33635267951605,94.22536617371344,108.13550643117762,94.0,77.7366876237762,0.9730968283633943,0.2393476942953879,0.0047659961203806965,0.0005665139353863425
462,101.53500472205964,101.22160077616007,101.23039970789347,101.33635267951605,94.22536617371344,108.13550643117762,94.0,77.7366876237762,0.9730968283633943,0.2393476942953879,0.0047659961203806965,0.0005665139353863425
463,101.58355398222017,102.86468261553766,103.35957164104983,101.36123357691675,95.7838893230145,109.17484785831857,100.0,74.7366876237762,1.0374942840335717,0.16371382289804534,0.005118710614088747,-0.0073616956488720625
464,101.6120326392673,102.6384168073407,101.91778599725909,101.50323868430544,101.6120326392673,103.41127844876074,100.0,74.7366876237762,1.034494741310886,0.24734244060824082,0.005478883334147548,-0.005560737323802605
465,101.69269628918595,102.6384168073407,101.91778599725909,101.50323868430544,101.6120326392673,103.41127844876074,100.0,74.7366876237762,1.034494741310886,0.24734244060824082,0.005478883334147548,-0.005560737323802605
466,101.69721914280827,102.6384168073407,101.91778599725909,101.50323868430544,101.6120326392673,103.41127844876074,100.0,74.7366876237762,1.034494741310886,0.24734244060824082,0.005478883334147548,-0.005560737323802605
467,101.58512850166196,101.44351927561053,100.73127791660421,101.65209665143465,101.58512850166194,103.38389791918107,97.0,74.7366876237762,1.0344867596980252,0.24518222937603673,0.005436123250248289,0.0010269910301709576
468,101.7291930286007,101.44351927561053,101.42400544951488,101.65209665143465,101.58512850166194,103.38389791918107,97.0,74.7366876237762,1.0344867596980252,0.24518222937603673,0.005436123250248289,0.0010269910301709576
469,101.7657022256013,101.44351927561053,101.46040511892451,101.65209665143465,101.58512850166194,103.38389791918107,97.0,74.7366876237762,1.0344867596980252,0.24518222937603673,0.005436123250248289,0.0010269910301709576
470,101.68264535605854,101.71189851449557,102.13947759880824,101.68325766560716,99.69004893770376,105.34919650491463,91.0,68.7366876237762,1.0344810320926363,0.16770464489320913,0.004881283600709005,-0.0001408138198878939
471,101.64690510818588,101.71189851449557,101.95276339838102,101.68325766560716,99.69004893770376,105.34919650491463,91.0,68.7366876237762,1.0344810320926363,0.16770464489320913,0.004881283600709005,-0.0001408138198878939
472,101.60118505161252,101.72268375089826,102.07497017975122,101.82571392245094,100.79700732876508,102.42673117339729,88.0,65.7366876237762,0.9917225495252254,0.25093418040388826,0.004649147036487909,0.0005061703886170062
473,101.55689257592448,101.7520998159466,102.11813430605876,101.96836975772662,100.85668133756626,102.4254105376718,85.0,62.736687623776206,0.9923847455632074,0.32584076236349946,0.004497590433732197,0.0010616014298053219
474,101.4304550920778,101.7520998159466,101.73566207831276,101.96836975772662,100.85668133756626,102.4254105376718,85.0,62.736687623776206,0.9923847455632074,0.32584076236349946,0.004497590433732197,0.0010616014298053219
475,101.38748029596287,101.7520998159466,101.90856655051834,101.96836975772662,100.85668133756626,102.4254105376718,85.0,62.736687623776206,0.9923847455632074,0.32584076236349946,0.004497590433732197,0.0010616014298053219
476,101.45131880084425,101.7520998159466,101.53382256195553,101.96836975772662,100.85668133756626,102.4254105376718,85.0,62.736687623776206,0.9923847455632074,0.32584076236349946,0.004497590433732197,0.0010616014298053219
477,101.39003933712192,101.7520998159466,101.53382256195553,101.96836975772662,100.85668133756626,102.4254105376718,85.0,62.736687623776206,0.9923847455632074,0.32584076236349946,0.004497590433732197,0.0010616014298053219
478,101.39093320135734,101.7520998159466,101.53382256195553,101.96836975772662,100.85668133756626,102.4254105376718,85.0,62.736687623776206,0.9923847455632074,0.32584076236349946,0.004497590433732197,0.0010616014298053219
479,101.41688464721436,101.7520998159466,101.53382256195553,101.96836975772662,100.85668133756626,102.4254105376718,85.0,62.736687623776206,0.9923847455632074,0.32584076236349946,0.004497590433732197,0.0010616014298053219
480,101.58551239311525,101.7520998159466,101.53382256195553,101.96836975772662,100.85668133756626,102.4254105376718,85.0,62.736687623776206,0.9923847455632074,0.32584076236349946,0.004497590433732197,0.0010616014298053219
481,101.60463814687535,101.60880281250728,101.04827280702202,101.9584436422694,98.3230308390395,105.06477376982656,82.0,62.736687623776206,0.9229939659181509,0.2932566861271495,0.004433843512688623,0.0017175691858651412
482,101.51047905418099,101.60880281250728,101.70974463308285,101.9584436422694,98.3230308390395,105.06477376982656,82.0,62.736687623776206,0.9229939659181509,0.2932566861271495,0.004433843512688623,0.0017175691858651412
483,101.40925351940864,101.60880281250728,101.32066666775029,101.9584436422694,98.3230308390395,105.06477376982656,82.0,62.736687623776206,0.9229939659181509,0.2932566861271495,0.004433843512688623,0.0017175691858651412
484,101.39692105641969,101.60880281250728,101.14068026954321,101.9584436422694,98.3230308390395,105.06477376982656,82.0,62.736687623776206,0.9229939659181509,0.2932566861271495,0.004433843512688623,0.0017175691858651412
485,101.30942999647337,101.60880281250728,101.14068026954321,101.9584436422694,98.3230308390395,105.06477376982656,82.0,62.736687623776206,0.9229939659181509,0.2932566861271495,0.004433843512688623,0.0017175691858651412
486,101.22123140149472,101.60880281250728,101.53670481659204,101.9584436422694,98.3230308390395,105.06477376982656,82.0,62.736687623776206,0.9229939659181509,0.2932566861271495,0.004433843512688623,0.0017175691858651412
487,101.07756937910219,101.6055551032187,101.07561640057405,101.94881623348823,96.21035346523941,107.37188482734008,79.00000000000001,62.736687623776206,0.8624877819780321,0.26393101751443454,0.004370173452612584,0.0016863363238794656
488,101.19766637642388,101.6055551032187,101.07561640057405,101.94881623348823,96.21035346523941,107.37188482734008,79.00000000000001,62.736687623776206,0.8624877819780321,0.26393101751443454,0.004370173452612584,0.0016863363238794656
489,101.1527202204988,101.03419276244604,100.9297764122339,101.92627145886111,95.0284438431003,107.77237249496179,76.00000000000001,88.52195912269056,0.8334887594197896,0.2375379157629911,0.004635406325354415,0.004395332361096494
490,101.13634610677623,101.03419276244604,100.70296131430456,101.92627145886111,95.0284438431003,107.77237249496179,76.00000000000001,88.52195912269056,0.8334887594197896,0.2375379157629911,0.004635406325354415,0.004395332361096494
491,101.0712694011319,101.03419276244604,100.58512033842244,101.92627145886111,95.0284438431003,107.77237249496179,76.00000000000001,88.52195912269056,0.8334887594197896,0.2375379157629911,0.004635406325354415,0.004395332361096494
492,101.05766490403906,101.03419276244604,100.75449190932696,101.92627145886111,95.0284438431003,107.77237249496179,76.00000000000001,88.52195912269056,0.8334887594197896,0.2375379157629911,0.004635406325354415,0.004395332361096494
493,101.02459706740312,101.03419276244604,100.75449190932696,101.92627145886111,95.0284438431003,107.77237249496179,76.00000000000001,88.52195912269056,0.8334887594197896,0.2375379157629911,0.004635406325354415,0.004395332361096494
494,100.91631879841975,101.03419276244604,100.75449190932696,101.92627145886111,95.0284438431003,107.77237249496179,76.00000000000001,88.52195912269056,0.8334887594197896,0.2375379157629911,0.004635406325354415,0.004395332361096494
495,101.01838537729704,101.03419276244604,100.75449190932696,101.92627145886111,95.0284438431003,107.77237249496179,76.00000000000001,88.52195912269056,0.8334887594197896,0.2375379157629911,0.004635406325354415,0.004395332361096494
496,100.97784906606472,101.03419276244604,100.75449190932696,101.92627145886111,95.0284438431003,107.77237249496179,76.00000000000001,88.52195912269056,0.8334887594197896,0.2375379157629911,0.004635406325354415,0.004395332361096494
497,100.86756673364758,100.87993152366285,100.41448750660284,101.89114148916399,94.10644940143801,107.88777110141035,73.00000000000001,100.0,0.7768096586662064,0.213784124186692,0.00495572135837858,0.004986953762567421
498,100.81326110914799,99.2912107612957,98.89285083848206,101.8432701690784,94.09822393615957,106.3118014211853,70.00000000000001,100.0,1.0378386110588698,0.14622834094369733,0.005706443373106245,0.012688323732349687
499,100.77779110687653,99.77001319580775,100.47545773355591,101.7795633588304,93.12732571723086,106.82445857328912,70.00000000000001,100.0,1.0348115221741603,0.1316055068493276,0.006560556485618054,0.009970500545695187
500,100.93146174520913,99.92214712775704,100.53507577817194,101.72245551149284,93.26933057199098,106.98734944992168,70.00000000000001,100.0,1.0320266004002274,0.11844495616439484,0.00723832666345685,0.008928125822225054
501,100.75464906047691,99.92214712775704,100.53507577817194,101.72245551149284,93.26933057199098,106.98734944992168,70.00000000000001,100.0,1.0320266004002274,0.11844495616439484,0.00723832666345685,0.008928125822225054
502,100.79124188502068,99.92214712775704,100.53507577817194,101.72245551149284,93.26933057199098,106.98734944992168,70.00000000000001,100.0,1.0320266004002274,0.11844495616439484,0.00723832666345685,0.008928125822225054
503,100.81914199302514,99.92214712775704,100.53507577817194,101.72245551149284,93.26933057199098,106.98734944992168,70.00000000000001,100.0,1.0320266004002274,0.11844495616439484,0.00723832666345685,0.008928125822225054
504,100.9035215282927,99.92214712775704,100.60081096370781,101.72245551149284,93.26933057199098,106.98734944992168,70.00000000000001,100.0,1.0320266004002274,0.11844495616439484,0.00723832666345685,0.008928125822225054
505,100.84661361366456,99.92214712775704,100.60081096370781,101.72245551149284,93.26933057199098,106.98734944992168,70.00000000000001,100.0,1.0320266004002274,0.11844495616439484,0.00723832666345685,0.008928125822225054
506,100.80389006773261,99.92214712775704,100.60081096370781,101.72245551149284,93.26933057199098,106.98734944992168,70.00000000000001,100.0,1.0320266004002274,0.11844495616439484,0.00723832666345685,0.008928125822225054
507,100.78591296549851,100.19727085882234,100.90573641034935,101.65678613984966,93.52613656504195,107.0775602738669,70.00000000000001,100.0,0.9789251455900604,0.08101635001644607,0.007759930384042549,0.007230547172192425
508,100.70892976474227,100.19727085882234,100.90573641034935,101.65678613984966,93.52613656504195,107.0775602738669,70.00000000000001,100.0,0.9789251455900604,0.08101635001644607,0.007759930384042549,0.007230547172192425
509,100.62776370013825,100.19727085882234,100.90573641034935,101.65678613984966,93.52613656504195,107.0775602738669,70.00000000000001,100.0,0.9789251455900604,0.08101635001644607,0.007759930384042549,0.007230547172192425
510,100.68914314945431,100.19727085882234,100.90573641034935,101.65678613984966,93.52613656504195,107.0775602738669,70.00000000000001,100.0,0.9789251455900604,0.08101635001644607,0.007759930384042549,0.007230547172192425
511,100.56948124782268,100.19727085882234,100.872097540444,101.65678613984966,93.52613656504195,107.0775602738669,70.00000000000001,100.0,0.9789251455900604,0.08101635001644607,0.007759930384042549,0.007230547172192425
512,100.55045075811246,100.19727085882234,100.85300978747489,101.65678613984966,93.52613656504195,107.0775602738669,70.00000000000001,100.0,0.9789251455900604,0.08101635001644607,0.007759930384042549,0.007230547172192425
513,100.50713522188728,100.19727085882234,100.80956391362815,101.65678613984966,93.52613656504195,107.0775602738669,70.00000000000001,100.0,0.9789251455900604,0.08101635001644607,0.007759930384042549,0.007230547172192425
514,100.59537507488446,100.19727085882234,100.66490693927622,101.65678613984966,93.52613656504195,107.0775602738669,70.00000000000001,100.0,0.9789251455900604,0.08101635001644607,0.007759930384042549,0.007230547172192425
515,100.63238550511343,102.99785110149276,103.72611873554371,101.69587694677344,96.14025417515536,110.28052744200235,100.0,100.0,0.9106111339428556,0.07291471501480146,0.008057616401999845,-0.006360596228978265
516,100.60384482506947,101.62004527784795,100.90656451862534,101.68867622744595,94.6033485207672,108.80530100456447,97.0,97.0,0.9177622432274272,0.06562324351332131,0.007614667833867199,0.0003375701204054368
517,100.54454206063,101.52937701770169,100.84708331056169,101.67839292755917,94.51186953699217,108.67528995129132,94.0,94.0,0.924341263769233,0.05906091916198918,0.007245785936311944,0.0007333179725245507
518,100.55970955882434,101.31547958977487,100.69559551204411,101.53596513913173,100.55970955882434,102.47722652984932,88.0,88.0,1.1437072908808017,0.1163976687068006,0.006479926275977817,0.0010869311266259111
519,100.37081467216235,101.26191956432845,100.67283317167737,101.53530433345043,99.26487897054493,103.81395961096516,85.0,85.0,1.1322107076103376,0.10475790183612055,0.006252899147413239,0.0013480695833380124
520,100.47081109444444,101.26191956432845,100.67283317167737,101.53530433345043,99.26487897054493,103.81395961096516,85.0,85.0,1.1322107076103376,0.10475790183612055,0.006252899147413239,0.0013480695833380124
521,100.40138222630539,101.26191956432845,100.828563709701,101.53530433345043,99.26487897054493,103.81395961096516,85.0,85.0,1.1322107076103376,0.10475790183612055,0.006252899147413239,0.0013480695833380124
522,100.37611791125106,101.47809106178778,101.37215703717192,101.53433308504815,97.13785377896876,106.08717132750404,76.00000000000001,76.00000000000001,1.3309273682826523,0.05445734769048891,0.005475415641072993,0.00027703734634328044
523,100.40187702916349,101.03945655371308,100.60367955954965,101.53356299041386,96.07991666623074,107.25529844113017,70.00000000000001,76.00000000000001,1.4354734794796313,0.03724882582029442,0.005186397489654991,0.0024391522514335944
524,100.30784037459061,99.68449309724808,99.3445459793638,101.51468301197671,95.08845034490027,106.73289159907371,61.000000000000014,100.0,1.7941866997221751,0.01936342961442185,0.005499529337197724,0.009096408594312941
525,100.37169379124987,99.68449309724808,100.2152916701076,101.51468301197671,95.08845034490027,106.73289159907371,61.000000000000014,100.0,1.7941866997221751,0.01936342961442185,0.005499529337197724,0.009096408594312941
526,100.33893025549713,99.77013818885037,100.4755836103877,101.36125950124261,99.15240933571795,100.76863751278552,61.000000000000014,100.0,1.626708375720633,0.08924458585626455,0.006237946274530392,0.00791085494689339
527,100.3898015177715,99.78682144805589,100.13169052359159,101.21945302563552,99.17812183722273,100.79476913945038,61.000000000000014,100.0,1.5765717056629827,0.18032012727063812,0.006718959716548579,0.007127297798692069
528,100.25305286507268,99.78682144805589,100.13169052359159,101.21945302563552,99.17812183722273,100.79476913945038,61.000000000000014,100.0,1.5765717056629827,0.18032012727063812,0.006718959716548579,0.007127297798692069
529,100.2109860164367,99.78682144805589,100.13169052359159,101.21945302563552,99.17812183722273,100.79476913945038,61.000000000000014,100.0,1.5765717056629827,0.18032012727063812,0.006718959716548579,0.007127297798692069
530,100.0154327507636,99.40892140899352,99.12973888146571,101.17249475505601,96.89639199227234,103.16829851687767,55.000000000000014,100.0,1.4234811893170898,0.12333896705311648,0.007285954886560953,0.00879230678389531
531,99.9960773962218,99.40892140899352,99.56967888842297,101.17249475505601,96.89639199227234,103.16829851687767,55.000000000000014,100.0,1.4234811893170898,0.12333896705311648,0.007285954886560953,0.00879230678389531
532,99.85563160739649,99.40892140899352,99.51495160704096,101.17249475505601,96.89639199227234,103.16829851687767,55.000000000000014,100.0,1.4234811893170898,0.12333896705311648,0.007285954886560953,0.00879230678389531
533,99.88229997733706,99.0868649121979,98.83840236226763,101.13661024908996,94.48140049534281,105.80533143938635,55.000000000000014,100.0,1.3362693608383893,0.11100507034780484,0.008077315046032197,0.010237287786763836
534,99.98789374919261,99.0868649121979,99.68793006794505,101.13661024908996,94.48140049534281,105.80533143938635,55.000000000000014,100.0,1.3362693608383893,0.11100507034780484,0.008077315046032197,0.010237287786763836
535,100.04585018814306,99.0868649121979,99.09091365292427,101.13661024908996,94.48140049534281,105.80533143938635,55.000000000000014,100.0,1.3362693608383893,0.11100507034780484,0.008077315046032197,0.010237287786763836
536,99.95378498395824,99.0868649121979,99.65392362900639,101.13661024908996,94.48140049534281,105.80533143938635,55.000000000000014,100.0,1.3362693608383893,0.11100507034780484,0.008077315046032197,0.010237287786763836
537,99.88084941730257,99.61561850984017,100.31997136799053,100.99511806238232,99.06773260803605,100.62183687862644,58.000000000000014,100.0,1.2493678119713183,0.19990456331302436,0.008417869044016996,0.006876499115218146
538,99.88505004483798,99.61561850984017,99.83153210682606,100.99511806238232,99.06773260803605,100.62183687862644,58.000000000000014,100.0,1.2493678119713183,0.19990456331302436,0.008417869044016996,0.006876499115218146
539,100.01820248442701,99.73710254237956,100.44231437853783,100.85382382613841,99.15862734763375,100.74454802260561,61.000000000000014,100.0,1.189418387013613,0.2799141069817219,0.008580862705425206,0.005567157517919056
540,100.0360702940463,99.73710254237956,100.33708153866232,100.85382382613841,99.15862734763375,100.74454802260561,61.000000000000014,100.0,1.189418387013613,0.2799141069817219,0.008580862705425206,0.005567157517919056
541,100.193785756607,99.73710254237956,100.33708153866232,100.85382382613841,99.15862734763375,100.74454802260561,61.000000000000014,100.0,1.189418387013613,0.2799141069817219,0.008580862705425206,0.005567157517919056
542,100.14562919445858,99.73710254237956,100.33708153866232,100.85382382613841,99.15862734763375,100.74454802260561,61.000000000000014,100.0,1.189418387013613,0.2799141069817219,0.008580862705425206,0.005567157517919056
543,100.1936959783551,99.73710254237956,100.33708153866232,100.85382382613841,99.15862734763375,100.74454802260561,61.000000000000014,100.0,1.189418387013613,0.2799141069817219,0.008580862705425206,0.005567157517919056
544,100.1918303340588,99.80940954095412,100.51513263871846,100.71272726342148,99.20057214275431,100.81758539490316,64.00000000000001,100.0,1.110264916052524,0.3519226962835498,0.008606593951493297,0.004504827930038511
545,100.26312447899777,99.80940954095412,100.51513263871846,100.71272726342148,99.20057214275431,100.81758539490316,64.00000000000001,100.0,1.110264916052524,0.3519226962835498,0.008606593951493297,0.004504827930038511
546,100.03923922642697,99.80940954095412,100.46126641666311,100.71272726342148,99.20057214275431,100.81758539490316,64.00000000000001,100.0,1.110264916052524,0.3519226962835498,0.008606593951493297,0.004504827930038511
547,100.02376242507167,99.80940954095412,100.3247366349766,100.71272726342148,99.20057214275431,100.81758539490316,64.00000000000001,100.0,1.110264916052524,0.3519226962835498,0.008606593951493297,0.004504827930038511
548,99.89636940328089,99.80940954095412,100.19696028413327,100.71272726342148,99.20057214275431,100.81758539490316,64.00000000000001,100.0,1.110264916052524,0.3519226962835498,0.008606593951493297,0.004504827930038511
549,100.00593691591234,99.80940954095412,100.25833339843771,100.71272726342148,99.20057214275431,100.81758539490316,64.00000000000001,100.0,1.110264916052524,0.3519226962835498,0.008606593951493297,0.004504827930038511
550,100.02648508545548,99.80940954095412,100.25833339843771,100.71272726342148,99.20057214275431,100.81758539490316,64.00000000000001,100.0,1.110264916052524,0.3519226962835498,0.008606593951493297,0.004504827930038511
551,99.98844901960375,99.80940954095412,100.31721070726697,100.71272726342148,99.20057214275431,100.81758539490316,64.00000000000001,100.0,1.110264916052524,0.3519226962835498,0.008606593951493297,0.004504827930038511
552,99.96018438191376,99.80940954095412,100.26096728376505,100.71272726342148,99.20057214275431,100.81758539490316,64.00000000000001,100.0,1.110264916052524,0.3519226962835498,0.008606593951493297,0.004504827930038511
553,99.97532127122385,99.80940954095412,100.22608068203898,100.71272726342148,99.20057214275431,100.81758539490316,64.00000000000001,100.0,1.110264916052524,0.3519226962835498,0.008606593951493297,0.004504827930038511
554,100.12416174478834,99.80940954095412,100.10406474325659,100.71272726342148,99.20057214275431,100.81758539490316,64.00000000000001,100.0,1.110264916052524,0.3519226962835498,0.008606593951493297,0.004504827930038511
555,100.21904182606082,99.80940954095412,99.70122194607676,100.71272726342148,99.20057214275431,100.81758539490316,64.00000000000001,100.0,1.110264916052524,0.3519226962835498,0.008606593951493297,0.004504827930038511
556,100.29803467296408,99.80940954095412,99.99714056894518,100.71272726342148,99.20057214275431,100.81758539490316,64.00000000000001,100.0,1.110264916052524,0.3519226962835498,0.008606593951493297,0.004504827930038511
557,100.30980445009085,99.80940954095412,100.00887503674058,100.71272726342148,99.20057214275431,100.81758539490316,64.00000000000001,100.0,1.110264916052524,0.3519226962835498,0.008606593951493297,0.004504827930038511
558,100.07639182352872,99.71005970294942,99.37002539704166,100.6825361848268,93.12760040159952,106.76026594457214,67.00000000000001,100.0,1.027158008482608,0.3167304266551948,0.008672545648158397,0.004852856352147675
559,100.14939670787251,100.13015795131761,100.83814896713498,100.53709138937818,99.13493005532742,100.81173158681084,67.00000000000001,98.0,1.2174885868871195,0.29264361183215326,0.008200288694452938,0.0020279016102406184
560,100.08999893007771,100.13015795131761,100.07485011286887,100.53709138937818,99.13493005532742,100.81173158681084,67.00000000000001,98.0,1.2174885868871195,0.29264361183215326,0.008200288694452938,0.0020279016102406184
561,100.11633170170647,100.13015795131761,100.07485011286887,100.53709138937818,99.13493005532742,100.81173158681084,67.00000000000001,98.0,1.2174885868871195,0.29264361183215326,0.008200288694452938,0.0020279016102406184
562,100.09442420618248,100.13015795131761,100.32426069121169,100.53709138937818,99.13493005532742,100.81173158681084,67.00000000000001,98.0,1.2174885868871195,0.29264361183215326,0.008200288694452938,0.0020279016102406184
563,100.07810278599992,100.13015795131761,99.93171322388679,100.53709138937818,99.13493005532742,100.81173158681084,67.00000000000001,98.0,1.2174885868871195,0.29264361183215326,0.008200288694452938,0.0020279016102406184
564,100.06295081780611,99.69472027273228,99.35473827782027,100.51561267677522,95.56522947322958,104.57740764819191,61.000000000000014,95.99999999999999,1.128149809950197,0.20016823049319285,0.007751224672841759,0.004100150036961252
565,100.07307954460099,99.69472027273228,99.52778626259916,100.51561267677522,95.56522947322958,104.57740764819191,61.000000000000014,95.99999999999999,1.128149809950197,0.20016823049319285,0.007751224672841759,0.004100150036961252
566,100.21186604505041,99.69472027273228,99.91123044691528,100.51561267677522,95.56522947322958,104.57740764819191,61.000000000000014,95.99999999999999,1.128149809950197,0.20016823049319285,0.007751224672841759,0.004100150036961252
567,100.38193253084088,99.69472027273228,100.08078673324837,100.51561267677522,95.56522947322958,104.57740764819191,61.000000000000014,95.99999999999999,1.128149809950197,0.20016823049319285,0.007751224672841759,0.004100150036961252
568,100.32881498910665,99.69472027273228,99.76608905139432,100.51561267677522,95.56522947322958,104.57740764819191,61.000000000000014,95.99999999999999,1.128149809950197,0.20016823049319285,0.007751224672841759,0.004100150036961252
569,100.44287513342888,99.69472027273228,100.16163067757671,100.51561267677522,95.56522947322958,104.57740764819191,61.000000000000014,95.99999999999999,1.128149809950197,0.20016823049319285,0.007751224672841759,0.004100150036961252
570,100.47936390080791,99.69472027273228,100.24273153289832,100.51561267677522,95.56522947322958,104.57740764819191,61.000000000000014,95.99999999999999,1.128149809950197,0.20016823049319285,0.007751224672841759,0.004100150036961252
571,100.42212587416958,99.69472027273228,99.81297784936915,100.51561267677522,95.56522947322958,104.57740764819191,61.000000000000014,95.99999999999999,1.128149809950197,0.20016823049319285,0.007751224672841759,0.004100150036961252
572,100.32984336435432,99.69472027273228,99.97718243113839,100.51561267677522,95.56522947322958,104.57740764819191,61.000000000000014,95.99999999999999,1.128149809950197,0.20016823049319285,0.007751224672841759,0.004100150036961252
573,100.49560081446086,99.69472027273228,100.19411401201747,100.51561267677522,95.56522947322958,104.57740764819191,61.000000000000014,95.99999999999999,1.128149809950197,0.20016823049319285,0.007751224672841759,0.004100150036961252
574,100.45107671232249,99.69472027273228,100.16400213085491,100.51561267677522,95.56522947322958,104.57740764819191,61.000000000000014,95.99999999999999,1.128149809950197,0.20016823049319285,0.007751224672841759,0.004100150036961252
575,100.40751127797174,99.69472027273228,100.16400213085491,100.51561267677522,95.56522947322958,104.57740764819191,61.000000000000014,95.99999999999999,1.128149809950197,0.20016823049319285,0.007751224672841759,0.004100150036961252
576,100.4484086069722,99.69472027273228,100.16400213085491,100.51561267677522,95.56522947322958,104.57740764819191,61.000000000000014,95.99999999999999,1.128149809950197,0.20016823049319285,0.007751224672841759,0.004100150036961252
577,100.44023872514875,99.69472027273228,100.16400213085491,100.51561267677522,95.56522947322958,104.57740764819191,61.000000000000014,95.99999999999999,1.128149809950197,0.20016823049319285,0.007751224672841759,0.004100150036961252
578,100.36988738828475,99.69472027273228,99.86976795137232,100.51561267677522,95.56522947322958,104.57740764819191,61.000000000000014,95.99999999999999,1.128149809950197,0.20016823049319285,0.007751224672841759,0.004100150036961252
579,100.28285108303692,100.09862761921651,100.76568228630738,100.65643308580836,99.48802599073927,101.0688889531669,58.000000000000014,95.99999999999999,1.0432311584875147,0.28015140744387357,0.007619576551777842,0.0027785375105011693
580,100.11473434033184,100.09862761921651,100.4159822871934,100.65643308580836,99.48802599073927,101.0688889531669,58.000000000000014,95.99999999999999,1.0432311584875147,0.28015140744387357,0.007619576551777842,0.0027785375105011693
581,100.10511696850168,100.09862761921651,100.40633597643095,100.65643308580836,99.48802599073927,101.0688889531669,58.000000000000014,95.99999999999999,1.0432311584875147,0.28015140744387357,0.007619576551777842,0.0027785375105011693
582,100.04175911610285,99.57093994524811,99.29130240076798,100.64497931335193,96.89639425867757,103.77211998399332,56.000000000000014,100.0,0.9864393324751801,0.25213626669948624,0.007806136787398479,0.005364405448282974
583,99.9968897924165,99.57093994524811,99.69689912303926,100.64497931335193,96.89639425867757,103.77211998399332,56.000000000000014,100.0,0.9864393324751801,0.25213626669948624,0.007806136787398479,0.005364405448282974
584,99.95740071176493,99.57093994524811,99.69689912303926,100.64497931335193,96.89639425867757,103.77211998399332,56.000000000000014,100.0,0.9864393324751801,0.25213626669948624,0.007806136787398479,0.005364405448282974
585,99.98568639433353,99.57093994524811,99.70693282625976,100.64497931335193,96.89639425867757,103.77211998399332,56.000000000000014,100.0,0.9864393324751801,0.25213626669948624,0.007806136787398479,0.005364405448282974
586,99.95033023078125,99.71989743597652,100.42498761986727,100.50417492838076,99.16146601033505,100.72716912724901,56.000000000000014,100.0,0.9275241858771658,0.32692264002953764,0.007807810864804203,0.00391699900587905
587,100.03212682758857,99.71989743597652,100.33312620620721,100.50417492838076,99.16146601033505,100.72716912724901,56.000000000000014,100.0,0.9275241858771658,0.32692264002953764,0.007807810864804203,0.00391699900587905
588,100.14774415316015,99.78131096862246,100.48683538961274,100.4109614289942,99.22253562719817,100.78920299860854,56.000000000000014,100.0,0.8933222510069926,0.39423037602658384,0.007716770889322444,0.0031452285986401833
589,100.17973778054066,99.78131096862246,100.43024367604947,100.4109614289942,99.22253562719817,100.78920299860854,56.000000000000014,100.0,0.8933222510069926,0.39423037602658384,0.007716770889322444,0.0031452285986401833
590,100.20755260874981,99.78131096862246,100.33214477098711,100.4109614289942,99.22253562719817,100.78920299860854,56.000000000000014,100.0,0.8933222510069926,0.39423037602658384,0.007716770889322444,0.0031452285986401833
591,100.18212025749492,99.78131096862246,100.33214477098711,100.4109614289942,99.22253562719817,100.78920299860854,56.000000000000014,100.0,0.8933222510069926,0.39423037602658384,0.007716770889322444,0.0031452285986401833
592,100.24906239593547,99.78131096862246,100.33214477098711,100.4109614289942,99.22253562719817,100.78920299860854,56.000000000000014,100.0,0.8933222510069926,0.39423037602658384,0.007716770889322444,0.0031452285986401833
593,100.27463979225966,99.78131096862246,100.33214477098711,100.4109614289942,99.22253562719817,100.78920299860854,56.000000000000014,100.0,0.8933222510069926,0.39423037602658384,0.007716770889322444,0.0031452285986401833
594,100.32835226827659,99.78131096862246,100.29944515404492,100.4109614289942,99.22253562719817,100.78920299860854,56.000000000000014,100.0,0.8933222510069926,0.39423037602658384,0.007716770889322444,0.0031452285986401833
595,100.31302352879196,99.78131096862246,100.29944515404492,100.4109614289942,99.22253562719817,100.78920299860854,56.000000000000014,100.0,0.8933222510069926,0.39423037602658384,0.007716770889322444,0.0031452285986401833
596,100.28504117279599,99.78131096862246,100.29944515404492,100.4109614289942,99.22253562719817,100.78920299860854,56.000000000000014,100.0,0.8933222510069926,0.39423037602658384,0.007716770889322444,0.0031452285986401833
597,100.20410666792716,99.59689847991667,99.87712085341462,100.39869242281002,94.73320157855778,105.56552632788782,56.000000000000014,100.0,0.830745359815322,0.3548073384239255,0.00773485418495119,0.0040090580961023295
598,100.10977552930751,99.59689847991667,100.15076557829559,100.39869242281002,94.73320157855778,105.56552632788782,56.000000000000014,100.0,0.830745359815322,0.3548073384239255,0.00773485418495119,0.0040090580961023295
599,100.04395075101436,99.59689847991667,99.79990226142806,100.39869242281002,94.73320157855778,105.56552632788782,56.000000000000014,100.0,0.830745359815322,0.3548073384239255,0.00773485418495119,0.0040090580961023295
600,100.16381567032069,99.59689847991667,99.86332422330972,100.39869242281002,94.73320157855778,105.56552632788782,56.000000000000014,100.0,0.830745359815322,0.3548073384239255,0.00773485418495119,0.0040090580961023295
601,100.09787284202055,99.59689847991667,99.92033220986171,100.39869242281002,94.73320157855778,105.56552632788782,56.000000000000014,100.0,0.830745359815322,0.3548073384239255,0.00773485418495119,0.0040090580961023295
602,100.23615400489639,99.59689847991667,99.93544554288171,100.39869242281002,94.73320157855778,105.56552632788782,56.000000000000014,100.0,0.830745359815322,0.3548073384239255,0.00773485418495119,0.0040090580961023295
603,100.05557759909415,99.59689847991667,99.93544554288171,100.39869242281002,94.73320157855778,105.56552632788782,56.000000000000014,100.0,0.830745359815322,0.3548073384239255,0.00773485418495119,0.0040090580961023295
604,99.889783832769,99.59689847991667,99.93544554288171,100.39869242281002,94.73320157855778,105.56552632788782,56.000000000000014,100.0,0.830745359815322,0.3548073384239255,0.00773485418495119,0.0040090580961023295
605,99.83965515807782,99.59689847991667,99.93544554288171,100.39869242281002,94.73320157855778,105.56552632788782,56.000000000000014,100.0,0.830745359815322,0.3548073384239255,0.00773485418495119,0.0040090580961023295
606,99.90671444983408,99.59689847991667,99.80821761701473,100.39869242281002,94.73320157855778,105.56552632788782,56.000000000000014,100.0,0.830745359815322,0.3548073384239255,0.00773485418495119,0.0040090580961023295
607,99.70918272126303,99.63646971357964,100.34097000448374,100.26520618152097,99.07850548318359,100.6428987005855,53.000000000000014,100.0,0.7722857310300963,0.4193266045815329,0.0076481916102605916,0.003145228598639968
608,99.6137704172033,99.63646971357964,99.81464918314924,100.26520618152097,99.07850548318359,100.6428987005855,53.000000000000014,100.0,0.7722857310300963,0.4193266045815329,0.0076481916102605916,0.003145228598639968
609,99.66555157885018,99.63646971357964,99.81464918314924,100.26520618152097,99.07850548318359,100.6428987005855,53.000000000000014,100.0,0.7722857310300963,0.4193266045815329,0.0076481916102605916,0.003145228598639968
610,99.6686414009739,99.63646971357964,100.04545059154272,100.26520618152097,99.07850548318359,100.6428987005855,53.000000000000014,100.0,0.7722857310300963,0.4193266045815329,0.0076481916102605916,0.003145228598639968
611,99.66735811683075,100.0473595605432,100.62053453815618,100.2529549848668,96.09331530367187,103.76942411902012,53.000000000000014,100.0,0.7305028725476886,0.3773939441233796,0.007312472459326004,0.0010264358535342663
612,99.85338580115612,100.0473595605432,100.0047555599745,100.2529549848668,96.09331530367187,103.76942411902012,53.000000000000014,100.0,0.7305028725476886,0.3773939441233796,0.007312472459326004,0.0010264358535342663
613,99.74772971977387,100.0473595605432,100.0047555599745,100.2529549848668,96.09331530367187,103.76942411902012,53.000000000000014,100.0,0.7305028725476886,0.3773939441233796,0.007312472459326004,0.0010264358535342663
614,99.76531053435367,100.0473595605432,100.08325720166587,100.2529549848668,96.09331530367187,103.76942411902012,53.000000000000014,100.0,0.7305028725476886,0.3773939441233796,0.007312472459326004,0.0010264358535342663
615,99.79740497082167,100.0473595605432,100.08325720166587,100.2529549848668,96.09331530367187,103.76942411902012,53.000000000000014,100.0,0.7305028725476886,0.3773939441233796,0.007312472459326004,0.0010264358535342663
616,99.88755763149273,100.0473595605432,100.12766934084165,100.2529549848668,96.09331530367187,103.76942411902012,53.000000000000014,100.0,0.7305028725476886,0.3773939441233796,0.007312472459326004,0.0010264358535342663
617,99.9285563630804,100.09941598031018,100.6200264201928,100.39283778257229,99.55448413192997,101.09589321579112,53.000000000000014,100.0,0.7692755280068881,0.33413745778039167,0.0067226750129470115,0.0014635069273505749
618,99.92176654277714,100.09941598031018,100.22243384431007,100.39283778257229,99.55448413192997,101.09589321579112,53.000000000000014,100.0,0.7692755280068881,0.33413745778039167,0.0067226750129470115,0.0014635069273505749
619,99.82758369772041,100.09941598031018,100.12796760052198,100.39283778257229,99.55448413192997,101.09589321579112,53.000000000000014,100.0,0.7692755280068881,0.33413745778039167,0.0067226750129470115,0.0014635069273505749
620,99.68139083911545,100.09941598031018,100.1789348119976,100.39283778257229,99.55448413192997,101.09589321579112,53.000000000000014,100.0,0.7692755280068881,0.33413745778039167,0.0067226750129470115,0.0014635069273505749
621,99.64292463546333,99.90249147648751,100.60887272935156,100.39017066698969,96.91306825912059,103.85131414934412,47.00000000000002,100.0,0.820632118897743,0.22855002112178788,0.006452043379048168,0.0024348330352353944
622,99.61458391868753,99.90249147648751,99.9143268993857,100.39017066698969,96.91306825912059,103.85131414934412,47.00000000000002,100.0,0.820632118897743,0.22855002112178788,0.006452043379048168,0.0024348330352353944
623,99.71434862524131,99.90249147648751,99.77351547703648,100.39017066698969,96.91306825912059,103.85131414934412,47.00000000000002,100.0,0.820632118897743,0.22855002112178788,0.006452043379048168,0.0024348330352353944
624,99.6193628176056,99.90249147648751,99.77351547703648,100.39017066698969,96.91306825912059,103.85131414934412,47.00000000000002,100.0,0.820632118897743,0.22855002112178788,0.006452043379048168,0.0024348330352353944
625,99.57835020742998,99.89569305263556,99.72535937340844,100.38813172752018,94.44391812845492,106.56641207182639,44.00000000000002,100.0,0.7749815493859237,0.2056950190096091,0.006359965871073048,0.0024587041685724784
626,99.65603207227085,99.89569305263556,99.72535937340844,100.38813172752018,94.44391812845492,106.56641207182639,44.00000000000002,100.0,0.7749815493859237,0.2056950190096091,0.006359965871073048,0.0024587041685724784
627,99.5821300426476,99.89569305263556,99.95705219419396,100.38813172752018,94.44391812845492,106.56641207182639,44.00000000000002,100.0,0.7749815493859237,0.2056950190096091,0.006359965871073048,0.0024587041685724784
628,99.54897718859793,99.89569305263556,99.84852275686852,100.38813172752018,94.44391812845492,106.56641207182639,44.00000000000002,100.0,0.7749815493859237,0.2056950190096091,0.006359965871073048,0.0024587041685724784
629,99.62969401004698,99.89569305263556,99.84852275686852,100.38813172752018,94.44391812845492,106.56641207182639,44.00000000000002,100.0,0.7749815493859237,0.2056950190096091,0.006359965871073048,0.0024587041685724784
630,99.32387286866123,99.6513145870326,99.54136830213216,100.36785475479319,93.36444049654155,106.69736713359046,38.00000000000002,100.0,0.8106067598393388,0.14069539300257264,0.006178162625156766,0.003582357481627377
631,99.32271468392639,99.6513145870326,99.54136830213216,100.36785475479319,93.36444049654155,106.69736713359046,38.00000000000002,100.0,0.8106067598393388,0.14069539300257264,0.006178162625156766,0.003582357481627377
632,99.46228841375539,99.38853546886398,99.36859794921128,100.33749354563659,93.26876965622758,106.41600767373316,29.00000000000002,100.0,1.2242953004713535,0.07313909309845737,0.006038092993660675,0.004751298974174823
633,99.47978375860411,99.40038187410853,100.10321285705676,100.19711933954474,99.11212076667361,100.40442613546317,26.00000000000002,100.0,1.2063516764336453,0.16582518378861164,0.006154816435091597,0.003991720640747742
634,99.46180734723916,99.40038187410853,99.69399262147388,100.19711933954474,99.11212076667361,100.40442613546317,26.00000000000002,100.0,1.2063516764336453,0.16582518378861164,0.006154816435091597,0.003991720640747742
635,99.29381004537908,99.3984017828992,99.4382807806055,100.1838628681841,97.40166377915692,102.16761421252102,26.00000000000002,100.0,1.1498435423189537,0.14924266540975048,0.0062577929432356865,0.003935525466945036
636,99.22466516563995,99.50004392602081,100.20357959014423,100.20033463058944,99.24134381181315,100.50509487476849,26.00000000000002,100.0,1.1378560589334374,0.23431839886877545,0.006303131925031558,0.0035067069458263596
637,99.24439065906994,98.98127481501001,99.0209864598706,100.19044544284613,97.99813381990246,101.7801083195742,29.00000000000002,100.0,1.1268275742187626,0.2108865589818979,0.006653472426351809,0.006070995552333733
638,99.16275404355343,98.73648690792766,98.74639026669473,100.18085386326001,96.70271619138066,103.14354206521068,32.00000000000002,100.0,1.1166813682812617,0.1897979030837081,0.007125616373067372,0.007261141485868737
639,99.28481234450881,98.73648690792766,99.1750771527699,100.18085386326001,96.70271619138066,103.14354206521068,32.00000000000002,100.0,1.1166813682812617,0.1897979030837081,0.007125616373067372,0.007261141485868737
640,99.15125107099522,98.96339237467748,99.66313353288226,100.04069879928822,98.64670951907851,99.96302260068433,35.00000000000002,100.0,1.067346858818761,0.2708181127753373,0.007347704396222484,0.005413488829578761
641,99.11316484668953,98.96339237467748,99.41139904382099,100.04069879928822,98.64670951907851,99.96302260068433,35.00000000000002,100.0,1.067346858818761,0.2708181127753373,0.007347704396222484,0.005413488829578761
642,99.27465887051753,98.96339237467748,99.41139904382099,100.04069879928822,98.64670951907851,99.96302260068433,35.00000000000002,100.0,1.067346858818761,0.2708181127753373,0.007347704396222484,0.005413488829578761
643,98.96121209601424,98.96339237467748,99.1439285728182,100.04069879928822,98.64670951907851,99.96302260068433,35.00000000000002,100.0,1.067346858818761,0.2708181127753373,0.007347704396222484,0.005413488829578761
644,98.95625983466267,98.96339237467748,99.23970257007372,100.04069879928822,98.64670951907851,99.96302260068433,35.00000000000002,100.0,1.067346858818761,0.2708181127753373,0.007347704396222484,0.005413488829578761
645,99.07366687749187,98.96339237467748,99.23970257007372,100.04069879928822,98.64670951907851,99.96302260068433,35.00000000000002,100.0,1.067346858818761,0.2708181127753373,0.007347704396222484,0.005413488829578761
646,99.1657729255758,98.96339237467748,99.08046586957695,100.04069879928822,98.64670951907851,99.96302260068433,35.00000000000002,100.0,1.067346858818761,0.2708181127753373,0.007347704396222484,0.005413488829578761
647,99.14890019925684,99.34736302748777,100.04981912970231,100.02490532259762,98.99964725689158,100.35087174493715,38.00000000000002,100.0,0.9933876815418315,0.34373630149780354,0.007314649041027099,0.0033983778221358227
648,99.23791302822005,99.34736302748777,99.3879109745448,100.02490532259762,98.99964725689158,100.35087174493715,38.00000000000002,100.0,0.9933876815418315,0.34373630149780354,0.007314649041027099,0.0033983778221358227
649,99.42891402627305,98.86597590595296,99.20280964456524,100.0143291976259,96.97249050374984,102.4486517058792,41.00000000000002,100.0,0.9539166670184851,0.3093626713480232,0.007568668907274703,0.005774092568265421
650,99.30034028885662,98.86597590595296,99.20280964456524,100.0143291976259,96.97249050374984,102.4486517058792,41.00000000000002,100.0,0.9539166670184851,0.3093626713480232,0.007568668907274703,0.005774092568265421
651,99.24393550630892,98.86597590595296,99.20280964456524,100.0143291976259,96.97249050374984,102.4486517058792,41.00000000000002,100.0,0.9539166670184851,0.3093626713480232,0.007568668907274703,0.005774092568265421
652,99.2151070237745,98.86597590595296,99.3481052030273,100.0143291976259,96.97249050374984,102.4486517058792,41.00000000000002,100.0,0.9539166670184851,0.3093626713480232,0.007568668907274703,0.005774092568265421
653,99.17044758432998,98.86597590595296,99.3481052030273,100.0143291976259,96.97249050374984,102.4486517058792,41.00000000000002,100.0,0.9539166670184851,0.3093626713480232,0.007568668907274703,0.005774092568265421
654,99.14410306268753,99.44847876500197,100.15164982697674,100.11223846349685,99.04074000206548,100.45300885353736,44.00000000000002,100.0,0.8936033336570064,0.37842640421322093,0.007513682723916475,0.0033261039933769315
655,99.11439195661355,99.44847876500197,99.412629846152,100.11223846349685,99.04074000206548,100.45300885353736,44.00000000000002,100.0,0.8936033336570064,0.37842640421322093,0.007513682723916475,0.0033261039933769315
656,99.07376181677587,99.44847876500197,99.64391780040386,100.11223846349685,99.04074000206548,100.45300885353736,44.00000000000002,100.0,0.8936033336570064,0.37842640421322093,0.007513682723916475,0.0033261039933769315
657,99.1631713161492,99.44847876500197,99.65201600462625,100.11223846349685,99.04074000206548,100.45300885353736,44.00000000000002,100.0,0.8936033336570064,0.37842640421322093,0.007513682723916475,0.0033261039933769315
658,99.06244053229682,99.09295182287732,99.07786210282391,100.10118284271823,96.10838352232463,103.51792390699585,47.00000000000002,100.0,0.8421150669644459,0.34058376379189886,0.007670252915879949,0.005061549736559783
659,98.88350404275502,99.09295182287732,98.96003060481803,100.10118284271823,96.10838352232463,103.51792390699585,47.00000000000002,100.0,0.8421150669644459,0.34058376379189886,0.007670252915879949,0.005061549736559783
660,99.0303536626688,99.0337547096508,98.86489073471957,100.09046005707047,94.04579064551415,105.78825765619659,50.00000000000002,100.0,0.8147458616072903,0.30652538741270896,0.007846855479070923,0.005306764667760823
661,98.9892801056064,99.02868113233093,98.8300278100996,100.06058987931965,92.62152546306913,106.03070909118263,53.000000000000014,100.0,0.8295661926787071,0.2758728486714381,0.007998027233174405,0.005183145941241203
662,99.00324160795506,99.02868113233093,98.8300278100996,100.06058987931965,92.62152546306913,106.03070909118263,53.000000000000014,100.0,0.8295661926787071,0.2758728486714381,0.007998027233174405,0.005183145941241203
663,99.01132495621256,99.02868113233093,98.8300278100996,100.06058987931965,92.62152546306913,106.03070909118263,53.000000000000014,100.0,0.8295661926787071,0.2758728486714381,0.007998027233174405,0.005183145941241203
664,99.23959415968257,99.02868113233093,98.94187537720353,100.06058987931965,92.62152546306913,106.03070909118263,53.000000000000014,100.0,0.8295661926787071,0.2758728486714381,0.007998027233174405,0.005183145941241203
665,99.30179263941235,99.02868113233093,99.00388726149413,100.06058987931965,92.62152546306913,106.03070909118263,53.000000000000014,100.0,0.8295661926787071,0.2758728486714381,0.007998027233174405,0.005183145941241203
666,98.99034117256348,98.97329957946323,98.74497601975133,100.02949313131302,92.54181662619055,105.97141167094044,56.000000000000014,100.0,0.7792008972644106,0.24828556380429428,0.008155043275767842,0.005307430802666174
667,98.73824344399716,98.97329957946323,99.26758809159469,100.02949313131302,92.54181662619055,105.97141167094044,56.000000000000014,100.0,0.7792008972644106,0.24828556380429428,0.008155043275767842,0.005307430802666174
668,98.79750263871992,98.97329957946323,99.09478699971906,100.02949313131302,92.54181662619055,105.97141167094044,56.000000000000014,100.0,0.7792008972644106,0.24828556380429428,0.008155043275767842,0.005307430802666174
669,98.85684510325575,98.97329957946323,99.36752349148956,100.02949313131302,92.54181662619055,105.97141167094044,56.000000000000014,100.0,0.7792008972644106,0.24828556380429428,0.008155043275767842,0.005307430802666174
670,98.87883798286552,98.97329957946323,99.02366292316468,100.02949313131302,92.54181662619055,105.97141167094044,56.000000000000014,100.0,0.7792008972644106,0.24828556380429428,0.008155043275767842,0.005307430802666174
671,99.00693443390722,98.97329957946323,99.02366292316468,100.02949313131302,92.54181662619055,105.97141167094044,56.000000000000014,100.0,0.7792008972644106,0.24828556380429428,0.008155043275767842,0.005307430802666174
672,98.93009867523321,98.97329957946323,99.02366292316468,100.02949313131302,92.54181662619055,105.97141167094044,56.000000000000014,100.0,0.7792008972644106,0.24828556380429428,0.008155043275767842,0.005307430802666174
673,98.97191549848006,98.97329957946323,99.02366292316468,100.02949313131302,92.54181662619055,105.97141167094044,56.000000000000014,100.0,0.7792008972644106,0.24828556380429428,0.008155043275767842,0.005307430802666174
674,98.84758741025998,98.97329957946323,99.02366292316468,100.02949313131302,92.54181662619055,105.97141167094044,56.000000000000014,100.0,0.7792008972644106,0.24828556380429428,0.008155043275767842,0.005307430802666174
675,98.84688556274656,98.97329957946323,99.1762890147483,100.02949313131302,92.54181662619055,105.97141167094044,56.000000000000014,100.0,0.7792008972644106,0.24828556380429428,0.008155043275767842,0.005307430802666174
676,98.90946179145254,98.97329957946323,99.2778905649629,100.02949313131302,92.54181662619055,105.97141167094044,56.000000000000014,100.0,0.7792008972644106,0.24828556380429428,0.008155043275767842,0.005307430802666174
677,98.92883127575688,98.97329957946323,99.22651080818143,100.02949313131302,92.54181662619055,105.97141167094044,56.000000000000014,100.0,0.7792008972644106,0.24828556380429428,0.008155043275767842,0.005307430802666174
678,98.90398142775061,98.97329957946323,99.20158618630954,100.02949313131302,92.54181662619055,105.97141167094044,56.000000000000014,100.0,0.7792008972644106,0.24828556380429428,0.008155043275767842,0.005307430802666174
679,98.85220154445803,98.97329957946323,98.95487347997373,100.02949313131302,92.54181662619055,105.97141167094044,56.000000000000014,100.0,0.7792008972644106,0.24828556380429428,0.008155043275767842,0.005307430802666174
680,98.87487274600848,98.97329957946323,98.95487347997373,100.02949313131302,92.54181662619055,105.97141167094044,56.000000000000014,100.0,0.7792008972644106,0.24828556380429428,0.008155043275767842,0.005307430802666174
681,98.8357683565303,98.79806951837377,98.54042159385243,99.9935701162535,92.35011230932662,105.78379160553152,59.000000000000014,100.0,0.722198158816591,0.22345700742386487,0.008387409867711049,0.006013837403207821
682,98.8755812699682,98.79806951837377,99.19347879607514,99.9935701162535,92.35011230932662,105.78379160553152,59.000000000000014,100.0,0.722198158816591,0.22345700742386487,0.008387409867711049,0.006013837403207821
683,98.84922565123037,98.79806951837377,99.14666564817487,99.9935701162535,92.35011230932662,105.78379160553152,59.000000000000014,100.0,0.722198158816591,0.22345700742386487,0.008387409867711049,0.006013837403207821
684,98.77941172547891,98.79806951837377,99.07664165043019,99.9935701162535,92.35011230932662,105.78379160553152,59.000000000000014,100.0,0.722198158816591,0.22345700742386487,0.008387409867711049,0.006013837403207821
685,98.57331783430108,98.61173843482513,98.32490388972884,99.95262394677553,92.1481334273761,105.58428559688349,62.000000000000014,100.0,0.6844223061112638,0.2011113066814784,0.008694525732257898,0.0067529011544048894
686,98.53473339797955,98.61173843482513,98.32490388972884,99.95262394677553,92.1481334273761,105.58428559688349,62.000000000000014,100.0,0.6844223061112638,0.2011113066814784,0.008694525732257898,0.0067529011544048894
687,98.62005902629865,98.61173843482513,98.5426985321481,99.95262394677553,92.1481334273761,105.58428559688349,62.000000000000014,100.0,0.6844223061112638,0.2011113066814784,0.008694525732257898,0.0067529011544048894
688,98.52188551452264,98.61173843482513,98.3927073959223,99.95262394677553,92.1481334273761,105.58428559688349,62.000000000000014,100.0,0.6844223061112638,0.2011113066814784,0.008694525732257898,0.0067529011544048894
689,98.57041220110492,98.61173843482513,98.91362876514107,99.95262394677553,92.1481334273761,105.58428559688349,62.000000000000014,100.0,0.6844223061112638,0.2011113066814784,0.008694525732257898,0.0067529011544048894
690,98.57705836348678,98.61173843482513,98.78989791973561,99.95262394677553,92.1481334273761,105.58428559688349,62.000000000000014,100.0,0.6844223061112638,0.2011113066814784,0.008694525732257898,0.0067529011544048894
691,98.55088635742399,98.61173843482513,98.59073207792106,99.95262394677553,92.1481334273761,105.58428559688349,62.000000000000014,100.0,0.6844223061112638,0.2011113066814784,0.008694525732257898,0.0067529011544048894
692,98.43915328766836,98.61173843482513,99.04745702791223,99.95262394677553,92.1481334273761,105.58428559688349,62.000000000000014,100.0,0.6844223061112638,0.2011113066814784,0.008694525732257898,0.0067529011544048894
693,98.41872159875153,98.13627306259917,97.82129204574828,99.89798382642884,91.6761584794344,105.07520146096479,65.00000000000001,100.0,0.6396685216223627,0.18100017601333054,0.009240401147222743,0.008895989974183343
694,98.4044535067651,98.13627306259917,98.10924014624477,99.89798382642884,91.6761584794344,105.07520146096479,65.00000000000001,100.0,0.6396685216223627,0.18100017601333054,0.009240401147222743,0.008895989974183343
695,98.44003111022123,98.13627306259917,98.14471101689057,99.89798382642884,91.6761584794344,105.07520146096479,65.00000000000001,100.0,0.6396685216223627,0.18100017601333054,0.009240401147222743,0.008895989974183343
696,98.57175468520344,98.13627306259917,98.33217824872253,99.89798382642884,91.6761584794344,105.07520146096479,65.00000000000001,100.0,0.6396685216223627,0.18100017601333054,0.009240401147222743,0.008895989974183343
697,98.63959442009279,98.13627306259917,98.35049934906581,99.89798382642884,91.6761584794344,105.07520146096479,65.00000000000001,100.0,0.6396685216223627,0.18100017601333054,0.009240401147222743,0.008895989974183343
698,98.65999238853195,98.13627306259917,98.42034953174726,99.89798382642884,91.6761584794344,105.07520146096479,65.00000000000001,100.0,0.6396685216223627,0.18100017601333054,0.009240401147222743,0.008895989974183343
699,98.67157977946943,98.13627306259917,97.98171181040883,99.89798382642884,91.6761584794344,105.07520146096479,65.00000000000001,100.0,0.6396685216223627,0.18100017601333054,0.009240401147222743,0.008895989974183343
700,98.69858761016651,98.13627306259917,98.66701023709615,99.89798382642884,91.6761584794344,105.07520146096479,65.00000000000001,100.0,0.6396685216223627,0.18100017601333054,0.009240401147222743,0.008895989974183343
701,98.78013127576918,98.13627306259917,98.66701023709615,99.89798382642884,91.6761584794344,105.07520146096479,65.00000000000001,100.0,0.6396685216223627,0.18100017601333054,0.009240401147222743,0.008895989974183343
702,98.72244814320443,97.73570935270453,97.36319611745854,99.8184870512141,91.36000639540974,104.64631506451195,68.00000000000001,100.0,0.6884039088939853,0.12380412039311808,0.009943208159520604,0.010542816788619964
703,98.72186300208756,97.73570935270453,98.42569741308132,99.8184870512141,91.36000639540974,104.64631506451195,68.00000000000001,100.0,0.6884039088939853,0.12380412039311808,0.009943208159520604,0.010542816788619964
704,98.68731831791992,97.73570935270453,98.42569741308132,99.8184870512141,91.36000639540974,104.64631506451195,68.00000000000001,100.0,0.6884039088939853,0.12380412039311808,0.009943208159520604,0.010542816788619964
705,98.64014615202463,97.73570935270453,98.37552049012002,99.8184870512141,91.36000639540974,104.64631506451195,68.00000000000001,100.0,0.6884039088939853,0.12380412039311808,0.009943208159520604,0.010542816788619964
706,98.73657020568142,97.74920450362458,98.44036049506437,99.67883894582536,97.08450991299995,98.73657020568142,71.00000000000001,100.0,0.6533315961824665,0.21142370835380628,0.010519516453621095,0.009773861952366613
707,98.69821532366896,97.74920450362458,98.44036049506437,99.67883894582536,97.08450991299995,98.73657020568142,71.00000000000001,100.0,0.6533315961824665,0.21142370835380628,0.010519516453621095,0.009773861952366613
708,98.9306834425965,97.94137660817054,98.61702572816615,99.6252217965718,94.23843843669847,101.71848863293748,74.00000000000001,100.0,0.6410650684878693,0.19028133751842566,0.010911121163560088,0.008522924431546139
709,98.95172489371564,97.96220764477846,97.96263703087743,99.48584407322797,97.23728730820712,98.95172489371564,77.00000000000001,100.0,0.6697798630088397,0.27125320376658313,0.01118246961812377,0.007716644531015916
710,98.88397241847666,98.03354339813954,98.72670986661126,99.34666134217036,97.27868511397388,99.02378121024198,80.00000000000001,100.0,0.6961974739681326,0.34412788338992484,0.011309861265626131,0.0066527337214917735
711,98.86992557089052,98.03354339813954,98.72670986661126,99.34666134217036,97.27868511397388,99.02378121024198,80.00000000000001,100.0,0.6961974739681326,0.34412788338992484,0.011309861265626131,0.0066527337214917735
712,98.71580834997654,98.03354339813954,98.43722622824662,99.34666134217036,97.27868511397388,99.02378121024198,80.00000000000001,100.0,0.6961974739681326,0.34412788338992484,0.011309861265626131,0.0066527337214917735
713,98.64916435065288,98.1013969099573,98.79504315073478,99.2076733306008,97.31658573467764,99.09232011106798,83.00000000000001,100.0,0.6671683427173486,0.4097150950509324,0.011304095027651583,0.005606819895784426
714,98.71754931269966,98.1013969099573,98.79504315073478,99.2076733306008,97.31658573467764,99.09232011106798,83.00000000000001,100.0,0.6671683427173486,0.4097150950509324,0.011304095027651583,0.005606819895784426
715,98.65341414789376,98.1013969099573,98.79504315073478,99.2076733306008,97.31658573467764,99.09232011106798,83.00000000000001,100.0,0.6671683427173486,0.4097150950509324,0.011304095027651583,0.005606819895784426
716,98.79660035876161,98.1013969099573,98.79504315073478,99.2076733306008,97.31658573467764,99.09232011106798,83.00000000000001,100.0,0.6671683427173486,0.4097150950509324,0.011304095027651583,0.005606819895784426
717,98.56684968451809,98.12640772078592,98.82023080568037,99.06887976610273,97.3119585367034,99.11758355634942,86.00000000000001,100.0,0.6337948752999607,0.46874358554583917,0.011199379799404824,0.004779384220221198
718,98.62380314950327,98.12640772078592,98.82023080568037,99.06887976610273,97.3119585367034,99.11758355634942,86.00000000000001,100.0,0.6337948752999607,0.46874358554583917,0.011199379799404824,0.004779384220221198
719,98.68572000793115,98.12640772078592,98.67121643633094,99.06887976610273,97.3119585367034,99.11758355634942,86.00000000000001,100.0,0.6337948752999607,0.46874358554583917,0.011199379799404824,0.004779384220221198
720,98.72167891293114,98.12640772078592,98.55362779126209,99.06887976610273,97.3119585367034,99.11758355634942,86.00000000000001,100.0,0.6337948752999607,0.46874358554583917,0.011199379799404824,0.004779384220221198
721,98.75421954579605,98.12640772078592,98.55362779126209,99.06887976610273,97.3119585367034,99.11758355634942,86.00000000000001,100.0,0.6337948752999607,0.46874358554583917,0.011199379799404824,0.004779384220221198
722,98.62878192947292,98.12640772078592,98.55362779126209,99.06887976610273,97.3119585367034,99.11758355634942,86.00000000000001,100.0,0.6337948752999607,0.46874358554583917,0.011199379799404824,0.004779384220221198
723,98.59677950053823,98.12640772078592,98.55362779126209,99.06887976610273,97.3119585367034,99.11758355634942,86.00000000000001,100.0,0.6337948752999607,0.46874358554583917,0.011199379799404824,0.004779384220221198
724,98.61475610462769,98.12640772078592,98.55362779126209,99.06887976610273,97.3119585367034,99.11758355634942,86.00000000000001,100.0,0.6337948752999607,0.46874358554583917,0.011199379799404824,0.004779384220221198
725,98.4708745865231,98.12640772078592,98.17746639550529,99.06887976610273,97.3119585367034,99.11758355634942,86.00000000000001,100.0,0.6337948752999607,0.46874358554583917,0.011199379799404824,0.004779384220221198
726,98.58670588932635,98.12640772078592,98.29094577165839,99.06887976610273,97.3119585367034,99.11758355634942,86.00000000000001,100.0,0.6337948752999607,0.46874358554583917,0.011199379799404824,0.004779384220221198
727,98.60116516058842,98.12640772078592,98.30536166510666,99.06887976610273,97.3119585367034,99.11758355634942,86.00000000000001,100.0,0.6337948752999607,0.46874358554583917,0.011199379799404824,0.004779384220221198
728,98.66172941456333,98.12640772078592,98.36574422631962,99.06887976610273,97.3119585367034,99.11758355634942,86.00000000000001,100.0,0.6337948752999607,0.46874358554583917,0.011199379799404824,0.004779384220221198
729,98.76460591303716,98.12640772078592,98.80985065458601,99.06887976610273,97.3119585367034,99.11758355634942,86.00000000000001,100.0,0.6337948752999607,0.46874358554583917,0.011199379799404824,0.004779384220221198
730,98.63731855768823,98.12640772078592,98.80985065458601,99.06887976610273,97.3119585367034,99.11758355634942,86.00000000000001,100.0,0.6337948752999607,0.46874358554583917,0.011199379799404824,0.004779384220221198
731,98.62843791496773,98.12640772078592,98.80985065458601,99.06887976610273,97.3119585367034,99.11758355634942,86.00000000000001,100.0,0.6337948752999607,0.46874358554583917,0.011199379799404824,0.004779384220221198
732,98.73068971687954,98.12640772078592,98.80985065458601,99.06887976610273,97.3119585367034,99.11758355634942,86.00000000000001,100.0,0.6337948752999607,0.46874358554583917,0.011199379799404824,0.004779384220221198
733,98.70556195352096,98.12640772078592,98.61485902380005,99.06887976610273,97.3119585367034,99.11758355634942,86.00000000000001,100.0,0.6337948752999607,0.46874358554583917,0.011199379799404824,0.004779384220221198
734,98.74350078269873,98.12640772078592,98.58324928014285,99.06887976610273,97.3119585367034,99.11758355634942,86.00000000000001,100.0,0.6337948752999607,0.46874358554583917,0.011199379799404824,0.004779384220221198
735,98.76959310177658,98.12640772078592,98.7017019101406,99.06887976610273,97.3119585367034,99.11758355634942,86.00000000000001,100.0,0.6337948752999607,0.46874358554583917,0.011199379799404824,0.004779384220221198
736,98.60942860407316,98.12640772078592,98.7017019101406,99.06887976610273,97.3119585367034,99.11758355634942,86.00000000000001,100.0,0.6337948752999607,0.46874358554583917,0.011199379799404824,0.004779384220221198
737,98.70786836475257,98.12640772078592,98.7017019101406,99.06887976610273,97.3119585367034,99.11758355634942,86.00000000000001,100.0,0.6337948752999607,0.46874358554583917,0.011199379799404824,0.004779384220221198
738,98.63641907387112,98.12640772078592,98.7017019101406,99.06887976610273,97.3119585367034,99.11758355634942,86.00000000000001,100.0,0.6337948752999607,0.46874358554583917,0.011199379799404824,0.004779384220221198
739,98.74494600524902,98.12640772078592,98.48547984927134,99.06887976610273,97.3119585367034,99.11758355634942,86.00000000000001,100.0,0.6337948752999607,0.46874358554583917,0.011199379799404824,0.004779384220221198
740,98.64738861410767,98.12640772078592,98.262108958774,99.06887976610273,97.3119585367034,99.11758355634942,86.00000000000001,100.0,0.6337948752999607,0.46874358554583917,0.011199379799404824,0.004779384220221198
741,98.7558087836544,98.12640772078592,98.45954135730346,99.06887976610273,97.3119585367034,99.11758355634942,86.00000000000001,100.0,0.6337948752999607,0.46874358554583917,0.011199379799404824,0.004779384220221198
742,98.55217275054694,98.12640772078592,98.43087791076833,99.06887976610273,97.3119585367034,99.11758355634942,86.00000000000001,100.0,0.6337948752999607,0.46874358554583917,0.011199379799404824,0.004779384220221198
743,98.69961699741117,98.12640772078592,98.43087791076833,99.06887976610273,97.3119585367034,99.11758355634942,86.00000000000001,100.0,0.6337948752999607,0.46874358554583917,0.011199379799404824,0.004779384220221198
744,98.58458710106008,98.12640772078592,97.80400381890472,99.06887976610273,97.3119585367034,99.11758355634942,86.00000000000001,100.0,0.6337948752999607,0.46874358554583917,0.011199379799404824,0.004779384220221198
745,98.63847954322813,98.12640772078592,98.34256410459842,99.06887976610273,97.3119585367034,99.11758355634942,86.00000000000001,100.0,0.6337948752999607,0.46874358554583917,0.011199379799404824,0.004779384220221198
746,98.5213759444757,98.12640772078592,98.30905738841652,99.06887976610273,97.3119585367034,99.11758355634942,86.00000000000001,100.0,0.6337948752999607,0.46874358554583917,0.011199379799404824,0.004779384220221198
747,98.53948422910203,98.12640772078592,98.30905738841652,99.06887976610273,97.3119585367034,99.11758355634942,86.00000000000001,100.0,0.6337948752999607,0.46874358554583917,0.011199379799404824,0.004779384220221198
748,98.39199155502692,98.12640772078592,98.30905738841652,99.06887976610273,97.3119585367034,99.11758355634942,86.00000000000001,100.0,0.6337948752999607,0.46874358554583917,0.011199379799404824,0.004779384220221198
749,98.39534246764225,98.12640772078592,98.30905738841652,99.06887976610273,97.3119585367034,99.11758355634942,86.00000000000001,100.0,0.6337948752999607,0.46874358554583917,0.011199379799404824,0.004779384220221198
750,98.39700550090147,98.12640772078592,98.37557913660754,99.06887976610273,97.3119585367034,99.11758355634942,86.00000000000001,100.0,0.6337948752999607,0.46874358554583917,0.011199379799404824,0.004779384220221198
751,98.4568370070445,98.12640772078592,98.57281695754946,99.06887976610273,97.3119585367034,99.11758355634942,86.00000000000001,100.0,0.6337948752999607,0.46874358554583917,0.011199379799404824,0.004779384220221198
752,98.52348309673788,98.12640772078592,98.6403210204793,99.06887976610273,97.3119585367034,99.11758355634942,86.00000000000001,100.0,0.6337948752999607,0.46874358554583917,0.011199379799404824,0.004779384220221198
753,98.37572018134173,98.12640772078592,98.6403210204793,99.06887976610273,97.3119585367034,99.11758355634942,86.00000000000001,100.0,0.6337948752999607,0.46874358554583917,0.011199379799404824,0.004779384220221198
754,98.39618726176684,98.12640772078592,98.04848006579816,99.06887976610273,97.3119585367034,99.11758355634942,86.00000000000001,100.0,0.6337948752999607,0.46874358554583917,0.011199379799404824,0.004779384220221198
755,98.49169057741143,98.12640772078592,98.26777057153257,99.06887976610273,97.3119585367034,99.11758355634942,86.00000000000001,100.0,0.6337948752999607,0.46874358554583917,0.011199379799404824,0.004779384220221198
756,98.27697296742669,98.12640772078592,98.26777057153257,99.06887976610273,97.3119585367034,99.11758355634942,86.00000000000001,100.0,0.6337948752999607,0.46874358554583917,0.011199379799404824,0.004779384220221198
757,98.36197823953569,98.12640772078592,98.26777057153257,99.06887976610273,97.3119585367034,99.11758355634942,86.00000000000001,100.0,0.6337948752999607,0.46874358554583917,0.011199379799404824,0.004779384220221198
758,98.30277111370803,98.12640772078592,98.45069188417988,99.06887976610273,97.3119585367034,99.11758355634942,86.00000000000001,100.0,0.6337948752999607,0.46874358554583917,0.011199379799404824,0.004779384220221198
759,98.26370637660602,98.06772070890307,97.51688897773967,99.0354384530049,91.3908780121581,105.00180197114872,89.00000000000001,100.0,0.5849960471807257,0.4218692269912553,0.011116585966822119,0.0049097018445398485
760,98.27733979748619,98.06772070890307,97.92774368673459,99.0354384530049,91.3908780121581,105.00180197114872,89.00000000000001,100.0,0.5849960471807257,0.4218692269912553,0.011116585966822119,0.0049097018445398485
761,98.25748239011949,98.06772070890307,97.84115098515866,99.0354384530049,91.3908780121581,105.00180197114872,89.00000000000001,100.0,0.5849960471807257,0.4218692269912553,0.011116585966822119,0.0049097018445398485
762,98.14382224534762,97.83950792212207,97.23107768228536,98.98794243278886,91.22132577858729,104.75745292671655,95.00000000000001,100.0,0.7119264967902221,0.2885585512620186,0.010792829204357576,0.005834727364480856
763,98.20990661233745,97.97783187852768,98.6706044271637,98.84945627631188,97.04704247568168,98.96750694800775,98.00000000000001,100.0,0.7349723770470044,0.35970269613581674,0.010676667532964689,0.004428371726071407
764,98.05387425532174,97.575990376409,96.91047710202628,98.82394353980499,94.99673283849084,101.10351760017656,100.0,100.0,0.756174586883244,0.32373242652223505,0.010798574840948113,0.00635414248117001
765,98.15471637909955,97.575990376409,98.13074553061976,98.82394353980499,94.99673283849084,101.10351760017656,100.0,100.0,0.756174586883244,0.32373242652223505,0.010798574840948113,0.00635414248117001
766,98.10956979247821,97.575990376409,98.22560231155067,98.82394353980499,94.99673283849084,101.10351760017656,100.0,100.0,0.756174586883244,0.32373242652223505,0.010798574840948113,0.00635414248117001
767,98.22046473527311,97.67392475079768,97.9390437478044,98.68568682113425,96.69718550328969,98.66053005131077,100.0,100.0,0.7223472865992512,0.39135918387001156,0.010768977538771552,0.00515259763572076
768,98.11929645485407,97.67392475079768,97.9390437478044,98.68568682113425,96.69718550328969,98.66053005131077,100.0,100.0,0.7223472865992512,0.39135918387001156,0.010768977538771552,0.00515259763572076
769,98.0483471778357,97.67392475079768,97.9390437478044,98.68568682113425,96.69718550328969,98.66053005131077,100.0,100.0,0.7223472865992512,0.39135918387001156,0.010768977538771552,0.00515259763572076
770,98.15643337190043,97.67392475079768,97.9390437478044,98.68568682113425,96.69718550328969,98.66053005131077,100.0,100.0,0.7223472865992512,0.39135918387001156,0.010768977538771552,0.00515259763572076
771,97.98530402618321,97.67392475079768,97.93447109856405,98.68568682113425,96.69718550328969,98.66053005131077,100.0,100.0,0.7223472865992512,0.39135918387001156,0.010768977538771552,0.00515259763572076
772,98.14960401870944,97.67392475079768,98.00856696576312,98.68568682113425,96.69718550328969,98.66053005131077,100.0,100.0,0.7223472865992512,0.39135918387001156,0.010768977538771552,0.00515259763572076
773,98.1524412959749,97.96559566380785,98.65828169375395,98.53692056153808,96.89946644538556,98.8669181158918,100.0,100.0,1.0281366687002924,0.2612041581429868,0.00965480963926629,0.002907468610096885
774,98.24199402683384,97.96559566380785,98.21159338856178,98.53692056153808,96.89946644538556,98.8669181158918,100.0,100.0,1.0281366687002924,0.2612041581429868,0.00965480963926629,0.002907468610096885
775,98.26924873772579,97.96559566380785,97.90767871110455,98.53692056153808,96.89946644538556,98.8669181158918,100.0,100.0,1.0281366687002924,0.2612041581429868,0.00965480963926629,0.002907468610096885
776,98.27712700532527,97.96559566380785,97.83737090017625,98.53692056153808,96.89946644538556,98.8669181158918,100.0,100.0,1.0281366687002924,0.2612041581429868,0.00965480963926629,0.002907468610096885
777,98.24346719545292,97.96559566380785,97.94873679386657,98.53692056153808,96.89946644538556,98.8669181158918,100.0,100.0,1.0281366687002924,0.2612041581429868,0.00965480963926629,0.002907468610096885
778,98.3851324186459,97.96559566380785,98.14340072052403,98.53692056153808,96.89946644538556,98.8669181158918,100.0,100.0,1.0281366687002924,0.2612041581429868,0.00965480963926629,0.002907468610096885
779,98.46252877764175,97.96559566380785,98.16714119130884,98.53692056153808,96.89946644538556,98.8669181158918,100.0,100.0,1.0281366687002924,0.2612041581429868,0.00965480963926629,0.002907468610096885
780,98.4142940841858,97.96559566380785,98.16714119130884,98.53692056153808,96.89946644538556,98.8669181158918,100.0,100.0,1.0281366687002924,0.2612041581429868,0.00965480963926629,0.002907468610096885
781,98.2210610822246,97.96559566380785,98.16714119130884,98.53692056153808,96.89946644538556,98.8669181158918,100.0,100.0,1.0281366687002924,0.2612041581429868,0.00965480963926629,0.002907468610096885
782,98.3211161602754,97.96559566380785,98.16714119130884,98.53692056153808,96.89946644538556,98.8669181158918,100.0,100.0,1.0281366687002924,0.2612041581429868,0.00965480963926629,0.002907468610096885
783,98.45091325977366,97.96559566380785,98.16714119130884,98.53692056153808,96.89946644538556,98.8669181158918,100.0,100.0,1.0281366687002924,0.2612041581429868,0.00965480963926629,0.002907468610096885
784,98.43852545279373,97.96559566380785,98.30193143300818,98.53692056153808,96.89946644538556,98.8669181158918,100.0,100.0,1.0281366687002924,0.2612041581429868,0.00965480963926629,0.002907468610096885
785,98.48214967338956,97.96559566380785,98.0215401219159,98.53692056153808,96.89946644538556,98.8669181158918,100.0,100.0,1.0281366687002924,0.2612041581429868,0.00965480963926629,0.002907468610096885
786,98.65228000873844,98.582168885147,99.24913902705394,98.52465917061186,91.74056636451779,105.32248956815528,100.0,94.0,0.9575139503824068,0.178663644169803,0.008639738335176752,-0.00029176926594791434
787,98.70723340556037,98.59226929265046,99.22924741043056,98.66269029269108,97.60634659972395,99.52783090313997,100.0,91.0,0.9609128343518143,0.2607972797528227,0.00816419463274568,0.0003570049654956765
788,98.65566746534907,98.59226929265046,98.95252504047049,98.66269029269108,97.60634659972395,99.52783090313997,100.0,91.0,0.9609128343518143,0.2607972797528227,0.00816419463274568,0.0003570049654956765
789,98.5112330702899,98.59226929265046,98.17069427342501,98.66269029269108,97.60634659972395,99.52783090313997,100.0,91.0,0.9609128343518143,0.2607972797528227,0.00816419463274568,0.0003570049654956765
790,98.4427911047974,98.59226929265046,98.00956518601828,98.66269029269108,97.60634659972395,99.52783090313997,100.0,91.0,0.9609128343518143,0.2607972797528227,0.00816419463274568,0.0003570049654956765
791,98.56739923279481,98.59226929265046,98.27169703509641,98.66269029269108,97.60634659972395,99.52783090313997,100.0,91.0,0.9609128343518143,0.2607972797528227,0.00816419463274568,0.0003570049654956765
792,98.63922857888765,98.59226929265046,98.343310893151,98.66269029269108,97.60634659972395,99.52783090313997,100.0,91.0,0.9609128343518143,0.2607972797528227,0.00816419463274568,0.0003570049654956765
793,98.7899219802551,98.59226929265046,98.49355221431433,98.66269029269108,97.60634659972395,99.52783090313997,100.0,91.0,0.9609128343518143,0.2607972797528227,0.00816419463274568,0.0003570049654956765
794,98.68344902480791,98.59226929265046,98.49355221431433,98.66269029269108,97.60634659972395,99.52783090313997,100.0,91.0,0.9609128343518143,0.2607972797528227,0.00816419463274568,0.0003570049654956765
795,98.79006619685138,98.59226929265046,98.56821528157633,98.66269029269108,97.60634659972395,99.52783090313997,100.0,91.0,0.9609128343518143,0.2607972797528227,0.00816419463274568,0.0003570049654956765
796,98.8277576920897,98.59226929265046,98.56821528157633,98.66269029269108,97.60634659972395,99.52783090313997,100.0,91.0,0.9609128343518143,0.2607972797528227,0.00816419463274568,0.0003570049654956765
797,98.70780867952834,98.59226929265046,98.35626727340727,98.66269029269108,97.60634659972395,99.52783090313997,100.0,91.0,0.9609128343518143,0.2607972797528227,0.00816419463274568,0.0003570049654956765
798,98.59667075953354,98.71756379025878,99.32527106558484,98.6596802924363,92.46104098746845,105.06639180892675,100.0,88.0,0.8913125348763965,0.23471755177754042,0.007709534549283653,-0.00029326327911545773
799,98.65380391815486,98.71756379025878,98.95065588581231,98.6596802924363,92.46104098746845,105.06639180892675,100.0,88.0,0.8913125348763965,0.23471755177754042,0.007709534549283653,-0.00029326327911545773
800,98.58498290420823,98.71756379025878,98.88162778757093,98.6596802924363,92.46104098746845,105.06639180892675,100.0,88.0,0.8913125348763965,0.23471755177754042,0.007709534549283653,-0.00029326327911545773
801,98.61268642449214,98.2051741556978,97.51566942240808,98.63888583431383,91.38973506929239,105.021675348103,100.0,88.0,0.8466741987529515,0.21124579659978637,0.007511362050575822,0.0022033262199428966
802,98.55324782829479,98.2051741556978,98.25758808480988,98.63888583431383,91.38973506929239,105.021675348103,100.0,88.0,0.8466741987529515,0.21124579659978637,0.007511362050575822,0.0022033262199428966
803,98.5800093456944,98.2051741556978,98.28426931765732,98.63888583431383,91.38973506929239,105.021675348103,100.0,88.0,0.8466741987529515,0.21124579659978637,0.007511362050575822,0.0022033262199428966
804,98.74762541096561,98.2051741556978,98.45138253473273,98.63888583431383,91.38973506929239,105.021675348103,100.0,88.0,0.8466741987529515,0.21124579659978637,0.007511362050575822,0.0022033262199428966
805,98.61888908340416,98.2051741556978,98.45138253473273,98.63888583431383,91.38973506929239,105.021675348103,100.0,88.0,0.8466741987529515,0.21124579659978637,0.007511362050575822,0.0022033262199428966
806,98.71530184712503,98.2051741556978,98.45138253473273,98.63888583431383,91.38973506929239,105.021675348103,100.0,88.0,0.8466741987529515,0.21124579659978637,0.007511362050575822,0.0022033262199428966
807,98.71211080760071,98.2051741556978,98.45138253473273,98.63888583431383,91.38973506929239,105.021675348103,100.0,88.0,0.8466741987529515,0.21124579659978637,0.007511362050575822,0.0022033262199428966
808,98.74876919294728,98.2051741556978,98.45252288536844,98.63888583431383,91.38973506929239,105.021675348103,100.0,88.0,0.8466741987529515,0.21124579659978637,0.007511362050575822,0.0022033262199428966
809,98.56146503656437,98.2051741556978,98.45252288536844,98.63888583431383,91.38973506929239,105.021675348103,100.0,88.0,0.8466741987529515,0.21124579659978637,0.007511362050575822,0.0022033262199428966
810,98.72341872487948,98.2051741556978,98.45252288536844,98.63888583431383,91.38973506929239,105.021675348103,100.0,88.0,0.8466741987529515,0.21124579659978637,0.007511362050575822,0.0022033262199428966
811,98.818038358347,98.2051741556978,98.52158424327196,98.63888583431383,91.38973506929239,105.021675348103,100.0,88.0,0.8466741987529515,0.21124579659978637,0.007511362050575822,0.0022033262199428966
812,98.8570880806474,98.2051741556978,98.56051681640545,98.63888583431383,91.38973506929239,105.021675348103,100.0,88.0,0.8466741987529515,0.21124579659978637,0.007511362050575822,0.0022033262199428966
813,98.75278315322805,98.2051741556978,98.56051681640545,98.63888583431383,91.38973506929239,105.021675348103,100.0,88.0,0.8466741987529515,0.21124579659978637,0.007511362050575822,0.0022033262199428966
814,98.79750571262153,98.2051741556978,97.89990664800165,98.63888583431383,91.38973506929239,105.021675348103,100.0,88.0,0.8466741987529515,0.21124579659978637,0.007511362050575822,0.0022033262199428966
815,98.7383861969135,98.2051741556978,98.44217103832275,98.63888583431383,91.38973506929239,105.021675348103,100.0,88.0,0.8466741987529515,0.21124579659978637,0.007511362050575822,0.0022033262199428966
816,98.8057659991805,98.2051741556978,98.50934870118297,98.63888583431383,91.38973506929239,105.021675348103,100.0,88.0,0.8466741987529515,0.21124579659978637,0.007511362050575822,0.0022033262199428966
817,98.83227031233177,98.2051741556978,98.53577350139476,98.63888583431383,91.38973506929239,105.021675348103,100.0,88.0,0.8466741987529515,0.21124579659978637,0.007511362050575822,0.0022033262199428966
818,99.00732834803816,98.2051741556978,98.71030636299405,98.63888583431383,91.38973506929239,105.021675348103,100.0,88.0,0.8466741987529515,0.21124579659978637,0.007511362050575822,0.0022033262199428966
819,98.98633147356313,98.2051741556978,98.71030636299405,98.63888583431383,91.38973506929239,105.021675348103,100.0,88.0,0.8466741987529515,0.21124579659978637,0.007511362050575822,0.0022033262199428966
820,98.9542854372814,98.2051741556978,98.54700583463605,98.63888583431383,91.38973506929239,105.021675348103,100.0,88.0,0.8466741987529515,0.21124579659978637,0.007511362050575822,0.0022033262199428966
821,98.88795319117075,98.2051741556978,97.97711128950918,98.63888583431383,91.38973506929239,105.021675348103,100.0,88.0,0.8466741987529515,0.21124579659978637,0.007511362050575822,0.0022033262199428966
822,98.85102040929469,98.2051741556978,98.41687756537122,98.63888583431383,91.38973506929239,105.021675348103,100.0,88.0,0.8466741987529515,0.21124579659978637,0.007511362050575822,0.0022033262199428966
823,98.98166841004532,98.2051741556978,98.6847234048152,98.63888583431383,91.38973506929239,105.021675348103,100.0,88.0,0.8466741987529515,0.21124579659978637,0.007511362050575822,0.0022033262199428966
824,98.82069330482258,98.2051741556978,98.7249026441414,98.63888583431383,91.38973506929239,105.021675348103,100.0,88.0,0.8466741987529515,0.21124579659978637,0.007511362050575822,0.0022033262199428966
825,98.71378805196639,98.2051741556978,98.68126552153532,98.63888583431383,91.38973506929239,105.021675348103,100.0,88.0,0.8466741987529515,0.21124579659978637,0.007511362050575822,0.0022033262199428966
826,98.75411418879659,98.22903610832846,98.8038226392287,98.65287499415831,97.24674574724517,99.10112601728054,100.0,88.0,0.7821402628527153,0.29012121693980775,0.007319011550475414,0.002152756865556975
827,98.91819949590847,98.2811729599907,98.85626456932076,98.7052368060359,97.29836123039081,99.15372574656045,100.0,86.0,0.7995690418244981,0.361109095245827,0.007138202080381003,0.0021527568655567604
828,98.94536497832598,98.1810103988299,97.49167532080402,98.69069500117749,95.91915895029972,100.57943721156653,97.0,86.0,0.8156035184785382,0.32499818572124434,0.00702058074902897,0.0025889174948325027
829,98.98355847841692,98.1810103988299,98.5760884712528,98.69069500117749,95.91915895029972,100.57943721156653,97.0,86.0,0.8156035184785382,0.32499818572124434,0.00702058074902897,0.0025889174948325027
830,99.01629804034015,98.19636711354777,98.75103692980346,98.61211483176947,97.24386235254634,99.04818147422611,97.0,86.0,0.7903552370002552,0.3924983671491199,0.006852840061979217,0.002112448173535603
831,98.96473297289923,98.25847711060433,98.7857686826568,98.62488970529617,97.260179117357,99.06480098977126,97.0,83.0,1.0475589180713831,0.344468883129998,0.00640511797088574,0.0018610642463994988
832,98.98948430399729,98.25847711060433,98.7857686826568,98.62488970529617,97.260179117357,99.06480098977126,97.0,83.0,1.0475589180713831,0.344468883129998,0.00640511797088574,0.0018610642463994988
833,99.04106338104305,98.25847711060433,98.74177053640304,98.62488970529617,97.260179117357,99.06480098977126,97.0,83.0,1.0475589180713831,0.344468883129998,0.00640511797088574,0.0018610642463994988
834,99.0045474369127,98.25847711060433,98.45624405767543,98.62488970529617,97.260179117357,99.06480098977126,97.0,83.0,1.0475589180713831,0.344468883129998,0.00640511797088574,0.0018610642463994988
835,99.07051562477136,98.25847711060433,98.00984132257679,98.62488970529617,97.260179117357,99.06480098977126,97.0,83.0,1.0475589180713831,0.344468883129998,0.00640511797088574,0.0018610642463994988
836,99.1727706181623,98.34963662203154,98.87525230630779,98.74332530972723,97.39564514679783,99.17277061816229,97.0,80.0,0.9797542046256725,0.4100219948169982,0.00626050846930895,0.0019974771490419655
837,99.20079029465289,98.5060062240434,98.97257704864585,98.77474098037905,97.4526342877644,99.20079029465289,97.0,74.0,1.1834716172393827,0.3564550444548268,0.0058258678646653204,0.0013621945382089398
838,99.20421228768534,98.5060062240434,98.88149939659498,98.77474098037905,97.4526342877644,99.20079029465289,97.0,74.0,1.1834716172393827,0.3564550444548268,0.0058258678646653204,0.0013621945382089398
839,99.2151140290159,98.5060062240434,98.09154681494142,98.77474098037905,97.4526342877644,99.20079029465289,97.0,74.0,1.1834716172393827,0.3564550444548268,0.0058258678646653204,0.0013621945382089398
840,99.26410565456278,98.52955127271903,98.96631333759912,98.85578429476246,97.57381462537366,99.2641056545628,97.0,74.0,1.1154605545268987,0.4208095400093441,0.005674648653628278,0.0016527723354194351
841,99.40809919860682,98.67247926453712,99.109874901011,98.9942793166696,97.7153562156711,99.40809919860679,97.0,74.0,1.106223710164747,0.47872858600840973,0.00552952903836525,0.0016279927613640137
842,99.38675906713823,97.80545665493509,97.32551873526343,98.98116570172569,96.64066987824152,100.51356055533357,97.0,100.0,1.0977258133515673,0.4308557274075688,0.00591471032184928,0.005974537459460623
843,99.41296279140329,98.48884469883605,99.15518344414774,98.93765372438664,97.4641704818034,99.41296279140327,97.0,94.0,1.268128043661085,0.3707053175467771,0.005661493529609253,0.002273296792148258
844,99.44328625394397,98.50851936315689,99.15518344414774,98.98630030430952,97.55298672533428,99.44328625394398,97.0,91.0,1.2466778001681982,0.43363478579209935,0.0056121093794392314,0.0024192074605151404
845,99.60655974147545,98.90058794099147,99.47930405283344,98.96765130837937,96.4641527479853,100.56574704179138,97.0,85.0,1.3750159894006992,0.29660619348179595,0.0051340360783720135,0.0003389294191038187
846,99.64685592792739,98.90058794099147,99.18420019661235,98.96765130837937,96.4641527479853,100.56574704179138,97.0,85.0,1.3750159894006992,0.29660619348179595,0.0051340360783720135,0.0003389294191038187
847,99.61813551425236,98.90058794099147,99.39100443854748,98.96765130837937,96.4641527479853,100.56574704179138,97.0,85.0,1.3750159894006992,0.29660619348179595,0.0051340360783720135,0.0003389294191038187
848,99.72909155631332,98.90058794099147,99.42990428164438,98.96765130837937,96.4641527479853,100.56574704179138,97.0,85.0,1.3750159894006992,0.29660619348179595,0.0051340360783720135,0.0003389294191038187
849,99.80339295782281,98.9550641176813,99.50398277894934,98.9533966787939,94.50335352410109,102.65233160620677,97.0,82.0,1.2850147102486433,0.26694557413361636,0.004827004950113974,-8.425303702086472e-06
850,99.92002302649966,99.10612869712357,99.59561567486365,98.93599589003759,93.59540692771913,103.64813725684628,97.0,76.00000000000001,1.4025265560744267,0.1825907727073936,0.004408449659384711,-0.000859073833108202
851,100.18691274186709,99.42549220502889,99.49258759177057,98.92269519833492,92.77381292609365,104.56603299880223,97.0,73.00000000000001,1.3703244315884726,0.16433169543665424,0.004448133864168062,-0.0025349211065461507
852,100.12052090055383,99.42549220502889,99.82015933785216,98.92269519833492,92.77381292609365,104.56603299880223,97.0,73.00000000000001,1.3703244315884726,0.16433169543665424,0.004448133864168062,-0.0025349211065461507
853,100.01822885154809,99.42549220502889,99.82015933785216,98.92269519833492,92.77381292609365,104.56603299880223,97.0,73.00000000000001,1.3703244315884726,0.16433169543665424,0.004448133864168062,-0.0025349211065461507
854,100.0470141463774,99.42549220502889,99.62367752447231,98.92269519833492,92.77381292609365,104.56603299880223,97.0,73.00000000000001,1.3703244315884726,0.16433169543665424,0.004448133864168062,-0.0025349211065461507
855,100.12159224205078,99.4427061310624,99.32762902307395,98.92931167467884,92.56942516869562,106.18441472642907,97.0,70.00000000000001,1.280698477061395,0.14789852589298882,0.004491811168072169,-0.002588038686415507
856,100.24545800036536,99.64834040923562,100.0195262136393,98.94103537869152,92.76084641683006,106.26018548038729,97.0,64.00000000000001,1.399429227139257,0.10116259171080436,0.004526747049030665,-0.003561645872231457
857,100.40838993128207,99.88071567388309,100.19224622885744,98.95955452959288,92.97716036793564,106.43289332715902,97.0,58.000000000000014,1.484630413395131,0.06919521273019018,0.004737799622415107,-0.0046326689425013065
858,100.40980595917334,99.88071567388309,100.19224622885744,98.95955452959288,92.97716036793564,106.43289332715902,97.0,58.000000000000014,1.484630413395131,0.06919521273019018,0.004737799622415107,-0.0046326689425013065
859,100.5790990090487,99.99574023479622,100.27736171202156,98.97929263510888,93.08423466124756,106.61384494959164,100.0,55.000000000000014,1.4058599803235206,0.06227569145717116,0.005066547113522257,-0.00510841780009613
860,100.41051086813454,100.0505960505249,100.30210584451817,98.99917322733452,93.10708468461847,106.64015265314872,100.0,52.000000000000014,1.373391181897639,0.05604812231145405,0.005396425467379477,-0.005282210710441255
861,100.48883918365617,100.08599073537412,99.39177071297581,99.01906393971346,93.14002297833916,106.64570786037052,100.0,49.000000000000014,1.343519887345828,0.05044331008030865,0.00571567957069987,-0.005358612303448335
862,100.43297517149682,100.08599073537412,100.19376695828858,99.01906393971346,93.14002297833916,106.64570786037052,100.0,49.000000000000014,1.343519887345828,0.05044331008030865,0.00571567957069987,-0.005358612303448335
863,100.43115331318079,100.08599073537412,100.19376695828858,99.01906393971346,93.14002297833916,106.64570786037052,100.0,49.000000000000014,1.343519887345828,0.05044331008030865,0.00571567957069987,-0.005358612303448335
864,100.62417844467231,100.13111997029341,100.2689564813647,99.03925322206213,93.18202024435504,106.66162915135266,100.0,46.000000000000014,1.2627049630248284,0.04539897907227778,0.006030594281046962,-0.005482074119411185
865,100.71484622134689,100.26750406224375,100.39841473341068,99.06784753778223,93.30893928032404,106.74254725919292,100.0,40.00000000000002,1.386517081466617,0.031052901685438,0.006362983543706948,-0.00601828283258403
866,100.60095418451716,100.58235526251964,100.65302438696389,99.09713226830907,93.60193980730077,106.74416435593123,100.0,34.00000000000002,1.4753646576604444,0.02124018475283959,0.006752599449056292,-0.007438034885687894
867,100.5353508130361,100.58235526251964,100.55028621440266,99.09713226830907,93.60193980730077,106.74416435593123,100.0,34.00000000000002,1.4753646576604444,0.02124018475283959,0.006752599449056292,-0.007438034885687894
868,100.41966585178014,100.58235526251964,100.46882288571837,99.09713226830907,93.60193980730077,106.74416435593123,100.0,34.00000000000002,1.4753646576604444,0.02124018475283959,0.006752599449056292,-0.007438034885687894
869,100.26695728712556,100.58235526251964,100.32406923113966,99.09713226830907,93.60193980730077,106.74416435593123,100.0,34.00000000000002,1.4753646576604444,0.02124018475283959,0.006752599449056292,-0.007438034885687894
870,100.09262140627119,100.58235526251964,100.39458398194529,99.09713226830907,93.60193980730077,106.74416435593123,100.0,34.00000000000002,1.4753646576604444,0.02124018475283959,0.006752599449056292,-0.007438034885687894
871,100.07655089254405,100.58235526251964,100.3776839443772,99.09713226830907,93.60193980730077,106.74416435593123,100.0,34.00000000000002,1.4753646576604444,0.02124018475283959,0.006752599449056292,-0.007438034885687894
872,100.01971224525566,100.77330036736458,100.81374720676553,99.13176509906758,93.77963332186945,107.18412441240862,100.0,31.00000000000002,1.3706688183809423,0.01911616627755563,0.007332854529405761,-0.00821157415129451
873,99.97252124534032,100.77330036736458,100.33462799305997,99.13176509906758,93.77963332186945,107.18412441240862,100.0,31.00000000000002,1.3706688183809423,0.01911616627755563,0.007332854529405761,-0.00821157415129451
874,99.97970868736395,100.75554160450709,100.04813058020262,99.27064676468821,99.74798618846202,101.06885505517813,100.0,34.00000000000002,1.3010153129104671,0.11720454964980007,0.007783719880313143,-0.007423502152018957
875,99.95476244226549,100.75554160450709,100.52873833741305,99.27064676468821,99.74798618846202,101.06885505517813,100.0,34.00000000000002,1.3010153129104671,0.11720454964980007,0.007783719880313143,-0.007423502152018957
876,99.9152581008919,100.75554160450709,100.21590581834695,99.27064676468821,99.74798618846202,101.06885505517813,100.0,34.00000000000002,1.3010153129104671,0.11720454964980007,0.007783719880313143,-0.007423502152018957
877,99.99927748642375,100.75554160450709,100.21590581834695,99.27064676468821,99.74798618846202,101.06885505517813,100.0,34.00000000000002,1.3010153129104671,0.11720454964980007,0.007783719880313143,-0.007423502152018957
878,99.95237493407534,100.75554160450709,100.64709968716207,99.27064676468821,99.74798618846202,101.06885505517813,100.0,34.00000000000002,1.3010153129104671,0.11720454964980007,0.007783719880313143,-0.007423502152018957
879,100.07656825271948,100.86908497347805,100.90957025743288,99.30452721353454,96.33551183924311,104.64899771281256,100.0,37.00000000000002,1.2129340878776298,0.10548409468482006,0.008254636271190482,-0.007816004031949157
880,100.1006775557189,100.86908497347805,100.4018832053349,99.30452721353454,96.33551183924311,104.64899771281256,100.0,37.00000000000002,1.2129340878776298,0.10548409468482006,0.008254636271190482,-0.007816004031949157
881,100.13447917900265,100.86908497347805,100.4018832053349,99.30452721353454,96.33551183924311,104.64899771281256,100.0,37.00000000000002,1.2129340878776298,0.10548409468482006,0.008254636271190482,-0.007816004031949157
882,100.08528799279473,100.86908497347805,100.44050481687063,99.30452721353454,96.33551183924311,104.64899771281256,100.0,37.00000000000002,1.2129340878776298,0.10548409468482006,0.008254636271190482,-0.007816004031949157
883,100.04000889829703,100.86908497347805,100.34103199427987,99.30452721353454,96.33551183924311,104.64899771281256,100.0,37.00000000000002,1.2129340878776298,0.10548409468482006,0.008254636271190482,-0.007816004031949157
884,100.1433154116977,100.86908497347805,100.34103199427987,99.30452721353454,96.33551183924311,104.64899771281256,100.0,37.00000000000002,1.2129340878776298,0.10548409468482006,0.008254636271190482,-0.007816004031949157
885,100.18031964575886,100.86908497347805,100.34103199427987,99.30452721353454,96.33551183924311,104.64899771281256,100.0,37.00000000000002,1.2129340878776298,0.10548409468482006,0.008254636271190482,-0.007816004031949157
886,100.27403360521879,100.88487836096404,100.95576003802185,99.33674852408215,93.88346780271313,107.33511097322281,100.0,34.00000000000002,1.1273279322759908,0.09493568521633806,0.00868722630601759,-0.007732080999275457
887,100.36532613120423,100.88487836096404,100.32163037557464,99.33674852408215,93.88346780271313,107.33511097322281,100.0,34.00000000000002,1.1273279322759908,0.09493568521633806,0.00868722630601759,-0.007732080999275457
888,100.30106478125963,100.6084932122454,99.90211462399496,99.47591736747533,99.60240828012296,100.95172909115533,100.0,37.00000000000002,1.0771416976939117,0.18544211669470428,0.00884525880624706,-0.005660490197555023
889,100.27909057597135,100.6084932122454,99.97825330424344,99.47591736747533,99.60240828012296,100.95172909115533,100.0,37.00000000000002,1.0771416976939117,0.18544211669470428,0.00884525880624706,-0.005660490197555023
890,100.27576373855256,100.5167285120827,99.8109942095906,99.6152811836984,99.51156122696186,100.890021591973,100.0,40.00000000000002,1.0309703618783987,0.26689790502523386,0.008855058566436405,-0.004504263609577375
891,100.25016374843631,100.5167285120827,99.94941325719098,99.6152811836984,99.51156122696186,100.890021591973,100.0,40.00000000000002,1.0309703618783987,0.26689790502523386,0.008855058566436405,-0.004504263609577375
892,100.14560487639888,100.37730970684567,100.34518337798873,99.70938975934445,99.3735366097772,100.78043143257597,100.0,43.000000000000014,0.9884927329281269,0.3402081145227105,0.008724334859245375,-0.0033381526572388684
893,100.1063805626046,100.37730970684567,100.34518337798873,99.70938975934445,99.3735366097772,100.78043143257597,100.0,43.000000000000014,0.9884927329281269,0.3402081145227105,0.008724334859245375,-0.0033381526572388684
894,100.13809707036373,100.37730970684567,100.34518337798873,99.70938975934445,99.3735366097772,100.78043143257597,100.0,43.000000000000014,0.9884927329281269,0.3402081145227105,0.008724334859245375,-0.0033381526572388684
895,100.1447901500963,100.37730970684567,100.34518337798873,99.70938975934445,99.3735366097772,100.78043143257597,100.0,43.000000000000014,0.9884927329281269,0.3402081145227105,0.008724334859245375,-0.0033381526572388684
896,100.27412796726092,100.50935329203992,100.67091142471747,99.72315253207144,95.96547654710777,104.35948689941728,100.0,49.000000000000014,0.9779423851492239,0.23270235033353398,0.008334103385884256,-0.003926439199932427
897,100.23228185988397,100.91585415876084,101.10853843461416,99.73639741591444,94.37916138247056,106.11355034114915,100.0,49.000000000000014,1.1821714555830831,0.15916840762813725,0.008314685881795444,-0.005878113669745935
898,100.1150965044848,100.91585415876084,100.47546030096308,99.73639741591444,94.37916138247056,106.11355034114915,100.0,49.000000000000014,1.1821714555830831,0.15916840762813725,0.008314685881795444,-0.005878113669745935
899,99.93630744847108,100.91585415876084,100.23701850398302,99.73639741591444,94.37916138247056,106.11355034114915,100.0,49.000000000000014,1.1821714555830831,0.15916840762813725,0.008314685881795444,-0.005878113669745935
900,99.95698888298824,100.91585415876084,100.91113303650172,99.73639741591444,94.37916138247056,106.11355034114915,100.0,49.000000000000014,1.1821714555830831,0.15916840762813725,0.008314685881795444,-0.005878113669745935
901,100.01731120266058,100.91585415876084,100.31826600066255,99.73639741591444,94.37916138247056,106.11355034114915,100.0,49.000000000000014,1.1821714555830831,0.15916840762813725,0.008314685881795444,-0.005878113669745935
902,99.91687890101771,100.77805965316593,100.07049052821895,99.87612615959493,99.77027905663427,101.27430374149927,100.0,52.000000000000014,1.1035977391364364,0.24325156686532354,0.00835520413254867,-0.004494964756990581
903,100.0472026299787,100.77805965316593,100.07049052821895,99.87612615959493,99.77027905663427,101.27430374149927,100.0,52.000000000000014,1.1035977391364364,0.24325156686532354,0.00835520413254867,-0.004494964756990581
904,100.10784996835436,100.77805965316593,100.07049052821895,99.87612615959493,99.77027905663427,101.27430374149927,100.0,52.000000000000014,1.1035977391364364,0.24325156686532354,0.00835520413254867,-0.004494964756990581
905,100.2134675233477,100.62806080927564,99.92154483568996,99.98739760541143,99.62178020118289,101.1540619313185,100.0,55.000000000000014,1.0419765866721882,0.3189264101787912,0.008237111833953838,-0.003193488721790858
906,100.18655568076986,100.59687983134512,99.89058278137583,99.96365097986248,99.59091103303167,101.15322255539981,100.0,58.000000000000014,1.0386184597384132,0.38703376916091214,0.008121761836927484,-0.003157295450512731
907,100.170855681223,100.50279290770305,99.79715644796994,99.87738807789877,99.49776497862602,101.08910974421953,100.0,60.00000000000001,1.0355289829593401,0.44833039224482096,0.008008988293000953,-0.0031210912512810965
908,100.22363979995889,100.50279290770305,100.18021804410317,99.87738807789877,99.49776497862602,101.08910974421953,100.0,60.00000000000001,1.0355289829593401,0.44833039224482096,0.008008988293000953,-0.0031210912512810965
909,100.20885229316701,100.50279290770305,100.18021804410317,99.87738807789877,99.49776497862602,101.08910974421953,100.0,60.00000000000001,1.0355289829593401,0.44833039224482096,0.008008988293000953,-0.0031210912512810965
910,100.24918356739505,100.50279290770305,100.10022072519331,99.87738807789877,99.49776497862602,101.08910974421953,100.0,60.00000000000001,1.0355289829593401,0.44833039224482096,0.008008988293000953,-0.0031210912512810965
911,100.25635081146203,100.50279290770305,100.25771223132683,99.87738807789877,99.49776497862602,101.08910974421953,100.0,60.00000000000001,1.0355289829593401,0.44833039224482096,0.008008988293000953,-0.0031210912512810965
912,100.42628607979631,100.50279290770305,100.37249321382963,99.87738807789877,99.49776497862602,101.08910974421953,100.0,60.00000000000001,1.0355289829593401,0.44833039224482096,0.008008988293000953,-0.0031210912512810965
913,100.37667937230846,100.50279290770305,100.37249321382963,99.87738807789877,99.49776497862602,101.08910974421953,100.0,60.00000000000001,1.0355289829593401,0.44833039224482096,0.008008988293000953,-0.0031210912512810965
914,100.1877555866738,100.50279290770305,100.63661352013065,99.87738807789877,99.49776497862602,101.08910974421953,100.0,60.00000000000001,1.0355289829593401,0.44833039224482096,0.008008988293000953,-0.0031210912512810965
915,100.19113636718389,100.50279290770305,100.49261420981334,99.87738807789877,99.49776497862602,101.08910974421953,100.0,60.00000000000001,1.0355289829593401,0.44833039224482096,0.008008988293000953,-0.0031210912512810965
916,100.25590816642392,100.50279290770305,100.49261420981334,99.87738807789877,99.49776497862602,101.08910974421953,100.0,60.00000000000001,1.0355289829593401,0.44833039224482096,0.008008988293000953,-0.0031210912512810965
917,100.18516260471321,100.50279290770305,100.4866224721296,99.87738807789877,99.49776497862602,101.08910974421953,100.0,60.00000000000001,1.0355289829593401,0.44833039224482096,0.008008988293000953,-0.0031210912512810965
918,100.12010992818156,100.50279290770305,100.42137405033257,99.87738807789877,99.49776497862602,101.08910974421953,100.0,60.00000000000001,1.0355289829593401,0.44833039224482096,0.008008988293000953,-0.0031210912512810965
919,100.06460175590439,100.50279290770305,100.35289396793381,99.87738807789877,99.49776497862602,101.08910974421953,100.0,60.00000000000001,1.0355289829593401,0.44833039224482096,0.008008988293000953,-0.0031210912512810965
920,99.90917299624769,100.50279290770305,100.20980240345807,99.87738807789877,99.49776497862602,101.08910974421953,100.0,60.00000000000001,1.0355289829593401,0.44833039224482096,0.008008988293000953,-0.0031210912512810965
921,99.89766703739407,100.50279290770305,100.34000094616971,99.87738807789877,99.49776497862602,101.08910974421953,100.0,60.00000000000001,1.0355289829593401,0.44833039224482096,0.008008988293000953,-0.0031210912512810965
922,100.03885715401574,100.50279290770305,99.87586252660445,99.87738807789877,99.49776497862602,101.08910974421953,100.0,60.00000000000001,1.0355289829593401,0.44833039224482096,0.008008988293000953,-0.0031210912512810965
923,100.06220988504148,100.50279290770305,99.87586252660445,99.87738807789877,99.49776497862602,101.08910974421953,100.0,60.00000000000001,1.0355289829593401,0.44833039224482096,0.008008988293000953,-0.0031210912512810965
924,100.06796062570557,100.50279290770305,99.80723821067264,99.87738807789877,99.49776497862602,101.08910974421953,100.0,60.00000000000001,1.0355289829593401,0.44833039224482096,0.008008988293000953,-0.0031210912512810965
925,100.02998403015268,100.44854312553434,99.74328755694985,99.82829596015986,99.444057694279,101.0548723596925,100.0,60.00000000000001,0.9571311087670374,0.5034973530203389,0.007900084068852429,-0.003096949044163317
926,99.85460284223674,100.28994015914846,99.58579815201308,99.68863413190685,99.28704075755697,100.89531203133647,100.0,60.00000000000001,0.9605606200656744,0.553147617718305,0.007786902382854269,-0.003006852255914375
927,99.84025118384172,100.28994015914846,99.79261852821442,99.68863413190685,99.28704075755697,100.89531203133647,100.0,60.00000000000001,0.9605606200656744,0.553147617718305,0.007786902382854269,-0.003006852255914375
928,100.00996505097648,100.28994015914846,99.83920851562765,99.68863413190685,99.28704075755697,100.89531203133647,100.0,60.00000000000001,0.9605606200656744,0.553147617718305,0.007786902382854269,-0.003006852255914375
929,100.02160433324744,100.28994015914846,99.83920851562765,99.68863413190685,99.28704075755697,100.89531203133647,100.0,60.00000000000001,0.9605606200656744,0.553147617718305,0.007786902382854269,-0.003006852255914375
930,100.01773432348145,100.28994015914846,99.83920851562765,99.68863413190685,99.28704075755697,100.89531203133647,100.0,60.00000000000001,0.9605606200656744,0.553147617718305,0.007786902382854269,-0.003006852255914375
931,100.13785531724305,100.28994015914846,99.83920851562765,99.68863413190685,99.28704075755697,100.89531203133647,100.0,60.00000000000001,0.9605606200656744,0.553147617718305,0.007786902382854269,-0.003006852255914375
932,99.93527674869169,100.28994015914846,99.83920851562765,99.68863413190685,99.28704075755697,100.89531203133647,100.0,60.00000000000001,0.9605606200656744,0.553147617718305,0.007786902382854269,-0.003006852255914375
933,99.7968300839585,100.28994015914846,99.83920851562765,99.68863413190685,99.28704075755697,100.89531203133647,100.0,60.00000000000001,0.9605606200656744,0.553147617718305,0.007786902382854269,-0.003006852255914375
934,99.70519790691759,100.28994015914846,99.83920851562765,99.68863413190685,99.28704075755697,100.89531203133647,100.0,60.00000000000001,0.9605606200656744,0.553147617718305,0.007786902382854269,-0.003006852255914375
935,99.75828791609877,100.28994015914846,99.83920851562765,99.68863413190685,99.28704075755697,100.89531203133647,100.0,60.00000000000001,0.9605606200656744,0.553147617718305,0.007786902382854269,-0.003006852255914375
936,99.84898195559988,100.28994015914846,99.83920851562765,99.68863413190685,99.28704075755697,100.89531203133647,100.0,60.00000000000001,0.9605606200656744,0.553147617718305,0.007786902382854269,-0.003006852255914375
937,99.79696201539073,100.28994015914846,99.83920851562765,99.68863413190685,99.28704075755697,100.89531203133647,100.0,60.00000000000001,0.9605606200656744,0.553147617718305,0.007786902382854269,-0.003006852255914375
938,99.66837365171929,100.28994015914846,99.83920851562765,99.68863413190685,99.28704075755697,100.89531203133647,100.0,60.00000000000001,0.9605606200656744,0.553147617718305,0.007786902382854269,-0.003006852255914375
939,99.7805015638545,100.28994015914846,99.83920851562765,99.68863413190685,99.28704075755697,100.89531203133647,100.0,60.00000000000001,0.9605606200656744,0.553147617718305,0.007786902382854269,-0.003006852255914375
940,99.89778045807242,100.28994015914846,99.83920851562765,99.68863413190685,99.28704075755697,100.89531203133647,100.0,60.00000000000001,0.9605606200656744,0.553147617718305,0.007786902382854269,-0.003006852255914375
941,99.79023993965912,100.28994015914846,99.83920851562765,99.68863413190685,99.28704075755697,100.89531203133647,100.0,60.00000000000001,0.9605606200656744,0.553147617718305,0.007786902382854269,-0.003006852255914375
942,99.76447637152147,100.28994015914846,99.83920851562765,99.68863413190685,99.28704075755697,100.89531203133647,100.0,60.00000000000001,0.9605606200656744,0.553147617718305,0.007786902382854269,-0.003006852255914375
943,99.82559272827825,100.28994015914846,99.83920851562765,99.68863413190685,99.28704075755697,100.89531203133647,100.0,60.00000000000001,0.9605606200656744,0.553147617718305,0.007786902382854269,-0.003006852255914375
944,99.73356698667406,100.28994015914846,99.83920851562765,99.68863413190685,99.28704075755697,100.89531203133647,100.0,60.00000000000001,0.9605606200656744,0.553147617718305,0.007786902382854269,-0.003006852255914375
945,99.89278813609172,100.28994015914846,99.83920851562765,99.68863413190685,99.28704075755697,100.89531203133647,100.0,60.00000000000001,0.9605606200656744,0.553147617718305,0.007786902382854269,-0.003006852255914375
946,99.94972319242288,100.28994015914846,99.93868357120947,99.68863413190685,99.28704075755697,100.89531203133647,100.0,60.00000000000001,0.9605606200656744,0.553147617718305,0.007786902382854269,-0.003006852255914375
947,99.86384080070421,100.15549280818982,99.45229476440113,99.54916769340865,99.15393788010793,100.76005312695155,100.0,60.00000000000001,0.8875252942699443,0.5978328559464745,0.007684022437970336,-0.003036108988434605
948,99.89547553283698,100.06830223521358,99.36571636194729,99.51890009874148,99.13253940316044,100.7383080332098,100.0,60.00000000000001,1.117288151168112,0.48491767346738857,0.007304101144795573,-0.002752692206952321
949,99.82494495750265,100.06830223521358,99.52547012263015,99.51890009874148,99.13253940316044,100.7383080332098,100.0,60.00000000000001,1.117288151168112,0.48491767346738857,0.007304101144795573,-0.002752692206952321
950,99.89065646751682,100.06830223521358,99.59098449811427,99.51890009874148,99.13253940316044,100.7383080332098,100.0,60.00000000000001,1.117288151168112,0.48491767346738857,0.007304101144795573,-0.002752692206952321
951,99.70242381797057,100.06830223521358,99.59098449811427,99.51890009874148,99.13253940316044,100.7383080332098,100.0,60.00000000000001,1.117288151168112,0.48491767346738857,0.007304101144795573,-0.002752692206952321
952,99.83064716407355,100.06830223521358,99.8162671470234,99.51890009874148,99.13253940316044,100.7383080332098,100.0,60.00000000000001,1.117288151168112,0.48491767346738857,0.007304101144795573,-0.002752692206952321
953,99.81612725965373,100.06830223521358,99.8162671470234,99.51890009874148,99.13253940316044,100.7383080332098,100.0,60.00000000000001,1.117288151168112,0.48491767346738857,0.007304101144795573,-0.002752692206952321
954,99.79544488307961,100.06830223521358,99.8162671470234,99.51890009874148,99.13253940316044,100.7383080332098,100.0,60.00000000000001,1.117288151168112,0.48491767346738857,0.007304101144795573,-0.002752692206952321
955,99.714761470365,100.06830223521358,99.79981780506644,99.51890009874148,99.13253940316044,100.7383080332098,100.0,60.00000000000001,1.117288151168112,0.48491767346738857,0.007304101144795573,-0.002752692206952321
956,99.7042938901601,99.67517887814958,98.97535314881453,99.53127414388531,95.12002364990317,104.98782388097156,100.0,60.00000000000001,1.0379050990746632,0.43642590612064974,0.006952541881949687,-0.0007223899230229882
957,99.71339613480586,99.67517887814958,99.48332390809371,99.53127414388531,95.12002364990317,104.98782388097156,100.0,60.00000000000001,1.0379050990746632,0.43642590612064974,0.006952541881949687,-0.0007223899230229882
958,99.75740986322289,99.48672512438716,98.78822254076557,99.52954549069435,93.26778301997136,106.09248353304869,100.0,60.00000000000001,0.9948726911486903,0.39278331550858475,0.006561208584819808,0.00021516012823891262
959,99.67822086155122,99.48672512438716,99.24727036786271,99.52954549069435,93.26778301997136,106.09248353304869,100.0,60.00000000000001,0.9948726911486903,0.39278331550858475,0.006561208584819808,0.00021516012823891262
960,99.68649967008454,99.48672512438716,99.47778640393885,99.52954549069435,93.26778301997136,106.09248353304869,100.0,60.00000000000001,0.9948726911486903,0.39278331550858475,0.006561208584819808,0.00021516012823891262
961,99.75978678460169,99.48672512438716,99.14754551103039,99.52954549069435,93.26778301997136,106.09248353304869,100.0,60.00000000000001,0.9948726911486903,0.39278331550858475,0.006561208584819808,0.00021516012823891262
962,99.55623928645187,99.48672512438716,99.25757056859253,99.52954549069435,93.26778301997136,106.09248353304869,100.0,60.00000000000001,0.9948726911486903,0.39278331550858475,0.006561208584819808,0.00021516012823891262
963,99.69499679478375,99.48672512438716,99.3959118043994,99.52954549069435,93.26778301997136,106.09248353304869,100.0,60.00000000000001,0.9948726911486903,0.39278331550858475,0.006561208584819808,0.00021516012823891262
964,99.67016307036839,99.48672512438716,99.3959118043994,99.52954549069435,93.26778301997136,106.09248353304869,100.0,60.00000000000001,0.9948726911486903,0.39278331550858475,0.006561208584819808,0.00021516012823891262
965,99.70376375580264,99.48672512438716,99.34116766511879,99.52954549069435,93.26778301997136,106.09248353304869,100.0,60.00000000000001,0.9948726911486903,0.39278331550858475,0.006561208584819808,0.00021516012823891262
966,99.70475504601033,99.48672512438716,99.40564078087229,99.52954549069435,93.26778301997136,106.09248353304869,100.0,60.00000000000001,0.9948726911486903,0.39278331550858475,0.006561208584819808,0.00021516012823891262
967,99.76449800665371,99.48672512438716,99.46520451263375,99.52954549069435,93.26778301997136,106.09248353304869,100.0,60.00000000000001,0.9948726911486903,0.39278331550858475,0.006561208584819808,0.00021516012823891262
968,99.85711580829721,99.48672512438716,99.55754446087231,99.52954549069435,93.26778301997136,106.09248353304869,100.0,60.00000000000001,0.9948726911486903,0.39278331550858475,0.006561208584819808,0.00021516012823891262
969,99.88829315415401,99.48672512438716,99.53099943939006,99.52954549069435,93.26778301997136,106.09248353304869,100.0,60.00000000000001,0.9948726911486903,0.39278331550858475,0.006561208584819808,0.00021516012823891262
970,99.83672877055021,99.48672512438716,99.53721858423854,99.52954549069435,93.26778301997136,106.09248353304869,100.0,60.00000000000001,0.9948726911486903,0.39278331550858475,0.006561208584819808,0.00021516012823891262
971,99.83500184601698,99.48672512438716,99.60386382772585,99.52954549069435,93.26778301997136,106.09248353304869,100.0,60.00000000000001,0.9948726911486903,0.39278331550858475,0.006561208584819808,0.00021516012823891262
972,99.88696588372909,99.48672512438716,99.60386382772585,99.52954549069435,93.26778301997136,106.09248353304869,100.0,60.00000000000001,0.9948726911486903,0.39278331550858475,0.006561208584819808,0.00021516012823891262
973,99.93820111469805,99.48672512438716,99.63838651135396,99.52954549069435,93.26778301997136,106.09248353304869,100.0,60.00000000000001,0.9948726911486903,0.39278331550858475,0.006561208584819808,0.00021516012823891262
974,99.92094939879964,99.48672512438716,99.63838651135396,99.52954549069435,93.26778301997136,106.09248353304869,100.0,60.00000000000001,0.9948726911486903,0.39278331550858475,0.006561208584819808,0.00021516012823891262
975,99.94729493597096,99.48672512438716,99.32050648181568,99.52954549069435,93.26778301997136,106.09248353304869,100.0,60.00000000000001,0.9948726911486903,0.39278331550858475,0.006561208584819808,0.00021516012823891262
976,99.90234270138944,99.48672512438716,99.27515916800857,99.52954549069435,93.26778301997136,106.09248353304869,100.0,60.00000000000001,0.9948726911486903,0.39278331550858475,0.006561208584819808,0.00021516012823891262
977,99.73815886871364,99.48672512438716,99.43894439210749,99.52954549069435,93.26778301997136,106.09248353304869,100.0,60.00000000000001,0.9948726911486903,0.39278331550858475,0.006561208584819808,0.00021516012823891262
978,99.75866592060922,99.48672512438716,99.27769523057962,99.52954549069435,93.26778301997136,106.09248353304869,100.0,60.00000000000001,0.9948726911486903,0.39278331550858475,0.006561208584819808,0.00021516012823891262
979,99.91066291334447,99.48672512438716,99.60220761263825,99.52954549069435,93.26778301997136,106.09248353304869,100.0,60.00000000000001,0.9948726911486903,0.39278331550858475,0.006561208584819808,0.00021516012823891262
980,99.91092815702069,99.48672512438716,99.61119537254964,99.52954549069435,93.26778301997136,106.09248353304869,100.0,60.00000000000001,0.9948726911486903,0.39278331550858475,0.006561208584819808,0.00021516012823891262
981,99.98357532891548,99.48672512438716,99.68362460292872,99.52954549069435,93.26778301997136,106.09248353304869,100.0,60.00000000000001,0.9948726911486903,0.39278331550858475,0.006561208584819808,0.00021516012823891262
982,99.86030782507379,99.48672512438716,99.68362460292872,99.52954549069435,93.26778301997136,106.09248353304869,100.0,60.00000000000001,0.9948726911486903,0.39278331550858475,0.006561208584819808,0.00021516012823891262
983,99.9012321962283,99.48672512438716,99.73603612555722,99.52954549069435,93.26778301997136,106.09248353304869,100.0,60.00000000000001,0.9948726911486903,0.39278331550858475,0.006561208584819808,0.00021516012823891262
984,99.84281735751726,99.48672512438716,99.0065762767358,99.52954549069435,93.26778301997136,106.09248353304869,100.0,60.00000000000001,0.9948726911486903,0.39278331550858475,0.006561208584819808,0.00021516012823891262
985,99.9155809779195,99.51700936490268,99.81736251187924,99.66898443887001,98.52183927125365,100.11771565885581,100.0,60.00000000000001,0.9182458388197581,0.4535049839577263,0.006259093774500143,0.0007629807250255437
986,99.95346453912394,99.51700936490268,99.7910153621005,99.66898443887001,98.52183927125365,100.11771565885581,100.0,60.00000000000001,0.9182458388197581,0.4535049839577263,0.006259093774500143,0.0007629807250255437
987,99.84665701413603,99.51700936490268,99.7910153621005,99.66898443887001,98.52183927125365,100.11771565885581,100.0,60.00000000000001,0.9182458388197581,0.4535049839577263,0.006259093774500143,0.0007629807250255437
988,99.67925871202324,99.51700936490268,99.7910153621005,99.66898443887001,98.52183927125365,100.11771565885581,100.0,60.00000000000001,0.9182458388197581,0.4535049839577263,0.006259093774500143,0.0007629807250255437
989,99.70628327998182,99.51700936490268,99.7910153621005,99.66898443887001,98.52183927125365,100.11771565885581,100.0,60.00000000000001,0.9182458388197581,0.4535049839577263,0.006259093774500143,0.0007629807250255437
990,99.95424812376828,99.51700936490268,99.7910153621005,99.66898443887001,98.52183927125365,100.11771565885581,100.0,60.00000000000001,0.9182458388197581,0.4535049839577263,0.006259093774500143,0.0007629807250255437
991,100.023307510844,99.51700936490268,99.7910153621005,99.66898443887001,98.52183927125365,100.11771565885581,100.0,60.00000000000001,0.9182458388197581,0.4535049839577263,0.006259093774500143,0.0007629807250255437
992,100.13390822416451,99.57427041930842,99.8747963863687,99.74515989199499,98.53777372707133,100.13390822416451,100.0,60.00000000000001,0.8972760710799156,0.3861974090270849,0.005703894468566726,0.0008573648460647421
993,100.20603610777576,99.60479989112908,99.90541799945241,99.82034392326523,98.6087518922178,100.20603610777574,100.0,60.00000000000001,0.9054939853935223,0.4475776681243764,0.005491360062208008,0.0010808267604247206
994,100.2124628286244,99.61118805165263,99.91182544013851,99.80783386580704,97.53168495700763,101.31263657559025,100.0,60.00000000000001,0.9130544665620406,0.40281990131193873,0.005280209724571509,0.0009860935645135682
995,100.19731398183865,99.75973867631589,99.97303374206584,99.94766269055779,98.76214128955273,100.36191013713872,100.0,60.00000000000001,0.9200101092370774,0.46253791118074483,0.005076316783588004,0.0009409967430134677
996,100.19029604205195,99.76853287681932,100.06964514908336,99.98443122589563,98.77084754805112,100.3707574213474,100.0,60.00000000000001,0.9264093004981112,0.5162841200626703,0.004901437038327975,0.0010808267604244294
997,100.32551474025483,99.76853287681932,100.06964514908336,99.98443122589563,98.77084754805112,100.3707574213474,100.0,60.00000000000001,0.9264093004981112,0.5162841200626703,0.004901437038327975,0.0010808267604244294
998,100.23630971014096,99.76853287681932,100.06964514908336,99.98443122589563,98.77084754805112,100.3707574213474,100.0,60.00000000000001,0.9264093004981112,0.5162841200626703,0.004901437038327975,0.0010808267604244294
999,100.31268074707914,99.76853287681932,100.06964514908336,99.98443122589563,98.77084754805112,100.3707574213474,100.0,60.00000000000001,0.9264093004981112,0.5162841200626703,0.004901437038327975,0.0010808267604244294
1000,100.35694666762421,99.76853287681932,100.06964514908336,99.98443122589563,98.77084754805112,100.3707574213474,100.0,60.00000000000001,0.9264093004981112,0.5162841200626703,0.004901437038327975,0.0010808267604244294
1001,100.39997064008371,99.79757081624321,100.09877072816347,100.01353200320037,98.79959510808078,100.39997064008371,100.0,60.00000000000001,0.8682965564582623,0.5646557080564033,0.004737050077783542,0.0010808267604243847
1002,100.27080671573482,99.79757081624321,100.09877072816347,100.01353200320037,98.79959510808078,100.39997064008371,100.0,60.00000000000001,0.8682965564582623,0.5646557080564033,0.004737050077783542,0.0010808267604243847
1003,100.27311716920093,99.79757081624321,99.36005605854737,100.01353200320037,98.79959510808078,100.39997064008371,100.0,60.00000000000001,0.8682965564582623,0.5646557080564033,0.004737050077783542,0.0010808267604243847
1004,100.13559693985921,99.79757081624321,99.83519014903963,100.01353200320037,98.79959510808078,100.39997064008371,100.0,60.00000000000001,0.8682965564582623,0.5646557080564033,0.004737050077783542,0.0010808267604243847
1005,100.2785959195246,99.80722129140659,100.10845032950941,100.02320336191892,98.80914907849252,100.40967936761227,100.0,60.00000000000001,0.8188328319416014,0.608190137250763,0.004582526334871808,0.0010808267604245838
1006,100.26426330116229,99.80722129140659,100.10845032950941,100.02320336191892,98.80914907849252,100.40967936761227,100.0,60.00000000000001,0.8188328319416014,0.608190137250763,0.004582526334871808,0.0010808267604245838
1007,100.20602191623854,99.80722129140659,100.10845032950941,100.02320336191892,98.80914907849252,100.40967936761227,100.0,60.00000000000001,0.8188328319416014,0.608190137250763,0.004582526334871808,0.0010808267604245838
1008,100.26407253111759,99.80722129140659,100.10845032950941,100.02320336191892,98.80914907849252,100.40967936761227,100.0,60.00000000000001,0.8188328319416014,0.608190137250763,0.004582526334871808,0.0010808267604245838
1009,100.23710729546497,99.80722129140659,100.10845032950941,100.02320336191892,98.80914907849252,100.40967936761227,100.0,60.00000000000001,0.8188328319416014,0.608190137250763,0.004582526334871808,0.0010808267604245838
1010,100.21797783627382,99.80722129140659,99.5528286993688,100.02320336191892,98.80914907849252,100.40967936761227,100.0,60.00000000000001,0.8188328319416014,0.608190137250763,0.004582526334871808,0.0010808267604245838
1011,100.20024137455853,99.80722129140659,99.89964065043486,100.02320336191892,98.80914907849252,100.40967936761227,100.0,60.00000000000001,0.8188328319416014,0.608190137250763,0.004582526334871808,0.0010808267604245838
1012,100.1285696047204,99.80722129140659,99.89964065043486,100.02320336191892,98.80914907849252,100.40967936761227,100.0,60.00000000000001,0.8188328319416014,0.608190137250763,0.004582526334871808,0.0010808267604245838
1013,100.30524899606039,99.80722129140659,99.99114093117421,100.02320336191892,98.80914907849252,100.40967936761227,100.0,60.00000000000001,0.8188328319416014,0.608190137250763,0.004582526334871808,0.0010808267604245838
1014,100.42933279259289,99.82675679583734,100.1280447942151,100.0427811410331,98.82848922787896,100.4293327925929,100.0,60.00000000000001,0.7622150942751621,0.6473711235256867,0.004437274016534711,0.0010808267604241154
1015,100.55034287711136,99.94704081984868,100.09714644096648,100.16332545876094,98.94757041165019,100.55034287711135,100.0,60.00000000000001,0.7812378867331491,0.6826340111731181,0.004300736837297887,0.0010808267604243884
1016,100.5634248591485,100.21908900947754,100.52156110910373,100.17300902115146,98.96044386689366,100.56342485914848,100.0,60.00000000000001,1.0410163075197076,0.5429216636424128,0.003935845323447198,-0.00022994912862797892
1017,100.66031589881075,100.21908900947754,100.52156110910373,100.17300902115146,98.96044386689366,100.56342485914848,100.0,60.00000000000001,1.0410163075197076,0.5429216636424128,0.003935845323447198,-0.00022994912862797892
1018,100.66955766694927,100.21908900947754,100.52156110910373,100.17300902115146,98.96044386689366,100.56342485914848,100.0,60.00000000000001,1.0410163075197076,0.5429216636424128,0.003935845323447198,-0.00022994912862797892
1019,100.68329202719397,100.21908900947754,100.52156110910373,100.17300902115146,98.96044386689366,100.56342485914848,100.0,60.00000000000001,1.0410163075197076,0.5429216636424128,0.003935845323447198,-0.00022994912862797892
1020,100.41861402305328,100.21908900947754,100.52156110910373,100.17300902115146,98.96044386689366,100.56342485914848,100.0,60.00000000000001,1.0410163075197076,0.5429216636424128,0.003935845323447198,-0.00022994912862797892
1021,100.44358214569348,100.21908900947754,100.52156110910373,100.17300902115146,98.96044386689366,100.56342485914848,100.0,60.00000000000001,1.0410163075197076,0.5429216636424128,0.003935845323447198,-0.00022994912862797892
1022,100.29300224850958,100.21908900947754,100.52156110910373,100.17300902115146,98.96044386689366,100.56342485914848,100.0,60.00000000000001,1.0410163075197076,0.5429216636424128,0.003935845323447198,-0.00022994912862797892
1023,100.45229705343715,100.21908900947754,100.05825962734552,100.17300902115146,98.96044386689366,100.56342485914848,100.0,60.00000000000001,1.0410163075197076,0.5429216636424128,0.003935845323447198,-0.00022994912862797892
1024,100.43141375819123,100.21908900947754,100.13011951691664,100.17300902115146,98.96044386689366,100.56342485914848,100.0,60.00000000000001,1.0410163075197076,0.5429216636424128,0.003935845323447198,-0.00022994912862797892
1025,100.52672492340506,100.21908900947754,100.22514474863483,100.17300902115146,98.96044386689366,100.56342485914848,100.0,60.00000000000001,1.0410163075197076,0.5429216636424128,0.003935845323447198,-0.00022994912862797892
1026,100.60328726073492,100.21908900947754,100.15220683065078,100.17300902115146,98.96044386689366,100.56342485914848,100.0,60.00000000000001,1.0410163075197076,0.5429216636424128,0.003935845323447198,-0.00022994912862797892
1027,100.73046671005667,100.21908900947754,100.4282753099265,100.17300902115146,98.96044386689366,100.56342485914848,100.0,60.00000000000001,1.0410163075197076,0.5429216636424128,0.003935845323447198,-0.00022994912862797892
1028,100.66840402480398,100.35923624806581,100.66213132728531,100.15733405544421,96.29841667751057,103.34335188670318,100.0,60.00000000000001,0.9685666356094756,0.37135841793141033,0.0036276470085484245,-0.001006910263406127
1029,100.63576204016034,101.84498954504326,102.15236878914298,100.14535233135993,95.6022717728168,104.09586483975164,100.0,60.00000000000001,0.9710813047607176,0.33422257613826933,0.004419745771115195,-0.008414447928026805
1030,100.57904643495861,101.59499639894808,100.88169150948706,100.28565401288496,100.5790464349586,102.20824587419324,100.0,60.00000000000001,0.9733948003798603,0.4008003185244424,0.004932858940684804,-0.006485725023136621
1031,100.60439391212725,101.59499639894808,101.23974099492476,100.28565401288496,100.5790464349586,102.20824587419324,100.0,60.00000000000001,0.9733948003798603,0.4008003185244424,0.004932858940684804,-0.006485725023136621
1032,100.51627973184932,101.53159568873667,100.81873593966831,100.42615225432397,100.51627973184932,102.1444624635178,100.0,60.00000000000001,0.9355232163494716,0.46072028667199816,0.005293730423632468,-0.005473637162583025
1033,100.62564449606023,101.53159568873667,100.81873593966831,100.42615225432397,100.51627973184932,102.1444624635178,100.0,60.00000000000001,0.9355232163494716,0.46072028667199816,0.005293730423632468,-0.005473637162583025
1034,100.63356503595084,101.25203331992485,100.54113639591336,100.56684733105354,100.23951298672561,101.86321259549786,100.0,60.00000000000001,0.9006813590415139,0.5146482580047984,0.005383514638088711,-0.0033950539546212122
1035,100.68589565866995,101.25203331992485,100.54113639591336,100.56684733105354,100.23951298672561,101.86321259549786,100.0,60.00000000000001,0.9006813590415139,0.5146482580047984,0.005383514638088711,-0.0033950539546212122
1036,100.52005401414337,101.25203331992485,100.54113639591336,100.56684733105354,100.23951298672561,101.86321259549786,100.0,60.00000000000001,0.9006813590415139,0.5146482580047984,0.005383514638088711,-0.0033950539546212122
1037,100.54849022735095,101.23764844599387,100.52685251909125,100.61252873271596,100.22527196153395,101.84874089134193,100.0,60.00000000000001,0.8552935169848594,0.5631834322043185,0.0054321388332350005,-0.003096949044163857
1038,100.5151140288741,101.23764844599387,100.52685251909125,100.61252873271596,100.22527196153395,101.84874089134193,100.0,60.00000000000001,0.8552935169848594,0.5631834322043185,0.0054321388332350005,-0.003096949044163857
1039,100.50561553803095,101.23764844599387,100.52685251909125,100.61252873271596,100.22527196153395,101.84874089134193,100.0,60.00000000000001,0.8552935169848594,0.5631834322043185,0.0054321388332350005,-0.003096949044163857
1040,100.55581680961626,101.23764844599387,100.52685251909125,100.61252873271596,100.22527196153395,101.84874089134193,100.0,60.00000000000001,0.8552935169848594,0.5631834322043185,0.0054321388332350005,-0.003096949044163857
1041,100.52430636674099,101.23764844599387,100.52685251909125,100.61252873271596,100.22527196153395,101.84874089134193,100.0,60.00000000000001,0.8552935169848594,0.5631834322043185,0.0054321388332350005,-0.003096949044163857
1042,100.42585780107596,101.23764844599387,100.52685251909125,100.61252873271596,100.22527196153395,101.84874089134193,100.0,60.00000000000001,0.8552935169848594,0.5631834322043185,0.0054321388332350005,-0.003096949044163857
1043,100.45927232563456,101.23764844599387,100.52685251909125,100.61252873271596,100.22527196153395,101.84874089134193,100.0,60.00000000000001,0.8552935169848594,0.5631834322043185,0.0054321388332350005,-0.003096949044163857
1044,100.47764194289172,100.97505790395505,100.26610564184101,100.48755672200603,100.09743542571138,101.7188336338347,100.0,60.00000000000001,0.8521014849311923,0.4612174676277539,0.005294363705338442,-0.0024198096647068865
1045,100.52226235196352,100.9588063088788,100.2499681502407,100.34697257446058,99.94921824579002,101.56821560249377,100.0,60.00000000000001,0.8639333661366969,0.5150957208649786,0.005341422034676082,-0.0030393252385108975
1046,100.52204903473515,100.9588063088788,100.4846995937081,100.34697257446058,99.94921824579002,101.56821560249377,100.0,60.00000000000001,0.8639333661366969,0.5150957208649786,0.005341422034676082,-0.0030393252385108975
1047,100.34426798884371,100.9588063088788,100.4846995937081,100.34697257446058,99.94921824579002,101.56821560249377,100.0,60.00000000000001,0.8639333661366969,0.5150957208649786,0.005341422034676082,-0.0030393252385108975
1048,100.3857405361045,100.9588063088788,100.7493073226726,100.34697257446058,99.94921824579002,101.56821560249377,100.0,60.00000000000001,0.8639333661366969,0.5150957208649786,0.005341422034676082,-0.0030393252385108975
1049,100.29064078786527,100.9697900874232,101.27452788446772,100.35920321972038,97.83638585179627,103.76163898232062,100.0,60.00000000000001,0.8148186968457612,0.4635861487784807,0.0053848716211417486,-0.0030327816062305914
1050,100.40732998040562,100.9697900874232,100.77727885211578,100.35920321972038,97.83638585179627,103.76163898232062,100.0,60.00000000000001,0.8148186968457612,0.4635861487784807,0.0053848716211417486,-0.0030327816062305914
1051,100.39320270480371,100.9697900874232,100.76186889320192,100.35920321972038,97.83638585179627,103.76163898232062,100.0,60.00000000000001,0.8148186968457612,0.4635861487784807,0.0053848716211417486,-0.0030327816062305914
1052,100.24292822507644,100.9697900874232,100.54456191080887,100.35920321972038,97.83638585179627,103.76163898232062,100.0,60.00000000000001,0.8148186968457612,0.4635861487784807,0.0053848716211417486,-0.0030327816062305914
1053,100.18640224044404,100.9697900874232,100.7129809536556,100.35920321972038,97.83638585179627,103.76163898232062,100.0,60.00000000000001,0.8148186968457612,0.4635861487784807,0.0053848716211417486,-0.0030327816062305914
1054,100.0474519302677,100.9697900874232,100.3484974225353,100.35920321972038,97.83638585179627,103.76163898232062,100.0,60.00000000000001,0.8148186968457612,0.4635861487784807,0.0053848716211417486,-0.0030327816062305914
1055,100.00886670926005,100.9697900874232,100.41054193494274,100.35920321972038,97.83638585179627,103.76163898232062,100.0,60.00000000000001,0.8148186968457612,0.4635861487784807,0.0053848716211417486,-0.0030327816062305914
1056,100.00221657273994,100.9697900874232,100.30312595059172,100.35920321972038,97.83638585179627,103.76163898232062,100.0,60.00000000000001,0.8148186968457612,0.4635861487784807,0.0053848716211417486,-0.0030327816062305914
1057,100.14503522225887,100.9697900874232,100.30312595059172,100.35920321972038,97.83638585179627,103.76163898232062,100.0,60.00000000000001,0.8148186968457612,0.4635861487784807,0.0053848716211417486,-0.0030327816062305914
1058,100.2233234790218,100.9697900874232,100.30312595059172,100.35920321972038,97.83638585179627,103.76163898232062,100.0,60.00000000000001,0.8148186968457612,0.4635861487784807,0.0053848716211417486,-0.0030327816062305914
1059,100.24060189579198,100.9697900874232,100.85649443541905,100.35920321972038,97.83638585179627,103.76163898232062,100.0,60.00000000000001,0.8148186968457612,0.4635861487784807,0.0053848716211417486,-0.0030327816062305914
1060,100.07912928705542,100.9697900874232,100.38027009734746,100.35920321972038,97.83638585179627,103.76163898232062,100.0,60.00000000000001,0.8148186968457612,0.4635861487784807,0.0053848716211417486,-0.0030327816062305914
1061,99.9693100718998,100.9697900874232,100.27012043319941,100.35920321972038,97.83638585179627,103.76163898232062,100.0,60.00000000000001,0.8148186968457612,0.4635861487784807,0.0053848716211417486,-0.0030327816062305914
1062,99.8900425485655,100.83506501432049,100.12709565113069,100.27935554864635,99.89004254856552,101.5080813655321,100.0,60.00000000000001,0.8044369737795953,0.39309292576448085,0.005273199001493538,-0.0027631507681974386
1063,99.92722043920193,100.83506501432049,100.22584964142678,100.27935554864635,99.89004254856552,101.5080813655321,100.0,60.00000000000001,0.8044369737795953,0.39309292576448085,0.005273199001493538,-0.0027631507681974386
1064,99.98734435074202,100.83506501432049,100.22584964142678,100.27935554864635,99.89004254856552,101.5080813655321,100.0,60.00000000000001,0.8044369737795953,0.39309292576448085,0.005273199001493538,-0.0027631507681974386
1065,99.90142410096306,100.83506501432049,100.27705184464519,100.27935554864635,99.89004254856552,101.5080813655321,100.0,60.00000000000001,0.8044369737795953,0.39309292576448085,0.005273199001493538,-0.0027631507681974386
1066,99.69103214705541,100.69801226975294,99.99100516254306,100.13906267880164,99.69103214705541,101.30584735387619,100.0,60.00000000000001,0.7600820158772278,0.45378363318803283,0.0052907798804619375,-0.0027830996398174337
1067,99.65874917328826,100.66540320534166,99.95862504843355,100.04381697774085,99.65874917328824,101.27304145406606,100.0,60.00000000000001,0.7792754546070496,0.5084052698692295,0.005344968161065781,-0.003096949044163613
1068,99.65807449618146,100.66472171331458,99.95794834120507,100.0563566136617,98.59907749319179,102.36145096777088,100.0,60.00000000000001,0.7969334182384856,0.4575647428823066,0.0053879789360316436,-0.0030308979242421484
1069,99.69602988688034,100.5126326338955,99.80692708882303,99.91637572388896,99.50750630755655,101.11934872625302,100.0,60.00000000000001,0.8131787447794068,0.5118082685940759,0.005421689643984067,-0.002974903258225866
1070,99.74931276570487,100.38898372062604,99.68414632238698,99.77659067024463,99.3850938834198,100.9949534412737,100.0,60.00000000000001,0.8281244451970542,0.5606274417346684,0.005463521302850377,-0.0030594324335991075
1071,99.66880363443877,100.38898372062604,99.68414632238698,99.77659067024463,99.3850938834198,100.9949534412737,100.0,60.00000000000001,0.8281244451970542,0.5606274417346684,0.005463521302850377,-0.0030594324335991075
1072,99.66871524690211,100.07988502052349,99.37721782378964,99.78887218483915,97.86108466425489,102.56776699286773,100.0,60.00000000000001,0.8018744895812899,0.5045646975612016,0.00531043250481206,-0.0014560196388539856
1073,99.74588396649078,99.97410249787251,99.27217800691454,99.80386881745028,96.82721530637323,103.66293089967579,100.0,60.00000000000001,1.0558251337235336,0.3451222531318619,0.004873497573929573,-0.0008521143712764702
1074,99.63586633571299,99.97410249787251,99.33695873670585,99.80386881745028,96.82721530637323,103.66293089967579,100.0,60.00000000000001,1.0558251337235336,0.3451222531318619,0.004873497573929573,-0.0008521143712764702
1075,99.60033457635737,99.97410249787251,99.38499661749657,99.80386881745028,96.82721530637323,103.66293089967579,100.0,60.00000000000001,1.0558251337235336,0.3451222531318619,0.004873497573929573,-0.0008521143712764702
1076,99.68984881246449,99.97410249787251,99.42459730114251,99.80386881745028,96.82721530637323,103.66293089967579,100.0,60.00000000000001,1.0558251337235336,0.3451222531318619,0.004873497573929573,-0.0008521143712764702
1077,99.81440816566193,99.97410249787251,99.51496494116496,99.80386881745028,96.82721530637323,103.66293089967579,100.0,60.00000000000001,1.0558251337235336,0.3451222531318619,0.004873497573929573,-0.0008521143712764702
1078,99.80105729637836,99.97410249787251,99.51496494116496,99.80386881745028,96.82721530637323,103.66293089967579,100.0,60.00000000000001,1.0558251337235336,0.3451222531318619,0.004873497573929573,-0.0008521143712764702
1079,99.89931737901053,98.91493968225252,98.2204516403511,99.80564480753809,94.54282817082931,105.48273245793531,100.0,90.24396280422408,0.9846924563589843,0.3106100278186757,0.0051189551532660645,0.004482198598461336
1080,99.90517977318336,99.00359584044328,99.60546423386383,99.66601466871097,98.01355988203886,99.90517977318335,100.0,90.24396280422408,0.9859170598502656,0.3795490250368081,0.005211932153273418,0.003334273553816393
1081,100.05085216726081,99.14795362910948,99.75069961075901,99.59289340917783,98.1564740928184,100.05085216726081,100.0,87.24396280422408,0.9870436950622443,0.44159412253312735,0.005167871931291696,0.002238793819685289
1082,100.16070649849702,99.28686480327703,99.86022437900154,99.70948800916536,98.29399615524427,100.160706498497,100.0,87.24396280422408,0.9880801994572648,0.4974347102798147,0.00511265283376858,0.0021237736265781806
1083,100.13714407740248,99.95947153130756,100.47589913794202,99.68731985894235,97.29403118575813,101.19013447672782,100.0,78.24396280422408,1.543768153881816,0.2585864597918589,0.004398074449846004,-0.0013631657712607343
1084,100.20417732832966,99.95947153130756,100.47589913794202,99.68731985894235,97.29403118575813,101.19013447672782,100.0,78.24396280422408,1.543768153881816,0.2585864597918589,0.004398074449846004,-0.0013631657712607343
1085,100.17232231759093,99.95947153130756,100.47374354823562,99.68731985894235,97.29403118575813,101.19013447672782,100.0,78.24396280422408,1.543768153881816,0.2585864597918589,0.004398074449846004,-0.0013631657712607343
1086,100.27192160515541,100.00326695541168,100.48952703610816,99.6733575408046,95.82295461766452,102.74360813390008,98.0,75.24396280422408,1.4469333682379373,0.23272781381267302,0.004332456384225977,-0.001652218507997315
1087,100.27939543262217,100.12072139107951,100.57714149627635,99.65981596067057,94.99624393515536,103.63774073204586,98.0,72.24396280422408,1.4111786987789023,0.20945503243140573,0.004349356538523558,-0.0023070587181245085
1088,100.22286333086706,100.12072139107951,100.50002426715054,99.65981596067057,94.99624393515536,103.63774073204586,98.0,72.24396280422408,1.4111786987789023,0.20945503243140573,0.004349356538523558,-0.0023070587181245085
1089,100.36719500501471,100.12072139107951,100.50002426715054,99.65981596067057,94.99624393515536,103.63774073204586,98.0,72.24396280422408,1.4111786987789023,0.20945503243140573,0.004349356538523558,-0.0023070587181245085
1090,100.46195711340175,100.12072139107951,100.50002426715054,99.65981596067057,94.99624393515536,103.63774073204586,98.0,72.24396280422408,1.4111786987789023,0.20945503243140573,0.004349356538523558,-0.0023070587181245085
1091,100.48153985513196,100.12072139107951,100.50002426715054,99.65981596067057,94.99624393515536,103.63774073204586,98.0,72.24396280422408,1.4111786987789023,0.20945503243140573,0.004349356538523558,-0.0023070587181245085
1092,100.5206836445648,100.91643392827253,101.3458471879486,99.65891368276867,93.93180570322893,105.67332227173401,100.0,69.24396280422408,1.3142844028765903,0.18850952918826516,0.004840752843710804,-0.006269565330344003
1093,100.45824250942903,100.91643392827253,100.69950893935768,99.65891368276867,93.93180570322893,105.67332227173401,100.0,69.24396280422408,1.3142844028765903,0.18850952918826516,0.004840752843710804,-0.006269565330344003
1094,100.45169385958964,100.91643392827253,100.76673351616408,99.65891368276867,93.93180570322893,105.67332227173401,100.0,69.24396280422408,1.3142844028765903,0.18850952918826516,0.004840752843710804,-0.006269565330344003
1095,100.51726879791444,100.91643392827253,100.76673351616408,99.65891368276867,93.93180570322893,105.67332227173401,100.0,69.24396280422408,1.3142844028765903,0.18850952918826516,0.004840752843710804,-0.006269565330344003
1096,100.4963360200846,100.98750603334837,101.3865844031744,99.68773855550468,93.97897311463399,107.73941434277037,100.0,66.24396280422408,1.2291416506464632,0.16965857626943864,0.005327554905474079,-0.00647696969552312
1097,100.54819672328637,100.98750603334837,100.85074897019699,99.68773855550468,93.97897311463399,107.73941434277037,100.0,66.24396280422408,1.2291416506464632,0.16965857626943864,0.005327554905474079,-0.00647696969552312
1098,100.56699289921123,100.98750603334837,101.19429510238805,99.68773855550468,93.97897311463399,107.73941434277037,100.0,66.24396280422408,1.2291416506464632,0.16965857626943864,0.005327554905474079,-0.00647696969552312
1099,100.54436756592497,100.98750603334837,100.84690829079736,99.68773855550468,93.97897311463399,107.73941434277037,100.0,66.24396280422408,1.2291416506464632,0.16965857626943864,0.005327554905474079,-0.00647696969552312
1100,100.59286771064801,100.98750603334837,101.11732725529734,99.68773855550468,93.97897311463399,107.73941434277037,100.0,66.24396280422408,1.2291416506464632,0.16965857626943864,0.005327554905474079,-0.00647696969552312
1101,100.40369504222281,100.98750603334837,101.26047024743322,99.68773855550468,93.97897311463399,107.73941434277037,100.0,66.24396280422408,1.2291416506464632,0.16965857626943864,0.005327554905474079,-0.00647696969552312
1102,100.39867464352523,100.98750603334837,100.74525535962975,99.68773855550468,93.97897311463399,107.73941434277037,100.0,66.24396280422408,1.2291416506464632,0.16965857626943864,0.005327554905474079,-0.00647696969552312
1103,100.42834196080115,100.98750603334837,100.63118221325122,99.68773855550468,93.97897311463399,107.73941434277037,100.0,66.24396280422408,1.2291416506464632,0.16965857626943864,0.005327554905474079,-0.00647696969552312
1104,100.66069551151595,100.98750603334837,100.39244879596914,99.68773855550468,93.97897311463399,107.73941434277037,100.0,66.24396280422408,1.2291416506464632,0.16965857626943864,0.005327554905474079,-0.00647696969552312
1105,100.74640088276503,100.98750603334837,100.44416168011674,99.68773855550468,93.97897311463399,107.73941434277037,100.0,66.24396280422408,1.2291416506464632,0.16965857626943864,0.005327554905474079,-0.00647696969552312
1106,100.76048188373348,100.4999311558475,99.794314788655,99.83471070251714,99.90794721726047,101.59009142503699,100.0,66.24396280422408,1.1082720485039022,0.19204646616829602,0.005518989285504603,-0.0033205462977325137
1107,100.872206084756,100.4999311558475,100.69556896862073,99.83471070251714,99.90794721726047,101.59009142503699,100.0,66.24396280422408,1.1082720485039022,0.19204646616829602,0.005518989285504603,-0.0033205462977325137
1108,100.91918662884837,100.4999311558475,100.6637793881654,99.83471070251714,99.90794721726047,101.59009142503699,100.0,66.24396280422408,1.1082720485039022,0.19204646616829602,0.005518989285504603,-0.0033205462977325137
1109,100.9737343376289,100.4999311558475,100.63575738076095,99.83471070251714,99.90794721726047,101.59009142503699,100.0,66.24396280422408,1.1082720485039022,0.19204646616829602,0.005518989285504603,-0.0033205462977325137
1110,101.00087476903086,100.4999311558475,100.69787214472375,99.83471070251714,99.90794721726047,101.59009142503699,100.0,66.24396280422408,1.1082720485039022,0.19204646616829602,0.005518989285504603,-0.0033205462977325137
1111,101.01967585366002,100.4999311558475,100.71661682609906,99.83471070251714,99.90794721726047,101.59009142503699,100.0,66.24396280422408,1.1082720485039022,0.19204646616829602,0.005518989285504603,-0.0033205462977325137
1112,101.02129754876562,100.4999311558475,100.78513524710928,99.83471070251714,99.90794721726047,101.59009142503699,100.0,66.24396280422408,1.1082720485039022,0.19204646616829602,0.005518989285504603,-0.0033205462977325137
1113,101.2172536082694,100.54675040995224,100.91360184744458,99.86191445743925,97.032452842841,104.60064848951303,100.0,63.243962804224076,1.0310388560521613,0.1728418195514664,0.005597915202936478,-0.0034171973201164454
1114,101.07798250038452,100.66500793662308,101.00178824671674,99.8883091821541,95.95215267001409,105.77831981315329,100.0,60.24396280422408,1.0285557475679885,0.15555763759631977,0.005726776141803052,-0.0038727793966578336
1115,101.01910233704106,100.66500793662308,101.00178824671674,99.8883091821541,95.95215267001409,105.77831981315329,100.0,60.24396280422408,1.0285557475679885,0.15555763759631977,0.005726776141803052,-0.0038727793966578336
1116,101.06457717626886,100.66500793662308,101.00178824671674,99.8883091821541,95.95215267001409,105.77831981315329,100.0,60.24396280422408,1.0285557475679885,0.15555763759631977,0.005726776141803052,-0.0038727793966578336
1117,101.13267334610595,100.66500793662308,100.70138802122652,99.8883091821541,95.95215267001409,105.77831981315329,100.0,60.24396280422408,1.0285557475679885,0.15555763759631977,0.005726776141803052,-0.0038727793966578336
1118,101.22200170847871,100.66500793662308,100.45642497910904,99.8883091821541,95.95215267001409,105.77831981315329,100.0,60.24396280422408,1.0285557475679885,0.15555763759631977,0.005726776141803052,-0.0038727793966578336
1119,101.32886626697909,101.1585404635376,101.28083634113638,99.90690899119038,94.13813775536808,107.40859824299784,100.0,54.24396280422408,0.9925716044547885,0.10640142411588273,0.005892892207369285,-0.006224995272641472
1120,101.3625859114098,101.37824815869945,101.62536969157489,99.93841723184528,94.3425977364857,108.04703297198533,100.0,51.24396280422408,0.9931658760984055,0.09576128170429446,0.006397581735231833,-0.007152070217639288
1121,101.32611206952518,101.37824815869945,101.23686231864285,99.93841723184528,94.3425977364857,108.04703297198533,100.0,51.24396280422408,0.9931658760984055,0.09576128170429446,0.006397581735231833,-0.007152070217639288
1122,101.40042650282271,101.37824815869945,101.40373925448341,99.93841723184528,94.3425977364857,108.04703297198533,100.0,51.24396280422408,0.9931658760984055,0.09576128170429446,0.006397581735231833,-0.007152070217639288
1123,101.21222353692468,101.37824815869945,101.40373925448341,99.93841723184528,94.3425977364857,108.04703297198533,100.0,51.24396280422408,0.9931658760984055,0.09576128170429446,0.006397581735231833,-0.007152070217639288
1124,101.28902758365754,101.37824815869945,101.40373925448341,99.93841723184528,94.3425977364857,108.04703297198533,100.0,51.24396280422408,0.9931658760984055,0.09576128170429446,0.006397581735231833,-0.007152070217639288
1125,101.36085475378088,101.37824815869945,101.44130324137484,99.93841723184528,94.3425977364857,108.04703297198533,100.0,51.24396280422408,0.9931658760984055,0.09576128170429446,0.006397581735231833,-0.007152070217639288
1126,101.44188322182366,101.37824815869945,101.44130324137484,99.93841723184528,94.3425977364857,108.04703297198533,100.0,51.24396280422408,0.9931658760984055,0.09576128170429446,0.006397581735231833,-0.007152070217639288
1127,101.47753095136453,101.37824815869945,101.46814833604184,99.93841723184528,94.3425977364857,108.04703297198533,100.0,51.24396280422408,0.9931658760984055,0.09576128170429446,0.006397581735231833,-0.007152070217639288
1128,101.49538954318359,101.37824815869945,101.46814833604184,99.93841723184528,94.3425977364857,108.04703297198533,100.0,51.24396280422408,0.9931658760984055,0.09576128170429446,0.006397581735231833,-0.007152070217639288
1129,101.45569176161743,101.37824815869945,101.53569862443783,99.93841723184528,94.3425977364857,108.04703297198533,100.0,51.24396280422408,0.9931658760984055,0.09576128170429446,0.006397581735231833,-0.007152070217639288
1130,101.51795033837962,101.60635518186554,101.81304345044632,99.98439420521416,94.55487413224407,108.22485608592767,100.0,45.24396280422408,0.9389358326882158,0.06550071668573741,0.00704287051741448,-0.008045810542313236
1131,101.63319334231478,101.60635518186554,101.81304345044632,99.98439420521416,94.55487413224407,108.22485608592767,100.0,45.24396280422408,0.9389358326882158,0.06550071668573741,0.00704287051741448,-0.008045810542313236
1132,101.55131169808399,101.60635518186554,101.81304345044632,99.98439420521416,94.55487413224407,108.22485608592767,100.0,45.24396280422408,0.9389358326882158,0.06550071668573741,0.00704287051741448,-0.008045810542313236
1133,101.61811280448282,101.60635518186554,101.81304345044632,99.98439420521416,94.55487413224407,108.22485608592767,100.0,45.24396280422408,0.9389358326882158,0.06550071668573741,0.00704287051741448,-0.008045810542313236
1134,101.57249052381029,101.60635518186554,101.52372683198637,99.98439420521416,94.55487413224407,108.22485608592767,100.0,45.24396280422408,0.9389358326882158,0.06550071668573741,0.00704287051741448,-0.008045810542313236
1135,101.51743290233196,101.60635518186554,101.52034978012794,99.98439420521416,94.55487413224407,108.22485608592767,100.0,45.24396280422408,0.9389358326882158,0.06550071668573741,0.00704287051741448,-0.008045810542313236
1136,101.53360013724657,101.60635518186554,101.4296210041714,99.98439420521416,94.55487413224407,108.22485608592767,100.0,45.24396280422408,0.9389358326882158,0.06550071668573741,0.00704287051741448,-0.008045810542313236
1137,101.42761478359881,101.60635518186554,101.36750091503394,99.98439420521416,94.55487413224407,108.22485608592767,100.0,45.24396280422408,0.9389358326882158,0.06550071668573741,0.00704287051741448,-0.008045810542313236
1138,101.41971733625373,101.60635518186554,101.36750091503394,99.98439420521416,94.55487413224407,108.22485608592767,100.0,45.24396280422408,0.9389358326882158,0.06550071668573741,0.00704287051741448,-0.008045810542313236
1139,101.31966990013697,101.60635518186554,101.36750091503394,99.98439420521416,94.55487413224407,108.22485608592767,100.0,45.24396280422408,0.9389358326882158,0.06550071668573741,0.00704287051741448,-0.008045810542313236
1140,101.21599859517295,101.60635518186554,101.06667322870592,99.98439420521416,94.55487413224407,108.22485608592767,100.0,45.24396280422408,0.9389358326882158,0.06550071668573741,0.00704287051741448,-0.008045810542313236
1141,101.27112953288501,101.60635518186554,101.06667322870592,99.98439420521416,94.55487413224407,108.22485608592767,100.0,45.24396280422408,0.9389358326882158,0.06550071668573741,0.00704287051741448,-0.008045810542313236
1142,101.08789823123176,101.36561602315815,100.65392162780998,100.12447038754999,100.35195986292658,101.82631864046418,100.0,47.24396280422408,0.8704876327398253,0.15895064501716366,0.007359487805360812,-0.00615983474779133
1143,101.0950985738589,101.32184672118339,100.61045963287017,100.26474281387983,100.30862825397158,101.80280350741039,100.0,50.24396280422408,0.8808486221206393,0.24305558051544732,0.00754719468059264,-0.00524391979516927
1144,101.09371929188141,101.32184672118339,100.79043813400577,100.26474281387983,100.30862825397158,101.80280350741039,100.0,50.24396280422408,0.8808486221206393,0.24305558051544732,0.00754719468059264,-0.00524391979516927
1145,100.97321329311413,101.32184672118339,100.79043813400577,100.26474281387983,100.30862825397158,101.80280350741039,100.0,50.24396280422408,0.8808486221206393,0.24305558051544732,0.00754719468059264,-0.00524391979516927
1146,101.13325053746485,101.32184672118339,100.82985078585244,100.26474281387983,100.30862825397158,101.80280350741039,100.0,50.24396280422408,0.8808486221206393,0.24305558051544732,0.00754719468059264,-0.00524391979516927
1147,101.03194800480985,101.32184672118339,100.84444061055996,100.26474281387983,100.30862825397158,101.80280350741039,100.0,50.24396280422408,0.8808486221206393,0.24305558051544732,0.00754719468059264,-0.00524391979516927
1148,101.13737926285653,101.32184672118339,100.63723595916952,100.26474281387983,100.30862825397158,101.80280350741039,100.0,50.24396280422408,0.8808486221206393,0.24305558051544732,0.00754719468059264,-0.00524391979516927
1149,101.07695890060599,101.32184672118339,100.95504028337552,100.26474281387983,100.30862825397158,101.80280350741039,100.0,50.24396280422408,0.8808486221206393,0.24305558051544732,0.00754719468059264,-0.00524391979516927
1150,101.13767679412506,101.32184672118339,100.95504028337552,100.26474281387983,100.30862825397158,101.80280350741039,100.0,50.24396280422408,0.8808486221206393,0.24305558051544732,0.00754719468059264,-0.00524391979516927
1151,101.2423954030259,101.32938265101525,101.53554933949418,100.28829946393192,96.11624414260426,106.24322312351497,100.0,53.243962804224076,0.8203807323509882,0.2187500224639026,0.007714006532532083,-0.005163650212434202
1152,101.24711167248134,101.52228388674379,101.75952507187381,100.31115470241318,94.64474183816785,107.89505443099873,100.0,56.243962804224076,0.8347502737629091,0.19687502021751235,0.007971251214538195,-0.006000636925162445
1153,101.26658808725918,101.52228388674379,101.65776384327842,100.31115470241318,94.64474183816785,107.89505443099873,100.0,56.243962804224076,0.8347502737629091,0.19687502021751235,0.007971251214538195,-0.006000636925162445
1154,101.19010720069785,101.52228388674379,101.49459097361871,100.31115470241318,94.64474183816785,107.89505443099873,100.0,56.243962804224076,0.8347502737629091,0.19687502021751235,0.007971251214538195,-0.006000636925162445
1155,101.05282272097047,101.52228388674379,101.35689340117399,100.31115470241318,94.64474183816785,107.89505443099873,100.0,56.243962804224076,0.8347502737629091,0.19687502021751235,0.007971251214538195,-0.006000636925162445
1156,101.12746235083571,101.52228388674379,101.35689340117399,100.31115470241318,94.64474183816785,107.89505443099873,100.0,56.243962804224076,0.8347502737629091,0.19687502021751235,0.007971251214538195,-0.006000636925162445
1157,101.11448764236394,101.52228388674379,101.35689340117399,100.31115470241318,94.64474183816785,107.89505443099873,100.0,56.243962804224076,0.8347502737629091,0.19687502021751235,0.007971251214538195,-0.006000636925162445
1158,101.02364851060877,101.52228388674379,101.23008026485708,100.31115470241318,94.64474183816785,107.89505443099873,100.0,56.243962804224076,0.8347502737629091,0.19687502021751235,0.007971251214538195,-0.006000636925162445
1159,101.00630791972365,101.52228388674379,100.88861454904986,100.31115470241318,94.64474183816785,107.89505443099873,100.0,56.243962804224076,0.8347502737629091,0.19687502021751235,0.007971251214538195,-0.006000636925162445
1160,100.77781651470015,101.52228388674379,101.31773154344225,100.31115470241318,94.64474183816785,107.89505443099873,100.0,56.243962804224076,0.8347502737629091,0.19687502021751235,0.007971251214538195,-0.006000636925162445
1161,100.75535917800795,101.52228388674379,101.05853478235503,100.31115470241318,94.64474183816785,107.89505443099873,100.0,56.243962804224076,0.8347502737629091,0.19687502021751235,0.007971251214538195,-0.006000636925162445
1162,100.91046563199983,101.52228388674379,101.05853478235503,100.31115470241318,94.64474183816785,107.89505443099873,100.0,56.243962804224076,0.8347502737629091,0.19687502021751235,0.007971251214538195,-0.006000636925162445
1163,100.86964058099636,101.10371121469262,100.39385566955433,100.45168866981986,100.09267410254569,101.67557494019606,100.0,58.243962804224076,0.7752429791346037,0.27718751819576115,0.007881172034041407,-0.0032349544852003603
1164,100.87430880890842,101.10371121469262,100.57168588248172,100.45168866981986,100.09267410254569,101.67557494019606,100.0,58.243962804224076,0.7752429791346037,0.27718751819576115,0.007881172034041407,-0.0032349544852003603
1165,100.64671937104454,101.10371121469262,100.75083546880475,100.45168866981986,100.09267410254569,101.67557494019606,100.0,58.243962804224076,0.7752429791346037,0.27718751819576115,0.007881172034041407,-0.0032349544852003603
1166,100.63842059137927,101.10371121469262,100.75083546880475,100.45168866981986,100.09267410254569,101.67557494019606,100.0,58.243962804224076,0.7752429791346037,0.27718751819576115,0.007881172034041407,-0.0032349544852003603
1167,100.7661690533177,101.10371121469262,100.75083546880475,100.45168866981986,100.09267410254569,101.67557494019606,100.0,58.243962804224076,0.7752429791346037,0.27718751819576115,0.007881172034041407,-0.0032349544852003603
1168,100.80964625829922,101.10371121469262,100.42987998613856,100.45168866981986,100.09267410254569,101.67557494019606,100.0,58.243962804224076,0.7752429791346037,0.27718751819576115,0.007881172034041407,-0.0032349544852003603
1169,100.76842833924823,101.10371121469262,100.4661230542305,100.45168866981986,100.09267410254569,101.67557494019606,100.0,58.243962804224076,0.7752429791346037,0.27718751819576115,0.007881172034041407,-0.0032349544852003603
1170,100.79836572091186,101.10371121469262,100.49597062374912,100.45168866981986,100.09267410254569,101.67557494019606,100.0,58.243962804224076,0.7752429791346037,0.27718751819576115,0.007881172034041407,-0.0032349544852003603
1171,100.83971031180863,101.10371121469262,100.53719118087322,100.45168866981986,100.09267410254569,101.67557494019606,100.0,58.243962804224076,0.7752429791346037,0.27718751819576115,0.007881172034041407,-0.0032349544852003603
1172,100.8814178732488,101.10371121469262,100.57877361962905,100.45168866981986,100.09267410254569,101.67557494019606,100.0,58.243962804224076,0.7752429791346037,0.27718751819576115,0.007881172034041407,-0.0032349544852003603
1173,101.03439757860053,101.10371121469262,100.73129438586471,100.45168866981986,100.09267410254569,101.67557494019606,100.0,58.243962804224076,0.7752429791346037,0.27718751819576115,0.007881172034041407,-0.0032349544852003603
1174,101.06200963244689,101.10371121469262,100.56153458985378,100.45168866981986,100.09267410254569,101.67557494019606,100.0,58.243962804224076,0.7752429791346037,0.27718751819576115,0.007881172034041407,-0.0032349544852003603
1175,101.01073365782932,101.10371121469262,100.70770145685582,100.45168866981986,100.09267410254569,101.67557494019606,100.0,58.243962804224076,0.7752429791346037,0.27718751819576115,0.007881172034041407,-0.0032349544852003603
1176,101.04659751216455,101.06770411835792,100.3581013813183,100.43937550089213,100.05702707717434,101.65981114425497,100.0,56.243962804224076,0.7193773869576816,0.34946876637618507,0.0077824805180502655,-0.0031181466112904298
1177,101.09531860658986,101.06770411835792,100.72996635213661,100.43937550089213,100.05702707717434,101.65981114425497,100.0,56.243962804224076,0.7193773869576816,0.34946876637618507,0.0077824805180502655,-0.0031181466112904298
1178,101.02130238460174,101.06770411835792,100.7031241709423,100.43937550089213,100.05702707717434,101.65981114425497,100.0,56.243962804224076,0.7193773869576816,0.34946876637618507,0.0077824805180502655,-0.0031181466112904298
1179,100.85002673195244,101.06770411835792,100.7031241709423,100.43937550089213,100.05702707717434,101.65981114425497,100.0,56.243962804224076,0.7193773869576816,0.34946876637618507,0.0077824805180502655,-0.0031181466112904298
1180,100.89344996936678,100.90883356994782,100.20034627306755,100.29885875986066,99.89974523424833,101.47959502675506,100.0,54.243962804224076,0.6818271960010671,0.41452188973856663,0.007679320966595433,-0.0030315680430711037
1181,101.06261509554618,98.97267638893062,98.2777829739632,100.31347163568526,98.37714329711865,103.05021420503525,97.0,100.0,0.9696791958503657,0.2835329725811796,0.007882032627646765,0.00672799017917211
1182,100.98842873189322,100.05031161484294,100.72721466222198,100.32753473924508,96.83847925451339,104.68757634042491,91.0,94.0,1.1762417909422225,0.19393655324552683,0.007242479349937853,0.0013835018663303177
1183,100.7861587501754,100.16572115430796,100.8128649211034,100.33828719245876,95.4458880437188,106.2150072405836,91.0,91.0,1.1621424476668447,0.17454289792097416,0.006911209969049199,0.0008606612883885512
1184,100.89560006952973,100.28666650798749,100.82133155358584,100.3429314594641,94.1356709439909,107.28011554997148,91.0,88.0,1.1491710518534972,0.15708860812887676,0.00653019040327335,0.0002804419290404881
1185,101.00114166281226,100.28666650798749,100.82133155358584,100.3429314594641,94.1356709439909,107.28011554997148,91.0,88.0,1.1491710518534972,0.15708860812887676,0.00653019040327335,0.0002804419290404881
1186,100.75494966011841,100.28666650798749,100.82133155358584,100.3429314594641,94.1356709439909,107.28011554997148,91.0,88.0,1.1491710518534972,0.15708860812887676,0.00653019040327335,0.0002804419290404881
1187,100.72846807573559,100.28666650798749,100.73499127251497,100.3429314594641,94.1356709439909,107.28011554997148,91.0,88.0,1.1491710518534972,0.15708860812887676,0.00653019040327335,0.0002804419290404881
1188,100.85194425723353,100.28666650798749,100.73499127251497,100.3429314594641,94.1356709439909,107.28011554997148,91.0,88.0,1.1491710518534972,0.15708860812887676,0.00653019040327335,0.0002804419290404881
1189,100.78330255596583,100.28666650798749,100.75702635252476,100.3429314594641,94.1356709439909,107.28011554997148,91.0,88.0,1.1491710518534972,0.15708860812887676,0.00653019040327335,0.0002804419290404881
1190,100.81128733729152,100.28666650798749,100.75702635252476,100.3429314594641,94.1356709439909,107.28011554997148,91.0,88.0,1.1491710518534972,0.15708860812887676,0.00653019040327335,0.0002804419290404881
1191,100.79296687744622,100.63715860406573,101.1954080970787,100.33860616157024,93.7380788331226,107.36818739140223,91.0,82.0,1.062988003952927,0.10744860796015171,0.00589328437952331,-0.001485514648214655
1192,100.81153807887502,102.49722373927371,103.03461591858836,100.3834195042947,95.47062906305153,108.64117726869964,100.0,82.0,1.0579489636366928,0.09670374716413654,0.006790007126805016,-0.010418954717337385
1193,100.93328262956072,101.95281073693003,101.2369936103919,100.52405471327658,100.93328262956074,102.79573577024605,100.0,82.0,1.0533130465457574,0.1870333724477229,0.0072293877287466545,-0.007056391457249297
1194,100.88556154929354,101.90460762554903,101.18912893610184,100.66488694943789,100.88556154929356,102.74713412537714,100.0,82.0,1.049048002822097,0.2683300352029506,0.00753003089079243,-0.006119977140251166
1195,100.72510629839722,101.74253161454266,101.13178295144884,100.80591648880984,100.72510629839722,102.58371810298715,100.0,82.0,1.0451241625963292,0.34149703168265555,0.00763313141871921,-0.004624153551919116
1196,100.68125616536707,101.61622055949285,100.9027666538595,100.95239676584883,100.68125616536707,102.53905883330896,100.0,82.0,1.230381099079126,0.30958396967093643,0.00735934698716692,-0.0032770317653788195
1197,100.61954854284761,101.61622055949285,100.9027666538595,100.95239676584883,100.68125616536707,102.53905883330896,100.0,82.0,1.230381099079126,0.30958396967093643,0.00735934698716692,-0.0032770317653788195
1198,100.60859362983011,101.61622055949285,100.9027666538595,100.95239676584883,100.68125616536707,102.53905883330896,100.0,82.0,1.230381099079126,0.30958396967093643,0.00735934698716692,-0.0032770317653788195
1199,100.55955743472366,101.5753105401249,100.86214386632264,101.0018018774112,100.55955743472364,102.41511447885146,100.0,82.0,1.1586172778194626,0.3786255727038428,0.0072575146919062325,-0.0028310634694586204
1200,100.50367015907229,101.3656228712006,101.12233788766686,100.9495079577145,100.50367015907227,102.35819595335515,97.0,82.0,1.3118237585632464,0.3349798917294285,0.006855490937540901,-0.0020567661537780743
1201,100.47992657110002,101.3656228712006,100.78227339127385,100.9495079577145,100.50367015907227,102.35819595335515,97.0,82.0,1.3118237585632464,0.3349798917294285,0.006855490937540901,-0.0020567661537780743
1202,100.51624567577646,101.3656228712006,100.71907259361542,100.9495079577145,100.50367015907227,102.35819595335515,97.0,82.0,1.3118237585632464,0.3349798917294285,0.006855490937540901,-0.0020567661537780743
1203,100.42965037936831,101.3300323783476,100.64907829917517,100.80827753094007,100.34713106427762,102.16780840728735,97.0,82.0,1.2335445245448533,0.40148190255648564,0.006753903463225184,-0.0025811774504381686
1204,100.38564570680545,101.3300323783476,100.96881325191197,100.80827753094007,100.34713106427762,102.16780840728735,97.0,82.0,1.2335445245448533,0.40148190255648564,0.006753903463225184,-0.0025811774504381686
1205,100.28637012809949,101.26867628809401,100.58813453169455,100.7200888837856,100.28637012809949,102.1059450374007,97.0,82.0,1.1748609625812652,0.4613337123008371,0.006674581690823915,-0.0027159302837540997
1206,100.27199713858694,101.25416251498228,100.57371829346734,100.70565373393036,100.27199713858695,102.09131126737475,97.0,82.0,1.160872085574764,0.5152003410707534,0.006600019224766762,-0.002715930283754483
1207,100.25671585065105,101.23873154665361,100.5583910237222,100.69030635744058,100.25671585065106,102.07575271894899,97.0,82.0,1.148002318728783,0.5636803069636781,0.006529930506672972,-0.002715930283754003
1208,100.40347750696995,101.23873154665361,100.5583910237222,100.69030635744058,100.25671585065106,102.07575271894899,97.0,82.0,1.148002318728783,0.5636803069636781,0.006529930506672972,-0.002715930283754003
1209,100.40146458066639,101.23873154665361,100.77488165128666,100.69030635744058,100.25671585065106,102.07575271894899,97.0,82.0,1.148002318728783,0.5636803069636781,0.006529930506672972,-0.002715930283754003
1210,100.14460264083647,101.12552018664697,100.44594046222312,100.57770828012302,100.14460264083648,101.96160535052124,95.0,82.0,1.082828799897147,0.6073122762673103,0.006464047111664875,-0.0027159302837544835
1211,100.23921047510078,101.03762755589833,100.37890681456099,100.50571554148016,100.0777700941173,101.87298604143811,92.0,82.0,1.0762024959053753,0.6465810486405793,0.006392908319679763,-0.0026391941616308403
1212,100.26798266342821,101.03762755589833,100.37890681456099,100.50571554148016,100.0777700941173,101.87298604143811,92.0,82.0,1.0762024959053753,0.6465810486405793,0.006392908319679763,-0.0026391941616308403
1213,100.35655674146423,100.85583558323893,100.22864783939134,100.36510598937478,99.92796189587312,101.68969104984768,89.0,82.0,1.0301062962329453,0.6819229437765214,0.0063019856068858736,-0.002438760051657199
1214,100.1371489980747,100.71941278041926,100.15368689118121,100.27151654086742,99.85551344865233,101.58520679648014,83.0,82.0,1.2196042781767615,0.5424352935431406,0.005973885692997202,-0.002228440064754697
1215,100.10568460894201,100.71941278041926,100.15368689118121,100.27151654086742,99.85551344865233,101.58520679648014,83.0,82.0,1.2196042781767615,0.5424352935431406,0.005973885692997202,-0.002228440064754697
1216,99.9100206149932,100.71941278041926,100.15368689118121,100.27151654086742,99.85551344865233,101.58520679648014,83.0,82.0,1.2196042781767615,0.5424352935431406,0.005973885692997202,-0.002228440064754697
1217,99.7889614672534,100.62414184456328,100.08922915471753,100.18655486582603,99.78896146725342,101.4560817146232,80.0,82.0,1.1487026025892872,0.5881917641888266,0.005876945198093713,-0.0021791019398152444
1218,99.83431891326357,100.62414184456328,100.33225394585882,100.18655486582603,99.78896146725342,101.4560817146232,80.0,82.0,1.1487026025892872,0.5881917641888266,0.005876945198093713,-0.0021791019398152444
1219,99.87356743151335,100.36993222842545,99.86657248806225,100.19950319623136,98.14392850396116,103.15663111478595,77.0,82.0,1.0968063943821444,0.5293725877699439,0.005626295611668724,-0.0008497258409949032
1220,99.87996555792853,100.36993222842545,100.50432426520099,100.19950319623136,98.14392850396116,103.15663111478595,77.0,82.0,1.0968063943821444,0.5293725877699439,0.005626295611668724,-0.0008497258409949032
1221,99.76329356888154,100.36993222842545,100.06348402094436,100.19950319623136,98.14392850396116,103.15663111478595,77.0,82.0,1.0968063943821444,0.5293725877699439,0.005626295611668724,-0.0008497258409949032
1222,99.79217023216604,100.36993222842545,100.06348402094436,100.19950319623136,98.14392850396116,103.15663111478595,77.0,82.0,1.0968063943821444,0.5293725877699439,0.005626295611668724,-0.0008497258409949032
1223,99.80127501629563,100.36993222842545,100.23706732334239,100.19950319623136,98.14392850396116,103.15663111478595,77.0,82.0,1.0968063943821444,0.5293725877699439,0.005626295611668724,-0.0008497258409949032
1224,99.70220353695044,100.36993222842545,100.53143872650854,100.19950319623136,98.14392850396116,103.15663111478595,77.0,82.0,1.0968063943821444,0.5293725877699439,0.005626295611668724,-0.0008497258409949032
1225,99.80331559841733,100.36993222842545,100.1036264778509,100.19950319623136,98.14392850396116,103.15663111478595,77.0,82.0,1.0968063943821444,0.5293725877699439,0.005626295611668724,-0.0008497258409949032
1226,99.72437558543312,100.36993222842545,100.02444893222982,100.19950319623136,98.14392850396116,103.15663111478595,77.0,82.0,1.0968063943821444,0.5293725877699439,0.005626295611668724,-0.0008497258409949032
1227,99.94118369546709,100.36993222842545,100.35962496633132,100.19950319623136,98.14392850396116,103.15663111478595,77.0,82.0,1.0968063943821444,0.5293725877699439,0.005626295611668724,-0.0008497258409949032
1228,100.0341096559344,100.57781170099328,101.07456734793905,100.21531416799141,94.88610577484825,106.6984143375257,77.0,76.00000000000001,1.0164460463864047,0.36209085003464164,0.005259254830789878,-0.0018053284017222355
1229,100.03362023846559,100.57781170099328,100.42986732221794,100.21531416799141,94.88610577484825,106.6984143375257,77.0,76.00000000000001,1.0164460463864047,0.36209085003464164,0.005259254830789878,-0.0018053284017222355
1230,100.10809659364492,100.57781170099328,100.26915108392767,100.21531416799141,94.88610577484825,106.6984143375257,77.0,76.00000000000001,1.0164460463864047,0.36209085003464164,0.005259254830789878,-0.0018053284017222355
1231,100.18724811134217,100.57781170099328,100.26915108392767,100.21531416799141,94.88610577484825,106.6984143375257,77.0,76.00000000000001,1.0164460463864047,0.36209085003464164,0.005259254830789878,-0.0018053284017222355
1232,100.22073118929335,100.57186956842371,100.09775945110016,100.22041910310297,93.80961820238201,107.42259345277017,74.0,76.00000000000001,0.9551303626754923,0.3258817650311775,0.005153737980097458,-0.0017503185388541439
1233,100.18005716581443,100.57186956842371,100.09775945110016,100.22041910310297,93.80961820238201,107.42259345277017,74.0,76.00000000000001,0.9551303626754923,0.3258817650311775,0.005153737980097458,-0.0017503185388541439
1234,100.20582958828025,100.57186956842371,100.13797578070802,100.22041910310297,93.80961820238201,107.42259345277017,74.0,76.00000000000001,0.9551303626754923,0.3258817650311775,0.005153737980097458,-0.0017503185388541439
1235,100.07026221266884,100.40060424081459,100.05569328630877,100.08020868655125,99.65763976943256,101.16949238292482,71.0,73.00000000000001,0.9053866003281196,0.39329358852805973,0.005036290154520954,-0.001598135749676072
1236,99.91709214552782,100.40060424081459,100.00693471870116,100.08020868655125,99.65763976943256,101.16949238292482,71.0,73.00000000000001,0.9053866003281196,0.39329358852805973,0.005036290154520954,-0.001598135749676072
1237,99.96641718434566,100.40060424081459,100.00693471870116,100.08020868655125,99.65763976943256,101.16949238292482,71.0,73.00000000000001,0.9053866003281196,0.39329358852805973,0.005036290154520954,-0.001598135749676072
1238,99.93412076014832,100.41620334242653,100.85116826070237,100.22041910310297,99.70324829869529,101.15463215717388,68.0,70.00000000000001,0.8596223389685367,0.45396422967525374,0.004851210590546391,-0.0009758150677437065
1239,100.17360546911779,100.41620334242653,100.18519898327276,100.22041910310297,99.70324829869529,101.15463215717388,68.0,70.00000000000001,0.8596223389685367,0.45396422967525374,0.004851210590546391,-0.0009758150677437065
1240,100.1741896093957,100.41620334242653,100.18519898327276,100.22041910310297,99.70324829869529,101.15463215717388,68.0,70.00000000000001,0.8596223389685367,0.45396422967525374,0.004851210590546391,-0.0009758150677437065
1241,100.23640826941252,100.41620334242653,100.18519898327276,100.22041910310297,99.70324829869529,101.15463215717388,68.0,70.00000000000001,0.8596223389685367,0.45396422967525374,0.004851210590546391,-0.0009758150677437065
1242,100.14921138463114,100.41620334242653,100.18519898327276,100.22041910310297,99.70324829869529,101.15463215717388,68.0,70.00000000000001,0.8596223389685367,0.45396422967525374,0.004851210590546391,-0.0009758150677437065
1243,100.22161169288061,100.41620334242653,100.18519898327276,100.22041910310297,99.70324829869529,101.15463215717388,68.0,70.00000000000001,0.8596223389685367,0.45396422967525374,0.004851210590546391,-0.0009758150677437065
1244,100.31040343519494,100.41620334242653,100.7514576959296,100.22041910310297,99.70324829869529,101.15463215717388,68.0,70.00000000000001,0.8596223389685367,0.45396422967525374,0.004851210590546391,-0.0009758150677437065
1245,100.25004326063498,100.41620334242653,100.25607333104236,100.22041910310297,99.70324829869529,101.15463215717388,68.0,70.00000000000001,0.8596223389685367,0.45396422967525374,0.004851210590546391,-0.0009758150677437065
1246,100.31083177717161,100.41620334242653,100.28069509696275,100.22041910310297,99.70324829869529,101.15463215717388,68.0,70.00000000000001,0.8596223389685367,0.45396422967525374,0.004851210590546391,-0.0009758150677437065
1247,100.41619330722372,100.41620334242653,100.28069509696275,100.22041910310297,99.70324829869529,101.15463215717388,68.0,70.00000000000001,0.8596223389685367,0.45396422967525374,0.004851210590546391,-0.0009758150677437065
1248,100.36919352634808,100.41620334242653,100.21640156928108,100.22041910310297,99.70324829869529,101.15463215717388,68.0,70.00000000000001,0.8596223389685367,0.45396422967525374,0.004851210590546391,-0.0009758150677437065
1249,100.38402562806826,99.52842925063811,99.19899713777241,100.08770136665807,99.70266937652552,101.09293992352988,60.0,67.00000000000001,1.4498631474587484,0.2232490615173318,0.004321828954224172,0.0028017380874504265
1250,100.42584360835188,99.87963529158355,100.22141343167151,100.11658248235577,99.15447251343885,100.42584360835187,54.0,61.000000000000014,1.520821794616398,0.2287023580778549,0.004096548173244337,0.0011847583589807602
1251,100.34617490497813,99.87963529158355,100.22141343167151,100.11658248235577,99.15447251343885,100.42584360835187,54.0,61.000000000000014,1.520821794616398,0.2287023580778549,0.004096548173244337,0.0011847583589807602
1252,100.32373256521299,99.87963529158355,100.22141343167151,100.11658248235577,99.15447251343885,100.42584360835187,54.0,61.000000000000014,1.520821794616398,0.2287023580778549,0.004096548173244337,0.0011847583589807602
1253,100.19133400186375,99.87963529158355,100.22141343167151,100.11658248235577,99.15447251343885,100.42584360835187,54.0,61.000000000000014,1.520821794616398,0.2287023580778549,0.004096548173244337,0.0011847583589807602
1254,100.00144821891469,99.87963529158355,100.22141343167151,100.11658248235577,99.15447251343885,100.42584360835187,54.0,61.000000000000014,1.520821794616398,0.2287023580778549,0.004096548173244337,0.0011847583589807602
1255,100.08433605816799,99.87963529158355,100.00030488912319,100.11658248235577,99.15447251343885,100.42584360835187,54.0,61.000000000000014,1.520821794616398,0.2287023580778549,0.004096548173244337,0.0011847583589807602
1256,100.09936500211668,105.33707453935935,105.66562361982218,100.12663453390515,98.482159076636,102.46164014600994,100.0,61.000000000000014,1.4124893843804196,0.20583212227006942,0.006894537995567515,-0.025359417626381248
1257,100.12199479466841,101.13332807542264,100.60926023847125,100.26690999216174,100.12199479466841,101.75402764405135,100.0,58.000000000000014,1.3794902336299861,0.2852489100430625,0.006997105479929918,-0.004301971495039397
1258,100.06393719749242,100.87401024826231,100.16576744812409,100.41100251543638,100.06393719749242,101.66433719359398,100.0,52.000000000000014,1.4703221916528781,0.27111025446945475,0.006694249512038158,-0.0023002593510004594
1259,100.18056845669338,100.84430708579454,100.13627283343693,100.270525468792,99.83586401493659,101.3714385663395,100.0,49.000000000000014,1.432696416320648,0.3439992290225093,0.006634956066726975,-0.002853004970912894
1260,100.29519185821312,100.84430708579454,100.50767484139489,100.270525468792,99.83586401493659,101.3714385663395,100.0,49.000000000000014,1.432696416320648,0.3439992290225093,0.006634956066726975,-0.002853004970912894
1261,100.23786245897212,100.84430708579454,100.8628577240941,100.270525468792,99.83586401493659,101.3714385663395,100.0,49.000000000000014,1.432696416320648,0.3439992290225093,0.006634956066726975,-0.002853004970912894
1262,100.3891631332872,100.84430708579454,100.69123684381863,100.270525468792,99.83586401493659,101.3714385663395,100.0,49.000000000000014,1.432696416320648,0.3439992290225093,0.006634956066726975,-0.002853004970912894
1263,100.3989501277726,100.84430708579454,100.62944408010776,100.270525468792,99.83586401493659,101.3714385663395,100.0,49.000000000000014,1.432696416320648,0.3439992290225093,0.006634956066726975,-0.002853004970912894
1264,100.33188008133138,100.84430708579454,100.65425147403415,100.270525468792,99.83586401493659,101.3714385663395,100.0,49.000000000000014,1.432696416320648,0.3439992290225093,0.006634956066726975,-0.002853004970912894
1265,100.34299505060453,100.35733883459635,99.6527236171017,100.28041556129847,96.64292145063276,104.72060450777387,100.0,49.000000000000014,1.3314140363483296,0.3095993061202584,0.00628286596230329,-0.00038339381104767693
1266,100.25524546230622,100.35733883459635,100.00728560296493,100.28041556129847,96.64292145063276,104.72060450777387,100.0,49.000000000000014,1.3314140363483296,0.3095993061202584,0.00628286596230329,-0.00038339381104767693
1267,100.13487902334126,100.35733883459635,100.1768000440052,100.28041556129847,96.64292145063276,104.72060450777387,100.0,49.000000000000014,1.3314140363483296,0.3095993061202584,0.00628286596230329,-0.00038339381104767693
1268,100.1786988339426,100.35733883459635,100.09812847006678,100.28041556129847,96.64292145063276,104.72060450777387,100.0,49.000000000000014,1.3314140363483296,0.3095993061202584,0.00628286596230329,-0.00038339381104767693
1269,100.31243485585033,100.3644485952924,100.5560800417109,100.42090646376917,99.3608041093395,100.85865600974014,100.0,49.000000000000014,1.2449009134404632,0.37863937550823257,0.0059396362284129004,0.00028118519132113665
1270,100.14528915219064,100.3644485952924,100.11533338823372,100.42090646376917,99.3608041093395,100.85865600974014,100.0,49.000000000000014,1.2449009134404632,0.37863937550823257,0.0059396362284129004,0.00028118519132113665
1271,100.15511301255664,100.3644485952924,100.20254139679696,100.42090646376917,99.3608041093395,100.85865600974014,100.0,49.000000000000014,1.2449009134404632,0.37863937550823257,0.0059396362284129004,0.00028118519132113665
1272,100.16846143398863,100.3644485952924,100.32702721500537,100.42090646376917,99.3608041093395,100.85865600974014,100.0,49.000000000000014,1.2449009134404632,0.37863937550823257,0.0059396362284129004,0.00028118519132113665
1273,100.0110522805245,100.3644485952924,100.31198824526028,100.42090646376917,99.3608041093395,100.85865600974014,100.0,49.000000000000014,1.2449009134404632,0.37863937550823257,0.0059396362284129004,0.00028118519132113665
1274,100.05336251979436,100.3644485952924,100.04048412549291,100.42090646376917,99.3608041093395,100.85865600974014,100.0,49.000000000000014,1.2449009134404632,0.37863937550823257,0.0059396362284129004,0.00028118519132113665
1275,99.92250644640714,100.3636930920403,99.65903326090262,100.41147281620766,96.51124740816259,103.83657274817767,100.0,49.000000000000014,1.1586421736985595,0.34077543795740933,0.00561181520709489,0.00023797626539730427
1276,99.86138756743267,100.32960304938823,99.6251825665941,100.27099511160289,99.32630701889435,100.82363887989975,100.0,49.000000000000014,1.1459507998026748,0.40669789416166846,0.005310165775043759,-0.00029216232814180165
1277,99.98453658809113,100.32960304938823,99.68458297832684,100.27099511160289,99.32630701889435,100.82363887989975,100.0,49.000000000000014,1.1459507998026748,0.40669789416166846,0.005310165775043759,-0.00029216232814180165
1278,100.06164186766887,100.32960304938823,99.76145694206588,100.27099511160289,99.32630701889435,100.82363887989975,100.0,49.000000000000014,1.1459507998026748,0.40669789416166846,0.005310165775043759,-0.00029216232814180165
1279,99.99091481857074,100.32960304938823,99.76145694206588,100.27099511160289,99.32630701889435,100.82363887989975,100.0,49.000000000000014,1.1459507998026748,0.40669789416166846,0.005310165775043759,-0.00029216232814180165
1280,99.97080430234455,100.25932143571644,99.93520103013815,100.26502468983365,97.23879890654808,102.98810580508601,100.0,49.000000000000014,1.0742747358184608,0.3660281047455016,0.004994968833033969,2.844170409923626e-05
1281,100.00054993874558,100.25932143571644,100.1186779012558,100.26502468983365,97.23879890654808,102.98810580508601,100.0,49.000000000000014,1.0742747358184608,0.3660281047455016,0.004994968833033969,2.844170409923626e-05
1282,100.10929104658733,100.25932143571644,100.1186779012558,100.26502468983365,97.23879890654808,102.98810580508601,100.0,49.000000000000014,1.0742747358184608,0.3660281047455016,0.004994968833033969,2.844170409923626e-05
1283,100.10892248927071,100.25932143571644,100.1186779012558,100.26502468983365,97.23879890654808,102.98810580508601,100.0,49.000000000000014,1.0742747358184608,0.3660281047455016,0.004994968833033969,2.844170409923626e-05
1284,100.02887732371435,100.25932143571644,100.1186779012558,100.26502468983365,97.23879890654808,102.98810580508601,100.0,49.000000000000014,1.0742747358184608,0.3660281047455016,0.004994968833033969,2.844170409923626e-05
1285,100.05939725538482,100.25932143571644,100.34915337661447,100.26502468983365,97.23879890654808,102.98810580508601,100.0,49.000000000000014,1.0742747358184608,0.3660281047455016,0.004994968833033969,2.844170409923626e-05
1286,100.00790624177063,100.14178452524504,99.43868272817713,100.25923372037633,94.88821814350533,105.53933782381284,100.0,49.000000000000014,1.0016660902863173,0.32942529427095146,0.004765599213120347,0.0005860708501357177
1287,99.98028270682448,100.00989987681363,99.30772405019609,100.25336894305397,93.9881160479488,106.53250313478291,100.0,49.000000000000014,1.0015328030634119,0.29648276484385633,0.004625552731304316,0.0012157449924545293
1288,99.79858705870372,100.00989987681363,99.54359812186856,100.25336894305397,93.9881160479488,106.53250313478291,100.0,49.000000000000014,1.0015328030634119,0.29648276484385633,0.004625552731304316,0.0012157449924545293
1289,99.80497484433103,100.00989987681363,99.54359812186856,100.25336894305397,93.9881160479488,106.53250313478291,100.0,49.000000000000014,1.0015328030634119,0.29648276484385633,0.004625552731304316,0.0012157449924545293
1290,99.80405265155859,100.00989987681363,99.54359812186856,100.25336894305397,93.9881160479488,106.53250313478291,100.0,49.000000000000014,1.0015328030634119,0.29648276484385633,0.004625552731304316,0.0012157449924545293
1291,99.88282827550303,99.96604248950442,99.32762140753124,100.23158872436474,93.02839914073282,106.48578538727233,100.0,49.000000000000014,0.941410178818339,0.2668344883594707,0.00450719011643822,0.0013264204638696508
1292,99.84502438050494,99.96604248950442,99.5454893073634,100.23158872436474,93.02839914073282,106.48578538727233,100.0,49.000000000000014,0.941410178818339,0.2668344883594707,0.00450719011643822,0.0013264204638696508
1293,99.85427769345894,99.96604248950442,99.64753932505923,100.23158872436474,93.02839914073282,106.48578538727233,100.0,49.000000000000014,0.941410178818339,0.2668344883594707,0.00450719011643822,0.0013264204638696508
1294,99.75994215843167,99.96604248950442,99.33239185628021,100.23158872436474,93.02839914073282,106.48578538727233,100.0,49.000000000000014,0.941410178818339,0.2668344883594707,0.00450719011643822,0.0013264204638696508
1295,99.86443493914658,99.96604248950442,99.56484163432916,100.23158872436474,93.02839914073282,106.48578538727233,100.0,49.000000000000014,0.941410178818339,0.2668344883594707,0.00450719011643822,0.0013264204638696508
1296,99.8543117970632,99.96604248950442,99.64964299271226,100.23158872436474,93.02839914073282,106.48578538727233,100.0,49.000000000000014,0.941410178818339,0.2668344883594707,0.00450719011643822,0.0013264204638696508
1297,99.72524627611901,99.96604248950442,99.64964299271226,100.23158872436474,93.02839914073282,106.48578538727233,100.0,49.000000000000014,0.941410178818339,0.2668344883594707,0.00450719011643822,0.0013264204638696508
1298,99.66843302390342,99.96604248950442,99.64964299271226,100.23158872436474,93.02839914073282,106.48578538727233,100.0,49.000000000000014,0.941410178818339,0.2668344883594707,0.00450719011643822,0.0013264204638696508
1299,99.86996415822017,99.96604248950442,99.64964299271226,100.23158872436474,93.02839914073282,106.48578538727233,100.0,49.000000000000014,0.941410178818339,0.2668344883594707,0.00450719011643822,0.0013264204638696508
1300,99.84314012252949,99.96604248950442,99.5379165926789,100.23158872436474,93.02839914073282,106.48578538727233,100.0,49.000000000000014,0.941410178818339,0.2668344883594707,0.00450719011643822,0.0013264204638696508
1301,99.8031528150295,99.96604248950442,99.5379165926789,100.23158872436474,93.02839914073282,106.48578538727233,100.0,49.000000000000014,0.941410178818339,0.2668344883594707,0.00450719011643822,0.0013264204638696508
1302,99.92213539244686,99.96604248950442,99.6223689862695,100.23158872436474,93.02839914073282,106.48578538727233,100.0,49.000000000000014,0.941410178818339,0.2668344883594707,0.00450719011643822,0.0013264204638696508
1303,99.96748536184037,99.96604248950442,99.83807508073966,100.23158872436474,93.02839914073282,106.48578538727233,100.0,49.000000000000014,0.941410178818339,0.2668344883594707,0.00450719011643822,0.0013264204638696508
1304,99.92932368671866,99.2529688176981,98.55610745187674,100.18894737921279,92.36481278174986,105.72620535298965,97.0,94.42133897983996,0.8722512106667181,0.24015103952352365,0.00479992142920146,0.00469298821111692
1305,99.96750021877575,99.2529688176981,99.79651645281376,100.18894737921279,92.36481278174986,105.72620535298965,97.0,94.42133897983996,0.8722512106667181,0.24015103952352365,0.00479992142920146,0.00469298821111692
1306,100.06236646479098,99.2529688176981,99.75938248362883,100.18894737921279,92.36481278174986,105.72620535298965,97.0,94.42133897983996,0.8722512106667181,0.24015103952352365,0.00479992142920146,0.00469298821111692
1307,100.11318793605074,99.2529688176981,99.81284837224258,100.18894737921279,92.36481278174986,105.72620535298965,97.0,94.42133897983996,0.8722512106667181,0.24015103952352365,0.00479992142920146,0.00469298821111692
1308,100.25557480057398,99.31525875598294,99.87415539727934,100.04273632691783,98.34565144136653,100.25557480057398,97.0,94.42133897983996,0.8945274687744369,0.24026331103409015,0.004878769539459075,0.0036491015603983107
1309,100.31587642019495,99.36868048294185,100.01492879093435,99.90277449220488,98.40480428225732,100.31587642019495,97.0,94.42133897983996,0.9029652712724819,0.3162369799306811,0.004907672145232477,0.002680233399859719
1310,100.25243333238997,99.36868048294185,100.01492879093435,99.90277449220488,98.40480428225732,100.31587642019495,97.0,94.42133897983996,0.9029652712724819,0.3162369799306811,0.004907672145232477,0.002680233399859719
1311,100.4249746231613,99.50686991013342,100.15401693875972,99.95845776605869,98.51182410497691,100.4249746231613,97.0,94.42133897983996,0.9871678786651332,0.2923060942725859,0.004746969182353301,0.0022639917482719734
1312,100.30229866402533,99.59947979433981,100.24722911516406,100.08578740749954,98.6333648403347,100.54887574239123,97.0,94.42133897983996,0.9881944483719226,0.36307548484532737,0.0047543960716672955,0.002435370520691316
1313,100.12874303196095,99.59947979433981,99.87290697305343,100.08578740749954,98.6333648403347,100.54887574239123,97.0,94.42133897983996,0.9881944483719226,0.36307548484532737,0.0047543960716672955,0.002435370520691316
1314,100.05282472996932,99.59947979433981,99.78952738315645,100.08578740749954,98.6333648403347,100.54887574239123,97.0,94.42133897983996,0.9881944483719226,0.36307548484532737,0.0047543960716672955,0.002435370520691316
1315,100.02386121865756,99.59947979433981,99.48638756390437,100.08578740749954,98.6333648403347,100.54887574239123,97.0,94.42133897983996,0.9881944483719226,0.36307548484532737,0.0047543960716672955,0.002435370520691316
1316,100.09270413137814,99.59947979433981,100.10837546342982,100.08578740749954,98.6333648403347,100.54887574239123,97.0,94.42133897983996,0.9881944483719226,0.36307548484532737,0.0047543960716672955,0.002435370520691316
1317,100.2815292221432,99.59947979433981,100.10837546342982,100.08578740749954,98.6333648403347,100.54887574239123,97.0,94.42133897983996,0.9881944483719226,0.36307548484532737,0.0047543960716672955,0.002435370520691316
1318,100.20932975797811,99.59947979433981,100.10837546342982,100.08578740749954,98.6333648403347,100.54887574239123,97.0,94.42133897983996,0.9881944483719226,0.36307548484532737,0.0047543960716672955,0.002435370520691316
1319,100.19561096160841,98.76529440097548,98.10157577260385,100.07077287429941,96.18290997417664,103.11056244864515,97.0,100.0,0.9205674639307403,0.32676793636079465,0.00525701586401281,0.006565601961522262
1320,100.0633738449044,99.06274010645535,99.7631837233697,99.93077181588312,98.10183152742273,100.06337384490439,97.0,100.0,0.9269220668162811,0.39409114272471524,0.0054650515053504874,0.004362110608744554
1321,99.99615913565842,99.16666411181005,99.84403387368721,99.79096662181158,98.20474746992551,100.16834758768694,97.0,100.0,0.9327683014709786,0.4546820284522437,0.005513693646322478,0.003137866628686268
1322,100.15326655878675,99.16666411181005,99.8528067591104,99.79096662181158,98.20474746992551,100.16834758768694,97.0,100.0,0.9327683014709786,0.4546820284522437,0.005513693646322478,0.003137866628686268
1323,100.17922565697297,99.17743340040323,99.87868798000207,99.70435862639845,98.21541229641933,100.17922565697297,97.0,100.0,0.8981468373533004,0.5092138256070193,0.005500805481512554,0.002649439250447783
1324,100.01154007729292,99.32609649019868,100.02840222295765,99.68896327253957,97.14080657556059,101.28744343688655,97.0,97.0,0.9062950903650363,0.4582924430463174,0.005389554977201108,0.0018233131843062305
1325,99.88502516580677,99.59410242472727,100.2679189310846,99.67403205059298,96.09933827501496,102.38513738021989,97.0,94.0,0.9137914831358334,0.41246319874168563,0.005114315594428437,0.0004011159439826329
1326,99.6820128338276,99.59410242472727,99.80691522384534,99.67403205059298,96.09933827501496,102.38513738021989,97.0,94.0,0.9137914831358334,0.41246319874168563,0.005114315594428437,0.0004011159439826329
1327,99.74895512178945,99.59410242472727,99.64147477478187,99.67403205059298,96.09933827501496,102.38513738021989,97.0,94.0,0.9137914831358334,0.41246319874168563,0.005114315594428437,0.0004011159439826329
1328,99.84736285055406,99.59410242472727,99.64147477478187,99.67403205059298,96.09933827501496,102.38513738021989,97.0,94.0,0.9137914831358334,0.41246319874168563,0.005114315594428437,0.0004011159439826329
1329,100.10444468623008,99.59410242472727,99.62978536544419,99.67403205059298,96.09933827501496,102.38513738021989,97.0,94.0,0.9137914831358334,0.41246319874168563,0.005114315594428437,0.0004011159439826329
1330,100.12055812264713,99.59410242472727,99.82019644827916,99.67403205059298,96.09933827501496,102.38513738021989,97.0,94.0,0.9137914831358334,0.41246319874168563,0.005114315594428437,0.0004011159439826329
1331,100.24784256624407,99.59410242472727,99.94709903854535,99.67403205059298,96.09933827501496,102.38513738021989,97.0,94.0,0.9137914831358334,0.41246319874168563,0.005114315594428437,0.0004011159439826329
1332,100.44909091390166,99.59410242472727,100.14774364115993,99.67403205059298,96.09933827501496,102.38513738021989,97.0,94.0,0.9137914831358334,0.41246319874168563,0.005114315594428437,0.0004011159439826329
1333,100.57284586350028,99.62746111238339,100.27112732590976,99.81367342161545,98.66107473959326,100.57284586350029,97.0,91.0,0.8506881644849668,0.47121687886751706,0.004919497154587303,0.0009336705272317902
1334,100.65665287895204,99.8752433923191,100.45966269384799,99.80606497203215,97.6951088457395,101.5672655442783,97.0,85.0,1.0908538268344121,0.3223123451453817,0.004405500280659391,-0.00034644414569214374
1335,100.51075779770512,99.96306716225064,100.51757736839527,99.80024876797546,96.83809829150218,102.46612890562241,97.0,82.0,1.0835855206876592,0.2900811106308435,0.004238977068580572,-0.0008150565258541414
1336,100.45175042144075,99.96306716225064,100.51757736839527,99.80024876797546,96.83809829150218,102.46612890562241,97.0,82.0,1.0835855206876592,0.2900811106308435,0.004238977068580572,-0.0008150565258541414
1337,100.4761921338351,100.01544280207666,100.53982302245457,99.79460737388058,95.68397714801554,103.70205501766382,97.0,79.00000000000001,1.0368986790326464,0.2610729995677592,0.004117265717971028,-0.0011052268291890776
1338,100.52529021391157,100.01544280207666,100.53982302245457,99.79460737388058,95.68397714801554,103.70205501766382,97.0,79.00000000000001,1.0368986790326464,0.2610729995677592,0.004117265717971028,-0.0011052268291890776
1339,100.44291418265671,100.01544280207666,100.43783939563855,99.79460737388058,95.68397714801554,103.70205501766382,97.0,79.00000000000001,1.0368986790326464,0.2610729995677592,0.004117265717971028,-0.0011052268291890776
1340,100.62618222121021,100.01544280207666,100.41163064020816,99.79460737388058,95.68397714801554,103.70205501766382,97.0,79.00000000000001,1.0368986790326464,0.2610729995677592,0.004117265717971028,-0.0011052268291890776
1341,100.72222104092099,100.01544280207666,100.42005437779822,99.79460737388058,95.68397714801554,103.70205501766382,97.0,79.00000000000001,1.0368986790326464,0.2610729995677592,0.004117265717971028,-0.0011052268291890776
1342,100.77018982384946,100.16802865283763,100.66276037383243,99.78913552629237,93.93827188329216,105.6292058985304,97.0,76.00000000000001,0.9699467847100348,0.2349656996109833,0.004097614623989854,-0.0018948714746016137
1343,100.69594894229317,99.03069272078021,98.36519057310794,99.77177314280593,93.1715721411969,105.77643519148229,94.0,76.00000000000001,1.176433812707921,0.16071653853391257,0.0041860870361630454,0.003727722484761499
1344,100.76148497318223,99.99569768738604,100.45920051826268,99.76838587903136,93.11239384137714,106.66573139650134,91.0,73.00000000000001,1.1623191076912875,0.1446448846805213,0.004071470027709629,-0.0011379012898437282
1345,100.81724083678395,100.08127497867542,100.0212398241435,99.76964463946213,93.22030325378729,106.86627528699098,88.0,70.00000000000001,1.1493335790759847,0.13018039621246918,0.004014299659108627,-0.0015593140117080551
1346,100.72324171170597,100.16149664012568,100.56496691863575,99.77326472681852,93.323270941511,106.91962380516941,85.0,67.00000000000001,1.137386892749906,0.11716235659122227,0.0040064571283642105,-0.0019417929661296558
1347,100.78317510579289,100.16149664012568,100.56496691863575,99.77326472681852,93.323270941511,106.91962380516941,85.0,67.00000000000001,1.137386892749906,0.11716235659122227,0.0040064571283642105,-0.0019417929661296558
1348,100.8070102204867,100.16149664012568,100.47714261390948,99.77326472681852,93.323270941511,106.91962380516941,85.0,67.00000000000001,1.137386892749906,0.11716235659122227,0.0040064571283642105,-0.0019417929661296558
1349,100.7439892826617,100.16149664012568,100.40455230616297,99.77326472681852,93.323270941511,106.91962380516941,85.0,67.00000000000001,1.137386892749906,0.11716235659122227,0.0040064571283642105,-0.0019417929661296558
1350,100.98529407510097,100.30869260479778,100.68233819287568,99.78117294320434,93.48870459459758,107.04441171960703,85.0,64.00000000000001,1.0663959413299136,0.10544612093210005,0.004082440076959072,-0.0026364136941602672
1351,100.98391805860281,100.33762098302776,100.68233819287568,99.78925573162155,93.51566613239171,107.04295314211899,85.0,61.000000000000014,1.0610842660235205,0.09490150883889005,0.004166305054083959,-0.0027400879902207942
1352,101.05529820022478,100.43886088120342,100.7521323056241,99.79966409602608,93.6100227298904,107.11861609223828,85.0,58.000000000000014,1.0561975247416389,0.08541135795500104,0.004299389274736508,-0.00319217685632691
1353,101.02260086598456,100.43886088120342,100.7521323056241,99.79966409602608,93.6100227298904,107.11861609223828,85.0,58.000000000000014,1.0561975247416389,0.08541135795500104,0.004299389274736508,-0.00319217685632691
1354,101.1008848418386,100.51449970975595,100.79758218731311,99.81156353396811,93.68051887448965,107.16693793234894,85.0,55.000000000000014,1.0117017227623077,0.07687022215950094,0.004462502866183022,-0.0035089601642728676
1355,100.94447029318651,100.27546170276008,99.72228713970574,99.75897710885549,99.42312027828662,100.83002685043746,85.0,52.000000000000014,1.010765584941323,0.16918319994355085,0.004504590786919516,-0.002581978368189833
1356,101.0203133498202,100.49500772040116,100.71725240977072,99.76991147065078,98.53142210169446,101.7425271388782,85.0,49.000000000000014,1.0099043381460173,0.15226487994919577,0.004668799474751467,-0.003620685303643361
1357,101.04421654771491,100.92531602420209,101.08754277288477,99.78326293074196,97.6156573739065,102.69700739518491,100.0,43.000000000000014,1.205107353053582,0.10414917788524991,0.004899529795490387,-0.005690106020413323
1358,100.91735207719032,101.18326848259944,101.31537478874324,99.79347121391301,96.66378706389337,103.7082881988437,100.0,40.00000000000002,1.1886987648092957,0.09373426009672492,0.00543539697810836,-0.0069152145207704244
1359,100.89248296370221,101.11203644690639,100.40212244978667,99.93327991686914,100.10091608243731,101.51810888243612,100.0,40.00000000000002,1.1736028636245521,0.18436083408705245,0.005812857838996549,-0.005863138477219537
1360,100.92559652319571,102.06610487200312,101.99085641266744,99.95938166289224,98.9439098372324,102.70521667079413,100.0,40.00000000000002,1.1597146345345881,0.16592475067834722,0.006715492583345655,-0.01042800710566281
1361,101.14361104126279,102.06610487200312,101.44795490598074,99.95938166289224,98.9439098372324,102.70521667079413,100.0,40.00000000000002,1.1597146345345881,0.16592475067834722,0.006715492583345655,-0.01042800710566281
1362,101.0197394970294,102.04014090609031,101.37888147460424,100.09942280314509,101.0197394970294,102.44994066876538,100.0,43.000000000000014,1.1069374637718212,0.24933227561051252,0.007464704272016065,-0.009600882020982443
1363,101.0531106342387,102.29430892150677,102.42786581775856,100.14802645306708,99.52277672386285,103.9909321115563,100.0,46.000000000000014,1.0983824666700757,0.22439904804946129,0.008289103063920276,-0.010601944817858835
1364,101.05707476442035,102.07785329739428,101.65178328300053,100.19519454170037,97.88646861975694,105.72928479060394,100.0,49.000000000000014,1.0905118693364697,0.20195914324451517,0.008908690535893625,-0.009307511681890271
1365,100.9893982115462,101.90857825578463,101.19307168829165,100.25281249536066,96.15783371070182,107.62998622641558,100.0,55.000000000000014,1.2629513174358509,0.1381400539792484,0.009349523089830739,-0.008190316431203217
1366,101.03317801032078,101.84004799998242,101.12502258774583,100.39326472647542,100.82164751998259,102.4032659627777,100.0,58.000000000000014,1.2419152120409829,0.22432604858132354,0.00964705000244441,-0.007154030431494393
1367,100.94653203920603,100.23690274381994,99.53313311572894,100.43891969188695,98.89503050759686,104.39822843273309,100.0,58.000000000000014,1.3715983561606095,0.15343901722962533,0.008674230497087322,0.0010066830453963676
1368,100.96385720124246,100.37826682947525,100.66096562963874,100.57963265554704,99.3744841611805,100.96385720124246,100.0,58.000000000000014,1.341870487667761,0.23809511550666282,0.008274020296788016,0.0010020299106818888
1369,100.90824416035693,100.39068119297727,100.67341495614396,100.59254387683482,99.38677438104749,100.97634398810828,100.0,58.000000000000014,1.3145208486543403,0.3142856039559966,0.007898104213353647,0.0010043757820456965
1370,100.96050878035422,100.57280254674698,100.8560492246095,100.73347206497583,99.56707452127951,101.15952780803359,100.0,58.000000000000014,1.289359180761993,0.38285704356039696,0.007519994141988556,0.000798134675825423
1371,100.91729384055571,100.60566339475834,100.88900261976869,100.80795835862158,99.59960676081076,101.19258036085128,100.0,58.000000000000014,1.2662104463010337,0.4445713392043573,0.007189319627842167,0.0010043757820458413
1372,100.88488523630734,100.60566339475834,100.46239970222071,100.80795835862158,99.59960676081076,101.19258036085128,100.0,58.000000000000014,1.2662104463010337,0.4445713392043573,0.007189319627842167,0.0010043757820458413
1373,100.82188983944995,100.60566339475834,100.51942416993158,100.80795835862158,99.59960676081076,101.19258036085128,100.0,58.000000000000014,1.2662104463010337,0.4445713392043573,0.007189319627842167,0.0010043757820458413
1374,100.77897830479323,100.60566339475834,100.51942416993158,100.80795835862158,99.59960676081076,101.19258036085128,100.0,58.000000000000014,1.2662104463010337,0.4445713392043573,0.007189319627842167,0.0010043757820458413
1375,100.64281445647818,100.60566339475834,100.51942416993158,100.80795835862158,99.59960676081076,101.19258036085128,100.0,58.000000000000014,1.2662104463010337,0.4445713392043573,0.007189319627842167,0.0010043757820458413
1376,100.61862163098905,100.60566339475834,100.66600794283421,100.80795835862158,99.59960676081076,101.19258036085128,100.0,58.000000000000014,1.2662104463010337,0.4445713392043573,0.007189319627842167,0.0010043757820458413
1377,100.57420457061859,100.60566339475834,100.12787792191507,100.80795835862158,99.59960676081076,101.19258036085128,100.0,58.000000000000014,1.2662104463010337,0.4445713392043573,0.007189319627842167,0.0010043757820458413
1378,100.51991117219075,100.60566339475834,99.99569940726593,100.80795835862158,99.59960676081076,101.19258036085128,100.0,58.000000000000014,1.2662104463010337,0.4445713392043573,0.007189319627842167,0.0010043757820458413
1379,100.38527179197494,100.60566339475834,100.23414955070511,100.80795835862158,99.59960676081076,101.19258036085128,100.0,58.000000000000014,1.2662104463010337,0.4445713392043573,0.007189319627842167,0.0010043757820458413
1380,100.11753481855217,100.60566339475834,100.23414955070511,100.80795835862158,99.59960676081076,101.19258036085128,100.0,58.000000000000014,1.2662104463010337,0.4445713392043573,0.007189319627842167,0.0010043757820458413
1381,100.12335972090312,100.66312394792797,100.94662500109051,100.86553445181282,99.65649270844868,101.25037612947894,100.0,58.000000000000014,1.172913610596951,0.5001142052839216,0.006878485584544541,0.0010043757820456759
1382,100.14777041481454,100.66312394792797,100.44911776811891,100.86553445181282,99.65649270844868,101.25037612947894,100.0,58.000000000000014,1.172913610596951,0.5001142052839216,0.006878485584544541,0.0010043757820456759
1383,100.28212811025,100.66312394792797,100.44911776811891,100.86553445181282,99.65649270844868,101.25037612947894,100.0,58.000000000000014,1.172913610596951,0.5001142052839216,0.006878485584544541,0.0010043757820456759
1384,100.40180260127086,100.66312394792797,100.39588902412467,100.86553445181282,99.65649270844868,101.25037612947894,100.0,58.000000000000014,1.172913610596951,0.5001142052839216,0.006878485584544541,0.0010043757820456759
1385,100.40834268453085,100.66312394792797,100.32316652501585,100.86553445181282,99.65649270844868,101.25037612947894,100.0,58.000000000000014,1.172913610596951,0.5001142052839216,0.006878485584544541,0.0010043757820456759
1386,100.58412472127743,100.66312394792797,99.9877525962549,100.86553445181282,99.65649270844868,101.25037612947894,100.0,58.000000000000014,1.172913610596951,0.5001142052839216,0.006878485584544541,0.0010043757820456759
1387,100.4488440893901,100.66312394792797,100.1474975571219,100.86553445181282,99.65649270844868,101.25037612947894,100.0,58.000000000000014,1.172913610596951,0.5001142052839216,0.006878485584544541,0.0010043757820456759
1388,100.33955772221726,100.66312394792797,100.1474975571219,100.86553445181282,99.65649270844868,101.25037612947894,100.0,58.000000000000014,1.172913610596951,0.5001142052839216,0.006878485584544541,0.0010043757820456759
1389,100.34264404431504,100.66312394792797,100.1474975571219,100.86553445181282,99.65649270844868,101.25037612947894,100.0,58.000000000000014,1.172913610596951,0.5001142052839216,0.006878485584544541,0.0010043757820456759
1390,100.22267579466696,100.66312394792797,100.38573216679085,100.86553445181282,99.65649270844868,101.25037612947894,100.0,58.000000000000014,1.172913610596951,0.5001142052839216,0.006878485584544541,0.0010043757820456759
1391,100.35274449153799,100.66312394792797,100.39864126650752,100.86553445181282,99.65649270844868,101.25037612947894,100.0,58.000000000000014,1.172913610596951,0.5001142052839216,0.006878485584544541,0.0010043757820456759
1392,100.50700583021126,100.66312394792797,100.57334221563781,100.86553445181282,99.65649270844868,101.25037612947894,100.0,58.000000000000014,1.172913610596951,0.5001142052839216,0.006878485584544541,0.0010043757820456759
1393,100.62129511190615,100.66312394792797,100.57334221563781,100.86553445181282,99.65649270844868,101.25037612947894,100.0,58.000000000000014,1.172913610596951,0.5001142052839216,0.006878485584544541,0.0010043757820456759
1394,100.63986289647991,100.66312394792797,100.78207839041404,100.86553445181282,99.65649270844868,101.25037612947894,100.0,58.000000000000014,1.172913610596951,0.5001142052839216,0.006878485584544541,0.0010043757820456759
1395,100.55578254863458,100.66312394792797,100.78207839041404,100.86553445181282,99.65649270844868,101.25037612947894,100.0,58.000000000000014,1.172913610596951,0.5001142052839216,0.006878485584544541,0.0010043757820456759
1396,100.60249301291479,100.10315081824085,99.50727828924066,100.8521591464783,94.48571692557117,106.7283643807436,97.0,75.26795168059775,1.0844138550825284,0.45010278475552945,0.006913047116894597,0.0037272383017347
1397,100.78931623393069,100.10315081824085,100.48694828522889,100.8521591464783,94.48571692557117,106.7283643807436,97.0,75.26795168059775,1.0844138550825284,0.45010278475552945,0.006913047116894597,0.0037272383017347
1398,100.69044732055588,100.26855652503677,100.72589402792958,100.71106491268228,99.2959515267439,101.02898097084211,97.0,75.26795168059775,1.0376607466759262,0.5050925062799765,0.006762475616105956,0.002201757494018529
1399,100.77528763179293,100.3012206069683,100.39865330590655,100.6430905131166,99.32829876708071,101.06189277316835,97.0,73.26795168059775,1.0346478869418523,0.5545832556519789,0.006560885276456026,0.001701316669492576
1400,100.73737351851325,100.3012206069683,100.43516139795771,100.6430905131166,99.32829876708071,101.06189277316835,97.0,73.26795168059775,1.0346478869418523,0.5545832556519789,0.006560885276456026,0.001701316669492576
1401,100.93143034903444,100.93973974582319,101.24655738039174,100.62950859749763,97.50206206079898,102.95480595149253,94.0,70.26795168059775,0.9918760559865042,0.499124930086781,0.006351921875684372,-0.0015390797498889726
1402,100.8755969292725,101.03147753032006,101.44118955836,100.61633589059107,96.2712457014685,104.27107082906291,94.0,67.26795168059775,0.9925259715075838,0.4492124370781029,0.006217856438391438,-0.002058746051773044
1403,100.88541042731822,101.03147753032006,101.29467100755961,100.61633589059107,96.2712457014685,104.27107082906291,94.0,67.26795168059775,0.9925259715075838,0.4492124370781029,0.006217856438391438,-0.002058746051773044
1404,100.91168609369554,101.03147753032006,101.15495889692733,100.61633589059107,96.2712457014685,104.27107082906291,94.0,67.26795168059775,0.9925259715075838,0.4492124370781029,0.006217856438391438,-0.002058746051773044
1405,100.87950064628475,101.03147753032006,101.16652725402267,100.61633589059107,96.2712457014685,104.27107082906291,94.0,67.26795168059775,0.9925259715075838,0.4492124370781029,0.006217856438391438,-0.002058746051773044
1406,100.88899432457376,101.03147753032006,101.16652725402267,100.61633589059107,96.2712457014685,104.27107082906291,94.0,67.26795168059775,0.9925259715075838,0.4492124370781029,0.006217856438391438,-0.002058746051773044
1407,100.94391250982532,101.03147753032006,101.16652725402267,100.61633589059107,96.2712457014685,104.27107082906291,94.0,67.26795168059775,0.9925259715075838,0.4492124370781029,0.006217856438391438,-0.002058746051773044
1408,100.93230530248343,100.71024109070116,100.06375609272675,100.60964154992426,93.77775093498165,107.47582340571202,91.0,67.26795168059775,0.9264572271203104,0.4042911933702926,0.005904749054349791,-0.0004996999772569155
1409,101.10982057876511,100.71024109070116,100.80649111702881,100.60964154992426,93.77775093498165,107.47582340571202,91.0,67.26795168059775,0.9264572271203104,0.4042911933702926,0.005904749054349791,-0.0004996999772569155
1410,101.01351063461789,101.01175238357766,101.39075194670797,100.61262807385334,94.08699271067387,107.7975898330095,88.0,64.26795168059775,0.8923406489506857,0.36386207403326337,0.005788009687762856,-0.00197954388660143
1411,101.11088894340003,100.73040347302798,100.17301833943262,100.60653499019274,93.8817433408968,107.43244426180576,82.0,58.26795168059775,1.120743649687012,0.24888165863875217,0.0052359028804578305,-0.0006152297923108773
1412,100.93414836670247,100.75779069508688,101.04428165510967,100.74748277961014,99.93157681138717,101.34832663501473,79.00000000000001,55.26795168059775,1.1110841577120512,0.323993492774877,0.004927887255951996,-5.115456930228615e-05
1413,101.00951466974708,101.05329105500434,101.31005108263872,100.74418030685445,98.95151130932722,102.35213140072446,76.00000000000001,52.26795168059775,1.1021974250950872,0.2915941434973893,0.00481602860726558,-0.0015317870242071029
1414,100.83324750136462,101.05329105500434,100.78242096491543,100.74418030685445,98.95151130932722,102.35213140072446,76.00000000000001,52.26795168059775,1.1021974250950872,0.2915941434973893,0.00481602860726558,-0.0015317870242071029
1415,100.7709697219155,101.05329105500434,100.78242096491543,100.74418030685445,98.95151130932722,102.35213140072446,76.00000000000001,52.26795168059775,1.1021974250950872,0.2915941434973893,0.00481602860726558,-0.0015317870242071029
1416,100.78023950267954,101.05329105500434,100.83182152254464,100.74418030685445,98.95151130932722,102.35213140072446,76.00000000000001,52.26795168059775,1.1021974250950872,0.2915941434973893,0.00481602860726558,-0.0015317870242071029
1417,100.83536205025072,101.05329105500434,100.83182152254464,100.74418030685445,98.95151130932722,102.35213140072446,76.00000000000001,52.26795168059775,1.1021974250950872,0.2915941434973893,0.00481602860726558,-0.0015317870242071029
1418,100.79334396391233,101.54854755605604,101.77586350498086,100.74097701171277,96.84308717591759,104.58049596699641,80.52556326790152,49.26795168059775,1.0300216310874803,0.2624347291476504,0.005006127684275248,-0.003992152070497971
1419,100.76798004248685,101.54854755605604,101.07119362335695,100.74097701171277,96.84308717591759,104.58049596699641,80.52556326790152,49.26795168059775,1.0300216310874803,0.2624347291476504,0.005006127684275248,-0.003992152070497971
1420,100.90640548550861,101.54854755605604,101.03642821005722,100.74097701171277,96.84308717591759,104.58049596699641,80.52556326790152,49.26795168059775,1.0300216310874803,0.2624347291476504,0.005006127684275248,-0.003992152070497971
1421,100.73802205934383,101.53193583851791,101.01739639539636,100.88211315177499,100.71434420621019,102.0346396079129,80.52556326790152,46.26795168059775,0.9742865672671486,0.33619125623288537,0.0050910049738236,-0.003210363559172095
1422,100.70725776126845,101.42710814088079,100.91309993933086,101.01790494954628,100.70725776126844,101.99670975016784,80.52556326790152,40.26795168059775,1.1795480406709058,0.3059548192632936,0.0049034788597257465,-0.0020213053662711377
1423,100.75428715755804,102.18097206334325,101.52309926902197,101.02784994960128,99.7244529816961,103.00190808263216,100.0,37.26795168059775,1.1651841974172334,0.27535933733696427,0.005290225499868517,-0.005674567188173148
1424,100.73324968849325,101.7507572611043,101.0363587647876,101.06704546412597,100.73324968849327,102.13137999457537,100.0,34.26795168059775,1.151969461623855,0.34782340360326786,0.005377341184408392,-0.003371064018007399
1425,100.56905427209361,101.58490330514505,101.03132052599706,100.92565059997558,100.56905427209361,101.9342109667459,100.0,31.267951680597747,1.1398119046939466,0.4130410632429411,0.005445350003255351,-0.0032553992493563767
1426,100.60317010032122,101.43326338776781,100.72109403599812,100.80241633069906,100.48125785919558,101.81457337586323,98.0,25.267951680597744,1.2983290228083761,0.35852008725817175,0.0053870808048851184,-0.003119365771395799
1427,100.68247083564866,101.27628040504491,100.58552944541172,100.6613916881199,100.28377285707548,101.53283307706346,95.0,22.26795168059774,1.2744627009837062,0.42266807853235455,0.005429250255285544,-0.0030449430784827863
1428,100.50134500958774,101.27628040504491,100.58552944541172,100.6613916881199,100.28377285707548,101.53283307706346,95.0,22.26795168059774,1.2744627009837062,0.42266807853235455,0.005429250255285544,-0.0030449430784827863
1429,100.39925176128118,101.06831602214402,100.4093952055503,100.52296850158956,100.22970304122974,101.41685226605557,92.0,16.26795168059774,1.2537544342259077,0.3651049657161305,0.005334527235728423,-0.0027052137786752898
1430,100.48782124836471,101.06831602214402,100.54006760179664,100.52296850158956,100.22970304122974,101.41685226605557,92.0,16.26795168059774,1.2537544342259077,0.3651049657161305,0.005334527235728423,-0.0027052137786752898
1431,100.49083058877092,101.06831602214402,100.54006760179664,100.52296850158956,100.22970304122974,101.41685226605557,92.0,16.26795168059774,1.2537544342259077,0.3651049657161305,0.005334527235728423,-0.0027052137786752898
1432,100.4967865437037,101.06831602214402,100.54006760179664,100.52296850158956,100.22970304122974,101.41685226605557,92.0,16.26795168059774,1.2537544342259077,0.3651049657161305,0.005334527235728423,-0.0027052137786752898
1433,100.56561721912489,101.06831602214402,100.54006760179664,100.52296850158956,100.22970304122974,101.41685226605557,92.0,16.26795168059774,1.2537544342259077,0.3651049657161305,0.005334527235728423,-0.0027052137786752898
1434,100.54470995729463,101.06831602214402,100.73159361876202,100.52296850158956,100.22970304122974,101.41685226605557,92.0,16.26795168059774,1.2537544342259077,0.3651049657161305,0.005334527235728423,-0.0027052137786752898
1435,100.63613363027861,101.02173539877563,100.39351598105007,100.38233481224005,100.09233543310691,101.18634485566047,92.0,16.26795168059774,1.1667874128211686,0.4285944691445175,0.005395422719486113,-0.003174715316655102
1436,100.78034105761486,100.98615289644935,100.35815475406422,100.31846686572064,100.05708028980203,101.15070437357014,94.0,16.26795168059774,1.1534444197954752,0.4857350222300657,0.0054697141410084546,-0.0033167943761925212
1437,100.79419618305711,100.98615289644935,100.54939476047629,100.31846686572064,100.05708028980203,101.15070437357014,94.0,16.26795168059774,1.1534444197954752,0.4857350222300657,0.0054697141410084546,-0.0033167943761925212
1438,100.66765648319385,100.98615289644935,100.58525590202068,100.31846686572064,100.05708028980203,101.15070437357014,94.0,16.26795168059774,1.1534444197954752,0.4857350222300657,0.0054697141410084546,-0.0033167943761925212
1439,100.71850263263231,101.09430399401045,100.95525460240583,100.32917384479079,98.17908219997626,103.08554451814568,95.99999999999999,14.26795168059774,1.1198450489785665,0.33224275520536495,0.005480548230461255,-0.0037986145281037466
1440,100.77839447395074,101.09430399401045,100.95525460240583,100.32917384479079,98.17908219997626,103.08554451814568,95.99999999999999,14.26795168059774,1.1198450489785665,0.33224275520536495,0.005480548230461255,-0.0037986145281037466
1441,100.7388045859331,101.09430399401045,100.95525460240583,100.32917384479079,98.17908219997626,103.08554451814568,95.99999999999999,14.26795168059774,1.1198450489785665,0.33224275520536495,0.005480548230461255,-0.0037986145281037466
1442,100.80165971356382,94.8095565905841,94.18193063923216,100.25882955194317,96.33271728639066,100.68085084992212,95.99999999999999,100.0,1.0957341404803527,0.22725404456046963,0.009657277514583472,0.027935192724553245
1443,100.81994776866796,100.13173502750074,100.80918895528448,100.3403643625885,98.85355550738785,100.81994776866796,90.0,94.0,1.2666988192087012,0.23144176647936127,0.008895836078453007,0.0010406901295616218
1444,100.88606027339483,100.19185041393729,100.83916299484703,100.48093925215827,99.29012376021186,101.14259076714848,87.0,91.0,1.2453629136720052,0.3082975898314252,0.008534957804560603,0.0014405980935531877
1445,100.78523514228608,100.19185041393729,100.80499741503742,100.48093925215827,99.29012376021186,101.14259076714848,87.0,91.0,1.2453629136720052,0.3082975898314252,0.008534957804560603,0.0014405980935531877
1446,100.6290133169472,100.19185041393729,100.80499741503742,100.48093925215827,99.29012376021186,101.14259076714848,87.0,91.0,1.2453629136720052,0.3082975898314252,0.008534957804560603,0.0014405980935531877
1447,100.5883973695713,100.19185041393729,100.79363261562614,100.48093925215827,99.29012376021186,101.14259076714848,87.0,91.0,1.2453629136720052,0.3082975898314252,0.008534957804560603,0.0014405980935531877
1448,100.62286712266585,100.19185041393729,100.79363261562614,100.48093925215827,99.29012376021186,101.14259076714848,87.0,91.0,1.2453629136720052,0.3082975898314252,0.008534957804560603,0.0014405980935531877
1449,100.84059117349557,100.19185041393729,100.79363261562614,100.48093925215827,99.29012376021186,101.14259076714848,87.0,91.0,1.2453629136720052,0.3082975898314252,0.008534957804560603,0.0014405980935531877
1450,100.95815070131803,100.19185041393729,100.79363261562614,100.48093925215827,99.29012376021186,101.14259076714848,87.0,91.0,1.2453629136720052,0.3082975898314252,0.008534957804560603,0.0014405980935531877
1451,100.93940879323831,100.19185041393729,100.79363261562614,100.48093925215827,99.29012376021186,101.14259076714848,87.0,91.0,1.2453629136720052,0.3082975898314252,0.008534957804560603,0.0014405980935531877
1452,100.8494055865632,100.19185041393729,100.5113188378814,100.48093925215827,99.29012376021186,101.14259076714848,87.0,91.0,1.2453629136720052,0.3082975898314252,0.008534957804560603,0.0014405980935531877
1453,100.82206112826485,100.19185041393729,100.51959494488007,100.48093925215827,99.29012376021186,101.14259076714848,87.0,91.0,1.2453629136720052,0.3082975898314252,0.008534957804560603,0.0014405980935531877
1454,100.90143214994464,100.64998930622725,101.269592631253,100.6192131614424,99.41719022202578,101.2107283329909,81.0,88.0,1.119912426851031,0.2868755514446949,0.0077370622813908805,-0.00015291035293782442
1455,101.02490474379343,100.68037690920367,101.12965418525275,100.76017871272995,99.86486585623912,101.57423013438627,78.0,85.0,1.1103194327029486,0.35818799630022546,0.007320377218606836,0.0003961555967709142
1456,100.94292729060768,100.68037690920367,101.12965418525275,100.76017871272995,99.86486585623912,101.57423013438627,78.0,85.0,1.1103194327029486,0.35818799630022546,0.007320377218606836,0.0003961555967709142
1457,101.02994684891485,100.7396042841609,101.29842205880824,100.90134175400004,99.95383537074444,101.60323175407049,75.0,82.0,1.061493878086713,0.4223691966702029,0.006977407360159195,0.0008021062835547456
1458,101.03062434106204,101.23274703158849,101.73273741608077,100.89657422944916,98.56868535173814,103.03102515410461,75.0,76.00000000000001,1.2421280069150251,0.2889005305224188,0.006431576575961139,-0.0016631570325473628
1459,101.1131397912243,101.23274703158849,101.41739196712567,100.89657422944916,98.56868535173814,103.03102515410461,75.0,76.00000000000001,1.2421280069150251,0.2889005305224188,0.006431576575961139,-0.0016631570325473628
1460,101.10208985807844,100.49506535947847,100.04147679968143,100.89292964926608,96.79180898139465,104.92243927204701,72.0,76.00000000000001,1.1827577663618232,0.26001047747017697,0.0062827555809879965,0.0019756107595704643
1461,100.98179619899764,100.49506535947847,100.67885081040065,100.89292964926608,96.79180898139465,104.92243927204701,72.0,76.00000000000001,1.1827577663618232,0.26001047747017697,0.0062827555809879965,0.0019756107595704643
1462,101.056683783547,100.49506535947847,100.75351373219635,100.89292964926608,96.79180898139465,104.92243927204701,72.0,76.00000000000001,1.1827577663618232,0.26001047747017697,0.0062827555809879965,0.0019756107595704643
1463,101.01459564241803,100.49506535947847,100.75351373219635,100.89292964926608,96.79180898139465,104.92243927204701,72.0,76.00000000000001,1.1827577663618232,0.26001047747017697,0.0062827555809879965,0.0019756107595704643
1464,101.02056674769806,100.49506535947847,100.75351373219635,100.89292964926608,96.79180898139465,104.92243927204701,72.0,76.00000000000001,1.1827577663618232,0.26001047747017697,0.0062827555809879965,0.0019756107595704643
1465,101.19934086270081,100.49506535947847,100.8957428401127,100.89292964926608,96.79180898139465,104.92243927204701,72.0,76.00000000000001,1.1827577663618232,0.26001047747017697,0.0062827555809879965,0.0019756107595704643
1466,101.2694472029785,100.49979940423589,100.96563886136957,100.87736898979941,93.8580263017986,107.34561403515724,69.0,76.00000000000001,1.1014704783862108,0.23400942972315927,0.006130782998391761,0.001874937405141823
1467,101.30125455342373,100.5313650188177,100.89758265901278,100.94805620803326,99.83769860018785,101.30125455342372,66.0,76.00000000000001,1.093352840115314,0.31060848675084335,0.006011115280140369,0.002068157565066687
1468,101.39917779598305,100.95500903238803,101.42295848981342,101.04996766813478,99.96439565403834,101.39917779598306,60.0,73.00000000000001,1.2649899980667494,0.28845620493757684,0.005577003206755197,0.00047008067473273876
1469,101.39605309304929,100.95500903238803,101.04489679716912,101.04996766813478,99.96439565403834,101.39917779598306,60.0,73.00000000000001,1.2649899980667494,0.28845620493757684,0.005577003206755197,0.00047008067473273876
1470,101.47594926301036,100.2440454397553,99.94240839229367,101.03882572575806,98.39991418805054,103.01134520118067,57.0,79.66087915154418,1.2037907982214096,0.2596105844438192,0.005716214341561097,0.003948573872186254
1471,101.56299383019312,100.82400012057171,101.32872162500504,101.17788385164526,100.17963666808876,101.56299383019314,54.0,77.66087915154418,1.3442402768036836,0.25357363975957237,0.005394171588519929,0.0017518833196735043
1472,101.50672315676923,100.82400012057171,101.23678969711085,101.17788385164526,100.17963666808876,101.56299383019314,54.0,77.66087915154418,1.3442402768036836,0.25357363975957237,0.005394171588519929,0.0017518833196735043
1473,101.36071304972161,101.10506824575367,101.5600089968508,101.16620110299178,98.66279449428588,103.12442367949912,49.00000000000001,71.66087915154418,1.3038268226343235,0.17344436959554752,0.004974411354589532,0.00030223203441069867
1474,101.30482073709368,101.10506824575367,101.5600089968508,101.16620110299178,98.66279449428588,103.12442367949912,49.00000000000001,71.66087915154418,1.3038268226343235,0.17344436959554752,0.004974411354589532,0.00030223203441069867
1475,101.27124780549552,101.10506824575367,101.40483166560087,101.16620110299178,98.66279449428588,103.12442367949912,49.00000000000001,71.66087915154418,1.3038268226343235,0.17344436959554752,0.004974411354589532,0.00030223203441069867
1476,101.52289412412077,101.10506824575367,101.40483166560087,101.16620110299178,98.66279449428588,103.12442367949912,49.00000000000001,71.66087915154418,1.3038268226343235,0.17344436959554752,0.004974411354589532,0.00030223203441069867
1477,101.47247499183214,101.10506824575367,101.40483166560087,101.16620110299178,98.66279449428588,103.12442367949912,49.00000000000001,71.66087915154418,1.3038268226343235,0.17344436959554752,0.004974411354589532,0.00030223203441069867
1478,101.44248204628921,101.10506824575367,101.40483166560087,101.16620110299178,98.66279449428588,103.12442367949912,49.00000000000001,71.66087915154418,1.3038268226343235,0.17344436959554752,0.004974411354589532,0.00030223203441069867
1479,101.42810424091905,101.10506824575367,101.47277175618444,101.16620110299178,98.66279449428588,103.12442367949912,49.00000000000001,71.66087915154418,1.3038268226343235,0.17344436959554752,0.004974411354589532,0.00030223203441069867
1480,101.41585061971473,101.3266672431915,101.75184994368797,101.15727065050449,96.09966299642797,105.87491676438322,49.00000000000001,68.66087915154418,1.210949248252149,0.15609993263599276,0.004776337825700074,-0.0008365927413755491
1481,101.46457029390943,100.53356292592089,100.47492048127093,101.14860886480831,95.18602487764097,106.89115165709657,46.00000000000001,68.66087915154418,1.194073308391977,0.14048993937239349,0.0048557083033561625,0.0030495801062951815
1482,101.19920867136848,100.56515434748805,100.95663602299771,101.00709989179182,100.1025546374896,101.2604172748222,43.00000000000001,68.66087915154418,1.178547443720619,0.22644094543515414,0.004827465260456827,0.002192491947721981
1483,101.15089739262623,100.56515434748805,100.95663602299771,101.00709989179182,100.1025546374896,101.2604172748222,43.00000000000001,68.66087915154418,1.178547443720619,0.22644094543515414,0.004827465260456827,0.002192491947721981
1484,100.97059586031021,100.56515434748805,100.95663602299771,101.00709989179182,100.1025546374896,101.2604172748222,43.00000000000001,68.66087915154418,1.178547443720619,0.22644094543515414,0.004827465260456827,0.002192491947721981
1485,100.7687401100547,100.56515434748805,100.95663602299771,101.00709989179182,100.1025546374896,101.2604172748222,43.00000000000001,68.66087915154418,1.178547443720619,0.22644094543515414,0.004827465260456827,0.002192491947721981
1486,100.8863611467626,100.21409376140365,100.08342342851515,100.99726607718836,98.18813132722165,103.23474248722835,40.00000000000001,78.54391244473524,1.1042636482229695,0.20379685089163874,0.005004894117100359,0.003892286779498772
1487,100.98028383547233,100.21409376140365,100.67734298396591,100.99726607718836,98.18813132722165,103.23474248722835,40.00000000000001,78.54391244473524,1.1042636482229695,0.20379685089163874,0.005004894117100359,0.003892286779498772
1488,100.78155748579967,100.21409376140365,100.67734298396591,100.99726607718836,98.18813132722165,103.23474248722835,40.00000000000001,78.54391244473524,1.1042636482229695,0.20379685089163874,0.005004894117100359,0.003892286779498772
1489,100.85577867508748,100.2601546116552,100.75070963948713,100.8559688358278,99.85911399320858,101.05387125324685,37.00000000000001,78.54391244473524,1.0425892230317986,0.2834171658024749,0.0050601061095324465,0.002962538328401
1490,100.91571318856262,100.2601546116552,100.75070963948713,100.8559688358278,99.85911399320858,101.05387125324685,37.00000000000001,78.54391244473524,1.0425892230317986,0.2834171658024749,0.0050601061095324465,0.002962538328401
1491,100.85557014180992,100.2601546116552,100.75070963948713,100.8559688358278,99.85911399320858,101.05387125324685,37.00000000000001,78.54391244473524,1.0425892230317986,0.2834171658024749,0.0050601061095324465,0.002962538328401
1492,101.06936349326473,100.2755251695587,100.76615540278493,100.78856489028202,99.90450572643134,101.06936349326472,34.00000000000001,78.54391244473524,0.9858487518559214,0.35507544922222745,0.0050626951460308696,0.002551622821213982
1493,101.09149298865202,100.2974808512312,100.78821850968608,100.81791739161372,99.95646941633701,101.09149298865202,31.000000000000007,78.54391244473524,0.9869808517074476,0.4195679043000047,0.005069464231008806,0.002587750838223163
1494,101.24137947479554,100.44619007027029,100.93765533637115,100.95916132364457,100.13480688105246,101.24137947479555,28.000000000000007,78.54391244473524,0.9880223835708518,0.4776111138700042,0.005070932166293038,0.002546959402141212
1495,101.2815170752661,100.48601241432313,100.9776725240403,101.02201858537268,100.20465157956302,101.2815170752661,25.00000000000001,78.54391244473524,0.9889805928851837,0.5298500024830038,0.005085873897605483,0.002659974237207199
1496,101.35847217190397,100.56236307552375,100.88174703941336,101.10607522778365,100.31095716783494,101.35847217190397,25.00000000000001,78.54391244473524,0.989862145454369,0.5768650022347035,0.005104250603489697,0.00269606963208665
1497,101.27375213526433,101.07776152328942,101.57231695569732,101.24593244104247,100.5007794851262,101.55027674249122,25.00000000000001,78.54391244473524,1.1907250755780552,0.4705756615285372,0.004836438023530336,0.0008311973474677761
1498,101.29655666281172,101.07776152328942,101.57231695569732,101.24593244104247,100.5007794851262,101.55027674249122,25.00000000000001,78.54391244473524,1.1907250755780552,0.4705756615285372,0.004836438023530336,0.0008311973474677761
1499,101.17140116364511,101.20619537060414,101.70137920688585,101.23927234815557,99.13533839359035,102.94897999975474,25.00000000000001,78.54391244473524,1.1354670695318108,0.42351809537568347,0.004565858194098977,0.00016338709838327437
