step,fair_price,submission_spot,internal_pool_price_y_per_x,normalizer_spot,internal_price_estimate,p_low,p_high,bid_fee_bps,ask_fee_bps,lambda_hat,arb_hat,stale_hat,inventory_signed,required_no_arb_bid_bps,required_no_arb_ask_bps
0,100.0,100.0198226225385,100.0198226225385,100.00979155016637,100.14009804574935,99.72976513693314,100.29999999999998,28.999999999999996,28.999999999999996,0.8160000000000001,0.55,7.210760513024374e-05,0.0006008966370954095,0.0,12.010715543329109
1,99.83181263869632,100.0198226225385,100.0198226225385,100.00979155016637,100.14009804574935,99.72976513693314,100.29999999999998,28.999999999999996,28.999999999999996,0.8160000000000001,0.55,7.210760513024374e-05,0.0006008966370954095,0.0,12.010715543329109
2,99.67839436360673,99.67348321488248,99.67348321488248,99.68348055522502,99.99974637964928,99.67839436360673,100.25905369640428,28.999999999999996,28.999999999999996,0.9247616000000001,0.45220000000000005,0.000179633755413985,0.001633985514379287,0.0,32.626399223868454
3,99.8426241003642,99.67348321488248,99.67348321488248,99.68348055522502,99.99974637964928,99.67839436360673,100.25905369640428,28.999999999999996,28.999999999999996,0.9247616000000001,0.45220000000000005,0.000179633755413985,0.001633985514379287,0.0,32.626399223868454
4,99.81775621291175,99.37261055780354,99.37261055780354,99.38257772034693,99.99880291759135,99.39398708188521,100.54593629128675,25.999999999999993,97.61998559161208,0.8907806720000001,0.40698000000000006,0.0005457569565862114,0.003140833226148987,0.0,62.61998559161208
5,99.83778655022516,99.37261055780354,99.37261055780354,99.53827319057449,99.99880291759135,99.39398708188521,100.54593629128675,25.999999999999993,97.61998559161208,0.8907806720000001,0.40698000000000006,0.0005457569565862114,0.003140833226148987,0.0,62.61998559161208
6,99.88589919778433,99.19819722702125,99.19819722702127,99.23799590193681,99.9978877678998,99.02176697320112,100.92388571067264,22.99999999999999,100.0,0.8595182182400002,0.36628200000000005,0.0009947648851722926,0.004014589648681745,0.0,79.97074325556297
7,99.90120370558397,99.19819722702125,99.19819722702127,99.60150009446724,99.9978877678998,99.02176697320112,100.92388571067264,22.99999999999999,100.0,0.8595182182400002,0.36628200000000005,0.0009947648851722926,0.004014589648681745,0.0,79.97074325556297
8,100.04203460294946,99.19819722702125,99.19819722702127,99.74190849914062,99.9978877678998,99.02176697320112,100.92388571067264,22.99999999999999,100.0,0.8595182182400002,0.36628200000000005,0.0009947648851722926,0.004014589648681745,0.0,79.97074325556297
9,100.0454739906732,99.19819722702125,99.19819722702127,99.53563504937259,99.9978877678998,99.02176697320112,100.92388571067264,22.99999999999999,100.0,0.8595182182400002,0.36628200000000005,0.0009947648851722926,0.004014589648681745,0.0,79.97074325556297
10,100.06520297664015,99.19819722702125,99.19819722702127,99.56518802148786,99.9978877678998,99.02176697320112,100.92388571067264,22.99999999999999,100.0,0.8595182182400002,0.36628200000000005,0.0009947648851722926,0.004014589648681745,0.0,79.97074325556297
11,99.91246127540013,99.19819722702125,99.19819722702127,99.5227626086364,99.9978877678998,99.02176697320112,100.92388571067264,22.99999999999999,100.0,0.8595182182400002,0.36628200000000005,0.0009947648851722926,0.004014589648681745,0.0,79.97074325556297
12,99.99262688241636,99.20217154711172,99.20217154711172,99.8142440405246,99.99700008070101,98.18672087073445,101.78221050919036,22.99999999999999,100.0,0.8040900941141336,0.32965380000000005,0.0014138958939420108,0.003990119673159938,0.0,79.48523785191952
13,99.95253665671771,99.20217154711172,99.20217154711172,99.8142440405246,99.99700008070101,98.18672087073445,101.78221050919036,22.99999999999999,100.0,0.8040900941141336,0.32965380000000005,0.0014138958939420108,0.003990119673159938,0.0,79.48523785191952
14,100.03152588873687,99.20217154711172,99.20217154711172,99.8142440405246,99.99700008070101,98.18672087073445,101.78221050919036,22.99999999999999,100.0,0.8040900941141336,0.32965380000000005,0.0014138958939420108,0.003990119673159938,0.0,79.48523785191952
15,100.05654516501023,99.35388536102582,99.35388536102583,100.05638758075025,100.06036916782107,99.12537142469547,100.35745996063216,22.99999999999999,100.0,0.7664295532516695,0.39668842000000004,0.0017541993087226628,0.003542794914357705,0.0,70.60575657184765
16,99.97388834514528,99.35388536102582,99.35388536102583,100.05638758075025,100.06036916782107,99.12537142469547,100.35745996063216,22.99999999999999,100.0,0.7664295532516695,0.39668842000000004,0.0017541993087226628,0.003542794914357705,0.0,70.60575657184765
17,100.07719565982246,99.61659611994149,99.61659611994149,99.68653756155027,100.04823491579398,98.45401933993297,101.04179149344051,19.999999999999986,78.143069561975,0.8891898474133981,0.27133487928000005,0.001861506046702944,0.0021618168488332277,0.0,43.143069561975
18,100.13557486812107,99.23917737579623,99.23917737579625,99.36857650376871,100.18645612028992,99.57499305770754,100.56035159699358,13.999999999999988,100.0,1.4884164549130066,0.19881072364491523,0.0023025802393220308,0.0047500350275295295,0.0,94.55157724675978
19,100.11344546636744,99.23917737579623,99.23917737579625,99.86733867300558,100.18645612028992,99.57499305770754,100.56035159699358,13.999999999999988,100.0,1.4884164549130066,0.19881072364491523,0.0023025802393220308,0.0047500350275295295,0.0,94.55157724675978
20,100.0115430175656,99.23917737579623,99.23917737579625,99.86733867300558,100.18645612028992,99.57499305770754,100.56035159699358,13.999999999999988,100.0,1.4884164549130066,0.19881072364491523,0.0023025802393220308,0.0047500350275295295,0.0,94.55157724675978
21,99.98132429804349,99.23917737579623,99.23917737579625,99.77695354406453,100.18645612028992,99.57499305770754,100.56035159699358,13.999999999999988,100.0,1.4884164549130066,0.19881072364491523,0.0023025802393220308,0.0047500350275295295,0.0,94.55157724675978
22,99.88417390966177,100.08482747673625,100.08482747673625,100.79249797404651,100.18285412814471,98.47444344794938,101.68421329991058,13.999999999999988,100.0,1.3893431385199662,0.1789296512804237,0.002223162805922994,0.0004894781355778323,0.0,9.784773278975756
23,99.92738125027716,100.06747571627996,100.06747571627996,100.22806544661702,100.20239100722247,99.92738125027716,101.07825829927269,13.999999999999988,100.0,1.358195687438369,0.26103668615238135,0.0021706131441053965,0.0006736674525717375,0.0,13.464278605167523
24,99.75791687241569,99.89777375567363,99.89777375567363,100.05809114585324,100.0622058123457,99.75791687241569,100.90684217744811,13.999999999999988,100.0,1.3295400324432995,0.3349330175371432,0.002139055357582174,0.0008223248323354258,0.0,16.432983396392764
25,100.03476597428987,99.89777375567363,99.89777375567363,100.08746109149455,100.0622058123457,99.75791687241569,100.90684217744811,13.999999999999988,100.0,1.3295400324432995,0.3349330175371432,0.002139055357582174,0.0008223248323354258,0.0,16.432983396392764
26,100.12666195291955,100.3669543206757,100.3669543206757,101.07661965425622,100.07233240341424,99.04538738629597,101.63276291237582,13.999999999999988,100.0,1.2932779272813117,0.229094183995406,0.002108843484600597,-0.0014698810900630795,29.354474214704496,0.0
27,99.99357893239292,100.13376620508004,100.13376620508002,100.29446231935098,100.21253178544721,99.99357893239291,101.14521838896972,13.999999999999988,100.0,1.269815693098807,0.3061847655958654,0.0020294905385302682,0.0003931471714586625,0.0,7.859853350060675
28,100.0667984022594,100.13376620508004,100.13376620508002,100.30847235604341,100.21253178544721,99.99357893239291,101.14521838896972,13.999999999999988,100.0,1.269815693098807,0.3061847655958654,0.0020294905385302682,0.0003931471714586625,0.0,7.859853350060675
29,100.06716708468291,100.13376620508004,100.13376620508002,100.40436088868381,100.21253178544721,99.99357893239291,101.14521838896972,13.999999999999988,100.0,1.269815693098807,0.3061847655958654,0.0020294905385302682,0.0003931471714586625,0.0,7.859853350060675
30,99.9609806902627,100.1011222614287,100.1011222614287,100.2617659882274,100.23608291609602,99.9609806902627,101.11224470851384,13.999999999999988,100.0,1.1948971043175691,0.37556628903627887,0.0019885612127562473,0.0006736674525719327,0.0,13.464278605169744
31,99.9593766071862,100.09951592948747,100.09951592948745,100.26015707842146,100.24503643002512,99.50277637071392,101.57786053326335,13.999999999999988,100.0,1.1793053359721637,0.338009660132651,0.0019564096960357704,0.000726351172636534,0.0,14.516479390902504
32,99.93533851370407,100.07544413549378,100.07544413549377,100.33265126411476,100.21037016980307,99.93533851370408,101.08630720756946,13.999999999999988,100.0,1.1649609090943907,0.40420869411938587,0.0019198652208113928,0.0006736674525717445,0.0,13.464278605165303
33,99.76435864217486,99.8784525122872,99.8784525122872,100.03873889545638,100.0723073084102,99.76435864217486,100.91335813793336,13.999999999999988,100.0,1.3163759483661348,0.35247874677765995,0.001848171071882339,0.0009695126755049114,0.0,19.371472621848575
34,99.71639940972189,99.85619808704374,99.85619808704374,100.49446530322312,99.99082852436504,99.71639940972187,100.86484655256943,13.999999999999988,100.0,1.2910658724968442,0.41723087209989396,0.0018181209141071475,0.0006736674525715289,0.0,13.464278605161972
35,99.78298073759346,99.85619808704374,99.85619808704374,100.15637976598985,99.99082852436504,99.71639940972187,100.86484655256943,13.999999999999988,100.0,1.2910658724968442,0.41723087209989396,0.0018181209141071475,0.0006736674525715289,0.0,13.464278605161972
36,99.81760794956308,100.00878660758654,100.00878660758656,100.71591944218561,99.9997601311271,99.14139756088052,101.4498440881873,13.999999999999988,100.0,1.2277806026970968,0.37550778488990455,0.0017144493137091475,-4.5130453706241546e-05,0.9025683408070417,0.0
37,99.79267885731696,99.93258447558276,99.93258447558277,100.09295773050849,100.06731790033093,99.79267885731696,100.94200452079068,13.999999999999988,100.0,1.2095581544813292,0.43795700640091406,0.0016924224614243606,0.0006736674525716463,0.0,13.464278605164193
38,99.7554356748064,99.86825346415968,99.86825346415968,100.02852347974905,100.03235483716662,99.7554356748064,100.90433240355325,13.999999999999988,100.0,1.348378931655802,0.3755625923782252,0.001620669087662158,0.0008209148256296663,0.0,16.404829544807153
39,99.81790572786922,99.86825346415968,99.86825346415968,100.02852347974905,100.03235483716662,99.7554356748064,100.90433240355325,13.999999999999988,100.0,1.348378931655802,0.3755625923782252,0.001620669087662158,0.0008209148256296663,0.0,16.404829544807153
40,99.67022798737001,99.4901926211421,99.49019262114211,99.71660138775385,99.94927220722678,99.67022798737001,100.81814336775527,10.999999999999988,80.93125852210832,1.5253014426578388,0.25299245802189657,0.0016280628243102047,0.0023018492677953192,0.0,45.93125852210833
41,99.77042467088437,99.36799164988007,99.36799164988008,99.5573589358728,99.95805782081752,99.31703728595787,101.17667229435428,8.0,94.03137613929798,1.4832773272452118,0.22769321221970693,0.001885616855135937,0.002960306354860987,0.0,59.03137613929799
42,99.79749882275844,98.73246800329458,98.7324680032946,98.95033302797587,99.96658060385752,98.9158769954733,101.58700139905122,8.0,100.0,1.444615141065595,0.20492389099773622,0.0025178050853847437,0.00621096381293142,0.0,123.4525171420442
43,99.6365310168946,98.73246800329458,98.7324680032946,99.3376214238439,99.96658060385752,98.9158769954733,101.58700139905122,8.0,100.0,1.444615141065595,0.20492389099773622,0.0025178050853847437,0.00621096381293142,0.0,123.4525171420442
44,99.80715628048948,98.80908471768456,98.80908471768457,99.507734811648,99.82672531255906,98.73003744991043,99.80715628048947,8.0,100.0,1.3690459297803474,0.2844315018979626,0.0029815198839181663,0.005123147707956374,0.0,101.94069691139785
45,99.86164820811699,98.86303172603579,98.8630317260358,99.56206326349263,99.68706568167417,98.78394130065497,99.86164820811697,8.0,100.0,1.3395222553979198,0.35598835170816634,0.0033006624048971065,0.004150257120983768,0.0,82.6620735602468
46,99.90521017802705,99.0792555282446,99.0792555282446,99.77981592086853,99.64313084005889,98.82703314978578,99.90521017802705,8.0,91.58948158899004,1.4416411704735475,0.31949603256838577,0.003506680383271584,0.0028375027198456965,0.0,56.58948158899002
47,99.81547889023129,99.0792555282446,99.0792555282446,99.62546584539724,99.64313084005889,98.82703314978578,99.90521017802705,8.0,91.58948158899004,1.4416411704735475,0.31949603256838577,0.003506680383271584,0.0028375027198456965,0.0,56.58948158899002
48,99.95381959097979,99.49561403258618,99.49561403258618,100.11406673771569,99.63476534966735,97.82363286568383,100.92996169603228,8.0,91.58948158899004,1.3663098768356639,0.2875464293115472,0.0033801349761064985,0.0006987950181828015,0.0,13.966140893976187
49,100.06466462591301,99.49561403258618,99.49561403258618,100.11406673771569,99.63476534966735,97.82363286568383,100.92996169603228,8.0,91.58948158899004,1.3663098768356639,0.2875464293115472,0.0033801349761064985,0.0006987950181828015,0.0,13.966140893976187
50,100.05896070943422,99.49561403258618,99.49561403258618,100.11406673771569,99.63476534966735,97.82363286568383,100.92996169603228,8.0,91.58948158899004,1.3663098768356639,0.2875464293115472,0.0033801349761064985,0.0006987950181828015,0.0,13.966140893976187
51,100.19671398514092,99.62541502432272,99.62541502432272,100.13604403594783,99.62665149502038,96.65298704378266,102.15240956420405,8.0,91.58948158899004,1.2836717533554773,0.2587917863803925,0.0031780715447664656,6.205560219573659e-06,0.0,0.12411043421645118
52,100.2171072035316,99.62541502432272,99.62541502432272,100.02135285372454,99.62665149502038,96.65298704378266,102.15240956420405,8.0,91.58948158899004,1.2836717533554773,0.2587917863803925,0.0031780715447664656,6.205560219573659e-06,0.0,0.12411043421645118
53,100.09681750002837,99.62541502432272,99.62541502432272,100.1431669284046,99.62665149502038,96.65298704378266,102.15240956420405,8.0,91.58948158899004,1.2836717533554773,0.2587917863803925,0.0031780715447664656,6.205560219573659e-06,0.0,0.12411043421645118
54,100.14701855631931,99.62541502432272,99.62541502432272,99.941062039934,99.62665149502038,96.65298704378266,102.15240956420405,8.0,91.58948158899004,1.2836717533554773,0.2587917863803925,0.0031780715447664656,6.205560219573659e-06,0.0,0.12411043421645118
55,100.22188389555184,99.45146322394234,99.45146322394234,99.67091479775647,99.61071616607893,99.37190205336319,100.3707537542471,8.0,91.58948158899004,1.2009780130870393,0.3329126077423533,0.0030833892007780714,0.0008000160684695642,0.0,15.987531087626738
56,100.2127152930151,99.45146322394234,99.45146322394234,99.86946126806825,99.61071616607893,99.37190205336319,100.3707537542471,8.0,91.58948158899004,1.2009780130870393,0.3329126077423533,0.0030833892007780714,0.0008000160684695642,0.0,15.987531087626738
57,100.1848701987326,99.45146322394234,99.45146322394234,99.8843155881364,99.61071616607893,99.37190205336319,100.3707537542471,8.0,91.58948158899004,1.2009780130870393,0.3329126077423533,0.0030833892007780714,0.0008000160684695642,0.0,15.987531087626738
58,100.22345094528544,99.40531229313994,99.40531229313994,99.62466202939359,99.56449133318134,99.32578804330542,100.32417622224372,8.0,91.58948158899004,1.1315664387067428,0.399621346968118,0.002994387797429041,0.0008000160684700551,0.0,15.98753108763673
59,100.29814045087936,99.50989222758459,99.5098922275846,100.12843368424761,99.57225880759545,98.71710518093244,100.94276817382338,8.0,91.58948158899004,1.1210411236102036,0.3596592122713062,0.0028523169998635758,0.00031327057542107807,0.0,6.263449354036998
60,100.16703963150626,99.50989222758459,99.5098922275846,100.12843368424761,99.57225880759545,98.71710518093244,100.94276817382338,8.0,91.58948158899004,1.1210411236102036,0.3596592122713062,0.0028523169998635758,0.00031327057542107807,0.0,6.263449354036998
61,100.25082283968338,99.50989222758459,99.5098922275846,100.12843368424761,99.57225880759545,98.71710518093244,100.94276817382338,8.0,91.58948158899004,1.1210411236102036,0.3596592122713062,0.0028523169998635758,0.00031327057542107807,0.0,6.263449354036998
62,100.16206413652532,99.68603985300332,99.68603985300331,100.30567622200499,99.57979383675605,97.72133537347602,101.97136403208106,8.0,91.58948158899004,1.058024500388054,0.3236932910441756,0.0027451604645846346,-0.0005331873220808576,10.658063697176479,0.0
63,100.17462476823738,99.68603985300332,99.68603985300331,100.30567622200499,99.57979383675605,97.72133537347602,101.97136403208106,8.0,91.58948158899004,1.058024500388054,0.3236932910441756,0.0027451604645846346,-0.0005331873220808576,10.658063697176479,0.0
64,100.30290861472479,99.68603985300332,99.68603985300331,100.06594887670079,99.57979383675605,97.72133537347602,101.97136403208106,8.0,91.58948158899004,1.058024500388054,0.3236932910441756,0.0027451604645846346,-0.0005331873220808576,10.658063697176479,0.0
65,100.14014292516185,99.68603985300332,99.68603985300331,100.17890875702899,99.57979383675605,97.72133537347602,101.97136403208106,8.0,91.58948158899004,1.058024500388054,0.3236932910441756,0.0027451604645846346,-0.0005331873220808576,10.658063697176479,0.0
66,100.21016621821643,99.68603985300332,99.68603985300331,100.17890875702899,99.57979383675605,97.72133537347602,101.97136403208106,8.0,91.58948158899004,1.058024500388054,0.3236932910441756,0.0027451604645846346,-0.0005331873220808576,10.658063697176479,0.0
67,100.10242964423365,99.68603985300332,99.68603985300331,100.17890875702899,99.57979383675605,97.72133537347602,101.97136403208106,8.0,91.58948158899004,1.058024500388054,0.3236932910441756,0.0027451604645846346,-0.0005331873220808576,10.658063697176479,0.0
68,100.12568855280581,99.99547276473429,99.9954727647343,99.34265190497872,99.58899417715811,96.38291657363555,103.38738665847298,95.08918645823425,88.58948158899004,1.004305048145134,0.22140621107421612,0.002887746746500741,-0.0020366243616269032,40.649699065130605,0.0
69,100.02448641706145,99.99547276473429,99.9954727647343,99.52453041982982,99.58899417715811,96.38291657363555,103.38738665847298,95.08918645823425,88.58948158899004,1.004305048145134,0.22140621107421612,0.002887746746500741,-0.0020366243616269032,40.649699065130605,0.0
70,100.04979316535132,99.99547276473429,99.9954727647343,99.79831237593042,99.58899417715811,96.38291657363555,103.38738665847298,95.08918645823425,88.58948158899004,1.004305048145134,0.22140621107421612,0.002887746746500741,-0.0020366243616269032,40.649699065130605,0.0
71,100.1065932140623,99.99547276473429,99.9954727647343,99.80627343442013,99.58899417715811,96.38291657363555,103.38738665847298,95.08918645823425,88.58948158899004,1.004305048145134,0.22140621107421612,0.002887746746500741,-0.0020366243616269032,40.649699065130605,0.0
72,99.97857251437262,99.99547276473429,99.9954727647343,99.666695073842,99.58899417715811,96.38291657363555,103.38738665847298,95.08918645823425,88.58948158899004,1.004305048145134,0.22140621107421612,0.002887746746500741,-0.0020366243616269032,40.649699065130605,0.0
73,99.99031442271404,99.82783818740513,99.82783818740513,99.17611173068477,99.59602833274461,95.11991392187976,104.76016485100787,92.08918645823427,88.58948158899004,0.9399606442935234,0.19926558996679453,0.0028539697350888826,-0.0011623977546193218,23.220963097022597,0.0
74,99.998971447244,99.75858261492006,99.75858261492006,99.13732592116008,99.60285193836467,94.56753987005352,105.37207456979986,89.08918645823427,88.58948158899004,0.9447637927500415,0.17933903097011508,0.002776469264245616,-0.0007811474516339797,15.610754731403276,0.0
75,99.98228289548332,99.75858261492006,99.75858261492006,99.68233604679685,99.60285193836467,94.56753987005352,105.37207456979986,89.08918645823427,88.58948158899004,0.9447637927500415,0.17933903097011508,0.002776469264245616,-0.0007811474516339797,15.610754731403276,0.0
76,99.90901844802292,99.75858261492006,99.75858261492006,100.20906749389073,99.60285193836467,94.56753987005352,105.37207456979986,89.08918645823427,88.58948158899004,0.9447637927500415,0.17933903097011508,0.002776469264245616,-0.0007811474516339797,15.610754731403276,0.0
77,99.78002056570897,99.75858261492006,99.75858261492006,99.9250621469444,99.60285193836467,94.56753987005352,105.37207456979986,89.08918645823427,88.58948158899004,0.9447637927500415,0.17933903097011508,0.002776469264245616,-0.0007811474516339797,15.610754731403276,0.0
78,99.68988414871204,99.75858261492006,99.75858261492006,99.9250621469444,99.60285193836467,94.56753987005352,105.37207456979986,89.08918645823427,88.58948158899004,0.9447637927500415,0.17933903097011508,0.002776469264245616,-0.0007811474516339797,15.610754731403276,0.0
79,99.67504948404012,99.83522680667457,99.83522680667457,100.42538440049601,99.60947128249293,93.37778447463957,106.71465294591702,89.08918645823427,85.58948158899004,0.8851826893300383,0.16140512787310357,0.002745711615450072,-0.0011319204087375742,22.612812271043392,0.0
80,99.58957139687402,99.83522680667457,99.83522680667457,99.72859056933756,99.60947128249293,93.37778447463957,106.71465294591702,89.08918645823427,85.58948158899004,0.8851826893300383,0.16140512787310357,0.002745711615450072,-0.0011319204087375742,22.612812271043392,0.0
81,99.61749865442795,100.10888730470336,100.10888730470334,100.67019159378688,99.61850060862854,93.26400384966291,107.0314975821606,89.08918645823427,82.58948158899004,0.8543680741836353,0.14526461508579322,0.0028756031316578322,-0.002455280175634244,48.98533080107126,0.0
82,99.54824823535807,99.78221081096137,99.78221081096137,99.22085644512475,99.60108512120372,99.18622026015068,100.9112258687948,83.08918645823427,82.58948158899004,1.0934945300341765,0.17536099671868258,0.002866714484511961,-0.000908429609967271,18.152102292140484,0.0
83,99.49061039623103,99.75670271506284,99.75670271506284,99.22085644512475,99.4617411655625,98.92783238782779,100.5874492438033,80.08918645823427,82.58948158899004,1.0860149676314426,0.2578248970468143,0.002872382975154145,-0.0014805935823747301,29.568093318285136,0.0
84,99.43383804117872,99.75670271506284,99.75670271506284,99.56122529727344,99.4617411655625,98.92783238782779,100.5874492438033,80.08918645823427,82.58948158899004,1.0860149676314426,0.2578248970468143,0.002872382975154145,-0.0014805935823747301,29.568093318285136,0.0
85,99.4773369390157,99.75670271506284,99.75670271506284,99.6762427305558,99.4617411655625,98.92783238782779,100.5874492438033,80.08918645823427,82.58948158899004,1.0860149676314426,0.2578248970468143,0.002872382975154145,-0.0014805935823747301,29.568093318285136,0.0
86,99.49035064426421,99.75670271506284,99.75670271506284,99.6762427305558,99.4617411655625,98.92783238782779,100.5874492438033,80.08918645823427,82.58948158899004,1.0860149676314426,0.2578248970468143,0.002872382975154145,-0.0014805935823747301,29.568093318285136,0.0
87,99.42576441344465,99.75670271506284,99.75670271506284,99.7616802235701,99.4617411655625,98.92783238782779,100.5874492438033,80.08918645823427,82.58948158899004,1.0860149676314426,0.2578248970468143,0.002872382975154145,-0.0014805935823747301,29.568093318285136,0.0
88,99.67132778902716,99.75670271506284,99.75670271506284,99.7616802235701,99.4617411655625,98.92783238782779,100.5874492438033,80.08918645823427,82.58948158899004,1.0860149676314426,0.2578248970468143,0.002872382975154145,-0.0014805935823747301,29.568093318285136,0.0
89,99.51823155850371,99.83473809312747,99.83473809312746,100.36413607571005,99.47050212776571,97.52635492585681,102.03291537631192,80.08918645823427,79.58948158899004,1.0124671035542605,0.2320424073421329,0.0029193436359016677,-0.0018275282925730402,36.483890509331204,0.0
90,99.54637857434544,99.83473809312747,99.83473809312746,99.8459163233154,99.47050212776571,97.52635492585681,102.03291537631192,80.08918645823427,79.58948158899004,1.0124671035542605,0.2320424073421329,0.0029193436359016677,-0.0018275282925730402,36.483890509331204,0.0
91,99.47737264894643,99.83473809312747,99.83473809312746,99.84467152782011,99.47050212776571,97.52635492585681,102.03291537631192,80.08918645823427,79.58948158899004,1.0124671035542605,0.2320424073421329,0.0029193436359016677,-0.0018275282925730402,36.483890509331204,0.0
92,99.70900155017213,99.83473809312747,99.83473809312746,99.7358491538964,99.47050212776571,97.52635492585681,102.03291537631192,80.08918645823427,79.58948158899004,1.0124671035542605,0.2320424073421329,0.0029193436359016677,-0.0018275282925730402,36.483890509331204,0.0
93,99.6566020307155,99.83473809312747,99.83473809312746,99.7496461740038,99.47050212776571,97.52635492585681,102.03291537631192,80.08918645823427,79.58948158899004,1.0124671035542605,0.2320424073421329,0.0029193436359016677,-0.0018275282925730402,36.483890509331204,0.0
94,99.51950075643003,99.83473809312747,99.83473809312746,99.7496461740038,99.47050212776571,97.52635492585681,102.03291537631192,80.08918645823427,79.58948158899004,1.0124671035542605,0.2320424073421329,0.0029193436359016677,-0.0018275282925730402,36.483890509331204,0.0
95,99.48324643001028,99.83473809312747,99.83473809312746,99.7496461740038,99.47050212776571,97.52635492585681,102.03291537631192,80.08918645823427,79.58948158899004,1.0124671035542605,0.2320424073421329,0.0029193436359016677,-0.0018275282925730402,36.483890509331204,0.0
96,99.34611993915667,99.83473809312747,99.83473809312746,99.64505510447007,99.47050212776571,97.52635492585681,102.03291537631192,80.08918645823427,79.58948158899004,1.0124671035542605,0.2320424073421329,0.0029193436359016677,-0.0018275282925730402,36.483890509331204,0.0
97,99.37388032449554,99.83473809312747,99.83473809312746,99.64505510447007,99.47050212776571,97.52635492585681,102.03291537631192,80.08918645823427,79.58948158899004,1.0124671035542605,0.2320424073421329,0.0029193436359016677,-0.0018275282925730402,36.483890509331204,0.0
98,99.43433311412235,99.83473809312747,99.83473809312746,99.64505510447007,99.47050212776571,97.52635492585681,102.03291537631192,80.08918645823427,79.58948158899004,1.0124671035542605,0.2320424073421329,0.0029193436359016677,-0.0018275282925730402,36.483890509331204,0.0
99,99.41507997406693,99.83473809312747,99.83473809312746,99.64505510447007,99.47050212776571,97.52635492585681,102.03291537631192,80.08918645823427,79.58948158899004,1.0124671035542605,0.2320424073421329,0.0029193436359016677,-0.0018275282925730402,36.483890509331204,0.0
100,99.35069861072829,99.83473809312747,99.83473809312746,99.6859676722014,99.47050212776571,97.52635492585681,102.03291537631192,80.08918645823427,79.58948158899004,1.0124671035542605,0.2320424073421329,0.0029193436359016677,-0.0018275282925730402,36.483890509331204,0.0
101,99.31230012895084,99.83473809312747,99.83473809312746,99.61113352953946,99.47050212776571,97.52635492585681,102.03291537631192,80.08918645823427,79.58948158899004,1.0124671035542605,0.2320424073421329,0.0029193436359016677,-0.0018275282925730402,36.483890509331204,0.0
102,99.27529267715619,99.6403529421921,99.6403529421921,99.13976074386855,99.47900099842128,95.46879660909889,104.23194459918136,77.08918645823427,76.58948158899004,0.9376235814237659,0.20883816660791962,0.0028414223724725885,-0.000810327778679556,16.193433584525962,0.0
103,99.35915560828562,99.6403529421921,99.6403529421921,99.36307875847187,99.47900099842128,95.46879660909889,104.23194459918136,77.08918645823427,76.58948158899004,0.9376235814237659,0.20883816660791962,0.0028414223724725885,-0.000810327778679556,16.193433584525962,0.0
104,99.30831015373661,99.6403529421921,99.6403529421921,99.36307875847187,99.47900099842128,95.46879660909889,104.23194459918136,77.08918645823427,76.58948158899004,0.9376235814237659,0.20883816660791962,0.0028414223724725885,-0.000810327778679556,16.193433584525962,0.0
105,99.39625841518132,99.6403529421921,99.6403529421921,99.3047382804904,99.47900099842128,95.46879660909889,104.23194459918136,77.08918645823427,76.58948158899004,0.9376235814237659,0.20883816660791962,0.0028414223724725885,-0.000810327778679556,16.193433584525962,0.0
106,99.66757437725408,99.6403529421921,99.6403529421921,99.51947145075486,99.47900099842128,95.46879660909889,104.23194459918136,77.08918645823427,76.58948158899004,0.9376235814237659,0.20883816660791962,0.0028414223724725885,-0.000810327778679556,16.193433584525962,0.0
107,99.62942520424441,99.6403529421921,99.6403529421921,99.51947145075486,99.47900099842128,95.46879660909889,104.23194459918136,77.08918645823427,76.58948158899004,0.9376235814237659,0.20883816660791962,0.0028414223724725885,-0.000810327778679556,16.193433584525962,0.0
108,99.72559156345892,99.6403529421921,99.6403529421921,99.51947145075486,99.47900099842128,95.46879660909889,104.23194459918136,77.08918645823427,76.58948158899004,0.9376235814237659,0.20883816660791962,0.0028414223724725885,-0.000810327778679556,16.193433584525962,0.0
109,99.88784049439312,99.66291252575196,99.66291252575196,100.13082055188966,99.61836913475105,98.89461924108512,100.43211690259744,74.08918645823427,73.58948158899004,0.8740422663384361,0.28795434994712765,0.0026977594540096555,-0.00022352019532270425,4.469404904197116,0.0
110,99.88725576174753,99.67772618339824,99.67772618339825,100.13082055188966,99.75793252311621,98.9392220193048,100.4166873801169,71.08918645823427,73.58948158899004,0.8841188850313612,0.3591589149524149,0.002584153868697458,0.00040216649438799704,0.0,8.040096430363963
111,99.80944283212469,99.6969577440184,99.6969577440184,100.05545509351853,99.89769143706106,98.98822018218009,100.4360615139838,68.08918645823427,73.58948158899004,0.8933893742288522,0.42324302345717346,0.0025497894915314247,0.0010057067855589244,0.0,20.093927112331265
112,99.82918781193709,99.6969577440184,99.6969577440184,100.05545509351853,99.89769143706106,98.98822018218009,100.4360615139838,68.08918645823427,73.58948158899004,0.8933893742288522,0.42324302345717346,0.0025497894915314247,0.0010057067855589244,0.0,20.093927112331265
113,99.75052490525316,99.6969577440184,99.6969577440184,99.82687309634164,99.89769143706106,98.98822018218009,100.4360615139838,68.08918645823427,73.58948158899004,0.8933893742288522,0.42324302345717346,0.0025497894915314247,0.0010057067855589244,0.0,20.093927112331265
114,99.86101415861818,99.16576558842414,99.16576558842414,98.78691470218831,99.89204091825921,98.10774313596612,101.33743426957396,65.08918645823427,100.0,0.8485848909572107,0.38091872111145614,0.0028346318552241764,0.003648564919812363,0.0,72.70602574126816
115,99.97615891568682,99.16576558842414,99.16576558842414,99.61479602234343,99.89204091825921,98.10774313596612,101.33743426957396,65.08918645823427,100.0,0.8485848909572107,0.38091872111145614,0.0028346318552241764,0.003648564919812363,0.0,72.70602574126816
116,100.08885045006282,99.16576558842414,99.16576558842414,99.78858389871263,99.89204091825921,98.10774313596612,101.33743426957396,65.08918645823427,100.0,0.8485848909572107,0.38091872111145614,0.0028346318552241764,0.003648564919812363,0.0,72.70602574126816
117,99.91991129381049,99.16576558842414,99.16576558842414,99.78858389871263,99.89204091825921,98.10774313596612,101.33743426957396,65.08918645823427,100.0,0.8485848909572107,0.38091872111145614,0.0028346318552241764,0.003648564919812363,0.0,72.70602574126816
118,99.91024124390898,99.16576558842414,99.16576558842414,99.78858389871263,99.89204091825921,98.10774313596612,101.33743426957396,65.08918645823427,100.0,0.8485848909572107,0.38091872111145614,0.0028346318552241764,0.003648564919812363,0.0,72.70602574126816
119,99.8443945457941,98.75451470190193,98.75451470190191,98.65004123693105,99.8865602203935,96.85992479056651,102.6429350722095,62.089186458234266,100.0,0.7966980996806339,0.3428268490003105,0.0033484353262737705,0.005698949821603801,0.0,113.33311668695
120,99.82590754429455,98.82764846885162,98.8276484688516,99.21493394839932,99.7468168792485,98.21403563955047,99.82590754429455,62.089186458234266,100.0,0.8129622517061832,0.4085441641002795,0.0037029933588108594,0.004628834874542385,0.0,92.15014966438618
121,99.84317580879421,98.84474405070627,98.84474405070625,99.3265288896425,99.60726904189652,98.23102507632818,99.8431758087942,62.089186458234266,100.0,0.8279252715696885,0.4676897476902515,0.003941899779189869,0.003842364606472654,0.0,76.55314702680327
122,99.65481826702141,98.84474405070627,98.84474405070625,99.35585381222035,99.60726904189652,98.23102507632818,99.8431758087942,62.089186458234266,100.0,0.8279252715696885,0.4676897476902515,0.003941899779189869,0.003842364606472654,0.0,76.55314702680327
123,99.6716606114058,98.95275699972473,98.95275699972471,99.65242295830865,99.56254141792299,98.33836738173349,99.95227979770173,62.089186458234266,100.0,0.8016912498441136,0.5209207729212264,0.004073993959733767,0.0030717250663239767,0.0,61.246369318622705
124,99.60074664081897,98.99900265789329,98.99900265789327,99.69899560597939,99.60907205937654,98.38432590437276,99.99899258373058,62.089186458234266,100.0,0.8175559498565844,0.5688286956291038,0.004198162489444963,0.003071725066323385,0.0,61.246369318611606
125,99.64789407745049,98.99900265789329,98.99900265789327,99.69899560597939,99.60907205937654,98.38432590437276,99.99899258373058,62.089186458234266,100.0,0.8175559498565844,0.5688286956291038,0.004198162489444963,0.003071725066323385,0.0,61.246369318611606
126,99.6283652598802,98.99900265789329,98.99900265789327,99.69899560597939,99.60907205937654,98.38432590437276,99.99899258373058,62.089186458234266,100.0,0.8175559498565844,0.5688286956291038,0.004198162489444963,0.003071725066323385,0.0,61.246369318611606
127,99.54901074079291,98.99900265789329,98.99900265789327,99.66156458475918,99.60907205937654,98.38432590437276,99.99899258373058,62.089186458234266,100.0,0.8175559498565844,0.5688286956291038,0.004198162489444963,0.003071725066323385,0.0,61.246369318611606
128,99.60619697747717,99.06822787698779,99.06822787698778,99.45140348226805,99.67872387052597,98.45312130971367,100.0689170474624,62.089186458234266,100.0,0.7721514738680577,0.6119458260661934,0.004314880907373474,0.0030717250663233,0.0,61.24636931860938
129,99.64435532732557,99.06822787698779,99.06822787698778,99.45140348226805,99.67872387052597,98.45312130971367,100.0689170474624,62.089186458234266,100.0,0.7721514738680577,0.6119458260661934,0.004314880907373474,0.0030717250663233,0.0,61.24636931860938
130,99.65386536988849,99.06822787698779,99.06822787698778,99.45140348226805,99.67872387052597,98.45312130971367,100.0689170474624,62.089186458234266,100.0,0.7721514738680577,0.6119458260661934,0.004314880907373474,0.0030717250663233,0.0,61.24636931860938
131,99.7646940709429,99.06822787698779,99.06822787698778,99.61902098535542,99.67872387052597,98.45312130971367,100.0689170474624,62.089186458234266,100.0,0.7721514738680577,0.6119458260661934,0.004314880907373474,0.0030717250663233,0.0,61.24636931860938
132,99.74926972292187,99.06822787698779,99.06822787698778,99.73146821569189,99.67872387052597,98.45312130971367,100.0689170474624,62.089186458234266,100.0,0.7721514738680577,0.6119458260661934,0.004314880907373474,0.0030717250663233,0.0,61.24636931860938
133,99.61085816163744,99.06822787698779,99.06822787698778,99.6239096158803,99.67872387052597,98.45312130971367,100.0689170474624,62.089186458234266,100.0,0.7721514738680577,0.6119458260661934,0.004314880907373474,0.0030717250663233,0.0,61.24636931860938
134,99.60477825900712,99.06822787698779,99.06822787698778,99.6239096158803,99.67872387052597,98.45312130971367,100.0689170474624,62.089186458234266,100.0,0.7721514738680577,0.6119458260661934,0.004314880907373474,0.0030717250663233,0.0,61.24636931860938
135,99.56218257284499,99.06822787698779,99.06822787698778,99.6239096158803,99.67872387052597,98.45312130971367,100.0689170474624,62.089186458234266,100.0,0.7721514738680577,0.6119458260661934,0.004314880907373474,0.0030717250663233,0.0,61.24636931860938
136,99.6222561789081,100.90367086481643,100.9036708648164,101.43324432422469,99.6660681516606,96.0687443548894,102.55257623656105,100.0,100.0,0.7203793559586131,0.550751243459574,0.004796449755594941,-0.0061704358754445686,122.6519018137473,0.0
137,99.62126554758497,100.62754095715655,100.62754095715654,99.92102863348542,99.80569836541629,99.62126554758497,101.64398076480458,100.0,100.0,0.7427490074819241,0.5956761191136166,0.005000705228106415,-0.004100330835932835,81.67173558282227,0.0
138,99.64450138955708,100.17988332924642,100.17988332924641,99.47651403806817,99.83025570667151,98.62655574542245,102.66912316416554,97.0,100.0,0.7633290868833701,0.536108507202255,0.004910429067502386,-0.0017480494951914063,34.89998300615249,0.0
139,99.73642579158624,99.44548287144038,99.44548287144036,98.77719326738956,99.85408210085781,97.65960647078184,103.68567276700752,94.0,100.0,0.7822627599327004,0.4824976564820295,0.004861824814941305,0.0020501762232860332,0.0,40.91963200910875
140,99.76152763617776,99.44548287144038,99.44548287144036,99.46224305326923,99.85408210085781,97.65960647078184,103.68567276700752,94.0,100.0,0.7822627599327004,0.4824976564820295,0.004861824814941305,0.0020501762232860332,0.0,40.91963200910875
141,99.71391709072148,99.44548287144038,99.44548287144036,99.46224305326923,99.85408210085781,97.65960647078184,103.68567276700752,94.0,100.0,0.7822627599327004,0.4824976564820295,0.004861824814941305,0.0020501762232860332,0.0,40.91963200910875
142,99.85406002283241,99.44548287144038,99.44548287144036,99.55449784276392,99.85408210085781,97.65960647078184,103.68567276700752,94.0,100.0,0.7822627599327004,0.4824976564820295,0.004861824814941305,0.0020501762232860332,0.0,40.91963200910875
143,99.86875698332976,99.44548287144038,99.44548287144036,99.56915071237977,99.85408210085781,97.65960647078184,103.68567276700752,94.0,100.0,0.7822627599327004,0.4824976564820295,0.004861824814941305,0.0020501762232860332,0.0,40.91963200910875
144,99.84992239922177,99.44548287144038,99.44548287144036,99.26551426507834,99.85408210085781,97.65960647078184,103.68567276700752,94.0,100.0,0.7822627599327004,0.4824976564820295,0.004861824814941305,0.0020501762232860332,0.0,40.91963200910875
145,99.95864162970148,99.16680417966452,99.16680417966451,98.5302269010789,99.8770009746462,95.35408153016675,106.1785984145903,91.0,100.0,0.7330150724714177,0.4342478908338266,0.004998282266448136,0.00356804269507955,0.0,71.10714058804813
146,100.07792017308684,99.16680417966452,99.16680417966451,99.82502661928689,99.8770009746462,95.35408153016675,106.1785984145903,91.0,100.0,0.7330150724714177,0.4342478908338266,0.004998282266448136,0.00356804269507955,0.0,71.10714058804813
147,99.91384352712527,99.16680417966452,99.16680417966451,99.82502661928689,99.8770009746462,95.35408153016675,106.1785984145903,91.0,100.0,0.7330150724714177,0.4342478908338266,0.004998282266448136,0.00356804269507955,0.0,71.10714058804813
148,100.099172194197,99.17104318936673,99.17104318936671,99.87225258565519,99.87328644469602,93.71273720073992,106.18313715225123,91.0,100.0,0.701040533340371,0.39082310175044394,0.005121756046113674,0.0035280746586469776,0.0,70.31342217001857
149,100.03978066385694,99.17104318936673,99.17104318936671,99.87225258565519,99.87328644469602,93.71273720073992,106.18313715225123,91.0,100.0,0.701040533340371,0.39082310175044394,0.005121756046113674,0.0035280746586469776,0.0,70.31342217001857
150,100.13217445642728,99.24039790868662,99.24039790868662,99.9420976918793,99.78216158655978,98.33731028771757,100.24282617039053,91.0,100.0,0.6849572906731414,0.4517407915753996,0.005141106124257672,0.0027221219506329904,0.0,54.294642374849154
151,100.13574039475061,99.24039790868662,99.24039790868662,99.9420976918793,99.78216158655978,98.33731028771757,100.24282617039053,91.0,100.0,0.6849572906731414,0.4517407915753996,0.005141106124257672,0.0027221219506329904,0.0,54.294642374849154
152,100.1668597922917,99.24039790868662,99.24039790868662,99.9420976918793,99.78216158655978,98.33731028771757,100.24282617039053,91.0,100.0,0.6849572906731414,0.4517407915753996,0.005141106124257672,0.0027221219506329904,0.0,54.294642374849154
153,100.11706000105177,100.31883230089441,100.31883230089441,100.93639701684502,99.75572920068906,96.59735639212066,102.04844386444827,91.1313451612344,88.0,1.5101912773605726,0.17847302915034235,0.004605296469246845,-0.002814466246879167,56.131345161234414,0.0
154,100.27984002479009,100.12176210251882,100.12176210251882,99.50786260430012,99.63870365331873,99.20933901648726,101.01065587421188,88.1313451612344,85.0,1.4693759751717268,0.2606257262353081,0.004619161859605669,-0.0024181884407024202,48.24709823878837,0.0
155,100.26397999552418,100.12176210251882,100.12176210251882,99.96318805553761,99.63870365331873,99.20933901648726,101.01065587421188,88.1313451612344,85.0,1.4693759751717268,0.2606257262353081,0.004619161859605669,-0.0024181884407024202,48.24709823878837,0.0
156,100.26736719480742,100.12176210251882,100.12176210251882,99.96656509322298,99.63870365331873,99.20933901648726,101.01065587421188,88.1313451612344,85.0,1.4693759751717268,0.2606257262353081,0.004619161859605669,-0.0024181884407024202,48.24709823878837,0.0
157,100.28217593040114,100.12176210251882,100.12176210251882,100.39593201830053,99.63870365331873,99.20933901648726,101.01065587421188,88.1313451612344,85.0,1.4693759751717268,0.2606257262353081,0.004619161859605669,-0.0024181884407024202,48.24709823878837,0.0
158,100.42349504596429,100.12176210251882,100.12176210251882,100.5862232156656,99.63870365331873,99.20933901648726,101.01065587421188,88.1313451612344,85.0,1.4693759751717268,0.2606257262353081,0.004619161859605669,-0.0024181884407024202,48.24709823878837,0.0
159,100.36697535698228,100.12176210251882,100.12176210251882,100.5862232156656,99.63870365331873,99.20933901648726,101.01065587421188,88.1313451612344,85.0,1.4693759751717268,0.2606257262353081,0.004619161859605669,-0.0024181884407024202,48.24709823878837,0.0
160,100.24699791117203,100.12176210251882,100.12176210251882,100.54864384270013,99.63870365331873,99.20933901648726,101.01065587421188,88.1313451612344,85.0,1.4693759751717268,0.2606257262353081,0.004619161859605669,-0.0024181884407024202,48.24709823878837,0.0
161,100.26083888659991,100.12176210251882,100.12176210251882,100.54864384270013,99.63870365331873,99.20933901648726,101.01065587421188,88.1313451612344,85.0,1.4693759751717268,0.2606257262353081,0.004619161859605669,-0.0024181884407024202,48.24709823878837,0.0
162,100.22370982298413,100.12176210251882,100.12176210251882,100.52528568002421,99.63870365331873,99.20933901648726,101.01065587421188,88.1313451612344,85.0,1.4693759751717268,0.2606257262353081,0.004619161859605669,-0.0024181884407024202,48.24709823878837,0.0
163,100.21073085125988,100.12176210251882,100.12176210251882,100.51226765422255,99.63870365331873,99.20933901648726,101.01065587421188,88.1313451612344,85.0,1.4693759751717268,0.2606257262353081,0.004619161859605669,-0.0024181884407024202,48.24709823878837,0.0
164,100.1416271335197,100.12176210251882,100.12176210251882,100.41712797384423,99.63870365331873,99.20933901648726,101.01065587421188,88.1313451612344,85.0,1.4693759751717268,0.2606257262353081,0.004619161859605669,-0.0024181884407024202,48.24709823878837,0.0
165,100.17377936535269,100.12176210251882,100.12176210251882,100.3798192148248,99.63870365331873,99.20933901648726,101.01065587421188,88.1313451612344,85.0,1.4693759751717268,0.2606257262353081,0.004619161859605669,-0.0024181884407024202,48.24709823878837,0.0
166,100.21313575019522,100.22829825026713,100.22829825026714,100.34032745056254,99.65268913824504,96.07861920780995,104.30208599508914,92.42979997373831,82.0,1.3584925638246552,0.2345631536117773,0.004687584207120165,-0.002879759198423865,57.42979997373831,0.0
167,100.26775819357985,99.21878368525809,99.21878368525807,98.5974989491389,99.66625693419815,95.18045176172298,105.28632946594675,92.42979997373831,82.0,1.329813158718683,0.21110683825059956,0.0046763186939355415,0.002249909030595453,0.0,44.89716607251615
168,100.16906076525746,99.34767446698235,99.34767446698235,99.86855358296167,99.74875976463235,98.42940589909844,100.16906076525747,89.42979997373831,79.00000000000001,1.3034281060211885,0.2899961544255396,0.004637483232919175,0.0020145277799571986,0.0,40.209552338936746
169,100.04872089662577,98.63203236815811,98.63203236815812,98.04410037671948,99.73512961126045,97.5192274123051,101.10397100368013,86.42979997373831,100.0,1.2791538575394936,0.26099653898298564,0.005026547479401316,0.005560886348803952,0.0,110.60267805354962
170,100.18475324240903,99.18290570998494,99.18290570998494,99.88419898268181,99.73539229601366,98.32566983985213,100.18475324240903,83.42979997373831,97.0,1.2568215489363344,0.33489688508468707,0.0050582500663499405,0.002777454822240927,0.0,55.395238672040215
171,100.28563164665509,99.31286101968253,99.31286101968253,99.98477475171515,99.85032872030614,98.48429580671335,100.28563164665509,80.42979997373831,94.0,1.2362758250214276,0.4014071965762184,0.005078591413485123,0.0026986297082572715,0.0,53.82733412216623
172,100.26627448265552,99.32377150251857,99.32377150251857,99.82484823726338,99.84556098640864,98.52491239506008,100.26627448265553,77.42979997373831,91.0,1.2173737590197136,0.46126647691859657,0.0050882560620883095,0.0026198284513460003,0.0,52.25965768884788
173,100.42599042743493,99.51211391454525,99.51211391454525,100.12471245615262,99.98544266611808,98.74159360700854,100.42599042743491,74.42979997373831,88.0,1.1999838582981366,0.515139829226737,0.005067673743184617,0.0023726042548368083,0.0,47.33976656515981
174,100.31717323088672,99.51211391454525,99.51211391454525,100.12471245615262,99.98544266611808,98.74159360700854,100.42599042743491,74.42979997373831,88.0,1.1999838582981366,0.515139829226737,0.005067673743184617,0.0023726042548368083,0.0,47.33976656515981
175,100.16732368424691,101.48965769197714,101.48965769197714,102.08352372770501,99.97326234745074,97.33484891524337,101.8774102480181,100.0,88.0,1.1439851496342857,0.4636258463040633,0.005666860813720457,-0.007526920309849732,149.4137805773954,0.0
176,100.22551098805019,101.23788988691939,101.23788988691939,100.59907367399772,100.1133229342714,100.22551098805019,102.13669278341344,100.0,88.0,1.1324663376635429,0.517263261673657,0.005997068308919269,-0.005585101459739772,111.08162703747703,0.0
177,100.17229384420065,101.16180944815058,101.16180944815056,100.45154599164402,100.26050430497307,100.17229384420064,102.08246085165685,100.0,88.0,1.2930578439073583,0.42980807098478147,0.006088584669493037,-0.004474703553858497,89.09539559387336,0.0
178,100.20075002631874,101.16180944815058,101.16180944815056,100.45154599164402,100.26050430497307,100.17229384420064,102.08246085165685,100.0,88.0,1.2930578439073583,0.42980807098478147,0.006088584669493037,-0.004474703553858497,89.09539559387336,0.0
179,100.2525855452654,101.14737106133354,101.14737106133354,100.43720897765314,100.40096731216278,100.13589735072021,102.04537032015088,100.0,88.0,1.2296132163947697,0.4868272638863034,0.006167673448454863,-0.003703348562405797,73.7936875015921,0.0
180,100.31798366808589,101.14737106133354,101.14737106133354,100.43720897765314,100.40096731216278,100.13589735072021,102.04537032015088,100.0,88.0,1.2296132163947697,0.4868272638863034,0.006167673448454863,-0.003703348562405797,73.7936875015921,0.0
181,100.34060822270138,101.14737106133354,101.14737106133354,100.43720897765314,100.40096731216278,100.13589735072021,102.04537032015088,100.0,88.0,1.2296132163947697,0.4868272638863034,0.006167673448454863,-0.003703348562405797,73.7936875015921,0.0
182,100.41587768697653,101.14737106133354,101.14737106133354,100.43720897765314,100.40096731216278,100.13589735072021,102.04537032015088,100.0,88.0,1.2296132163947697,0.4868272638863034,0.006167673448454863,-0.003703348562405797,73.7936875015921,0.0
183,100.44936701401198,101.14737106133354,101.14737106133354,100.60631577655381,100.40096731216278,100.13589735072021,102.04537032015088,100.0,88.0,1.2296132163947697,0.4868272638863034,0.006167673448454863,-0.003703348562405797,73.7936875015921,0.0
184,100.39512189757481,101.14737106133354,101.14737106133354,100.54063288906708,100.40096731216278,100.13589735072021,102.04537032015088,100.0,88.0,1.2296132163947697,0.4868272638863034,0.006167673448454863,-0.003703348562405797,73.7936875015921,0.0
185,100.41426880267512,101.14737106133354,101.14737106133354,100.54063288906708,100.40096731216278,100.13589735072021,102.04537032015088,100.0,88.0,1.2296132163947697,0.4868272638863034,0.006167673448454863,-0.003703348562405797,73.7936875015921,0.0
186,100.59707731360491,101.14737106133354,101.14737106133354,100.54063288906708,100.40096731216278,100.13589735072021,102.04537032015088,100.0,88.0,1.2296132163947697,0.4868272638863034,0.006167673448454863,-0.003703348562405797,73.7936875015921,0.0
187,100.55503724543313,101.14737106133354,101.14737106133354,100.54063288906708,100.40096731216278,100.13589735072021,102.04537032015088,100.0,88.0,1.2296132163947697,0.4868272638863034,0.006167673448454863,-0.003703348562405797,73.7936875015921,0.0
188,100.44123448471208,101.14737106133354,101.14737106133354,100.57376589241485,100.40096731216278,100.13589735072021,102.04537032015088,100.0,88.0,1.2296132163947697,0.4868272638863034,0.006167673448454863,-0.003703348562405797,73.7936875015921,0.0
189,100.56416477206665,101.14737106133354,101.14737106133354,100.57376589241485,100.40096731216278,100.13589735072021,102.04537032015088,100.0,88.0,1.2296132163947697,0.4868272638863034,0.006167673448454863,-0.003703348562405797,73.7936875015921,0.0
190,100.65707584653464,101.14737106133354,101.14737106133354,101.18785721003997,100.40096731216278,100.13589735072021,102.04537032015088,100.0,88.0,1.2296132163947697,0.4868272638863034,0.006167673448454863,-0.003703348562405797,73.7936875015921,0.0
191,100.64333897814059,101.14737106133354,101.14737106133354,101.19169717803929,100.40096731216278,100.13589735072021,102.04537032015088,100.0,88.0,1.2296132163947697,0.4868272638863034,0.006167673448454863,-0.003703348562405797,73.7936875015921,0.0
192,100.56638483406408,101.14737106133354,101.14737106133354,100.86899180949256,100.40096731216278,100.13589735072021,102.04537032015088,100.0,88.0,1.2296132163947697,0.4868272638863034,0.006167673448454863,-0.003703348562405797,73.7936875015921,0.0
193,100.42508879953922,101.14737106133354,101.14737106133354,101.1913375962842,100.40096731216278,100.13589735072021,102.04537032015088,100.0,88.0,1.2296132163947697,0.4868272638863034,0.006167673448454863,-0.003703348562405797,73.7936875015921,0.0
194,100.45953384422421,101.14737106133354,101.14737106133354,101.25843889223508,100.40096731216278,100.13589735072021,102.04537032015088,100.0,88.0,1.2296132163947697,0.4868272638863034,0.006167673448454863,-0.003703348562405797,73.7936875015921,0.0
195,100.48532115218657,101.14737106133354,101.14737106133354,100.78768420480097,100.40096731216278,100.13589735072021,102.04537032015088,100.0,88.0,1.2296132163947697,0.4868272638863034,0.006167673448454863,-0.003703348562405797,73.7936875015921,0.0
196,100.74371043048824,101.14737106133354,101.14737106133354,100.78768420480097,100.40096731216278,100.13589735072021,102.04537032015088,100.0,88.0,1.2296132163947697,0.4868272638863034,0.006167673448454863,-0.003703348562405797,73.7936875015921,0.0
197,100.8877239782026,101.14737106133354,101.14737106133354,100.78768420480097,100.40096731216278,100.13589735072021,102.04537032015088,100.0,88.0,1.2296132163947697,0.4868272638863034,0.006167673448454863,-0.003703348562405797,73.7936875015921,0.0
198,100.8601946462896,101.14737106133354,101.14737106133354,100.76507104936266,100.40096731216278,100.13589735072021,102.04537032015088,100.0,88.0,1.2296132163947697,0.4868272638863034,0.006167673448454863,-0.003703348562405797,73.7936875015921,0.0
199,100.83770365136854,101.8960939905105,101.89609399051048,102.49233828545087,100.4225106845422,94.82450506756905,107.83682136660816,100.0,88.0,1.135244159083188,0.43814453749767307,0.006671645975831946,-0.0072834789876839124,144.61627018848344,0.0
200,100.8078007716699,101.82606138552515,101.82606138552515,101.40061422403042,100.56320065950368,100.8078007716699,102.73008614358874,100.0,88.0,1.1244246263565332,0.49433008374790577,0.007020128315634417,-0.006239761503456185,124.02136632194139,0.0
201,100.80843644938443,101.82606138552515,101.82606138552515,101.11177176467845,100.56320065950368,100.8078007716699,102.73008614358874,100.0,88.0,1.1244246263565332,0.49433008374790577,0.007020128315634417,-0.006239761503456185,124.02136632194139,0.0
202,100.8340520938769,101.47259623223184,101.47259623223185,100.76015072207574,100.70408773837065,100.45787026990953,102.37348288158985,100.0,88.0,1.0744706562480106,0.5448970753731152,0.0070550635389194155,-0.0038011727107610093,75.73557023241806,0.0
203,100.76967670925168,101.3190940152726,101.31909401527261,100.60772625388151,100.84957136893419,100.44341250733592,102.35874942660658,97.0,88.0,1.2514401429235724,0.4487095995552107,0.006714896965157139,-0.0023224303600467883,46.340983493954326,0.0
204,100.85848632028897,101.19629684179326,101.19629684179326,100.5162414868885,100.8659379723219,99.10290533189209,103.74329650538598,94.0,88.0,1.2313249314896868,0.4038386395996897,0.006508195670285356,-0.001634936235240952,32.6453516365155,0.0
205,101.11385342474547,101.47446117774514,101.47446117774514,102.06823829117421,100.88181611536659,97.82075436940958,105.10307509555278,93.403371202973,85.0,1.212818936970512,0.36345477563972073,0.006469151445174265,-0.0029287209188974374,58.403371202973005,0.0
206,101.10849701326339,101.47446117774514,101.47446117774514,101.41273521892015,100.88181611536659,97.82075436940958,105.10307509555278,93.403371202973,85.0,1.212818936970512,0.36345477563972073,0.006469151445174265,-0.0029287209188974374,58.403371202973005,0.0
207,101.09515386128358,101.47446117774514,101.47446117774514,101.39935191703468,100.88181611536659,97.82075436940958,105.10307509555278,93.403371202973,85.0,1.212818936970512,0.36345477563972073,0.006469151445174265,-0.0029287209188974374,58.403371202973005,0.0
208,100.99226174670318,101.47446117774514,101.47446117774514,101.2801791546192,100.88181611536659,97.82075436940958,105.10307509555278,93.403371202973,85.0,1.212818936970512,0.36345477563972073,0.006469151445174265,-0.0029287209188974374,58.403371202973005,0.0
209,100.8069251774055,101.47446117774514,101.47446117774514,101.65212380882653,100.88181611536659,97.82075436940958,105.10307509555278,93.403371202973,85.0,1.212818936970512,0.36345477563972073,0.006469151445174265,-0.0029287209188974374,58.403371202973005,0.0
210,100.90678972965523,101.47446117774514,101.47446117774514,101.04570187166682,100.88181611536659,97.82075436940958,105.10307509555278,93.403371202973,85.0,1.212818936970512,0.36345477563972073,0.006469151445174265,-0.0029287209188974374,58.403371202973005,0.0
211,100.8065234827154,101.47446117774514,101.47446117774514,101.21086956888668,100.88181611536659,97.82075436940958,105.10307509555278,93.403371202973,85.0,1.212818936970512,0.36345477563972073,0.006469151445174265,-0.0029287209188974374,58.403371202973005,0.0
212,100.70058751335023,101.47446117774514,101.47446117774514,101.00359830827503,100.88181611536659,97.82075436940958,105.10307509555278,93.403371202973,85.0,1.212818936970512,0.36345477563972073,0.006469151445174265,-0.0029287209188974374,58.403371202973005,0.0
213,100.57146840192148,101.40883260284666,101.40883260284666,100.76393171450376,100.89464941117508,100.46163991936028,102.27819727972431,90.403371202973,82.0,1.1257934220128711,0.4271092980757487,0.006386000153117181,-0.0025416428157965546,50.70398489698702,0.0
214,100.44260425743187,101.35892309233688,101.35892309233688,100.74483877375313,100.86087816358194,100.44260425743187,102.19693798380408,87.403371202973,79.00000000000001,1.1157299482518415,0.48439836826817384,0.006298387424275249,-0.0024628890230419895,49.13676206891204,0.0
215,100.46331869919999,101.34914438800483,101.34914438800483,100.74483877375313,100.8670288690588,100.46331869919997,102.15617819575127,84.403371202973,76.00000000000001,1.1064715523916944,0.5359585314413565,0.006206583806558549,-0.00238415904712605,47.56976705203364,0.0
216,100.51832882813585,101.34914438800483,101.34914438800483,100.74483877375313,100.8670288690588,100.46331869919997,102.15617819575127,84.403371202973,76.00000000000001,1.1064715523916944,0.5359585314413565,0.006206583806558549,-0.00238415904712605,47.56976705203364,0.0
217,100.5548612863554,101.34914438800483,101.34914438800483,100.74483877375313,100.8670288690588,100.46331869919997,102.15617819575127,84.403371202973,76.00000000000001,1.1064715523916944,0.5359585314413565,0.006206583806558549,-0.00238415904712605,47.56976705203364,0.0
218,100.40675287124307,101.05634768329861,101.05634768329861,100.56572903642481,100.80232681006001,100.40675287124307,102.03691405414098,75.403371202973,73.00000000000001,1.3165204424104318,0.3363726829844748,0.005564209047832938,-0.0012584094980122257,25.13655787706459,0.0
219,100.28999366609379,101.05195950744657,101.05195950744657,100.5811167655728,100.81478861883464,99.29521823903687,103.17913989085339,72.403371202973,73.00000000000001,1.2911988070175973,0.3027354146860273,0.005371343170636649,-0.0011748883400229634,23.470191945604846,0.0
220,100.1124388816469,100.84257310701993,100.84257310701993,100.41367992141113,100.82687804531629,98.23389466870606,104.29389212074241,69.403371202973,73.00000000000001,1.2679029024561896,0.2724618732174246,0.005058401661739121,-7.782567768175336e-05,1.5563924263395368,0.0
221,100.17292061833143,100.80890525881796,100.80890525881796,100.94331352490288,100.96739037343653,100.15690755601823,101.5985578343465,63.403371202973005,73.00000000000001,1.390247122802562,0.26236392128071845,0.004578906182343052,0.0007854496194508794,0.0,15.696663450684989
222,100.21745932912037,100.75709300230385,100.75709300230385,100.41951761826286,100.96462215527266,99.24359507927922,102.53354240856181,60.403371202973005,73.00000000000001,1.359027352978357,0.23612752915264662,0.004427626577404368,0.001028789353722805,0.0,20.55464067895585
223,100.1904325763522,100.4239080230033,100.42390802300332,100.1478845897829,100.82317800760255,100.1269329972127,101.47618497680628,54.403371202973005,74.6010116413037,1.455638028497269,0.23751122994041032,0.004080516503351933,0.0019839789607612075,0.0,39.6010116413037
224,100.27792803051052,100.4239080230033,100.42390802300332,100.1478845897829,100.82317800760255,100.1269329972127,101.47618497680628,54.403371202973005,74.6010116413037,1.455638028497269,0.23751122994041032,0.004080516503351933,0.0019839789607612075,0.0,39.6010116413037
225,100.38606027404671,100.4239080230033,100.42390802300332,100.1478845897829,100.82317800760255,100.1269329972127,101.47618497680628,54.403371202973005,74.6010116413037,1.455638028497269,0.23751122994041032,0.004080516503351933,0.0019839789607612075,0.0,39.6010116413037
226,100.5138134175968,100.4239080230033,100.42390802300332,100.28329967868031,100.82317800760255,100.1269329972127,101.47618497680628,54.403371202973005,74.6010116413037,1.455638028497269,0.23751122994041032,0.004080516503351933,0.0019839789607612075,0.0,39.6010116413037
227,100.70096646227155,100.4239080230033,100.42390802300332,100.27964169396603,100.82317800760255,100.1269329972127,101.47618497680628,54.403371202973005,74.6010116413037,1.455638028497269,0.23751122994041032,0.004080516503351933,0.0019839789607612075,0.0,39.6010116413037
228,100.69314746435305,101.18903301110656,101.18903301110657,101.64373848386329,100.82246162876612,98.31580728964144,103.34552961613076,71.22639444535669,74.6010116413037,1.3551869862174875,0.2137601069463693,0.004053438538745598,-0.0018146065549088292,36.22639444535669,0.0
229,100.64602856892373,101.18903301110656,101.18903301110657,100.94887519450724,100.82246162876612,98.31580728964144,103.34552961613076,71.22639444535669,74.6010116413037,1.3551869862174875,0.2137601069463693,0.004053438538745598,-0.0018146065549088292,36.22639444535669,0.0
230,100.6707572674443,101.42091503752731,101.42091503752731,101.8766625009357,100.82176674615803,97.19476333464888,104.53751648123347,94.07541764413992,71.6010116413037,1.2867720273200884,0.19238409625173236,0.004165735845484445,-0.0029625214919277642,59.075417644139925,0.0
231,100.68735716500092,101.33265502795595,101.33265502795595,100.71189933820447,100.82273655407654,100.4174685018498,102.10218352476237,85.32123886803629,71.6010116413037,1.4037876068048956,0.20759072183618493,0.004140074875082297,-0.0025224084793824654,50.3212388680363,0.0
232,100.5102748320133,101.33265502795595,101.33265502795595,100.71189933820447,100.82273655407654,100.4174685018498,102.10218352476237,85.32123886803629,71.6010116413037,1.4037876068048956,0.20759072183618493,0.004140074875082297,-0.0025224084793824654,50.3212388680363,0.0
233,100.62996777935454,101.33265502795595,101.33265502795595,101.557995636238,100.82273655407654,100.4174685018498,102.10218352476237,85.32123886803629,71.6010116413037,1.4037876068048956,0.20759072183618493,0.004140074875082297,-0.0025224084793824654,50.3212388680363,0.0
234,100.77534397713528,101.33265502795595,101.33265502795595,101.07857971628414,100.82273655407654,100.4174685018498,102.10218352476237,85.32123886803629,71.6010116413037,1.4037876068048956,0.20759072183618493,0.004140074875082297,-0.0025224084793824654,50.3212388680363,0.0
235,100.82776059737272,101.33265502795595,101.33265502795595,100.98785544124414,100.82273655407654,100.4174685018498,102.10218352476237,85.32123886803629,71.6010116413037,1.4037876068048956,0.20759072183618493,0.004140074875082297,-0.0025224084793824654,50.3212388680363,0.0
236,100.93288051739614,101.33265502795595,101.33265502795595,100.98785544124414,100.82273655407654,100.4174685018498,102.10218352476237,85.32123886803629,71.6010116413037,1.4037876068048956,0.20759072183618493,0.004140074875082297,-0.0025224084793824654,50.3212388680363,0.0
237,100.80508017703818,101.33265502795595,101.33265502795595,101.29586358304549,100.82273655407654,100.4174685018498,102.10218352476237,85.32123886803629,71.6010116413037,1.4037876068048956,0.20759072183618493,0.004140074875082297,-0.0025224084793824654,50.3212388680363,0.0
238,100.82698076375628,101.30362932311432,101.30362932311432,100.7415187638382,100.81978423063109,100.43929420754668,102.03420454989313,82.3212388680363,71.6010116413037,1.3029131696890752,0.28683164965256647,0.0041789281573257585,-0.0023938102171155956,47.76187148635924,0.0
239,100.67510410861782,101.30362932311432,101.30362932311432,100.7415187638382,100.81978423063109,100.43929420754668,102.03420454989313,82.3212388680363,71.6010116413037,1.3029131696890752,0.28683164965256647,0.0041789281573257585,-0.0023938102171155956,47.76187148635924,0.0
240,100.57974159439725,101.30362932311432,101.30362932311432,100.7415187638382,100.81978423063109,100.43929420754668,102.03420454989313,82.3212388680363,71.6010116413037,1.3029131696890752,0.28683164965256647,0.0041789281573257585,-0.0023938102171155956,47.76187148635924,0.0
241,100.59165868675147,101.24261002032321,101.24261002032321,100.8447302326409,100.78222628688148,100.40916831201257,101.97274519188117,79.3212388680363,71.6010116413037,1.225346782780616,0.35814848468730986,0.004201654605793202,-0.002278847204418291,45.47331734625515,0.0
242,100.64230346243835,101.21868023787437,101.21868023787435,100.71795499154345,100.78156808244053,100.41580112656877,101.94864283411239,76.3212388680363,71.6010116413037,1.2073190401581668,0.4223336362185789,0.004209226002924216,-0.0021639189014296856,43.1849293437303,0.0
243,100.71381270001031,101.21868023787437,101.21868023787435,100.71795499154345,100.78156808244053,100.41580112656877,101.94864283411239,76.3212388680363,71.6010116413037,1.2073190401581668,0.4223336362185789,0.004209226002924216,-0.0021639189014296856,43.1849293437303,0.0
244,100.76432432067185,101.09778777052234,101.09778777052234,100.87503055356248,100.68433110583166,100.32619692957593,101.82687852196725,73.3212388680363,71.6010116413037,1.1507335169455135,0.48010027259672106,0.004202555821689045,-0.0020490252902143403,40.89670741650342,0.0
245,100.87582616240792,101.09778777052234,101.09778777052234,100.87503055356248,100.68433110583166,100.32619692957593,101.82687852196725,73.3212388680363,71.6010116413037,1.1507335169455135,0.48010027259672106,0.004202555821689045,-0.0020490252902143403,40.89670741650342,0.0
246,101.09325245337195,100.69837753943673,100.69837753943673,100.26082704124121,100.69599189157954,99.1405156379031,103.04468764950803,70.3212388680363,68.6010116413037,1.0986748355898726,0.432090245337049,0.003951823950772053,-1.1845653202386292e-05,0.23691025769156937,0.0
247,101.09381415682131,100.69837753943673,100.69837753943673,100.64230412096252,100.69599189157954,99.1405156379031,103.04468764950803,70.3212388680363,68.6010116413037,1.0986748355898726,0.432090245337049,0.003951823950772053,-1.1845653202386292e-05,0.23691025769156937,0.0
248,101.3103908651965,100.69837753943673,100.69837753943673,101.00645969260093,100.69599189157954,99.1405156379031,103.04468764950803,70.3212388680363,68.6010116413037,1.0986748355898726,0.432090245337049,0.003951823950772053,-1.1845653202386292e-05,0.23691025769156937,0.0
249,101.22002965897377,100.69837753943673,100.69837753943673,100.6728817700154,100.69599189157954,99.1405156379031,103.04468764950803,70.3212388680363,68.6010116413037,1.0986748355898726,0.432090245337049,0.003951823950772053,-1.1845653202386292e-05,0.23691025769156937,0.0
250,100.98153161438384,100.69837753943673,100.69837753943673,100.6785870195407,100.69599189157954,99.1405156379031,103.04468764950803,70.3212388680363,68.6010116413037,1.0986748355898726,0.432090245337049,0.003951823950772053,-1.1845653202386292e-05,0.23691025769156937,0.0
251,100.93887849684579,100.69837753943673,100.69837753943673,100.6785870195407,100.69599189157954,99.1405156379031,103.04468764950803,70.3212388680363,68.6010116413037,1.0986748355898726,0.432090245337049,0.003951823950772053,-1.1845653202386292e-05,0.23691025769156937,0.0
252,101.00526893093885,100.69837753943673,100.69837753943673,100.61497108187035,100.69599189157954,99.1405156379031,103.04468764950803,70.3212388680363,68.6010116413037,1.0986748355898726,0.432090245337049,0.003951823950772053,-1.1845653202386292e-05,0.23691025769156937,0.0
253,100.9745566121089,100.69837753943673,100.69837753943673,101.06624063025295,100.69599189157954,99.1405156379031,103.04468764950803,70.3212388680363,68.6010116413037,1.0986748355898726,0.432090245337049,0.003951823950772053,-1.1845653202386292e-05,0.23691025769156937,0.0
254,100.94219092961616,100.69837753943673,100.69837753943673,100.98545311299686,100.69599189157954,99.1405156379031,103.04468764950803,70.3212388680363,68.6010116413037,1.0986748355898726,0.432090245337049,0.003951823950772053,-1.1845653202386292e-05,0.23691025769156937,0.0
255,100.85314463167401,100.69837753943673,100.69837753943673,100.98545311299686,100.69599189157954,99.1405156379031,103.04468764950803,70.3212388680363,68.6010116413037,1.0986748355898726,0.432090245337049,0.003951823950772053,-1.1845653202386292e-05,0.23691025769156937,0.0
256,100.80706584904324,100.69837753943673,100.69837753943673,100.98545311299686,100.69599189157954,99.1405156379031,103.04468764950803,70.3212388680363,68.6010116413037,1.0986748355898726,0.432090245337049,0.003951823950772053,-1.1845653202386292e-05,0.23691025769156937,0.0
257,100.80147601351455,100.91373913014594,100.91373913014594,101.3059670955611,100.70730414408618,96.57503625081344,105.78203088412349,67.3212388680363,65.6010116413037,1.0180535760154101,0.3888812208033441,0.0038375796997266753,-0.0010238761922235654,20.45657884042207,0.0
258,100.70055687577947,99.82452262139864,99.82452262139863,99.45084410047174,100.71708081036375,95.8365231588551,106.51272825127847,67.3212388680363,100.0,1.0166092899341774,0.3499930987230097,0.0041414170366914135,0.004450738269223146,0.0,88.62033944824988
259,100.7687690830438,99.85522970162843,99.85522970162842,100.5612767803268,100.57617555392328,99.18299192453182,100.86386838548324,67.3212388680363,100.0,1.0152805467394432,0.4149937888507087,0.004324570336226717,0.003596970501582021,0.0,71.68157352616112
260,100.8604532743752,99.85522970162843,99.85522970162842,100.25402272630723,100.57617555392328,99.18299192453182,100.86386838548324,67.3212388680363,100.0,1.0152805467394432,0.4149937888507087,0.004324570336226717,0.003596970501582021,0.0,71.68157352616112
261,100.85553848220306,99.85522970162843,99.85522970162842,100.55297186675645,100.57617555392328,99.18299192453182,100.86386838548324,67.3212388680363,100.0,1.0152805467394432,0.4149937888507087,0.004324570336226717,0.003596970501582021,0.0,71.68157352616112
262,100.9437291955929,99.93429190363696,99.93429190363696,100.64089800800613,100.53741748147264,99.26152187000167,100.9437291955929,67.3212388680363,100.0,0.9607247696669544,0.47349440996563785,0.004426121060298113,0.003008532124984649,0.0,59.99016017562142
263,100.92208679436858,100.07936485348574,100.07936485348573,100.78699672618714,100.67826843861106,99.40561817077943,101.09026752877347,67.3212388680363,100.0,0.963866788093598,0.526144968969074,0.004518540899025239,0.002983217003031366,0.0,59.48687779533168
264,100.941298737457,100.07936485348574,100.07936485348573,100.78699672618714,100.67826843861106,99.40561817077943,101.09026752877347,67.3212388680363,100.0,0.963866788093598,0.526144968969074,0.004518540899025239,0.002983217003031366,0.0,59.48687779533168
265,100.97698608142423,100.07936485348574,100.07936485348573,100.78699672618714,100.67826843861106,99.40561817077943,101.09026752877347,67.3212388680363,100.0,0.963866788093598,0.526144968969074,0.004518540899025239,0.002983217003031366,0.0,59.48687779533168
266,100.92791519659998,100.07936485348574,100.07936485348573,100.73990714012636,100.67826843861106,99.40561817077943,101.09026752877347,67.3212388680363,100.0,0.963866788093598,0.526144968969074,0.004518540899025239,0.002983217003031366,0.0,59.48687779533168
267,100.88907118365368,100.23290624679386,100.23290624679385,100.94162376571057,100.81931672518783,99.55812590440605,101.24535984524631,67.3212388680363,100.0,0.9067574450461102,0.5735304720721667,0.004597434308814521,0.002916707260061959,0.0,58.164496392334456
268,100.99146756775899,100.23290624679386,100.23290624679385,100.49724884491651,100.81931672518783,99.55812590440605,101.24535984524631,67.3212388680363,100.0,0.9067574450461102,0.5735304720721667,0.004597434308814521,0.002916707260061959,0.0,58.164496392334456
269,101.04984240042936,100.23290624679386,100.23290624679385,100.74669287322808,100.81931672518783,99.55812590440605,101.24535984524631,67.3212388680363,100.0,0.9067574450461102,0.5735304720721667,0.004597434308814521,0.002916707260061959,0.0,58.164496392334456
270,101.03272451430622,100.23290624679386,100.23290624679385,100.861338181933,100.81931672518783,99.55812590440605,101.24535984524631,67.3212388680363,100.0,0.9067574450461102,0.5735304720721667,0.004597434308814521,0.002916707260061959,0.0,58.164496392334456
271,100.88156523604364,100.30052939270496,100.30052939270496,101.00972505507764,100.90586529487494,99.62529380292128,101.31366605323733,67.3212388680363,100.0,0.8542168494424215,0.61617742486495,0.004682613194530682,0.0030085321249848757,0.0,59.99016017562697
272,100.8611408162402,100.30052939270496,100.30052939270496,100.86666905601079,100.90586529487494,99.62529380292128,101.31366605323733,67.3212388680363,100.0,0.8542168494424215,0.61617742486495,0.004682613194530682,0.0030085321249848757,0.0,59.99016017562697
273,100.89664193913613,100.30052939270496,100.30052939270496,100.62107685322748,100.90586529487494,99.62529380292128,101.31366605323733,67.3212388680363,100.0,0.8542168494424215,0.61617742486495,0.004682613194530682,0.0030085321249848757,0.0,59.99016017562697
274,100.94256805277375,100.30052939270496,100.30052939270496,100.63974034861545,100.90586529487494,99.62529380292128,101.31366605323733,67.3212388680363,100.0,0.8542168494424215,0.61617742486495,0.004682613194530682,0.0030085321249848757,0.0,59.99016017562697
275,101.02521020505264,100.30052939270496,100.30052939270496,100.76460256937187,100.90586529487494,99.62529380292128,101.31366605323733,67.3212388680363,100.0,0.8542168494424215,0.61617742486495,0.004682613194530682,0.0030085321249848757,0.0,59.99016017562697
276,101.12272697275172,100.65034389027883,100.65034389027882,101.36201298849295,100.89263934652618,97.56051447817251,103.45787740862157,67.3212388680363,100.0,0.8018795014870278,0.554559682378455,0.004545920759227061,0.001202202390557418,0.0,24.01517670829967
277,101.21941151785603,100.69519057277698,100.69519057277698,101.40717676874614,101.0339879625556,100.01729807503574,101.71231370987574,67.3212388680363,100.0,0.8177291413680655,0.5991037141406095,0.004474701678611314,0.0016794664621076745,0.0,33.53301167367428
278,101.19469795335971,100.1529350675132,100.1529350675132,99.77802718255934,101.02745982704076,99.12611965395536,102.62674291837128,67.3212388680363,100.0,1.0672024318457238,0.4097869404721769,0.004286665934254873,0.004346968102860747,0.0,86.56307513073669
279,101.34719968998294,100.3337276930831,100.3337276930831,101.04315809091301,100.93926395434613,99.65826860822844,101.34719968998293,67.3212388680363,100.0,1.061826237298066,0.4688082464249592,0.0043904909224445595,0.003008532124984501,0.0,59.99016017561809
280,101.399776768199,100.38577900051705,100.38577900051703,101.09557743789443,100.99162940294501,99.70996949981226,101.39977676819902,67.3212388680363,100.0,1.0568801383142208,0.5219274217824633,0.004488086411342892,0.003008532124984675,0.0,59.990160175622535
281,101.36759773369698,100.38577900051705,100.38577900051703,101.09557743789443,100.99162940294501,99.70996949981226,101.39977676819902,67.3212388680363,100.0,1.0568801383142208,0.5219274217824633,0.004488086411342892,0.003008532124984675,0.0,59.990160175622535
282,101.277789191103,100.4286473592664,100.42864735926639,101.13874890625112,101.01210499360631,99.73367135570673,101.42388030477363,67.3212388680363,92.76115985077767,1.097617187254285,0.43299835649920493,0.004478822468445862,0.0028964230302210756,0.0,57.76115985077767
283,101.43958602354276,100.60585549188362,100.60585549188362,101.212533364027,101.0456247064666,99.82205149338681,101.43958602354274,67.3212388680363,78.5218462808751,1.268050093573675,0.37217087584545616,0.004396370938012617,0.0021808380188948553,0.0,43.521846280875074
284,101.27364044980153,102.56053419321493,102.56053419321493,102.93963487451583,101.03305779123374,98.94814277944518,102.33549913190906,100.0,78.5218462808751,1.246606086087781,0.33495378826091055,0.005032914697646453,-0.007502576024582687,148.93413085227846,0.0
285,101.24031058404022,102.262939983879,102.262939983879,102.36997469570727,101.17460313076008,101.2403105840402,103.07228257670972,100.0,78.5218462808751,1.2268775992007586,0.4014584094348195,0.005372914086167477,-0.005349734549761164,106.4253436572904,0.0
286,101.21459216174358,102.15993754401899,102.15993754401899,101.44266616708,101.32280036349775,101.21459216174358,103.04609877230324,100.0,78.5218462808751,1.3608073651864645,0.35059755205341653,0.005504517500149309,-0.0041140451968054706,81.94378350716347,0.0
287,101.35675698090881,102.13299271727625,102.13299271727625,101.4159105216685,101.46475162670552,101.1116627901035,102.94130686463396,100.0,78.5218462808751,1.3319427759715474,0.4155377968480749,0.005568107487630815,-0.003282163526535566,65.42852341755557,0.0
288,101.19107800179623,102.08045376318837,102.08045376318837,101.36374044689714,101.49555166878689,101.05964922555648,102.8883520999569,97.0,78.5218462808751,1.3053873538938237,0.47398401716326743,0.005578798628016388,-0.0028731386744737315,57.29814796458177,0.0
289,101.35843575323828,101.7198757591307,101.7198757591307,101.06690965596272,101.51342295883015,99.93830109471156,104.04280099541752,91.0,78.5218462808751,1.417145965154208,0.32420506773967495,0.0051401362291359776,-0.0010158414078937372,20.296210426901105,0.0
290,101.40232889929653,101.7198757591307,101.7198757591307,101.09812191259861,101.51342295883015,99.93830109471156,104.04280099541752,91.0,78.5218462808751,1.417145965154208,0.32420506773967495,0.0051401362291359776,-0.0010158414078937372,20.296210426901105,0.0
291,101.22469666006187,101.59960168715028,101.5996016871503,100.97797924954584,101.52708753098646,98.49581889408358,105.56651936462826,88.0,78.5218462808751,1.3437742879418715,0.2917845609657075,0.004874566833210701,-0.0003569898000255424,7.137248075748115,0.0
292,101.27745960156392,101.59960168715028,101.5996016871503,102.00710890936874,101.52708753098646,98.49581889408358,105.56651936462826,88.0,78.5218462808751,1.3437742879418715,0.2917845609657075,0.004874566833210701,-0.0003569898000255424,7.137248075748115,0.0
293,101.17153319361103,101.59960168715028,101.5996016871503,101.79229268420112,101.52708753098646,98.49581889408358,105.56651936462826,88.0,78.5218462808751,1.3437742879418715,0.2917845609657075,0.004874566833210701,-0.0003569898000255424,7.137248075748115,0.0
294,101.40383239289172,100.61197237804636,100.61197237804636,100.05694143714439,101.38614431472661,100.67675437812439,102.37443843379303,82.0,100.0,1.2564257623604205,0.275580639700544,0.0046402356755771874,0.0038325700722136834,0.0,76.35875117975033
295,101.39090369360525,100.61197237804636,100.61197237804636,101.08673098252444,101.38614431472661,100.67675437812439,102.37443843379303,82.0,100.0,1.2564257623604205,0.275580639700544,0.0046402356755771874,0.0038325700722136834,0.0,76.35875117975033
296,101.27607852844801,100.61197237804636,100.61197237804636,101.04414465419829,101.38614431472661,100.67675437812439,102.37443843379303,82.0,100.0,1.2564257623604205,0.275580639700544,0.0046402356755771874,0.0038325700722136834,0.0,76.35875117975033
297,101.33012773130395,100.61197237804636,100.61197237804636,101.04414465419829,101.38614431472661,100.67675437812439,102.37443843379303,82.0,100.0,1.2564257623604205,0.275580639700544,0.0046402356755771874,0.0038325700722136834,0.0,76.35875117975033
298,101.33253952849763,100.61197237804636,100.61197237804636,100.36901941022161,101.38614431472661,100.67675437812439,102.37443843379303,82.0,100.0,1.2564257623604205,0.275580639700544,0.0046402356755771874,0.0038325700722136834,0.0,76.35875117975033
299,101.2272268407036,100.61197237804636,100.61197237804636,100.92354516018148,101.38614431472661,100.67675437812439,102.37443843379303,82.0,100.0,1.2564257623604205,0.275580639700544,0.0046402356755771874,0.0038325700722136834,0.0,76.35875117975033
300,101.24759616104261,100.61197237804636,100.61197237804636,100.94385337255947,101.38614431472661,100.67675437812439,102.37443843379303,82.0,100.0,1.2564257623604205,0.275580639700544,0.0046402356755771874,0.0038325700722136834,0.0,76.35875117975033
301,101.20483637181476,100.61197237804636,100.61197237804636,100.83149478930093,101.38614431472661,100.67675437812439,102.37443843379303,82.0,100.0,1.2564257623604205,0.275580639700544,0.0046402356755771874,0.0038325700722136834,0.0,76.35875117975033
302,101.3004436832002,100.61197237804636,100.61197237804636,101.04802113101042,101.38614431472661,100.67675437812439,102.37443843379303,82.0,100.0,1.2564257623604205,0.275580639700544,0.0046402356755771874,0.0038325700722136834,0.0,76.35875117975033
303,101.30093948565062,100.61197237804636,100.61197237804636,101.04802113101042,101.38614431472661,100.67675437812439,102.37443843379303,82.0,100.0,1.2564257623604205,0.275580639700544,0.0046402356755771874,0.0038325700722136834,0.0,76.35875117975033
304,101.33398199017759,100.61197237804636,100.61197237804636,101.04802113101042,101.38614431472661,100.67675437812439,102.37443843379303,82.0,100.0,1.2564257623604205,0.275580639700544,0.0046402356755771874,0.0038325700722136834,0.0,76.35875117975033
305,101.2572446073641,100.7993512189266,100.7993512189266,101.51207390431298,101.37171032584773,99.9727965389314,101.81752648376424,82.0,97.0,1.1631844286443143,0.34802257573048956,0.004701550059011912,0.002831063469458846,0.0,56.461423515628
306,101.08868527491933,100.8180368221115,100.8180368221115,101.50013401155726,101.36715771488123,99.99132892017018,101.80555066354792,82.0,94.0,1.1501296743527691,0.41322031815744065,0.004745369490863434,0.0027159302837541197,0.0,54.17147971281455
307,101.06346360797608,100.8180368221115,100.8180368221115,101.36756630689676,101.36715771488123,99.99132892017018,101.80555066354792,82.0,94.0,1.1501296743527691,0.41322031815744065,0.004745369490863434,0.0027159302837541197,0.0,54.17147971281455
308,101.06077426457547,100.8180368221115,100.8180368221115,100.34096163789987,101.36715771488123,99.99132892017018,101.80555066354792,82.0,94.0,1.1501296743527691,0.41322031815744065,0.004745369490863434,0.0027159302837541197,0.0,54.17147971281455
309,101.01692376235668,100.8180368221115,100.8180368221115,100.55642491976668,101.36715771488123,99.99132892017018,101.80555066354792,82.0,94.0,1.1501296743527691,0.41322031815744065,0.004745369490863434,0.0027159302837541197,0.0,54.17147971281455
310,101.11359079381276,100.8180368221115,100.8180368221115,100.81025002143132,101.36715771488123,99.99132892017018,101.80555066354792,82.0,94.0,1.1501296743527691,0.41322031815744065,0.004745369490863434,0.0027159302837541197,0.0,54.17147971281455
311,101.1191163129108,100.8180368221115,100.8180368221115,100.69542231349146,101.36715771488123,99.99132892017018,101.80555066354792,82.0,94.0,1.1501296743527691,0.41322031815744065,0.004745369490863434,0.0027159302837541197,0.0,54.17147971281455
312,101.15108828357016,100.8180368221115,100.8180368221115,100.84763501871944,101.36715771488123,99.99132892017018,101.80555066354792,82.0,94.0,1.1501296743527691,0.41322031815744065,0.004745369490863434,0.0027159302837541197,0.0,54.17147971281455
313,101.33164075393043,100.8180368221115,100.8180368221115,101.02764583166862,101.36715771488123,99.99132892017018,101.80555066354792,82.0,94.0,1.1501296743527691,0.41322031815744065,0.004745369490863434,0.0027159302837541197,0.0,54.17147971281455
314,101.2495980911355,100.8180368221115,100.8180368221115,101.02764583166862,101.36715771488123,99.99132892017018,101.80555066354792,82.0,94.0,1.1501296743527691,0.41322031815744065,0.004745369490863434,0.0027159302837541197,0.0,54.17147971281455
315,101.2548775332308,100.8180368221115,100.8180368221115,100.76730921360631,101.36715771488123,99.99132892017018,101.80555066354792,82.0,94.0,1.1501296743527691,0.41322031815744065,0.004745369490863434,0.0027159302837541197,0.0,54.17147971281455
316,101.25068948797951,100.8180368221115,100.8180368221115,100.68622010797236,101.36715771488123,99.99132892017018,101.80555066354792,82.0,94.0,1.1501296743527691,0.41322031815744065,0.004745369490863434,0.0027159302837541197,0.0,54.17147971281455
317,101.14332849204332,100.8180368221115,100.8180368221115,100.8398985065672,101.36715771488123,99.99132892017018,101.80555066354792,82.0,94.0,1.1501296743527691,0.41322031815744065,0.004745369490863434,0.0027159302837541197,0.0,54.17147971281455
318,101.02836489991923,100.8180368221115,100.8180368221115,100.8398985065672,101.36715771488123,99.99132892017018,101.80555066354792,82.0,94.0,1.1501296743527691,0.41322031815744065,0.004745369490863434,0.0027159302837541197,0.0,54.17147971281455
319,100.98399831078208,100.74873994170558,100.74873994170558,100.2232700844369,101.35294166185075,96.62749858945062,105.34964115700748,79.00000000000001,94.61363431966294,1.064273146558394,0.3718982863416966,0.0048193995190647905,0.0029895927404026785,0.0,59.613634319662935
320,101.09074999784211,100.74873994170558,100.74873994170558,100.78747774784858,101.35294166185075,96.62749858945062,105.34964115700748,79.00000000000001,94.61363431966294,1.064273146558394,0.3718982863416966,0.0048193995190647905,0.0029895927404026785,0.0,59.613634319662935
321,101.15279945129807,100.74873994170558,100.74873994170558,100.81312859931828,101.35294166185075,96.62749858945062,105.34964115700748,79.00000000000001,94.61363431966294,1.064273146558394,0.3718982863416966,0.0048193995190647905,0.0029895927404026785,0.0,59.613634319662935
322,101.07396909278012,100.74873994170558,100.74873994170558,100.63455083930886,101.35294166185075,96.62749858945062,105.34964115700748,79.00000000000001,94.61363431966294,1.064273146558394,0.3718982863416966,0.0048193995190647905,0.0029895927404026785,0.0,59.613634319662935
323,101.14551278474461,100.57748534743632,100.57748534743632,100.13570339003772,101.33915399529886,94.782554753697,107.40027348651742,76.00000000000001,100.0,0.9991312948337224,0.33470845770752694,0.004982900922946907,0.0037721935663245026,0.0,75.16035193049552
324,101.07875455311324,100.57748534743632,100.57748534743632,100.77551828945391,101.33915399529886,94.782554753697,107.40027348651742,76.00000000000001,100.0,0.9991312948337224,0.33470845770752694,0.004982900922946907,0.0037721935663245026,0.0,75.16035193049552
325,101.12507442184261,100.57748534743632,100.57748534743632,100.71015106939407,101.33915399529886,94.782554753697,107.40027348651742,76.00000000000001,100.0,0.9991312948337224,0.33470845770752694,0.004982900922946907,0.0037721935663245026,0.0,75.16035193049552
326,101.3081508740114,100.57748534743632,100.57748534743632,101.00422642138936,101.33915399529886,94.782554753697,107.40027348651742,76.00000000000001,100.0,0.9991312948337224,0.33470845770752694,0.004982900922946907,0.0037721935663245026,0.0,75.16035193049552
327,101.31444922010142,100.57748534743632,100.57748534743632,100.80369743033633,101.33915399529886,94.782554753697,107.40027348651742,76.00000000000001,100.0,0.9991312948337224,0.33470845770752694,0.004982900922946907,0.0037721935663245026,0.0,75.16035193049552
328,101.32208686132071,100.57748534743632,100.57748534743632,101.01812060073676,101.33915399529886,94.782554753697,107.40027348651742,76.00000000000001,100.0,0.9991312948337224,0.33470845770752694,0.004982900922946907,0.0037721935663245026,0.0,75.16035193049552
329,101.28319370279858,100.57089866679533,100.57089866679534,100.1068804783628,101.31422000923658,93.81816624671202,107.6819723099021,73.00000000000001,100.0,0.932534124580358,0.30123761193677423,0.005125757175578201,0.0036819025954758842,0.0,73.36791838040813
330,101.22310044478398,100.57089866679533,100.57089866679534,100.91943114344961,101.31422000923658,93.81816624671202,107.6819723099021,73.00000000000001,100.0,0.932534124580358,0.30123761193677423,0.005125757175578201,0.0036819025954758842,0.0,73.36791838040813
331,101.11267439445265,100.57089866679533,100.57089866679534,100.91943114344961,101.31422000923658,93.81816624671202,107.6819723099021,73.00000000000001,100.0,0.932534124580358,0.30123761193677423,0.005125757175578201,0.0036819025954758842,0.0,73.36791838040813
332,100.91289033393517,100.57089866679533,100.57089866679534,100.91943114344961,101.31422000923658,93.81816624671202,107.6819723099021,73.00000000000001,100.0,0.932534124580358,0.30123761193677423,0.005125757175578201,0.0036819025954758842,0.0,73.36791838040813
333,100.85562711049131,100.57089866679533,100.57089866679534,100.70521645108961,101.31422000923658,93.81816624671202,107.6819723099021,73.00000000000001,100.0,0.932534124580358,0.30123761193677423,0.005125757175578201,0.0036819025954758842,0.0,73.36791838040813
334,100.69271371791321,100.57089866679533,100.57089866679534,100.29617975403835,101.31422000923658,93.81816624671202,107.6819723099021,73.00000000000001,100.0,0.932534124580358,0.30123761193677423,0.005125757175578201,0.0036819025954758842,0.0,73.36791838040813
335,100.76352575605688,100.57089866679533,100.57089866679534,100.64300194982701,101.31422000923658,93.81816624671202,107.6819723099021,73.00000000000001,100.0,0.932534124580358,0.30123761193677423,0.005125757175578201,0.0036819025954758842,0.0,73.36791838040813
336,100.88370152353487,100.57089866679533,100.57089866679534,100.64300194982701,101.31422000923658,93.81816624671202,107.6819723099021,73.00000000000001,100.0,0.932534124580358,0.30123761193677423,0.005125757175578201,0.0036819025954758842,0.0,73.36791838040813
337,100.85251700414751,100.57089866679533,100.57089866679534,100.7055194221695,101.31422000923658,93.81816624671202,107.6819723099021,73.00000000000001,100.0,0.932534124580358,0.30123761193677423,0.005125757175578201,0.0036819025954758842,0.0,73.36791838040813
338,100.91625610222562,100.57089866679533,100.57089866679534,100.67795807886752,101.31422000923658,93.81816624671202,107.6819723099021,73.00000000000001,100.0,0.932534124580358,0.30123761193677423,0.005125757175578201,0.0036819025954758842,0.0,73.36791838040813
339,100.8546897592763,100.57089866679533,100.57089866679534,100.76502856017012,101.31422000923658,93.81816624671202,107.6819723099021,73.00000000000001,100.0,0.932534124580358,0.30123761193677423,0.005125757175578201,0.0036819025954758842,0.0,73.36791838040813
340,100.69366684787514,100.57089866679533,100.57089866679534,100.76502856017012,101.31422000923658,93.81816624671202,107.6819723099021,73.00000000000001,100.0,0.932534124580358,0.30123761193677423,0.005125757175578201,0.0036819025954758842,0.0,73.36791838040813
341,100.78481763465507,100.58479857030169,100.58479857030169,101.29600421675836,101.17796214288825,99.85052954073849,101.60080663666837,73.00000000000001,97.0,0.8645980612805961,0.3711138507430968,0.005171001494398106,0.0029399061079945672,0.0,58.62576790673701
342,100.6914246984561,100.58479857030169,100.58479857030169,100.99440792222275,101.17796214288825,99.85052954073849,101.60080663666837,73.00000000000001,97.0,0.8645980612805961,0.3711138507430968,0.005171001494398106,0.0029399061079945672,0.0,58.62576790673701
343,100.81343153493322,100.58479857030169,100.58479857030169,100.99440792222275,101.17796214288825,99.85052954073849,101.60080663666837,73.00000000000001,97.0,0.8645980612805961,0.3711138507430968,0.005171001494398106,0.0029399061079945672,0.0,58.62576790673701
344,100.88266312703445,102.069096297,102.069096297,102.75965768767949,101.1642492627563,98.07781590785285,103.4371967863656,100.0,97.0,0.8220968830448151,0.3340024656687871,0.0053950157447801,-0.0044522567482788485,88.65044044387149,0.0
345,100.8379058018919,101.85647050696153,101.85647050696154,101.14132979126569,101.30597839897042,100.83790580189192,102.85415581840003,97.0,97.0,0.8363291324012299,0.4006022191019084,0.0053964694484264835,-0.002709615438067538,54.04586525050381,0.0
346,100.66952865873661,101.57128698132645,101.57128698132645,101.64914661535627,101.32613120710093,99.75540604302766,103.9702817837796,91.0,97.0,1.0805497854111226,0.2740119178657054,0.005026206602509614,-0.0012082744887263357,24.13632646700581,0.0
347,100.57855144774581,101.50222166489637,101.50222166489637,100.88119503284435,101.34154056203593,98.75763413557503,105.02071831237622,88.0,97.0,1.0741058025782328,0.24661072607913487,0.0048196912895278506,-0.0007921421940531953,15.830304029296194,0.0
348,100.56585163598817,101.2661159820579,101.2661159820579,100.70747642548686,101.20219818947032,100.56585163598817,102.45247711924736,82.0,97.0,1.25117832393014,0.24468173663812826,0.004421739707610845,-0.00031569281765945865,6.3118637431403,0.0
349,100.63788622578282,101.2661159820579,101.2661159820579,100.70747642548686,101.20219818947032,100.56585163598817,102.45247711924736,82.0,97.0,1.25117832393014,0.24468173663812826,0.004421739707610845,-0.00031569281765945865,6.3118637431403,0.0
350,100.4953131737545,101.2661159820579,101.2661159820579,100.70747642548686,101.20219818947032,100.56585163598817,102.45247711924736,82.0,97.0,1.25117832393014,0.24468173663812826,0.004421739707610845,-0.00031569281765945865,6.3118637431403,0.0
351,100.57533666056004,101.2661159820579,101.2661159820579,100.72057225015446,101.20219818947032,100.56585163598817,102.45247711924736,82.0,97.0,1.25117832393014,0.24468173663812826,0.004421739707610845,-0.00031569281765945865,6.3118637431403,0.0
352,100.62975901385911,101.2661159820579,101.2661159820579,100.72057225015446,101.20219818947032,100.56585163598817,102.45247711924736,82.0,97.0,1.25117832393014,0.24468173663812826,0.004421739707610845,-0.00031569281765945865,6.3118637431403,0.0
353,100.84205552224287,101.2661159820579,101.2661159820579,100.72057225015446,101.20219818947032,100.56585163598817,102.45247711924736,82.0,97.0,1.25117832393014,0.24468173663812826,0.004421739707610845,-0.00031569281765945865,6.3118637431403,0.0
354,100.97019307184227,101.2661159820579,101.2661159820579,100.72057225015446,101.20219818947032,100.56585163598817,102.45247711924736,82.0,97.0,1.25117832393014,0.24468173663812826,0.004421739707610845,-0.00031569281765945865,6.3118637431403,0.0
355,101.04417915015478,101.2661159820579,101.2661159820579,100.74104661270434,101.20219818947032,100.56585163598817,102.45247711924736,82.0,97.0,1.25117832393014,0.24468173663812826,0.004421739707610845,-0.00031569281765945865,6.3118637431403,0.0
356,101.14612020626116,101.2661159820579,101.2661159820579,100.84268184564239,101.20219818947032,100.56585163598817,102.45247711924736,82.0,97.0,1.25117832393014,0.24468173663812826,0.004421739707610845,-0.00031569281765945865,6.3118637431403,0.0
357,101.25810710357855,101.2661159820579,101.2661159820579,100.87438203827772,101.20219818947032,100.56585163598817,102.45247711924736,82.0,97.0,1.25117832393014,0.24468173663812826,0.004421739707610845,-0.00031569281765945865,6.3118637431403,0.0
358,101.2951471830346,101.2661159820579,101.2661159820579,100.99126174148549,101.20219818947032,100.56585163598817,102.45247711924736,82.0,97.0,1.25117832393014,0.24468173663812826,0.004421739707610845,-0.00031569281765945865,6.3118637431403,0.0
359,101.34791018405711,101.2661159820579,101.2661159820579,101.24799780974439,101.20219818947032,100.56585163598817,102.45247711924736,82.0,97.0,1.25117832393014,0.24468173663812826,0.004421739707610845,-0.00031569281765945865,6.3118637431403,0.0
360,101.27983764799365,101.2661159820579,101.2661159820579,101.24799780974439,101.20219818947032,100.56585163598817,102.45247711924736,82.0,97.0,1.25117832393014,0.24468173663812826,0.004421739707610845,-0.00031569281765945865,6.3118637431403,0.0
361,101.44234733749418,101.2661159820579,101.2661159820579,101.24799780974439,101.20219818947032,100.56585163598817,102.45247711924736,82.0,97.0,1.25117832393014,0.24468173663812826,0.004421739707610845,-0.00031569281765945865,6.3118637431403,0.0
362,101.5830572346097,101.2661159820579,101.2661159820579,101.36447921434396,101.20219818947032,100.56585163598817,102.45247711924736,82.0,97.0,1.25117832393014,0.24468173663812826,0.004421739707610845,-0.00031569281765945865,6.3118637431403,0.0
363,101.54158889674797,101.2661159820579,101.2661159820579,101.40679272844649,101.20219818947032,100.56585163598817,102.45247711924736,82.0,97.0,1.25117832393014,0.24468173663812826,0.004421739707610845,-0.00031569281765945865,6.3118637431403,0.0
364,101.55045814445347,101.2661159820579,101.2661159820579,101.40679272844649,101.20219818947032,100.56585163598817,102.45247711924736,82.0,97.0,1.25117832393014,0.24468173663812826,0.004421739707610845,-0.00031569281765945865,6.3118637431403,0.0
365,101.47924696034352,101.2661159820579,101.2661159820579,101.40679272844649,101.20219818947032,100.56585163598817,102.45247711924736,82.0,97.0,1.25117832393014,0.24468173663812826,0.004421739707610845,-0.00031569281765945865,6.3118637431403,0.0
366,101.5052381428791,104.58172899977971,104.5817289997797,105.28928992505338,101.21897394374517,97.32375700719498,106.36953510196169,100.0,97.0,1.1115344541411576,0.16736230786047973,0.00649175324510666,-0.016339861856338452,321.5432646023297,0.0
367,101.55712045823832,102.58294995781648,102.58294995781648,101.86270858399028,101.3607797481679,101.55712045823832,103.58775114391244,100.0,94.0,1.102611697809865,0.25062607707443174,0.00682137867060913,-0.005992683429936858,119.13970208023427,0.0
368,101.5936754953425,102.58294995781648,102.58294995781648,101.86270858399028,101.3607797481679,101.55712045823832,103.58775114391244,100.0,94.0,1.102611697809865,0.25062607707443174,0.00682137867060913,-0.005992683429936858,119.13970208023427,0.0
369,101.59198549154502,102.49684732877839,102.49684732877839,101.77721048695149,101.50278421975139,101.4718788554906,103.46946025517704,100.0,94.0,1.054402761985076,0.32556346936698854,0.00699684464009203,-0.004872867178637559,96.98474976877591,0.0
370,101.50937397750853,102.49684732877839,102.49684732877839,102.27137967548462,101.50278421975139,101.4718788554906,103.46946025517704,100.0,94.0,1.054402761985076,0.32556346936698854,0.00699684464009203,-0.004872867178637559,96.98474976877591,0.0
371,101.33711391595804,102.06729543801119,102.06729543801117,101.35067450715253,101.65586347341224,101.33711391595803,103.33204232508614,97.0,94.0,1.3607547491603826,0.22700091391573535,0.006466899498683829,-0.002019564033845647,40.30987230858929,0.0
372,101.26882261674662,102.06729543801119,102.06729543801117,101.35067450715253,101.65586347341224,101.33711391595803,103.33204232508614,97.0,94.0,1.3607547491603826,0.22700091391573535,0.006466899498683829,-0.002019564033845647,40.30987230858929,0.0
373,101.17067015679872,102.0780500132345,102.0780500132345,102.73754882212276,101.67601436308527,99.50038052921026,105.23950650813617,74.38512247217751,91.0,1.2918943692275522,0.20430082252416182,0.006315662845452685,-0.001973141745073142,39.385122472177514,0.0
374,101.23101467328136,101.98966605330854,101.98966605330854,101.77570225384554,101.63531798802153,101.23101467328136,102.92629534091083,72.38512247217751,88.0,1.2685428196893482,0.28387074027174564,0.006145547207763593,-0.0017401993520358098,34.74352637862332,0.0
375,101.18780200659998,101.92559165006388,101.9255916500639,101.49227884312937,101.57964034016496,101.1878020066,102.83050005050838,70.38512247217751,85.0,1.2470593941142005,0.35548366624457106,0.005980810099496915,-0.0016999627307643043,33.941555236360884,0.0
376,101.22305688848581,101.92559165006388,101.9255916500639,101.49227884312937,101.57964034016496,101.1878020066,102.83050005050838,70.38512247217751,85.0,1.2470593941142005,0.35548366624457106,0.005980810099496915,-0.0016999627307643043,33.941555236360884,0.0
377,101.302569064968,101.76248677853354,101.76248677853354,101.35028111237261,101.43752834529676,101.0462302690355,102.63488328646852,67.38512247217751,82.0,1.1872946425850646,0.419935299620114,0.0058138662293972,-0.001599204768950182,31.93302792845465,0.0
378,101.26381713946078,101.58012667077192,101.58012667077192,101.19922541938513,101.29561516801658,100.895627743127,102.41997042828385,64.38512247217751,79.00000000000001,1.1723110711782596,0.47794176965810264,0.0056333215156243385,-0.0014023929138922003,28.008579244782617,0.0
379,101.37480793639126,101.58012667077192,101.58012667077192,101.19922541938513,101.29561516801658,100.895627743127,102.41997042828385,64.38512247217751,79.00000000000001,1.1723110711782596,0.47794176965810264,0.0056333215156243385,-0.0014023929138922003,28.008579244782617,0.0
380,101.39053960688615,101.58012667077192,101.58012667077192,101.19922541938513,101.29561516801658,100.895627743127,102.41997042828385,64.38512247217751,79.00000000000001,1.1723110711782596,0.47794176965810264,0.0056333215156243385,-0.0014023929138922003,28.008579244782617,0.0
381,101.46282658975863,101.58012667077192,101.58012667077192,101.19922541938513,101.29561516801658,100.895627743127,102.41997042828385,64.38512247217751,79.00000000000001,1.1723110711782596,0.47794176965810264,0.0056333215156243385,-0.0014023929138922003,28.008579244782617,0.0
382,101.53223535739465,101.58012667077192,101.58012667077192,101.22763865132245,101.29561516801658,100.895627743127,102.41997042828385,64.38512247217751,79.00000000000001,1.1723110711782596,0.47794176965810264,0.0056333215156243385,-0.0014023929138922003,28.008579244782617,0.0
383,101.48663848887014,101.58012667077192,101.58012667077192,101.22763865132245,101.29561516801658,100.895627743127,102.41997042828385,64.38512247217751,79.00000000000001,1.1723110711782596,0.47794176965810264,0.0056333215156243385,-0.0014023929138922003,28.008579244782617,0.0
384,101.51067691241947,101.58012667077192,101.58012667077192,101.22763865132245,101.29561516801658,100.895627743127,102.41997042828385,64.38512247217751,79.00000000000001,1.1723110711782596,0.47794176965810264,0.0056333215156243385,-0.0014023929138922003,28.008579244782617,0.0
385,101.55499448971001,101.51784597317693,101.51784597317693,101.2445263092934,101.2131859548229,100.86422207856748,102.32622313595094,64.38512247217751,76.00000000000001,1.0899547569125703,0.5301475926922924,0.005475655888339381,-0.0015027793991707224,30.01048883902846,0.0
386,101.45687583820889,101.27401789045335,101.27401789045336,100.9552117264873,101.07425711308525,100.6941320392252,102.12278689072333,58.385122472177514,70.00000000000001,1.2625515335604605,0.43862095340152807,0.0050508068519564435,-0.0009872126528611164,19.72478050433324,0.0
387,101.57880858955515,101.27401789045335,101.27401789045336,101.27407216378646,101.07425711308525,100.6941320392252,102.12278689072333,58.385122472177514,70.00000000000001,1.2625515335604605,0.43862095340152807,0.0050508068519564435,-0.0009872126528611164,19.72478050433324,0.0
388,101.73732128421148,101.27401789045335,101.27401789045336,101.46492743988154,101.07425711308525,100.6941320392252,102.12278689072333,58.385122472177514,70.00000000000001,1.2625515335604605,0.43862095340152807,0.0050508068519564435,-0.0009872126528611164,19.72478050433324,0.0
389,101.66487009418775,101.27401789045335,101.27401789045336,101.61934474737313,101.07425711308525,100.6941320392252,102.12278689072333,58.385122472177514,70.00000000000001,1.2625515335604605,0.43862095340152807,0.0050508068519564435,-0.0009872126528611164,19.72478050433324,0.0
390,101.8881875553925,101.27401789045335,101.27401789045336,101.36787512578918,101.07425711308525,100.6941320392252,102.12278689072333,58.385122472177514,70.00000000000001,1.2625515335604605,0.43862095340152807,0.0050508068519564435,-0.0009872126528611164,19.72478050433324,0.0
391,101.98785561248526,101.27401789045335,101.27401789045336,101.6818920456478,101.07425711308525,100.6941320392252,102.12278689072333,58.385122472177514,70.00000000000001,1.2625515335604605,0.43862095340152807,0.0050508068519564435,-0.0009872126528611164,19.72478050433324,0.0
392,102.07399411362766,101.35947615483228,101.35947615483228,101.76777213128678,101.08419190307535,98.23313909990861,104.68122551728288,56.385122472177514,67.00000000000001,1.174880744208957,0.3947588580613753,0.004910935342782194,-0.0013598066780641097,27.15920229662716,0.0
393,102.25119671919943,101.83534391176279,101.83534391176278,102.18381429149305,101.09632267832939,97.2730248109786,105.71446099646276,100.0,61.000000000000014,1.3234944220443476,0.2700150589139807,0.004820679502456804,-0.0036417245561096404,72.57021040491863,0.0
394,102.23767650786455,101.83534391176279,101.83534391176278,102.18381429149305,101.09632267832939,97.2730248109786,105.71446099646276,100.0,61.000000000000014,1.3234944220443476,0.2700150589139807,0.004820679502456804,-0.0036417245561096404,72.57021040491863,0.0
395,102.19704143978713,101.83534391176279,101.83534391176278,101.89135444244208,101.09632267832939,97.2730248109786,105.71446099646276,100.0,61.000000000000014,1.3234944220443476,0.2700150589139807,0.004820679502456804,-0.0036417245561096404,72.57021040491863,0.0
396,102.20958354530747,101.83534391176279,101.83534391176278,101.83567244630888,101.09632267832939,97.2730248109786,105.71446099646276,100.0,61.000000000000014,1.3234944220443476,0.2700150589139807,0.004820679502456804,-0.0036417245561096404,72.57021040491863,0.0
397,102.37785686457752,101.83534391176279,101.83534391176278,102.07072329398379,101.09632267832939,97.2730248109786,105.71446099646276,100.0,61.000000000000014,1.3234944220443476,0.2700150589139807,0.004820679502456804,-0.0036417245561096404,72.57021040491863,0.0
398,102.20370004739607,101.83534391176279,101.83534391176278,102.03218856214116,101.09632267832939,97.2730248109786,105.71446099646276,100.0,61.000000000000014,1.3234944220443476,0.2700150589139807,0.004820679502456804,-0.0036417245561096404,72.57021040491863,0.0
399,102.2193585262966,101.83534391176279,101.83534391176278,102.03218856214116,101.09632267832939,97.2730248109786,105.71446099646276,100.0,61.000000000000014,1.3234944220443476,0.2700150589139807,0.004820679502456804,-0.0036417245561096404,72.57021040491863,0.0
400,102.19885143175809,102.00653589893408,102.00653589893406,102.32469694258702,101.10726301064238,94.92728230754803,108.44579101773178,100.0,58.000000000000014,1.2290434397093712,0.24301355302258262,0.005062734253788585,-0.00442743374955054,88.1583596939961,0.0
401,102.16169376722355,102.00653589893408,102.00653589893406,102.32469694258702,101.10726301064238,94.92728230754803,108.44579101773178,100.0,58.000000000000014,1.2290434397093712,0.24301355302258262,0.005062734253788585,-0.00442743374955054,88.1583596939961,0.0
402,102.06488405347912,102.31996980133584,102.31996980133583,102.60813708703668,101.13154054246753,95.21896389712312,109.09190101530476,100.0,55.000000000000014,1.1707199645326216,0.21871219772032435,0.005459938861235316,-0.005841339083008213,116.14831993947527,0.0
403,102.00108828620067,102.31996980133584,102.31996980133583,102.3080123231702,101.13154054246753,95.21896389712312,109.09190101530476,100.0,55.000000000000014,1.1707199645326216,0.21871219772032435,0.005459938861235316,-0.005841339083008213,116.14831993947527,0.0
404,102.06811780730358,101.45164986723829,101.45164986723829,100.7393514228344,101.12877802815999,94.41090536645196,108.13348301585981,100.0,55.000000000000014,1.117062367370012,0.19684097794829192,0.005323598189834666,-0.001593795819431299,31.825193528229878,0.0
405,102.13608597893192,101.5743375060478,101.5743375060478,101.82967772099511,101.12976512952689,94.52507848312807,108.26425113766784,78.76817879756634,52.000000000000014,1.1076973779804111,0.17715688015346273,0.005267367749689779,-0.0021932085771355944,43.768178797566335,0.0
406,102.19072162947931,101.65932987700602,101.65932987700602,101.88414946459089,101.13605263891357,94.80706317879954,108.32216492724808,86.47360687165036,49.000000000000014,1.0990815877419784,0.15944119213811647,0.005260964923792767,-0.0025803212657042017,51.47360687165037,0.0
407,102.22511889390151,101.72421581132137,101.72421581132136,101.2930308932424,101.14245175003548,94.79389563698693,108.35862602753558,92.19032156167647,46.000000000000014,1.0911550607226201,0.14349707292430483,0.005289433934804973,-0.002867716359120125,57.19032156167647,0.0
408,101.99712842576369,101.72421581132137,101.72421581132136,101.58530545567464,101.14245175003548,94.79389563698693,108.35862602753558,92.19032156167647,46.000000000000014,1.0911550607226201,0.14349707292430483,0.005289433934804973,-0.002867716359120125,57.19032156167647,0.0
409,101.87340299317404,101.72421581132137,101.72421581132136,101.58530545567464,101.14245175003548,94.79389563698693,108.35862602753558,92.19032156167647,46.000000000000014,1.0911550607226201,0.14349707292430483,0.005289433934804973,-0.002867716359120125,57.19032156167647,0.0
410,101.81745840412619,101.72421581132137,101.72421581132136,101.58530545567464,101.14245175003548,94.79389563698693,108.35862602753558,92.19032156167647,46.000000000000014,1.0911550607226201,0.14349707292430483,0.005289433934804973,-0.002867716359120125,57.19032156167647,0.0
411,101.91024090474355,101.72421581132137,101.72421581132136,101.60451018202932,101.14245175003548,94.79389563698693,108.35862602753558,92.19032156167647,46.000000000000014,1.0911550607226201,0.14349707292430483,0.005289433934804973,-0.002867716359120125,57.19032156167647,0.0
412,101.84968419466502,101.74575544845547,101.74575544845547,101.90930096655627,101.28415034836026,100.8077580572226,102.21594881299525,92.19032156167647,46.000000000000014,1.0198626558648105,0.22914736563187435,0.005244898185658952,-0.002273581806993376,45.36848717281994,0.0
413,101.65203250242827,101.74575544845547,101.74575544845547,101.90930096655627,101.28415034836026,100.8077580572226,102.21594881299525,92.19032156167647,46.000000000000014,1.0198626558648105,0.22914736563187435,0.005244898185658952,-0.002273581806993376,45.36848717281994,0.0
414,101.59269322958076,100.51428933374511,100.5142893337451,100.55415517168164,101.29090090623009,99.32332851254728,103.7436098028891,92.19032156167647,100.0,0.9782736433956257,0.20623262906868692,0.005392005344549115,0.003848323086048926,0.0,76.67140538160866
415,101.5724710112695,100.59377592538601,100.59377592538601,101.2743558493485,101.14475849672772,99.62971042348686,101.5724710112695,92.19032156167647,95.0,1.182409166500701,0.21706311828298183,0.005259561438154785,0.0027311716768440926,0.0,54.47465390503004
416,101.44840692247345,100.59377592538601,100.59377592538601,101.2743558493485,101.14475849672772,99.62971042348686,101.5724710112695,92.19032156167647,95.0,1.182409166500701,0.21706311828298183,0.005259561438154785,0.0027311716768440926,0.0,54.47465390503004
417,101.38192292598356,100.59377592538601,100.59377592538601,101.2743558493485,101.14475849672772,99.62971042348686,101.5724710112695,92.19032156167647,95.0,1.182409166500701,0.21706311828298183,0.005259561438154785,0.0027311716768440926,0.0,54.47465390503004
418,101.19176089001964,100.61652304907521,100.6165230490752,101.27680310946792,101.12406943978878,99.688936087644,101.5815477527261,92.19032156167647,92.0,1.1144830998473116,0.29535680645468365,0.00524588879534907,0.0025158367210683917,0.0,50.190463410473285
419,101.05624010043184,100.76465576882302,100.764655768823,101.39519761961705,101.24964391296257,99.83570316708507,101.7002985151625,92.19032156167647,89.0,1.1053244518595269,0.36582112580921533,0.005219227395778724,0.0024007614555183253,0.0,47.900232079479686
420,101.05284515254482,100.9998507101934,100.9998507101934,101.60110095657635,101.23503119131439,98.79899128491478,102.76745422717667,92.19032156167647,86.0,1.0968984957107648,0.3292390132282938,0.005045622726922325,0.0011629075998646511,0.0,23.23113633229901
421,101.09264747527212,100.9998507101934,100.9998507101934,101.39683798923983,101.23503119131439,98.79899128491478,102.76745422717667,92.19032156167647,86.0,1.0968984957107648,0.3292390132282938,0.005045622726922325,0.0011629075998646511,0.0,23.23113633229901
422,101.17659661635942,100.9998507101934,100.9998507101934,101.39683798923983,101.23503119131439,98.79899128491478,102.76745422717667,92.19032156167647,86.0,1.0968984957107648,0.3292390132282938,0.005045622726922325,0.0011629075998646511,0.0,23.23113633229901
423,101.22170650629313,100.9998507101934,100.9998507101934,101.39683798923983,101.23503119131439,98.79899128491478,102.76745422717667,92.19032156167647,86.0,1.0968984957107648,0.3292390132282938,0.005045622726922325,0.0011629075998646511,0.0,23.23113633229901
424,101.2861339695189,100.9998507101934,100.9998507101934,101.25198008957837,101.23503119131439,98.79899128491478,102.76745422717667,92.19032156167647,86.0,1.0968984957107648,0.3292390132282938,0.005045622726922325,0.0011629075998646511,0.0,23.23113633229901
425,101.29752990776439,100.9998507101934,100.9998507101934,101.25198008957837,101.23503119131439,98.79899128491478,102.76745422717667,92.19032156167647,86.0,1.0968984957107648,0.3292390132282938,0.005045622726922325,0.0011629075998646511,0.0,23.23113633229901
426,101.15934860778107,100.9998507101934,100.9998507101934,101.25198008957837,101.23503119131439,98.79899128491478,102.76745422717667,92.19032156167647,86.0,1.0968984957107648,0.3292390132282938,0.005045622726922325,0.0011629075998646511,0.0,23.23113633229901
427,101.18266649268911,100.9998507101934,100.9998507101934,101.25198008957837,101.23503119131439,98.79899128491478,102.76745422717667,92.19032156167647,86.0,1.0968984957107648,0.3292390132282938,0.005045622726922325,0.0011629075998646511,0.0,23.23113633229901
428,101.10570610472992,100.9998507101934,100.9998507101934,101.25198008957837,101.23503119131439,98.79899128491478,102.76745422717667,92.19032156167647,86.0,1.0968984957107648,0.3292390132282938,0.005045622726922325,0.0011629075998646511,0.0,23.23113633229901
429,101.03745419257183,100.9998507101934,100.9998507101934,101.11074007640418,101.23503119131439,98.79899128491478,102.76745422717667,92.19032156167647,86.0,1.0968984957107648,0.3292390132282938,0.005045622726922325,0.0011629075998646511,0.0,23.23113633229901
430,101.08496592133602,100.9998507101934,100.9998507101934,101.11074007640418,101.23503119131439,98.79899128491478,102.76745422717667,92.19032156167647,86.0,1.0968984957107648,0.3292390132282938,0.005045622726922325,0.0011629075998646511,0.0,23.23113633229901
431,101.33427940017495,100.9998507101934,100.9998507101934,101.11074007640418,101.23503119131439,98.79899128491478,102.76745422717667,92.19032156167647,86.0,1.0968984957107648,0.3292390132282938,0.005045622726922325,0.0011629075998646511,0.0,23.23113633229901
432,101.49854712052426,100.9998507101934,100.9998507101934,101.19027342982713,101.23503119131439,98.79899128491478,102.76745422717667,92.19032156167647,86.0,1.0968984957107648,0.3292390132282938,0.005045622726922325,0.0011629075998646511,0.0,23.23113633229901
433,101.5532313802643,100.9998507101934,100.9998507101934,101.2485716861235,101.23503119131439,98.79899128491478,102.76745422717667,92.19032156167647,86.0,1.0968984957107648,0.3292390132282938,0.005045622726922325,0.0011629075998646511,0.0,23.23113633229901
434,101.43925068513555,100.9998507101934,100.9998507101934,101.2485716861235,101.23503119131439,98.79899128491478,102.76745422717667,92.19032156167647,86.0,1.0968984957107648,0.3292390132282938,0.005045622726922325,0.0011629075998646511,0.0,23.23113633229901
435,101.51813143975555,100.9998507101934,100.9998507101934,101.15883881896353,101.23503119131439,98.79899128491478,102.76745422717667,92.19032156167647,86.0,1.0968984957107648,0.3292390132282938,0.005045622726922325,0.0011629075998646511,0.0,23.23113633229901
436,101.46595694709781,100.9998507101934,100.9998507101934,100.64335003396998,101.23503119131439,98.79899128491478,102.76745422717667,92.19032156167647,86.0,1.0968984957107648,0.3292390132282938,0.005045622726922325,0.0011629075998646511,0.0,23.23113633229901
437,101.47875287771359,100.9998507101934,100.9998507101934,101.17431661908044,101.23503119131439,98.79899128491478,102.76745422717667,92.19032156167647,86.0,1.0968984957107648,0.3292390132282938,0.005045622726922325,0.0011629075998646511,0.0,23.23113633229901
438,101.55071945022854,100.9998507101934,100.9998507101934,100.97440670269715,101.23503119131439,98.79899128491478,102.76745422717667,92.19032156167647,86.0,1.0968984957107648,0.3292390132282938,0.005045622726922325,0.0011629075998646511,0.0,23.23113633229901
439,101.62116709906604,100.9998507101934,100.9998507101934,101.31630359776884,101.23503119131439,98.79899128491478,102.76745422717667,92.19032156167647,86.0,1.0968984957107648,0.3292390132282938,0.005045622726922325,0.0011629075998646511,0.0,23.23113633229901
440,101.68541368421985,101.04299645394703,101.04299645394701,101.6137456774109,101.37685949162717,100.11147782048255,101.91950418998086,92.19032156167647,83.0,1.0131466160539038,0.3963151119054644,0.004940808638491502,0.0016493591309042408,0.0,32.93286449732036
441,101.59438698305662,101.04299645394703,101.04299645394701,101.45545150297805,101.37685949162717,100.11147782048255,101.91950418998086,92.19032156167647,83.0,1.0131466160539038,0.3963151119054644,0.004940808638491502,0.0016493591309042408,0.0,32.93286449732036
442,101.55907244422005,101.4142867535281,101.41428675352809,101.95628102578148,101.36587787114563,98.72217631798809,103.3538011796313,92.19032156167647,80.0,0.9720948867695915,0.356683600714918,0.0046730072317325904,-0.00023872592505315906,4.773378971753006,0.0
443,101.45245237628455,101.60502709033526,101.60502709033526,102.086276336858,101.35247195026237,97.80381426618723,104.32427671399458,92.19032156167647,74.0,1.177975290745859,0.24397158288900395,0.0043036498788023925,-0.0012443745181466121,24.856559493690035,0.0
444,101.49731314538566,101.60502709033526,101.60502709033526,101.80272130931358,101.35247195026237,97.80381426618723,104.32427671399458,92.19032156167647,74.0,1.177975290745859,0.24397158288900395,0.0043036498788023925,-0.0012443745181466121,24.856559493690035,0.0
445,101.34514727119318,101.60502709033526,101.60502709033526,101.87919596546045,101.35247195026237,97.80381426618723,104.32427671399458,92.19032156167647,74.0,1.177975290745859,0.24397158288900395,0.0043036498788023925,-0.0012443745181466121,24.856559493690035,0.0
446,101.2075631787765,101.60502709033526,101.60502709033526,101.55268669932731,101.35247195026237,97.80381426618723,104.32427671399458,92.19032156167647,74.0,1.177975290745859,0.24397158288900395,0.0043036498788023925,-0.0012443745181466121,24.856559493690035,0.0
447,101.29544792035617,101.60502709033526,101.60502709033526,101.39196712440287,101.35247195026237,97.80381426618723,104.32427671399458,92.19032156167647,74.0,1.177975290745859,0.24397158288900395,0.0043036498788023925,-0.0012443745181466121,24.856559493690035,0.0
448,101.21111757140332,101.60056845357705,101.60056845357705,100.96680997584616,101.34222443318339,95.93942878929556,106.3516044649234,89.19032156167647,71.0,1.0997372674861903,0.21957442460010357,0.004198189694367743,-0.0012729893814845546,25.42741879556609,0.0
449,101.16466182051171,101.60056845357705,101.60056845357705,100.96680997584616,101.34222443318339,95.93942878929556,106.3516044649234,89.19032156167647,71.0,1.0997372674861903,0.21957442460010357,0.004198189694367743,-0.0012729893814845546,25.42741879556609,0.0
450,100.91513838804468,101.60056845357705,101.60056845357705,100.97754394041677,101.34222443318339,95.93942878929556,106.3516044649234,89.19032156167647,71.0,1.0997372674861903,0.21957442460010357,0.004198189694367743,-0.0012729893814845546,25.42741879556609,0.0
451,100.9599670881122,101.60056845357705,101.60056845357705,101.85176591179035,101.34222443318339,95.93942878929556,106.3516044649234,89.19032156167647,71.0,1.0997372674861903,0.21957442460010357,0.004198189694367743,-0.0012729893814845546,25.42741879556609,0.0
452,101.03459952370717,101.60056845357705,101.60056845357705,101.91399437998844,101.34222443318339,95.93942878929556,106.3516044649234,89.19032156167647,71.0,1.0997372674861903,0.21957442460010357,0.004198189694367743,-0.0012729893814845546,25.42741879556609,0.0
453,100.84974318276117,101.60056845357705,101.60056845357705,101.15320279113459,101.34222443318339,95.93942878929556,106.3516044649234,89.19032156167647,71.0,1.0997372674861903,0.21957442460010357,0.004198189694367743,-0.0012729893814845546,25.42741879556609,0.0
454,100.91595394895411,101.60056845357705,101.60056845357705,101.15320279113459,101.34222443318339,95.93942878929556,106.3516044649234,89.19032156167647,71.0,1.0997372674861903,0.21957442460010357,0.004198189694367743,-0.0012729893814845546,25.42741879556609,0.0
455,101.11890651632672,101.60056845357705,101.60056845357705,101.15320279113459,101.34222443318339,95.93942878929556,106.3516044649234,89.19032156167647,71.0,1.0997372674861903,0.21957442460010357,0.004198189694367743,-0.0012729893814845546,25.42741879556609,0.0
456,101.05622610533418,101.60056845357705,101.60056845357705,101.15320279113459,101.34222443318339,95.93942878929556,106.3516044649234,89.19032156167647,71.0,1.0997372674861903,0.21957442460010357,0.004198189694367743,-0.0012729893814845546,25.42741879556609,0.0
457,101.27606904019501,101.60056845357705,101.60056845357705,101.15320279113459,101.34222443318339,95.93942878929556,106.3516044649234,89.19032156167647,71.0,1.0997372674861903,0.21957442460010357,0.004198189694367743,-0.0012729893814845546,25.42741879556609,0.0
458,101.32913915460477,101.60056845357705,101.60056845357705,101.1758817386245,101.34222443318339,95.93942878929556,106.3516044649234,89.19032156167647,71.0,1.0997372674861903,0.21957442460010357,0.004198189694367743,-0.0012729893814845546,25.42741879556609,0.0
459,101.54714105586575,101.39119394214532,101.3911939421453,101.17750191847492,101.33542353878168,94.45766966564169,108.24319224360362,86.19032156167647,68.0,1.0190310133600224,0.1976169821400932,0.0039793104975663785,-0.0002751015335658733,5.500517470525823,0.0
460,101.47695843030095,101.39119394214532,101.3911939421453,101.17750191847492,101.33542353878168,94.45766966564169,108.24319224360362,86.19032156167647,68.0,1.0190310133600224,0.1976169821400932,0.0039793104975663785,-0.0002751015335658733,5.500517470525823,0.0
461,101.49299163425125,101.15348608496208,101.15348608496208,100.58339110901433,101.32169298445427,94.26474247954609,107.9568015002616,83.19032156167647,65.0,0.9775085322912207,0.1778552839260839,0.003840242272607259,0.000830753183008859,0.0,16.60127210053597
462,101.53500472205964,101.15348608496208,101.15348608496208,101.23039970789345,101.32169298445427,94.26474247954609,107.9568015002616,83.19032156167647,65.0,0.9775085322912207,0.1778552839260839,0.003840242272607259,0.000830753183008859,0.0,16.60127210053597
463,101.58355398222017,102.8973181230973,102.89731812309732,103.25981496600713,101.34726436465286,95.75624424535435,109.0689043520759,100.0,62.0,1.0406601227721801,0.1216530142054414,0.004339509410057455,-0.007589203784817291,150.64083172606212,0.0
464,101.6120326392673,102.63841680734069,102.6384168073407,101.9177859972591,101.48924990144816,101.6120326392673,103.27874502650504,100.0,62.0,1.0374073129504058,0.20948771278489725,0.0047547037396066675,-0.005629647976782833,111.96264923392208,0.0
465,101.69269628918595,102.63841680734069,102.6384168073407,101.9177859972591,101.48924990144816,101.6120326392673,103.27874502650504,100.0,62.0,1.0374073129504058,0.20948771278489725,0.0047547037396066675,-0.005629647976782833,111.96264923392208,0.0
466,101.69721914280827,102.63841680734069,102.6384168073407,101.9177859972591,101.48924990144816,101.6120326392673,103.27874502650504,100.0,62.0,1.0374073129504058,0.20948771278489725,0.0047547037396066675,-0.005629647976782833,111.96264923392208,0.0
467,101.58512850166196,101.44351927561051,101.44351927561053,100.73127791660423,101.63767804336193,101.58512850166194,103.25139958821659,100.0,62.0,1.0365768211065445,0.21928959554486976,0.004799755942640946,0.0009560647185196962,0.0,19.103030636784535
468,101.7291930286007,101.44351927561051,101.44351927561053,101.42400544951494,101.63767804336193,101.58512850166194,103.25139958821659,100.0,62.0,1.0365768211065445,0.21928959554486976,0.004799755942640946,0.0009560647185196962,0.0,19.103030636784535
469,101.7657022256013,101.44351927561051,101.44351927561053,101.4604051189245,101.63767804336193,101.58512850166194,103.25139958821659,100.0,62.0,1.0365768211065445,0.21928959554486976,0.004799755942640946,0.0009560647185196962,0.0,19.103030636784535
470,101.68264535605854,101.76187517470534,101.76187517470535,102.08954472648543,101.66691758348297,99.9100514969216,104.98249713612255,100.0,62.0,1.0359808601593896,0.1499940833526909,0.004293522302422461,-0.00046678540404679374,9.331352341862553,0.0
471,101.64690510818588,101.76187517470534,101.76187517470535,101.95276339838102,101.66691758348297,99.9100514969216,104.98249713612255,100.0,62.0,1.0359808601593896,0.1499940833526909,0.004293522302422461,-0.00046678540404679374,9.331352341862553,0.0
472,101.60118505161252,101.78217004603543,101.78217004603543,102.06543038265235,101.80935094819102,100.76434834557507,102.41715641581348,100.0,62.0,0.9931023913466385,0.23499467501742183,0.004051931809654765,0.00013350704402060055,0.0,2.6697844453815733
473,101.55689257592448,101.80099764122028,101.80099764122028,102.12879316592534,101.95198385925954,100.78298766480808,102.43610147033637,100.0,62.0,0.9936542000389074,0.31149520751567966,0.0038977390144830115,0.000741025809425572,0.0,14.809541935710824
474,101.4304550920778,101.80099764122028,101.80099764122028,101.73566207831273,101.95198385925954,100.78298766480808,102.43610147033637,100.0,62.0,0.9936542000389074,0.31149520751567966,0.0038977390144830115,0.000741025809425572,0.0,14.809541935710824
475,101.38748029596287,101.80099764122028,101.80099764122028,101.9085665505183,101.95198385925954,100.78298766480808,102.43610147033637,100.0,62.0,0.9936542000389074,0.31149520751567966,0.0038977390144830115,0.000741025809425572,0.0,14.809541935710824
476,101.45131880084425,101.80099764122028,101.80099764122028,101.53382256195552,101.95198385925954,100.78298766480808,102.43610147033637,100.0,62.0,0.9936542000389074,0.31149520751567966,0.0038977390144830115,0.000741025809425572,0.0,14.809541935710824
477,101.39003933712192,101.80099764122028,101.80099764122028,101.53382256195552,101.95198385925954,100.78298766480808,102.43610147033637,100.0,62.0,0.9936542000389074,0.31149520751567966,0.0038977390144830115,0.000741025809425572,0.0,14.809541935710824
478,101.39093320135734,101.80099764122028,101.80099764122028,101.53382256195552,101.95198385925954,100.78298766480808,102.43610147033637,100.0,62.0,0.9936542000389074,0.31149520751567966,0.0038977390144830115,0.000741025809425572,0.0,14.809541935710824
479,101.41688464721436,101.80099764122028,101.80099764122028,101.53382256195552,101.95198385925954,100.78298766480808,102.43610147033637,100.0,62.0,0.9936542000389074,0.31149520751567966,0.0038977390144830115,0.000741025809425572,0.0,14.809541935710824
480,101.58551239311525,101.80099764122028,101.80099764122028,101.53382256195552,101.95198385925954,100.78298766480808,102.43610147033637,100.0,62.0,0.9936542000389074,0.31149520751567966,0.0038977390144830115,0.000741025809425572,0.0,14.809541935710824
481,101.60463814687535,101.71017208737359,101.71017208737359,100.99605854212625,101.94159271905937,98.58514689401215,104.71979477816231,100.0,62.0,0.9241618640357948,0.2803456867641117,0.0038002372913505107,0.0011363546586780325,0.0,22.701296449580965
482,101.51047905418099,101.71017208737359,101.71017208737359,101.70974463308286,101.94159271905937,98.58514689401215,104.71979477816231,100.0,62.0,0.9241618640357948,0.2803456867641117,0.0038002372913505107,0.0011363546586780325,0.0,22.701296449580965
483,101.40925351940864,101.71017208737359,101.71017208737359,101.3206666677503,101.94159271905937,98.58514689401215,104.71979477816231,100.0,62.0,0.9241618640357948,0.2803456867641117,0.0038002372913505107,0.0011363546586780325,0.0,22.701296449580965
484,101.39692105641969,101.71017208737359,101.71017208737359,101.14068026954322,101.94159271905937,98.58514689401215,104.71979477816231,100.0,62.0,0.9241618640357948,0.2803456867641117,0.0038002372913505107,0.0011363546586780325,0.0,22.701296449580965
485,101.30942999647337,101.71017208737359,101.71017208737359,101.14068026954322,101.94159271905937,98.58514689401215,104.71979477816231,100.0,62.0,0.9241618640357948,0.2803456867641117,0.0038002372913505107,0.0011363546586780325,0.0,22.701296449580965
486,101.22123140149472,101.71017208737359,101.71017208737359,101.53670481659206,101.94159271905937,98.58514689401215,104.71979477816231,100.0,62.0,0.9241618640357948,0.2803456867641117,0.0038002372913505107,0.0011363546586780325,0.0,22.701296449580965
487,101.07756937910219,101.71017208737359,101.71017208737359,101.07237732731369,101.94159271905937,98.58514689401215,104.71979477816231,100.0,62.0,0.9241618640357948,0.2803456867641117,0.0038002372913505107,0.0011363546586780325,0.0,22.701296449580965
488,101.19766637642388,101.71017208737359,101.71017208737359,101.07237732731369,101.94159271905937,98.58514689401215,104.71979477816231,100.0,62.0,0.9241618640357948,0.2803456867641117,0.0038002372913505107,0.0011363546586780325,0.0,22.701296449580965
489,101.1527202204988,101.19208877028714,101.19208877028713,100.87364442104607,101.9315143249688,96.48843979329347,106.99537035765715,97.0,100.0,0.8602289149129313,0.2523111180877005,0.004009057853742553,0.003640273919003435,0.0,72.54140778526153
490,101.13634610677623,101.19208877028714,101.19208877028713,100.6470184050117,101.9315143249688,96.48843979329347,106.99537035765715,97.0,100.0,0.8602289149129313,0.2523111180877005,0.004009057853742553,0.003640273919003435,0.0,72.54140778526153
491,101.0712694011319,101.19208877028714,101.19208877028713,100.58512033842246,101.9315143249688,96.48843979329347,106.99537035765715,97.0,100.0,0.8602289149129313,0.2523111180877005,0.004009057853742553,0.003640273919003435,0.0,72.54140778526153
492,101.05766490403906,101.19208877028714,101.19208877028713,100.75449190932696,101.9315143249688,96.48843979329347,106.99537035765715,97.0,100.0,0.8602289149129313,0.2523111180877005,0.004009057853742553,0.003640273919003435,0.0,72.54140778526153
493,101.02459706740312,101.19208877028714,101.19208877028713,100.75449190932696,101.9315143249688,96.48843979329347,106.99537035765715,97.0,100.0,0.8602289149129313,0.2523111180877005,0.004009057853742553,0.003640273919003435,0.0,72.54140778526153
494,100.91631879841975,101.19208877028714,101.19208877028713,100.75449190932696,101.9315143249688,96.48843979329347,106.99537035765715,97.0,100.0,0.8602289149129313,0.2523111180877005,0.004009057853742553,0.003640273919003435,0.0,72.54140778526153
495,101.01838537729704,101.19208877028714,101.19208877028713,100.75449190932696,101.9315143249688,96.48843979329347,106.99537035765715,97.0,100.0,0.8602289149129313,0.2523111180877005,0.004009057853742553,0.003640273919003435,0.0,72.54140778526153
496,100.97784906606472,101.19208877028714,101.19208877028713,100.75449190932696,101.9315143249688,96.48843979329347,106.99537035765715,97.0,100.0,0.8602289149129313,0.2523111180877005,0.004009057853742553,0.003640273919003435,0.0,72.54140778526153
497,100.86756673364758,101.06577049854722,101.06577049854722,100.38659230161619,101.9043526228649,94.32483680975942,108.2118350792526,94.0,100.0,0.8014106017198969,0.22708000627893046,0.004264303742802466,0.004131554493939328,0.0,82.29109971594318
498,100.81326110914799,99.48879776037035,99.48879776037033,98.88008997066297,101.85951948689137,94.08518342912011,106.52335921817429,91.0,100.0,1.055492247794198,0.15532272429478844,0.004937682365155229,0.011774231634673725,0.0,232.74424800581727
499,100.77779110687653,99.77001319580778,99.77001319580778,100.47545773355587,101.79586126882042,93.1606301907052,106.82445857328915,91.0,100.0,1.051052867970662,0.1397904518653096,0.005847528138628332,0.01005055086032501,0.0,199.01084855137861
500,100.93146174520913,99.92214712775704,99.92214712775703,100.53507577817199,101.73502486332312,93.07208425356077,106.98734944992167,91.0,100.0,1.0469686385330093,0.12581140667877866,0.0065754934690739585,0.008989899628495585,0.0,178.196028162535
501,100.75464906047691,99.92214712775704,99.92214712775703,100.53507577817199,101.73502486332312,93.07208425356077,106.98734944992167,91.0,100.0,1.0469686385330093,0.12581140667877866,0.0065754934690739585,0.008989899628495585,0.0,178.196028162535
502,100.79124188502068,99.92214712775704,99.92214712775703,100.53507577817199,101.73502486332312,93.07208425356077,106.98734944992167,91.0,100.0,1.0469686385330093,0.12581140667877866,0.0065754934690739585,0.008989899628495585,0.0,178.196028162535
503,100.81914199302514,99.92214712775704,99.92214712775703,100.53507577817199,101.73502486332312,93.07208425356077,106.98734944992167,91.0,100.0,1.0469686385330093,0.12581140667877866,0.0065754934690739585,0.008989899628495585,0.0,178.196028162535
504,100.9035215282927,99.92214712775704,99.92214712775703,100.60081096370784,101.73502486332312,93.07208425356077,106.98734944992167,91.0,100.0,1.0469686385330093,0.12581140667877866,0.0065754934690739585,0.008989899628495585,0.0,178.196028162535
505,100.84661361366456,99.92214712775704,99.92214712775703,100.60081096370784,101.73502486332312,93.07208425356077,106.98734944992167,91.0,100.0,1.0469686385330093,0.12581140667877866,0.0065754934690739585,0.008989899628495585,0.0,178.196028162535
506,100.80389006773261,99.92214712775704,99.92214712775703,100.60081096370784,101.73502486332312,93.07208425356077,106.98734944992167,91.0,100.0,1.0469686385330093,0.12581140667877866,0.0065754934690739585,0.008989899628495585,0.0,178.196028162535
507,100.78591296549851,100.19727085882236,100.19727085882236,100.90573641034936,101.66480943630357,93.32834715236665,107.07756027386691,91.0,100.0,0.9896475521541446,0.0860550021682846,0.0071815872072441824,0.0072700062108527076,0.0,144.3506937767558
508,100.70892976474227,100.19727085882236,100.19727085882236,100.90573641034936,101.66480943630357,93.32834715236665,107.07756027386691,91.0,100.0,0.9896475521541446,0.0860550021682846,0.0071815872072441824,0.0072700062108527076,0.0,144.3506937767558
509,100.62776370013825,100.19727085882236,100.19727085882236,100.90573641034936,101.66480943630357,93.32834715236665,107.07756027386691,91.0,100.0,0.9896475521541446,0.0860550021682846,0.0071815872072441824,0.0072700062108527076,0.0,144.3506937767558
510,100.68914314945431,100.19727085882236,100.19727085882236,100.90573641034936,101.66480943630357,93.32834715236665,107.07756027386691,91.0,100.0,0.9896475521541446,0.0860550021682846,0.0071815872072441824,0.0072700062108527076,0.0,144.3506937767558
511,100.56948124782268,100.19727085882236,100.19727085882236,100.872097540444,101.66480943630357,93.32834715236665,107.07756027386691,91.0,100.0,0.9896475521541446,0.0860550021682846,0.0071815872072441824,0.0072700062108527076,0.0,144.3506937767558
512,100.55045075811246,100.19727085882236,100.19727085882236,100.85300978747492,101.66480943630357,93.32834715236665,107.07756027386691,91.0,100.0,0.9896475521541446,0.0860550021682846,0.0071815872072441824,0.0072700062108527076,0.0,144.3506937767558
513,100.50713522188728,100.19727085882236,100.19727085882236,100.80956391362817,101.66480943630357,93.32834715236665,107.07756027386691,91.0,100.0,0.9896475521541446,0.0860550021682846,0.0071815872072441824,0.0072700062108527076,0.0,144.3506937767558
514,100.59537507488446,100.19727085882236,100.19727085882236,100.66490693927622,101.66480943630357,93.32834715236665,107.07756027386691,91.0,100.0,0.9896475521541446,0.0860550021682846,0.0071815872072441824,0.0072700062108527076,0.0,144.3506937767558
515,100.63238550511343,102.99785110149276,102.99785110149276,103.72611873554374,101.70043291372154,95.93693641708101,110.28052744200235,100.0,100.0,0.9204757479818131,0.07744950195145614,0.007511285880938585,-0.006338197674753282,125.96555888265581,0.0
516,100.60384482506947,101.62004527784795,101.62004527784795,100.90656451862533,101.69251890651336,94.5676141355653,108.80530100456448,97.0,97.0,0.9268376881432681,0.06970455175631053,0.007103384420982004,0.0003564640923995762,0.0,7.126741420578897
517,100.54454206063,101.52937701770169,101.52937701770169,100.84708331056169,101.68211994720764,94.51186953699218,108.67528995129133,94.0,94.0,0.9326906730918066,0.06273409658067948,0.006767378786804896,0.0007516451174626518,0.0,15.021611428366333
518,100.55970955882434,101.31547958977487,101.31547958977485,100.69559551204406,101.53965716315915,100.55970955882434,102.47722652984932,88.0,88.0,1.1496988270106805,0.11891012206118476,0.006060363854030218,0.0011051116425871872,0.0,22.07783437992883
519,100.37081467216235,101.26191956432844,101.26191956432844,100.67283317167738,101.53888557149654,99.3482094195967,103.7268834178182,85.0,85.0,1.137722920849826,0.10701910985506628,0.0058606266853825865,0.0013657046725362367,0.0,27.276841341052904
520,100.47081109444444,101.26191956432844,101.26191956432844,100.67283317167738,101.53888557149654,99.3482094195967,103.7268834178182,85.0,85.0,1.137722920849826,0.10701910985506628,0.0058606266853825865,0.0013657046725362367,0.0,27.276841341052904
521,100.40138222630539,101.26191956432844,101.26191956432844,100.828563709701,101.53888557149654,99.3482094195967,103.7268834178182,85.0,85.0,1.137722920849826,0.10701910985506628,0.0058606266853825865,0.0013657046725362367,0.0,27.276841341052904
522,100.37611791125106,101.50344422035674,101.50344422035673,101.3470269774671,101.53775149202171,97.35159691412815,105.85424854741105,76.00000000000001,71.0533610567123,1.3340127083747648,0.05563281406705766,0.005145887046882661,0.00016896704900010016,0.0,3.378770079194293
523,100.40187702916349,101.0394565537131,101.0394565537131,100.60367955954963,101.53685229130113,96.35481421524608,106.94930212013152,70.00000000000001,83.98672022656814,1.4376875195297312,0.038052844821867444,0.004898039744356452,0.002455349988475585,0.0,48.98672022656814
524,100.30784037459061,99.68449309724807,99.68449309724805,99.34454597936379,101.52737073151603,95.41552283197902,106.73289159907368,61.000000000000014,100.0,1.7954259599313374,0.019781390852199574,0.005271972484511243,0.009158891524588713,0.0,181.5153510811751
525,100.37169379124987,99.68449309724807,99.68449309724805,100.21529167010763,101.52737073151603,95.41552283197902,106.73289159907368,61.000000000000014,100.0,1.7954259599313374,0.019781390852199574,0.005271972484511243,0.009158891524588713,0.0,181.5153510811751
526,100.33893025549713,99.77013818885041,99.77013818885041,100.4755836103877,101.47710285894013,94.00329984425564,106.81475576355267,55.000000000000014,100.0,1.6275976688467277,0.013530471342904509,0.006134961078671296,0.008481928304718302,0.0,168.21180561909733
527,100.3898015177715,99.7868214480559,99.7868214480559,100.13169052359163,101.3351343161058,99.2379939300916,100.79476913945041,55.000000000000014,100.0,1.5773898553389896,0.11217742420861407,0.006690687041374759,0.007698378141596146,0.0,152.79131749310838
528,100.25305286507268,99.7868214480559,99.7868214480559,100.13169052359163,101.3351343161058,99.2379939300916,100.79476913945041,55.000000000000014,100.0,1.5773898553389896,0.11217742420861407,0.006690687041374759,0.007698378141596146,0.0,152.79131749310838
529,100.2109860164367,99.7868214480559,99.7868214480559,100.13169052359163,101.3351343161058,99.2379939300916,100.79476913945041,55.000000000000014,100.0,1.5773898553389896,0.11217742420861407,0.006690687041374759,0.007698378141596146,0.0,152.79131749310838
530,100.0154327507636,99.37884340550386,99.37884340550386,99.1595520760233,101.28490792158263,96.96438270698499,103.15819488350338,49.000000000000014,100.0,1.4240682935245923,0.07672935815869203,0.007383386407684815,0.00949879838024078,0.0,188.1884038986825
531,99.9960773962218,99.37884340550386,99.37884340550386,99.56967888842297,101.28490792158263,96.96438270698499,103.15819488350338,49.000000000000014,100.0,1.4240682935245923,0.07672935815869203,0.007383386407684815,0.00949879838024078,0.0,188.1884038986825
532,99.85563160739649,99.37884340550386,99.37884340550386,99.51495160704094,101.28490792158263,96.96438270698499,103.15819488350338,49.000000000000014,100.0,1.4240682935245923,0.07672935815869203,0.007383386407684815,0.00949879838024078,0.0,188.1884038986825
533,99.88229997733706,99.04193502498809,99.04193502498809,98.85318911069778,101.24652705987059,94.51579089147603,105.8306828277079,46.000000000000014,100.0,1.3368094967092916,0.06905642234282283,0.008261286715031997,0.011007084541637013,0.0,217.74495371864379
534,99.98789374919261,99.04193502498809,99.04193502498809,99.68793006794502,101.24652705987059,94.51579089147603,105.8306828277079,46.000000000000014,100.0,1.3368094967092916,0.06905642234282283,0.008261286715031997,0.011007084541637013,0.0,217.74495371864379
535,100.04585018814306,99.04539168626165,99.04539168626165,99.09091365292427,101.18256894953555,92.67439591143454,106.04860119943167,43.000000000000014,100.0,1.2698647369725484,0.06215078010854055,0.00904650460212527,0.01067372037595334,0.0,211.21990531193237
536,99.95378498395824,99.04539168626165,99.04539168626165,99.65392362900637,101.18256894953555,92.67439591143454,106.04860119943167,43.000000000000014,100.0,1.2698647369725484,0.06215078010854055,0.00904650460212527,0.01067372037595334,0.0,211.21990531193237
537,99.88084941730257,99.59478892759604,99.59478892759604,100.29899450587197,101.0410124656658,99.16653133520738,100.60079689656166,43.000000000000014,100.0,1.2082755580147446,0.1559357020976865,0.009368713639096578,0.007208202763548882,0.0,143.1323284256669
538,99.88505004483798,99.59478892759604,99.59478892759604,99.83153210682606,101.0410124656658,99.16653133520738,100.60079689656166,43.000000000000014,100.0,1.2082755580147446,0.1559357020976865,0.009368713639096578,0.007208202763548882,0.0,143.1323284256669
539,100.01820248442701,99.7266627736843,99.7266627736843,100.43180079329623,100.89965402221283,99.29783812375746,100.73400280170131,43.000000000000014,100.0,1.1516135133735652,0.24034213188791786,0.00950819645241421,0.0058466469766368535,0.0,116.25324783277269
540,100.0360702940463,99.7266627736843,99.7266627736843,100.3370815386623,100.89965402221283,99.29783812375746,100.73400280170131,43.000000000000014,100.0,1.1516135133735652,0.24034213188791786,0.00950819645241421,0.0058466469766368535,0.0,116.25324783277269
541,100.193785756607,99.7266627736843,99.7266627736843,100.3370815386623,100.89965402221283,99.29783812375746,100.73400280170131,43.000000000000014,100.0,1.1516135133735652,0.24034213188791786,0.00950819645241421,0.0058466469766368535,0.0,116.25324783277269
542,100.14562919445858,99.7266627736843,99.7266627736843,100.3370815386623,100.89965402221283,99.29783812375746,100.73400280170131,43.000000000000014,100.0,1.1516135133735652,0.24034213188791786,0.00950819645241421,0.0058466469766368535,0.0,116.25324783277269
543,100.1936959783551,99.7266627736843,99.7266627736843,100.3370815386623,100.89965402221283,99.29783812375746,100.73400280170131,43.000000000000014,100.0,1.1516135133735652,0.24034213188791786,0.00950819645241421,0.0058466469766368535,0.0,116.25324783277269
544,100.1918303340588,99.80417849853045,99.80417849853043,100.50986460912614,100.75849334211404,99.37502053098676,100.81230151366711,43.000000000000014,100.0,1.07548443230368,0.3163079186991261,0.009508691501611773,0.00475818772668645,0.0,94.7130918624728
545,100.26312447899777,99.80417849853045,99.80417849853043,100.50986460912614,100.75849334211404,99.37502053098676,100.81230151366711,43.000000000000014,100.0,1.07548443230368,0.3163079186991261,0.009508691501611773,0.00475818772668645,0.0,94.7130918624728
546,100.03923922642697,99.80417849853045,99.80417849853043,100.4612664166631,100.75849334211404,99.37502053098676,100.81230151366711,43.000000000000014,100.0,1.07548443230368,0.3163079186991261,0.009508691501611773,0.00475818772668645,0.0,94.7130918624728
547,100.02376242507167,99.80417849853045,99.80417849853043,100.3247366349766,100.75849334211404,99.37502053098676,100.81230151366711,43.000000000000014,100.0,1.07548443230368,0.3163079186991261,0.009508691501611773,0.00475818772668645,0.0,94.7130918624728
548,99.89636940328089,99.80417849853045,99.80417849853043,100.19696028413327,100.75849334211404,99.37502053098676,100.81230151366711,43.000000000000014,100.0,1.07548443230368,0.3163079186991261,0.009508691501611773,0.00475818772668645,0.0,94.7130918624728
549,100.00593691591234,99.80417849853045,99.80417849853043,100.2583333984377,100.75849334211404,99.37502053098676,100.81230151366711,43.000000000000014,100.0,1.07548443230368,0.3163079186991261,0.009508691501611773,0.00475818772668645,0.0,94.7130918624728
550,100.02648508545548,99.80417849853045,99.80417849853043,100.2583333984377,100.75849334211404,99.37502053098676,100.81230151366711,43.000000000000014,100.0,1.07548443230368,0.3163079186991261,0.009508691501611773,0.00475818772668645,0.0,94.7130918624728
551,99.98844901960375,99.80417849853045,99.80417849853043,100.31721070726697,100.75849334211404,99.37502053098676,100.81230151366711,43.000000000000014,100.0,1.07548443230368,0.3163079186991261,0.009508691501611773,0.00475818772668645,0.0,94.7130918624728
552,99.96018438191376,99.80417849853045,99.80417849853043,100.26096728376507,100.75849334211404,99.37502053098676,100.81230151366711,43.000000000000014,100.0,1.07548443230368,0.3163079186991261,0.009508691501611773,0.00475818772668645,0.0,94.7130918624728
553,99.97532127122385,99.80417849853045,99.80417849853043,100.22608068203901,100.75849334211404,99.37502053098676,100.81230151366711,43.000000000000014,100.0,1.07548443230368,0.3163079186991261,0.009508691501611773,0.00475818772668645,0.0,94.7130918624728
554,100.12416174478834,99.80417849853045,99.80417849853043,100.10406474325661,100.75849334211404,99.37502053098676,100.81230151366711,43.000000000000014,100.0,1.07548443230368,0.3163079186991261,0.009508691501611773,0.00475818772668645,0.0,94.7130918624728
555,100.21904182606082,99.80417849853045,99.80417849853043,99.7012219460768,100.75849334211404,99.37502053098676,100.81230151366711,43.000000000000014,100.0,1.07548443230368,0.3163079186991261,0.009508691501611773,0.00475818772668645,0.0,94.7130918624728
556,100.29803467296408,99.80417849853045,99.80417849853043,99.9971405689452,100.75849334211404,99.37502053098676,100.81230151366711,43.000000000000014,100.0,1.07548443230368,0.3163079186991261,0.009508691501611773,0.00475818772668645,0.0,94.7130918624728
557,100.30980445009085,99.80417849853045,99.80417849853043,100.00887503674059,100.75849334211404,99.37502053098676,100.81230151366711,43.000000000000014,100.0,1.07548443230368,0.3163079186991261,0.009508691501611773,0.00475818772668645,0.0,94.7130918624728
558,100.07639182352872,99.60214989236647,99.60214989236646,99.47227748027011,100.72683355660281,93.22342900895953,106.64472614738227,46.000000000000014,100.0,0.9951599634336714,0.28467712682921353,0.00961187910427971,0.00561418345400253,0.0,111.65680728009275
559,100.14939670787251,100.07599381098521,100.07599381098521,100.78360184803257,100.5813843585034,99.29068382040131,100.75710269299518,49.000000000000014,100.0,1.1945267897600025,0.270719154751182,0.009115110027374317,0.00251867413064321,0.0,50.246926977741694
560,100.08999893007771,100.07599381098521,100.07599381098521,100.07485011286889,100.5813843585034,99.29068382040131,100.75710269299518,49.000000000000014,100.0,1.1945267897600025,0.270719154751182,0.009115110027374317,0.00251867413064321,0.0,50.246926977741694
561,100.11633170170647,100.07599381098521,100.07599381098521,100.07485011286889,100.5813843585034,99.29068382040131,100.75710269299518,49.000000000000014,100.0,1.1945267897600025,0.270719154751182,0.009115110027374317,0.00251867413064321,0.0,50.246926977741694
562,100.09442420618248,100.07599381098521,100.07599381098521,100.32426069121169,100.5813843585034,99.29068382040131,100.75710269299518,49.000000000000014,100.0,1.1945267897600025,0.270719154751182,0.009115110027374317,0.00251867413064321,0.0,50.246926977741694
563,100.07810278599992,100.07599381098521,100.07599381098521,99.9317132238868,100.5813843585034,99.29068382040131,100.75710269299518,49.000000000000014,100.0,1.1945267897600025,0.270719154751182,0.009115110027374317,0.00251867413064321,0.0,50.246926977741694
564,100.06295081780611,99.6074023315923,99.6074023315923,99.38760665944636,100.56017513311818,95.3245834010253,104.94922998050349,55.000000000000014,100.0,1.111672424331778,0.1851719018498085,0.008690446067150552,0.004759875768061707,0.0,94.74653363169216
565,100.07307954460099,99.6074023315923,99.6074023315923,99.52778626259916,100.56017513311818,95.3245834010253,104.94922998050349,55.000000000000014,100.0,1.111672424331778,0.1851719018498085,0.008690446067150552,0.004759875768061707,0.0,94.74653363169216
566,100.21186604505041,99.6074023315923,99.6074023315923,99.91123044691528,100.56017513311818,95.3245834010253,104.94922998050349,55.000000000000014,100.0,1.111672424331778,0.1851719018498085,0.008690446067150552,0.004759875768061707,0.0,94.74653363169216
567,100.38193253084088,99.6074023315923,99.6074023315923,100.08078673324835,100.56017513311818,95.3245834010253,104.94922998050349,55.000000000000014,100.0,1.111672424331778,0.1851719018498085,0.008690446067150552,0.004759875768061707,0.0,94.74653363169216
568,100.32881498910665,99.6074023315923,99.6074023315923,99.76608905139427,100.56017513311818,95.3245834010253,104.94922998050349,55.000000000000014,100.0,1.111672424331778,0.1851719018498085,0.008690446067150552,0.004759875768061707,0.0,94.74653363169216
569,100.44287513342888,99.6074023315923,99.6074023315923,100.16163067757668,100.56017513311818,95.3245834010253,104.94922998050349,55.000000000000014,100.0,1.111672424331778,0.1851719018498085,0.008690446067150552,0.004759875768061707,0.0,94.74653363169216
570,100.47936390080791,99.6074023315923,99.6074023315923,100.2427315328983,100.56017513311818,95.3245834010253,104.94922998050349,55.000000000000014,100.0,1.111672424331778,0.1851719018498085,0.008690446067150552,0.004759875768061707,0.0,94.74653363169216
571,100.42212587416958,99.6074023315923,99.6074023315923,99.81297784936913,100.56017513311818,95.3245834010253,104.94922998050349,55.000000000000014,100.0,1.111672424331778,0.1851719018498085,0.008690446067150552,0.004759875768061707,0.0,94.74653363169216
572,100.32984336435432,99.6074023315923,99.6074023315923,99.9771824311384,100.56017513311818,95.3245834010253,104.94922998050349,55.000000000000014,100.0,1.111672424331778,0.1851719018498085,0.008690446067150552,0.004759875768061707,0.0,94.74653363169216
573,100.49560081446086,99.6074023315923,99.6074023315923,100.19411401201748,100.56017513311818,95.3245834010253,104.94922998050349,55.000000000000014,100.0,1.111672424331778,0.1851719018498085,0.008690446067150552,0.004759875768061707,0.0,94.74653363169216
574,100.45107671232249,99.6074023315923,99.6074023315923,100.16400213085494,100.56017513311818,95.3245834010253,104.94922998050349,55.000000000000014,100.0,1.111672424331778,0.1851719018498085,0.008690446067150552,0.004759875768061707,0.0,94.74653363169216
575,100.40751127797174,99.6074023315923,99.6074023315923,100.16400213085494,100.56017513311818,95.3245834010253,104.94922998050349,55.000000000000014,100.0,1.111672424331778,0.1851719018498085,0.008690446067150552,0.004759875768061707,0.0,94.74653363169216
576,100.4484086069722,99.6074023315923,99.6074023315923,100.16400213085494,100.56017513311818,95.3245834010253,104.94922998050349,55.000000000000014,100.0,1.111672424331778,0.1851719018498085,0.008690446067150552,0.004759875768061707,0.0,94.74653363169216
577,100.44023872514875,99.6074023315923,99.6074023315923,100.16400213085494,100.56017513311818,95.3245834010253,104.94922998050349,55.000000000000014,100.0,1.111672424331778,0.1851719018498085,0.008690446067150552,0.004759875768061707,0.0,94.74653363169216
578,100.36988738828475,99.6074023315923,99.6074023315923,99.86976795137232,100.56017513311818,95.3245834010253,104.94922998050349,55.000000000000014,100.0,1.111672424331778,0.1851719018498085,0.008690446067150552,0.004759875768061707,0.0,94.74653363169216
579,100.28285108303692,100.03454189803143,100.03454189803143,100.74185684074476,100.6682198144917,99.48435191759226,101.04499181619337,55.000000000000014,100.0,1.0280719637185691,0.2666547116648277,0.00854789601613239,0.0031572954505126633,0.0,62.947166208758844
580,100.11473434033184,100.03454189803143,100.03454189803143,100.41598228719344,100.6682198144917,99.48435191759226,101.04499181619337,55.000000000000014,100.0,1.0280719637185691,0.2666547116648277,0.00854789601613239,0.0031572954505126633,0.0,62.947166208758844
581,100.10511696850168,100.03454189803143,100.03454189803143,100.40633597643097,100.6682198144917,99.48435191759226,101.04499181619337,55.000000000000014,100.0,1.0280719637185691,0.2666547116648277,0.00854789601613239,0.0031572954505126633,0.0,62.947166208758844
582,100.04175911610285,99.52403990788395,99.52403990788395,99.27448113178592,100.65599832426086,96.58172907683651,104.0817515014163,58.000000000000014,100.0,0.9724928732877502,0.2399892404983449,0.008713593700134501,0.005654701769335331,0.0,112.45811826636864
583,99.9968897924165,99.52403990788395,99.52403990788395,99.69689912303926,100.65599832426086,96.58172907683651,104.0817515014163,58.000000000000014,100.0,0.9724928732877502,0.2399892404983449,0.008713593700134501,0.005654701769335331,0.0,112.45811826636864
584,99.95740071176493,99.52403990788395,99.52403990788395,99.69689912303926,100.65599832426086,96.58172907683651,104.0817515014163,58.000000000000014,100.0,0.9724928732877502,0.2399892404983449,0.008713593700134501,0.005654701769335331,0.0,112.45811826636864
585,99.98568639433353,99.52403990788395,99.52403990788395,99.70693282625975,100.65599832426086,96.58172907683651,104.0817515014163,58.000000000000014,100.0,0.9724928732877502,0.2399892404983449,0.008713593700134501,0.005654701769335331,0.0,112.45811826636864
586,99.95033023078125,99.696387163203,99.696387163203,100.40131111284177,100.51517852346802,99.11814811765642,100.70342137697273,58.000000000000014,100.0,0.9146934434247302,0.31599031644851044,0.008681536494975724,0.004089630673716502,0.0,81.45947430952982
587,100.03212682758857,99.696387163203,99.696387163203,100.3331262062072,100.51517852346802,99.11814811765642,100.70342137697273,58.000000000000014,100.0,0.9146934434247302,0.31599031644851044,0.008681536494975724,0.004089630673716502,0.0,81.45947430952982
588,100.14774415316015,99.76953115383213,99.76953115383212,100.47497228320265,100.39426061313924,99.1908678731399,100.77730419579002,58.000000000000014,100.0,0.8815179679507519,0.38439128480365936,0.00853517647156629,0.0031210912512809135,0.0,62.22760698586738
589,100.17973778054066,99.76953115383213,99.76953115383212,100.42403935545762,100.39426061313924,99.1908678731399,100.77730419579002,58.000000000000014,100.0,0.8815179679507519,0.38439128480365936,0.00853517647156629,0.0031210912512809135,0.0,62.22760698586738
590,100.20755260874981,99.76953115383213,99.76953115383212,100.32594953847958,100.39426061313924,99.1908678731399,100.77730419579002,58.000000000000014,100.0,0.8815179679507519,0.38439128480365936,0.00853517647156629,0.0031210912512809135,0.0,62.22760698586738
591,100.18212025749492,99.76953115383213,99.76953115383212,100.32594953847958,100.39426061313924,99.1908678731399,100.77730419579002,58.000000000000014,100.0,0.8815179679507519,0.38439128480365936,0.00853517647156629,0.0031210912512809135,0.0,62.22760698586738
592,100.24906239593547,99.76953115383213,99.76953115383212,100.32594953847958,100.39426061313924,99.1908678731399,100.77730419579002,58.000000000000014,100.0,0.8815179679507519,0.38439128480365936,0.00853517647156629,0.0031210912512809135,0.0,62.22760698586738
593,100.27463979225966,99.76953115383213,99.76953115383212,100.32594953847958,100.39426061313924,99.1908678731399,100.77730419579002,58.000000000000014,100.0,0.8815179679507519,0.38439128480365936,0.00853517647156629,0.0031210912512809135,0.0,62.22760698586738
594,100.32835226827659,99.76953115383213,99.76953115383212,100.29325294991025,100.39426061313924,99.1908678731399,100.77730419579002,58.000000000000014,100.0,0.8815179679507519,0.38439128480365936,0.00853517647156629,0.0031210912512809135,0.0,62.22760698586738
595,100.31302352879196,99.76953115383213,99.76953115383212,100.29325294991025,100.39426061313924,99.1908678731399,100.77730419579002,58.000000000000014,100.0,0.8815179679507519,0.38439128480365936,0.00853517647156629,0.0031210912512809135,0.0,62.22760698586738
596,100.28504117279599,99.76953115383213,99.76953115383212,100.29325294991025,100.39426061313924,99.1908678731399,100.77730419579002,58.000000000000014,100.0,0.8815179679507519,0.38439128480365936,0.00853517647156629,0.0031210912512809135,0.0,62.22760698586738
597,100.20410666792716,99.59799070925648,99.59799070925646,99.8581794254763,100.38183615409216,94.23907384119718,106.07264967332416,61.000000000000014,100.0,0.8198854194035806,0.34595215632329346,0.008493423001600716,0.003919622579588082,0.0,78.08638244397481
598,100.10977552930751,99.59799070925648,99.59799070925646,100.13179821888275,100.38183615409216,94.23907384119718,106.07264967332416,61.000000000000014,100.0,0.8198854194035806,0.34595215632329346,0.008493423001600716,0.003919622579588082,0.0,78.08638244397481
599,100.04395075101436,99.59799070925648,99.59799070925646,99.78103448395264,100.38183615409216,94.23907384119718,106.07264967332416,61.000000000000014,100.0,0.8198854194035806,0.34595215632329346,0.008493423001600716,0.003919622579588082,0.0,78.08638244397481
600,100.16381567032069,99.59799070925648,99.59799070925646,99.86332422330972,100.38183615409216,94.23907384119718,106.07264967332416,61.000000000000014,100.0,0.8198854194035806,0.34595215632329346,0.008493423001600716,0.003919622579588082,0.0,78.08638244397481
601,100.09787284202055,99.59799070925648,99.59799070925646,99.92033220986168,100.38183615409216,94.23907384119718,106.07264967332416,61.000000000000014,100.0,0.8198854194035806,0.34595215632329346,0.008493423001600716,0.003919622579588082,0.0,78.08638244397481
602,100.23615400489639,99.59799070925648,99.59799070925646,99.9354455428817,100.38183615409216,94.23907384119718,106.07264967332416,61.000000000000014,100.0,0.8198854194035806,0.34595215632329346,0.008493423001600716,0.003919622579588082,0.0,78.08638244397481
603,100.05557759909415,99.59799070925648,99.59799070925646,99.9354455428817,100.38183615409216,94.23907384119718,106.07264967332416,61.000000000000014,100.0,0.8198854194035806,0.34595215632329346,0.008493423001600716,0.003919622579588082,0.0,78.08638244397481
604,99.889783832769,99.59799070925648,99.59799070925646,99.9354455428817,100.38183615409216,94.23907384119718,106.07264967332416,61.000000000000014,100.0,0.8198854194035806,0.34595215632329346,0.008493423001600716,0.003919622579588082,0.0,78.08638244397481
605,99.83965515807782,99.59799070925648,99.59799070925646,99.9354455428817,100.38183615409216,94.23907384119718,106.07264967332416,61.000000000000014,100.0,0.8198854194035806,0.34595215632329346,0.008493423001600716,0.003919622579588082,0.0,78.08638244397481
606,99.90671444983408,99.59799070925648,99.59799070925646,99.8082176170147,100.38183615409216,94.23907384119718,106.07264967332416,61.000000000000014,100.0,0.8198854194035806,0.34595215632329346,0.008493423001600716,0.003919622579588082,0.0,78.08638244397481
607,99.70918272126303,99.63701689812676,99.63701689812676,100.34152105801249,100.25365485755542,99.02923109504819,100.64345141224925,61.000000000000014,100.0,0.7622945858512942,0.4113569406909642,0.008354003929906586,0.003084876117592663,0.0,61.507778474989564
608,99.6137704172033,99.63701689812676,99.63701689812676,99.81464918314924,100.25365485755542,99.02923109504819,100.64345141224925,61.000000000000014,100.0,0.7622945858512942,0.4113569406909642,0.008354003929906586,0.003084876117592663,0.0,61.507778474989564
609,99.66555157885018,99.63701689812676,99.63701689812676,99.81464918314924,100.25365485755542,99.02923109504819,100.64345141224925,61.000000000000014,100.0,0.7622945858512942,0.4113569406909642,0.008354003929906586,0.003084876117592663,0.0,61.507778474989564
610,99.6686414009739,99.63701689812676,99.63701689812676,100.04545059154273,100.25365485755542,99.02923109504819,100.64345141224925,61.000000000000014,100.0,0.7622945858512942,0.4113569406909642,0.008354003929906586,0.003084876117592663,0.0,61.507778474989564
611,99.66735811683075,100.04763419909308,100.04763419909308,100.62081056606692,100.24101183115133,95.7747474480983,104.0633765545344,61.000000000000014,100.0,0.7213110189831907,0.3702212466218678,0.007968623097615275,0.0009654947291872069,0.0,19.29126896523914
612,99.85338580115612,100.04763419909308,100.04763419909308,100.00475555997448,100.24101183115133,95.7747474480983,104.0633765545344,61.000000000000014,100.0,0.7213110189831907,0.3702212466218678,0.007968623097615275,0.0009654947291872069,0.0,19.29126896523914
613,99.74772971977387,100.04763419909308,100.04763419909308,100.00475555997448,100.24101183115133,95.7747474480983,104.0633765545344,61.000000000000014,100.0,0.7213110189831907,0.3702212466218678,0.007968623097615275,0.0009654947291872069,0.0,19.29126896523914
614,99.76531053435367,100.04763419909308,100.04763419909308,100.08325720166584,100.24101183115133,95.7747474480983,104.0633765545344,61.000000000000014,100.0,0.7213110189831907,0.3702212466218678,0.007968623097615275,0.0009654947291872069,0.0,19.29126896523914
615,99.79740497082167,100.04763419909308,100.04763419909308,100.08325720166584,100.24101183115133,95.7747474480983,104.0633765545344,61.000000000000014,100.0,0.7213110189831907,0.3702212466218678,0.007968623097615275,0.0009654947291872069,0.0,19.29126896523914
616,99.88755763149273,100.04763419909308,100.04763419909308,100.12766934084163,100.24101183115133,95.7747474480983,104.0633765545344,61.000000000000014,100.0,0.7213110189831907,0.3702212466218678,0.007968623097615275,0.0009654947291872069,0.0,19.29126896523914
617,99.9285563630804,100.09955357720276,100.09955357720274,100.62016460425929,100.38065168137102,99.47455293216167,101.09603219249713,61.000000000000014,100.0,0.7626794538890044,0.32923133268935756,0.007291969856624484,0.0014021239842892553,0.0,28.003215705407758
618,99.92176654277714,100.09955357720276,100.09955357720274,100.22243384431007,100.38065168137102,99.47455293216167,101.09603219249713,61.000000000000014,100.0,0.7626794538890044,0.32923133268935756,0.007291969856624484,0.0014021239842892553,0.0,28.003215705407758
619,99.82758369772041,100.09955357720276,100.09955357720274,100.12796760052198,100.38065168137102,99.47455293216167,101.09603219249713,61.000000000000014,100.0,0.7626794538890044,0.32923133268935756,0.007291969856624484,0.0014021239842892553,0.0,28.003215705407758
620,99.68139083911545,100.09955357720276,100.09955357720274,100.17893481199759,100.38065168137102,99.47455293216167,101.09603219249713,61.000000000000014,100.0,0.7626794538890044,0.32923133268935756,0.007291969856624484,0.0014021239842892553,0.0,28.003215705407758
621,99.64292463546333,99.90283633128898,99.90283633128898,100.60922002252033,100.376925412117,96.61499742039757,104.0882148120922,55.000000000000014,100.0,0.8158987761107497,0.22519423155952056,0.006920901594344959,0.002367134236136231,0.0,47.23088288284938
622,99.61458391868753,99.90283633128898,99.90283633128898,99.91432689938569,100.376925412117,96.61499742039757,104.0882148120922,55.000000000000014,100.0,0.8158987761107497,0.22519423155952056,0.006920901594344959,0.002367134236136231,0.0,47.23088288284938
623,99.71434862524131,99.90283633128898,99.90283633128898,99.77351547703645,100.376925412117,96.61499742039757,104.0882148120922,55.000000000000014,100.0,0.8158987761107497,0.22519423155952056,0.006920901594344959,0.002367134236136231,0.0,47.23088288284938
624,99.6193628176056,99.90283633128898,99.90283633128898,99.77351547703645,100.376925412117,96.61499742039757,104.0882148120922,55.000000000000014,100.0,0.8158987761107497,0.22519423155952056,0.006920901594344959,0.002367134236136231,0.0,47.23088288284938
625,99.57835020742998,99.90283633128898,99.90283633128898,99.71856744171333,100.376925412117,96.61499742039757,104.0882148120922,55.000000000000014,100.0,0.8158987761107497,0.22519423155952056,0.006920901594344959,0.002367134236136231,0.0,47.23088288284938
626,99.65603207227085,99.90283633128898,99.90283633128898,99.71856744171333,100.376925412117,96.61499742039757,104.0882148120922,55.000000000000014,100.0,0.8158987761107497,0.22519423155952056,0.006920901594344959,0.002367134236136231,0.0,47.23088288284938
627,99.5821300426476,99.90283633128898,99.90283633128898,99.95025237706405,100.376925412117,96.61499742039757,104.0882148120922,55.000000000000014,100.0,0.8158987761107497,0.22519423155952056,0.006920901594344959,0.002367134236136231,0.0,47.23088288284938
628,99.54897718859793,99.90283633128898,99.90283633128898,99.84852275686856,100.376925412117,96.61499742039757,104.0882148120922,55.000000000000014,100.0,0.8158987761107497,0.22519423155952056,0.006920901594344959,0.002367134236136231,0.0,47.23088288284938
629,99.62969401004698,99.90283633128898,99.90283633128898,99.84852275686856,100.376925412117,96.61499742039757,104.0882148120922,55.000000000000014,100.0,0.8158987761107497,0.22519423155952056,0.006920901594344959,0.002367134236136231,0.0,47.23088288284938
630,99.32387286866123,99.77660414048617,99.77660414048617,99.52641205387512,100.23540255221327,99.32387286866123,100.8819952858512,52.000000000000014,97.0,0.8148667395148518,0.2300328543867121,0.00645774095120479,0.002293854350614078,0.0,45.772092498767016
631,99.32271468392639,99.77660414048617,99.77660414048617,99.52641205387512,100.23540255221327,99.32387286866123,100.8819952858512,52.000000000000014,97.0,0.8148667395148518,0.2300328543867121,0.00645774095120479,0.002293854350614078,0.0,45.772092498767016
632,99.46228841375539,99.51353999893747,99.51353999893749,99.35383923264031,100.2292390227701,97.52616526586615,102.74156117174567,43.000000000000014,100.0,1.226679730375169,0.11958027902438842,0.00600454960604015,0.003583103365928606,0.0,71.40621148186366
633,99.47978375860411,99.51353999893747,99.51353999893749,100.10037178420983,100.2292390227701,97.52616526586615,102.74156117174567,43.000000000000014,100.0,1.226679730375169,0.11958027902438842,0.00600454960604015,0.003583103365928606,0.0,71.40621148186366
634,99.46180734723916,99.51353999893747,99.51353999893749,99.69399262147385,100.2292390227701,97.52616526586615,102.74156117174567,43.000000000000014,100.0,1.226679730375169,0.11958027902438842,0.00600454960604015,0.003583103365928606,0.0,71.40621148186366
635,99.29381004537908,99.51353999893747,99.51353999893749,99.43630035139765,100.2292390227701,97.52616526586615,102.74156117174567,43.000000000000014,100.0,1.226679730375169,0.11958027902438842,0.00600454960604015,0.003583103365928606,0.0,71.40621148186366
636,99.22466516563995,99.5567499905775,99.5567499905775,100.26068660667252,100.21640154282358,99.12865596561802,100.56237372785606,43.000000000000014,100.0,1.1485453519451556,0.2076222511219496,0.006040518433728783,0.0033020030328539357,0.0,65.8227138562939
637,99.24439065906994,99.09430262657624,99.09430262657624,98.9650924024894,100.20517743956698,97.9382839413427,101.7846397464444,40.00000000000002,100.0,1.1366617237895433,0.18686002600975465,0.0063469619181525105,0.005573897195427073,0.0,110.86002154536368
638,99.16275404355343,98.8195913282838,98.8195913282838,98.72047438612907,100.19429126049087,96.70292020160268,103.08492160911325,37.00000000000002,100.0,1.12572878588638,0.16817402340877918,0.0067950643442666785,0.006907557976986122,0.0,137.20341896855558
639,99.28481234450881,98.8195913282838,98.8195913282838,99.17507715276992,100.19429126049087,96.70292020160268,103.08492160911325,37.00000000000002,100.0,1.12572878588638,0.16817402340877918,0.0067950643442666785,0.006907557976986122,0.0,137.20341896855558
640,99.15125107099522,99.00506119933608,99.0050611993361,99.705096985594,100.05411739732546,98.63874247289856,100.00511232256171,37.00000000000002,100.0,1.0756704830154697,0.25135662106790124,0.007019774975174363,0.005270071972491098,0.0,104.84887831486711
641,99.11316484668953,99.00506119933608,99.0050611993361,99.411399043821,100.05411739732546,98.63874247289856,100.00511232256171,37.00000000000002,100.0,1.0756704830154697,0.25135662106790124,0.007019774975174363,0.005270071972491098,0.0,104.84887831486711
642,99.27465887051753,99.00506119933608,99.0050611993361,99.411399043821,100.05411739732546,98.63874247289856,100.00511232256171,37.00000000000002,100.0,1.0756704830154697,0.25135662106790124,0.007019774975174363,0.005270071972491098,0.0,104.84887831486711
643,98.96121209601424,99.00506119933608,99.0050611993361,99.1439285728182,100.05411739732546,98.63874247289856,100.00511232256171,37.00000000000002,100.0,1.0756704830154697,0.25135662106790124,0.007019774975174363,0.005270071972491098,0.0,104.84887831486711
644,98.95625983466267,99.00506119933608,99.0050611993361,99.2397025700737,100.05411739732546,98.63874247289856,100.00511232256171,37.00000000000002,100.0,1.0756704830154697,0.25135662106790124,0.007019774975174363,0.005270071972491098,0.0,104.84887831486711
645,99.07366687749187,99.00506119933608,99.0050611993361,99.2397025700737,100.05411739732546,98.63874247289856,100.00511232256171,37.00000000000002,100.0,1.0756704830154697,0.25135662106790124,0.007019774975174363,0.005270071972491098,0.0,104.84887831486711
646,99.1657729255758,99.00506119933608,99.0050611993361,99.08046586957693,100.05411739732546,98.63874247289856,100.00511232256171,37.00000000000002,100.0,1.0756704830154697,0.25135662106790124,0.007019774975174363,0.005270071972491098,0.0,104.84887831486711
647,99.14890019925684,99.36827348811013,99.36827348811012,100.07087744206645,100.0411389508102,99.0006108762041,100.37199342233346,37.00000000000002,100.0,1.0010454158028037,0.32622095896111114,0.007003504979772488,0.0033742913861007605,0.0,67.25887667381691
648,99.23791302822005,99.36827348811013,99.36827348811012,99.3879109745448,100.0411389508102,99.0006108762041,100.37199342233346,37.00000000000002,100.0,1.0010454158028037,0.32622095896111114,0.007003504979772488,0.0033742913861007605,0.0,67.25887667381691
649,99.42891402627305,98.87137040530688,98.87137040530686,99.21814891039223,100.03040449802256,97.05881324862735,102.38007586409353,40.00000000000002,100.0,0.9609617825385794,0.29359886306500005,0.007282562776843372,0.005827168175241355,0.0,115.86818013303302
650,99.30034028885662,98.87137040530688,98.87137040530686,99.21814891039223,100.03040449802256,97.05881324862735,102.38007586409353,40.00000000000002,100.0,0.9609617825385794,0.29359886306500005,0.007282562776843372,0.005827168175241355,0.0,115.86818013303302
651,99.24393550630892,98.87137040530688,98.87137040530686,99.21814891039223,100.03040449802256,97.05881324862735,102.38007586409353,40.00000000000002,100.0,0.9609617825385794,0.29359886306500005,0.007282562776843372,0.005827168175241355,0.0,115.86818013303302
652,99.2151070237745,98.87137040530688,98.87137040530686,99.363455697496,100.03040449802256,97.05881324862735,102.38007586409353,40.00000000000002,100.0,0.9609617825385794,0.29359886306500005,0.007282562776843372,0.005827168175241355,0.0,115.86818013303302
653,99.17044758432998,98.87137040530688,98.87137040530686,99.363455697496,100.03040449802256,97.05881324862735,102.38007586409353,40.00000000000002,100.0,0.9609617825385794,0.29359886306500005,0.007282562776843372,0.005827168175241355,0.0,115.86818013303302
654,99.14410306268753,99.45882729048668,99.45882729048668,100.16207152385373,100.12506880357512,99.06099198132473,100.4634619095825,40.00000000000002,100.0,0.9000848399354932,0.36423897675850003,0.007246188817027895,0.003338152657238623,0.0,66.5409293645991
655,99.11439195661355,99.45882729048668,99.45882729048668,99.412629846152,100.12506880357512,99.06099198132473,100.4634619095825,40.00000000000002,100.0,0.9000848399354932,0.36423897675850003,0.007246188817027895,0.003338152657238623,0.0,66.5409293645991
656,99.07376181677587,99.45882729048668,99.45882729048668,99.64391780040387,100.12506880357512,99.06099198132473,100.4634619095825,40.00000000000002,100.0,0.9000848399354932,0.36423897675850003,0.007246188817027895,0.003338152657238623,0.0,66.5409293645991
657,99.1631713161492,99.45882729048668,99.45882729048668,99.65201600462625,100.12506880357512,99.06099198132473,100.4634619095825,40.00000000000002,100.0,0.9000848399354932,0.36423897675850003,0.007246188817027895,0.003338152657238623,0.0,66.5409293645991
658,99.06244053229682,99.07813048490755,99.07813048490756,99.10282771481211,100.11409017241922,96.23094557510188,103.41798197207144,43.000000000000014,100.0,0.8480780527406537,0.32781507908265006,0.007435519588730055,0.005200803947528916,0.0,103.47791062451873
659,98.88350404275502,99.07813048490755,99.07813048490756,98.98495169052735,100.11409017241922,96.23094557510188,103.41798197207144,43.000000000000014,100.0,0.8480780527406537,0.32781507908265006,0.007435519588730055,0.005200803947528916,0.0,103.47791062451873
660,99.0303536626688,99.01890533258018,99.01890533258019,98.88979341990982,100.1034420503679,94.2282622104378,105.61597933766072,46.000000000000014,100.0,0.8202318085214015,0.29503357117438506,0.007642985032728622,0.005446584635234144,0.0,108.34160100528956
661,98.9892801056064,99.0138234943736,99.0138234943736,98.85492468034049,100.07582446085445,92.79884465404879,106.0148009131677,49.000000000000014,100.0,0.8346132638396894,0.26553021405694655,0.007824526228629194,0.005334285219689954,0.0,106.11963200925389
662,99.00324160795506,99.0138234943736,99.0138234943736,98.85492468034049,100.07582446085445,92.79884465404879,106.0148009131677,49.000000000000014,100.0,0.8346132638396894,0.26553021405694655,0.007824526228629194,0.005334285219689954,0.0,106.11963200925389
663,99.01132495621256,99.0138234943736,99.0138234943736,98.85492468034049,100.07582446085445,92.79884465404879,106.0148009131677,49.000000000000014,100.0,0.8346132638396894,0.26553021405694655,0.007824526228629194,0.005334285219689954,0.0,106.11963200925389
664,99.23959415968257,99.0138234943736,99.0138234943736,98.9418753772035,100.07582446085445,92.79884465404879,106.0148009131677,49.000000000000014,100.0,0.8346132638396894,0.26553021405694655,0.007824526228629194,0.005334285219689954,0.0,106.11963200925389
665,99.30179263941235,99.0138234943736,99.0138234943736,99.0038872614941,100.07582446085445,92.79884465404879,106.0148009131677,49.000000000000014,100.0,0.8346132638396894,0.26553021405694655,0.007824526228629194,0.005334285219689954,0.0,106.11963200925389
666,98.99034117256348,98.94597849641825,98.94597849641826,98.75741544813026,100.04404077610556,92.55347460967866,105.94215879414482,52.000000000000014,100.0,0.7838442027325143,0.2389771926512519,0.008017242695904656,0.005518177663893097,0.0,109.7578897422502
667,98.73824344399716,98.94597849641825,98.94597849641826,99.2800603936054,100.04404077610556,92.55347460967866,105.94215879414482,52.000000000000014,100.0,0.7838442027325143,0.2389771926512519,0.008017242695904656,0.005518177663893097,0.0,109.7578897422502
668,98.79750263871992,98.94597849641825,98.94597849641826,99.09478699971909,100.04404077610556,92.55347460967866,105.94215879414482,52.000000000000014,100.0,0.7838442027325143,0.2389771926512519,0.008017242695904656,0.005518177663893097,0.0,109.7578897422502
669,98.85684510325575,98.94597849641825,98.94597849641826,99.36752349148959,100.04404077610556,92.55347460967866,105.94215879414482,52.000000000000014,100.0,0.7838442027325143,0.2389771926512519,0.008017242695904656,0.005518177663893097,0.0,109.7578897422502
670,98.87883798286552,98.94597849641825,98.94597849641826,99.02366292316466,100.04404077610556,92.55347460967866,105.94215879414482,52.000000000000014,100.0,0.7838442027325143,0.2389771926512519,0.008017242695904656,0.005518177663893097,0.0,109.7578897422502
671,99.00693443390722,98.94597849641825,98.94597849641826,99.02366292316466,100.04404077610556,92.55347460967866,105.94215879414482,52.000000000000014,100.0,0.7838442027325143,0.2389771926512519,0.008017242695904656,0.005518177663893097,0.0,109.7578897422502
672,98.93009867523321,98.94597849641825,98.94597849641826,99.02366292316466,100.04404077610556,92.55347460967866,105.94215879414482,52.000000000000014,100.0,0.7838442027325143,0.2389771926512519,0.008017242695904656,0.005518177663893097,0.0,109.7578897422502
673,98.97191549848006,98.94597849641825,98.94597849641826,99.02366292316466,100.04404077610556,92.55347460967866,105.94215879414482,52.000000000000014,100.0,0.7838442027325143,0.2389771926512519,0.008017242695904656,0.005518177663893097,0.0,109.7578897422502
674,98.84758741025998,98.94597849641825,98.94597849641826,99.02366292316466,100.04404077610556,92.55347460967866,105.94215879414482,52.000000000000014,100.0,0.7838442027325143,0.2389771926512519,0.008017242695904656,0.005518177663893097,0.0,109.7578897422502
675,98.84688556274656,98.94597849641825,98.94597849641826,99.17628901474832,100.04404077610556,92.55347460967866,105.94215879414482,52.000000000000014,100.0,0.7838442027325143,0.2389771926512519,0.008017242695904656,0.005518177663893097,0.0,109.7578897422502
676,98.90946179145254,98.94597849641825,98.94597849641826,99.27789056496289,100.04404077610556,92.55347460967866,105.94215879414482,52.000000000000014,100.0,0.7838442027325143,0.2389771926512519,0.008017242695904656,0.005518177663893097,0.0,109.7578897422502
677,98.92883127575688,98.94597849641825,98.94597849641826,99.22651080818143,100.04404077610556,92.55347460967866,105.94215879414482,52.000000000000014,100.0,0.7838442027325143,0.2389771926512519,0.008017242695904656,0.005518177663893097,0.0,109.7578897422502
678,98.90398142775061,98.94597849641825,98.94597849641826,99.20158618630954,100.04404077610556,92.55347460967866,105.94215879414482,52.000000000000014,100.0,0.7838442027325143,0.2389771926512519,0.008017242695904656,0.005518177663893097,0.0,109.7578897422502
679,98.85220154445803,98.94597849641825,98.94597849641826,98.95487347997373,100.04404077610556,92.55347460967866,105.94215879414482,52.000000000000014,100.0,0.7838442027325143,0.2389771926512519,0.008017242695904656,0.005518177663893097,0.0,109.7578897422502
680,98.87487274600848,98.94597849641825,98.94597849641826,98.95487347997373,100.04404077610556,92.55347460967866,105.94215879414482,52.000000000000014,100.0,0.7838442027325143,0.2389771926512519,0.008017242695904656,0.005518177663893097,0.0,109.7578897422502
681,98.8357683565303,98.76455028756017,98.76455028756017,98.54661446947327,100.00726147688373,92.35591614850097,105.74790232809474,55.000000000000014,100.0,0.7264699998472465,0.2150794733861267,0.008286451764713227,0.006251948796423132,0.0,124.26209566900326
682,98.8755812699682,98.76455028756017,98.76455028756017,99.19347879607513,100.00726147688373,92.35591614850097,105.74790232809474,55.000000000000014,100.0,0.7264699998472465,0.2150794733861267,0.008286451764713227,0.006251948796423132,0.0,124.26209566900326
683,98.84922565123037,98.76455028756017,98.76455028756017,99.14666564817489,100.00726147688373,92.35591614850097,105.74790232809474,55.000000000000014,100.0,0.7264699998472465,0.2150794733861267,0.008286451764713227,0.006251948796423132,0.0,124.26209566900326
684,98.77941172547891,98.76455028756017,98.76455028756017,99.07664165043018,100.00726147688373,92.35591614850097,105.74790232809474,55.000000000000014,100.0,0.7264699998472465,0.2150794733861267,0.008286451764713227,0.006251948796423132,0.0,124.26209566900326
685,98.57331783430108,98.57515923174246,98.57515923174246,98.32797979535394,99.96538968429341,92.15101610460981,105.54511998550204,58.000000000000014,100.0,0.6883523998594668,0.19357152604751404,0.008629548328339811,0.007002249465618681,0.0,139.07117822893667
686,98.53473339797955,98.57515923174246,98.57515923174246,98.32797979535394,99.96538968429341,92.15101610460981,105.54511998550204,58.000000000000014,100.0,0.6883523998594668,0.19357152604751404,0.008629548328339811,0.007002249465618681,0.0,139.07117822893667
687,98.62005902629865,98.57515923174246,98.57515923174246,98.54577784250556,99.96538968429341,92.15101610460981,105.54511998550204,58.000000000000014,100.0,0.6883523998594668,0.19357152604751404,0.008629548328339811,0.007002249465618681,0.0,139.07117822893667
688,98.52188551452264,98.57515923174246,98.57515923174246,98.3957796784065,99.96538968429341,92.15101610460981,105.54511998550204,58.000000000000014,100.0,0.6883523998594668,0.19357152604751404,0.008629548328339811,0.007002249465618681,0.0,139.07117822893667
689,98.57041220110492,98.57515923174246,98.57515923174246,98.91670916963184,99.96538968429341,92.15101610460981,105.54511998550204,58.000000000000014,100.0,0.6883523998594668,0.19357152604751404,0.008629548328339811,0.007002249465618681,0.0,139.07117822893667
690,98.57705836348678,98.57515923174246,98.57515923174246,98.78989791973562,99.96538968429341,92.15101610460981,105.54511998550204,58.000000000000014,100.0,0.6883523998594668,0.19357152604751404,0.008629548328339811,0.007002249465618681,0.0,139.07117822893667
691,98.55088635742399,98.57515923174246,98.57515923174246,98.59073207792105,99.96538968429341,92.15101610460981,105.54511998550204,58.000000000000014,100.0,0.6883523998594668,0.19357152604751404,0.008629548328339811,0.007002249465618681,0.0,139.07117822893667
692,98.43915328766836,98.57515923174246,98.57515923174246,99.04745702791222,99.96538968429341,92.15101610460981,105.54511998550204,58.000000000000014,100.0,0.6883523998594668,0.19357152604751404,0.008629548328339811,0.007002249465618681,0.0,139.07117822893667
693,98.41872159875153,98.09827955288868,98.0982795528887,97.82277786507713,99.90980224601978,91.67755095959302,105.03452154147679,61.000000000000014,100.0,0.6432842078707095,0.17421437344276264,0.009209653790124383,0.009148731085485797,0.0,181.31581210323654
694,98.4044535067651,98.09827955288868,98.0982795528887,98.10924014624482,99.90980224601978,91.67755095959302,105.03452154147679,61.000000000000014,100.0,0.6432842078707095,0.17421437344276264,0.009209653790124383,0.009148731085485797,0.0,181.31581210323654
695,98.44003111022123,98.09827955288868,98.0982795528887,98.14471101689057,99.90980224601978,91.67755095959302,105.03452154147679,61.000000000000014,100.0,0.6432842078707095,0.17421437344276264,0.009209653790124383,0.009148731085485797,0.0,181.31581210323654
696,98.57175468520344,98.09827955288868,98.0982795528887,98.33217824872253,99.90980224601978,91.67755095959302,105.03452154147679,61.000000000000014,100.0,0.6432842078707095,0.17421437344276264,0.009209653790124383,0.009148731085485797,0.0,181.31581210323654
697,98.63959442009279,98.09827955288868,98.0982795528887,98.35049934906581,99.90980224601978,91.67755095959302,105.03452154147679,61.000000000000014,100.0,0.6432842078707095,0.17421437344276264,0.009209653790124383,0.009148731085485797,0.0,181.31581210323654
698,98.65999238853195,98.09827955288868,98.0982795528887,98.42034953174728,99.90980224601978,91.67755095959302,105.03452154147679,61.000000000000014,100.0,0.6432842078707095,0.17421437344276264,0.009209653790124383,0.009148731085485797,0.0,181.31581210323654
699,98.67157977946943,98.09827955288868,98.0982795528887,97.98171181040883,99.90980224601978,91.67755095959302,105.03452154147679,61.000000000000014,100.0,0.6432842078707095,0.17421437344276264,0.009209653790124383,0.009148731085485797,0.0,181.31581210323654
700,98.69858761016651,98.09827955288868,98.0982795528887,98.6670102370961,99.90980224601978,91.67755095959302,105.03452154147679,61.000000000000014,100.0,0.6432842078707095,0.17421437344276264,0.009209653790124383,0.009148731085485797,0.0,181.31581210323654
701,98.78013127576918,98.09827955288868,98.0982795528887,98.6670102370961,99.90980224601978,91.67755095959302,105.03452154147679,61.000000000000014,100.0,0.6432842078707095,0.17421437344276264,0.009209653790124383,0.009148731085485797,0.0,181.31581210323654
702,98.72244814320443,97.69707587488435,97.69707587488436,97.36390630820972,99.82911901437195,91.36067623435581,104.60494992664387,64.00000000000001,100.0,0.6909985253457989,0.11916263143484965,0.009959529128308406,0.010793723539720551,0.0,213.56926321073223
703,98.72186300208756,97.73464437206667,97.73464437206668,98.42569741308131,99.76567127812017,91.28259408920033,104.64517478221282,67.00000000000001,100.0,0.715718643318135,0.10724636829136469,0.010596040576970774,0.010283664101331554,0.0,203.57973639966053
704,98.68731831791992,97.73464437206667,97.73464437206668,98.42569741308131,99.76567127812017,91.28259408920033,104.64517478221282,67.00000000000001,100.0,0.715718643318135,0.10724636829136469,0.010596040576970774,0.010283664101331554,0.0,203.57973639966053
705,98.64014615202463,97.73464437206667,97.73464437206668,98.37552049012,99.76567127812017,91.28259408920033,104.64517478221282,67.00000000000001,100.0,0.715718643318135,0.10724636829136469,0.010596040576970774,0.010283664101331554,0.0,203.57973639966053
706,98.73657020568142,97.74920450362458,97.7492045036246,98.44036049506435,99.62609706307845,97.0942848334503,98.73657020568142,67.00000000000001,100.0,0.6851278185193508,0.19652173146222823,0.011101423435146278,0.009509257463095305,0.0,188.39366539326497
707,98.69821532366896,97.74920450362458,97.7492045036246,98.44036049506435,99.62609706307845,97.0942848334503,98.73657020568142,67.00000000000001,100.0,0.6851278185193508,0.19652173146222823,0.011101423435146278,0.009509257463095305,0.0,188.39366539326497
708,98.9306834425965,97.94137660817053,97.94137660817053,98.61702572816613,99.57423965940897,94.09293346326761,101.8860430658261,70.00000000000001,100.0,0.6703175930378028,0.17686955831600543,0.0114274015116707,0.008267007349061196,0.0,163.98448603008208
709,98.95172489371564,97.96220764477846,97.96220764477847,97.96263703087746,99.43493326111798,97.27647219126503,98.95172489371564,73.00000000000001,97.0,0.6966921855947785,0.2591826024844049,0.011637060930824667,0.007460724150212422,0.0,148.10947903712068
710,98.88397241847666,98.04838219343759,98.04838219343759,98.71174093391629,99.295821755328,97.3326290034255,99.00876723562314,76.00000000000001,100.0,0.7209568107471962,0.3332643422359644,0.011697383704133497,0.006321136050260031,0.0,125.62860549804378
711,98.86992557089052,98.04838219343759,98.04838219343759,98.71174093391629,99.295821755328,97.3326290034255,99.00876723562314,76.00000000000001,100.0,0.7209568107471962,0.3332643422359644,0.011697383704133497,0.006321136050260031,0.0,125.62860549804378
712,98.71580834997654,98.04838219343759,98.04838219343759,98.42232308199529,99.295821755328,97.3326290034255,99.00876723562314,76.00000000000001,100.0,0.7209568107471962,0.3332643422359644,0.011697383704133497,0.006321136050260031,0.0,125.62860549804378
713,98.64916435065288,98.10143403081663,98.10143403081663,98.79508053406484,99.15690486938047,97.35586313218242,99.09235760688549,79.00000000000001,100.0,0.6899469325540871,0.39993790801236795,0.011637631201763511,0.005350703267849395,0.0,106.4445123568758
714,98.71754931269966,98.10143403081663,98.10143403081663,98.79508053406484,99.15690486938047,97.35586313218242,99.09235760688549,79.00000000000001,100.0,0.6899469325540871,0.39993790801236795,0.011637631201763511,0.005350703267849395,0.0,106.4445123568758
715,98.65341414789376,98.10143403081663,98.10143403081663,98.79508053406484,99.15690486938047,97.35586313218242,99.09235760688549,79.00000000000001,100.0,0.6899469325540871,0.39993790801236795,0.011637631201763511,0.005350703267849395,0.0,106.4445123568758
716,98.79660035876161,98.10143403081663,98.10143403081663,98.79508053406484,99.15690486938047,97.35586313218242,99.09235760688549,79.00000000000001,100.0,0.6899469325540871,0.39993790801236795,0.011637631201763511,0.005350703267849395,0.0,106.4445123568758
717,98.56684968451809,98.12644484637693,98.12644484637693,98.82026819377552,99.01818233099821,97.35124593209055,99.11762105694639,82.0,100.0,0.6547511779497602,0.45994411721113115,0.011482168887878586,0.004523265469562997,0.0,90.05795336056389
718,98.62380314950327,98.12644484637693,98.12644484637693,98.82026819377552,99.01818233099821,97.35124593209055,99.11762105694639,82.0,100.0,0.6547511779497602,0.45994411721113115,0.011482168887878586,0.004523265469562997,0.0,90.05795336056389
719,98.68572000793115,98.12644484637693,98.12644484637693,98.67125373988982,99.01818233099821,97.35124593209055,99.11762105694639,82.0,100.0,0.6547511779497602,0.45994411721113115,0.011482168887878586,0.004523265469562997,0.0,90.05795336056389
720,98.72167891293114,98.12644484637693,98.12644484637693,98.55366499445446,99.01818233099821,97.35124593209055,99.11762105694639,82.0,100.0,0.6547511779497602,0.45994411721113115,0.011482168887878586,0.004523265469562997,0.0,90.05795336056389
721,98.75421954579605,98.12644484637693,98.12644484637693,98.55366499445446,99.01818233099821,97.35124593209055,99.11762105694639,82.0,100.0,0.6547511779497602,0.45994411721113115,0.011482168887878586,0.004523265469562997,0.0,90.05795336056389
722,98.62878192947292,98.12644484637693,98.12644484637693,98.55366499445446,99.01818233099821,97.35124593209055,99.11762105694639,82.0,100.0,0.6547511779497602,0.45994411721113115,0.011482168887878586,0.004523265469562997,0.0,90.05795336056389
723,98.59677950053823,98.12644484637693,98.12644484637693,98.55366499445446,99.01818233099821,97.35124593209055,99.11762105694639,82.0,100.0,0.6547511779497602,0.45994411721113115,0.011482168887878586,0.004523265469562997,0.0,90.05795336056389
724,98.61475610462769,98.12644484637693,98.12644484637693,98.55366499445446,99.01818233099821,97.35124593209055,99.11762105694639,82.0,100.0,0.6547511779497602,0.45994411721113115,0.011482168887878586,0.004523265469562997,0.0,90.05795336056389
725,98.4708745865231,98.12644484637693,98.12644484637693,98.17750338590423,99.01818233099821,97.35124593209055,99.11762105694639,82.0,100.0,0.6547511779497602,0.45994411721113115,0.011482168887878586,0.004523265469562997,0.0,90.05795336056389
726,98.58670588932635,98.12644484637693,98.12644484637693,98.29094577165837,99.01818233099821,97.35124593209055,99.11762105694639,82.0,100.0,0.6547511779497602,0.45994411721113115,0.011482168887878586,0.004523265469562997,0.0,90.05795336056389
727,98.60116516058842,98.12644484637693,98.12644484637693,98.30536166510667,99.01818233099821,97.35124593209055,99.11762105694639,82.0,100.0,0.6547511779497602,0.45994411721113115,0.011482168887878586,0.004523265469562997,0.0,90.05795336056389
728,98.66172941456333,98.12644484637693,98.12644484637693,98.36574422631963,99.01818233099821,97.35124593209055,99.11762105694639,82.0,100.0,0.6547511779497602,0.45994411721113115,0.011482168887878586,0.004523265469562997,0.0,90.05795336056389
729,98.76460591303716,98.12644484637693,98.12644484637693,98.80985065458603,99.01818233099821,97.35124593209055,99.11762105694639,82.0,100.0,0.6547511779497602,0.45994411721113115,0.011482168887878586,0.004523265469562997,0.0,90.05795336056389
730,98.63731855768823,98.12644484637693,98.12644484637693,98.80985065458603,99.01818233099821,97.35124593209055,99.11762105694639,82.0,100.0,0.6547511779497602,0.45994411721113115,0.011482168887878586,0.004523265469562997,0.0,90.05795336056389
731,98.62843791496773,98.12644484637693,98.12644484637693,98.80985065458603,99.01818233099821,97.35124593209055,99.11762105694639,82.0,100.0,0.6547511779497602,0.45994411721113115,0.011482168887878586,0.004523265469562997,0.0,90.05795336056389
732,98.73068971687954,98.12644484637693,98.12644484637693,98.80985065458603,99.01818233099821,97.35124593209055,99.11762105694639,82.0,100.0,0.6547511779497602,0.45994411721113115,0.011482168887878586,0.004523265469562997,0.0,90.05795336056389
733,98.70556195352096,98.12644484637693,98.12644484637693,98.61485902380007,99.01818233099821,97.35124593209055,99.11762105694639,82.0,100.0,0.6547511779497602,0.45994411721113115,0.011482168887878586,0.004523265469562997,0.0,90.05795336056389
734,98.74350078269873,98.12644484637693,98.12644484637693,98.58324928014288,99.01818233099821,97.35124593209055,99.11762105694639,82.0,100.0,0.6547511779497602,0.45994411721113115,0.011482168887878586,0.004523265469562997,0.0,90.05795336056389
735,98.76959310177658,98.12644484637693,98.12644484637693,98.70170191014061,99.01818233099821,97.35124593209055,99.11762105694639,82.0,100.0,0.6547511779497602,0.45994411721113115,0.011482168887878586,0.004523265469562997,0.0,90.05795336056389
736,98.60942860407316,98.12644484637693,98.12644484637693,98.70170191014061,99.01818233099821,97.35124593209055,99.11762105694639,82.0,100.0,0.6547511779497602,0.45994411721113115,0.011482168887878586,0.004523265469562997,0.0,90.05795336056389
737,98.70786836475257,98.12644484637693,98.12644484637693,98.70170191014061,99.01818233099821,97.35124593209055,99.11762105694639,82.0,100.0,0.6547511779497602,0.45994411721113115,0.011482168887878586,0.004523265469562997,0.0,90.05795336056389
738,98.63641907387112,98.12644484637693,98.12644484637693,98.70170191014061,99.01818233099821,97.35124593209055,99.11762105694639,82.0,100.0,0.6547511779497602,0.45994411721113115,0.011482168887878586,0.004523265469562997,0.0,90.05795336056389
739,98.74494600524902,98.12644484637693,98.12644484637693,98.48547984927136,99.01818233099821,97.35124593209055,99.11762105694639,82.0,100.0,0.6547511779497602,0.45994411721113115,0.011482168887878586,0.004523265469562997,0.0,90.05795336056389
740,98.64738861410767,98.12644484637693,98.12644484637693,98.26210895877401,99.01818233099821,97.35124593209055,99.11762105694639,82.0,100.0,0.6547511779497602,0.45994411721113115,0.011482168887878586,0.004523265469562997,0.0,90.05795336056389
741,98.7558087836544,98.12644484637693,98.12644484637693,98.45954135730341,99.01818233099821,97.35124593209055,99.11762105694639,82.0,100.0,0.6547511779497602,0.45994411721113115,0.011482168887878586,0.004523265469562997,0.0,90.05795336056389
742,98.55217275054694,98.12644484637693,98.12644484637693,98.43087791076829,99.01818233099821,97.35124593209055,99.11762105694639,82.0,100.0,0.6547511779497602,0.45994411721113115,0.011482168887878586,0.004523265469562997,0.0,90.05795336056389
743,98.69961699741117,98.12644484637693,98.12644484637693,98.43087791076829,99.01818233099821,97.35124593209055,99.11762105694639,82.0,100.0,0.6547511779497602,0.45994411721113115,0.011482168887878586,0.004523265469562997,0.0,90.05795336056389
744,98.58458710106008,98.12644484637693,98.12644484637693,97.80400381890469,99.01818233099821,97.35124593209055,99.11762105694639,82.0,100.0,0.6547511779497602,0.45994411721113115,0.011482168887878586,0.004523265469562997,0.0,90.05795336056389
745,98.63847954322813,98.12644484637693,98.12644484637693,98.34256410459845,99.01818233099821,97.35124593209055,99.11762105694639,82.0,100.0,0.6547511779497602,0.45994411721113115,0.011482168887878586,0.004523265469562997,0.0,90.05795336056389
746,98.5213759444757,98.12644484637693,98.12644484637693,98.30905738841658,99.01818233099821,97.35124593209055,99.11762105694639,82.0,100.0,0.6547511779497602,0.45994411721113115,0.011482168887878586,0.004523265469562997,0.0,90.05795336056389
747,98.53948422910203,98.12644484637693,98.12644484637693,98.30905738841658,99.01818233099821,97.35124593209055,99.11762105694639,82.0,100.0,0.6547511779497602,0.45994411721113115,0.011482168887878586,0.004523265469562997,0.0,90.05795336056389
748,98.39199155502692,98.12644484637693,98.12644484637693,98.30905738841658,99.01818233099821,97.35124593209055,99.11762105694639,82.0,100.0,0.6547511779497602,0.45994411721113115,0.011482168887878586,0.004523265469562997,0.0,90.05795336056389
749,98.39534246764225,98.12644484637693,98.12644484637693,98.30905738841658,99.01818233099821,97.35124593209055,99.11762105694639,82.0,100.0,0.6547511779497602,0.45994411721113115,0.011482168887878586,0.004523265469562997,0.0,90.05795336056389
750,98.39700550090147,98.12644484637693,98.12644484637693,98.37557913660758,99.01818233099821,97.35124593209055,99.11762105694639,82.0,100.0,0.6547511779497602,0.45994411721113115,0.011482168887878586,0.004523265469562997,0.0,90.05795336056389
751,98.4568370070445,98.12644484637693,98.12644484637693,98.57281695754952,99.01818233099821,97.35124593209055,99.11762105694639,82.0,100.0,0.6547511779497602,0.45994411721113115,0.011482168887878586,0.004523265469562997,0.0,90.05795336056389
752,98.52348309673788,98.12644484637693,98.12644484637693,98.64032102047935,99.01818233099821,97.35124593209055,99.11762105694639,82.0,100.0,0.6547511779497602,0.45994411721113115,0.011482168887878586,0.004523265469562997,0.0,90.05795336056389
753,98.37572018134173,98.12644484637693,98.12644484637693,98.64032102047935,99.01818233099821,97.35124593209055,99.11762105694639,82.0,100.0,0.6547511779497602,0.45994411721113115,0.011482168887878586,0.004523265469562997,0.0,90.05795336056389
754,98.39618726176684,98.12644484637693,98.12644484637693,98.0484800657982,99.01818233099821,97.35124593209055,99.11762105694639,82.0,100.0,0.6547511779497602,0.45994411721113115,0.011482168887878586,0.004523265469562997,0.0,90.05795336056389
755,98.49169057741143,98.12644484637693,98.12644484637693,98.26777057153257,99.01818233099821,97.35124593209055,99.11762105694639,82.0,100.0,0.6547511779497602,0.45994411721113115,0.011482168887878586,0.004523265469562997,0.0,90.05795336056389
756,98.27697296742669,98.12644484637693,98.12644484637693,98.26777057153257,99.01818233099821,97.35124593209055,99.11762105694639,82.0,100.0,0.6547511779497602,0.45994411721113115,0.011482168887878586,0.004523265469562997,0.0,90.05795336056389
757,98.36197823953569,98.12644484637693,98.12644484637693,98.26777057153257,99.01818233099821,97.35124593209055,99.11762105694639,82.0,100.0,0.6547511779497602,0.45994411721113115,0.011482168887878586,0.004523265469562997,0.0,90.05795336056389
758,98.30277111370803,98.12644484637693,98.12644484637693,98.45069188417986,99.01818233099821,97.35124593209055,99.11762105694639,82.0,100.0,0.6547511779497602,0.45994411721113115,0.011482168887878586,0.004523265469562997,0.0,90.05795336056389
759,98.26370637660602,98.04797458471582,98.04797458471582,97.5365909660192,98.98627911968404,91.40934232153387,104.98065965636239,85.0,100.0,0.6042758456185413,0.413949705490018,0.011364699773411015,0.004762139157671107,0.0,94.7913734421435
760,98.27733979748619,98.04797458471582,98.04797458471582,97.92774368673462,98.98627911968404,91.40934232153387,104.98065965636239,85.0,100.0,0.6042758456185413,0.413949705490018,0.011364699773411015,0.004762139157671107,0.0,94.7913734421435
761,98.25748239011949,98.04797458471582,98.04797458471582,97.84115098515866,98.98627911968404,91.40934232153387,104.98065965636239,85.0,100.0,0.6042758456185413,0.413949705490018,0.011364699773411015,0.004762139157671107,0.0,94.7913734421435
762,98.14382224534762,97.80989385184444,97.80989385184442,97.24088945431117,98.94028499491671,91.23053693338403,104.72574493227786,91.0,100.0,0.7257616801491986,0.28314159855517235,0.010996427403831386,0.005745311896019587,0.0,114.24983697291391
763,98.20990661233745,97.96298771865348,97.96298771865347,98.6556553085833,98.80186551217027,97.07152453041373,98.95251284712471,94.0,100.0,0.7477007457372628,0.35482743869965516,0.010848247076705304,0.004263351811782725,0.0,84.90505611085553
764,98.05387425532174,97.54885119030867,97.54885119030865,96.9226599690268,98.77794131543918,94.98809603772196,101.12289517174017,97.0,100.0,0.7678846860782818,0.31934469482968963,0.010948613656859953,0.006260429916077507,0.0,124.42961543463693
765,98.15471637909955,97.54885119030867,97.54885119030865,98.13074553061975,98.77794131543918,94.98809603772196,101.12289517174017,97.0,100.0,0.7678846860782818,0.31934469482968963,0.010948613656859953,0.006260429916077507,0.0,124.42961543463693
766,98.10956979247821,97.54885119030867,97.54885119030865,98.22560231155065,98.77794131543918,94.98809603772196,101.12289517174017,97.0,100.0,0.7678846860782818,0.31934469482968963,0.010948613656859953,0.006260429916077507,0.0,124.42961543463693
767,98.22046473527311,97.66032396321233,97.66032396321232,97.92543556906793,98.63974895482141,96.71301882076915,98.64679188203264,100.0,100.0,0.7331205778586859,0.38741022534672065,0.01089043311170403,0.004989427548598249,0.0,99.29313506846893
768,98.11929645485407,97.66032396321233,97.66032396321232,97.92543556906793,98.63974895482141,96.71301882076915,98.64679188203264,100.0,100.0,0.7331205778586859,0.38741022534672065,0.01089043311170403,0.004989427548598249,0.0,99.29313506846893
769,98.0483471778357,97.66032396321233,97.66032396321232,97.92543556906793,98.63974895482141,96.71301882076915,98.64679188203264,100.0,100.0,0.7331205778586859,0.38741022534672065,0.01089043311170403,0.004989427548598249,0.0,99.29313506846893
770,98.15643337190043,97.66032396321233,97.66032396321232,97.92543556906793,98.63974895482141,96.71301882076915,98.64679188203264,100.0,100.0,0.7331205778586859,0.38741022534672065,0.01089043311170403,0.004989427548598249,0.0,99.29313506846893
771,97.98530402618321,97.66032396321233,97.66032396321232,97.92089689283324,98.63974895482141,96.71301882076915,98.64679188203264,100.0,100.0,0.7331205778586859,0.38741022534672065,0.01089043311170403,0.004989427548598249,0.0,99.29313506846893
772,98.14960401870944,97.66032396321233,97.66032396321232,97.9949876257971,98.63974895482141,96.71301882076915,98.64679188203264,100.0,100.0,0.7331205778586859,0.38741022534672065,0.01089043311170403,0.004989427548598249,0.0,99.29313506846893
773,98.1524412959749,97.95202073218255,97.95202073218256,98.64461077776363,98.49156513634262,96.88603325584909,98.85321217819518,100.0,100.0,1.0341667814703532,0.25915133154423925,0.009719552020206912,0.0027465615727518084,0.0,54.78077268983972
774,98.24199402683384,97.95202073218255,97.95202073218256,98.2115933885618,98.49156513634262,96.88603325584909,98.85321217819518,100.0,100.0,1.0341667814703532,0.25915133154423925,0.009719552020206912,0.0027465615727518084,0.0,54.78077268983972
775,98.26924873772579,97.95202073218255,97.95202073218256,97.9076787111046,98.49156513634262,96.88603325584909,98.85321217819518,100.0,100.0,1.0341667814703532,0.25915133154423925,0.009719552020206912,0.0027465615727518084,0.0,54.78077268983972
776,98.27712700532527,97.95202073218255,97.95202073218256,97.83737090017624,98.49156513634262,96.88603325584909,98.85321217819518,100.0,100.0,1.0341667814703532,0.25915133154423925,0.009719552020206912,0.0027465615727518084,0.0,54.78077268983972
777,98.24346719545292,97.95202073218255,97.95202073218256,97.94873679386656,98.49156513634262,96.88603325584909,98.85321217819518,100.0,100.0,1.0341667814703532,0.25915133154423925,0.009719552020206912,0.0027465615727518084,0.0,54.78077268983972
778,98.3851324186459,97.95202073218255,97.95202073218256,98.143400720524,98.49156513634262,96.88603325584909,98.85321217819518,100.0,100.0,1.0341667814703532,0.25915133154423925,0.009719552020206912,0.0027465615727518084,0.0,54.78077268983972
779,98.46252877764175,97.95202073218255,97.95202073218256,98.16714119130883,98.49156513634262,96.88603325584909,98.85321217819518,100.0,100.0,1.0341667814703532,0.25915133154423925,0.009719552020206912,0.0027465615727518084,0.0,54.78077268983972
780,98.4142940841858,97.95202073218255,97.95202073218256,98.16714119130883,98.49156513634262,96.88603325584909,98.85321217819518,100.0,100.0,1.0341667814703532,0.25915133154423925,0.009719552020206912,0.0027465615727518084,0.0,54.78077268983972
781,98.2210610822246,97.95202073218255,97.95202073218256,98.16714119130883,98.49156513634262,96.88603325584909,98.85321217819518,100.0,100.0,1.0341667814703532,0.25915133154423925,0.009719552020206912,0.0027465615727518084,0.0,54.78077268983972
782,98.3211161602754,97.95202073218255,97.95202073218256,98.16714119130883,98.49156513634262,96.88603325584909,98.85321217819518,100.0,100.0,1.0341667814703532,0.25915133154423925,0.009719552020206912,0.0027465615727518084,0.0,54.78077268983972
783,98.45091325977366,97.95202073218255,97.95202073218256,98.16714119130883,98.49156513634262,96.88603325584909,98.85321217819518,100.0,100.0,1.0341667814703532,0.25915133154423925,0.009719552020206912,0.0027465615727518084,0.0,54.78077268983972
784,98.43852545279373,97.95202073218255,97.95202073218256,98.30193143300815,98.49156513634262,96.88603325584909,98.85321217819518,100.0,100.0,1.0341667814703532,0.25915133154423925,0.009719552020206912,0.0027465615727518084,0.0,54.78077268983972
785,98.48214967338956,97.95202073218255,97.95202073218256,98.02154012191589,98.49156513634262,96.88603325584909,98.85321217819518,100.0,100.0,1.0341667814703532,0.25915133154423925,0.009719552020206912,0.0027465615727518084,0.0,54.78077268983972
786,98.65228000873844,98.57534746594288,98.57534746594287,99.24227145667477,98.4807638627846,91.73421835180642,105.3151943446995,100.0,94.0,0.9618411593062024,0.17725951077625965,0.008686839779293697,-0.00047998309984145283,9.595056531852553,0.0
787,98.70723340556037,98.58885288734697,98.58885288734696,99.22580893265184,98.61873348839539,97.60296435847349,99.52438207888851,100.0,91.0,0.9648938665617062,0.2595335596986337,0.008183811614727162,0.0001515185170995391,0.0,3.0299112543308304
788,98.65566746534907,98.58885288734697,98.58885288734696,98.95252504047048,98.61873348839539,97.60296435847349,99.52438207888851,100.0,91.0,0.9648938665617062,0.2595335596986337,0.008183811614727162,0.0001515185170995391,0.0,3.0299112543308304
789,98.5112330702899,98.58885288734697,98.58885288734696,98.17069427342504,98.61873348839539,97.60296435847349,99.52438207888851,100.0,91.0,0.9648938665617062,0.2595335596986337,0.008183811614727162,0.0001515185170995391,0.0,3.0299112543308304
790,98.4427911047974,98.58885288734697,98.58885288734696,98.0095651860183,98.61873348839539,97.60296435847349,99.52438207888851,100.0,91.0,0.9648938665617062,0.2595335596986337,0.008183811614727162,0.0001515185170995391,0.0,3.0299112543308304
791,98.56739923279481,98.58885288734697,98.58885288734696,98.27169703509641,98.61873348839539,97.60296435847349,99.52438207888851,100.0,91.0,0.9648938665617062,0.2595335596986337,0.008183811614727162,0.0001515185170995391,0.0,3.0299112543308304
792,98.63922857888765,98.58885288734697,98.58885288734696,98.343310893151,98.61873348839539,97.60296435847349,99.52438207888851,100.0,91.0,0.9648938665617062,0.2595335596986337,0.008183811614727162,0.0001515185170995391,0.0,3.0299112543308304
793,98.7899219802551,98.58885288734697,98.58885288734696,98.49355221431433,98.61873348839539,97.60296435847349,99.52438207888851,100.0,91.0,0.9648938665617062,0.2595335596986337,0.008183811614727162,0.0001515185170995391,0.0,3.0299112543308304
794,98.68344902480791,98.58885288734697,98.58885288734696,98.49355221431433,98.61873348839539,97.60296435847349,99.52438207888851,100.0,91.0,0.9648938665617062,0.2595335596986337,0.008183811614727162,0.0001515185170995391,0.0,3.0299112543308304
795,98.79006619685138,98.58885288734697,98.58885288734696,98.56821528157633,98.61873348839539,97.60296435847349,99.52438207888851,100.0,91.0,0.9648938665617062,0.2595335596986337,0.008183811614727162,0.0001515185170995391,0.0,3.0299112543308304
796,98.8277576920897,98.58885288734697,98.58885288734696,98.56821528157633,98.61873348839539,97.60296435847349,99.52438207888851,100.0,91.0,0.9648938665617062,0.2595335596986337,0.008183811614727162,0.0001515185170995391,0.0,3.0299112543308304
797,98.70780867952834,98.58885288734697,98.58885288734696,98.35626727340725,98.61873348839539,97.60296435847349,99.52438207888851,100.0,91.0,0.9648938665617062,0.2595335596986337,0.008183811614727162,0.0001515185170995391,0.0,3.0299112543308304
798,98.59667075953354,98.71585187258505,98.71585187258505,99.32354860931203,98.61694068845556,92.44580680435372,105.07642317842131,100.0,88.0,0.894975084509497,0.2335802037287703,0.00775293178076449,-0.0005012404823637532,10.019787324244689,0.0
799,98.65380391815486,98.71585187258505,98.71585187258505,98.95065588581231,98.61694068845556,92.44580680435372,105.07642317842131,100.0,88.0,0.894975084509497,0.2335802037287703,0.00775293178076449,-0.0005012404823637532,10.019787324244689,0.0
800,98.58498290420823,98.71585187258505,98.71585187258505,98.88162778757096,98.61694068845556,92.44580680435372,105.07642317842131,100.0,88.0,0.894975084509497,0.2335802037287703,0.00775293178076449,-0.0005012404823637532,10.019787324244689,0.0
801,98.61268642449214,98.20432335089001,98.20432335089,97.51482459115458,98.59741126083557,91.38894331033822,105.02076548823992,100.0,85.0,0.8500437444154039,0.2102221833558933,0.0075274418300210625,0.001997380311312307,0.0,39.86797471849268
802,98.55324782829479,98.20432335089001,98.20432335089,98.2575880848099,98.59741126083557,91.38894331033822,105.02076548823992,100.0,85.0,0.8500437444154039,0.2102221833558933,0.0075274418300210625,0.001997380311312307,0.0,39.86797471849268
803,98.5800093456944,98.20432335089001,98.20432335089,98.28426931765733,98.59741126083557,91.38894331033822,105.02076548823992,100.0,85.0,0.8500437444154039,0.2102221833558933,0.0075274418300210625,0.001997380311312307,0.0,39.86797471849268
804,98.74762541096561,98.20432335089001,98.20432335089,98.45138253473272,98.59741126083557,91.38894331033822,105.02076548823992,100.0,85.0,0.8500437444154039,0.2102221833558933,0.0075274418300210625,0.001997380311312307,0.0,39.86797471849268
805,98.61888908340416,98.20432335089001,98.20432335089,98.45138253473272,98.59741126083557,91.38894331033822,105.02076548823992,100.0,85.0,0.8500437444154039,0.2102221833558933,0.0075274418300210625,0.001997380311312307,0.0,39.86797471849268
806,98.71530184712503,98.20432335089001,98.20432335089,98.45138253473272,98.59741126083557,91.38894331033822,105.02076548823992,100.0,85.0,0.8500437444154039,0.2102221833558933,0.0075274418300210625,0.001997380311312307,0.0,39.86797471849268
807,98.71211080760071,98.20432335089001,98.20432335089,98.45138253473272,98.59741126083557,91.38894331033822,105.02076548823992,100.0,85.0,0.8500437444154039,0.2102221833558933,0.0075274418300210625,0.001997380311312307,0.0,39.86797471849268
808,98.74876919294728,98.20432335089001,98.20432335089,98.45252288536844,98.59741126083557,91.38894331033822,105.02076548823992,100.0,85.0,0.8500437444154039,0.2102221833558933,0.0075274418300210625,0.001997380311312307,0.0,39.86797471849268
809,98.56146503656437,98.20432335089001,98.20432335089,98.45252288536844,98.59741126083557,91.38894331033822,105.02076548823992,100.0,85.0,0.8500437444154039,0.2102221833558933,0.0075274418300210625,0.001997380311312307,0.0,39.86797471849268
810,98.72341872487948,98.20432335089001,98.20432335089,98.45252288536844,98.59741126083557,91.38894331033822,105.02076548823992,100.0,85.0,0.8500437444154039,0.2102221833558933,0.0075274418300210625,0.001997380311312307,0.0,39.86797471849268
811,98.818038358347,98.20432335089001,98.20432335089,98.52158424327197,98.59741126083557,91.38894331033822,105.02076548823992,100.0,85.0,0.8500437444154039,0.2102221833558933,0.0075274418300210625,0.001997380311312307,0.0,39.86797471849268
812,98.8570880806474,98.20432335089001,98.20432335089,98.56051681640547,98.59741126083557,91.38894331033822,105.02076548823992,100.0,85.0,0.8500437444154039,0.2102221833558933,0.0075274418300210625,0.001997380311312307,0.0,39.86797471849268
813,98.75278315322805,98.20432335089001,98.20432335089,98.56051681640547,98.59741126083557,91.38894331033822,105.02076548823992,100.0,85.0,0.8500437444154039,0.2102221833558933,0.0075274418300210625,0.001997380311312307,0.0,39.86797471849268
814,98.79750571262153,98.20432335089001,98.20432335089,97.89990664800165,98.59741126083557,91.38894331033822,105.02076548823992,100.0,85.0,0.8500437444154039,0.2102221833558933,0.0075274418300210625,0.001997380311312307,0.0,39.86797471849268
815,98.7383861969135,98.20432335089001,98.20432335089,98.44217103832275,98.59741126083557,91.38894331033822,105.02076548823992,100.0,85.0,0.8500437444154039,0.2102221833558933,0.0075274418300210625,0.001997380311312307,0.0,39.86797471849268
816,98.8057659991805,98.20432335089001,98.20432335089,98.50934870118296,98.59741126083557,91.38894331033822,105.02076548823992,100.0,85.0,0.8500437444154039,0.2102221833558933,0.0075274418300210625,0.001997380311312307,0.0,39.86797471849268
817,98.83227031233177,98.20432335089001,98.20432335089,98.53577350139477,98.59741126083557,91.38894331033822,105.02076548823992,100.0,85.0,0.8500437444154039,0.2102221833558933,0.0075274418300210625,0.001997380311312307,0.0,39.86797471849268
818,99.00732834803816,98.20432335089001,98.20432335089,98.71030636299405,98.59741126083557,91.38894331033822,105.02076548823992,100.0,85.0,0.8500437444154039,0.2102221833558933,0.0075274418300210625,0.001997380311312307,0.0,39.86797471849268
819,98.98633147356313,98.20432335089001,98.20432335089,98.71030636299405,98.59741126083557,91.38894331033822,105.02076548823992,100.0,85.0,0.8500437444154039,0.2102221833558933,0.0075274418300210625,0.001997380311312307,0.0,39.86797471849268
820,98.9542854372814,98.20432335089001,98.20432335089,98.54700583463605,98.59741126083557,91.38894331033822,105.02076548823992,100.0,85.0,0.8500437444154039,0.2102221833558933,0.0075274418300210625,0.001997380311312307,0.0,39.86797471849268
821,98.88795319117075,98.20432335089001,98.20432335089,97.97711128950914,98.59741126083557,91.38894331033822,105.02076548823992,100.0,85.0,0.8500437444154039,0.2102221833558933,0.0075274418300210625,0.001997380311312307,0.0,39.86797471849268
822,98.85102040929469,98.20432335089001,98.20432335089,98.41687756537122,98.59741126083557,91.38894331033822,105.02076548823992,100.0,85.0,0.8500437444154039,0.2102221833558933,0.0075274418300210625,0.001997380311312307,0.0,39.86797471849268
823,98.98166841004532,98.20432335089001,98.20432335089,98.68472340481516,98.59741126083557,91.38894331033822,105.02076548823992,100.0,85.0,0.8500437444154039,0.2102221833558933,0.0075274418300210625,0.001997380311312307,0.0,39.86797471849268
824,98.82069330482258,98.20432335089001,98.20432335089,98.72490264414137,98.59741126083557,91.38894331033822,105.02076548823992,100.0,85.0,0.8500437444154039,0.2102221833558933,0.0075274418300210625,0.001997380311312307,0.0,39.86797471849268
825,98.71378805196639,98.20432335089001,98.20432335089,98.6812655215353,98.59741126083557,91.38894331033822,105.02076548823992,100.0,85.0,0.8500437444154039,0.2102221833558933,0.0075274418300210625,0.001997380311312307,0.0,39.86797471849268
826,98.75411418879659,98.2434576985022,98.2434576985022,98.78842897166584,98.64466897230322,97.26102312151717,99.08568602975511,100.0,85.0,0.7852402448621716,0.289199965020304,0.007320327178545647,0.0020377626654544028,0.0,40.67237266655255
827,98.91819949590847,98.29561021931401,98.295610219314,98.84087079037427,98.69703447604334,97.31265411712086,99.13828564731618,100.0,82.0,0.8024210252731978,0.3602799685182736,0.007125639406158769,0.002037762665454469,0.0,40.672372666554764
828,98.94536497832598,98.18065101319081,98.18065101319081,97.49131845843422,98.68272681177119,95.93565962122167,100.56124843517027,97.0,85.87777920223526,0.8182273432513419,0.32425197166644626,0.007004146925611473,0.0025503768355879374,0.0,50.87777920223524
829,98.98355847841692,98.18065101319081,98.18065101319081,98.57608847125276,98.68272681177119,95.93565962122167,100.56124843517027,97.0,85.87777920223526,0.8182273432513419,0.32425197166644626,0.007004146925611473,0.0025503768355879374,0.0,50.87777920223524
830,99.01629804034015,98.19679168430504,98.19679168430503,98.75024649572474,98.61161727400166,97.24428280496727,99.04738866170985,97.0,83.87777920223526,0.7927691557912346,0.39182677449980163,0.0068368301100058424,0.002107763544719768,0.0,42.06660443911048
831,98.96473297289923,98.27870743104589,98.2787074310459,98.76504417363637,98.61925231920506,97.27039817594107,99.05400585889372,97.0,78.87777920223526,1.04929114619579,0.3440095137578643,0.006373906088331726,0.0017295501110885605,0.0,34.53127864495475
832,98.98948430399729,98.27870743104589,98.2787074310459,98.76504417363637,98.61925231920506,97.27039817594107,99.05400585889372,97.0,78.87777920223526,1.04929114619579,0.3440095137578643,0.006373906088331726,0.0017295501110885605,0.0,34.53127864495475
833,99.04106338104305,98.27870743104589,98.2787074310459,98.72105987083374,98.61925231920506,97.27039817594107,99.05400585889372,97.0,78.87777920223526,1.04929114619579,0.3440095137578643,0.006373906088331726,0.0017295501110885605,0.0,34.53127864495475
834,99.0045474369127,98.27870743104589,98.2787074310459,98.43562315438373,98.61925231920506,97.27039817594107,99.05400585889372,97.0,78.87777920223526,1.04929114619579,0.3440095137578643,0.006373906088331726,0.0017295501110885605,0.0,34.53127864495475
835,99.07051562477136,98.28906939908113,98.28906939908113,98.00984132257678,98.65135216188253,97.33566542591004,99.07051562477136,97.0,76.87777920223526,0.9853478545001267,0.4096085623820779,0.006212218587640671,0.0018395551300739762,0.0,36.72354761107721
836,99.1727706181623,98.41035238191661,98.41035238191661,98.8752523063078,98.75795199135979,97.45577196381201,99.17277061816232,97.0,73.87777920223526,0.9865200261401166,0.4686477061438701,0.00605104075496056,0.001762958861709894,0.0,35.197126148747145
837,99.20079029465289,98.5519165480977,98.5519165480977,98.98755890047512,98.78949466783249,97.51277809264681,99.20079029465289,97.0,73.87777920223526,1.1883267707581477,0.39655503100240713,0.005604838379087911,0.001203893892675378,0.0,24.048925498972864
838,99.20421228768534,98.5519165480977,98.5519165480977,98.89646057224998,98.78949466783249,97.51277809264681,99.20079029465289,97.0,73.87777920223526,1.1883267707581477,0.39655503100240713,0.005604838379087911,0.001203893892675378,0.0,24.048925498972864
839,99.2151140290159,98.5519165480977,98.5519165480977,98.0915468149414,98.78949466783249,97.51277809264681,99.20079029465289,97.0,73.87777920223526,1.1883267707581477,0.39655503100240713,0.005604838379087911,0.001203893892675378,0.0,24.048925498972864
840,99.26410565456278,98.5519165480977,98.5519165480977,98.96631333759909,98.78949466783249,97.51277809264681,99.20079029465289,97.0,73.87777920223526,1.1883267707581477,0.39655503100240713,0.005604838379087911,0.001203893892675378,0.0,24.048925498972864
841,99.40809919860682,98.67369423825595,98.67369423825595,99.10987490101101,98.776376592415,95.35092882715536,101.44992575953565,94.0,70.87777920223526,1.113260629097496,0.35689952790216645,0.005330953136812057,0.0005200421236977339,0.0,10.395436409128544
842,99.38675906713823,97.79540417309664,97.79540417309666,97.34497844500065,98.91197629951395,97.75471390942738,99.38675906713821,94.0,100.0,1.2792758274403633,0.32011927708508187,0.005183698665548834,0.005676310282484647,0.0,112.88543290614462
843,99.41296279140329,98.48884469883603,98.48884469883603,99.15518344414775,98.9449085193304,97.49369613175246,99.41296279140329,94.0,81.09270222381001,1.3984083337712048,0.294961585526196,0.005021871312113181,0.002309958723169302,0.0,46.09270222381001
844,99.44328625394397,98.63687377390914,98.63687377390916,99.15518344414775,99.0244377008243,97.70968716043441,99.44328625394397,94.0,78.09270222381001,1.3665356670695086,0.3654654269735764,0.004955849037702471,0.0019607475232434213,0.0,39.13821031592768
845,99.60655974147545,99.02946012676571,99.02946012676573,99.47938936266716,99.1598523816049,97.89971537164753,99.60655974147545,94.0,72.09270222381001,1.4610259946890796,0.3259783520499263,0.0046090142928632725,0.0006579176908627431,0.0,13.149702395418572
846,99.64685592792739,99.02946012676571,99.02946012676573,99.18428512712215,99.1598523816049,97.89971537164753,99.60655974147545,94.0,72.09270222381001,1.4610259946890796,0.3259783520499263,0.0046090142928632725,0.0006579176908627431,0.0,13.149702395418572
847,99.61813551425236,99.02946012676571,99.02946012676573,99.3910044385475,99.1598523816049,97.89971537164753,99.60655974147545,94.0,72.09270222381001,1.4610259946890796,0.3259783520499263,0.0046090142928632725,0.0006579176908627431,0.0,13.149702395418572
848,99.72909155631332,99.02946012676571,99.02946012676573,99.42990428164438,99.1598523816049,97.89971537164753,99.60655974147545,94.0,72.09270222381001,1.4610259946890796,0.3259783520499263,0.0046090142928632725,0.0006579176908627431,0.0,13.149702395418572
849,99.80339295782281,99.08388332887938,99.08388332887938,99.50398277894934,99.29877339695948,98.15249482558792,99.80339295782281,94.0,70.09270222381001,1.3641439151139534,0.3933805168449337,0.004462458680376953,0.0010832099520527209,0.0,21.64075755709982
850,99.92002302649966,99.22509665165437,99.22509665165437,99.59563539251755,99.28650962311781,97.28038944301571,100.69811672173694,88.0,64.09270222381001,1.4593096734857731,0.2690722735219347,0.004001010961431215,0.00030936715800099034,0.0,6.185429591246683
851,100.18691274186709,99.54478774535832,99.54478774535833,99.49258759177057,99.2771350935225,96.50505588872389,101.5071378453388,85.0,61.09270222381001,1.4225648996069113,0.24216504616974122,0.003922493543865456,-0.0013461928544606298,26.887661111951733,0.0
852,100.12052090055383,99.54478774535832,99.54478774535833,99.82015933785216,99.2771350935225,96.50505588872389,101.5071378453388,85.0,61.09270222381001,1.4225648996069113,0.24216504616974122,0.003922493543865456,-0.0013461928544606298,26.887661111951733,0.0
853,100.01822885154809,99.54478774535832,99.54478774535833,99.82015933785216,99.2771350935225,96.50505588872389,101.5071378453388,85.0,61.09270222381001,1.4225648996069113,0.24216504616974122,0.003922493543865456,-0.0013461928544606298,26.887661111951733,0.0
854,100.0470141463774,99.54478774535832,99.54478774535833,99.6236775244723,99.2771350935225,96.50505588872389,101.5071378453388,85.0,61.09270222381001,1.4225648996069113,0.24216504616974122,0.003922493543865456,-0.0013461928544606298,26.887661111951733,0.0
855,100.12159224205078,99.56200947983962,99.56200947983963,99.32765211749197,99.41622041966447,98.715732399261,100.1739995121158,82.0,58.09270222381001,1.3287597076383586,0.3179485415527671,0.0037750665665913165,-0.0007326884968711827,14.643041149614566,0.0
856,100.24545800036536,99.76784445159653,99.76784445159652,100.01957578879014,99.41720101735736,97.97322203008187,100.93318892957777,79.00000000000001,52.09270222381001,1.4339179662012862,0.2174768024220927,0.0035807173244315417,-0.0017603903617042433,35.14593666592458,0.0
857,100.40838993128207,100.00042909339024,100.00042909339025,100.19229887549139,99.41814459681265,97.27409955065355,101.65860979316858,93.22819980440319,46.09270222381001,1.5093795325460428,0.1487541328567114,0.003603644004591422,-0.0029199110484170983,58.22819980440319,0.0
858,100.40980595917334,100.00042909339024,100.00042909339025,100.19229887549139,99.41814459681265,97.27409955065355,101.65860979316858,93.22819980440319,46.09270222381001,1.5093795325460428,0.1487541328567114,0.003603644004591422,-0.0029199110484170983,58.22819980440319,0.0
859,100.5790990090487,100.11550276299238,100.11550276299238,100.27736171202154,99.41886596135005,96.28765501847388,102.70007850232155,100.0,43.09270222381,1.4286291699423594,0.13387871957104028,0.0038063845461027345,-0.003491312329279691,69.5833095191567,0.0
860,100.41051086813454,100.17042264789214,100.17042264789214,100.30214040684471,99.4195656899523,95.55742240683232,103.48489400541513,100.0,40.09270222381001,1.3943388363469709,0.12049084761393625,0.004029443255414679,-0.0037619971031256443,74.9579504699882,0.0
861,100.48883918365617,100.15030276288154,100.15030276288154,99.4471411587289,99.4204199999445,94.79043068473956,104.3222365144684,100.0,34.09270222381001,1.4809775489625863,0.0824157397679324,0.004223767869183212,-0.0036572637150011325,72.87873753763164,0.0
862,100.43297517149682,100.15146988015721,100.15146988015721,100.19259911518306,99.4210731176449,93.99305779334614,105.20723510180088,100.0,31.092702223810008,1.4424993450455794,0.07417416579113917,0.004409520461144278,-0.003659805860770985,72.92921046354262,0.0
863,100.43115331318079,100.15146988015721,100.15146988015721,100.19259911518306,99.4210731176449,93.99305779334614,105.20723510180088,100.0,31.092702223810008,1.4424993450455794,0.07417416579113917,0.004409520461144278,-0.003659805860770985,72.92921046354262,0.0
864,100.62417844467231,100.31131068298274,100.31131068298274,100.26895648136471,99.43006408541581,93.34970572158373,106.52759717168881,100.0,28.092702223810008,1.3670993974419332,0.06675674921202525,0.0046743852503462425,-0.004411938180503356,87.851169680353,0.0
865,100.71484622134689,100.44786582268401,100.44786582268401,100.3984490638251,99.44735668589269,93.47678393458973,106.74258375893135,100.0,22.092702223810008,1.4614305276043313,0.04566161646102527,0.0049882465943096145,-0.0050051678286027815,99.60481774271557,0.0
866,100.60095418451716,100.7633705151863,100.7633705151863,100.65325466555942,99.46576919491334,93.77039260143236,106.74424487264292,100.0,16.092702223810008,1.5291225466088683,0.031232545659341287,0.0053710901931599804,-0.006480581808180764,128.77708572455848,0.0
867,100.5353508130361,100.7633705151863,100.7633705151863,100.5505161405143,99.46576919491334,93.77039260143236,106.74424487264292,100.0,16.092702223810008,1.5291225466088683,0.031232545659341287,0.0053710901931599804,-0.006480581808180764,128.77708572455848,0.0
868,100.41966585178014,100.7633705151863,100.7633705151863,100.46905253246588,99.46576919491334,93.77039260143236,106.74424487264292,100.0,16.092702223810008,1.5291225466088683,0.031232545659341287,0.0053710901931599804,-0.006480581808180764,128.77708572455848,0.0
869,100.26695728712556,100.7633705151863,100.7633705151863,100.32429820874256,99.46576919491334,93.77039260143236,106.74424487264292,100.0,16.092702223810008,1.5291225466088683,0.031232545659341287,0.0053710901931599804,-0.006480581808180764,128.77708572455848,0.0
870,100.09262140627119,100.7633705151863,100.7633705151863,100.3948130400047,99.46576919491334,93.77039260143236,106.74424487264292,100.0,16.092702223810008,1.5291225466088683,0.031232545659341287,0.0053710901931599804,-0.006480581808180764,128.77708572455848,0.0
871,100.07655089254405,100.7633705151863,100.7633705151863,100.3776839443772,99.46576919491334,93.77039260143236,106.74424487264292,100.0,16.092702223810008,1.5291225466088683,0.031232545659341287,0.0053710901931599804,-0.006480581808180764,128.77708572455848,0.0
872,100.01971224525566,100.95460222840849,100.9546022284085,100.8139753502543,99.4921338336174,93.94835283375694,107.18436697218613,100.0,13.092702223810008,1.4201260762134922,0.02810929109340716,0.005924365710511689,-0.007296044942026689,144.86396484256204,0.0
873,99.97252124534032,100.95460222840849,100.9546022284085,100.33462799305995,99.4921338336174,93.94835283375694,107.18436697218613,100.0,13.092702223810008,1.4201260762134922,0.02810929109340716,0.005924365710511689,-0.007296044942026689,144.86396484256204,0.0
874,99.97970868736395,100.84626711582285,100.84626711582285,100.13821910197056,99.63152036879262,99.83780444466463,100.97847522653841,100.0,13.092702223810008,1.346515990116413,0.12529836198406646,0.006296023692089238,-0.0060592585456553565,120.4553011005438,0.0
875,99.95476244226549,100.84626711582285,100.84626711582285,100.61904293337699,99.63152036879262,99.83780444466463,100.97847522653841,100.0,13.092702223810008,1.346515990116413,0.12529836198406646,0.006296023692089238,-0.0060592585456553565,120.4553011005438,0.0
876,99.9152581008919,100.84626711582285,100.84626711582285,100.21590581834693,99.63152036879262,99.83780444466463,100.97847522653841,100.0,13.092702223810008,1.346515990116413,0.12529836198406646,0.006296023692089238,-0.0060592585456553565,120.4553011005438,0.0
877,99.99927748642375,100.84626711582285,100.84626711582285,100.21590581834693,99.63152036879262,99.83780444466463,100.97847522653841,100.0,13.092702223810008,1.346515990116413,0.12529836198406646,0.006296023692089238,-0.0060592585456553565,120.4553011005438,0.0
878,99.95237493407534,100.84626711582285,100.84626711582285,100.64709968716204,99.63152036879262,99.83780444466463,100.97847522653841,100.0,13.092702223810008,1.346515990116413,0.12529836198406646,0.006296023692089238,-0.0060592585456553565,120.4553011005438,0.0
879,100.07656825271948,101.02041374260263,101.02041374260261,100.84939160675077,99.65468308977063,97.0659107197739,103.86209935115558,100.0,10.092702223810008,1.2547947109071,0.11276852578565982,0.006734956575312754,-0.006805680796420859,135.19353190453498,0.0
880,100.1006775557189,101.02041374260263,101.02041374260261,100.40188320533491,99.65468308977063,97.0659107197739,103.86209935115558,100.0,10.092702223810008,1.2547947109071,0.11276852578565982,0.006734956575312754,-0.006805680796420859,135.19353190453498,0.0
881,100.13447917900265,101.02041374260263,101.02041374260261,100.40188320533491,99.65468308977063,97.0659107197739,103.86209935115558,100.0,10.092702223810008,1.2547947109071,0.11276852578565982,0.006734956575312754,-0.006805680796420859,135.19353190453498,0.0
882,100.08528799279473,101.02041374260263,101.02041374260261,100.44050481687064,99.65468308977063,97.0659107197739,103.86209935115558,100.0,10.092702223810008,1.2547947109071,0.11276852578565982,0.006734956575312754,-0.006805680796420859,135.19353190453498,0.0
883,100.04000889829703,101.02041374260263,101.02041374260261,100.34103199427987,99.65468308977063,97.0659107197739,103.86209935115558,100.0,10.092702223810008,1.2547947109071,0.11276852578565982,0.006734956575312754,-0.006805680796420859,135.19353190453498,0.0
884,100.1433154116977,101.02041374260263,101.02041374260261,100.34103199427987,99.65468308977063,97.0659107197739,103.86209935115558,100.0,10.092702223810008,1.2547947109071,0.11276852578565982,0.006734956575312754,-0.006805680796420859,135.19353190453498,0.0
885,100.18031964575886,101.02041374260263,101.02041374260261,100.34103199427987,99.65468308977063,97.0659107197739,103.86209935115558,100.0,10.092702223810008,1.2547947109071,0.11276852578565982,0.006734956575312754,-0.006805680796420859,135.19353190453498,0.0
886,100.27403360521879,101.0968221649256,101.09682216492558,100.89536238326059,99.67873503728167,94.08070270667974,107.27089681670633,100.0,8.0,1.1658397054631033,0.10149167320709385,0.007178438873843919,-0.007063046654706611,140.270198140402,0.0
887,100.36532613120423,101.06394865001141,101.06394865001141,100.35437228035238,99.81838299709658,100.0533091635113,101.14486454164474,100.0,8.0,1.1525725290260551,0.19134250588638446,0.007491798944082639,-0.006200473892860479,123.24529860081701,0.0
888,100.30106478125963,100.71413265786843,100.71413265786842,100.00701236839492,99.95822660097411,99.70699133128973,100.79476847264654,100.0,8.0,1.1403667267039708,0.27220825529774606,0.007494317166878258,-0.0037668668454696676,75.05461616416409,0.0
889,100.27909057597135,100.71413265786843,100.71413265786842,100.00701236839492,99.95822660097411,99.70699133128973,100.79476847264654,100.0,8.0,1.1403667267039708,0.27220825529774606,0.007494317166878258,-0.0037668668454696676,75.05461616416409,0.0
890,100.27576373855256,100.58397737490633,100.58397737490631,99.87777091389894,99.8377926942642,99.57813760115725,100.66450898209199,100.0,8.0,1.0891373885676532,0.3449874297679715,0.00749142884132615,-0.0037230720015325007,74.185243029401,0.0
891,100.25016374843631,100.58397737490633,100.58397737490631,99.94941325719101,99.8377926942642,99.57813760115725,100.66450898209199,100.0,8.0,1.0891373885676532,0.3449874297679715,0.00749142884132615,-0.0037230720015325007,74.185243029401,0.0
892,100.14560487639888,100.50556859892986,100.50556859892986,100.28427931658634,99.70011085358618,99.40680574027901,100.49130793551915,100.0,11.0,1.120764990036148,0.3119714019612925,0.007262617242621297,-0.004023151328904723,80.14060878137718,0.0
893,100.1063805626046,100.50556859892986,100.50556859892986,100.28427931658634,99.70011085358618,99.40680574027901,100.49130793551915,100.0,11.0,1.120764990036148,0.3119714019612925,0.007262617242621297,-0.004023151328904723,80.14060878137718,0.0
894,100.13809707036373,100.50556859892986,100.50556859892986,100.28427931658634,99.70011085358618,99.40680574027901,100.49130793551915,100.0,11.0,1.120764990036148,0.3119714019612925,0.007262617242621297,-0.004023151328904723,80.14060878137718,0.0
895,100.1447901500963,100.50556859892986,100.50556859892986,100.28427931658634,99.70011085358618,99.40680574027901,100.49130793551915,100.0,11.0,1.120764990036148,0.3119714019612925,0.007262617242621297,-0.004023151328904723,80.14060878137718,0.0
896,100.27412796726092,100.70477078473573,100.70477078473573,100.54341725654068,99.70944436958924,96.56053434217085,103.45344497715762,100.0,14.0,1.07286095684994,0.2133884389415241,0.007221603099748454,-0.004966346396038166,98.83607374213454,0.0
897,100.23228185988397,101.1919894905042,101.19198949050418,101.02985531947994,99.7184262769255,95.17591388318043,104.95848706841855,100.0,11.0,1.2502850226355169,0.14595769223600247,0.007582749607605502,-0.007334429168094791,145.62053982711376,0.0
898,100.1150965044848,101.12636010554021,101.12636010554021,100.47546030096309,99.85812984339148,100.11509650448481,101.23772159929945,100.0,11.0,1.2302622208246756,0.23136192301240224,0.007885005506460728,-0.006310090208806513,125.41045290517249,0.0
899,99.93630744847108,100.94576509946575,100.94576509946573,100.23701850398304,99.99802913182391,99.93630744847107,101.05692771995768,100.0,11.0,1.2118412431587018,0.308225730711162,0.007977880153531075,-0.0047164231732927326,93.88565896825685,0.0
900,99.95698888298824,101.0246252504888,101.02462525048878,100.83246708853467,100.01290409816785,98.35440149767815,102.68230038142241,100.0,14.0,1.1948939437060058,0.2774031576400458,0.008103112314715898,-0.005032498934894502,100.14599408930125,0.0
901,100.01731120266058,101.0246252504888,101.02462525048878,100.31826600066256,100.01290409816785,98.35440149767815,102.68230038142241,100.0,14.0,1.1948939437060058,0.2774031576400458,0.008103112314715898,-0.005032498934894502,100.14599408930125,0.0
902,99.91687890101771,100.78320104001558,100.78320104001558,100.07559581706663,100.15571643325974,99.91687890101772,101.06763499304857,100.0,17.0,1.1966558940034298,0.26574375982579135,0.007780978133310511,-0.0031227629502846763,62.2608331825758,0.0
903,100.0472026299787,100.78320104001558,100.78320104001558,100.07559581706663,100.15571643325974,99.91687890101772,101.06763499304857,100.0,17.0,1.1966558940034298,0.26574375982579135,0.007780978133310511,-0.0031227629502846763,62.2608331825758,0.0
904,100.10784996835436,100.78320104001558,100.78320104001558,100.07559581706663,100.15571643325974,99.91687890101772,101.06763499304857,100.0,17.0,1.1966558940034298,0.26574375982579135,0.007780978133310511,-0.0031227629502846763,62.2608331825758,0.0
905,100.2134675233477,100.63319072153149,100.63319072153149,99.92663873050773,100.01559653706676,99.62685881431618,100.80455847093208,100.0,17.0,1.127590089149822,0.3391693838432122,0.007683478947520293,-0.0030779861314026683,61.37082408265493,0.0
906,100.18655568076986,100.60200735939534,100.60200735939536,99.89567430872759,99.87728708336002,99.5959872858014,100.77332200680694,100.0,17.0,1.1173828820178364,0.40525244545889105,0.007656264693976245,-0.003614938281031656,72.03835142636007,0.0
907,100.170855681223,100.5079132437808,100.50791324378082,99.80224083384456,99.7838708062423,99.502834111343,100.67906765880079,100.0,17.0,1.1079922514564096,0.464727200913002,0.007630683295644813,-0.0036149382810314263,72.03835142635562,0.0
908,100.22363979995889,100.5079132437808,100.50791324378082,100.18021804410316,99.7838708062423,99.502834111343,100.67906765880079,100.0,17.0,1.1079922514564096,0.464727200913002,0.007630683295644813,-0.0036149382810314263,72.03835142635562,0.0
909,100.20885229316701,100.5079132437808,100.50791324378082,100.18021804410316,99.7838708062423,99.502834111343,100.67906765880079,100.0,17.0,1.1079922514564096,0.464727200913002,0.007630683295644813,-0.0036149382810314263,72.03835142635562,0.0
910,100.24918356739505,100.5079132437808,100.50791324378082,100.1002207251933,99.7838708062423,99.502834111343,100.67906765880079,100.0,17.0,1.1079922514564096,0.464727200913002,0.007630683295644813,-0.0036149382810314263,72.03835142635562,0.0
911,100.25635081146203,100.5079132437808,100.50791324378082,100.25771223132683,99.7838708062423,99.502834111343,100.67906765880079,100.0,17.0,1.1079922514564096,0.464727200913002,0.007630683295644813,-0.0036149382810314263,72.03835142635562,0.0
912,100.42628607979631,100.5079132437808,100.50791324378082,100.37249321382963,99.7838708062423,99.502834111343,100.67906765880079,100.0,17.0,1.1079922514564096,0.464727200913002,0.007630683295644813,-0.0036149382810314263,72.03835142635562,0.0
913,100.37667937230846,100.5079132437808,100.50791324378082,100.37249321382963,99.7838708062423,99.502834111343,100.67906765880079,100.0,17.0,1.1079922514564096,0.464727200913002,0.007630683295644813,-0.0036149382810314263,72.03835142635562,0.0
914,100.1877555866738,100.63787439249688,100.63787439249688,100.50682236734393,99.79301780455985,95.56516268849926,104.82745266067471,100.0,20.0,1.0307814427684683,0.4182544808217018,0.007678669468066349,-0.004215201452610342,83.95016220652751,0.0
915,100.19113636718389,100.63787439249688,100.63787439249688,100.49261420981331,99.79301780455985,95.56516268849926,104.82745266067471,100.0,20.0,1.0307814427684683,0.4182544808217018,0.007678669468066349,-0.004215201452610342,83.95016220652751,0.0
916,100.25590816642392,100.63787439249688,100.63787439249688,100.49261420981331,99.79301780455985,95.56516268849926,104.82745266067471,100.0,20.0,1.0307814427684683,0.4182544808217018,0.007678669468066349,-0.004215201452610342,83.95016220652751,0.0
917,100.18516260471321,100.63787439249688,100.63787439249688,100.48662247212961,99.79301780455985,95.56516268849926,104.82745266067471,100.0,20.0,1.0307814427684683,0.4182544808217018,0.007678669468066349,-0.004215201452610342,83.95016220652751,0.0
918,100.12010992818156,100.63787439249688,100.63787439249688,100.42137405033256,99.79301780455985,95.56516268849926,104.82745266067471,100.0,20.0,1.0307814427684683,0.4182544808217018,0.007678669468066349,-0.004215201452610342,83.95016220652751,0.0
919,100.06460175590439,100.63787439249688,100.63787439249688,100.35289396793378,99.79301780455985,95.56516268849926,104.82745266067471,100.0,20.0,1.0307814427684683,0.4182544808217018,0.007678669468066349,-0.004215201452610342,83.95016220652751,0.0
920,99.90917299624769,100.63787439249688,100.63787439249688,100.20980240345807,99.79301780455985,95.56516268849926,104.82745266067471,100.0,20.0,1.0307814427684683,0.4182544808217018,0.007678669468066349,-0.004215201452610342,83.95016220652751,0.0
921,99.89766703739407,100.63787439249688,100.63787439249688,100.34000094616972,99.79301780455985,95.56516268849926,104.82745266067471,100.0,20.0,1.0307814427684683,0.4182544808217018,0.007678669468066349,-0.004215201452610342,83.95016220652751,0.0
922,100.03885715401574,100.61000829787054,100.61000829787054,99.90361907210813,99.89243571027676,99.60390821489183,100.81163156099252,100.0,20.0,0.9583189273469909,0.47642903273953163,0.007647415776444341,-0.0035788720239471102,71.32218749742125,0.0
923,100.06220988504148,100.61000829787054,100.61000829787054,99.90361907210813,99.89243571027676,99.60390821489183,100.81163156099252,100.0,20.0,0.9583189273469909,0.47642903273953163,0.007647415776444341,-0.0035788720239471102,71.32218749742125,0.0
924,100.06796062570557,100.5754911060982,100.5754911060982,99.8693442277204,99.85816470266678,99.56973619503721,100.77704519649119,100.0,20.0,0.9216534131592317,0.5287861294655785,0.007618037306319655,-0.003578872023947031,71.32218749741904,0.0
925,100.02998403015268,100.51611406216428,100.51611406216426,99.8103840737639,99.79921114879893,99.51095292154262,100.71754916048523,100.0,20.0,0.9279211401064931,0.5759075165190206,0.007590421544402423,-0.00357887202394688,71.3221874974157,0.0
926,99.85460284223674,100.3573510956772,100.35735109567719,99.65273579209673,99.659590010792,99.35377758472042,100.55846803174067,100.0,20.0,0.9336874488979736,0.6183167648671185,0.007553619141315902,-0.00348850992833542,69.52765066706168,0.0
927,99.84025118384172,100.3573510956772,100.35735109567719,99.85962562882047,99.659590010792,99.35377758472042,100.55846803174067,100.0,20.0,0.9336874488979736,0.6183167648671185,0.007553619141315902,-0.00348850992833542,69.52765066706168,0.0
928,100.00996505097648,100.3573510956772,100.35735109567719,99.9061948269868,99.659590010792,99.35377758472042,100.55846803174067,100.0,20.0,0.9336874488979736,0.6183167648671185,0.007553619141315902,-0.00348850992833542,69.52765066706168,0.0
929,100.02160433324744,100.3573510956772,100.35735109567719,99.9061948269868,99.659590010792,99.35377758472042,100.55846803174067,100.0,20.0,0.9336874488979736,0.6183167648671185,0.007553619141315902,-0.00348850992833542,69.52765066706168,0.0
930,100.01773432348145,100.3573510956772,100.35735109567719,99.9061948269868,99.659590010792,99.35377758472042,100.55846803174067,100.0,20.0,0.9336874488979736,0.6183167648671185,0.007553619141315902,-0.00348850992833542,69.52765066706168,0.0
931,100.13785531724305,100.3573510956772,100.35735109567719,99.9061948269868,99.659590010792,99.35377758472042,100.55846803174067,100.0,20.0,0.9336874488979736,0.6183167648671185,0.007553619141315902,-0.00348850992833542,69.52765066706168,0.0
932,99.93527674869169,100.3573510956772,100.35735109567719,99.9061948269868,99.659590010792,99.35377758472042,100.55846803174067,100.0,20.0,0.9336874488979736,0.6183167648671185,0.007553619141315902,-0.00348850992833542,69.52765066706168,0.0
933,99.7968300839585,100.3573510956772,100.35735109567719,99.9061948269868,99.659590010792,99.35377758472042,100.55846803174067,100.0,20.0,0.9336874488979736,0.6183167648671185,0.007553619141315902,-0.00348850992833542,69.52765066706168,0.0
934,99.70519790691759,100.3573510956772,100.35735109567719,99.9061948269868,99.659590010792,99.35377758472042,100.55846803174067,100.0,20.0,0.9336874488979736,0.6183167648671185,0.007553619141315902,-0.00348850992833542,69.52765066706168,0.0
935,99.75828791609877,100.3573510956772,100.35735109567719,99.9061948269868,99.659590010792,99.35377758472042,100.55846803174067,100.0,20.0,0.9336874488979736,0.6183167648671185,0.007553619141315902,-0.00348850992833542,69.52765066706168,0.0
936,99.84898195559988,100.3573510956772,100.35735109567719,99.9061948269868,99.659590010792,99.35377758472042,100.55846803174067,100.0,20.0,0.9336874488979736,0.6183167648671185,0.007553619141315902,-0.00348850992833542,69.52765066706168,0.0
937,99.79696201539073,100.3573510956772,100.35735109567719,99.9061948269868,99.659590010792,99.35377758472042,100.55846803174067,100.0,20.0,0.9336874488979736,0.6183167648671185,0.007553619141315902,-0.00348850992833542,69.52765066706168,0.0
938,99.66837365171929,100.3573510956772,100.35735109567719,99.9061948269868,99.659590010792,99.35377758472042,100.55846803174067,100.0,20.0,0.9336874488979736,0.6183167648671185,0.007553619141315902,-0.00348850992833542,69.52765066706168,0.0
939,99.7805015638545,100.3573510956772,100.35735109567719,99.9061948269868,99.659590010792,99.35377758472042,100.55846803174067,100.0,20.0,0.9336874488979736,0.6183167648671185,0.007553619141315902,-0.00348850992833542,69.52765066706168,0.0
940,99.89778045807242,100.3573510956772,100.35735109567719,99.9061948269868,99.659590010792,99.35377758472042,100.55846803174067,100.0,20.0,0.9336874488979736,0.6183167648671185,0.007553619141315902,-0.00348850992833542,69.52765066706168,0.0
941,99.79023993965912,100.3573510956772,100.35735109567719,99.9061948269868,99.659590010792,99.35377758472042,100.55846803174067,100.0,20.0,0.9336874488979736,0.6183167648671185,0.007553619141315902,-0.00348850992833542,69.52765066706168,0.0
942,99.76447637152147,100.3573510956772,100.35735109567719,99.9061948269868,99.659590010792,99.35377758472042,100.55846803174067,100.0,20.0,0.9336874488979736,0.6183167648671185,0.007553619141315902,-0.00348850992833542,69.52765066706168,0.0
943,99.82559272827825,100.3573510956772,100.35735109567719,99.9061948269868,99.659590010792,99.35377758472042,100.55846803174067,100.0,20.0,0.9336874488979736,0.6183167648671185,0.007553619141315902,-0.00348850992833542,69.52765066706168,0.0
944,99.73356698667406,100.3573510956772,100.35735109567719,99.9061948269868,99.659590010792,99.35377758472042,100.55846803174067,100.0,20.0,0.9336874488979736,0.6183167648671185,0.007553619141315902,-0.00348850992833542,69.52765066706168,0.0
945,99.89278813609172,100.3573510956772,100.35735109567719,99.9061948269868,99.659590010792,99.35377758472042,100.55846803174067,100.0,20.0,0.9336874488979736,0.6183167648671185,0.007553619141315902,-0.00348850992833542,69.52765066706168,0.0
946,99.94972319242288,100.3573510956772,100.35735109567719,100.00570323965914,99.659590010792,99.35377758472042,100.55846803174067,100.0,20.0,0.9336874488979736,0.6183167648671185,0.007553619141315902,-0.00348850992833542,69.52765066706168,0.0
947,99.86384080070421,100.22263142094224,100.22263142094224,99.51896199271094,99.5201642056134,99.22040510673281,100.42347837769763,100.0,20.0,0.8628019767956596,0.6564850883804066,0.007522426792832944,-0.003516858834008635,70.09067766125865,0.0
948,99.89547553283698,100.10187051794074,100.10187051794074,99.39904895964025,99.45556407849801,99.16581242975383,100.36822375028221,100.0,23.0,1.0995466985485653,0.5250358004521981,0.007244837414106558,-0.003238698877592494,64.56487137539435,0.0
949,99.82494495750265,100.10187051794074,100.10187051794074,99.52547012263015,99.45556407849801,99.16581242975383,100.36822375028221,100.0,23.0,1.0995466985485653,0.5250358004521981,0.007244837414106558,-0.003238698877592494,64.56487137539435,0.0
950,99.89065646751682,100.10187051794074,100.10187051794074,99.59098449811427,99.45556407849801,99.16581242975383,100.36822375028221,100.0,23.0,1.0995466985485653,0.5250358004521981,0.007244837414106558,-0.003238698877592494,64.56487137539435,0.0
951,99.70242381797057,100.10187051794074,100.10187051794074,99.59098449811427,99.45556407849801,99.16581242975383,100.36822375028221,100.0,23.0,1.0995466985485653,0.5250358004521981,0.007244837414106558,-0.003238698877592494,64.56487137539435,0.0
952,99.83064716407355,100.10187051794074,100.10187051794074,99.81626714702338,99.45556407849801,99.16581242975383,100.36822375028221,100.0,23.0,1.0995466985485653,0.5250358004521981,0.007244837414106558,-0.003238698877592494,64.56487137539435,0.0
953,99.81612725965373,100.10187051794074,100.10187051794074,99.81626714702338,99.45556407849801,99.16581242975383,100.36822375028221,100.0,23.0,1.0995466985485653,0.5250358004521981,0.007244837414106558,-0.003238698877592494,64.56487137539435,0.0
954,99.79544488307961,100.10187051794074,100.10187051794074,99.81626714702338,99.45556407849801,99.16581242975383,100.36822375028221,100.0,23.0,1.0995466985485653,0.5250358004521981,0.007244837414106558,-0.003238698877592494,64.56487137539435,0.0
955,99.714761470365,100.10187051794074,100.10187051794074,99.79981780506643,99.45556407849801,99.16581242975383,100.36822375028221,100.0,23.0,1.0995466985485653,0.5250358004521981,0.007244837414106558,-0.003238698877592494,64.56487137539435,0.0
956,99.7042938901601,99.69189149844577,99.69189149844577,98.99194842874755,99.46483935642482,95.18385459392152,104.56706647141455,100.0,23.0,1.0215829626646802,0.4725322204069783,0.006946955344058219,-0.001140067629380804,22.775387106030998,0.0
957,99.71339613480586,99.69189149844577,99.69189149844577,99.4833239080937,99.46483935642482,95.18385459392152,104.56706647141455,100.0,23.0,1.0215829626646802,0.4725322204069783,0.006946955344058219,-0.001140067629380804,22.775387106030998,0.0
958,99.75740986322289,99.49507190025257,99.49507190025257,98.7965107133902,99.4607106027436,93.33184574081581,105.7079043943748,100.0,23.0,0.9798563256515058,0.42527899836628047,0.006550863009088424,-0.00017270821223024002,3.4535677850877633,0.0
959,99.67822086155122,99.49507190025257,99.49507190025257,99.24727036786271,99.4607106027436,93.33184574081581,105.7079043943748,100.0,23.0,0.9798563256515058,0.42527899836628047,0.006550863009088424,-0.00017270821223024002,3.4535677850877633,0.0
960,99.68649967008454,99.52135401959762,99.52135401959762,99.45152847302688,99.45548599067762,98.52614047940165,99.7507808154732,100.0,23.0,0.9414678195993854,0.4827510985296525,0.0061975352675755725,-0.0003310336465118919,6.618481990009473,0.0
961,99.75978678460169,99.53033927499712,99.53033927499712,99.13035249888092,99.46446529920208,98.53503588224714,99.7597867846017,100.0,23.0,0.9461503940314345,0.5344759886766872,0.005865407190553452,-0.00033103364651146806,6.618481990002811,0.0
962,99.55623928645187,99.53033927499712,99.53033927499712,99.25757056859254,99.46446529920208,98.53503588224714,99.7597867846017,100.0,23.0,0.9461503940314345,0.5344759886766872,0.005865407190553452,-0.00033103364651146806,6.618481990002811,0.0
963,99.69499679478375,99.53033927499712,99.53033927499712,99.3959118043994,99.46446529920208,98.53503588224714,99.7597867846017,100.0,23.0,0.9461503940314345,0.5344759886766872,0.005865407190553452,-0.00033103364651146806,6.618481990002811,0.0
964,99.67016307036839,99.53033927499712,99.53033927499712,99.3959118043994,99.46446529920208,98.53503588224714,99.7597867846017,100.0,23.0,0.9461503940314345,0.5344759886766872,0.005865407190553452,-0.00033103364651146806,6.618481990002811,0.0
965,99.70376375580264,99.53033927499712,99.53033927499712,99.34116766511879,99.46446529920208,98.53503588224714,99.7597867846017,100.0,23.0,0.9461503940314345,0.5344759886766872,0.005865407190553452,-0.00033103364651146806,6.618481990002811,0.0
966,99.70475504601033,99.53033927499712,99.53033927499712,99.40564078087232,99.46446529920208,98.53503588224714,99.7597867846017,100.0,23.0,0.9461503940314345,0.5344759886766872,0.005865407190553452,-0.00033103364651146806,6.618481990002811,0.0
967,99.76449800665371,99.53503966123843,99.53503966123843,99.46520451263375,99.45488203319064,95.74397192367084,102.6679170805929,100.0,23.0,0.8837916958422531,0.4810283898090185,0.005561821467955855,-0.0004028225518419743,8.05320702343626,0.0
968,99.85711580829721,99.62744444193814,99.62744444193812,99.55754446087231,99.56150619726316,98.63116999751874,99.85711580829721,100.0,23.0,0.8930883601748729,0.5329255508281167,0.005267836218910958,-0.00033103364651186124,6.618481990009473,0.0
969,99.88829315415401,99.65855007989944,99.65855007989943,99.53099943939006,99.592591248014,98.66196457910043,99.88829315415398,100.0,23.0,0.9016412913608831,0.579632995745305,0.004991490084808754,-0.0003310336465118223,6.618481990009473,0.0
970,99.83672877055021,99.65855007989944,99.65855007989943,99.53721858423854,99.592591248014,98.66196457910043,99.88829315415398,100.0,23.0,0.9016412913608831,0.579632995745305,0.004991490084808754,-0.0003310336465118223,6.618481990009473,0.0
971,99.83500184601698,99.66617439673048,99.66617439673047,99.59624724219732,99.60021051870471,98.66951265276316,99.89593504733935,100.0,23.0,0.8695099880520125,0.6216696961707745,0.004731724718752656,-0.00033103364651165687,6.618481990006142,0.0
972,99.88696588372909,99.66617439673048,99.66617439673047,99.59624724219732,99.60021051870471,98.66951265276316,99.89593504733935,100.0,23.0,0.8695099880520125,0.6216696961707745,0.004731724718752656,-0.00033103364651165687,6.618481990006142,0.0
973,99.93820111469805,99.70834325213424,99.70834325213424,99.63838651135394,99.64235146472745,98.71125981961289,99.93820111469805,100.0,23.0,0.8399491890078515,0.659502726553697,0.00448754527465995,-0.0003310336465117705,6.6184819900083625,0.0
974,99.92094939879964,99.70834325213424,99.70834325213424,99.63838651135394,99.64235146472745,98.71125981961289,99.93820111469805,100.0,23.0,0.8399491890078515,0.659502726553697,0.00448754527465995,-0.0003310336465117705,6.6184819900083625,0.0
975,99.94729493597096,99.71741615761823,99.71741615761822,99.3205064818157,99.65141836532528,98.72024199604203,99.94729493597094,100.0,23.0,0.8127532538872235,0.6935524538983273,0.004258016597212794,-0.00033103364651175364,6.6184819900083625,0.0
976,99.90234270138944,99.71923645063163,99.71923645063163,99.27335105379326,99.64181708664009,97.8831067333442,100.80208395722765,100.0,23.0,0.8277329935762456,0.6241972085084946,0.00404913609822311,-0.00038833745417113754,7.763734134673683,0.0
977,99.73815886871364,99.71923645063163,99.71923645063163,99.43894439210752,99.64181708664009,97.8831067333442,100.80208395722765,100.0,23.0,0.8277329935762456,0.6241972085084946,0.00404913609822311,-0.00038833745417113754,7.763734134673683,0.0
978,99.75866592060922,99.71923645063163,99.71923645063163,99.27769523057962,99.64181708664009,97.8831067333442,100.80208395722765,100.0,23.0,0.8277329935762456,0.6241972085084946,0.00404913609822311,-0.00038833745417113754,7.763734134673683,0.0
979,99.91066291334447,99.71923645063163,99.71923645063163,99.60220761263825,99.64181708664009,97.8831067333442,100.80208395722765,100.0,23.0,0.8277329935762456,0.6241972085084946,0.00404913609822311,-0.00038833745417113754,7.763734134673683,0.0
980,99.91092815702069,99.71923645063163,99.71923645063163,99.61119537254964,99.64181708664009,97.8831067333442,100.80208395722765,100.0,23.0,0.8277329935762456,0.6241972085084946,0.00404913609822311,-0.00038833745417113754,7.763734134673683,0.0
981,99.98357532891548,99.75361310565896,99.75361310565896,99.68362460292872,99.68759135648129,98.75607697460237,99.98357532891546,100.0,23.0,0.777514354090146,0.6617774876576451,0.003845911971362084,-0.00033103364651112214,6.61848198999393,0.0
982,99.86030782507379,99.75361310565896,99.75361310565896,99.68362460292872,99.68759135648129,98.75607697460237,99.98357532891546,100.0,23.0,0.777514354090146,0.6617774876576451,0.003845911971362084,-0.00033103364651112214,6.61848198999393,0.0
983,99.9012321962283,99.77984014456581,99.77984014456581,99.70983324058548,99.71380103706956,98.78204174312015,100.00986282907267,100.0,23.0,0.7553132057629344,0.6955997388918805,0.003654881292112786,-0.00033103364651168707,6.618481990006142,0.0
984,99.84281735751726,99.73025078335127,99.73025078335127,99.03003839068984,99.70419374789874,98.06260114382854,100.74358959962088,100.0,23.0,0.7748881493018996,0.6260397650026925,0.003451266971414274,-0.00013065463949210284,2.6127514217455516,0.0
985,99.9155809779195,99.82406598619671,99.82406598619671,99.75402805275947,99.6806547009947,98.75174245283318,99.9791869307824,100.0,23.0,1.0364597359390433,0.5042111992618417,0.003130010293083366,-0.0007188365503735594,14.366403911242331,0.0
986,99.95346453912394,99.82406598619671,99.82406598619671,99.72770597338454,99.6806547009947,98.75174245283318,99.9791869307824,100.0,23.0,1.0364597359390433,0.5042111992618417,0.003130010293083366,-0.0007188365503735594,14.366403911242331,0.0
987,99.84665701413603,99.82406598619671,99.82406598619671,99.72770597338454,99.6806547009947,98.75174245283318,99.9791869307824,100.0,23.0,1.0364597359390433,0.5042111992618417,0.003130010293083366,-0.0007188365503735594,14.366403911242331,0.0
988,99.67925871202324,99.82406598619671,99.82406598619671,99.72770597338454,99.6806547009947,98.75174245283318,99.9791869307824,100.0,23.0,1.0364597359390433,0.5042111992618417,0.003130010293083366,-0.0007188365503735594,14.366403911242331,0.0
989,99.70628327998182,99.82406598619671,99.82406598619671,99.72770597338454,99.6806547009947,98.75174245283318,99.9791869307824,100.0,23.0,1.0364597359390433,0.5042111992618417,0.003130010293083366,-0.0007188365503735594,14.366403911242331,0.0
990,99.95424812376828,99.82406598619671,99.82406598619671,99.72770597338454,99.6806547009947,98.75174245283318,99.9791869307824,100.0,23.0,1.0364597359390433,0.5042111992618417,0.003130010293083366,-0.0007188365503735594,14.366403911242331,0.0
991,100.023307510844,99.82406598619671,99.82406598619671,99.72770597338454,99.6806547009947,98.75174245283318,99.9791869307824,100.0,23.0,1.0364597359390433,0.5042111992618417,0.003130010293083366,-0.0007188365503735594,14.366403911242331,0.0
992,100.13390822416451,99.94495752419968,99.94495752419967,99.87483477160175,99.81787795510454,98.90456423289645,100.13390822416451,100.0,23.0,0.9821063636527148,0.4208804602950997,0.0028508894924518064,-0.000636152209144498,12.714955535836348,0.0
993,100.20603610777576,99.97556222472787,99.97556222472787,99.90541799945242,99.90939357892545,98.97580660248059,100.20603610777574,100.0,23.0,0.9835378545604976,0.4787924142655897,0.002719560161937072,-0.00033103364651118996,6.61848198999726,0.0
994,100.2124628286244,99.98197416411857,99.98197416411855,99.9118254401385,99.89976744467921,98.43892668203851,100.75255373557485,100.0,23.0,0.9848548261956578,0.43091317283903074,0.0026057397688254618,-0.00041127678184949755,8.222154055930186,0.0
995,100.19731398183865,100.13121639563225,100.13121639563225,99.97317211428869,100.03972506657735,99.12990423167592,100.36204910858199,100.0,23.0,0.9860664401000052,0.4878218555551277,0.002504243305031334,-0.00045706598763331057,9.137143475158593,0.0
996,100.19029604205195,100.14005148167777,100.14005148167779,100.06979184848427,100.07377396895687,99.13865096686101,100.37090456217078,100.0,23.0,0.9871811248920048,0.539039669999615,0.0023937127457618547,-0.0003310336465113172,6.618481989999481,0.0
997,100.32551474025483,100.14005148167777,100.14005148167779,100.06979184848427,100.07377396895687,99.13865096686101,100.37090456217078,100.0,23.0,0.9871811248920048,0.539039669999615,0.0023937127457618547,-0.0003310336465113172,6.618481989999481,0.0
998,100.23630971014096,100.14005148167777,100.14005148167779,100.06979184848427,100.07377396895687,99.13865096686101,100.37090456217078,100.0,23.0,0.9871811248920048,0.539039669999615,0.0023937127457618547,-0.0003310336465113172,6.618481989999481,0.0
999,100.31268074707914,100.14005148167777,100.14005148167779,100.06979184848427,100.07377396895687,99.13865096686101,100.37090456217078,100.0,23.0,0.9871811248920048,0.539039669999615,0.0023937127457618547,-0.0003310336465113172,6.618481989999481,0.0
